scenario,block,path,complete,salary_spend,unused_salary,replans,bounded_swaps,failure_reason,roster,count_qb,count_rb,count_wr,count_te,holdout_mean,holdout_p10
tuten,0,0,True,296.0,2.0,16,7,,Bhayshul Tuten | Bucky Irving | Chase Brown | Emeka Egbuka | George Kittle | Ja'Marr Chase | Jalen Hurts | Josh Jacobs | Khalil Shakir | Luther Burden III | Makai Lemon | RJ Harvey | Rashid Shaheed,1,5,6,1,1689.079553604126,1482.731982421875
tuten,0,1,True,250.0,48.0,17,12,,Bhayshul Tuten | Chase Brown | Christian Watson | Chuba Hubbard | D'Andre Swift | David Montgomery | George Kittle | Jameson Williams | Josh Allen | Luther Burden III | Quentin Johnston | Tony Pollard | Tyler Warren,1,6,4,2,1655.759150505066,1460.9126953125
tuten,0,2,True,260.0,38.0,14,6,,Bhayshul Tuten | Carnell Tate | Chase Brown | Christian Watson | D'Andre Swift | George Kittle | Jaylen Warren | Kyle Pitts | Luther Burden III | Malik Nabers | Omarion Hampton | Rico Dowdle | Trevor Lawrence,1,6,4,2,1649.1415605545044,1464.797412109375
tuten,0,3,True,269.0,29.0,18,14,,Bhayshul Tuten | Chase Brown | Chris Godwin Jr. | Chuba Hubbard | DJ Moore | Harold Fannin Jr. | Jameson Williams | Jaylen Waddle | Josh Allen | Kyle Monangai | Kyle Pitts | Omarion Hampton | TreVeyon Henderson,1,6,4,2,1662.3826694488525,1489.8044677734374
tuten,0,4,True,295.0,3.0,14,11,,Bhayshul Tuten | Chase Brown | Christian Watson | David Montgomery | Emeka Egbuka | Josh Allen | Josh Downs | Josh Jacobs | Kyle Pitts | Luther Burden III | Michael Pittman | Michael Wilson | Trey McBride,1,4,6,2,1696.7974967956543,1513.7585693359374
tuten,0,5,True,256.0,42.0,16,10,,Bhayshul Tuten | Chase Brown | Christian Watson | Emeka Egbuka | Harold Fannin Jr. | Jameson Williams | Jordan Mason | Josh Allen | Kyle Pitts | Rachaad White | Rhamondre Stevenson | Tetairoa McMillan | TreVeyon Henderson,1,6,4,2,1666.6601676940918,1487.8548461914063
tuten,0,6,True,264.0,34.0,12,7,,Bhayshul Tuten | Chase Brown | Chris Godwin Jr. | Dalton Kincaid | David Montgomery | Derrick Henry | Emeka Egbuka | Jayden Reed | Josh Allen | Michael Pittman | RJ Harvey | Rico Dowdle | Tyler Warren,1,6,4,2,1671.2019720077515,1473.3627197265625
tuten,0,7,True,250.0,48.0,15,9,,Bhayshul Tuten | Chase Brown | Derrick Henry | George Kittle | Harold Fannin Jr. | Jameson Williams | Jayden Reed | Jaylen Warren | Josh Allen | Josh Downs | Kyle Monangai | Rico Dowdle | Tetairoa McMillan,1,6,4,2,1682.4500141143799,1518.5844482421876
tuten,0,8,True,275.0,23.0,11,4,,Bhayshul Tuten | Carnell Tate | Chase Brown | Christian Watson | Derrick Henry | Harold Fannin Jr. | Jadarian Price | Jameson Williams | Jaylen Warren | Jonathon Brooks | Josh Allen | Kyle Pitts | Quentin Johnston,1,6,4,2,1688.8329858779907,1524.2384155273437
tuten,0,9,True,269.0,29.0,14,11,,Bhayshul Tuten | Brian Thomas Jr. | Chase Brown | Derrick Henry | Harold Fannin Jr. | Jalen Hurts | Kyle Pitts | Ladd McConkey | Matthew Golden | Rhamondre Stevenson | Rico Dowdle | Rome Odunze | TreVeyon Henderson,1,6,4,2,1639.8044605255127,1457.7969848632813
tuten,0,10,True,258.0,40.0,14,7,,Bhayshul Tuten | Chase Brown | George Kittle | Harold Fannin Jr. | Jameson Williams | Jaylen Waddle | Josh Allen | Khalil Shakir | Omarion Hampton | Quentin Johnston | Rachaad White | Rhamondre Stevenson | TreVeyon Henderson,1,6,4,2,1660.6628770828247,1467.324072265625
tuten,0,11,True,229.0,69.0,17,13,,Bhayshul Tuten | Carnell Tate | Chase Brown | Christian Watson | Chuba Hubbard | Derrick Henry | Harold Fannin Jr. | J.K. Dobbins | Jayden Reed | Josh Allen | Kyle Monangai | Makai Lemon | Sam LaPorta,1,6,4,2,1648.8687953948975,1481.1474975585938
tuten,0,12,True,270.0,28.0,16,10,,Bhayshul Tuten | Chase Brown | Christian Watson | Derrick Henry | Jameson Williams | Jaylen Warren | Jordan Addison | Josh Allen | Mark Andrews | Rhamondre Stevenson | Romeo Doubs | Tee Higgins | TreVeyon Henderson,1,6,5,1,1688.5241861343384,1516.4990356445312
tuten,0,13,True,277.0,21.0,16,11,,Bhayshul Tuten | Chase Brown | Christian Watson | David Montgomery | Emeka Egbuka | Harold Fannin Jr. | Jameson Williams | Josh Allen | Kyle Monangai | Kyle Pitts | Luther Burden III | Rhamondre Stevenson | TreVeyon Henderson,1,6,4,2,1667.1526288986206,1479.292822265625
tuten,0,14,True,244.0,54.0,15,9,,Bhayshul Tuten | Blake Corum | Chase Brown | Derrick Henry | Harold Fannin Jr. | Jayden Reed | Jaylen Waddle | Jaylen Warren | Jonathon Brooks | Josh Allen | Kyle Pitts | Marvin Harrison Jr. | Michael Pittman,1,6,4,2,1637.2827234268188,1464.9153930664063
tuten,0,15,True,259.0,39.0,14,8,,Bhayshul Tuten | Chase Brown | Christian Watson | D'Andre Swift | Derrick Henry | Emeka Egbuka | Harold Fannin Jr. | J.K. Dobbins | Jameson Williams | Joe Burrow | Kyle Pitts | Rachaad White | Wan'Dale Robinson,1,6,4,2,1660.1953763961792,1479.393701171875
tuten,0,16,True,282.0,16.0,15,13,,Bhayshul Tuten | Caleb Williams | CeeDee Lamb | Chase Brown | Chris Godwin Jr. | Dallas Goedert | Derrick Henry | Harold Fannin Jr. | Jacory Croskey-Merritt | Jayden Reed | Justin Jefferson | KC Concepcion | Stefon Diggs,1,4,6,2,1649.4666500091553,1456.0405517578124
tuten,0,17,True,284.0,14.0,13,7,,Bhayshul Tuten | Chase Brown | Derrick Henry | Emeka Egbuka | Jameson Williams | Jayden Reed | Jaylen Warren | Josh Allen | Kenny Gainwell | Kyle Pitts | Luther Burden III | RJ Harvey | Tyler Warren,1,6,4,2,1703.9780597686768,1532.8099609375
tuten,0,18,True,266.0,32.0,13,8,,Alec Pierce | Bhayshul Tuten | Chase Brown | Dalton Kincaid | David Montgomery | Emeka Egbuka | Jameson Williams | Jayden Reed | Jeremiyah Love | Jonathon Brooks | Josh Allen | Rhamondre Stevenson | Travis Kelce,1,6,4,2,1660.9789352416992,1487.6205322265625
tuten,0,19,True,280.0,18.0,15,8,,Alec Pierce | Bhayshul Tuten | Carnell Tate | Chase Brown | Drake Maye | Emeka Egbuka | Harold Fannin Jr. | Jadarian Price | Jaylen Warren | Kyle Pitts | Omarion Hampton | Rico Dowdle | Rome Odunze,1,6,4,2,1629.2350149154663,1467.7112060546874
tuten,0,20,True,258.0,40.0,20,17,,Bhayshul Tuten | Chase Brown | David Montgomery | Emeka Egbuka | Harold Fannin Jr. | Jalen Hurts | Jameson Williams | Kyle Monangai | Kyle Pitts | Rhamondre Stevenson | Tee Higgins | Tetairoa McMillan | Tony Pollard,1,6,4,2,1640.7176179885864,1446.7685302734376
tuten,0,21,True,281.0,17.0,14,8,,Bhayshul Tuten | Carnell Tate | Chase Brown | Christian Watson | D'Andre Swift | Dak Prescott | Dalton Kincaid | Derrick Henry | Harold Fannin Jr. | Jameson Williams | Jaylen Warren | Luther Burden III | Rhamondre Stevenson,1,6,4,2,1657.2714776992798,1499.4085205078125
tuten,0,22,True,250.0,48.0,16,10,,Alec Pierce | Bhayshul Tuten | Bo Nix | Brian Thomas Jr. | Chase Brown | David Montgomery | Derrick Henry | George Kittle | Harold Fannin Jr. | Jameson Williams | RJ Harvey | Rico Dowdle | Rome Odunze,1,6,4,2,1631.8667783737183,1461.41552734375
tuten,0,23,True,287.0,11.0,14,9,,Alec Pierce | Bhayshul Tuten | Chase Brown | Christian Watson | D'Andre Swift | Derrick Henry | Harold Fannin Jr. | Jalen Hurts | Jameson Williams | Kyle Pitts | Luther Burden III | Tony Pollard | TreVeyon Henderson,1,6,4,2,1674.9703741073608,1524.8833862304687
tuten,1,0,True,281.0,17.0,16,9,,Bhayshul Tuten | Chase Brown | Chris Godwin Jr. | Christian Watson | D'Andre Swift | George Kittle | Harold Fannin Jr. | Jared Goff | Jordan Addison | Kyren Williams | Marvin Harrison Jr. | Omarion Hampton | Tony Pollard,1,6,4,2,1645.5534191131592,1440.8620727539062
tuten,1,1,True,280.0,18.0,15,13,,Bhayshul Tuten | Chase Brown | Christian Watson | David Montgomery | Derrick Henry | Jameson Williams | Jaylen Warren | Kyle Pitts | Lamar Jackson | Makai Lemon | Rome Odunze | Sam LaPorta | Tony Pollard,1,6,4,2,1679.3194932937622,1512.7990112304688
tuten,1,2,True,295.0,3.0,12,6,,Bhayshul Tuten | Brian Thomas Jr. | Bucky Irving | Chase Brown | Dalton Kincaid | Derrick Henry | George Kittle | Jalen Hurts | Jameson Williams | Jaylen Warren | Josh Jacobs | Marvin Harrison Jr. | Rome Odunze,1,6,4,2,1690.4021997451782,1486.5194458007813
tuten,1,3,True,252.0,46.0,19,15,,Alec Pierce | Bhayshul Tuten | Chase Brown | Colston Loveland | DK Metcalf | Derrick Henry | Jacory Croskey-Merritt | Jayden Daniels | Kyle Pitts | Makai Lemon | Rachaad White | Tee Higgins | TreVeyon Henderson,1,6,4,2,1630.1944789886475,1454.5446533203126
tuten,1,4,True,270.0,28.0,18,13,,Alec Pierce | Bhayshul Tuten | Breece Hall | Brian Thomas Jr. | Chase Brown | George Kittle | Jaylen Warren | Kyren Williams | Lamar Jackson | Rome Odunze | Terrance Ferguson | Tony Pollard | Wan'Dale Robinson,1,6,4,2,1649.0012950897217,1486.971044921875
tuten,1,5,True,271.0,27.0,13,7,,Bhayshul Tuten | Bucky Irving | Chase Brown | Christian Watson | Dalton Kincaid | David Montgomery | Derrick Henry | J.K. Dobbins | Jameson Williams | Jayden Reed | Lamar Jackson | Tee Higgins | Travis Kelce,1,6,4,2,1666.584418296814,1500.405810546875
tuten,1,6,True,264.0,34.0,19,17,,Bhayshul Tuten | Carnell Tate | Chase Brown | Harold Fannin Jr. | Jameson Williams | Kyle Monangai | Kyle Pitts | Lamar Jackson | Luther Burden III | Matthew Golden | Omarion Hampton | Rachaad White | Tee Higgins,1,5,5,2,1657.328462600708,1476.150634765625
tuten,1,7,True,275.0,23.0,16,11,,Bhayshul Tuten | Chase Brown | Christian Watson | Emeka Egbuka | Jameson Williams | Joe Burrow | Josh Jacobs | Kyren Williams | Makai Lemon | RJ Harvey | Sam LaPorta | Tony Pollard | Travis Kelce,1,6,4,2,1666.135326385498,1478.8049926757812
tuten,1,8,True,296.0,2.0,13,6,,Alec Pierce | Bhayshul Tuten | Chase Brown | Dallas Goedert | David Montgomery | De'Von Achane | Dylan Sampson | Harold Fannin Jr. | Jameson Williams | Jayden Reed | Kyren Williams | Lamar Jackson | Rashee Rice,1,6,4,2,1698.4793672561646,1494.189208984375
tuten,1,9,True,279.0,19.0,17,13,,Amon-Ra St. Brown | Bhayshul Tuten | Chase Brown | David Montgomery | De'Zhaun Stribling | George Kittle | Isaiah Likely | Jacory Croskey-Merritt | Jalen Hurts | Kyren Williams | Michael Wilson | RJ Harvey | Rome Odunze,1,6,4,2,1664.1380643844604,1490.079052734375
tuten,1,10,True,277.0,21.0,18,17,,Bhayshul Tuten | Breece Hall | Chase Brown | Christian Watson | DK Metcalf | Emeka Egbuka | Josh Allen | Kaelon Black | Kyle Pitts | Quentin Johnston | Rachaad White | Rashee Rice | TreVeyon Henderson,1,6,5,1,1668.4287357330322,1480.806103515625
tuten,1,11,True,269.0,29.0,16,15,,Bhayshul Tuten | Brian Thomas Jr. | Bucky Irving | Chase Brown | Dallas Goedert | Emeka Egbuka | Jalen Hurts | Jameson Williams | Jeremiyah Love | Kyle Monangai | Kyle Pitts | Makai Lemon | Rome Odunze,1,5,5,2,1647.9518909454346,1468.278662109375
tuten,1,12,True,272.0,26.0,14,8,,Bhayshul Tuten | Chase Brown | Christian Watson | David Montgomery | George Kittle | Jakobi Meyers | Jaylen Warren | Kyle Pitts | Kyren Williams | Matthew Stafford | Michael Wilson | Omarion Hampton | Wan'Dale Robinson,1,6,4,2,1642.275330543518,1434.8156494140626
tuten,1,13,True,274.0,24.0,14,9,,Bhayshul Tuten | Chase Brown | D'Andre Swift | DK Metcalf | Derrick Henry | Harold Fannin Jr. | Jalen Hurts | Jaylen Warren | Kyle Pitts | Kyren Williams | Makai Lemon | Rome Odunze | Xavier Worthy,1,6,4,2,1676.1254425048828,1491.9757934570312
tuten,1,14,True,284.0,14.0,17,12,,Alec Pierce | Bhayshul Tuten | Bucky Irving | Chase Brown | DK Metcalf | David Montgomery | Derrick Henry | Harold Fannin Jr. | Jadarian Price | Jalen Hurts | Jameson Williams | Kyle Pitts | Marvin Harrison Jr.,1,6,4,2,1679.0238151550293,1501.374462890625
tuten,1,15,True,258.0,40.0,19,18,,Bhayshul Tuten | Chase Brown | David Montgomery | Emeka Egbuka | George Kittle | Kyle Monangai | Ladd McConkey | Lamar Jackson | Mark Andrews | Rhamondre Stevenson | Tee Higgins | Tetairoa McMillan | Tony Pollard,1,6,4,2,1646.5499067306519,1475.305810546875
tuten,1,16,True,266.0,32.0,16,13,,Alec Pierce | Bhayshul Tuten | Chase Brown | Derrick Henry | Harold Fannin Jr. | Jacory Croskey-Merritt | Jameson Williams | Jaylen Warren | Joe Burrow | Kyle Pitts | Rico Dowdle | Tee Higgins | Tetairoa McMillan,1,6,4,2,1656.5975971221924,1478.8931396484375
tuten,1,17,True,254.0,44.0,15,11,,Alec Pierce | Bhayshul Tuten | Chase Brown | David Montgomery | Derrick Henry | Harold Fannin Jr. | Jameson Williams | Jayden Daniels | Jaylen Warren | Makai Lemon | Mark Andrews | RJ Harvey | Tetairoa McMillan,1,6,4,2,1661.4818935394287,1477.3253051757813
tuten,1,18,True,291.0,7.0,19,13,,A.J. Brown | Alec Pierce | Bhayshul Tuten | Brock Bowers | Chase Brown | D'Andre Swift | DK Metcalf | Dalton Kincaid | De'Zhaun Stribling | Jordan Mason | Josh Allen | Matthew Golden | Omarion Hampton,1,5,5,2,1701.1103210449219,1527.8492309570313
tuten,1,19,True,232.0,66.0,20,19,,Bhayshul Tuten | Bucky Irving | Chase Brown | Harold Fannin Jr. | Isaiah Likely | Jameson Williams | Jaylen Warren | Josh Downs | Ladd McConkey | Lamar Jackson | Rachaad White | Rome Odunze | Tony Pollard,1,6,4,2,1622.2231607437134,1451.9302612304687
tuten,1,20,True,255.0,43.0,16,16,,Bhayshul Tuten | Chase Brown | David Montgomery | Derrick Henry | J.K. Dobbins | Jake Ferguson | Jalen Hurts | Jameson Williams | Jayden Reed | Makai Lemon | Sam LaPorta | Tee Higgins | Tetairoa McMillan,1,5,5,2,1657.8137016296387,1472.2851318359376
tuten,1,21,True,262.0,36.0,14,11,,Bhayshul Tuten | Carnell Tate | Chase Brown | Dallas Goedert | Derrick Henry | J.K. Dobbins | Jameson Williams | Joe Burrow | KC Concepcion | Kyle Pitts | Kyren Williams | Tee Higgins | Zach Charbonnet,1,6,4,2,1656.5267448425293,1501.7779663085937
tuten,1,22,True,230.0,68.0,17,13,,Alec Pierce | Bhayshul Tuten | Chase Brown | Christian Watson | David Montgomery | George Kittle | Harold Fannin Jr. | J.K. Dobbins | Jayden Reed | Joe Burrow | Jordan Mason | Omarion Hampton | Tee Higgins,1,6,4,2,1618.6140098571777,1416.2807983398438
tuten,1,23,True,290.0,8.0,17,11,,Bhayshul Tuten | CeeDee Lamb | Chase Brown | Derrick Henry | Jauan Jennings | Kyle Pitts | Luther Burden III | Makai Lemon | Matthew Stafford | Michael Wilson | Rhamondre Stevenson | Tony Pollard | TreVeyon Henderson,1,6,5,1,1672.3434495925903,1497.6522094726563
tuten,2,0,True,262.0,36.0,14,8,,Bhayshul Tuten | Breece Hall | Chase Brown | Christian Watson | D'Andre Swift | Dalton Kincaid | Harold Fannin Jr. | Jacory Croskey-Merritt | Jameson Williams | Kyren Williams | Michael Wilson | Parker Washington | Patrick Mahomes,1,6,4,2,1659.2546405792236,1479.3846069335937
tuten,2,1,True,279.0,19.0,11,3,,Bhayshul Tuten | Chase Brown | Dak Prescott | Derrick Henry | Harold Fannin Jr. | Jameson Williams | Josh Jacobs | Kyle Pitts | Makai Lemon | Matthew Golden | Rachaad White | Tetairoa McMillan | Tony Pollard,1,6,4,2,1686.408127784729,1490.6278198242187
tuten,2,2,True,256.0,42.0,15,10,,A.J. Brown | Aaron Jones | Bhayshul Tuten | Chase Brown | DK Metcalf | David Montgomery | Emeka Egbuka | George Kittle | Jake Ferguson | Jalen Hurts | Jameson Williams | Tee Higgins | Tony Pollard,1,5,5,2,1630.0939149856567,1439.3604858398437
tuten,2,3,True,249.0,49.0,16,10,,Bhayshul Tuten | Chase Brown | Chuba Hubbard | George Kittle | Isaiah Likely | Jalen Hurts | Jameson Williams | Jaylen Warren | Josh Jacobs | Ladd McConkey | Malik Nabers | Quentin Johnston | Rico Dowdle,1,6,4,2,1657.8472747802734,1470.1693969726562
tuten,2,4,True,290.0,8.0,14,8,,Alec Pierce | Bhayshul Tuten | Breece Hall | Chase Brown | Jameson Williams | Jared Goff | Jerry Jeudy | Josh Jacobs | Malik Nabers | Mark Andrews | Tetairoa McMillan | TreVeyon Henderson | Wan'Dale Robinson,1,5,6,1,1652.6671981811523,1507.10908203125
tuten,2,5,True,271.0,27.0,16,13,,Bhayshul Tuten | Chase Brown | Courtland Sutton | DJ Moore | De'Zhaun Stribling | Derrick Henry | Jake Ferguson | Jameson Williams | Josh Jacobs | Kyle Pitts | Lamar Jackson | Rachaad White | Rico Dowdle,1,6,4,2,1671.0297775268555,1484.2080688476562
tuten,2,6,True,292.0,6.0,18,14,,Alec Pierce | Bhayshul Tuten | Carnell Tate | Chase Brown | Christian Watson | D'Andre Swift | Derrick Henry | Jakobi Meyers | Jalen Hurts | Kyle Pitts | Kyren Williams | Sam LaPorta | TreVeyon Henderson,1,6,4,2,1690.7029218673706,1500.9771484375
tuten,2,7,True,243.0,55.0,18,16,,Bhayshul Tuten | Chase Brown | Chuba Hubbard | George Kittle | Jameson Williams | Josh Jacobs | Kyle Monangai | Kyle Pitts | Lamar Jackson | Makai Lemon | Rico Dowdle | Tee Higgins | Tetairoa McMillan,1,6,4,2,1658.0343675613403,1484.834375
tuten,2,8,True,277.0,21.0,13,11,,Alec Pierce | Bhayshul Tuten | Chase Brown | Dallas Goedert | Derrick Henry | Jadarian Price | Josh Jacobs | Kyle Pitts | Ladd McConkey | Lamar Jackson | Matthew Golden | Parker Washington | Tony Pollard,1,6,4,2,1681.6214542388916,1477.8262451171875
tuten,2,9,True,267.0,31.0,19,19,,Bhayshul Tuten | Chase Brown | Christian Watson | David Montgomery | George Kittle | Harold Fannin Jr. | Jameson Williams | Jayden Daniels | Jeremiyah Love | Luther Burden III | Michael Wilson | Parker Washington | Tetairoa McMillan,1,4,6,2,1649.7266626358032,1477.3309936523438
tuten,2,10,True,284.0,14.0,15,9,,Bhayshul Tuten | Chase Brown | DJ Moore | Dak Prescott | David Montgomery | Emeka Egbuka | Harold Fannin Jr. | Josh Jacobs | Kyle Pitts | Ladd McConkey | Matthew Golden | Tony Pollard | TreVeyon Henderson,1,6,4,2,1664.2726526260376,1482.5882202148437
tuten,2,11,True,290.0,8.0,12,8,,Bhayshul Tuten | Chase Brown | DK Metcalf | Derrick Henry | Emeka Egbuka | Harold Fannin Jr. | Kenny Gainwell | Kyle Pitts | Kyren Williams | Lamar Jackson | Matthew Golden | Tetairoa McMillan | TreVeyon Henderson,1,6,4,2,1721.8839445114136,1542.369970703125
tuten,2,12,True,284.0,14.0,16,14,,Alec Pierce | Bhayshul Tuten | Chase Brown | DJ Moore | David Montgomery | Derrick Henry | Harold Fannin Jr. | Kyle Pitts | Ladd McConkey | Lamar Jackson | Luther Burden III | Tony Pollard | TreVeyon Henderson,1,6,4,2,1681.9569101333618,1489.2408203125
tuten,2,13,True,282.0,16.0,14,6,,Bhayshul Tuten | Chase Brown | Derrick Henry | Jalen Hurts | Jameson Williams | Josh Downs | Kenny Gainwell | Kyle Pitts | Kyren Williams | Ladd McConkey | Michael Wilson | Sam LaPorta | Tony Pollard,1,6,4,2,1693.7425565719604,1505.906591796875
tuten,2,14,True,281.0,17.0,15,5,,Bhayshul Tuten | Chase Brown | Christian Watson | Chuba Hubbard | Dalton Kincaid | Jameson Williams | Jaylen Waddle | Kyle Pitts | Kyren Williams | Lamar Jackson | Michael Wilson | Omarion Hampton | Tony Pollard,1,6,4,2,1686.7824954986572,1500.156396484375
tuten,2,15,True,260.0,38.0,13,6,,Bhayshul Tuten | Chase Brown | Christian Watson | Derrick Henry | George Kittle | Jordan Addison | Josh Jacobs | Kyle Monangai | Sam LaPorta | Tee Higgins | Tony Pollard | Trevor Lawrence | Wan'Dale Robinson,1,6,4,2,1664.8967752456665,1512.4717651367187
tuten,2,16,True,278.0,20.0,22,19,,Bhayshul Tuten | Chase Brown | Christian Watson | Chuba Hubbard | Dalton Kincaid | Drake London | George Kittle | J.K. Dobbins | Jakobi Meyers | Jaylen Waddle | Josh Allen | Josh Jacobs | Marvin Harrison Jr.,1,5,5,2,1680.5313081741333,1501.6351196289063
tuten,2,17,True,263.0,35.0,19,18,,Bhayshul Tuten | Chase Brown | Colston Loveland | DJ Moore | Dalton Kincaid | Jadarian Price | Jaylen Waddle | Josh Allen | Luther Burden III | Parker Washington | Rome Odunze | Tee Higgins | Tony Pollard,1,4,6,2,1632.4480667114258,1455.7637329101562
tuten,2,18,True,291.0,7.0,14,8,,Bhayshul Tuten | Chase Brown | Chuba Hubbard | D'Andre Swift | Jaylen Waddle | Jaylen Warren | Josh Jacobs | Khalil Shakir | Kyle Pitts | Ladd McConkey | Lamar Jackson | Tetairoa McMillan | Tyler Warren,1,6,4,2,1675.208480834961,1465.217333984375
tuten,2,19,True,288.0,10.0,15,12,,Alec Pierce | Bhayshul Tuten | Brock Bowers | Carnell Tate | Chase Brown | Christian Watson | D'Andre Swift | DJ Moore | Jayden Reed | Kyle Pitts | Kyren Williams | Ladd McConkey | Lamar Jackson,1,4,6,2,1691.4275016784668,1467.166259765625
tuten,2,20,True,261.0,37.0,15,12,,Bhayshul Tuten | Breece Hall | Chase Brown | Chuba Hubbard | Emeka Egbuka | George Kittle | Jacory Croskey-Merritt | Jaylen Warren | Lamar Jackson | Rome Odunze | Tyler Warren | Wan'Dale Robinson | Zay Flowers,1,6,4,2,1657.4114503860474,1475.7421264648438
tuten,2,21,True,268.0,30.0,14,6,,Bhayshul Tuten | Chase Brown | Derrick Henry | George Kittle | Jake Ferguson | Jakobi Meyers | Jalen Hurts | Jaylen Warren | Kyren Williams | Ladd McConkey | Makai Lemon | Parker Washington | Tony Pollard,1,6,4,2,1672.6574440002441,1451.7262451171875
tuten,2,22,True,258.0,40.0,17,9,,Alec Pierce | Bhayshul Tuten | Chase Brown | Chuba Hubbard | David Montgomery | Emeka Egbuka | Josh Allen | Kyle Pitts | Ladd McConkey | Mark Andrews | Parker Washington | Tony Pollard | TreVeyon Henderson,1,6,4,2,1633.5194749832153,1447.8222045898438
tuten,2,23,True,286.0,12.0,12,5,,Bhayshul Tuten | Chase Brown | Chuba Hubbard | DK Metcalf | Derrick Henry | George Kittle | Josh Jacobs | Kyle Pitts | Lamar Jackson | Michael Wilson | Parker Washington | Tee Higgins | Tony Pollard,1,6,4,2,1678.105414390564,1491.666064453125
tuten,3,0,True,292.0,6.0,14,9,,Bhayshul Tuten | Chase Brown | Christian Watson | Colston Loveland | D'Andre Swift | Derrick Henry | Emeka Egbuka | Jameson Williams | Jonathon Brooks | Kyle Pitts | Matthew Golden | Patrick Mahomes | Tee Higgins,1,5,5,2,1678.321792602539,1486.9986694335937
tuten,3,1,True,285.0,13.0,15,8,,Bhayshul Tuten | Brian Thomas Jr. | Chase Brown | DK Metcalf | Emeka Egbuka | Harold Fannin Jr. | Jameson Williams | Josh Jacobs | Kyle Pitts | Makai Lemon | Omarion Hampton | TreVeyon Henderson | Trevor Lawrence,1,5,5,2,1646.6921558380127,1451.64775390625
tuten,3,2,True,279.0,19.0,15,10,,Alec Pierce | Bhayshul Tuten | Bijan Robinson | Chase Brown | Emeka Egbuka | Jameson Williams | Jordan Mason | Jordyn Tyson | Kyle Pitts | Lamar Jackson | Michael Wilson | Tony Pollard | Tyler Warren,1,5,5,2,1705.2121133804321,1507.243896484375
tuten,3,3,True,277.0,21.0,16,12,,Bhayshul Tuten | Bucky Irving | Chase Brown | Christian Watson | Colston Loveland | DJ Moore | Dak Prescott | Jake Ferguson | Jameson Williams | Makai Lemon | Omarion Hampton | Rhamondre Stevenson | Rome Odunze,1,5,5,2,1635.9840021133423,1457.4250732421874
tuten,3,4,True,270.0,28.0,13,6,,Alec Pierce | Bhayshul Tuten | Bijan Robinson | Carnell Tate | Chase Brown | Chris Godwin Jr. | Christian Watson | Dak Prescott | George Kittle | Kyle Pitts | Rhamondre Stevenson | Rico Dowdle | Tee Higgins,1,5,5,2,1680.7057971954346,1519.1907470703125
tuten,3,5,True,254.0,44.0,21,16,,Bhayshul Tuten | Bijan Robinson | Brian Thomas Jr. | Chase Brown | Dak Prescott | George Kittle | J.K. Dobbins | Jonathon Brooks | Luther Burden III | Makai Lemon | Michael Pittman | Terry McLaurin | Tyler Warren,1,5,5,2,1668.9793109893799,1509.0169189453125
tuten,3,6,True,266.0,32.0,17,14,,Alec Pierce | Bhayshul Tuten | Bijan Robinson | Chase Brown | Christian Watson | Chuba Hubbard | Dallas Goedert | Drake Maye | Harold Fannin Jr. | Jameson Williams | Jayden Reed | Terry McLaurin | Tony Pollard,1,5,5,2,1700.4628114700317,1488.49033203125
tuten,3,7,True,270.0,28.0,16,12,,Bhayshul Tuten | Breece Hall | Chase Brown | Jameson Williams | Jayden Reed | Jonathon Brooks | Jordan Addison | Josh Allen | Josh Jacobs | Kyle Pitts | Luther Burden III | Rome Odunze | Travis Kelce,1,5,5,2,1666.1823902130127,1468.583984375
tuten,3,8,True,282.0,16.0,15,7,,Bhayshul Tuten | Bijan Robinson | Carnell Tate | Chase Brown | Christian Watson | Dak Prescott | Emeka Egbuka | George Kittle | Harold Fannin Jr. | Jayden Reed | Jonathon Brooks | Jordan Mason | Luther Burden III,1,5,5,2,1683.00332736969,1497.0071899414063
tuten,3,9,True,277.0,21.0,12,6,,Alec Pierce | Bhayshul Tuten | Bijan Robinson | Chase Brown | David Montgomery | De'Zhaun Stribling | Emeka Egbuka | George Kittle | Jameson Williams | Kyle Pitts | Lamar Jackson | Quentin Johnston | TreVeyon Henderson,1,5,5,2,1716.9338064193726,1523.8041748046876
tuten,3,10,True,288.0,10.0,13,8,,Alec Pierce | Bhayshul Tuten | Bijan Robinson | Bucky Irving | Chase Brown | George Kittle | Harold Fannin Jr. | J.K. Dobbins | Jalen Hurts | Jameson Williams | Luther Burden III | Makai Lemon | Parker Washington,1,5,5,2,1696.4966535568237,1505.0137817382813
tuten,3,11,True,284.0,14.0,16,10,,Bhayshul Tuten | Chase Brown | Colston Loveland | Derrick Henry | Harold Fannin Jr. | Jaylen Waddle | Jaylen Warren | Jordan Addison | Josh Allen | Luther Burden III | Michael Pittman | Parker Washington | Tony Pollard,1,5,5,2,1694.3885164260864,1536.0335083007812
tuten,3,12,True,267.0,31.0,15,10,,Aaron Jones | Alec Pierce | Bhayshul Tuten | Bijan Robinson | Carnell Tate | Chase Brown | Chuba Hubbard | Dak Prescott | Emeka Egbuka | George Kittle | Jake Ferguson | Tetairoa McMillan | Wan'Dale Robinson,1,5,5,2,1687.2397565841675,1484.9185668945313
tuten,3,13,True,284.0,14.0,16,9,,Bhayshul Tuten | Chase Brown | D'Andre Swift | Dak Prescott | Dalton Kincaid | De'Zhaun Stribling | Emeka Egbuka | Harold Fannin Jr. | Jameson Williams | Jonathan Taylor | Marvin Harrison Jr. | Michael Wilson | Rhamondre Stevenson,1,5,5,2,1672.1680479049683,1489.9126342773438
tuten,3,14,True,251.0,47.0,13,7,,Bhayshul Tuten | Bijan Robinson | Chase Brown | Christian Watson | George Kittle | Jakobi Meyers | Jameson Williams | Kyle Pitts | Luther Burden III | Rachaad White | Rico Dowdle | Trevor Lawrence | Wan'Dale Robinson,1,5,5,2,1668.6380462646484,1494.1263305664063
tuten,3,15,True,264.0,34.0,15,8,,Alec Pierce | Bhayshul Tuten | Chase Brown | D'Andre Swift | Dalton Kincaid | Jameson Williams | Jaxson Dart | Jordan Addison | Jordyn Tyson | Josh Jacobs | Luther Burden III | Omarion Hampton | Sam LaPorta,1,5,5,2,1647.4638404846191,1467.0028198242187
tuten,3,16,True,273.0,25.0,13,8,,Bhayshul Tuten | Bijan Robinson | Carnell Tate | Chase Brown | Christian Watson | Drake Maye | Harold Fannin Jr. | Jameson Williams | Kyle Pitts | Rachaad White | Rico Dowdle | Rome Odunze | Wan'Dale Robinson,1,5,5,2,1699.0635347366333,1520.5789306640625
tuten,3,17,True,272.0,26.0,18,13,,Bhayshul Tuten | Bucky Irving | Carnell Tate | Chase Brown | Dalton Kincaid | Emeka Egbuka | Jalen Hurts | Jordan Mason | Josh Jacobs | Kyle Pitts | Luther Burden III | Tee Higgins | Xavier Worthy,1,5,5,2,1617.145565032959,1440.394287109375
tuten,3,18,True,258.0,40.0,15,10,,Alec Pierce | Bhayshul Tuten | Bijan Robinson | Brock Purdy | Chase Brown | Christian Watson | Dallas Goedert | Deebo Samuel Sr. | Emeka Egbuka | Jameson Williams | Jonathon Brooks | Kyle Pitts | RJ Harvey,1,5,5,2,1664.7795639038086,1476.5450561523437
tuten,3,19,True,280.0,18.0,18,13,,Bhayshul Tuten | Bo Nix | Brian Thomas Jr. | Chase Brown | D'Andre Swift | DJ Moore | Emeka Egbuka | Harold Fannin Jr. | Jonathon Brooks | Luther Burden III | Rhamondre Stevenson | Tee Higgins | Trey McBride,1,5,5,2,1627.1051063537598,1470.129150390625
tuten,3,20,True,296.0,2.0,14,7,,Bhayshul Tuten | Chase Brown | Chris Godwin Jr. | Dalton Kincaid | Drake Maye | Harold Fannin Jr. | Jameson Williams | Jordan Addison | Malik Nabers | Mike Washington Jr. | Puka Nacua | Saquon Barkley | Zach Charbonnet,1,5,5,2,1697.0957555770874,1518.4316528320312
tuten,3,21,True,266.0,32.0,16,13,,Bhayshul Tuten | Chase Brown | Christian Watson | D'Andre Swift | Dak Prescott | Emeka Egbuka | Harold Fannin Jr. | Jameson Williams | Jonathon Brooks | Josh Jacobs | Quentin Johnston | Sam LaPorta | Tee Higgins,1,5,5,2,1643.5715637207031,1468.4158569335937
tuten,3,22,True,264.0,34.0,14,8,,Bhayshul Tuten | Breece Hall | Chase Brown | Emeka Egbuka | Harold Fannin Jr. | Jaylen Warren | Jordyn Tyson | Josh Downs | Lamar Jackson | Rhamondre Stevenson | Rome Odunze | Tee Higgins | Tyler Warren,1,5,5,2,1639.2437028884888,1446.8048706054688
tuten,3,23,True,273.0,25.0,17,14,,Bhayshul Tuten | Brian Thomas Jr. | Chase Brown | DJ Moore | Dalton Kincaid | Drake Maye | Harold Fannin Jr. | Jaylen Waddle | Jaylen Warren | Josh Jacobs | Ladd McConkey | Luther Burden III | TreVeyon Henderson,1,5,5,2,1627.5028505325317,1475.6663696289063
tuten,4,0,True,274.0,24.0,14,8,,Bhayshul Tuten | Chase Brown | Christian Watson | Dalton Kincaid | Emeka Egbuka | George Kittle | J.K. Dobbins | Kyren Williams | Lamar Jackson | Omarion Hampton | Rico Dowdle | Tee Higgins | Wan'Dale Robinson,1,6,4,2,1662.6841049194336,1454.6240356445312
tuten,4,1,True,268.0,30.0,14,13,,Bhayshul Tuten | Chase Brown | D'Andre Swift | Derrick Henry | Emeka Egbuka | George Kittle | Harold Fannin Jr. | Jordan Addison | Jordan Mason | Josh Allen | Luther Burden III | Marvin Harrison Jr. | Rhamondre Stevenson,1,6,4,2,1679.1310806274414,1491.044677734375
tuten,4,2,True,249.0,49.0,14,9,,Aaron Jones | Alec Pierce | Bhayshul Tuten | Chase Brown | Dalton Kincaid | Derrick Henry | Emeka Egbuka | Kyren Williams | Luther Burden III | Michael Pittman | Rachaad White | Travis Kelce | Trevor Lawrence,1,6,4,2,1629.7604665756226,1440.8103149414062
tuten,4,3,True,295.0,3.0,14,10,,Bhayshul Tuten | Chase Brown | Christian Watson | D'Andre Swift | Jalen Hurts | Jameson Williams | Michael Pittman | Omarion Hampton | Rico Dowdle | Sam LaPorta | Tee Higgins | TreVeyon Henderson | Tyler Warren,1,6,4,2,1665.6730518341064,1487.513037109375
tuten,4,4,True,285.0,13.0,15,10,,Bhayshul Tuten | Chase Brown | Dak Prescott | Harold Fannin Jr. | Jameson Williams | Jaylen Warren | Kyren Williams | Luther Burden III | Marvin Harrison Jr. | Omarion Hampton | Rico Dowdle | Sam LaPorta | Wan'Dale Robinson,1,6,4,2,1657.8116397857666,1474.6238525390625
tuten,4,5,True,298.0,0.0,15,6,,Baker Mayfield | Bhayshul Tuten | Braelon Allen | Caleb Douglas | Chase Brown | Emeka Egbuka | Jahmyr Gibbs | Luther Burden III | Michael Pittman | Omarion Hampton | Seth McGowan | Travis Kelce | Tre Tucker,1,6,5,1,1612.9131994247437,1387.9790649414062
tuten,4,6,True,226.0,72.0,19,15,,Alec Pierce | Bhayshul Tuten | Chase Brown | Jeremiyah Love | Lamar Jackson | Luther Burden III | Marvin Harrison Jr. | Quentin Johnston | Rhamondre Stevenson | Rico Dowdle | Sam LaPorta | Tony Pollard | Travis Kelce,1,6,4,2,1588.6879062652588,1400.178515625
tuten,4,7,True,252.0,46.0,19,18,,Bhayshul Tuten | Bucky Irving | Chase Brown | Chris Olave | DK Metcalf | Harold Fannin Jr. | Jaylen Warren | Jordan Addison | Lamar Jackson | Luther Burden III | Rhamondre Stevenson | Tony Pollard | Tyler Warren,1,6,4,2,1618.159634590149,1445.4430908203126
tuten,4,8,True,277.0,21.0,15,8,,Alec Pierce | Bhayshul Tuten | Chase Brown | Dalton Kincaid | Derrick Henry | Emeka Egbuka | Harold Fannin Jr. | Jadarian Price | Jameson Williams | Jaxson Dart | Kyren Williams | Luther Burden III | Rachaad White,1,6,4,2,1699.5705852508545,1546.8867431640624
tuten,4,9,True,285.0,13.0,13,7,,Bhayshul Tuten | Chase Brown | Chuba Hubbard | D'Andre Swift | Derrick Henry | Harold Fannin Jr. | Jaylen Waddle | Lamar Jackson | Luther Burden III | Marvin Harrison Jr. | Tee Higgins | Travis Kelce | TreVeyon Henderson,1,6,4,2,1655.7697620391846,1458.88173828125
tuten,4,10,True,249.0,49.0,18,20,,Bhayshul Tuten | Brock Purdy | Chase Brown | Colston Loveland | D'Andre Swift | DJ Moore | DK Metcalf | David Montgomery | DeVonta Smith | Emeka Egbuka | Jordan Addison | Rhamondre Stevenson | Sam LaPorta,1,5,5,2,1602.5095376968384,1432.0626831054688
tuten,4,11,True,261.0,37.0,16,13,,Alec Pierce | Bhayshul Tuten | Chase Brown | Chuba Hubbard | Dak Prescott | Jameson Williams | Jeremiyah Love | Kyle Pitts | Ladd McConkey | Rhamondre Stevenson | Rome Odunze | Sam LaPorta | TreVeyon Henderson,1,6,4,2,1606.5534620285034,1439.8955688476562
tuten,4,12,True,295.0,3.0,16,13,,Bhayshul Tuten | Chase Brown | Dak Prescott | Dalton Kincaid | Drake London | George Kittle | Jaylen Warren | Luther Burden III | MarShawn Lloyd | Puka Nacua | Rachaad White | Rashee Rice | Tony Pollard,1,6,4,2,1663.6225624084473,1504.227734375
tuten,4,13,True,282.0,16.0,13,7,,A.J. Brown | Bhayshul Tuten | Bucky Irving | Chase Brown | Christian Watson | Dalton Kincaid | Drake Maye | Jameson Williams | Kyren Williams | Luther Burden III | Rachaad White | Tony Pollard | Tyler Warren,1,6,4,2,1683.7274389266968,1520.6205200195313
tuten,4,14,True,284.0,14.0,14,6,,Bhayshul Tuten | Brian Thomas Jr. | Chase Brown | Chuba Hubbard | Derrick Henry | Emeka Egbuka | Harold Fannin Jr. | Jalen Hurts | Jaylen Waddle | Jaylen Warren | Kyren Williams | Michael Wilson | Sam LaPorta,1,6,4,2,1691.7097434997559,1524.4205444335937
tuten,4,15,True,276.0,22.0,18,18,,Bhayshul Tuten | Brian Thomas Jr. | Chase Brown | Christian Watson | D'Andre Swift | Davante Adams | Kyren Williams | Lamar Jackson | Luther Burden III | Rico Dowdle | Sam LaPorta | TreVeyon Henderson | Tyler Warren,1,6,4,2,1646.7090473175049,1468.6707153320312
tuten,4,16,True,262.0,36.0,20,18,,Bhayshul Tuten | Chase Brown | Chris Godwin Jr. | D'Andre Swift | Derrick Henry | Emeka Egbuka | Harold Fannin Jr. | Isaiah Likely | J.K. Dobbins | Jacory Croskey-Merritt | Jameson Williams | Jaylen Waddle | Justin Herbert,1,6,4,2,1643.0523748397827,1478.9764892578125
tuten,4,17,True,270.0,28.0,13,10,,Bhayshul Tuten | Chase Brown | Davante Adams | Derrick Henry | Harold Fannin Jr. | Jakobi Meyers | Jameson Williams | Jaxson Dart | Kyren Williams | RJ Harvey | Rachaad White | Rome Odunze | Tyler Warren,1,6,4,2,1693.8718566894531,1533.8441772460938
tuten,4,18,True,243.0,55.0,15,13,,Bhayshul Tuten | Chase Brown | David Montgomery | Emeka Egbuka | Harold Fannin Jr. | Isaiah Likely | Jacory Croskey-Merritt | Jaylen Waddle | Luther Burden III | Patrick Mahomes | Quentin Johnston | Tetairoa McMillan | TreVeyon Henderson,1,5,5,2,1590.1450748443604,1415.680712890625
tuten,4,19,True,268.0,30.0,18,13,,Alec Pierce | Bhayshul Tuten | Brock Purdy | Chase Brown | David Montgomery | Emeka Egbuka | Harold Fannin Jr. | Josh Jacobs | Luther Burden III | RJ Harvey | Rhamondre Stevenson | Tee Higgins | Travis Kelce,1,6,4,2,1620.8609371185303,1429.41865234375
tuten,4,20,True,270.0,28.0,12,7,,Bhayshul Tuten | Chase Brown | Christian Watson | David Montgomery | Jayden Reed | Josh Jacobs | Kyle Pitts | Kyren Williams | Luther Burden III | Marvin Harrison Jr. | Sam LaPorta | Tony Pollard | Trevor Lawrence,1,6,4,2,1645.7671165466309,1478.5427734375
tuten,4,21,True,270.0,28.0,16,13,,Alec Pierce | Bhayshul Tuten | Bucky Irving | Carnell Tate | Chase Brown | Chris Olave | D'Andre Swift | Emeka Egbuka | Kyle Pitts | Lamar Jackson | RJ Harvey | Rico Dowdle | Tyler Warren,1,6,4,2,1635.7217922210693,1418.4423583984376
tuten,4,22,True,291.0,7.0,13,10,,Amon-Ra St. Brown | Bhayshul Tuten | Chase Brown | Chris Godwin Jr. | Chris Olave | Harold Fannin Jr. | Jameson Williams | Jordan Mason | Kyren Williams | Luther Burden III | Matthew Stafford | Rachaad White | Travis Kelce,1,5,5,2,1675.0668926239014,1485.9104858398437
tuten,4,23,True,265.0,33.0,12,5,,Bhayshul Tuten | Caleb Williams | Chase Brown | Christian Watson | Chuba Hubbard | George Kittle | Harold Fannin Jr. | Jameson Williams | Kenneth Walker III | Kyren Williams | Luther Burden III | Makai Lemon | Tony Pollard,1,6,4,2,1653.9497356414795,1452.789794921875
tuten,5,0,True,269.0,29.0,15,12,,Bhayshul Tuten | Bucky Irving | Caleb Williams | Chase Brown | Derrick Henry | George Kittle | Harold Fannin Jr. | Jameson Williams | Jaylen Waddle | RJ Harvey | Rome Odunze | Tony Pollard | Wan'Dale Robinson,1,6,4,2,1618.5303478240967,1435.6849609375
tuten,5,1,True,287.0,11.0,15,10,,Alec Pierce | Bhayshul Tuten | Blake Corum | Bucky Irving | Chase Brown | Christian Watson | Colston Loveland | Derrick Henry | Josh Allen | Matthew Golden | Quentin Johnston | Rhamondre Stevenson | Tyler Warren,1,6,4,2,1649.7367763519287,1488.7242797851563
tuten,5,2,True,265.0,33.0,14,8,,Bhayshul Tuten | Chase Brown | Christian Watson | D'Andre Swift | DJ Moore | Dalton Kincaid | Jameson Williams | Josh Allen | KC Concepcion | Kyle Pitts | Kyren Williams | RJ Harvey | Rhamondre Stevenson,1,6,4,2,1634.8245849609375,1452.8485961914062
tuten,5,3,True,262.0,36.0,14,6,,Bhayshul Tuten | Chase Brown | D'Andre Swift | George Kittle | Harold Fannin Jr. | Jayden Reed | Josh Allen | Kyren Williams | Michael Wilson | Quentin Johnston | Rhamondre Stevenson | Rome Odunze | Tony Pollard,1,6,4,2,1621.0164880752563,1455.8855590820312
tuten,5,4,True,287.0,11.0,14,7,,Bhayshul Tuten | Chase Brown | Colston Loveland | DeVonta Smith | Derrick Henry | Jonathon Brooks | Jordyn Tyson | Josh Allen | Kyle Pitts | Luther Burden III | Quentin Johnston | Rhamondre Stevenson | Rico Dowdle,1,6,4,2,1680.8574304580688,1496.2042846679688
tuten,5,5,True,278.0,20.0,15,9,,Aaron Jones | Bhayshul Tuten | Carnell Tate | Chase Brown | D'Andre Swift | Harold Fannin Jr. | Jakobi Meyers | Jalen Hurts | Omarion Hampton | Parker Washington | Rhamondre Stevenson | Tetairoa McMillan | Tyler Warren,1,6,4,2,1616.6379947662354,1442.451708984375
tuten,5,6,True,272.0,26.0,17,9,,A.J. Brown | Bhayshul Tuten | Chase Brown | De'Zhaun Stribling | Derrick Henry | George Kittle | Jaylen Warren | Jordan Mason | Josh Allen | Kyle Pitts | Michael Wilson | Quentin Johnston | Rhamondre Stevenson,1,6,4,2,1654.0886344909668,1486.4983520507812
tuten,5,7,True,263.0,35.0,15,9,,Alec Pierce | Bhayshul Tuten | Chase Brown | D'Andre Swift | DK Metcalf | Harold Fannin Jr. | Jaylen Warren | Josh Allen | Kyle Pitts | Kyren Williams | Quentin Johnston | Rhamondre Stevenson | Tee Higgins,1,6,4,2,1656.5291681289673,1481.3450561523437
tuten,5,8,True,281.0,17.0,17,16,,Bhayshul Tuten | Bucky Irving | Carnell Tate | Chase Brown | DK Metcalf | Drake London | Isaiah Likely | Jaylen Warren | Josh Allen | Josh Downs | Kyle Pitts | Michael Wilson | Tetairoa McMillan,1,4,6,2,1640.9286661148071,1472.6514770507813
tuten,5,9,True,272.0,26.0,15,9,,Bhayshul Tuten | Breece Hall | Brian Thomas Jr. | Chase Brown | Chris Godwin Jr. | Courtland Sutton | Harold Fannin Jr. | Jameson Williams | Jaylen Warren | Josh Allen | Kyle Pitts | Rico Dowdle | Tony Pollard,1,6,4,2,1644.7634267807007,1450.6937622070313
tuten,5,10,True,261.0,37.0,16,11,,Bhayshul Tuten | Bucky Irving | Caleb Williams | Carnell Tate | Chase Brown | DeVonta Smith | Harold Fannin Jr. | Kyle Pitts | Rhamondre Stevenson | Rome Odunze | Tony Pollard | TreVeyon Henderson | Wan'Dale Robinson,1,6,4,2,1572.3090658187866,1395.6855834960938
tuten,5,11,True,228.0,70.0,22,21,,Bhayshul Tuten | Chase Brown | Christian Watson | Colston Loveland | DJ Moore | J.K. Dobbins | Jalen Hurts | Jameson Williams | Jordan Mason | Josh Downs | Rhamondre Stevenson | TreVeyon Henderson | Tyler Warren,1,6,4,2,1563.3314599990845,1387.91416015625
tuten,5,12,True,286.0,12.0,13,5,,Bhayshul Tuten | Chase Brown | Derrick Henry | Emeka Egbuka | Harold Fannin Jr. | Jameson Williams | Jaylen Warren | Josh Allen | Kyle Pitts | Parker Washington | Quentin Johnston | Tony Pollard | TreVeyon Henderson,1,6,4,2,1692.4720220565796,1527.2369750976563
tuten,5,13,True,262.0,36.0,17,13,,Bhayshul Tuten | Breece Hall | Bucky Irving | Chase Brown | DeVonta Smith | Emeka Egbuka | Joe Burrow | Jordan Mason | Kyle Pitts | Michael Wilson | Quentin Johnston | Rico Dowdle | Tyler Warren,1,6,4,2,1629.636812210083,1462.0849609375
tuten,5,14,True,278.0,20.0,16,10,,Bhayshul Tuten | Chase Brown | Christian Watson | Jadarian Price | Jalen Hurts | Kyren Williams | Makai Lemon | Malik Nabers | Rhamondre Stevenson | Rico Dowdle | Sam LaPorta | Tee Higgins | Tyler Warren,1,6,4,2,1657.5489044189453,1467.3164306640624
tuten,5,15,True,282.0,16.0,11,6,,Bhayshul Tuten | Chase Brown | Christian Watson | Chuba Hubbard | Derrick Henry | Jameson Williams | Jayden Reed | Josh Allen | Kyle Pitts | Rhamondre Stevenson | Rome Odunze | Tony Pollard | Tyler Warren,1,6,4,2,1667.5058097839355,1480.4273803710937
tuten,5,16,True,252.0,46.0,17,13,,Ashton Jeanty | Bhayshul Tuten | Blake Corum | Carnell Tate | Chase Brown | Christian Watson | Harold Fannin Jr. | Jayden Reed | Jordan Addison | Josh Allen | RJ Harvey | Rhamondre Stevenson | Tyler Warren,1,6,4,2,1620.982967376709,1437.7387084960938
tuten,5,17,True,251.0,47.0,12,6,,Bhayshul Tuten | Chase Brown | DK Metcalf | Derrick Henry | J.K. Dobbins | Jakobi Meyers | Josh Allen | KC Concepcion | Kyle Pitts | Rhamondre Stevenson | Tee Higgins | Tony Pollard | Travis Kelce,1,6,4,2,1638.0667114257812,1474.1220092773438
tuten,5,18,True,266.0,32.0,16,9,,Bhayshul Tuten | Chase Brown | Chuba Hubbard | DJ Moore | Harold Fannin Jr. | Jadarian Price | Jaylen Warren | Josh Allen | Makai Lemon | Malik Nabers | Michael Wilson | Omarion Hampton | Sam LaPorta,1,6,4,2,1677.086895942688,1447.5532348632812
tuten,5,19,True,273.0,25.0,13,5,,Bhayshul Tuten | Chase Brown | Christian Watson | Derrick Henry | Harold Fannin Jr. | Jameson Williams | Jaylen Warren | Josh Allen | Kyle Pitts | Luther Burden III | Quentin Johnston | RJ Harvey | Rico Dowdle,1,6,4,2,1678.9879808425903,1499.2580932617188
tuten,5,20,True,257.0,41.0,15,8,,Bhayshul Tuten | Chase Brown | Chuba Hubbard | D'Andre Swift | Harold Fannin Jr. | Jameson Williams | Jayden Reed | Jordan Mason | Josh Allen | Kyle Pitts | Makai Lemon | Rashee Rice | Rhamondre Stevenson,1,6,4,2,1623.571002960205,1424.591064453125
tuten,5,21,True,253.0,45.0,19,15,,Aaron Jones | Bhayshul Tuten | Carnell Tate | Chase Brown | Derrick Henry | Harold Fannin Jr. | Jalen Hurts | Jameson Williams | Jayden Reed | Marvin Harrison Jr. | RJ Harvey | Rico Dowdle | Tyler Warren,1,6,4,2,1598.1232986450195,1429.0255126953125
tuten,5,22,True,270.0,28.0,17,13,,Bhayshul Tuten | Bucky Irving | Chase Brown | Christian Watson | Colston Loveland | DJ Moore | Harold Fannin Jr. | Jameson Williams | Jordyn Tyson | Josh Allen | Kyle Monangai | RJ Harvey | Terry McLaurin,1,5,5,2,1616.5649862289429,1420.8081909179687
tuten,5,23,True,206.0,92.0,17,16,,Bhayshul Tuten | Bucky Irving | Chase Brown | Chris Godwin Jr. | Chuba Hubbard | D'Andre Swift | Harold Fannin Jr. | Jalen Hurts | Jameson Williams | Luther Burden III | Rhamondre Stevenson | Tyler Warren | Wan'Dale Robinson,1,6,4,2,1579.156512260437,1379.4857666015625
tuten,6,0,True,276.0,22.0,18,14,,Bhayshul Tuten | Chase Brown | Christian Watson | D'Andre Swift | Drake Maye | George Kittle | Jameson Williams | Jaylen Waddle | Jaylen Warren | Malik Nabers | Rhamondre Stevenson | Sam LaPorta | TreVeyon Henderson,1,6,4,2,1611.9672746658325,1427.8995727539063
tuten,6,1,True,269.0,29.0,16,9,,Bhayshul Tuten | Chase Brown | DeVonta Smith | Derrick Henry | Harold Fannin Jr. | Jalen McMillan | Jameson Williams | Jayden Daniels | Jaylen Warren | Jordan Addison | Luther Burden III | Rhamondre Stevenson | Tony Pollard,1,6,5,1,1633.880844116211,1468.6902465820312
tuten,6,2,True,294.0,4.0,15,13,,Bhayshul Tuten | Chase Brown | Christian Watson | Dalton Kincaid | Drake London | Emeka Egbuka | George Kittle | Jameson Williams | Josh Allen | Kenny Gainwell | Rico Dowdle | Rome Odunze | Zay Flowers,1,4,6,2,1670.237253189087,1484.719482421875
tuten,6,3,True,292.0,6.0,13,8,,Bhayshul Tuten | Chase Brown | Christian Watson | Derrick Henry | Emeka Egbuka | George Kittle | Jameson Williams | Jayden Reed | Josh Allen | Mark Andrews | Stefon Diggs | TreVeyon Henderson | Zay Flowers,1,4,6,2,1676.5233116149902,1496.867919921875
tuten,6,4,True,293.0,5.0,12,5,,Bhayshul Tuten | Chase Brown | Christian Watson | D'Andre Swift | Dak Prescott | Derrick Henry | Emeka Egbuka | George Kittle | Harold Fannin Jr. | Malik Nabers | Rhamondre Stevenson | Rico Dowdle | Wan'Dale Robinson,1,6,4,2,1670.374095916748,1488.7801391601563
tuten,6,5,True,275.0,23.0,14,9,,Bhayshul Tuten | Chase Brown | D'Andre Swift | DJ Moore | Derrick Henry | Drake Maye | George Kittle | J.K. Dobbins | Jameson Williams | Jayden Reed | Kenny Gainwell | Michael Wilson | Trey McBride,1,6,4,2,1665.890461921692,1475.599072265625
tuten,6,6,True,296.0,2.0,14,7,,Bhayshul Tuten | Chase Brown | Christian Watson | Dallas Goedert | Derrick Henry | Drake Maye | J.K. Dobbins | Jameson Williams | Kyle Monangai | Kyren Williams | Luther Burden III | Marvin Harrison Jr. | Tyler Warren,1,6,4,2,1669.7509231567383,1454.495263671875
tuten,6,7,True,281.0,17.0,19,14,,A.J. Brown | Bhayshul Tuten | Chase Brown | David Montgomery | Jakobi Meyers | Jameson Williams | Justin Herbert | Kyren Williams | Mark Andrews | Rome Odunze | Tony Pollard | TreVeyon Henderson | Tyler Warren,1,6,4,2,1638.404501914978,1467.0501098632812
tuten,6,8,True,281.0,17.0,14,8,,Bhayshul Tuten | Chase Brown | Christian Watson | D'Andre Swift | Derrick Henry | Emeka Egbuka | George Kittle | Jakobi Meyers | Jalen Hurts | Josh Jacobs | Kyle Monangai | Makai Lemon | Sam LaPorta,1,6,4,2,1668.6625442504883,1463.592529296875
tuten,6,9,True,262.0,36.0,18,12,,Bhayshul Tuten | Carnell Tate | Chase Brown | Christian Watson | D'Andre Swift | Dallas Goedert | David Montgomery | George Kittle | Jared Goff | Jayden Reed | Josh Jacobs | Luther Burden III | Tony Pollard,1,6,4,2,1611.3345203399658,1459.3272583007813
tuten,6,10,True,280.0,18.0,15,12,,Bhayshul Tuten | Brock Bowers | Chase Brown | Christian Watson | David Montgomery | Jalen Hurts | Jameson Williams | Jayden Reed | Josh Jacobs | Michael Pittman | Rhamondre Stevenson | Rico Dowdle | Tyler Warren,1,6,4,2,1660.1315031051636,1459.692431640625
tuten,6,11,True,253.0,45.0,17,15,,Bhayshul Tuten | Chase Brown | DJ Moore | Emeka Egbuka | George Kittle | Harold Fannin Jr. | Jalen Hurts | Josh Jacobs | Malik Nabers | Marvin Harrison Jr. | Michael Pittman | Rhamondre Stevenson | Tony Pollard,1,5,5,2,1652.162163734436,1472.7878662109374
tuten,6,12,True,261.0,37.0,18,16,,Bhayshul Tuten | Bucky Irving | Chase Brown | Chris Godwin Jr. | Christian Watson | Dallas Goedert | Derrick Henry | Harold Fannin Jr. | Jalen Hurts | Jameson Williams | Rhamondre Stevenson | Rome Odunze | Tony Pollard,1,6,4,2,1648.5005912780762,1442.58310546875
tuten,6,13,True,278.0,20.0,15,8,,Bhayshul Tuten | Chase Brown | Christian Watson | D'Andre Swift | Dak Prescott | Dalton Kincaid | Derrick Henry | Harold Fannin Jr. | Jadarian Price | Jameson Williams | Jordyn Tyson | Kyren Williams | Wan'Dale Robinson,1,6,4,2,1677.762020111084,1489.7827026367188
tuten,6,14,True,281.0,17.0,13,6,,Bhayshul Tuten | Chase Brown | Derrick Henry | Drake Maye | George Kittle | Jameson Williams | Jaylen Waddle | Jordan Addison | Josh Jacobs | Kenny Gainwell | Kyle Pitts | TreVeyon Henderson | Wan'Dale Robinson,1,6,4,2,1655.6637687683105,1476.3049438476562
tuten,6,15,True,286.0,12.0,14,6,,Alec Pierce | Bhayshul Tuten | Brian Thomas Jr. | Caleb Williams | Chase Brown | Derrick Henry | Harold Fannin Jr. | Jadarian Price | Jameson Williams | Kyren Williams | Luther Burden III | Rhamondre Stevenson | Xavier Worthy,1,6,5,1,1654.8048009872437,1462.097314453125
tuten,6,16,True,274.0,24.0,13,8,,Bhayshul Tuten | Chase Brown | Chuba Hubbard | Dallas Goedert | Derrick Henry | Drake Maye | George Kittle | Jameson Williams | Jaylen Warren | Jordan Addison | Jordyn Tyson | Josh Jacobs | Malik Nabers,1,6,4,2,1668.9214878082275,1458.31240234375
tuten,6,17,True,281.0,17.0,21,19,,Alec Pierce | Bhayshul Tuten | Blake Corum | Chase Brown | Chris Godwin Jr. | Chris Olave | Emeka Egbuka | George Kittle | Harold Fannin Jr. | Jaylen Warren | Josh Allen | Terry McLaurin | Zay Flowers,1,4,6,2,1622.468397140503,1437.8653442382813
tuten,6,18,True,276.0,22.0,15,9,,Bhayshul Tuten | Carnell Tate | Chase Brown | Christian Watson | Drake Maye | George Kittle | Harold Fannin Jr. | Jaylen Warren | Kenny Gainwell | Kyren Williams | Luther Burden III | Marvin Harrison Jr. | Omarion Hampton,1,6,4,2,1659.0135822296143,1481.7386352539063
tuten,6,19,True,284.0,14.0,21,17,,Bhayshul Tuten | Chase Brown | Christian Watson | Colston Loveland | D'Andre Swift | Drake London | Jayden Reed | Josh Allen | Kyle Monangai | Kyle Pitts | Rico Dowdle | Wan'Dale Robinson | Zach Charbonnet,1,6,4,2,1638.9816417694092,1461.6143188476562
tuten,6,20,True,286.0,12.0,12,5,,Bhayshul Tuten | Chase Brown | Christian Watson | Chuba Hubbard | Derrick Henry | Emeka Egbuka | Harold Fannin Jr. | Jalen Hurts | Jameson Williams | Kyren Williams | Mark Andrews | Rachaad White | Wan'Dale Robinson,1,6,4,2,1676.24977684021,1479.077587890625
tuten,6,21,True,290.0,8.0,17,10,,Bhayshul Tuten | Chase Brown | Colston Loveland | D'Andre Swift | Drake Maye | Emeka Egbuka | George Kittle | Josh Jacobs | Kenny Gainwell | Kyren Williams | Marvin Harrison Jr. | Quentin Johnston | Wan'Dale Robinson,1,6,4,2,1659.5263299942017,1476.675732421875
tuten,6,22,True,273.0,25.0,16,12,,Bhayshul Tuten | Chase Brown | Emeka Egbuka | Harold Fannin Jr. | Jake Ferguson | Jalen Hurts | Jameson Williams | Jordyn Tyson | Josh Jacobs | Kyren Williams | Michael Pittman | Tony Pollard | TreVeyon Henderson,1,6,4,2,1665.083577156067,1446.6510986328126
tuten,6,23,True,248.0,50.0,20,15,,Bhayshul Tuten | Chase Brown | Christian Watson | Chuba Hubbard | D'Andre Swift | DK Metcalf | Drake Maye | Emeka Egbuka | Harold Fannin Jr. | J.K. Dobbins | Jake Ferguson | Jaylen Warren | Ladd McConkey,1,6,4,2,1591.1153602600098,1414.213330078125
tuten,7,0,True,226.0,72.0,13,13,,Bhayshul Tuten | Bo Nix | Carnell Tate | Chase Brown | Chuba Hubbard | Derrick Henry | Emeka Egbuka | George Kittle | Jameson Williams | Jayden Reed | Rachaad White | Tee Higgins | Tyler Warren,1,5,5,2,1625.6839628219604,1464.9901245117187
tuten,7,1,True,296.0,2.0,13,3,,Aaron Jones | Amon-Ra St. Brown | Bhayshul Tuten | Chase Brown | Chris Godwin Jr. | Christian Watson | Dalton Kincaid | De'Von Achane | Drake Maye | Germie Bernard | Isaiah Likely | Josh Downs | Rashee Rice,1,4,6,2,1678.7770366668701,1471.1479858398438
tuten,7,2,True,297.0,1.0,12,4,,A.J. Brown | Bhayshul Tuten | Chase Brown | David Montgomery | Derrick Henry | George Kittle | Harold Fannin Jr. | Jakobi Meyers | Jaylen Warren | Josh Allen | Malik Nabers | Marvin Harrison Jr. | Wan'Dale Robinson,1,5,5,2,1703.447735786438,1514.6878540039063
tuten,7,3,True,266.0,32.0,15,10,,Aaron Jones | Bhayshul Tuten | Chase Brown | Christian Watson | Emeka Egbuka | George Kittle | Jameson Williams | Jaylen Warren | Josh Allen | Makai Lemon | Michael Pittman | Omarion Hampton | Tony Pollard,1,6,5,1,1655.3679990768433,1478.115380859375
tuten,7,4,True,295.0,3.0,19,15,,Bhayshul Tuten | Brian Thomas Jr. | Bucky Irving | Chase Brown | D'Andre Swift | Davante Adams | Emeka Egbuka | George Kittle | Josh Allen | Luther Burden III | RJ Harvey | Rome Odunze | TreVeyon Henderson,1,6,5,1,1654.8154973983765,1468.2385498046874
tuten,7,5,True,283.0,15.0,13,5,,Bhayshul Tuten | Chase Brown | D'Andre Swift | DK Metcalf | Deebo Samuel Sr. | Isaiah Likely | Jaylen Warren | Josh Allen | Luther Burden III | Makai Lemon | Omarion Hampton | Tee Higgins | TreVeyon Henderson,1,6,5,1,1659.7953720092773,1465.9649780273437
tuten,7,6,True,276.0,22.0,12,9,,Bhayshul Tuten | Brian Thomas Jr. | Chase Brown | Christian Watson | D'Andre Swift | Derrick Henry | Jake Ferguson | Jaylen Warren | Jordan Mason | Jordyn Tyson | Josh Allen | Luther Burden III | Rome Odunze,1,6,5,1,1657.3408422470093,1510.099560546875
tuten,7,7,True,278.0,20.0,12,6,,Bhayshul Tuten | Carnell Tate | Chase Brown | Christian Watson | D'Andre Swift | Derrick Henry | George Kittle | Jameson Williams | Jonathon Brooks | Josh Allen | Makai Lemon | Michael Wilson | TreVeyon Henderson,1,6,5,1,1678.6893606185913,1492.3751953125
tuten,7,8,True,274.0,24.0,11,6,,Aaron Jones | Alec Pierce | Bhayshul Tuten | Chase Brown | Christian Watson | D'Andre Swift | Derrick Henry | George Kittle | Jameson Williams | Josh Allen | Marvin Harrison Jr. | Parker Washington | TreVeyon Henderson,1,6,5,1,1666.3667945861816,1497.2316528320312
tuten,7,9,True,290.0,8.0,11,3,,Bhayshul Tuten | Chase Brown | Chris Godwin Jr. | David Montgomery | Derrick Henry | Jameson Williams | Jaylen Warren | Jordan Addison | Josh Allen | Kyle Pitts | Parker Washington | Tee Higgins | Tony Pollard,1,6,5,1,1663.0468215942383,1505.0667114257812
tuten,7,10,True,297.0,1.0,13,5,,Bhayshul Tuten | Carnell Tate | Chase Brown | D'Andre Swift | Derrick Henry | George Kittle | Ja'Kobi Lane | Jordyn Tyson | Josh Allen | Luther Burden III | Rome Odunze | Tony Pollard | TreVeyon Henderson,1,6,5,1,1663.6544961929321,1483.2464111328125
tuten,7,11,True,278.0,20.0,15,9,,A.J. Brown | Bhayshul Tuten | Bucky Irving | Chase Brown | D'Andre Swift | Dak Prescott | George Kittle | Jameson Williams | Jaylen Warren | Luther Burden III | Rome Odunze | Tee Higgins | Tony Pollard,1,6,5,1,1614.3283224105835,1454.454638671875
tuten,7,12,True,276.0,22.0,15,11,,Bhayshul Tuten | Carnell Tate | Chase Brown | Christian Watson | D'Andre Swift | Isaiah Likely | Jameson Williams | Jaylen Warren | Josh Allen | Josh Jacobs | Luther Burden III | Rico Dowdle | Rome Odunze,1,6,5,1,1666.1930532455444,1496.3851440429687
tuten,7,13,True,271.0,27.0,11,6,,Bhayshul Tuten | Chase Brown | Derrick Henry | George Kittle | Jameson Williams | Jonathon Brooks | Josh Allen | Ladd McConkey | Luther Burden III | Makai Lemon | Rico Dowdle | Tee Higgins | Tony Pollard,1,6,5,1,1673.4944076538086,1526.9243408203124
tuten,7,14,True,292.0,6.0,13,7,,Alec Pierce | Bhayshul Tuten | Brian Thomas Jr. | Chase Brown | D'Andre Swift | Jameson Williams | Jordan Addison | Josh Allen | Omarion Hampton | RJ Harvey | Rome Odunze | Tony Pollard | Travis Kelce,1,6,5,1,1646.9772119522095,1428.3220947265625
tuten,7,15,True,279.0,19.0,13,8,,Bhayshul Tuten | Brian Thomas Jr. | Brock Purdy | Chase Brown | Christian Watson | DeVonta Smith | Derrick Henry | George Kittle | Jaylen Warren | Marvin Harrison Jr. | Tee Higgins | Tony Pollard | TreVeyon Henderson,1,6,5,1,1639.798487663269,1465.3663940429688
tuten,7,16,True,255.0,43.0,19,15,,Alec Pierce | Bhayshul Tuten | Chase Brown | Christian Watson | D'Andre Swift | Drake Maye | Emeka Egbuka | George Kittle | Jameson Williams | Jaylen Warren | Jonathon Brooks | Tetairoa McMillan | TreVeyon Henderson,1,6,5,1,1630.5265312194824,1456.2167114257813
tuten,7,17,True,239.0,59.0,16,14,,Alec Pierce | Bhayshul Tuten | Chase Brown | Christian Watson | George Kittle | Jacory Croskey-Merritt | Jakobi Meyers | Jeremiyah Love | Josh Allen | Khalil Shakir | TreVeyon Henderson | Woody Marks | Zay Flowers,1,6,5,1,1609.0559358596802,1434.191650390625
tuten,7,18,True,278.0,20.0,15,15,,Bhayshul Tuten | Carnell Tate | Chase Brown | Chuba Hubbard | Jameson Williams | Jayden Daniels | Josh Jacobs | Kyle Pitts | Luther Burden III | Rome Odunze | Tee Higgins | TreVeyon Henderson | Tyler Warren,1,5,5,2,1645.2492427825928,1456.3459716796874
tuten,7,19,True,288.0,10.0,14,11,,Aaron Jones | Bhayshul Tuten | Chase Brown | DK Metcalf | David Montgomery | Derrick Henry | Jadarian Price | Jameson Williams | Josh Allen | Luther Burden III | Michael Pittman | Parker Washington | Travis Kelce,1,6,5,1,1646.9199438095093,1472.6598266601563
tuten,7,20,True,285.0,13.0,18,16,,Amon-Ra St. Brown | Bhayshul Tuten | Carnell Tate | Chase Brown | Christian Watson | Chuba Hubbard | Isaiah Likely | Jadarian Price | Jonathon Brooks | Lamar Jackson | Rico Dowdle | Terry McLaurin | Zay Flowers,1,6,5,1,1639.360824584961,1490.99033203125
tuten,7,21,True,265.0,33.0,16,14,,A.J. Brown | Bhayshul Tuten | Chase Brown | David Montgomery | Jacory Croskey-Merritt | Jameson Williams | Josh Allen | Josh Downs | Parker Washington | Rachaad White | Rico Dowdle | Sam LaPorta | Zay Flowers,1,6,5,1,1615.5293579101562,1432.4850341796875
tuten,7,22,True,296.0,2.0,15,5,,Amon-Ra St. Brown | Bhayshul Tuten | Chase Brown | Dalton Kincaid | Germie Bernard | Isiah Pacheco | Jake Ferguson | Jordan Addison | Josh Allen | Malik Nabers | Puka Nacua | Seth McGowan | Xavier Worthy,1,4,6,2,1652.4940853118896,1479.414599609375
tuten,7,23,True,257.0,41.0,19,12,,Bhayshul Tuten | Chase Brown | Chris Godwin Jr. | DeVonta Smith | George Kittle | J.K. Dobbins | Jadarian Price | Jameson Williams | Jonathon Brooks | Josh Allen | Luther Burden III | Rico Dowdle | Rome Odunze,1,6,5,1,1625.2884092330933,1460.43671875
burden,0,0,True,264.0,34.0,15,9,,Blake Corum | Brian Thomas Jr. | Chase Brown | Christian Watson | David Montgomery | Emeka Egbuka | Harold Fannin Jr. | Jalen Hurts | Jameson Williams | Josh Jacobs | Luther Burden III | RJ Harvey | Rhamondre Stevenson,1,6,5,1,1640.3475074768066,1480.6810546875
burden,0,1,True,277.0,21.0,17,14,,Chase Brown | Christian Watson | Chuba Hubbard | D'Andre Swift | David Montgomery | Jalen Hurts | Jameson Williams | Jordyn Tyson | Luther Burden III | Quentin Johnston | Saquon Barkley | Tony Pollard | Tyler Warren,1,6,5,1,1651.7834072113037,1458.5798095703126
burden,0,2,True,271.0,27.0,16,8,,Bhayshul Tuten | Brian Thomas Jr. | Carnell Tate | Chase Brown | Christian Watson | D'Andre Swift | George Kittle | Jameson Williams | Jaylen Warren | Luther Burden III | Omarion Hampton | TreVeyon Henderson | Trevor Lawrence,1,6,5,1,1626.8168354034424,1456.1162841796875
burden,0,3,True,258.0,40.0,15,8,,Bhayshul Tuten | Chase Brown | Christian Watson | Emeka Egbuka | Jaxson Dart | Jonathon Brooks | Jordan Addison | Khalil Shakir | Kyle Monangai | Kyle Pitts | Luther Burden III | Omarion Hampton | TreVeyon Henderson,1,6,5,1,1611.5833835601807,1450.0319946289062
burden,0,4,True,288.0,10.0,16,9,,Alec Pierce | Chase Brown | Christian Watson | David Montgomery | Emeka Egbuka | Harold Fannin Jr. | Jadarian Price | Jalen Hurts | Josh Jacobs | Luther Burden III | Marvin Harrison Jr. | Rico Dowdle | TreVeyon Henderson,1,6,5,1,1637.0026483535767,1487.148193359375
burden,0,5,True,258.0,40.0,20,15,,Bhayshul Tuten | Chase Brown | Christian Watson | Emeka Egbuka | Jameson Williams | Jordan Mason | Kyle Pitts | Lamar Jackson | Luther Burden III | Rachaad White | Rhamondre Stevenson | Tetairoa McMillan | TreVeyon Henderson,1,6,5,1,1614.0884199142456,1439.7982788085938
burden,0,6,True,271.0,27.0,14,9,,Chase Brown | Chris Rodriguez Jr. | David Montgomery | Derrick Henry | Emeka Egbuka | Harold Fannin Jr. | Jameson Williams | Jayden Reed | Lamar Jackson | Luther Burden III | Michael Pittman | Rico Dowdle | TreVeyon Henderson,1,6,5,1,1649.381848335266,1480.0096313476563
burden,0,7,True,235.0,63.0,14,7,,Chase Brown | Dak Prescott | Derrick Henry | Emeka Egbuka | Harold Fannin Jr. | Jayden Reed | Jaylen Warren | Jonathon Brooks | Josh Downs | Kyle Monangai | Luther Burden III | Rico Dowdle | Tetairoa McMillan,1,6,5,1,1632.792137145996,1477.6245361328124
burden,0,8,True,236.0,62.0,12,8,,Brock Purdy | Carnell Tate | Chase Brown | Christian Watson | David Montgomery | Derrick Henry | Harold Fannin Jr. | Jameson Williams | Jonathon Brooks | Kyle Pitts | Luther Burden III | Makai Lemon | Quentin Johnston,1,4,6,2,1632.7526779174805,1427.1322265625
burden,0,9,True,286.0,12.0,12,7,,Bhayshul Tuten | Brian Thomas Jr. | Chase Brown | David Montgomery | Derrick Henry | Harold Fannin Jr. | Jalen Hurts | Ladd McConkey | Luther Burden III | Matthew Golden | Rico Dowdle | Rome Odunze | TreVeyon Henderson,1,6,5,1,1662.2178897857666,1492.8334350585938
burden,0,10,True,281.0,17.0,15,11,,Chase Brown | D'Andre Swift | David Montgomery | Harold Fannin Jr. | Jameson Williams | Jayden Daniels | Luther Burden III | Marvin Harrison Jr. | Omarion Hampton | Quentin Johnston | Rhamondre Stevenson | TreVeyon Henderson | Wan'Dale Robinson,1,6,5,1,1636.3079404830933,1434.4362548828126
burden,0,11,True,220.0,78.0,21,17,,Carnell Tate | Chase Brown | Christian Watson | Chuba Hubbard | Derrick Henry | J.K. Dobbins | Jadarian Price | Jayden Reed | Justin Herbert | Kyle Monangai | Luther Burden III | Makai Lemon | Sam LaPorta,1,6,5,1,1567.86457157135,1393.3125122070312
burden,0,12,True,272.0,26.0,13,11,,Chase Brown | Chuba Hubbard | Dak Prescott | Derrick Henry | Emeka Egbuka | Jameson Williams | Jaylen Warren | Jordan Addison | Luther Burden III | Rhamondre Stevenson | Tee Higgins | TreVeyon Henderson | Tyler Warren,1,6,5,1,1666.7342071533203,1517.067236328125
burden,0,13,True,270.0,28.0,19,17,,Alec Pierce | Bhayshul Tuten | Chase Brown | Davante Adams | David Montgomery | Harold Fannin Jr. | Jalen Hurts | Kyle Monangai | Luther Burden III | Rhamondre Stevenson | Rome Odunze | Tetairoa McMillan | TreVeyon Henderson,1,6,5,1,1609.398585319519,1428.948095703125
burden,0,14,True,221.0,77.0,17,12,,Blake Corum | Chase Brown | David Montgomery | Derrick Henry | Harold Fannin Jr. | Jalen Hurts | Jayden Reed | Jaylen Warren | Jonathon Brooks | Jordyn Tyson | Luther Burden III | Marvin Harrison Jr. | Michael Pittman,1,6,5,1,1599.5551080703735,1391.2936767578126
burden,0,15,True,262.0,36.0,15,10,,Chase Brown | Christian Watson | D'Andre Swift | DK Metcalf | David Montgomery | Derrick Henry | J.K. Dobbins | Jalen Hurts | Jameson Williams | Kyle Pitts | Luther Burden III | Rachaad White | Wan'Dale Robinson,1,6,5,1,1652.6913404464722,1463.910302734375
burden,0,16,True,242.0,56.0,13,8,,Caleb Williams | Chase Brown | Chris Godwin Jr. | Chuba Hubbard | Derrick Henry | Harold Fannin Jr. | J.K. Dobbins | Jacory Croskey-Merritt | KC Concepcion | Kyle Pitts | Luther Burden III | Malik Nabers | TreVeyon Henderson,1,6,4,2,1610.0093507766724,1436.557373046875
burden,0,17,True,277.0,21.0,17,12,,Chase Brown | D'Andre Swift | David Montgomery | Derrick Henry | Jalen Hurts | Jameson Williams | Jayden Reed | Jonathon Brooks | Luther Burden III | Makai Lemon | RJ Harvey | Tee Higgins | Tyler Warren,1,6,5,1,1678.2352142333984,1495.6481201171875
burden,0,18,True,247.0,51.0,14,9,,Chase Brown | Chuba Hubbard | Dalton Kincaid | Drake Maye | Emeka Egbuka | J.K. Dobbins | Jameson Williams | Jayden Reed | Jaylen Waddle | Jeremiyah Love | Jonathon Brooks | Luther Burden III | Rhamondre Stevenson,1,6,5,1,1600.5793476104736,1435.0851318359375
burden,0,19,True,263.0,35.0,18,13,,Alec Pierce | Bhayshul Tuten | Chase Brown | Christian Watson | Emeka Egbuka | Harold Fannin Jr. | Jaylen Warren | Jordan Mason | Luther Burden III | Marvin Harrison Jr. | Omarion Hampton | Rico Dowdle | Trevor Lawrence,1,6,5,1,1603.963833808899,1425.4807983398437
burden,0,20,True,250.0,48.0,18,15,,Bhayshul Tuten | Chase Brown | David Montgomery | Emeka Egbuka | Jalen Hurts | Jameson Williams | Kyle Monangai | Kyle Pitts | Luther Burden III | Michael Pittman | Rhamondre Stevenson | Tee Higgins | Tony Pollard,1,6,5,1,1613.4513130187988,1436.4014404296875
burden,0,21,True,277.0,21.0,13,6,,Alec Pierce | Bhayshul Tuten | Carnell Tate | Chase Brown | Dak Prescott | Dalton Kincaid | David Montgomery | Derrick Henry | Jameson Williams | Jaylen Warren | Jordan Addison | Luther Burden III | Rhamondre Stevenson,1,6,5,1,1626.0865983963013,1471.3621337890625
burden,0,22,True,250.0,48.0,16,10,,Alec Pierce | Blake Corum | Bo Nix | Brian Thomas Jr. | Chase Brown | David Montgomery | Derrick Henry | Harold Fannin Jr. | Jameson Williams | Luther Burden III | RJ Harvey | Rico Dowdle | Rome Odunze,1,6,5,1,1620.2303743362427,1438.7123291015625
burden,0,23,True,278.0,20.0,16,10,,Alec Pierce | Chase Brown | Christian Watson | Colston Loveland | D'Andre Swift | Derrick Henry | Jalen Hurts | Jameson Williams | Khalil Shakir | Kyle Monangai | Luther Burden III | Tony Pollard | TreVeyon Henderson,1,6,5,1,1667.190279006958,1500.8656372070313
burden,1,0,True,278.0,20.0,15,9,,Chase Brown | Christian Watson | D'Andre Swift | George Kittle | Harold Fannin Jr. | Jared Goff | Jordan Addison | Kyle Monangai | Kyren Williams | Luther Burden III | Omarion Hampton | RJ Harvey | Rome Odunze,1,6,4,2,1644.4802856445312,1453.6227172851563
burden,1,1,True,286.0,12.0,16,14,,Bhayshul Tuten | Chase Brown | David Montgomery | Derrick Henry | Jameson Williams | Jaylen Warren | Kyle Pitts | Lamar Jackson | Luther Burden III | Makai Lemon | Rome Odunze | Sam LaPorta | Tony Pollard,1,6,4,2,1680.6752252578735,1512.7660034179687
burden,1,2,True,285.0,13.0,15,11,,Carnell Tate | Chase Brown | Dalton Kincaid | Derrick Henry | George Kittle | Jadarian Price | Jalen Hurts | Jaylen Warren | Luther Burden III | Tee Higgins | TreVeyon Henderson | Zach Charbonnet | Zay Flowers,1,6,4,2,1650.6372938156128,1464.5669799804687
burden,1,3,True,231.0,67.0,20,18,,Alec Pierce | Chase Brown | Derrick Henry | Jacory Croskey-Merritt | Jake Ferguson | Kyle Pitts | Lamar Jackson | Luther Burden III | Makai Lemon | RJ Harvey | Rachaad White | Tee Higgins | TreVeyon Henderson,1,6,4,2,1617.4601640701294,1436.6489013671876
burden,1,4,True,262.0,36.0,17,14,,Alec Pierce | Breece Hall | Brian Thomas Jr. | Chase Brown | George Kittle | Jaylen Warren | Kyle Monangai | Kyren Williams | Lamar Jackson | Luther Burden III | Tony Pollard | Tyler Warren | Wan'Dale Robinson,1,6,4,2,1662.7005910873413,1465.9865234375
burden,1,5,True,271.0,27.0,16,11,,Bucky Irving | Chase Brown | Christian Watson | Chuba Hubbard | Dalton Kincaid | David Montgomery | Derrick Henry | J.K. Dobbins | Jameson Williams | Lamar Jackson | Luther Burden III | Tee Higgins | Travis Kelce,1,6,4,2,1657.3703145980835,1493.4582153320312
burden,1,6,True,265.0,33.0,17,13,,Chase Brown | D'Andre Swift | Harold Fannin Jr. | Jameson Williams | Kyle Monangai | Kyle Pitts | Lamar Jackson | Luther Burden III | Matthew Golden | Omarion Hampton | Rachaad White | Rhamondre Stevenson | Tee Higgins,1,6,4,2,1667.4687576293945,1466.4797241210938
burden,1,7,True,267.0,31.0,16,11,,Chase Brown | Christian Watson | Jameson Williams | Josh Jacobs | Kyle Monangai | Kyren Williams | Lamar Jackson | Luther Burden III | RJ Harvey | Rome Odunze | Sam LaPorta | Tony Pollard | Travis Kelce,1,6,4,2,1671.9023532867432,1499.0341796875
burden,1,8,True,263.0,35.0,15,10,,Chase Brown | Dallas Goedert | David Montgomery | Emeka Egbuka | Harold Fannin Jr. | Jameson Williams | Jayden Reed | Kyren Williams | Lamar Jackson | Luther Burden III | Tee Higgins | Tony Pollard | TreVeyon Henderson,1,5,5,2,1672.704833984375,1515.9778686523437
burden,1,9,True,273.0,25.0,17,12,,Chase Brown | David Montgomery | De'Zhaun Stribling | George Kittle | Isaiah Likely | Jacory Croskey-Merritt | Jalen Hurts | Kenneth Walker III | Kyren Williams | Luther Burden III | Michael Wilson | Rome Odunze | Tony Pollard,1,6,4,2,1636.7108192443848,1454.7742431640625
burden,1,10,True,260.0,38.0,16,13,,Breece Hall | Chase Brown | DK Metcalf | Emeka Egbuka | Josh Allen | Kaelon Black | Kyle Pitts | Luther Burden III | Rachaad White | Rashee Rice | Stefon Diggs | TreVeyon Henderson | Tyrone Tracy Jr.,1,6,5,1,1637.113245010376,1451.40068359375
burden,1,11,True,274.0,24.0,16,13,,Bucky Irving | Chase Brown | Dallas Goedert | Jalen Hurts | Jeremiyah Love | Kyle Monangai | Kyle Pitts | Luther Burden III | Makai Lemon | Rome Odunze | Tetairoa McMillan | Tony Pollard | TreVeyon Henderson,1,6,4,2,1645.4794549942017,1453.8127685546874
burden,1,12,True,263.0,35.0,15,13,,Aaron Jones | Chase Brown | Christian Watson | David Montgomery | Emeka Egbuka | Harold Fannin Jr. | Jaylen Warren | Kyle Pitts | Kyren Williams | Luther Burden III | Matthew Stafford | Tee Higgins | TreVeyon Henderson,1,6,4,2,1639.1961660385132,1495.5041259765626
burden,1,13,True,281.0,17.0,14,9,,Chase Brown | D'Andre Swift | Derrick Henry | Harold Fannin Jr. | Jameson Williams | Jaylen Warren | Kyle Pitts | Kyren Williams | Lamar Jackson | Luther Burden III | Makai Lemon | TreVeyon Henderson | Xavier Worthy,1,6,4,2,1699.950979232788,1516.0410522460938
burden,1,14,True,283.0,15.0,15,14,,Alec Pierce | Bucky Irving | Chase Brown | David Montgomery | Derrick Henry | Harold Fannin Jr. | Jadarian Price | Jameson Williams | Kyle Pitts | Lamar Jackson | Luther Burden III | RJ Harvey | Rome Odunze,1,6,4,2,1683.3129243850708,1511.0444946289062
burden,1,15,True,251.0,47.0,22,20,,Chase Brown | David Montgomery | George Kittle | Jordan Mason | Josh Allen | Kyle Monangai | Luther Burden III | Mark Andrews | Rhamondre Stevenson | Rico Dowdle | Rome Odunze | Tee Higgins | Tetairoa McMillan,1,6,4,2,1606.564001083374,1430.991162109375
burden,1,16,True,273.0,25.0,18,20,,Alec Pierce | Chase Brown | Davante Adams | Derrick Henry | Harold Fannin Jr. | Jacory Croskey-Merritt | Jaylen Warren | Joe Burrow | Kyle Pitts | Luther Burden III | RJ Harvey | Tetairoa McMillan | Zay Flowers,1,5,5,2,1653.5794486999512,1451.291455078125
burden,1,17,True,249.0,49.0,13,9,,Chase Brown | David Montgomery | Derrick Henry | Harold Fannin Jr. | Jayden Daniels | Jaylen Warren | Luther Burden III | Makai Lemon | Mark Andrews | RJ Harvey | Rachaad White | Rome Odunze | Tee Higgins,1,6,4,2,1632.0659265518188,1487.5214111328125
burden,1,18,True,258.0,40.0,19,14,,Alec Pierce | Chase Brown | Harold Fannin Jr. | Jordan Mason | Kyle Pitts | Lamar Jackson | Luther Burden III | Omarion Hampton | RJ Harvey | Rome Odunze | Tetairoa McMillan | Tony Pollard | TreVeyon Henderson,1,6,4,2,1654.3698434829712,1460.7776733398437
burden,1,19,True,220.0,78.0,20,20,,Bucky Irving | Chase Brown | Harold Fannin Jr. | Isaiah Likely | Jameson Williams | Jaylen Warren | Josh Downs | Ladd McConkey | Lamar Jackson | Luther Burden III | RJ Harvey | Rachaad White | Tony Pollard,1,6,4,2,1613.7672548294067,1416.868359375
burden,1,20,True,284.0,14.0,14,11,,Chase Brown | David Montgomery | Derrick Henry | Harold Fannin Jr. | Jake Ferguson | Jalen Hurts | Jameson Williams | Jaylen Warren | Luther Burden III | RJ Harvey | Tee Higgins | Tetairoa McMillan | TreVeyon Henderson,1,6,4,2,1676.4115238189697,1506.9609985351562
burden,1,21,True,260.0,38.0,16,12,,Carnell Tate | Chase Brown | Derrick Henry | Harold Fannin Jr. | J.K. Dobbins | Joe Burrow | KC Concepcion | Kyle Monangai | Kyle Pitts | Kyren Williams | Luther Burden III | Tee Higgins | Zach Charbonnet,1,6,4,2,1644.9074716567993,1463.312060546875
burden,1,22,True,235.0,63.0,19,16,,Alec Pierce | Chase Brown | Christian Watson | David Montgomery | George Kittle | Harold Fannin Jr. | J.K. Dobbins | Joe Burrow | Jordan Mason | Kyle Monangai | Luther Burden III | Omarion Hampton | Tee Higgins,1,6,4,2,1608.956238746643,1419.962353515625
burden,1,23,True,252.0,46.0,18,17,,Bhayshul Tuten | Chase Brown | Derrick Henry | Jadarian Price | Jameson Williams | Jauan Jennings | Kyle Pitts | Luther Burden III | Makai Lemon | Matthew Stafford | Tee Higgins | Tony Pollard | Zach Charbonnet,1,6,5,1,1632.7650566101074,1455.8701904296875
burden,2,0,True,295.0,3.0,17,9,,Alec Pierce | Chase Brown | Jacory Croskey-Merritt | Jahmyr Gibbs | Jakobi Meyers | Jaylen Warren | Jonathan Taylor | KC Concepcion | Keenan Allen | Luther Burden III | Patrick Mahomes | Terrance Ferguson | Travis Kelce,1,5,5,2,1666.6820058822632,1497.5876586914062
burden,2,1,True,284.0,14.0,13,7,,Bijan Robinson | Chase Brown | Christian Watson | Chuba Hubbard | Dak Prescott | Harold Fannin Jr. | Jameson Williams | Kyle Pitts | Luther Burden III | Rachaad White | Tetairoa McMillan | Tony Pollard | TreVeyon Henderson,1,6,4,2,1692.4637775421143,1509.654345703125
burden,2,2,True,275.0,23.0,13,6,,Aaron Jones | Bijan Robinson | Chase Brown | DK Metcalf | David Montgomery | Emeka Egbuka | George Kittle | Jake Ferguson | Jalen Hurts | Jaylen Warren | Luther Burden III | Parker Washington | Tony Pollard,1,6,4,2,1677.9134063720703,1518.729052734375
burden,2,3,True,247.0,51.0,16,13,,Chase Brown | Chuba Hubbard | George Kittle | Isaiah Likely | Jadarian Price | Jaylen Waddle | Jaylen Warren | Lamar Jackson | Luther Burden III | Quentin Johnston | Rico Dowdle | Saquon Barkley | Zay Flowers,1,6,4,2,1641.8024349212646,1476.5729125976563
burden,2,4,True,282.0,16.0,14,8,,Alec Pierce | Bijan Robinson | Chase Brown | Christian Watson | George Kittle | Jacory Croskey-Merritt | Jameson Williams | Jayden Daniels | Jaylen Warren | Kyle Pitts | Luther Burden III | Tony Pollard | TreVeyon Henderson,1,6,4,2,1668.522777557373,1491.9784790039062
burden,2,5,True,267.0,31.0,14,6,,Chase Brown | Chris Olave | Christian Watson | DJ Moore | David Montgomery | Jake Ferguson | Josh Jacobs | Kenny Gainwell | Kyle Pitts | Lamar Jackson | Luther Burden III | Rhamondre Stevenson | Rico Dowdle,1,6,4,2,1656.6984949111938,1471.6022705078126
burden,2,6,True,244.0,54.0,17,11,,Alec Pierce | Bijan Robinson | Chase Brown | Chuba Hubbard | J.K. Dobbins | Jacory Croskey-Merritt | Jakobi Meyers | Jalen Hurts | Jameson Williams | Jordan Mason | Kyle Pitts | Luther Burden III | Sam LaPorta,1,6,4,2,1634.4604654312134,1447.9189208984376
burden,2,7,True,258.0,40.0,14,9,,Bijan Robinson | Chase Brown | Chuba Hubbard | George Kittle | Jacory Croskey-Merritt | Jameson Williams | Kyle Monangai | Kyle Pitts | Ladd McConkey | Lamar Jackson | Luther Burden III | Makai Lemon | TreVeyon Henderson,1,6,4,2,1679.172142982483,1485.0925537109374
burden,2,8,True,277.0,21.0,11,4,,Alec Pierce | Bijan Robinson | Chase Brown | Dallas Goedert | David Montgomery | Jadarian Price | Jayden Reed | Jaylen Warren | Kyle Pitts | Lamar Jackson | Luther Burden III | Matthew Golden | Tony Pollard,1,6,4,2,1658.2677183151245,1466.7869995117187
burden,2,9,True,282.0,16.0,15,16,,Chase Brown | D'Andre Swift | David Montgomery | George Kittle | Harold Fannin Jr. | Jameson Williams | Jaylen Waddle | Josh Allen | Kyren Williams | Luther Burden III | Michael Wilson | Parker Washington | Rachaad White,1,5,5,2,1683.480749130249,1467.256298828125
burden,2,10,True,298.0,0.0,13,4,,A.J. Brown | AJ Barner | Amon-Ra St. Brown | Chase Brown | De'Zhaun Stribling | Jacory Croskey-Merritt | Jordan Mason | Josh Allen | Josh Jacobs | Justice Hill | KC Concepcion | Luther Burden III | Malachi Fields,1,5,6,1,1636.5762510299683,1453.4823974609376
burden,2,11,True,280.0,18.0,12,7,,Alec Pierce | Chase Brown | DK Metcalf | David Montgomery | Derrick Henry | Harold Fannin Jr. | Jaylen Waddle | Kenny Gainwell | Kyle Pitts | Kyren Williams | Lamar Jackson | Luther Burden III | TreVeyon Henderson,1,6,4,2,1700.746081352234,1538.5314697265626
burden,2,12,True,292.0,6.0,14,7,,Alec Pierce | Bijan Robinson | Chase Brown | Christian Watson | Chuba Hubbard | Dak Prescott | Harold Fannin Jr. | Jordan Mason | Kyle Pitts | Ladd McConkey | Luther Burden III | Tony Pollard | TreVeyon Henderson,1,6,4,2,1672.0224695205688,1476.12529296875
burden,2,13,True,247.0,51.0,18,12,,Bucky Irving | Chase Brown | Chuba Hubbard | David Montgomery | Harold Fannin Jr. | Jameson Williams | Josh Downs | Kenny Gainwell | Lamar Jackson | Luther Burden III | Rhamondre Stevenson | Sam LaPorta | Tetairoa McMillan,1,6,4,2,1617.9677696228027,1437.4526489257812
burden,2,14,True,293.0,5.0,14,10,,Alec Pierce | Bijan Robinson | Chase Brown | Christian Watson | Dalton Kincaid | George Kittle | Jameson Williams | Jayden Reed | Jordan Mason | Khalil Shakir | Lamar Jackson | Luther Burden III | Omarion Hampton,1,4,6,2,1686.9815435409546,1488.1398559570312
burden,2,15,True,276.0,22.0,13,6,,Bijan Robinson | Chase Brown | David Montgomery | George Kittle | Jameson Williams | Kyle Monangai | Luther Burden III | Rhamondre Stevenson | Sam LaPorta | Tee Higgins | Tony Pollard | Trevor Lawrence | Wan'Dale Robinson,1,6,4,2,1674.2822189331055,1501.4781982421875
burden,2,16,True,273.0,25.0,17,10,,Bucky Irving | Caleb Williams | Chase Brown | Christian Watson | Chuba Hubbard | Dalton Kincaid | David Montgomery | Drake London | George Kittle | J.K. Dobbins | Jadarian Price | Luther Burden III | Parker Washington,1,6,4,2,1621.921305656433,1460.26064453125
burden,2,17,True,295.0,3.0,13,5,,AJ Barner | Chase Brown | Drake Maye | Jahmyr Gibbs | Jordan Mason | Jordyn Tyson | Luther Burden III | Malik Nabers | Mark Andrews | Matthew Golden | Samaje Perine | Saquon Barkley | Tre Harris,1,5,5,2,1659.109745979309,1461.6224487304687
burden,2,18,True,293.0,5.0,13,8,,Bijan Robinson | Chase Brown | Christian Watson | Chuba Hubbard | D'Andre Swift | DK Metcalf | George Kittle | Jaylen Warren | Khalil Shakir | Kyle Pitts | Lamar Jackson | Luther Burden III | TreVeyon Henderson,1,6,4,2,1671.6458835601807,1492.2023803710938
burden,2,19,True,283.0,15.0,18,16,,Bucky Irving | Carnell Tate | Chase Brown | Colston Loveland | DJ Moore | David Montgomery | Jayden Reed | Kyle Pitts | Kyren Williams | Ladd McConkey | Lamar Jackson | Luther Burden III | Rico Dowdle,1,5,5,2,1693.421480178833,1513.4756591796875
burden,2,20,True,262.0,36.0,13,8,,Bijan Robinson | Chase Brown | Chuba Hubbard | David Montgomery | George Kittle | Jacory Croskey-Merritt | Jaylen Warren | Kyle Pitts | Lamar Jackson | Luther Burden III | Makai Lemon | Rome Odunze | Wan'Dale Robinson,1,6,4,2,1666.623041152954,1478.4161376953125
burden,2,21,True,273.0,25.0,15,7,,Bijan Robinson | Chase Brown | Chuba Hubbard | George Kittle | Jake Ferguson | Jakobi Meyers | Jalen Hurts | Jaylen Warren | Luther Burden III | Parker Washington | Rome Odunze | Tony Pollard | TreVeyon Henderson,1,6,4,2,1649.6165075302124,1499.91494140625
burden,2,22,True,224.0,74.0,23,16,,Alec Pierce | Chase Brown | Chuba Hubbard | David Montgomery | Emeka Egbuka | Jayden Daniels | Jaylen Waddle | Kyle Pitts | Luther Burden III | Mark Andrews | Rico Dowdle | Tony Pollard | TreVeyon Henderson,1,6,4,2,1596.7249307632446,1438.8746948242188
burden,2,23,True,296.0,2.0,16,8,,Adonai Mitchell | Caleb Williams | Chase Brown | De'Von Achane | George Kittle | Jahmyr Gibbs | KC Concepcion | Luther Burden III | Rachaad White | Romeo Doubs | Seth McGowan | Stefon Diggs | Tee Higgins,1,5,6,1,1656.5586967468262,1453.5733520507813
burden,3,0,True,278.0,20.0,16,11,,Chase Brown | Christian Watson | Chuba Hubbard | D'Andre Swift | Derrick Henry | Drake Maye | Jameson Williams | Jonathon Brooks | Kyle Pitts | Luther Burden III | Mark Andrews | Rhamondre Stevenson | Tee Higgins,1,6,4,2,1663.9792318344116,1495.69404296875
burden,3,1,True,280.0,18.0,15,7,,Blake Corum | Chase Brown | DK Metcalf | Derrick Henry | Harold Fannin Jr. | Jadarian Price | Jameson Williams | Josh Jacobs | Luther Burden III | Makai Lemon | Mark Andrews | TreVeyon Henderson | Trevor Lawrence,1,6,4,2,1643.8260879516602,1460.6466796875
burden,3,2,True,274.0,24.0,14,9,,Bijan Robinson | Chase Brown | D'Andre Swift | Emeka Egbuka | Harold Fannin Jr. | Jameson Williams | Jordan Mason | Jordyn Tyson | Kyle Monangai | Kyle Pitts | Lamar Jackson | Luther Burden III | Tony Pollard,1,6,4,2,1715.424012184143,1511.080615234375
burden,3,3,True,262.0,36.0,16,10,,Bhayshul Tuten | Bucky Irving | Chase Brown | Derrick Henry | Jake Ferguson | Jameson Williams | Luther Burden III | Makai Lemon | Matthew Stafford | Quentin Johnston | Rhamondre Stevenson | Rico Dowdle | Travis Kelce,1,6,4,2,1601.6841402053833,1433.9995849609375
burden,3,4,True,270.0,28.0,12,5,,Alec Pierce | Bijan Robinson | Carnell Tate | Chase Brown | Chris Godwin Jr. | Dak Prescott | Harold Fannin Jr. | Jaylen Warren | Kyle Pitts | Luther Burden III | Rhamondre Stevenson | Rico Dowdle | TreVeyon Henderson,1,6,4,2,1673.482096672058,1482.41728515625
burden,3,5,True,239.0,59.0,17,16,,Alec Pierce | Bijan Robinson | Brian Thomas Jr. | Chase Brown | Dak Prescott | Dallas Goedert | David Montgomery | George Kittle | Jonathon Brooks | Luther Burden III | Makai Lemon | Michael Pittman | TreVeyon Henderson,1,5,5,2,1662.510754585266,1498.0708129882812
burden,3,6,True,261.0,37.0,17,14,,Bijan Robinson | Chase Brown | Christian Watson | Chuba Hubbard | Dallas Goedert | Drake Maye | Harold Fannin Jr. | Jameson Williams | Jayden Reed | Jonathon Brooks | Luther Burden III | Rhamondre Stevenson | Tony Pollard,1,6,4,2,1690.3476428985596,1524.7085205078124
burden,3,7,True,253.0,45.0,18,16,,Blake Corum | Chase Brown | Chuba Hubbard | Drake Maye | Jameson Williams | Jaylen Warren | Jordan Addison | Josh Jacobs | Kyle Pitts | Kyren Williams | Luther Burden III | Malik Nabers | Travis Kelce,1,6,4,2,1657.0608758926392,1460.448095703125
burden,3,8,True,274.0,24.0,15,9,,Bijan Robinson | Carnell Tate | Chase Brown | Chris Rodriguez Jr. | Christian Watson | D'Andre Swift | Dak Prescott | George Kittle | Harold Fannin Jr. | Jayden Reed | Jordan Mason | Luther Burden III | TreVeyon Henderson,1,6,4,2,1681.9612131118774,1467.7213989257812
burden,3,9,True,268.0,30.0,12,8,,Bijan Robinson | Chase Brown | Christian Watson | David Montgomery | De'Zhaun Stribling | George Kittle | Jameson Williams | Jonathon Brooks | Kyle Pitts | Lamar Jackson | Luther Burden III | Rachaad White | TreVeyon Henderson,1,6,4,2,1697.170573234558,1509.0132690429687
burden,3,10,True,293.0,5.0,12,6,,Alec Pierce | Bijan Robinson | Chase Brown | D'Andre Swift | George Kittle | Harold Fannin Jr. | J.K. Dobbins | Jalen Hurts | Jameson Williams | Jaylen Warren | Luther Burden III | Makai Lemon | TreVeyon Henderson,1,6,4,2,1706.1626825332642,1516.6569702148438
burden,3,11,True,272.0,26.0,19,15,,Chase Brown | Colston Loveland | Derrick Henry | Drake Maye | Harold Fannin Jr. | J.K. Dobbins | Jaylen Warren | Jordan Addison | Luther Burden III | Malik Nabers | Michael Pittman | Rico Dowdle | Tony Pollard,1,6,4,2,1672.468731880188,1504.8471801757812
burden,3,12,True,250.0,48.0,16,11,,Aaron Jones | Bijan Robinson | Carnell Tate | Chase Brown | Chuba Hubbard | D'Andre Swift | DK Metcalf | Dak Prescott | Jake Ferguson | Jonathon Brooks | Kyle Pitts | Luther Burden III | Wan'Dale Robinson,1,6,4,2,1651.7387657165527,1442.685888671875
burden,3,13,True,273.0,25.0,17,14,,Brian Thomas Jr. | Bucky Irving | Chase Brown | Chuba Hubbard | Dak Prescott | Dalton Kincaid | De'Zhaun Stribling | Harold Fannin Jr. | Jonathan Taylor | Luther Burden III | Marvin Harrison Jr. | Rhamondre Stevenson | Tee Higgins,1,5,5,2,1651.1148900985718,1505.1074462890624
burden,3,14,True,273.0,25.0,14,8,,Bijan Robinson | Bucky Irving | Chase Brown | Christian Watson | George Kittle | Jameson Williams | Jonathon Brooks | Kyle Pitts | Luther Burden III | Rachaad White | Rico Dowdle | Trevor Lawrence | Wan'Dale Robinson,1,6,4,2,1676.5715589523315,1527.684521484375
burden,3,15,True,280.0,18.0,15,11,,Chase Brown | Christian Watson | D'Andre Swift | Dalton Kincaid | Jameson Williams | Jaxson Dart | Jaylen Warren | Jordan Addison | Josh Jacobs | Luther Burden III | Omarion Hampton | Sam LaPorta | TreVeyon Henderson,1,6,4,2,1659.364275932312,1461.8960205078124
burden,3,16,True,272.0,26.0,16,13,,Aaron Jones | Bijan Robinson | Chase Brown | George Kittle | Jameson Williams | Jordan Addison | Josh Jacobs | Luther Burden III | Rachaad White | Rico Dowdle | Trevor Lawrence | Tyler Warren | Wan'Dale Robinson,1,6,4,2,1694.8107929229736,1508.8702880859375
burden,3,17,True,260.0,38.0,17,11,,Blake Corum | Chase Brown | Dalton Kincaid | Derrick Henry | Jalen Hurts | Jordan Mason | Josh Jacobs | Kyle Pitts | Luther Burden III | Michael Wilson | Tee Higgins | Tony Pollard | Xavier Worthy,1,6,4,2,1641.6160802841187,1469.1074462890624
burden,3,18,True,267.0,31.0,17,13,,Alec Pierce | Bijan Robinson | Brock Purdy | Chase Brown | Christian Watson | Dallas Goedert | Jameson Williams | Kenny Gainwell | Kyle Pitts | Luther Burden III | RJ Harvey | Rhamondre Stevenson | Terry McLaurin,1,5,5,2,1662.606071472168,1484.21083984375
burden,3,19,True,284.0,14.0,16,8,,Blake Corum | Bo Nix | Brian Thomas Jr. | Chase Brown | D'Andre Swift | Derrick Henry | Emeka Egbuka | Harold Fannin Jr. | Isaiah Likely | Jayden Reed | Jonathon Brooks | Kyren Williams | Luther Burden III,1,6,4,2,1657.841194152832,1476.008984375
burden,3,20,True,275.0,23.0,15,10,,Bucky Irving | Chase Brown | Chris Godwin Jr. | Drake Maye | J.K. Dobbins | Jameson Williams | Jaylen Warren | Kyle Pitts | Luther Burden III | Sam LaPorta | Saquon Barkley | Terry McLaurin | TreVeyon Henderson,1,6,4,2,1646.1606063842773,1502.2021484375
burden,3,21,True,272.0,26.0,20,19,,Chase Brown | D'Andre Swift | Dak Prescott | Emeka Egbuka | George Kittle | Jonathon Brooks | Jordan Mason | Josh Jacobs | Luther Burden III | Malik Nabers | Marvin Harrison Jr. | Rhamondre Stevenson | Sam LaPorta,1,6,4,2,1634.360327720642,1462.30078125
burden,3,22,True,296.0,2.0,16,16,,Aaron Jones | Breece Hall | Chase Brown | Emeka Egbuka | Harold Fannin Jr. | Jaylen Warren | Josh Allen | Josh Downs | Luther Burden III | Malik Nabers | Rhamondre Stevenson | Rome Odunze | Tyler Warren,1,5,5,2,1679.16206741333,1536.0289916992188
burden,3,23,True,284.0,14.0,17,13,,Brian Thomas Jr. | Chase Brown | Dalton Kincaid | Drake Maye | George Kittle | Jaylen Warren | Josh Jacobs | Kenny Gainwell | Ladd McConkey | Luther Burden III | Rome Odunze | Saquon Barkley | TreVeyon Henderson,1,6,4,2,1659.9403629302979,1496.9650634765626
burden,4,0,True,277.0,21.0,14,6,,Chase Brown | Dalton Kincaid | David Montgomery | Emeka Egbuka | George Kittle | J.K. Dobbins | Kyren Williams | Lamar Jackson | Luther Burden III | Michael Pittman | Omarion Hampton | Rico Dowdle | Wan'Dale Robinson,1,6,4,2,1645.2471027374268,1424.518798828125
burden,4,1,True,263.0,35.0,16,14,,Chase Brown | D'Andre Swift | Davante Adams | David Montgomery | Derrick Henry | Emeka Egbuka | George Kittle | Harold Fannin Jr. | Jalen Hurts | Jordan Mason | Luther Burden III | Marvin Harrison Jr. | Rhamondre Stevenson,1,6,4,2,1670.3050651550293,1486.1439697265625
burden,4,2,True,240.0,58.0,15,11,,Aaron Jones | Alec Pierce | Chase Brown | Chris Olave | Dalton Kincaid | Derrick Henry | Kyren Williams | Luther Burden III | Quentin Johnston | RJ Harvey | Rachaad White | Travis Kelce | Trevor Lawrence,1,6,4,2,1618.7864332199097,1439.3083740234374
burden,4,3,True,290.0,8.0,17,16,,Chase Brown | Colston Loveland | D'Andre Swift | Emeka Egbuka | Harold Fannin Jr. | Jalen Hurts | Jameson Williams | Luther Burden III | Michael Pittman | Omarion Hampton | RJ Harvey | Rico Dowdle | TreVeyon Henderson,1,6,4,2,1661.697325706482,1473.0539916992188
burden,4,4,True,281.0,17.0,16,13,,Alec Pierce | Chase Brown | Dak Prescott | Harold Fannin Jr. | Jaylen Warren | Kyren Williams | Luther Burden III | Omarion Hampton | Rico Dowdle | Sam LaPorta | Tee Higgins | TreVeyon Henderson | Wan'Dale Robinson,1,6,4,2,1633.7380952835083,1465.983349609375
burden,4,5,True,268.0,30.0,16,14,,Aaron Jones | Chase Brown | Emeka Egbuka | Harold Fannin Jr. | J.K. Dobbins | Josh Allen | Kyle Monangai | Luther Burden III | Marvin Harrison Jr. | Michael Pittman | Omarion Hampton | Sam LaPorta | Tony Pollard,1,6,4,2,1631.4755926132202,1429.5714599609375
burden,4,6,True,239.0,59.0,19,14,,Alec Pierce | Chase Brown | Jeremiyah Love | Lamar Jackson | Luther Burden III | Marvin Harrison Jr. | Quentin Johnston | Rhamondre Stevenson | Rico Dowdle | Rome Odunze | Sam LaPorta | Tony Pollard | Travis Kelce,1,5,5,2,1578.5642318725586,1384.6037231445312
burden,4,7,True,282.0,16.0,17,14,,Bucky Irving | Chase Brown | Chris Olave | DK Metcalf | Jalen Hurts | Jaylen Warren | Jordan Addison | Kyren Williams | Luther Burden III | Rhamondre Stevenson | Tony Pollard | Travis Kelce | Tyler Warren,1,6,4,2,1641.1217670440674,1446.238232421875
burden,4,8,True,250.0,48.0,18,14,,Alec Pierce | Chase Brown | Derrick Henry | Harold Fannin Jr. | Jadarian Price | Jameson Williams | Jordan Mason | Kyle Pitts | Kyren Williams | Lamar Jackson | Luther Burden III | Matthew Golden | RJ Harvey,1,6,4,2,1673.4037799835205,1467.569873046875
burden,4,9,True,268.0,30.0,15,9,,Chase Brown | Christian Watson | Chuba Hubbard | D'Andre Swift | Derrick Henry | Emeka Egbuka | Harold Fannin Jr. | Jordan Mason | Lamar Jackson | Luther Burden III | Marvin Harrison Jr. | Travis Kelce | TreVeyon Henderson,1,6,4,2,1646.687087059021,1471.774462890625
burden,4,10,True,222.0,76.0,18,14,,Aaron Jones | Brock Purdy | Chase Brown | Chris Olave | Chuba Hubbard | Colston Loveland | D'Andre Swift | DK Metcalf | David Montgomery | Jordan Addison | Luther Burden III | Rhamondre Stevenson | Sam LaPorta,1,6,4,2,1574.0031986236572,1386.2942749023437
burden,4,11,True,234.0,64.0,17,13,,Alec Pierce | Brian Thomas Jr. | Chase Brown | Chuba Hubbard | Dak Prescott | Jameson Williams | Jeremiyah Love | Kyle Pitts | Luther Burden III | Rhamondre Stevenson | Sam LaPorta | Tony Pollard | TreVeyon Henderson,1,6,4,2,1588.7040691375732,1416.1813232421875
burden,4,12,True,271.0,27.0,12,5,,Bucky Irving | Chase Brown | Christian Watson | Dak Prescott | Dalton Kincaid | Derrick Henry | Emeka Egbuka | Harold Fannin Jr. | Jordan Mason | Luther Burden III | Malik Nabers | Rachaad White | Tony Pollard,1,6,4,2,1673.9414978027344,1525.55341796875
burden,4,13,True,259.0,39.0,16,16,,A.J. Brown | Bucky Irving | Chase Brown | Dalton Kincaid | Drake Maye | Harold Fannin Jr. | Kyren Williams | Luther Burden III | Quentin Johnston | RJ Harvey | Rachaad White | Tony Pollard | Zay Flowers,1,6,4,2,1654.975299835205,1487.6122924804688
burden,4,14,True,273.0,25.0,14,8,,Chase Brown | Christian Watson | Chuba Hubbard | Derrick Henry | Emeka Egbuka | Harold Fannin Jr. | Jacory Croskey-Merritt | Jalen Hurts | Jaylen Warren | Kyren Williams | Luther Burden III | Michael Wilson | Sam LaPorta,1,6,4,2,1682.2172861099243,1495.5381103515624
burden,4,15,True,244.0,54.0,19,16,,Brian Thomas Jr. | Chase Brown | Christian Watson | D'Andre Swift | Davante Adams | Jaxson Dart | Kyren Williams | Luther Burden III | Rico Dowdle | Sam LaPorta | TreVeyon Henderson | Tyler Warren | Zach Charbonnet,1,6,4,2,1611.1962413787842,1432.3248779296875
burden,4,16,True,297.0,1.0,13,3,,Chase Brown | Cyrus Allen | Derrick Henry | Jalen Coker | Jalen Nailor | Jordan James | Josh Jacobs | Justin Herbert | KC Concepcion | Luther Burden III | Mark Andrews | Omarion Hampton | Rashee Rice,1,5,6,1,1635.2566270828247,1438.7803466796875
burden,4,17,True,270.0,28.0,14,11,,Chase Brown | Davante Adams | Derrick Henry | Harold Fannin Jr. | Jakobi Meyers | Jameson Williams | Jaxson Dart | Kyren Williams | Luther Burden III | RJ Harvey | Rachaad White | Rhamondre Stevenson | Tyler Warren,1,6,4,2,1681.335774421692,1511.351806640625
burden,4,18,True,248.0,50.0,16,15,,Chase Brown | David Montgomery | Emeka Egbuka | Harold Fannin Jr. | Isaiah Likely | Jacory Croskey-Merritt | Jaylen Waddle | Luther Burden III | Patrick Mahomes | Rico Dowdle | Tetairoa McMillan | Tony Pollard | TreVeyon Henderson,1,6,4,2,1593.1197414398193,1429.6108520507812
burden,4,19,True,271.0,27.0,19,17,,Alec Pierce | Chase Brown | David Montgomery | Drake Maye | Emeka Egbuka | Harold Fannin Jr. | Josh Jacobs | Luther Burden III | Malik Nabers | RJ Harvey | Rhamondre Stevenson | Rico Dowdle | Travis Kelce,1,6,4,2,1644.8702402114868,1463.6638671875
burden,4,20,True,269.0,29.0,12,7,,Chase Brown | Drake Maye | Emeka Egbuka | J.K. Dobbins | Jacory Croskey-Merritt | Jayden Reed | Kenneth Walker III | Kyle Pitts | Kyren Williams | Luther Burden III | Marvin Harrison Jr. | Sam LaPorta | Tony Pollard,1,6,4,2,1639.661916732788,1428.380908203125
burden,4,21,True,291.0,7.0,18,20,,Bucky Irving | Chase Brown | Chris Olave | Drake London | Emeka Egbuka | Harold Fannin Jr. | Jalen Hurts | Jordan Mason | Kyle Pitts | Luther Burden III | RJ Harvey | Rico Dowdle | Tony Pollard,1,6,4,2,1661.2237787246704,1485.6841918945313
burden,4,22,True,279.0,19.0,13,5,,Bucky Irving | Chase Brown | Chris Godwin Jr. | Harold Fannin Jr. | Jameson Williams | Kyren Williams | Lamar Jackson | Luther Burden III | Quentin Johnston | Rachaad White | Saquon Barkley | Tony Pollard | Travis Kelce,1,6,4,2,1672.810534477234,1483.8838134765624
burden,4,23,True,277.0,21.0,12,5,,Caleb Williams | Chase Brown | Christian Watson | Chuba Hubbard | DJ Moore | George Kittle | Harold Fannin Jr. | Jameson Williams | Kenneth Walker III | Kyren Williams | Luther Burden III | Rhamondre Stevenson | Tony Pollard,1,6,4,2,1644.238522529602,1482.8667114257812
burden,5,0,True,258.0,40.0,20,17,,Bhayshul Tuten | Caleb Williams | Chase Brown | Derrick Henry | George Kittle | Harold Fannin Jr. | Jameson Williams | Kenny Gainwell | Luther Burden III | RJ Harvey | Rome Odunze | Terry McLaurin | Tony Pollard,1,6,4,2,1615.3975162506104,1426.4819702148438
burden,5,1,True,256.0,42.0,19,14,,Aaron Jones | Alec Pierce | Blake Corum | Bucky Irving | Chase Brown | Christian Watson | Derrick Henry | Jauan Jennings | Josh Allen | Luther Burden III | Matthew Golden | Rhamondre Stevenson | Sam LaPorta,1,6,5,1,1618.558506011963,1448.805322265625
burden,5,2,True,268.0,30.0,15,11,,Chase Brown | Christian Watson | D'Andre Swift | DJ Moore | Dalton Kincaid | Jameson Williams | Josh Allen | Kyle Pitts | Kyren Williams | Luther Burden III | RJ Harvey | Rachaad White | Rhamondre Stevenson,1,6,4,2,1642.0541496276855,1448.4956665039062
burden,5,3,True,287.0,11.0,12,6,,Bucky Irving | Chase Brown | D'Andre Swift | Harold Fannin Jr. | Jayden Reed | Josh Allen | Kyren Williams | Luther Burden III | Michael Wilson | Quentin Johnston | Rhamondre Stevenson | Tony Pollard | Tyler Warren,1,6,4,2,1632.4801206588745,1447.7622924804687
burden,5,4,True,286.0,12.0,16,10,,Chase Brown | Colston Loveland | DeVonta Smith | Derrick Henry | Jaylen Warren | Jordyn Tyson | Josh Allen | Kenny Gainwell | Kyle Pitts | Luther Burden III | Quentin Johnston | Rhamondre Stevenson | Rico Dowdle,1,6,4,2,1680.3197450637817,1495.8268798828126
burden,5,5,True,288.0,10.0,14,6,,Aaron Jones | Chase Brown | D'Andre Swift | DJ Moore | George Kittle | Harold Fannin Jr. | Jayden Reed | Josh Allen | Luther Burden III | Makai Lemon | Omarion Hampton | Rhamondre Stevenson | Tony Pollard,1,6,4,2,1634.1954469680786,1433.9992065429688
burden,5,6,True,273.0,25.0,14,8,,Blake Corum | Chase Brown | Christian Watson | D'Andre Swift | DK Metcalf | Derrick Henry | George Kittle | Jaylen Warren | Josh Allen | Kyle Pitts | Luther Burden III | Quentin Johnston | Rhamondre Stevenson,1,6,4,2,1659.882285118103,1481.2766723632812
burden,5,7,True,271.0,27.0,12,5,,Bhayshul Tuten | Chase Brown | DK Metcalf | Harold Fannin Jr. | Jaylen Warren | Jordan Mason | Josh Allen | Kyle Pitts | Kyren Williams | Luther Burden III | Quentin Johnston | Rhamondre Stevenson | Zay Flowers,1,6,4,2,1662.5884609222412,1495.643701171875
burden,5,8,True,280.0,18.0,16,10,,Bhayshul Tuten | Chase Brown | Christian Watson | D'Andre Swift | DK Metcalf | Drake London | Harold Fannin Jr. | Isaiah Likely | Jaylen Warren | Josh Allen | Luther Burden III | Rico Dowdle | Tony Pollard,1,6,4,2,1658.0578804016113,1446.0557373046875
burden,5,9,True,270.0,28.0,15,14,,Bhayshul Tuten | Breece Hall | Brian Thomas Jr. | Brock Purdy | Chase Brown | Chris Godwin Jr. | Colston Loveland | Courtland Sutton | Harold Fannin Jr. | Jaylen Warren | Luther Burden III | Tee Higgins | Zay Flowers,1,4,6,2,1618.1857690811157,1413.6542358398438
burden,5,10,True,267.0,31.0,16,11,,Chase Brown | Christian Watson | Emeka Egbuka | Harold Fannin Jr. | Jalen Hurts | Kenny Gainwell | Kyle Pitts | Kyren Williams | Luther Burden III | RJ Harvey | Rhamondre Stevenson | Rome Odunze | TreVeyon Henderson,1,6,4,2,1624.863561630249,1470.7792846679688
burden,5,11,True,242.0,56.0,22,18,,Bhayshul Tuten | Chase Brown | Colston Loveland | DJ Moore | J.K. Dobbins | Jalen Hurts | Jameson Williams | Jordan Mason | Josh Downs | Luther Burden III | Rhamondre Stevenson | TreVeyon Henderson | Tyler Warren,1,6,4,2,1563.1717510223389,1385.8286376953124
burden,5,12,True,274.0,24.0,15,11,,Chase Brown | DJ Moore | Derrick Henry | Harold Fannin Jr. | Jaylen Warren | Josh Allen | Kyle Monangai | Kyle Pitts | Luther Burden III | Quentin Johnston | Rome Odunze | Tony Pollard | TreVeyon Henderson,1,6,4,2,1659.7937154769897,1488.6879150390625
burden,5,13,True,295.0,3.0,18,17,,Bucky Irving | Chase Brown | Dak Prescott | Dalton Kincaid | DeVonta Smith | Jameson Williams | Jordan Mason | Kyle Pitts | Luther Burden III | Michael Wilson | Rashee Rice | Romeo Doubs | Saquon Barkley,1,4,6,2,1650.5400838851929,1453.9121826171875
burden,5,14,True,268.0,30.0,17,14,,Chase Brown | Chuba Hubbard | Jadarian Price | Jalen Hurts | Jameson Williams | Kyren Williams | Luther Burden III | Malik Nabers | Rhamondre Stevenson | Rico Dowdle | Sam LaPorta | Tyler Warren | Wan'Dale Robinson,1,6,4,2,1646.3927869796753,1463.0212036132812
burden,5,15,True,277.0,21.0,12,6,,Alec Pierce | Bhayshul Tuten | Chase Brown | Chuba Hubbard | Derrick Henry | Jayden Reed | Josh Allen | Kyle Pitts | Luther Burden III | Rhamondre Stevenson | Rome Odunze | Tony Pollard | Tyler Warren,1,6,4,2,1649.0112524032593,1466.1890625
burden,5,16,True,265.0,33.0,18,12,,Blake Corum | Bucky Irving | Chase Brown | Christian Watson | Harold Fannin Jr. | Jayden Reed | Jordan Addison | Josh Allen | Kyle Pitts | Luther Burden III | RJ Harvey | Rhamondre Stevenson | Saquon Barkley,1,6,4,2,1652.6955471038818,1446.6021728515625
burden,5,17,True,279.0,19.0,13,10,,Chase Brown | D'Andre Swift | DK Metcalf | Derrick Henry | Jakobi Meyers | Josh Allen | KC Concepcion | Kyle Pitts | Luther Burden III | Rome Odunze | Tee Higgins | Tony Pollard | Travis Kelce,1,4,6,2,1653.8598794937134,1475.8433837890625
burden,5,18,True,270.0,28.0,14,7,,Chase Brown | Chuba Hubbard | D'Andre Swift | DJ Moore | Jadarian Price | Jaylen Warren | Josh Allen | Kyle Pitts | Luther Burden III | Makai Lemon | Michael Wilson | Omarion Hampton | Sam LaPorta,1,6,4,2,1650.9558820724487,1451.8301147460938
burden,5,19,True,278.0,20.0,13,7,,Bhayshul Tuten | Brian Thomas Jr. | Chase Brown | Derrick Henry | Harold Fannin Jr. | Jameson Williams | Jaylen Warren | Josh Allen | Kyle Pitts | Luther Burden III | Quentin Johnston | RJ Harvey | Tony Pollard,1,6,4,2,1670.9731130599976,1490.1523681640624
burden,5,20,True,266.0,32.0,12,6,,Chase Brown | Christian Watson | Chuba Hubbard | D'Andre Swift | Derrick Henry | Harold Fannin Jr. | Jayden Reed | Jordan Mason | Josh Allen | Kyle Pitts | Luther Burden III | Makai Lemon | Rhamondre Stevenson,1,6,4,2,1649.3654689788818,1471.5099609375
burden,5,21,True,277.0,21.0,16,15,,Carnell Tate | Chase Brown | Colston Loveland | Derrick Henry | J.K. Dobbins | Jadarian Price | Jalen Hurts | Jameson Williams | Kenny Gainwell | Luther Burden III | Marvin Harrison Jr. | Rico Dowdle | Tyler Warren,1,6,4,2,1643.7032136917114,1455.77978515625
burden,5,22,True,248.0,50.0,19,14,,Bucky Irving | Chase Brown | Christian Watson | Colston Loveland | Harold Fannin Jr. | Jameson Williams | Jonathon Brooks | Jordyn Tyson | Josh Allen | Kyle Monangai | Luther Burden III | RJ Harvey | Rhamondre Stevenson,1,6,4,2,1621.736665725708,1447.2523681640625
burden,5,23,True,217.0,81.0,19,17,,Bucky Irving | Chase Brown | Chris Godwin Jr. | Chuba Hubbard | D'Andre Swift | Harold Fannin Jr. | Jameson Williams | Josh Allen | Kenny Gainwell | Luther Burden III | Rhamondre Stevenson | Tyler Warren | Wan'Dale Robinson,1,6,4,2,1610.1872024536133,1438.659619140625
burden,6,0,True,273.0,25.0,16,12,,Chase Brown | Christian Watson | D'Andre Swift | David Montgomery | Drake Maye | George Kittle | Jameson Williams | Jaylen Warren | Luther Burden III | Rhamondre Stevenson | Sam LaPorta | Tetairoa McMillan | TreVeyon Henderson,1,6,4,2,1616.4481678009033,1459.7605834960937
burden,6,1,True,264.0,34.0,14,11,,Bhayshul Tuten | Carnell Tate | Chase Brown | Derrick Henry | Drake Maye | Jameson Williams | Jaylen Warren | Jordan Addison | Jordan Mason | Kyle Pitts | Luther Burden III | Tony Pollard | Tyler Warren,1,6,4,2,1635.431616783142,1454.4699096679688
burden,6,2,True,294.0,4.0,15,13,,Chase Brown | Christian Watson | Drake London | George Kittle | Jameson Williams | Josh Allen | Kenny Gainwell | Kyle Pitts | Kyren Williams | Luther Burden III | Rico Dowdle | Rome Odunze | Tony Pollard,1,5,5,2,1706.7074880599976,1529.3117309570312
burden,6,3,True,295.0,3.0,14,8,,Chase Brown | Derrick Henry | Emeka Egbuka | George Kittle | Jameson Williams | Jayden Reed | Josh Allen | Luther Burden III | Mark Andrews | Rachaad White | Rhamondre Stevenson | TreVeyon Henderson | Zay Flowers,1,5,5,2,1688.6933059692383,1536.13671875
burden,6,4,True,277.0,21.0,13,6,,Chase Brown | Chuba Hubbard | D'Andre Swift | DJ Moore | Dak Prescott | Derrick Henry | Emeka Egbuka | George Kittle | Harold Fannin Jr. | Luther Burden III | Rhamondre Stevenson | Rico Dowdle | Rome Odunze,1,6,4,2,1659.097858428955,1499.9352661132812
burden,6,5,True,269.0,29.0,17,12,,Chase Brown | Colston Loveland | D'Andre Swift | DJ Moore | Derrick Henry | J.K. Dobbins | Jameson Williams | Kenny Gainwell | Kyle Pitts | Lamar Jackson | Luther Burden III | Michael Wilson | Rhamondre Stevenson,1,6,4,2,1660.4235401153564,1490.117236328125
burden,6,6,True,271.0,27.0,17,13,,Aaron Jones | Chase Brown | Christian Watson | Dallas Goedert | Derrick Henry | Drake Maye | Harold Fannin Jr. | Jadarian Price | Jameson Williams | Kyle Monangai | Kyren Williams | Luther Burden III | Marvin Harrison Jr.,1,6,4,2,1675.9763097763062,1481.4632446289063
burden,6,7,True,288.0,10.0,17,13,,Chase Brown | David Montgomery | Jameson Williams | Jayden Daniels | Kyle Monangai | Kyren Williams | Luther Burden III | Mark Andrews | Rome Odunze | Tony Pollard | TreVeyon Henderson | Tyler Warren | Zay Flowers,1,6,4,2,1640.2151975631714,1488.0706665039063
burden,6,8,True,268.0,30.0,15,9,,Chase Brown | Christian Watson | D'Andre Swift | Derrick Henry | Harold Fannin Jr. | Jakobi Meyers | Josh Jacobs | Kyle Monangai | Lamar Jackson | Luther Burden III | Makai Lemon | Sam LaPorta | Tony Pollard,1,6,4,2,1677.3765754699707,1510.6496215820312
burden,6,9,True,272.0,26.0,16,6,,Bucky Irving | Carnell Tate | Chase Brown | Christian Watson | D'Andre Swift | Dallas Goedert | George Kittle | Jared Goff | Jayden Reed | Josh Jacobs | Luther Burden III | Tony Pollard | TreVeyon Henderson,1,6,4,2,1611.3700342178345,1445.6065673828125
burden,6,10,True,279.0,19.0,13,3,,Chase Brown | Chuba Hubbard | Dak Prescott | Emeka Egbuka | George Kittle | Jameson Williams | Josh Jacobs | Luther Burden III | Marvin Harrison Jr. | Rico Dowdle | Saquon Barkley | Travis Kelce | TreVeyon Henderson,1,6,4,2,1683.5769138336182,1516.262451171875
burden,6,11,True,290.0,8.0,18,16,,Chase Brown | DeVonta Smith | George Kittle | Harold Fannin Jr. | Jameson Williams | Josh Allen | Josh Jacobs | Luther Burden III | Malik Nabers | Michael Pittman | RJ Harvey | Rhamondre Stevenson | Tony Pollard,1,5,5,2,1696.9399509429932,1539.1974365234375
burden,6,12,True,274.0,24.0,12,5,,Chase Brown | Christian Watson | Colston Loveland | Derrick Henry | Harold Fannin Jr. | Jalen Hurts | Jameson Williams | Jaylen Warren | Kenny Gainwell | Luther Burden III | Rhamondre Stevenson | Rome Odunze | Tony Pollard,1,6,4,2,1656.1846532821655,1485.2863159179688
burden,6,13,True,263.0,35.0,14,6,,Chase Brown | Christian Watson | Dak Prescott | Dalton Kincaid | Derrick Henry | Harold Fannin Jr. | Jameson Williams | Jaylen Warren | Jordyn Tyson | Kyren Williams | Luther Burden III | Rhamondre Stevenson | Tony Pollard,1,6,4,2,1667.9330167770386,1483.7088623046875
burden,6,14,True,276.0,22.0,13,6,,Chase Brown | Christian Watson | Derrick Henry | Drake Maye | George Kittle | Harold Fannin Jr. | Jameson Williams | Jordan Addison | Josh Jacobs | Kenny Gainwell | Kyle Monangai | Luther Burden III | Rico Dowdle,1,6,4,2,1668.3785619735718,1506.2811157226563
burden,6,15,True,281.0,17.0,13,7,,Alec Pierce | Brian Thomas Jr. | Caleb Williams | Chase Brown | Derrick Henry | Harold Fannin Jr. | Jameson Williams | Jaylen Warren | Jordan Mason | Kyren Williams | Luther Burden III | Tony Pollard | Tyler Warren,1,6,4,2,1652.383542060852,1476.2277465820312
burden,6,16,True,279.0,19.0,12,5,,Chase Brown | Chuba Hubbard | Colston Loveland | Derrick Henry | George Kittle | Jadarian Price | Jameson Williams | Jayden Daniels | Jordan Addison | Jordyn Tyson | Josh Jacobs | Luther Burden III | Rico Dowdle,1,6,4,2,1664.2038764953613,1502.5642822265625
burden,6,17,True,291.0,7.0,17,7,,Alec Pierce | Bhayshul Tuten | Chase Brown | D'Andre Swift | David Montgomery | Emeka Egbuka | George Kittle | Harold Fannin Jr. | Jameson Williams | Jaylen Warren | Josh Allen | Luther Burden III | Rhamondre Stevenson,1,6,4,2,1655.4307146072388,1495.018896484375
burden,6,18,True,236.0,62.0,19,17,,Bo Nix | Carnell Tate | Chase Brown | Christian Watson | George Kittle | Jakobi Meyers | Jayden Reed | Kenny Gainwell | Kyle Monangai | Kyle Pitts | Kyren Williams | Luther Burden III | Omarion Hampton,1,5,5,2,1619.2363119125366,1444.42578125
burden,6,19,True,257.0,41.0,21,16,,Chase Brown | Christian Watson | Colston Loveland | D'Andre Swift | Drake London | George Kittle | Jayden Reed | Jaylen Warren | Kyle Monangai | Luther Burden III | Patrick Mahomes | Rico Dowdle | Zach Charbonnet,1,6,4,2,1596.246994972229,1422.8411254882812
burden,6,20,True,282.0,16.0,12,6,,Chase Brown | Christian Watson | DK Metcalf | Derrick Henry | Harold Fannin Jr. | Jalen Hurts | Jameson Williams | Jaylen Warren | Kyren Williams | Luther Burden III | Mark Andrews | Rachaad White | Rico Dowdle,1,6,4,2,1671.8825225830078,1461.5734130859375
burden,6,21,True,288.0,10.0,20,18,,Chase Brown | Chris Rodriguez Jr. | George Kittle | Harold Fannin Jr. | Josh Jacobs | Kenny Gainwell | Luther Burden III | Marvin Harrison Jr. | Patrick Mahomes | Puka Nacua | Quentin Johnston | Saquon Barkley | Wan'Dale Robinson,1,5,5,2,1689.0160055160522,1488.1987060546876
burden,6,22,True,281.0,17.0,14,8,,Chase Brown | Harold Fannin Jr. | J.K. Dobbins | Jadarian Price | Jake Ferguson | Jalen Hurts | Jameson Williams | Jordyn Tyson | Josh Jacobs | Kyren Williams | Luther Burden III | Tee Higgins | Tony Pollard,1,6,4,2,1673.7086839675903,1476.0426391601563
burden,6,23,True,227.0,71.0,20,14,,Chase Brown | Christian Watson | Chuba Hubbard | D'Andre Swift | Drake Maye | Harold Fannin Jr. | J.K. Dobbins | Jake Ferguson | Jameson Williams | Jaylen Warren | Ladd McConkey | Luther Burden III | Ty Johnson,1,6,4,2,1579.0635356903076,1399.2006103515625
burden,7,0,True,197.0,101.0,15,15,,Bo Nix | Carnell Tate | Chase Brown | Chris Godwin Jr. | Chuba Hubbard | Dalton Kincaid | Derrick Henry | George Kittle | Jayden Reed | Luther Burden III | Rachaad White | Tee Higgins | Tony Pollard,1,5,5,2,1583.2572793960571,1425.0747680664062
burden,7,1,True,263.0,35.0,13,8,,Carnell Tate | Chase Brown | Chris Godwin Jr. | Christian Watson | D'Andre Swift | Isaiah Likely | Jameson Williams | Jaylen Warren | Jeremiyah Love | Josh Allen | Luther Burden III | Rachaad White | Rico Dowdle,1,6,5,1,1632.534514427185,1456.2843261718751
burden,7,2,True,278.0,20.0,14,7,,Bhayshul Tuten | Brian Thomas Jr. | Chase Brown | David Montgomery | Derrick Henry | George Kittle | Jameson Williams | Jaylen Warren | Josh Allen | Luther Burden III | Marvin Harrison Jr. | Michael Wilson | Rico Dowdle,1,6,5,1,1661.4533386230469,1492.3402221679687
burden,7,3,True,247.0,51.0,14,9,,Aaron Jones | Chase Brown | Christian Watson | George Kittle | Jameson Williams | Jaylen Warren | Josh Allen | Luther Burden III | Makai Lemon | Michael Pittman | Omarion Hampton | Rhamondre Stevenson | Tony Pollard,1,6,5,1,1639.3253707885742,1460.195849609375
burden,7,4,True,296.0,2.0,15,12,,Brian Thomas Jr. | Bucky Irving | Chase Brown | D'Andre Swift | Dalton Kincaid | Emeka Egbuka | Jake Ferguson | Jonathon Brooks | Josh Allen | Luther Burden III | Tee Higgins | TreVeyon Henderson | Zay Flowers,1,5,5,2,1642.7267599105835,1490.014013671875
burden,7,5,True,280.0,18.0,13,7,,Bucky Irving | Chase Brown | DK Metcalf | Isaiah Likely | Jameson Williams | Jaylen Warren | Jonathon Brooks | Josh Allen | Luther Burden III | Makai Lemon | Omarion Hampton | RJ Harvey | Tee Higgins,1,6,5,1,1653.9636402130127,1488.9313720703126
burden,7,6,True,251.0,47.0,12,5,,Brian Thomas Jr. | Chase Brown | Christian Watson | Davante Adams | Derrick Henry | Jake Ferguson | Jaylen Warren | Jordan Mason | Jordyn Tyson | Josh Allen | Luther Burden III | Rachaad White | Tony Pollard,1,6,5,1,1633.935546875,1466.4620971679688
burden,7,7,True,261.0,37.0,12,5,,Carnell Tate | Chase Brown | Derrick Henry | George Kittle | Jameson Williams | Jonathon Brooks | Josh Allen | Luther Burden III | Makai Lemon | Michael Wilson | Rachaad White | Rhamondre Stevenson | TreVeyon Henderson,1,6,5,1,1649.216799736023,1478.80751953125
burden,7,8,True,260.0,38.0,13,7,,Aaron Jones | Chase Brown | Christian Watson | D'Andre Swift | Derrick Henry | George Kittle | Jameson Williams | Jonathon Brooks | Josh Allen | Luther Burden III | Marvin Harrison Jr. | Parker Washington | Tony Pollard,1,6,5,1,1661.2210664749146,1472.2261840820313
burden,7,9,True,277.0,21.0,13,4,,Chase Brown | Christian Watson | Derrick Henry | Jacory Croskey-Merritt | Jameson Williams | Jaylen Warren | Jordan Addison | Josh Allen | Kyle Pitts | Luther Burden III | Parker Washington | Tony Pollard | TreVeyon Henderson,1,6,5,1,1655.9744329452515,1472.1455688476562
burden,7,10,True,272.0,26.0,13,4,,Chase Brown | D'Andre Swift | Derrick Henry | George Kittle | Jameson Williams | Jaylen Warren | Jordyn Tyson | Josh Allen | Josh Downs | Kyle Monangai | Luther Burden III | Quentin Johnston | Tony Pollard,1,6,5,1,1649.069278717041,1421.8978271484375
burden,7,11,True,272.0,26.0,15,10,,Bucky Irving | Chase Brown | D'Andre Swift | Dak Prescott | DeVonta Smith | George Kittle | Jaylen Warren | Jordyn Tyson | Luther Burden III | Tee Higgins | Tetairoa McMillan | Tony Pollard | TreVeyon Henderson,1,6,5,1,1625.3017539978027,1463.11171875
burden,7,12,True,258.0,40.0,15,10,,Blake Corum | Chase Brown | Christian Watson | D'Andre Swift | Isaiah Likely | Jameson Williams | Jaylen Warren | Josh Allen | Josh Jacobs | Luther Burden III | Parker Washington | Rico Dowdle | Rome Odunze,1,6,5,1,1653.8192262649536,1482.2544311523438
burden,7,13,True,255.0,43.0,14,7,,Chase Brown | Christian Watson | Derrick Henry | George Kittle | Jameson Williams | Jaylen Warren | Jonathon Brooks | Josh Allen | Luther Burden III | Makai Lemon | Rico Dowdle | Tee Higgins | Tony Pollard,1,6,5,1,1669.928952217102,1495.6879516601562
burden,7,14,True,281.0,17.0,14,7,,Brian Thomas Jr. | Chase Brown | Jameson Williams | Jonathon Brooks | Jordan Addison | Josh Allen | Luther Burden III | Omarion Hampton | RJ Harvey | Rhamondre Stevenson | Rome Odunze | Tony Pollard | Travis Kelce,1,6,5,1,1639.2965831756592,1466.2528686523438
burden,7,15,True,282.0,16.0,11,4,,Brian Thomas Jr. | Brock Purdy | Chase Brown | Christian Watson | David Montgomery | DeVonta Smith | Derrick Henry | George Kittle | Jameson Williams | Jaylen Warren | Luther Burden III | RJ Harvey | TreVeyon Henderson,1,6,5,1,1645.017481803894,1448.6535888671874
burden,7,16,True,251.0,47.0,19,17,,Alec Pierce | Bhayshul Tuten | Chase Brown | Christian Watson | Drake Maye | Emeka Egbuka | George Kittle | Jadarian Price | Jaylen Warren | Jonathon Brooks | Luther Burden III | Tee Higgins | TreVeyon Henderson,1,6,5,1,1608.0463094711304,1469.6947509765625
burden,7,17,True,232.0,66.0,16,10,,Alec Pierce | Chase Brown | George Kittle | J.K. Dobbins | Jacory Croskey-Merritt | Jakobi Meyers | Jeremiyah Love | Josh Allen | Khalil Shakir | Luther Burden III | Tee Higgins | TreVeyon Henderson | Woody Marks,1,6,5,1,1599.1765270233154,1418.1196533203124
burden,7,18,True,271.0,27.0,13,10,,Alec Pierce | Carnell Tate | Chase Brown | Christian Watson | Chuba Hubbard | Jameson Williams | Josh Jacobs | Justin Herbert | Kyle Pitts | Kyren Williams | Luther Burden III | Rico Dowdle | TreVeyon Henderson,1,6,5,1,1628.3637351989746,1467.75146484375
burden,7,19,True,272.0,26.0,14,8,,Aaron Jones | Bhayshul Tuten | Blake Corum | Chase Brown | Christian Watson | DK Metcalf | Derrick Henry | Jadarian Price | Jameson Williams | Josh Allen | Luther Burden III | Parker Washington | Travis Kelce,1,6,5,1,1637.0402164459229,1466.2336791992188
burden,7,20,True,250.0,48.0,17,13,,Amon-Ra St. Brown | Bhayshul Tuten | Carnell Tate | Chase Brown | Christian Watson | Chuba Hubbard | Isaiah Likely | Jacory Croskey-Merritt | Jameson Williams | Joe Burrow | Jonathon Brooks | Luther Burden III | Rico Dowdle,1,6,5,1,1614.7411861419678,1430.7950439453125
burden,7,21,True,276.0,22.0,15,13,,Chase Brown | David Montgomery | Jacory Croskey-Merritt | Jadarian Price | Jameson Williams | Josh Allen | Josh Downs | Luther Burden III | Parker Washington | Rico Dowdle | TreVeyon Henderson | Tyler Warren | Zay Flowers,1,6,5,1,1619.4364051818848,1409.7353759765624
burden,7,22,True,261.0,37.0,19,18,,A.J. Brown | Alec Pierce | Chase Brown | Colston Loveland | D'Andre Swift | Dalton Kincaid | Jameson Williams | Jayden Daniels | Jaylen Warren | Ladd McConkey | Luther Burden III | Rico Dowdle | TreVeyon Henderson,1,5,5,2,1623.3920421600342,1435.0376342773438
burden,7,23,True,234.0,64.0,19,15,,Blake Corum | Chase Brown | Chris Godwin Jr. | DeVonta Smith | George Kittle | J.K. Dobbins | Jadarian Price | Jameson Williams | Jordan Mason | Josh Allen | Luther Burden III | Rico Dowdle | Rome Odunze,1,6,5,1,1607.9887189865112,1416.8067993164063
loveland,0,0,True,248.0,50.0,16,10,,Blake Corum | Brian Thomas Jr. | Chase Brown | Christian Watson | Colston Loveland | Emeka Egbuka | Jalen Hurts | Jameson Williams | Josh Jacobs | Luther Burden III | RJ Harvey | Rachaad White | Rhamondre Stevenson,1,6,5,1,1636.1620302200317,1431.3026611328125
loveland,0,1,True,274.0,24.0,18,15,,Chase Brown | Christian Watson | Chuba Hubbard | Colston Loveland | David Montgomery | Jameson Williams | Jordyn Tyson | Josh Allen | Michael Pittman | Quentin Johnston | RJ Harvey | Saquon Barkley | Tony Pollard,1,6,5,1,1676.3612852096558,1502.5771606445312
loveland,0,2,True,257.0,41.0,15,11,,Bhayshul Tuten | Brian Thomas Jr. | Carnell Tate | Chase Brown | Colston Loveland | Jaylen Warren | Josh Jacobs | Kyle Monangai | Luther Burden III | Omarion Hampton | Quentin Johnston | Trevor Lawrence | Wan'Dale Robinson,1,6,5,1,1629.924789428711,1451.7843872070314
loveland,0,3,True,272.0,26.0,14,9,,Bhayshul Tuten | Chase Brown | Chris Godwin Jr. | Christian Watson | Chuba Hubbard | Colston Loveland | Emeka Egbuka | Jameson Williams | Jonathon Brooks | Josh Allen | Khalil Shakir | Kyle Monangai | Omarion Hampton,1,6,5,1,1679.4605112075806,1515.4253540039062
loveland,0,4,True,277.0,21.0,17,13,,Aaron Jones | Alec Pierce | Chase Brown | Christian Watson | Colston Loveland | DJ Moore | Jonathon Brooks | Josh Allen | Josh Jacobs | Luther Burden III | Rico Dowdle | Rome Odunze | TreVeyon Henderson,1,6,5,1,1662.5406141281128,1493.4564453125
loveland,0,5,True,255.0,43.0,19,16,,Bhayshul Tuten | Brian Thomas Jr. | Chase Brown | Chris Godwin Jr. | Colston Loveland | Emeka Egbuka | Jordan Mason | Josh Allen | Marvin Harrison Jr. | Rachaad White | Rhamondre Stevenson | Tetairoa McMillan | TreVeyon Henderson,1,6,5,1,1640.5380783081055,1452.4688110351562
loveland,0,6,True,267.0,31.0,12,6,,Alec Pierce | Chase Brown | Chris Godwin Jr. | Colston Loveland | Derrick Henry | Emeka Egbuka | Jayden Reed | Josh Allen | Michael Pittman | RJ Harvey | Rhamondre Stevenson | Rico Dowdle | TreVeyon Henderson,1,6,5,1,1679.229365348816,1518.2162963867188
loveland,0,7,True,265.0,33.0,15,13,,Chase Brown | Colston Loveland | Derrick Henry | Jameson Williams | Jayden Reed | Jaylen Warren | Jonathon Brooks | Josh Allen | Josh Downs | Kyle Monangai | Luther Burden III | Rico Dowdle | Tetairoa McMillan,1,6,5,1,1697.2063837051392,1499.4536743164062
loveland,0,8,True,272.0,26.0,11,5,,Carnell Tate | Chase Brown | Christian Watson | Colston Loveland | Derrick Henry | Jadarian Price | Jameson Williams | Jaylen Warren | Jonathon Brooks | Josh Allen | Makai Lemon | Quentin Johnston | Rhamondre Stevenson,1,6,5,1,1685.7514944076538,1478.2296264648437
loveland,0,9,True,294.0,4.0,15,9,,Brian Thomas Jr. | Carnell Tate | Chase Brown | Colston Loveland | Derrick Henry | Jalen Hurts | Ladd McConkey | Matthew Golden | Michael Pittman | Omarion Hampton | Quentin Johnston | Rachaad White | Rico Dowdle,1,5,6,1,1655.000678062439,1449.9266479492187
loveland,0,10,True,287.0,11.0,13,6,,Brian Thomas Jr. | Chase Brown | Chuba Hubbard | Colston Loveland | David Montgomery | Jameson Williams | Josh Allen | Khalil Shakir | Omarion Hampton | Quentin Johnston | Rhamondre Stevenson | TreVeyon Henderson | Wan'Dale Robinson,1,6,5,1,1669.5833721160889,1461.63896484375
loveland,0,11,True,224.0,74.0,18,12,,Aaron Jones | Carnell Tate | Chase Brown | Christian Watson | Chuba Hubbard | Colston Loveland | Derrick Henry | J.K. Dobbins | Jayden Reed | Josh Allen | Kyle Monangai | Makai Lemon | Quentin Johnston,1,6,5,1,1628.1817836761475,1410.294384765625
loveland,0,12,True,272.0,26.0,14,8,,Alec Pierce | Chase Brown | Christian Watson | Chuba Hubbard | Colston Loveland | Derrick Henry | Jameson Williams | Jaylen Warren | Jordan Addison | Josh Allen | Rhamondre Stevenson | Rome Odunze | TreVeyon Henderson,1,6,5,1,1700.8737897872925,1514.3579833984375
loveland,0,13,True,275.0,23.0,15,8,,Alec Pierce | Chase Brown | Christian Watson | Colston Loveland | David Montgomery | Jordan Addison | Josh Allen | Kenneth Walker III | Kenny Gainwell | Kyle Monangai | Luther Burden III | Quentin Johnston | Rhamondre Stevenson,1,6,5,1,1644.1836128234863,1452.9477661132812
loveland,0,14,True,231.0,67.0,16,11,,Blake Corum | Chase Brown | Colston Loveland | Derrick Henry | Jayden Reed | Jaylen Warren | Jonathon Brooks | Jordan Addison | Jordyn Tyson | Josh Allen | Marvin Harrison Jr. | Michael Pittman | Rico Dowdle,1,6,5,1,1623.7415981292725,1428.957177734375
loveland,0,15,True,259.0,39.0,18,16,,Chase Brown | Christian Watson | Chuba Hubbard | Colston Loveland | D'Andre Swift | DK Metcalf | Derrick Henry | Emeka Egbuka | J.K. Dobbins | Jameson Williams | Joe Burrow | Rachaad White | Wan'Dale Robinson,1,6,5,1,1661.589087486267,1455.9483520507813
loveland,0,16,True,258.0,40.0,16,8,,Chase Brown | Chris Godwin Jr. | Christian Watson | Chuba Hubbard | Colston Loveland | Derrick Henry | Emeka Egbuka | J.K. Dobbins | Jacory Croskey-Merritt | Jalen Hurts | Jonathon Brooks | KC Concepcion | Luther Burden III,1,6,5,1,1628.3689546585083,1425.903564453125
loveland,0,17,True,276.0,22.0,16,13,,Bhayshul Tuten | Chase Brown | Colston Loveland | Derrick Henry | Jayden Reed | Jaylen Warren | Jonathon Brooks | Josh Allen | Luther Burden III | Makai Lemon | Marvin Harrison Jr. | RJ Harvey | Rome Odunze,1,6,5,1,1686.3328666687012,1506.7355346679688
loveland,0,18,True,282.0,16.0,14,11,,Alec Pierce | Chase Brown | Colston Loveland | D'Andre Swift | DK Metcalf | David Montgomery | Jameson Williams | Jayden Reed | Jeremiyah Love | Jonathon Brooks | Josh Allen | Marvin Harrison Jr. | Rhamondre Stevenson,1,6,5,1,1679.3190746307373,1493.105224609375
loveland,0,19,True,271.0,27.0,17,10,,Alec Pierce | Bhayshul Tuten | Carnell Tate | Chase Brown | Christian Watson | Colston Loveland | Drake Maye | Jameson Williams | Jaylen Warren | Jordan Mason | Marvin Harrison Jr. | Omarion Hampton | Rico Dowdle,1,6,5,1,1634.8668298721313,1491.2526733398438
loveland,0,20,True,241.0,57.0,20,18,,Bhayshul Tuten | Chase Brown | Christian Watson | Colston Loveland | David Montgomery | Jalen Hurts | Jameson Williams | Kyle Monangai | Makai Lemon | Michael Pittman | Rhamondre Stevenson | Tetairoa McMillan | Tony Pollard,1,6,5,1,1620.570300102234,1451.218115234375
loveland,0,21,True,284.0,14.0,13,6,,Alec Pierce | Chase Brown | Chris Olave | Christian Watson | Colston Loveland | Dak Prescott | Derrick Henry | Jameson Williams | Jaylen Warren | Jonathon Brooks | Jordan Addison | Rhamondre Stevenson | Rico Dowdle,1,6,5,1,1666.9146375656128,1489.0311889648438
loveland,0,22,True,249.0,49.0,15,11,,Alec Pierce | Blake Corum | Bo Nix | Brian Thomas Jr. | Chase Brown | Colston Loveland | David Montgomery | Derrick Henry | Jameson Williams | Michael Pittman | RJ Harvey | Rico Dowdle | Rome Odunze,1,6,5,1,1625.5318813323975,1442.4341430664062
loveland,0,23,True,274.0,24.0,13,7,,Alec Pierce | Chase Brown | Christian Watson | Colston Loveland | Derrick Henry | Jalen Hurts | Jameson Williams | Jaylen Waddle | Kyle Monangai | Luther Burden III | Rico Dowdle | Tony Pollard | TreVeyon Henderson,1,6,5,1,1659.9028272628784,1483.8325439453124
loveland,1,0,True,268.0,30.0,19,14,,Carnell Tate | Chase Brown | Christian Watson | Colston Loveland | DJ Moore | Jacory Croskey-Merritt | Jared Goff | Jordan Addison | Kyle Monangai | Omarion Hampton | RJ Harvey | Rome Odunze | Tee Higgins,1,5,6,1,1589.6022720336914,1413.305322265625
loveland,1,1,True,278.0,20.0,15,11,,Bhayshul Tuten | Chase Brown | Christian Watson | Colston Loveland | David Montgomery | Derrick Henry | Jameson Williams | Jaylen Warren | Joe Burrow | Jordan Addison | Makai Lemon | Marvin Harrison Jr. | Tony Pollard,1,6,5,1,1660.9009494781494,1512.1515258789063
loveland,1,2,True,295.0,3.0,16,16,,Blake Corum | Brian Thomas Jr. | Carnell Tate | Chase Brown | Christian Watson | Colston Loveland | Ja'Marr Chase | Jadarian Price | Jalen Hurts | Jaylen Warren | Jordan Mason | Josh Jacobs | Marvin Harrison Jr.,1,6,5,1,1688.5046682357788,1493.2908935546875
loveland,1,3,True,248.0,50.0,19,15,,Alec Pierce | Chase Brown | Colston Loveland | DK Metcalf | Derrick Henry | Jacory Croskey-Merritt | Jordan Mason | Lamar Jackson | Makai Lemon | Rachaad White | Rome Odunze | Tee Higgins | TreVeyon Henderson,1,6,5,1,1621.2897729873657,1457.9533935546874
loveland,1,4,True,254.0,44.0,20,17,,Alec Pierce | Brian Thomas Jr. | Chase Brown | Colston Loveland | J.K. Dobbins | Jaylen Waddle | Jaylen Warren | Josh Allen | Kyle Monangai | Rome Odunze | Tee Higgins | Tony Pollard | Woody Marks,1,6,5,1,1618.7968864440918,1443.202587890625
loveland,1,5,True,272.0,26.0,16,13,,Alec Pierce | Chase Brown | Christian Watson | Chuba Hubbard | Colston Loveland | David Montgomery | Derrick Henry | J.K. Dobbins | Jameson Williams | Jayden Daniels | Jayden Reed | Rhamondre Stevenson | Tee Higgins,1,6,5,1,1657.190149307251,1483.48935546875
loveland,1,6,True,265.0,33.0,17,13,,Alec Pierce | Carnell Tate | Chase Brown | Christian Watson | Colston Loveland | Jadarian Price | Jameson Williams | Jaxson Dart | Kyle Monangai | Matthew Golden | Omarion Hampton | Rachaad White | Tee Higgins,1,5,6,1,1635.1657495498657,1463.0697998046876
loveland,1,7,True,269.0,29.0,17,11,,Bhayshul Tuten | Chase Brown | Christian Watson | Colston Loveland | Emeka Egbuka | Jalen Hurts | Jameson Williams | Josh Jacobs | Kyle Monangai | Makai Lemon | RJ Harvey | Rome Odunze | Tony Pollard,1,6,5,1,1662.3206663131714,1487.4173583984375
loveland,1,8,True,244.0,54.0,14,10,,Alec Pierce | Blake Corum | Bucky Irving | Chase Brown | Colston Loveland | David Montgomery | Emeka Egbuka | Jameson Williams | Jayden Daniels | Jayden Reed | Jaylen Warren | Tee Higgins | Tony Pollard,1,6,5,1,1636.4746360778809,1472.6673828125
loveland,1,9,True,268.0,30.0,21,19,,Chase Brown | Colston Loveland | David Montgomery | De'Zhaun Stribling | Jacory Croskey-Merritt | Jalen Hurts | Jaylen Waddle | Kyren Williams | Marvin Harrison Jr. | Michael Wilson | Rome Odunze | Tony Pollard | TreVeyon Henderson,1,6,5,1,1635.241639137268,1461.4174072265625
loveland,1,10,True,297.0,1.0,15,12,,Blake Corum | Brian Thomas Jr. | Chase Brown | Colston Loveland | DK Metcalf | Jalen Hurts | Jordan Addison | Kenneth Walker III | Michael Wilson | Rachaad White | Saquon Barkley | TreVeyon Henderson | Zay Flowers,1,6,5,1,1672.2130270004272,1474.9967529296875
loveland,1,11,True,284.0,14.0,15,11,,Brian Thomas Jr. | Bucky Irving | Chase Brown | Colston Loveland | Emeka Egbuka | Jameson Williams | Jaylen Warren | Kyle Monangai | Lamar Jackson | Makai Lemon | Rome Odunze | Tee Higgins | TreVeyon Henderson,1,5,6,1,1633.4128332138062,1485.2250732421876
loveland,1,12,True,260.0,38.0,14,8,,Aaron Jones | Chase Brown | Christian Watson | Colston Loveland | Dak Prescott | David Montgomery | Jakobi Meyers | Jameson Williams | Jaylen Warren | Michael Wilson | Omarion Hampton | TreVeyon Henderson | Wan'Dale Robinson,1,6,5,1,1620.0501308441162,1433.1809814453125
loveland,1,13,True,285.0,13.0,16,12,,Chase Brown | Colston Loveland | D'Andre Swift | DK Metcalf | Derrick Henry | Jalen Hurts | Jameson Williams | Jaylen Warren | Kyle Monangai | Parker Washington | Rome Odunze | TreVeyon Henderson | Xavier Worthy,1,6,5,1,1649.5677251815796,1470.360400390625
loveland,1,14,True,264.0,34.0,16,11,,Aaron Jones | Alec Pierce | Bucky Irving | Chase Brown | Colston Loveland | DK Metcalf | David Montgomery | Derrick Henry | Jameson Williams | Lamar Jackson | RJ Harvey | Rome Odunze | Xavier Worthy,1,6,5,1,1652.3834190368652,1497.5989379882812
loveland,1,15,True,275.0,23.0,20,17,,Chase Brown | Colston Loveland | David Montgomery | Jameson Williams | Josh Allen | Kyle Monangai | Luther Burden III | Michael Wilson | Rhamondre Stevenson | Rico Dowdle | Rome Odunze | Tee Higgins | Tony Pollard,1,6,5,1,1648.608437538147,1476.98994140625
loveland,1,16,True,253.0,45.0,15,8,,Alec Pierce | Chase Brown | Colston Loveland | Derrick Henry | Jacory Croskey-Merritt | Jadarian Price | Jameson Williams | Jaylen Warren | Joe Burrow | Luther Burden III | RJ Harvey | Tetairoa McMillan | Wan'Dale Robinson,1,6,5,1,1646.6153373718262,1471.9517211914062
loveland,1,17,True,259.0,39.0,12,6,,Alec Pierce | Chase Brown | Colston Loveland | David Montgomery | Derrick Henry | Jameson Williams | Jayden Daniels | Jaylen Warren | Makai Lemon | Quentin Johnston | RJ Harvey | Rome Odunze | TreVeyon Henderson,1,6,5,1,1645.7065410614014,1476.880810546875
loveland,1,18,True,280.0,18.0,15,7,,Alec Pierce | Chase Brown | Colston Loveland | Jalen Hurts | Jordan Mason | Michael Wilson | Omarion Hampton | RJ Harvey | Rome Odunze | Tee Higgins | Tetairoa McMillan | Tony Pollard | TreVeyon Henderson,1,6,5,1,1654.456030845642,1478.3165771484375
loveland,1,19,True,251.0,47.0,17,12,,Bucky Irving | Carnell Tate | Chase Brown | Colston Loveland | Jameson Williams | Jaylen Warren | Josh Downs | Ladd McConkey | Lamar Jackson | RJ Harvey | Rachaad White | Rome Odunze | Tony Pollard,1,6,5,1,1623.7664632797241,1441.454296875
loveland,1,20,True,276.0,22.0,13,5,,Brian Thomas Jr. | Chase Brown | Christian Watson | Colston Loveland | David Montgomery | Derrick Henry | Jalen Hurts | Jameson Williams | Jaylen Warren | Jordan Mason | Makai Lemon | Rome Odunze | TreVeyon Henderson,1,6,5,1,1655.1835746765137,1486.7572143554687
loveland,1,21,True,235.0,63.0,16,11,,Carnell Tate | Chase Brown | Colston Loveland | Derrick Henry | J.K. Dobbins | Jameson Williams | Joe Burrow | Jordan Mason | KC Concepcion | Kyle Monangai | Rome Odunze | Tee Higgins | Zach Charbonnet,1,6,5,1,1600.2499027252197,1451.412109375
loveland,1,22,True,265.0,33.0,14,7,,Alec Pierce | Chase Brown | Christian Watson | Colston Loveland | David Montgomery | J.K. Dobbins | Jayden Reed | Joe Burrow | Jordan Mason | Omarion Hampton | Rhamondre Stevenson | Rome Odunze | Tee Higgins,1,6,5,1,1622.1668548583984,1436.551025390625
loveland,1,23,True,254.0,44.0,16,10,,Alec Pierce | Bhayshul Tuten | Chase Brown | Colston Loveland | Derrick Henry | Jameson Williams | Luther Burden III | Makai Lemon | Marvin Harrison Jr. | Matthew Stafford | Tony Pollard | TreVeyon Henderson | Zach Charbonnet,1,6,5,1,1640.8058137893677,1457.3131713867188
loveland,2,0,True,277.0,21.0,14,7,,Breece Hall | Chase Brown | Christian Watson | Colston Loveland | D'Andre Swift | Jacory Croskey-Merritt | Jameson Williams | Kyren Williams | Michael Wilson | Parker Washington | Patrick Mahomes | Terrance Ferguson | TreVeyon Henderson,1,6,4,2,1662.8427982330322,1469.687158203125
loveland,2,1,True,274.0,24.0,12,4,,Chase Brown | Chuba Hubbard | Colston Loveland | Dak Prescott | Derrick Henry | Josh Jacobs | Kyle Pitts | Makai Lemon | Matthew Golden | Parker Washington | Rachaad White | Tetairoa McMillan | Tony Pollard,1,6,4,2,1656.62477684021,1481.1127807617188
loveland,2,2,True,269.0,29.0,14,9,,Aaron Jones | Chase Brown | Colston Loveland | DJ Moore | DK Metcalf | David Montgomery | Emeka Egbuka | George Kittle | Jalen Hurts | Jaylen Warren | Kyren Williams | Rome Odunze | Tony Pollard,1,6,4,2,1652.8109607696533,1464.5847778320312
loveland,2,3,True,259.0,39.0,18,12,,Chase Brown | Chuba Hubbard | Colston Loveland | George Kittle | Jalen Hurts | Jameson Williams | Jaylen Warren | Josh Jacobs | Ladd McConkey | Malik Nabers | Quentin Johnston | RJ Harvey | Rico Dowdle,1,6,4,2,1660.4584712982178,1464.5737060546876
loveland,2,4,True,284.0,14.0,14,11,,Alec Pierce | Breece Hall | Chase Brown | Colston Loveland | DeVonta Smith | Jacory Croskey-Merritt | Jameson Williams | Jayden Daniels | Jaylen Warren | Josh Jacobs | Kyle Pitts | Quentin Johnston | Tony Pollard,1,6,4,2,1675.9571552276611,1502.4650634765626
loveland,2,5,True,294.0,4.0,17,12,,Chase Brown | Christian Watson | Colston Loveland | Courtland Sutton | DJ Moore | De'Zhaun Stribling | Derrick Henry | Josh Jacobs | Kenny Gainwell | Lamar Jackson | Makai Lemon | Malik Nabers | Rico Dowdle,1,5,6,1,1693.479344367981,1503.783984375
loveland,2,6,True,283.0,15.0,18,13,,Alec Pierce | Carnell Tate | Chase Brown | Christian Watson | Colston Loveland | D'Andre Swift | Derrick Henry | J.K. Dobbins | Jacory Croskey-Merritt | Jakobi Meyers | Jalen Hurts | Kyle Pitts | Kyren Williams,1,6,4,2,1685.2513284683228,1519.4273193359375
loveland,2,7,True,246.0,52.0,20,17,,Chase Brown | Chuba Hubbard | Colston Loveland | Jacory Croskey-Merritt | Jameson Williams | Josh Jacobs | Kyle Monangai | Kyle Pitts | Lamar Jackson | Makai Lemon | Rico Dowdle | Tee Higgins | Tetairoa McMillan,1,6,4,2,1646.8897428512573,1445.3749877929688
loveland,2,8,True,243.0,55.0,13,10,,Alec Pierce | Chase Brown | Chuba Hubbard | Colston Loveland | Derrick Henry | Harold Fannin Jr. | Jadarian Price | Jaylen Waddle | Jaylen Warren | Lamar Jackson | Matthew Golden | Parker Washington | Tony Pollard,1,6,4,2,1619.090826034546,1436.4972412109375
loveland,2,9,True,277.0,21.0,17,11,,Chase Brown | Chuba Hubbard | Colston Loveland | Harold Fannin Jr. | Jameson Williams | Jayden Daniels | Jeremiyah Love | Kyren Williams | Luther Burden III | Michael Wilson | Parker Washington | Rachaad White | Rhamondre Stevenson,1,6,4,2,1666.0850381851196,1473.1007202148437
loveland,2,10,True,285.0,13.0,17,15,,Alec Pierce | Chase Brown | Colston Loveland | DJ Moore | Dak Prescott | David Montgomery | Emeka Egbuka | Jacory Croskey-Merritt | Jaylen Waddle | Josh Jacobs | Ladd McConkey | Matthew Golden | Tony Pollard,1,5,6,1,1640.7865829467773,1475.5161376953124
loveland,2,11,True,267.0,31.0,17,13,,Alec Pierce | Blake Corum | Chase Brown | Colston Loveland | DK Metcalf | Derrick Henry | Kenny Gainwell | Kyle Pitts | Kyren Williams | Lamar Jackson | Malik Nabers | Matthew Golden | TreVeyon Henderson,1,6,4,2,1682.8575468063354,1500.7599853515626
loveland,2,12,True,288.0,10.0,19,17,,Alec Pierce | Chase Brown | Christian Watson | Colston Loveland | DJ Moore | Dak Prescott | Derrick Henry | Ladd McConkey | Luther Burden III | Malik Nabers | Samaje Perine | Tony Pollard | TreVeyon Henderson,1,5,6,1,1661.2682237625122,1477.09423828125
loveland,2,13,True,276.0,22.0,15,5,,Chase Brown | Chuba Hubbard | Colston Loveland | Dak Prescott | Derrick Henry | Josh Downs | Kenny Gainwell | Kyle Pitts | Kyren Williams | Ladd McConkey | Marvin Harrison Jr. | Michael Wilson | Tony Pollard,1,6,4,2,1671.84761428833,1479.5474243164062
loveland,2,14,True,282.0,16.0,16,8,,Chase Brown | Christian Watson | Chuba Hubbard | Colston Loveland | Jacory Croskey-Merritt | Jalen Hurts | Jameson Williams | Kyle Pitts | Kyren Williams | Michael Wilson | Omarion Hampton | Parker Washington | Tony Pollard,1,6,4,2,1665.760048866272,1489.7510986328125
loveland,2,15,True,271.0,27.0,12,4,,Chase Brown | Christian Watson | Colston Loveland | Derrick Henry | George Kittle | Jordan Addison | Josh Jacobs | Kyle Monangai | Rhamondre Stevenson | Tee Higgins | Tony Pollard | Trevor Lawrence | Wan'Dale Robinson,1,6,4,2,1669.0049228668213,1509.5540649414063
loveland,2,16,True,258.0,40.0,18,12,,Caleb Williams | Chase Brown | Christian Watson | Chuba Hubbard | Colston Loveland | Dalton Kincaid | David Montgomery | J.K. Dobbins | Jakobi Meyers | Josh Jacobs | Kyren Williams | Marvin Harrison Jr. | Tee Higgins,1,6,4,2,1666.5323839187622,1506.707763671875
loveland,2,17,True,245.0,53.0,17,13,,Chase Brown | Colston Loveland | George Kittle | Jacory Croskey-Merritt | Jadarian Price | Jaylen Waddle | Kyren Williams | Lamar Jackson | Parker Washington | Rico Dowdle | Rome Odunze | Tee Higgins | Tony Pollard,1,6,4,2,1661.9609727859497,1502.081201171875
loveland,2,18,True,267.0,31.0,15,9,,Chase Brown | Chuba Hubbard | Colston Loveland | D'Andre Swift | DK Metcalf | George Kittle | Jaylen Waddle | Jaylen Warren | Josh Jacobs | Khalil Shakir | Lamar Jackson | Tetairoa McMillan | TreVeyon Henderson,1,6,4,2,1646.7828197479248,1463.0786865234375
loveland,2,19,True,267.0,31.0,15,7,,Alec Pierce | Breece Hall | Chase Brown | Christian Watson | Chuba Hubbard | Colston Loveland | Jayden Reed | Jaylen Warren | Kyle Pitts | Kyren Williams | Ladd McConkey | Lamar Jackson | Rico Dowdle,1,6,4,2,1676.2770195007324,1471.922314453125
loveland,2,20,True,264.0,34.0,15,13,,Breece Hall | Chase Brown | Chuba Hubbard | Colston Loveland | Emeka Egbuka | George Kittle | Jacory Croskey-Merritt | Jaylen Warren | Lamar Jackson | Rome Odunze | TreVeyon Henderson | Wan'Dale Robinson | Zay Flowers,1,6,4,2,1649.1309700012207,1465.0432495117188
loveland,2,21,True,274.0,24.0,12,5,,Chase Brown | Colston Loveland | Derrick Henry | Jake Ferguson | Jakobi Meyers | Jalen Hurts | Jaylen Warren | Kyren Williams | Makai Lemon | Parker Washington | Rome Odunze | Tony Pollard | TreVeyon Henderson,1,6,4,2,1663.894998550415,1470.3120483398438
loveland,2,22,True,288.0,10.0,14,7,,Alec Pierce | Chase Brown | Christian Watson | Chuba Hubbard | Colston Loveland | Josh Allen | Kyle Pitts | Kyren Williams | Parker Washington | Rico Dowdle | Tee Higgins | Tony Pollard | TreVeyon Henderson,1,6,4,2,1673.2714929580688,1482.087060546875
loveland,2,23,True,293.0,5.0,12,4,,Chase Brown | Chuba Hubbard | Colston Loveland | Derrick Henry | George Kittle | Jacory Croskey-Merritt | Jameson Williams | Josh Jacobs | Lamar Jackson | Michael Wilson | Parker Washington | Tee Higgins | Tony Pollard,1,6,4,2,1677.6174211502075,1504.942529296875
loveland,3,0,True,277.0,21.0,14,7,,Alec Pierce | Chase Brown | Christian Watson | Chuba Hubbard | Colston Loveland | Derrick Henry | Emeka Egbuka | Jameson Williams | Jonathon Brooks | Patrick Mahomes | Rhamondre Stevenson | Rico Dowdle | Terry McLaurin,1,6,5,1,1659.698492050171,1492.5099853515626
loveland,3,1,True,264.0,34.0,16,10,,Blake Corum | Brian Thomas Jr. | Carnell Tate | Chase Brown | Colston Loveland | DK Metcalf | Derrick Henry | Jameson Williams | Josh Jacobs | Kyle Monangai | Makai Lemon | TreVeyon Henderson | Trevor Lawrence,1,6,5,1,1643.5606708526611,1465.8786376953126
loveland,3,2,True,249.0,49.0,21,15,,Alec Pierce | Bijan Robinson | Chase Brown | Colston Loveland | Drake Maye | Jameson Williams | Jordan Mason | Jordyn Tyson | Kyle Monangai | Matthew Golden | Michael Wilson | Rome Odunze | Tony Pollard,1,5,6,1,1680.2454919815063,1488.5905639648438
loveland,3,3,True,276.0,22.0,18,14,,Alec Pierce | Bhayshul Tuten | Chase Brown | Christian Watson | Colston Loveland | DJ Moore | Dak Prescott | Derrick Henry | Jameson Williams | Jonathon Brooks | Makai Lemon | Rhamondre Stevenson | Rico Dowdle,1,6,5,1,1642.8671674728394,1444.7414916992188
loveland,3,4,True,276.0,22.0,12,5,,Alec Pierce | Bijan Robinson | Carnell Tate | Chase Brown | Chris Godwin Jr. | Christian Watson | Colston Loveland | Dak Prescott | Jaylen Warren | Marvin Harrison Jr. | Rhamondre Stevenson | Rico Dowdle | Tony Pollard,1,6,5,1,1691.0403261184692,1508.2427856445313
loveland,3,5,True,247.0,51.0,19,16,,Alec Pierce | Bijan Robinson | Blake Corum | Brian Thomas Jr. | Chase Brown | Colston Loveland | Dak Prescott | J.K. Dobbins | Jonathon Brooks | Luther Burden III | Makai Lemon | Michael Pittman | TreVeyon Henderson,1,6,5,1,1655.8163557052612,1471.695849609375
loveland,3,6,True,267.0,31.0,13,9,,Alec Pierce | Bijan Robinson | Chase Brown | Christian Watson | Chuba Hubbard | Colston Loveland | Drake Maye | Jameson Williams | Jayden Reed | Jonathon Brooks | Marvin Harrison Jr. | Rhamondre Stevenson | Tony Pollard,1,6,5,1,1709.0454692840576,1532.176513671875
loveland,3,7,True,254.0,44.0,19,15,,Blake Corum | Breece Hall | Chase Brown | Chuba Hubbard | Colston Loveland | Drake Maye | Jameson Williams | Jayden Reed | Jaylen Warren | Jordan Addison | Josh Jacobs | Luther Burden III | Rome Odunze,1,6,5,1,1652.8008871078491,1482.2033325195312
loveland,3,8,True,274.0,24.0,17,11,,Bijan Robinson | Carnell Tate | Chase Brown | Chris Rodriguez Jr. | Christian Watson | Colston Loveland | DK Metcalf | Dak Prescott | Emeka Egbuka | Jayden Reed | Jaylen Warren | Jonathon Brooks | Jordan Mason,1,6,5,1,1673.2755994796753,1494.7710083007812
loveland,3,9,True,272.0,26.0,11,7,,Alec Pierce | Bijan Robinson | Chase Brown | Colston Loveland | D'Andre Swift | De'Zhaun Stribling | Jameson Williams | Jonathon Brooks | Lamar Jackson | Michael Wilson | Quentin Johnston | Rachaad White | TreVeyon Henderson,1,6,5,1,1701.5903129577637,1537.3784057617188
loveland,3,10,True,282.0,16.0,14,8,,Alec Pierce | Bijan Robinson | Chase Brown | Chuba Hubbard | Colston Loveland | J.K. Dobbins | Jalen Hurts | Jameson Williams | Jaylen Warren | Jordan Addison | Makai Lemon | Marvin Harrison Jr. | TreVeyon Henderson,1,6,5,1,1698.5353593826294,1517.4540893554688
loveland,3,11,True,239.0,59.0,20,16,,Blake Corum | Chase Brown | Colston Loveland | Derrick Henry | Drake Maye | J.K. Dobbins | Jaylen Waddle | Jaylen Warren | Jordan Addison | Luther Burden III | Michael Pittman | Parker Washington | Rico Dowdle,1,6,5,1,1639.171757698059,1467.4816650390626
loveland,3,12,True,282.0,16.0,15,10,,Aaron Jones | Alec Pierce | Bhayshul Tuten | Bijan Robinson | Carnell Tate | Chase Brown | Chuba Hubbard | Colston Loveland | DK Metcalf | Dak Prescott | Quentin Johnston | Tee Higgins | Wan'Dale Robinson,1,5,6,1,1680.13046169281,1476.290380859375
loveland,3,13,True,285.0,13.0,18,12,,Chase Brown | Chuba Hubbard | Colston Loveland | Dak Prescott | De'Zhaun Stribling | Emeka Egbuka | Jameson Williams | Jaylen Warren | Jonathan Taylor | Marvin Harrison Jr. | Rhamondre Stevenson | Rico Dowdle | Rome Odunze,1,6,5,1,1687.44189453125,1506.69951171875
loveland,3,14,True,270.0,28.0,14,11,,Bijan Robinson | Chase Brown | Christian Watson | Colston Loveland | DJ Moore | Jakobi Meyers | Jameson Williams | Jonathon Brooks | Rachaad White | Rhamondre Stevenson | Rico Dowdle | Trevor Lawrence | Wan'Dale Robinson,1,6,5,1,1670.9331216812134,1507.2226440429688
loveland,3,15,True,275.0,23.0,13,7,,Alec Pierce | Chase Brown | Colston Loveland | D'Andre Swift | DK Metcalf | Drake Maye | Jameson Williams | Jaylen Warren | Jordan Addison | Jordyn Tyson | Josh Jacobs | Kyren Williams | TreVeyon Henderson,1,6,5,1,1672.4548826217651,1504.9759033203125
loveland,3,16,True,271.0,27.0,14,8,,Bijan Robinson | Carnell Tate | Chase Brown | Colston Loveland | Drake Maye | Jacory Croskey-Merritt | Jameson Williams | Jaylen Warren | Jordan Addison | Rachaad White | Rico Dowdle | Rome Odunze | Wan'Dale Robinson,1,6,5,1,1697.9118356704712,1523.049560546875
loveland,3,17,True,260.0,38.0,19,14,,Blake Corum | Bucky Irving | Carnell Tate | Chase Brown | Christian Watson | Colston Loveland | Derrick Henry | Jadarian Price | Jalen Hurts | Jordan Mason | Luther Burden III | Michael Wilson | Xavier Worthy,1,6,5,1,1628.9417371749878,1446.4208740234376
loveland,3,18,True,272.0,26.0,17,15,,Alec Pierce | Bijan Robinson | Chase Brown | Christian Watson | Chuba Hubbard | Colston Loveland | Drake Maye | Jameson Williams | Kenny Gainwell | Khalil Shakir | Luther Burden III | RJ Harvey | Rhamondre Stevenson,1,6,5,1,1696.278163909912,1520.7330200195313
loveland,3,19,True,276.0,22.0,19,14,,Blake Corum | Bo Nix | Brian Thomas Jr. | Chase Brown | Colston Loveland | D'Andre Swift | Derrick Henry | Jayden Reed | Kyren Williams | Luther Burden III | Makai Lemon | Rhamondre Stevenson | Wan'Dale Robinson,1,6,5,1,1643.4582567214966,1453.8514892578125
loveland,3,20,True,272.0,26.0,15,8,,Alec Pierce | Brian Thomas Jr. | Caleb Williams | Chase Brown | Chris Godwin Jr. | Colston Loveland | J.K. Dobbins | Jameson Williams | Jaylen Warren | Kyren Williams | Michael Wilson | Saquon Barkley | TreVeyon Henderson,1,6,5,1,1653.0093812942505,1477.2758178710938
loveland,3,21,True,269.0,29.0,18,17,,Carnell Tate | Chase Brown | Christian Watson | Colston Loveland | D'Andre Swift | Drake Maye | Emeka Egbuka | Jameson Williams | Jonathon Brooks | Jordan Mason | Josh Jacobs | Rhamondre Stevenson | Wan'Dale Robinson,1,6,5,1,1642.5192613601685,1483.94287109375
loveland,3,22,True,291.0,7.0,16,11,,Aaron Jones | Breece Hall | CeeDee Lamb | Chase Brown | Chris Rodriguez Jr. | Colston Loveland | Jaylen Warren | Jonathon Brooks | Jordyn Tyson | Josh Allen | Josh Downs | Malik Nabers | Rome Odunze,1,6,5,1,1695.1159114837646,1514.8481811523438
loveland,3,23,True,284.0,14.0,16,13,,Brian Thomas Jr. | Bucky Irving | Carnell Tate | Chase Brown | Colston Loveland | Drake Maye | Jaylen Waddle | Jaylen Warren | Josh Jacobs | Kenny Gainwell | Ladd McConkey | Luther Burden III | TreVeyon Henderson,1,6,5,1,1642.191252708435,1509.5907592773438
loveland,4,0,True,295.0,3.0,14,10,,Chase Brown | Christian Watson | Colston Loveland | Emeka Egbuka | J.K. Dobbins | Jaylen Warren | Kyren Williams | Lamar Jackson | Michael Pittman | Omarion Hampton | Rico Dowdle | Tee Higgins | Wan'Dale Robinson,1,6,5,1,1677.895926475525,1503.8977416992188
loveland,4,1,True,268.0,30.0,17,15,,Chase Brown | Christian Watson | Colston Loveland | David Montgomery | Derrick Henry | Emeka Egbuka | Jalen Hurts | Jordan Addison | Jordan Mason | Luther Burden III | Marvin Harrison Jr. | Rhamondre Stevenson | Rico Dowdle,1,6,5,1,1671.4382638931274,1505.0937377929688
loveland,4,2,True,263.0,35.0,12,10,,Aaron Jones | Alec Pierce | Chase Brown | Chris Olave | Colston Loveland | Derrick Henry | Kyren Williams | Luther Burden III | Michael Pittman | Quentin Johnston | RJ Harvey | Rachaad White | Trevor Lawrence,1,6,5,1,1647.5806684494019,1464.0788208007812
loveland,4,3,True,289.0,9.0,14,10,,Chase Brown | Christian Watson | Chuba Hubbard | Colston Loveland | D'Andre Swift | Jalen Hurts | Jameson Williams | Michael Pittman | Omarion Hampton | Rico Dowdle | Tee Higgins | TreVeyon Henderson | Wan'Dale Robinson,1,6,5,1,1652.4098978042603,1517.0055786132812
loveland,4,4,True,277.0,21.0,14,8,,Alec Pierce | Chase Brown | Colston Loveland | Dak Prescott | Jaylen Warren | Kyren Williams | Luther Burden III | Marvin Harrison Jr. | Omarion Hampton | Rico Dowdle | Stefon Diggs | TreVeyon Henderson | Wan'Dale Robinson,1,6,5,1,1624.4047231674194,1461.5432861328125
loveland,4,5,True,236.0,62.0,18,17,,Aaron Jones | Chase Brown | Christian Watson | Colston Loveland | J.K. Dobbins | Joe Burrow | Kyle Monangai | Luther Burden III | Marvin Harrison Jr. | Michael Pittman | Michael Wilson | Omarion Hampton | Tony Pollard,1,6,5,1,1585.6419496536255,1427.9169555664062
loveland,4,6,True,243.0,55.0,19,18,,Alec Pierce | Chase Brown | Colston Loveland | Jameson Williams | Jeremiyah Love | Jordan Mason | Lamar Jackson | Luther Burden III | Marvin Harrison Jr. | Quentin Johnston | Rhamondre Stevenson | Rico Dowdle | Tony Pollard,1,6,5,1,1622.1433057785034,1428.9018310546876
loveland,4,7,True,285.0,13.0,16,15,,Bucky Irving | Chase Brown | Chris Olave | Colston Loveland | DK Metcalf | Jaylen Warren | Jordan Addison | Kyren Williams | Lamar Jackson | Luther Burden III | Rhamondre Stevenson | Stefon Diggs | Tony Pollard,1,6,5,1,1647.2362775802612,1470.686376953125
loveland,4,8,True,264.0,34.0,17,15,,Alec Pierce | Chase Brown | Colston Loveland | Derrick Henry | Emeka Egbuka | Jadarian Price | Jordan Mason | Josh Downs | Kyren Williams | Lamar Jackson | Luther Burden III | Matthew Golden | RJ Harvey,1,6,5,1,1669.840410232544,1460.95146484375
loveland,4,9,True,265.0,33.0,17,14,,Chase Brown | Christian Watson | Chuba Hubbard | Colston Loveland | D'Andre Swift | Derrick Henry | Jordan Mason | Jordyn Tyson | Lamar Jackson | Luther Burden III | Marvin Harrison Jr. | Parker Washington | TreVeyon Henderson,1,6,5,1,1639.8426399230957,1454.3367065429688
loveland,4,10,True,292.0,6.0,18,19,,Aaron Jones | Brian Thomas Jr. | Brock Purdy | CeeDee Lamb | Chase Brown | Colston Loveland | D'Andre Swift | David Montgomery | Emeka Egbuka | Jameson Williams | Jordan Addison | Rhamondre Stevenson | TreVeyon Henderson,1,6,5,1,1654.0767068862915,1469.3184814453125
loveland,4,11,True,265.0,33.0,14,9,,Alec Pierce | Brian Thomas Jr. | Chase Brown | Chuba Hubbard | Colston Loveland | DJ Moore | Dak Prescott | Jameson Williams | Jeremiyah Love | Rhamondre Stevenson | Rome Odunze | Tony Pollard | TreVeyon Henderson,1,6,5,1,1608.7828693389893,1417.0898681640624
loveland,4,12,True,289.0,9.0,18,20,,Bucky Irving | Chase Brown | Christian Watson | Colston Loveland | D'Andre Swift | Dak Prescott | Drake London | Jaylen Warren | Luther Burden III | Rachaad White | Rashee Rice | Tony Pollard | Wan'Dale Robinson,1,6,5,1,1653.0674438476562,1521.1522338867187
loveland,4,13,True,267.0,31.0,16,14,,A.J. Brown | Bucky Irving | Chase Brown | Christian Watson | Colston Loveland | Drake Maye | J.K. Dobbins | Kyren Williams | Luther Burden III | Quentin Johnston | RJ Harvey | Rachaad White | Rome Odunze,1,6,5,1,1649.7104139328003,1473.6214477539063
loveland,4,14,True,289.0,9.0,12,5,,Brian Thomas Jr. | Chase Brown | Christian Watson | Chuba Hubbard | Colston Loveland | D'Andre Swift | Derrick Henry | Emeka Egbuka | Jaylen Warren | Kyren Williams | Michael Wilson | Patrick Mahomes | Quentin Johnston,1,6,5,1,1668.2519464492798,1490.4724243164062
loveland,4,15,True,286.0,12.0,17,16,,Brian Thomas Jr. | Chase Brown | Christian Watson | Colston Loveland | D'Andre Swift | Davante Adams | David Montgomery | Jalen Hurts | Kyren Williams | Luther Burden III | Marvin Harrison Jr. | Rico Dowdle | TreVeyon Henderson,1,6,5,1,1664.324815750122,1477.1271362304688
loveland,4,16,True,253.0,45.0,17,15,,Alec Pierce | Brian Thomas Jr. | Chase Brown | Chuba Hubbard | Colston Loveland | DK Metcalf | Derrick Henry | Emeka Egbuka | Jacory Croskey-Merritt | Josh Jacobs | Justin Herbert | Michael Pittman | Rachaad White,1,6,5,1,1630.8944063186646,1472.9811645507812
loveland,4,17,True,268.0,30.0,14,14,,Chase Brown | Christian Watson | Colston Loveland | Davante Adams | Derrick Henry | Jakobi Meyers | Jameson Williams | Jaxson Dart | Kyren Williams | RJ Harvey | Rachaad White | Rhamondre Stevenson | Rome Odunze,1,6,5,1,1685.245246887207,1518.34853515625
loveland,4,18,True,252.0,46.0,16,13,,Chase Brown | Colston Loveland | DJ Moore | J.K. Dobbins | Jacory Croskey-Merritt | Josh Jacobs | Luther Burden III | Malik Nabers | Marvin Harrison Jr. | Patrick Mahomes | Quentin Johnston | Rico Dowdle | Tony Pollard,1,6,5,1,1626.0156755447388,1452.2767333984375
loveland,4,19,True,261.0,37.0,19,21,,Alec Pierce | Chase Brown | Colston Loveland | David Montgomery | Drake Maye | Jordan Mason | Josh Jacobs | Malik Nabers | Marvin Harrison Jr. | Michael Pittman | RJ Harvey | Rhamondre Stevenson | Rome Odunze,1,6,5,1,1634.3664445877075,1442.7188598632813
loveland,4,20,True,261.0,37.0,14,9,,Chase Brown | Christian Watson | Colston Loveland | J.K. Dobbins | Jacory Croskey-Merritt | Jayden Reed | Jordyn Tyson | Kenneth Walker III | Kyren Williams | Luther Burden III | Marvin Harrison Jr. | Tony Pollard | Trevor Lawrence,1,6,5,1,1627.5869178771973,1434.0458251953125
loveland,4,21,True,276.0,22.0,20,19,,Alec Pierce | Bucky Irving | Chase Brown | Chris Olave | Colston Loveland | D'Andre Swift | Drake London | Jayden Reed | Khalil Shakir | Lamar Jackson | RJ Harvey | Rico Dowdle | Tony Pollard,1,6,5,1,1648.1786947250366,1488.1733154296876
loveland,4,22,True,292.0,6.0,13,6,,Bucky Irving | Chase Brown | Chris Godwin Jr. | Colston Loveland | Jameson Williams | Kyren Williams | Luther Burden III | Matthew Stafford | Quentin Johnston | Rachaad White | Saquon Barkley | Tony Pollard | Wan'Dale Robinson,1,6,5,1,1662.727520942688,1485.1442138671875
loveland,4,23,True,280.0,18.0,13,8,,Brian Thomas Jr. | Caleb Williams | Chase Brown | Christian Watson | Chuba Hubbard | Colston Loveland | Jameson Williams | Jaylen Warren | Kenneth Walker III | Kyren Williams | Luther Burden III | Makai Lemon | Tony Pollard,1,6,5,1,1648.5659494400024,1490.3149780273438
loveland,5,0,True,261.0,37.0,19,14,,Bhayshul Tuten | Caleb Williams | Chase Brown | Colston Loveland | Derrick Henry | Jameson Williams | Jordan Addison | Kenny Gainwell | Quentin Johnston | RJ Harvey | Rome Odunze | Tetairoa McMillan | Tony Pollard,1,6,5,1,1627.4589004516602,1479.0552490234375
loveland,5,1,True,263.0,35.0,16,10,,Aaron Jones | Alec Pierce | Blake Corum | Chase Brown | Christian Watson | Colston Loveland | Derrick Henry | Jaylen Warren | Josh Allen | Matthew Golden | Quentin Johnston | Rhamondre Stevenson | Tee Higgins,1,6,5,1,1650.732551574707,1481.8801513671874
loveland,5,2,True,266.0,32.0,13,7,,Chase Brown | Christian Watson | Colston Loveland | D'Andre Swift | DK Metcalf | Jameson Williams | Josh Allen | KC Concepcion | Kyren Williams | Michael Wilson | RJ Harvey | Rachaad White | Rhamondre Stevenson,1,6,5,1,1642.3414697647095,1477.82294921875
loveland,5,3,True,267.0,31.0,13,9,,Chase Brown | Colston Loveland | D'Andre Swift | Emeka Egbuka | J.K. Dobbins | Jayden Reed | Josh Allen | Khalil Shakir | Kyren Williams | Michael Wilson | Quentin Johnston | Rhamondre Stevenson | Tony Pollard,1,6,5,1,1634.6749868392944,1434.817236328125
loveland,5,4,True,295.0,3.0,14,11,,Chase Brown | Colston Loveland | Derrick Henry | Jadarian Price | Jameson Williams | Jaylen Warren | Jordyn Tyson | Josh Allen | Luther Burden III | Quentin Johnston | Rhamondre Stevenson | Rico Dowdle | Rome Odunze,1,6,5,1,1690.431902885437,1512.5016845703126
loveland,5,5,True,275.0,23.0,14,7,,Aaron Jones | Carnell Tate | Chase Brown | Chris Godwin Jr. | Christian Watson | Colston Loveland | D'Andre Swift | Jakobi Meyers | Jonathon Brooks | Josh Allen | Omarion Hampton | Parker Washington | Rhamondre Stevenson,1,6,5,1,1643.1247110366821,1432.7582763671876
loveland,5,6,True,274.0,24.0,15,9,,Blake Corum | Chase Brown | Christian Watson | Colston Loveland | D'Andre Swift | DK Metcalf | De'Zhaun Stribling | Derrick Henry | Jaylen Warren | Josh Allen | Michael Wilson | Quentin Johnston | Rhamondre Stevenson,1,6,5,1,1651.4981651306152,1490.388720703125
loveland,5,7,True,288.0,10.0,14,8,,Alec Pierce | Chase Brown | Colston Loveland | D'Andre Swift | DK Metcalf | Jaylen Warren | Jordan Mason | Josh Allen | Kyren Williams | Quentin Johnston | Rhamondre Stevenson | Rome Odunze | Tee Higgins,1,6,5,1,1670.0329523086548,1473.655126953125
loveland,5,8,True,285.0,13.0,15,10,,Bhayshul Tuten | Carnell Tate | Chase Brown | Colston Loveland | DK Metcalf | Drake London | Jaylen Warren | Jordan Mason | Josh Allen | Michael Wilson | Rico Dowdle | Tee Higgins | Tony Pollard,1,6,5,1,1672.1965770721436,1480.8348876953125
loveland,5,9,True,270.0,28.0,15,9,,Bhayshul Tuten | Breece Hall | Brian Thomas Jr. | Carnell Tate | Chase Brown | Chris Godwin Jr. | Colston Loveland | Courtland Sutton | Jameson Williams | Jaylen Warren | Jordan Mason | Josh Allen | Tony Pollard,1,6,5,1,1647.929690361023,1456.4365600585938
loveland,5,10,True,264.0,34.0,16,12,,Caleb Williams | Carnell Tate | Chase Brown | Christian Watson | Colston Loveland | DeVonta Smith | Kenny Gainwell | Kyren Williams | RJ Harvey | Rhamondre Stevenson | Rome Odunze | TreVeyon Henderson | Wan'Dale Robinson,1,6,5,1,1595.5385847091675,1425.5849365234376
loveland,5,11,True,249.0,49.0,23,20,,Bhayshul Tuten | Chase Brown | Christian Watson | Colston Loveland | DJ Moore | J.K. Dobbins | Jalen Hurts | Jameson Williams | Jaylen Waddle | Jordan Mason | Josh Downs | Rhamondre Stevenson | TreVeyon Henderson,1,6,5,1,1570.0459432601929,1375.3719482421875
loveland,5,12,True,282.0,16.0,13,8,,Chase Brown | Colston Loveland | Derrick Henry | Jadarian Price | Jameson Williams | Jaylen Warren | Josh Allen | Josh Downs | Luther Burden III | Parker Washington | Quentin Johnston | Tony Pollard | TreVeyon Henderson,1,6,5,1,1680.7042684555054,1499.792529296875
loveland,5,13,True,296.0,2.0,18,16,,Bucky Irving | Chase Brown | Colston Loveland | Dak Prescott | De'Zhaun Stribling | DeVonta Smith | Jameson Williams | Jordan Mason | Kyle Monangai | Michael Wilson | Rashee Rice | Romeo Doubs | Saquon Barkley,1,5,6,1,1650.6385383605957,1467.8585693359375
loveland,5,14,True,271.0,27.0,14,10,,Chase Brown | Christian Watson | Chuba Hubbard | Colston Loveland | Jalen Hurts | Kyren Williams | Makai Lemon | Michael Wilson | Puka Nacua | RJ Harvey | Rhamondre Stevenson | Rico Dowdle | Wan'Dale Robinson,1,6,5,1,1663.2028198242188,1468.4265991210937
loveland,5,15,True,277.0,21.0,11,6,,Alec Pierce | Chase Brown | Christian Watson | Chuba Hubbard | Colston Loveland | Derrick Henry | Jameson Williams | Jayden Reed | Jaylen Warren | Josh Allen | Rhamondre Stevenson | Rome Odunze | Tony Pollard,1,6,5,1,1670.7681331634521,1501.7866455078124
loveland,5,16,True,265.0,33.0,16,11,,Blake Corum | Carnell Tate | Chase Brown | Christian Watson | Colston Loveland | Jayden Reed | Jordan Addison | Josh Allen | RJ Harvey | Rhamondre Stevenson | Rico Dowdle | Rome Odunze | Saquon Barkley,1,6,5,1,1659.3460121154785,1463.5560668945313
loveland,5,17,True,275.0,23.0,12,7,,Chase Brown | Colston Loveland | DK Metcalf | Derrick Henry | J.K. Dobbins | Jakobi Meyers | Jameson Williams | Josh Allen | KC Concepcion | Rhamondre Stevenson | Rico Dowdle | Tee Higgins | Tony Pollard,1,6,5,1,1683.8707437515259,1523.05087890625
loveland,5,18,True,259.0,39.0,17,11,,Alec Pierce | Brian Thomas Jr. | Bucky Irving | Chase Brown | Chuba Hubbard | Colston Loveland | DK Metcalf | Jadarian Price | Jaylen Warren | Josh Allen | Makai Lemon | Michael Wilson | Omarion Hampton,1,6,5,1,1652.8910236358643,1459.6089965820313
loveland,5,19,True,284.0,14.0,11,2,,Brian Thomas Jr. | Chase Brown | Christian Watson | Colston Loveland | Derrick Henry | Jameson Williams | Jaylen Warren | Josh Allen | Luther Burden III | Quentin Johnston | RJ Harvey | Rico Dowdle | Tony Pollard,1,6,5,1,1685.6924629211426,1497.5817749023438
loveland,5,20,True,265.0,33.0,15,9,,Chase Brown | Chuba Hubbard | Colston Loveland | D'Andre Swift | DK Metcalf | Jameson Williams | Jayden Reed | Jordan Mason | Josh Allen | Makai Lemon | Rashee Rice | Rhamondre Stevenson | Rico Dowdle,1,6,5,1,1640.3032903671265,1449.575732421875
loveland,5,21,True,262.0,36.0,17,13,,Carnell Tate | Chase Brown | Colston Loveland | Derrick Henry | J.K. Dobbins | Jameson Williams | Kenny Gainwell | Luther Burden III | Marvin Harrison Jr. | Matthew Stafford | RJ Harvey | Rico Dowdle | Tee Higgins,1,6,5,1,1623.3892793655396,1446.1559814453126
loveland,5,22,True,230.0,68.0,20,15,,Bucky Irving | Chase Brown | Christian Watson | Colston Loveland | Courtland Sutton | DJ Moore | Jameson Williams | Jonathon Brooks | Jordan Mason | Jordyn Tyson | Josh Allen | Kyle Monangai | RJ Harvey,1,6,5,1,1600.1992530822754,1401.4597900390625
loveland,5,23,True,243.0,55.0,18,14,,Bucky Irving | Chase Brown | Chris Godwin Jr. | Chuba Hubbard | Colston Loveland | D'Andre Swift | Jameson Williams | Josh Allen | Kenny Gainwell | Luther Burden III | Rhamondre Stevenson | Tee Higgins | Wan'Dale Robinson,1,6,5,1,1635.711570739746,1462.8841674804687
loveland,6,0,True,270.0,28.0,14,13,,Chase Brown | Christian Watson | Colston Loveland | D'Andre Swift | David Montgomery | Drake Maye | Jakobi Meyers | Jameson Williams | Jaylen Warren | Jordyn Tyson | Rhamondre Stevenson | Tetairoa McMillan | TreVeyon Henderson,1,6,5,1,1609.1747274398804,1442.2434692382812
loveland,6,1,True,249.0,49.0,19,18,,Alec Pierce | Carnell Tate | Chase Brown | Colston Loveland | David Montgomery | Derrick Henry | Drake Maye | Jameson Williams | Jaylen Warren | Jordan Addison | Michael Wilson | Tony Pollard | Zach Charbonnet,1,6,5,1,1626.0787267684937,1448.5361938476562
loveland,6,2,True,294.0,4.0,15,11,,Blake Corum | Chase Brown | Christian Watson | Chuba Hubbard | Colston Loveland | Drake London | Jameson Williams | Josh Allen | Kyren Williams | Rashid Shaheed | Rico Dowdle | Rome Odunze | Tony Pollard,1,6,5,1,1703.3340320587158,1522.591796875
loveland,6,3,True,282.0,16.0,14,8,,Alec Pierce | Chase Brown | Christian Watson | Colston Loveland | Derrick Henry | Jameson Williams | Kyren Williams | Lamar Jackson | Rachaad White | Rhamondre Stevenson | Stefon Diggs | Tony Pollard | Wan'Dale Robinson,1,6,5,1,1675.651328086853,1499.6301513671874
loveland,6,4,True,273.0,25.0,13,9,,Chase Brown | Chris Godwin Jr. | Chuba Hubbard | Colston Loveland | D'Andre Swift | Derrick Henry | Emeka Egbuka | Jalen Hurts | Luther Burden III | Rhamondre Stevenson | Rico Dowdle | Rome Odunze | Wan'Dale Robinson,1,6,5,1,1647.4890460968018,1457.9970092773438
loveland,6,5,True,286.0,12.0,16,14,,Chase Brown | Colston Loveland | D'Andre Swift | DJ Moore | Derrick Henry | J.K. Dobbins | Jameson Williams | Jayden Reed | Kenny Gainwell | Lamar Jackson | Rhamondre Stevenson | Rome Odunze | Tee Higgins,1,6,5,1,1673.2230167388916,1504.2168212890624
loveland,6,6,True,285.0,13.0,14,12,,Aaron Jones | Chase Brown | Christian Watson | Colston Loveland | Derrick Henry | Drake Maye | Jadarian Price | Jameson Williams | Kyle Monangai | Kyren Williams | Luther Burden III | Marvin Harrison Jr. | Michael Pittman,1,6,5,1,1679.8952770233154,1526.4015014648437
loveland,6,7,True,287.0,11.0,20,16,,Alec Pierce | Chase Brown | Colston Loveland | David Montgomery | Jakobi Meyers | Jameson Williams | Jayden Daniels | Kyle Monangai | Kyren Williams | Rome Odunze | Tony Pollard | TreVeyon Henderson | Zay Flowers,1,6,5,1,1630.587802886963,1458.730810546875
loveland,6,8,True,252.0,46.0,15,12,,Chase Brown | Christian Watson | Colston Loveland | D'Andre Swift | Derrick Henry | Emeka Egbuka | J.K. Dobbins | Jakobi Meyers | Jordan Addison | Kyle Monangai | Lamar Jackson | Makai Lemon | Rhamondre Stevenson,1,6,5,1,1649.8428201675415,1473.4629272460938
loveland,6,9,True,280.0,18.0,18,13,,Alec Pierce | Bucky Irving | Carnell Tate | Chase Brown | Christian Watson | Colston Loveland | D'Andre Swift | DK Metcalf | Jared Goff | Jayden Reed | Josh Jacobs | Tony Pollard | TreVeyon Henderson,1,6,5,1,1608.8424139022827,1437.7678466796874
loveland,6,10,True,294.0,4.0,15,12,,Chase Brown | Chris Olave | Chuba Hubbard | Colston Loveland | Devaughn Vele | Emeka Egbuka | Jalen Hurts | Jayden Reed | Josh Jacobs | Marvin Harrison Jr. | Rashee Rice | Rico Dowdle | TreVeyon Henderson,1,5,6,1,1655.9050178527832,1463.2424194335938
loveland,6,11,True,293.0,5.0,17,9,,Chase Brown | Colston Loveland | DJ Moore | Jalen Hurts | Jameson Williams | Jayden Reed | Jaylen Warren | Jeremiyah Love | Josh Jacobs | Marvin Harrison Jr. | Michael Pittman | Rhamondre Stevenson | Tony Pollard,1,6,5,1,1656.7752084732056,1477.8356079101563
loveland,6,12,True,272.0,26.0,16,13,,Bucky Irving | Carnell Tate | Chase Brown | Chris Godwin Jr. | Christian Watson | Colston Loveland | Dak Prescott | Derrick Henry | Jameson Williams | Jaylen Warren | Rhamondre Stevenson | Rome Odunze | Tony Pollard,1,6,5,1,1652.279769897461,1504.869287109375
loveland,6,13,True,267.0,31.0,15,9,,Blake Corum | Chase Brown | Christian Watson | Colston Loveland | DK Metcalf | Dak Prescott | Derrick Henry | Jadarian Price | Jameson Williams | Jordyn Tyson | Kyren Williams | Tony Pollard | Wan'Dale Robinson,1,6,5,1,1671.0165643692017,1519.7630981445313
loveland,6,14,True,278.0,20.0,13,9,,Chase Brown | Christian Watson | Colston Loveland | DK Metcalf | Derrick Henry | Jameson Williams | Jaxson Dart | Jordan Addison | Josh Jacobs | Kenny Gainwell | Kyle Monangai | TreVeyon Henderson | Wan'Dale Robinson,1,6,5,1,1656.504069328308,1506.1692993164063
loveland,6,15,True,278.0,20.0,15,11,,Alec Pierce | Brian Thomas Jr. | Chase Brown | Colston Loveland | Derrick Henry | Jadarian Price | Jakobi Meyers | Jameson Williams | Joe Burrow | Jordan Mason | Kyren Williams | Tony Pollard | Wan'Dale Robinson,1,6,5,1,1649.801905632019,1496.2671875
loveland,6,16,True,261.0,37.0,15,10,,Chase Brown | Chuba Hubbard | Colston Loveland | David Montgomery | Derrick Henry | Jameson Williams | Jayden Daniels | Jaylen Warren | Jordan Addison | Jordyn Tyson | Malik Nabers | Rico Dowdle | Stefon Diggs,1,6,5,1,1642.9411001205444,1463.289013671875
loveland,6,17,True,278.0,20.0,20,13,,Alec Pierce | Blake Corum | Chase Brown | Chris Godwin Jr. | Chris Olave | Colston Loveland | D'Andre Swift | David Montgomery | Jacory Croskey-Merritt | Jameson Williams | Jaylen Warren | Josh Allen | Rome Odunze,1,6,5,1,1643.653447151184,1485.6313110351562
loveland,6,18,True,273.0,25.0,16,14,,Carnell Tate | Chase Brown | Christian Watson | Colston Loveland | Drake Maye | J.K. Dobbins | Jakobi Meyers | Jayden Reed | Jaylen Warren | Kenny Gainwell | Kyren Williams | Luther Burden III | Omarion Hampton,1,6,5,1,1648.6911945343018,1460.1762573242188
loveland,6,19,True,269.0,29.0,18,14,,Chase Brown | Christian Watson | Colston Loveland | D'Andre Swift | Emeka Egbuka | Jameson Williams | Jayden Reed | Jeremiyah Love | Kyle Monangai | Patrick Mahomes | Rico Dowdle | Wan'Dale Robinson | Zach Charbonnet,1,6,5,1,1620.4110870361328,1443.35400390625
loveland,6,20,True,284.0,14.0,13,5,,Chase Brown | Christian Watson | Chuba Hubbard | Colston Loveland | Derrick Henry | Jalen Hurts | Jameson Williams | Kyren Williams | Marvin Harrison Jr. | Parker Washington | Rachaad White | Rico Dowdle | Wan'Dale Robinson,1,6,5,1,1673.4722909927368,1476.5538452148437
loveland,6,21,True,239.0,59.0,22,17,,Chase Brown | Chris Rodriguez Jr. | Colston Loveland | D'Andre Swift | DK Metcalf | Drake Maye | Josh Jacobs | Kenny Gainwell | Kyren Williams | Matthew Golden | Michael Wilson | Quentin Johnston | Wan'Dale Robinson,1,6,5,1,1609.3703050613403,1448.2353393554688
loveland,6,22,True,258.0,40.0,16,13,,Chase Brown | Colston Loveland | J.K. Dobbins | Jalen Hurts | Jameson Williams | Jaylen Waddle | Jordyn Tyson | Josh Jacobs | KC Concepcion | Kyren Williams | Luther Burden III | Michael Pittman | Tony Pollard,1,5,6,1,1653.5998640060425,1458.0007690429688
loveland,6,23,True,285.0,13.0,17,11,,Bucky Irving | Chase Brown | Christian Watson | Chuba Hubbard | Colston Loveland | D'Andre Swift | Dak Prescott | DeVonta Smith | J.K. Dobbins | Jameson Williams | Jaylen Warren | Ladd McConkey | Wan'Dale Robinson,1,6,5,1,1620.26291847229,1467.0885986328126
loveland,7,0,True,245.0,53.0,15,13,,Bo Nix | Carnell Tate | Chase Brown | Chuba Hubbard | Colston Loveland | Derrick Henry | Jameson Williams | Rachaad White | Rico Dowdle | Rome Odunze | Tee Higgins | Tony Pollard | Tyler Warren,1,6,4,2,1629.8773164749146,1465.9883056640624
loveland,7,1,True,263.0,35.0,13,6,,Carnell Tate | Chase Brown | Chris Godwin Jr. | Christian Watson | Colston Loveland | D'Andre Swift | Dalton Kincaid | Jameson Williams | Jaylen Warren | Jeremiyah Love | Josh Allen | Rachaad White | Rico Dowdle,1,6,4,2,1654.1643104553223,1458.807421875
loveland,7,2,True,278.0,20.0,14,7,,Bhayshul Tuten | Brian Thomas Jr. | Chase Brown | Colston Loveland | David Montgomery | Derrick Henry | George Kittle | Jameson Williams | Jaylen Warren | Josh Allen | Marvin Harrison Jr. | Michael Wilson | Rico Dowdle,1,6,4,2,1666.7705907821655,1487.3727172851563
loveland,7,3,True,247.0,51.0,14,9,,Aaron Jones | Chase Brown | Christian Watson | Colston Loveland | George Kittle | Jameson Williams | Jaylen Warren | Josh Allen | Makai Lemon | Michael Pittman | Omarion Hampton | Rhamondre Stevenson | Tony Pollard,1,6,4,2,1653.2319478988647,1473.8015380859374
loveland,7,4,True,289.0,9.0,19,19,,Brian Thomas Jr. | Bucky Irving | Chase Brown | Colston Loveland | D'Andre Swift | Emeka Egbuka | Jonathon Brooks | Josh Allen | Luther Burden III | Makai Lemon | RJ Harvey | TreVeyon Henderson | Zay Flowers,1,6,5,1,1666.5893955230713,1475.0818115234374
loveland,7,5,True,280.0,18.0,14,7,,Bucky Irving | Chase Brown | Colston Loveland | DK Metcalf | Dalton Kincaid | Jameson Williams | Jaylen Warren | Jonathon Brooks | Josh Allen | Makai Lemon | Omarion Hampton | RJ Harvey | Tee Higgins,1,6,4,2,1679.7038354873657,1489.052392578125
loveland,7,6,True,251.0,47.0,12,6,,Brian Thomas Jr. | Chase Brown | Christian Watson | Colston Loveland | Derrick Henry | Jake Ferguson | Jaylen Warren | Jordan Mason | Jordyn Tyson | Josh Allen | Luther Burden III | Rachaad White | Tony Pollard,1,6,4,2,1639.162127494812,1418.3983642578125
loveland,7,7,True,261.0,37.0,12,5,,Carnell Tate | Chase Brown | Colston Loveland | Derrick Henry | George Kittle | Jameson Williams | Jonathon Brooks | Josh Allen | Makai Lemon | Michael Wilson | Rachaad White | Rhamondre Stevenson | TreVeyon Henderson,1,6,4,2,1662.7881336212158,1471.0651489257812
loveland,7,8,True,260.0,38.0,14,7,,Aaron Jones | Chase Brown | Christian Watson | Colston Loveland | D'Andre Swift | Derrick Henry | George Kittle | Jameson Williams | Jonathon Brooks | Josh Allen | Marvin Harrison Jr. | Parker Washington | Tony Pollard,1,6,4,2,1675.6882905960083,1455.0508178710938
loveland,7,9,True,275.0,23.0,13,5,,Chase Brown | Colston Loveland | Derrick Henry | Jacory Croskey-Merritt | Jameson Williams | Jaylen Warren | Jordan Addison | Josh Allen | Kyle Pitts | Luther Burden III | Parker Washington | Tony Pollard | TreVeyon Henderson,1,6,4,2,1665.916335105896,1478.0778442382812
loveland,7,10,True,286.0,12.0,12,3,,Carnell Tate | Chase Brown | Colston Loveland | D'Andre Swift | Derrick Henry | George Kittle | Jameson Williams | Jaylen Warren | Jordyn Tyson | Josh Allen | Kyle Monangai | Quentin Johnston | Tony Pollard,1,6,4,2,1668.369472503662,1457.718017578125
loveland,7,11,True,280.0,18.0,16,15,,Bucky Irving | Chase Brown | Colston Loveland | D'Andre Swift | Dak Prescott | DeVonta Smith | George Kittle | Jadarian Price | Jaylen Warren | Luther Burden III | Rome Odunze | Tetairoa McMillan | Tony Pollard,1,6,4,2,1647.6695461273193,1480.2271484375
loveland,7,12,True,244.0,54.0,16,10,,Blake Corum | Chase Brown | Christian Watson | Colston Loveland | D'Andre Swift | Jake Ferguson | Jameson Williams | Jaylen Warren | Josh Allen | Josh Jacobs | Rico Dowdle | Rome Odunze | Romeo Doubs,1,6,4,2,1663.204668045044,1469.9326293945312
loveland,7,13,True,260.0,38.0,14,9,,Chase Brown | Colston Loveland | Derrick Henry | George Kittle | Jameson Williams | Jaylen Warren | Jonathon Brooks | Josh Allen | Luther Burden III | Makai Lemon | Rico Dowdle | Tee Higgins | Tony Pollard,1,6,4,2,1689.6009769439697,1511.1787353515624
loveland,7,14,True,281.0,17.0,14,7,,Brian Thomas Jr. | Chase Brown | Colston Loveland | Dalton Kincaid | Jameson Williams | Jonathon Brooks | Jordan Addison | Josh Allen | Omarion Hampton | RJ Harvey | Rhamondre Stevenson | Rome Odunze | Tony Pollard,1,6,4,2,1648.7055358886719,1460.3081909179687
loveland,7,15,True,265.0,33.0,12,4,,Brian Thomas Jr. | Brock Purdy | Chase Brown | Christian Watson | Colston Loveland | DeVonta Smith | Derrick Henry | George Kittle | Jameson Williams | Jaylen Warren | RJ Harvey | Tony Pollard | TreVeyon Henderson,1,6,4,2,1654.3617506027222,1482.21640625
loveland,7,16,True,240.0,58.0,18,13,,Alec Pierce | Bhayshul Tuten | Chase Brown | Christian Watson | Colston Loveland | Drake Maye | Emeka Egbuka | George Kittle | Jadarian Price | Jameson Williams | Jaylen Warren | Jonathon Brooks | TreVeyon Henderson,1,6,4,2,1621.0287504196167,1450.2181030273437
loveland,7,17,True,232.0,66.0,16,10,,Alec Pierce | Chase Brown | Colston Loveland | George Kittle | J.K. Dobbins | Jacory Croskey-Merritt | Jakobi Meyers | Jeremiyah Love | Josh Allen | Khalil Shakir | Tee Higgins | TreVeyon Henderson | Woody Marks,1,6,4,2,1602.2621412277222,1413.206591796875
loveland,7,18,True,245.0,53.0,14,11,,Carnell Tate | Chase Brown | Chuba Hubbard | Colston Loveland | Jameson Williams | Jonathon Brooks | Josh Jacobs | Justin Herbert | Kyle Pitts | Luther Burden III | Rico Dowdle | Rome Odunze | TreVeyon Henderson,1,6,4,2,1603.131492614746,1436.8765869140625
loveland,7,19,True,275.0,23.0,14,8,,Aaron Jones | Bhayshul Tuten | Blake Corum | Chase Brown | Christian Watson | Colston Loveland | DK Metcalf | Derrick Henry | George Kittle | Jadarian Price | Jameson Williams | Josh Allen | Parker Washington,1,6,4,2,1658.8296518325806,1473.0553588867188
loveland,7,20,True,261.0,37.0,19,19,,Amon-Ra St. Brown | Carnell Tate | Chase Brown | Christian Watson | Chuba Hubbard | Colston Loveland | Jacory Croskey-Merritt | Jaylen Warren | Joe Burrow | Jonathon Brooks | Malik Nabers | Quentin Johnston | Rico Dowdle,1,6,5,1,1651.5734796524048,1484.92783203125
loveland,7,21,True,266.0,32.0,15,11,,Chase Brown | Colston Loveland | David Montgomery | Jacory Croskey-Merritt | Jadarian Price | Jameson Williams | Josh Allen | Josh Downs | Parker Washington | Rico Dowdle | Sam LaPorta | TreVeyon Henderson | Zay Flowers,1,6,4,2,1623.4498882293701,1448.4478759765625
loveland,7,22,True,267.0,31.0,17,16,,A.J. Brown | Alec Pierce | Chase Brown | Christian Watson | Colston Loveland | D'Andre Swift | J.K. Dobbins | Jameson Williams | Jaylen Warren | Ladd McConkey | Lamar Jackson | Rico Dowdle | TreVeyon Henderson,1,6,5,1,1637.7666339874268,1453.4050659179688
loveland,7,23,True,255.0,43.0,19,17,,Blake Corum | Chase Brown | Colston Loveland | DeVonta Smith | George Kittle | J.K. Dobbins | Jadarian Price | Jameson Williams | Jordan Mason | Josh Allen | Luther Burden III | Rico Dowdle | Rome Odunze,1,6,4,2,1635.2202463150024,1415.8535888671875
