season,room,team,roster_id,method,actual_score,actual_zero_player_weeks,actual_zero_active_players,actual_champion,actual_top3,predicted_mean,predicted_q10,predicted_q50,predicted_q90,score_crps,score_covered_80,predicted_zero_player_weeks_mean,zero_player_weeks_crps,predicted_zero_active_players_mean,zero_active_players_crps,championship_probability,top3_probability,championship_brier_row,top3_brier_row
2018,0,0,2018_0_0,production,2283.89990234375,56,0,0,0,2127.951746622721,1954.8452026367188,2122.0302734375,2301.5646728515626,97.59233558840221,1,70.328125,8.334391276041668,0.23958333333333334,0.04627821180555555,0.12760416666666666,0.359375,0.01628282335069444,0.129150390625
2018,0,1,2018_0_1,production,2105.97998046875,79,0,0,0,2069.101821899414,1881.3624755859375,2068.904052734375,2252.72978515625,37.91617754598458,1,72.28385416666667,4.647738986545139,0.14583333333333334,0.016533745659722238,0.06770833333333333,0.24739583333333334,0.004584418402777777,0.06120469835069445
2018,0,2,2018_0_2,production,1946.800048828125,88,0,0,0,2053.525548299154,1872.481103515625,2055.3704833984375,2232.3680419921875,64.3393438094192,1,77.66666666666667,6.503594292534721,0.22916666666666666,0.04584418402777776,0.049479166666666664,0.22395833333333334,0.0024481879340277775,0.05015733506944445
2018,0,3,2018_0_3,production,2472.4599609375,45,0,1,1,2108.3048073450723,1923.9604858398438,2104.377685546875,2305.447802734375,283.3376834831304,0,71.70833333333333,19.31708441840278,0.08854166666666667,0.007392035590277776,0.12239583333333333,0.3125,0.7701890733506944,0.47265625
2018,0,4,2018_0_4,production,2168.259765625,71,0,0,0,2128.4842023849487,1959.7881469726562,2120.404296875,2305.0996826171877,38.45207140098016,1,81.96614583333333,6.21002197265625,0.4010416666666667,0.1092800564236111,0.15885416666666666,0.3619791666666667,0.02523464626736111,0.13102891710069445
2018,0,5,2018_0_5,production,2199.280029296875,101,0,0,0,2060.4274571736655,1861.0775512695313,2066.124267578125,2249.899658203125,82.25031338466539,1,80.15104166666667,13.903754340277779,0.3984375,0.1290215386284722,0.08854166666666667,0.23958333333333334,0.007839626736111112,0.05740017361111112
2018,0,6,2018_0_6,production,2147.460205078125,105,0,0,0,1993.845304807027,1808.6205078125,1995.7034301757812,2163.67421875,93.09570436759128,1,79.21875,17.798583984375,0.5651041666666666,0.24072943793402773,0.0234375,0.09895833333333333,0.00054931640625,0.00979275173611111
2018,0,7,2018_0_7,production,2379.320068359375,87,0,0,1,2100.484741528829,1940.49765625,2097.8399658203125,2269.5544677734374,205.18460947026807,0,70.41927083333333,10.803568522135414,0.22135416666666666,0.041592068142361105,0.08072916666666667,0.28125,0.006517198350694445,0.5166015625
2018,0,8,2018_0_8,production,2283.0,74,0,0,0,2071.6733458836875,1894.4856689453125,2077.138671875,2233.90322265625,140.15814280261597,0,70.73958333333333,3.4870469835069438,0.08072916666666667,0.006110297309027776,0.06510416666666667,0.23177083333333334,0.004238552517361112,0.05371771918402778
2018,0,9,2018_0_9,production,2139.380126953125,78,0,0,0,2017.4859924316406,1839.4633544921876,2023.241455078125,2180.32783203125,70.17764370971256,1,73.08333333333333,4.130452473958334,0.15885416666666666,0.023634168836805552,0.0390625,0.13802083333333334,0.00152587890625,0.01904975043402778
2018,0,10,2018_0_10,production,2320.64013671875,67,0,0,1,2098.9852555592856,1929.4055297851562,2098.740234375,2282.2552001953127,149.65232977436648,0,70.45052083333333,3.1904229058159723,0.1953125,0.037143283420138895,0.1015625,0.296875,0.01031494140625,0.494384765625
2018,0,11,2018_0_11,production,2267.02001953125,70,0,0,0,2057.0461082458496,1872.7285034179688,2061.76513671875,2240.9073486328125,135.7904335839881,0,73.73177083333333,3.41302490234375,0.23697916666666666,0.05032687717013887,0.07552083333333333,0.20833333333333334,0.00570339626736111,0.04340277777777778
2018,0,0,2018_0_0,ridge_swap,2283.89990234375,56,0,0,0,2124.0404723485312,1927.1669067382813,2139.576171875,2291.9887939453124,94.75393394711945,1,70.27604166666667,8.14780002170139,0.265625,0.058078342013888895,0.12760416666666666,0.359375,0.01628282335069444,0.129150390625
2018,0,1,2018_0_1,ridge_swap,2105.97998046875,79,0,0,0,2066.67632261912,1882.0029174804688,2071.0345458984375,2233.7103759765623,37.85571580545769,1,73.32552083333333,4.473924424913195,0.20572916666666666,0.033779568142361105,0.06770833333333333,0.23697916666666666,0.004584418402777777,0.056159125434027776
2018,0,2,2018_0_2,ridge_swap,1946.800048828125,88,0,0,0,2062.728569984436,1895.2518798828125,2055.1334228515625,2242.4841552734374,68.06243061439858,1,77.64583333333333,6.416002061631945,0.21875,0.04054090711805555,0.0625,0.1953125,0.00390625,0.03814697265625
2018,0,3,2018_0_3,ridge_swap,2472.4599609375,45,0,1,1,2120.2861420313516,1938.9107299804687,2118.9658203125,2304.602124023437,272.76158011704683,0,71.234375,19.01812065972222,0.1015625,0.009799533420138895,0.11979166666666667,0.34375,0.7747667100694445,0.4306640625
2018,0,4,2018_0_4,ridge_swap,2168.259765625,71,0,0,0,2134.0874589284263,1956.9063110351562,2127.106201171875,2321.6767822265624,38.98895325263341,1,81.41666666666667,5.9376220703125,0.3541666666666667,0.08988444010416669,0.16927083333333334,0.3802083333333333,0.028652615017361115,0.1445583767361111
2018,0,5,2018_0_5,ridge_swap,2199.280029296875,101,0,0,0,2070.2772464752197,1884.2706176757813,2065.8787841796875,2244.9341796875,76.04684982862739,1,80.546875,13.719224717881945,0.421875,0.1554497612847222,0.046875,0.22135416666666666,0.002197265625,0.04899766710069444
2018,0,6,2018_0_6,ridge_swap,2147.460205078125,105,0,0,0,2004.7957312266033,1812.6728637695312,2006.52294921875,2187.5155029296875,83.32482481499513,1,79.51041666666667,17.609375,0.4765625,0.1790703667534722,0.036458333333333336,0.1171875,0.0013292100694444447,0.01373291015625
2018,0,7,2018_0_7,ridge_swap,2379.320068359375,87,0,0,1,2111.4559977849326,1932.6104736328125,2117.60302734375,2272.732080078125,193.21379967447783,0,69.48177083333333,11.749979654947914,0.15364583333333334,0.022820366753472238,0.11197916666666667,0.3072916666666667,0.012539333767361112,0.47984483506944436
2018,0,8,2018_0_8,ridge_swap,2283.0,74,0,0,0,2073.298104286194,1901.0937133789062,2076.394775390625,2261.283935546875,139.50834148542748,0,70.90885416666667,3.7043796115451393,0.08072916666666667,0.0065171983506944475,0.07552083333333333,0.20833333333333334,0.00570339626736111,0.04340277777777778
2018,0,9,2018_0_9,ridge_swap,2139.380126953125,78,0,0,0,2010.665759086609,1825.3713012695312,2017.5831298828125,2187.92978515625,74.51924337198336,1,73.4921875,4.114006890190973,0.13541666666666666,0.016343858506944434,0.026041666666666668,0.10416666666666667,0.0006781684027777779,0.010850694444444446
2018,0,10,2018_0_10,ridge_swap,2320.64013671875,67,0,0,1,2111.575139681498,1934.968408203125,2116.067138671875,2270.142236328125,140.6055186316371,0,70.9765625,3.644266764322916,0.1875,0.025919596354166657,0.09375,0.3229166666666667,0.0087890625,0.4584418402777777
2018,0,11,2018_0_11,ridge_swap,2267.02001953125,70,0,0,0,2062.2988262176514,1883.1745361328126,2064.0616455078125,2234.4885498046874,135.87548824151358,0,73.65104166666667,3.780802408854166,0.21614583333333334,0.037577311197916685,0.0625,0.203125,0.00390625,0.041259765625
2018,1,0,2018_1_0,production,2077.280029296875,65,0,0,0,2034.6619415283203,1873.449853515625,2031.950927734375,2208.1198974609374,38.15465471810765,1,78.49479166666667,7.737114800347223,0.3645833333333333,0.1119384765625,0.033854166666666664,0.15885416666666666,0.0011461046006944443,0.02523464626736111
2018,1,1,2018_1_1,production,2243.68017578125,78,0,0,0,2073.821468989054,1890.4119873046875,2069.6761474609375,2262.1347900390624,107.06800374554264,1,74.38541666666667,3.815917968750001,0.23177083333333334,0.04395209418402779,0.08072916666666667,0.234375,0.006517198350694445,0.054931640625
2018,1,2,2018_1_2,production,2229.85986328125,74,0,0,0,2167.4639749526978,1980.5221313476563,2158.6368408203125,2358.682177734375,45.54889088455174,1,70.77083333333333,3.6856960720486107,0.12760416666666666,0.012783474392361105,0.2265625,0.4713541666666667,0.05133056640625,0.2221747504340278
2018,1,3,2018_1_3,production,2229.639892578125,98,0,0,0,2077.193288485209,1891.4659912109375,2083.4263916015625,2262.294775390625,90.63877626674042,1,75.52083333333333,15.1229248046875,0.17447916666666666,0.027025010850694448,0.0859375,0.2708333333333333,0.00738525390625,0.07335069444444443
2018,1,4,2018_1_4,production,2367.320068359375,78,0,1,1,2075.9998429616294,1889.5082763671876,2076.18896484375,2247.48603515625,217.28213730620013,0,74.84114583333333,3.429951985677083,0.1953125,0.036166720920138895,0.0625,0.2109375,0.87890625,0.62261962890625
2018,1,5,2018_1_5,production,2330.239990234375,78,0,0,1,2086.8701763153076,1917.3574951171875,2094.623291015625,2258.337646484375,170.50155214799776,0,75.15885416666667,3.5299140082465277,0.1875,0.030558268229166657,0.11197916666666667,0.2708333333333333,0.012539333767361112,0.5316840277777779
2018,1,6,2018_1_6,production,2235.5,60,0,0,0,2002.8912080128987,1834.0353515625,2004.3065795898438,2182.297705078125,159.77432537409993,0,76.57552083333333,10.583218044704862,0.24479166666666666,0.05059136284722221,0.015625,0.11197916666666667,0.000244140625,0.012539333767361112
2018,1,7,2018_1_7,production,2049.080078125,79,0,0,0,2116.596590360006,1948.0657836914063,2111.048583984375,2283.8842041015623,43.069968204531406,1,67.72135416666667,7.290859646267361,0.2109375,0.03647867838541666,0.10677083333333333,0.3463541666666667,0.011400010850694444,0.11996120876736112
2018,1,8,2018_1_8,production,2224.4599609375,71,0,0,0,2053.748787879944,1863.4893432617187,2054.581787109375,2228.07978515625,104.1122539780206,1,76.28125,4.014607747395833,0.1953125,0.03339979383680555,0.049479166666666664,0.21354166666666666,0.0024481879340277775,0.045600043402777776
2018,1,9,2018_1_9,production,2346.83984375,78,0,0,1,2057.7350301742554,1883.6515380859375,2057.3145751953125,2240.90634765625,214.78319220327666,0,74.29166666666667,3.7198757595486107,0.21354166666666666,0.04136827256944445,0.052083333333333336,0.18229166666666666,0.0027126736111111114,0.6686469184027778
2018,1,10,2018_1_10,production,2288.4599609375,76,0,0,0,2115.7343180974326,1953.7263793945312,2114.222412109375,2299.204541015625,109.50495723634957,1,69.61458333333333,4.456787109374999,0.21614583333333334,0.03950330946180555,0.12760416666666666,0.3385416666666667,0.01628282335069444,0.11461046006944446
2018,1,11,2018_1_11,production,2167.72021484375,90,0,0,0,2054.654183705648,1881.4512084960938,2057.627685546875,2227.498876953125,66.09095270103879,1,71.84635416666667,11.731126573350695,0.09895833333333333,0.009290907118055552,0.046875,0.19010416666666666,0.002197265625,0.036139594184027776
2018,1,0,2018_1_0,ridge_swap,2077.280029296875,65,0,0,0,2038.3220472335815,1861.1351684570313,2038.265625,2222.42099609375,37.200961044265156,1,77.69010416666667,7.125644259982639,0.2890625,0.07221815321180555,0.041666666666666664,0.16666666666666666,0.001736111111111111,0.027777777777777776
2018,1,1,2018_1_1,ridge_swap,2243.68017578125,78,0,0,0,2089.9826291402183,1910.7837646484375,2086.422607421875,2272.1498046875,92.23711804880035,1,74.34114583333333,3.5162285698784723,0.203125,0.03724500868055555,0.09375,0.2734375,0.0087890625,0.07476806640625
2018,1,2,2018_1_2,ridge_swap,2229.85986328125,74,0,0,0,2179.045924504598,2007.6873779296875,2163.1873779296875,2367.768505859375,42.92963195343812,1,69.77083333333333,3.898844401041667,0.109375,0.010877821180555552,0.23177083333333334,0.4895833333333333,0.05371771918402778,0.23969184027777776
2018,1,3,2018_1_3,ridge_swap,2229.639892578125,98,0,0,0,2077.70294825236,1919.702099609375,2075.901611328125,2250.543310546875,98.15596389770509,1,75.94010416666667,15.175706651475695,0.203125,0.03919813368055555,0.0546875,0.2109375,0.00299072265625,0.04449462890625
2018,1,4,2018_1_4,ridge_swap,2367.320068359375,78,0,1,1,2080.4066235224404,1888.6250610351562,2077.36328125,2292.253955078125,207.7413097611732,0,74.38802083333333,3.5785386827256946,0.15364583333333334,0.023607042100694448,0.09635416666666667,0.23958333333333334,0.8165757921006945,0.5782335069444444
2018,1,5,2018_1_5,ridge_swap,2330.239990234375,78,0,0,1,2094.2354094187417,1909.0747802734375,2097.0157470703125,2285.2542724609375,161.42329204579192,0,74.9921875,3.7132500542534723,0.171875,0.02459038628472221,0.09635416666666667,0.2786458333333333,0.009284125434027778,0.5203518337673613
2018,1,6,2018_1_6,ridge_swap,2235.5,60,0,0,0,2007.4867900212605,1814.072314453125,2010.979248046875,2186.0521972656247,154.77535924563807,0,76.45052083333333,9.753967285156252,0.21354166666666666,0.03941514756944445,0.028645833333333332,0.10677083333333333,0.000820583767361111,0.011400010850694444
2018,1,7,2018_1_7,ridge_swap,2049.080078125,79,0,0,0,2106.5635550816855,1936.4317749023437,2109.095703125,2271.01142578125,40.587188594043255,1,68.72916666666667,6.765842013888889,0.2265625,0.04180908203125,0.10416666666666667,0.3072916666666667,0.010850694444444446,0.09442816840277779
2018,1,8,2018_1_8,ridge_swap,2224.4599609375,71,0,0,0,2064.8565578460693,1885.9519165039062,2067.3155517578125,2241.7875244140623,96.48119722472296,1,74.86979166666667,3.838297526041667,0.21875,0.04249403211805555,0.044270833333333336,0.21354166666666666,0.001959906684027778,0.045600043402777776
2018,1,9,2018_1_9,ridge_swap,2346.83984375,78,0,0,1,2050.9856897989907,1874.6396240234376,2057.7530517578125,2238.264013671875,214.7060213784377,0,75.89583333333333,3.5339491102430554,0.20052083333333334,0.03624810112847224,0.052083333333333336,0.18489583333333334,0.0027126736111111114,0.664394802517361
2018,1,10,2018_1_10,ridge_swap,2288.4599609375,76,0,0,0,2118.0766105651855,1947.6590942382813,2129.256103515625,2282.3661376953123,107.72742470767761,0,69.78385416666667,4.321160210503472,0.16927083333333334,0.024583604600694448,0.10677083333333333,0.3385416666666667,0.011400010850694444,0.11461046006944446
2018,1,11,2018_1_11,ridge_swap,2167.72021484375,90,0,0,0,2057.1827170054116,1864.3256713867188,2060.9752197265625,2244.6544677734373,64.88381224208409,1,72.40625,11.461140950520832,0.109375,0.009901258680555552,0.049479166666666664,0.19010416666666666,0.0024481879340277775,0.036139594184027776
2018,2,0,2018_2_0,production,2290.6201171875,73,0,0,0,2092.165892601013,1912.7739501953124,2094.3466796875,2267.3970947265625,131.0227846196956,0,72.0625,3.2481689453125,0.2838541666666667,0.06836615668402779,0.08333333333333333,0.24739583333333334,0.006944444444444444,0.06120469835069445
2018,2,1,2018_2_1,production,2337.35986328125,76,0,0,1,2118.694177309672,1910.0302490234376,2117.662109375,2318.67392578125,140.75434321744575,0,70.88541666666667,4.1668701171875,0.1015625,0.009311252170138895,0.14322916666666666,0.3463541666666667,0.020514594184027776,0.4272528754340277
2018,2,2,2018_2_2,production,2206.56005859375,72,0,0,0,2147.283822377523,1975.6480224609375,2149.3084716796875,2338.467822265625,42.89114310012924,1,76.19791666666667,3.414360894097223,0.2630208333333333,0.055616590711805525,0.16145833333333334,0.3802083333333333,0.02606879340277778,0.1445583767361111
2018,2,3,2018_2_3,production,2125.43994140625,62,0,0,0,2024.7739686965942,1830.1311645507812,2031.1378784179688,2196.683203125,57.332815677755406,1,73.796875,7.074666341145834,0.0859375,0.006951226128472224,0.046875,0.14322916666666666,0.002197265625,0.020514594184027776
2018,2,4,2018_2_4,production,2404.320068359375,59,0,1,1,2096.9905195236206,1918.072021484375,2090.1905517578125,2281.5566162109376,227.4030369164215,0,70.7734375,6.582512749565971,0.0546875,0.002719455295138888,0.09635416666666667,0.2734375,0.8165757921006945,0.52789306640625
2018,2,5,2018_2_5,production,2081.85986328125,104,0,0,0,2085.950172742208,1908.1149536132812,2086.446533203125,2258.7311279296873,34.74287470761273,1,74.80729166666667,22.145426432291668,0.17447916666666666,0.027025010850694448,0.059895833333333336,0.2552083333333333,0.003587510850694445,0.06513129340277776
2018,2,6,2018_2_6,production,2253.33984375,72,0,0,0,2054.240365346273,1880.617919921875,2056.4776611328125,2214.58671875,132.7228840225273,0,70.06770833333333,3.0915662977430554,0.17708333333333334,0.027886284722222238,0.036458333333333336,0.1796875,0.0013292100694444447,0.03228759765625
2018,2,7,2018_2_7,production,2213.02001953125,73,0,0,0,2009.8546991348267,1838.3740112304688,2014.2399291992188,2181.9567626953126,132.5593468820055,0,76.91666666666667,3.4228651258680554,0.14583333333333334,0.017198350694444448,0.028645833333333332,0.10677083333333333,0.000820583767361111,0.011400010850694444
2018,2,8,2018_2_8,production,2366.02001953125,84,0,0,1,2075.2247343063354,1898.1688110351563,2067.454345703125,2245.337255859375,215.14744572258658,0,77.25,4.731689453125,0.24739583333333334,0.05070665147569445,0.059895833333333336,0.1953125,0.003587510850694445,0.64752197265625
2018,2,9,2018_2_9,production,2232.8798828125,96,0,0,0,2104.190093358358,1925.172705078125,2104.7802734375,2284.8809326171877,75.16065469549763,1,71.6484375,17.377271864149304,0.18489583333333334,0.029710557725694448,0.09375,0.2760416666666667,0.0087890625,0.07619900173611112
2018,2,10,2018_2_10,production,2127.47998046875,81,0,0,0,2107.4619499842324,1927.1035888671875,2111.562744140625,2290.6888671875,35.96150291379955,1,70.13541666666667,6.612521701388889,0.21875,0.03951009114583334,0.10416666666666667,0.2994791666666667,0.010850694444444446,0.08968777126736112
2018,2,11,2018_2_11,production,2103.10009765625,68,0,0,0,2092.001318295797,1904.9176025390625,2097.722900390625,2274.3021240234375,34.33292080048058,1,73.5078125,4.085211859809029,0.2604166666666667,0.054294162326388895,0.0859375,0.296875,0.00738525390625,0.088134765625
2018,2,0,2018_2_0,ridge_swap,2290.6201171875,73,0,0,0,2099.578669230143,1917.155615234375,2096.7786865234375,2271.6140625,124.0708487364981,0,72.890625,3.322428385416667,0.23958333333333334,0.04924858940972224,0.08072916666666667,0.24739583333333334,0.006517198350694445,0.06120469835069445
2018,2,1,2018_2_1,ridge_swap,2337.35986328125,76,0,0,1,2129.552770614624,1939.3760986328125,2129.952880859375,2318.9257080078123,132.2587690071927,0,70.5625,4.245998806423612,0.125,0.014377170138888895,0.1484375,0.3541666666666667,0.02203369140625,0.41710069444444436
2018,2,2,2018_2_2,ridge_swap,2206.56005859375,72,0,0,0,2157.2512963612876,1964.0928588867187,2164.0478515625,2340.19072265625,40.41301106247637,1,75.66927083333333,3.43804931640625,0.23177083333333334,0.045932345920138895,0.17447916666666666,0.4036458333333333,0.03044297960069444,0.1629299587673611
2018,2,3,2018_2_3,ridge_swap,2125.43994140625,62,0,0,0,2019.7660468419392,1825.550537109375,2025.5254516601562,2188.1630126953123,60.670621541639164,1,73.93229166666667,6.967990451388889,0.07552083333333333,0.0053236219618055525,0.028645833333333332,0.1015625,0.000820583767361111,0.01031494140625
2018,2,4,2018_2_4,ridge_swap,2404.320068359375,59,0,1,1,2099.718288421631,1915.3510375976564,2100.3446044921875,2285.837060546875,226.63727085623478,0,70.21875,6.511040581597221,0.049479166666666664,0.0024481879340277762,0.0859375,0.2864583333333333,0.83551025390625,0.5091417100694445
2018,2,5,2018_2_5,ridge_swap,2081.85986328125,104,0,0,0,2085.0962657928467,1899.8433715820313,2092.913330078125,2263.4972900390626,31.848728665047233,1,74.47135416666667,22.378248426649307,0.17447916666666666,0.02867974175347221,0.07552083333333333,0.2526041666666667,0.00570339626736111,0.06380886501736112
2018,2,6,2018_2_6,ridge_swap,2253.33984375,72,0,0,0,2068.243442853292,1899.1137084960938,2067.6202392578125,2232.494580078125,118.8264761923088,0,69.28125,3.3350965711805562,0.15104166666666666,0.019883897569444448,0.0390625,0.18489583333333334,0.00152587890625,0.03418646918402778
2018,2,7,2018_2_7,ridge_swap,2213.02001953125,73,0,0,0,2008.6476278305054,1838.3815185546875,2001.7605590820312,2190.7568115234376,133.90283735344806,0,78.47916666666667,4.038492838541666,0.15885416666666666,0.022874620225694448,0.033854166666666664,0.109375,0.0011461046006944443,0.011962890625
2018,2,8,2018_2_8,ridge_swap,2366.02001953125,84,0,0,1,2062.135619799296,1885.2568359375,2066.1888427734375,2244.499755859375,226.264684346815,0,78.65364583333333,4.199374728732639,0.234375,0.0450439453125,0.0390625,0.18489583333333334,0.00152587890625,0.664394802517361
2018,2,9,2018_2_9,ridge_swap,2232.8798828125,96,0,0,0,2110.651061693827,1922.991455078125,2124.557373046875,2282.686181640625,68.63818628672095,1,71.70052083333333,17.267354329427086,0.15364583333333334,0.022060818142361133,0.09635416666666667,0.2760416666666667,0.009284125434027778,0.07619900173611112
2018,2,10,2018_2_10,ridge_swap,2127.47998046875,81,0,0,0,2117.490037282308,1932.2484741210938,2122.3134765625,2285.808203125,32.07630028161738,1,70.1875,6.905083550347222,0.23697916666666666,0.048183865017361105,0.10416666666666667,0.3203125,0.010850694444444446,0.10260009765625
2018,2,11,2018_2_11,ridge_swap,2103.10009765625,68,0,0,0,2104.655133883158,1919.8412353515625,2105.9176025390625,2294.936181640625,32.03795637107558,1,72.1171875,3.6467624240451375,0.20572916666666666,0.03825547960069445,0.09375,0.2786458333333333,0.0087890625,0.07764350043402776
2018,3,0,2018_3_0,production,2400.919921875,81,0,1,1,2117.9960943857827,1909.8755249023438,2123.8427734375,2303.15224609375,199.45609023173654,0,77.84375,4.021986219618055,0.2604166666666667,0.05548773871527779,0.1328125,0.3541666666666667,0.75201416015625,0.41710069444444436
2018,3,1,2018_3_1,production,2244.0,78,0,0,0,2092.0066483815513,1886.1857421875,2097.9483642578125,2279.2244140625,90.73555483586259,1,75.15885416666667,3.5508694118923607,0.1953125,0.030782063802083343,0.08072916666666667,0.2578125,0.006517198350694445,0.06646728515625
2018,3,2,2018_3_2,production,2347.33984375,75,0,0,1,2091.6797291437783,1896.4064697265626,2089.2786865234375,2265.8945556640624,177.71035503430497,0,73.8046875,3.333760579427084,0.10677083333333333,0.010857476128472224,0.1015625,0.2838541666666667,0.01031494140625,0.5128648546006943
2018,3,3,2018_3_3,production,2205.52001953125,79,0,0,0,2047.8417498270671,1856.5696044921874,2047.8223876953125,2250.4390625,93.68617013593516,1,75.67708333333333,3.8506537543402786,0.13020833333333334,0.014458550347222238,0.059895833333333336,0.19791666666666666,0.003587510850694445,0.03917100694444444
2018,3,4,2018_3_4,production,2184.02001953125,56,0,0,0,2073.56556892395,1884.480419921875,2072.34326171875,2253.06552734375,64.43266984323661,1,70.83072916666667,8.729878743489582,0.14322916666666666,0.01907687717013888,0.06770833333333333,0.23958333333333334,0.004584418402777777,0.05740017361111112
2018,3,5,2018_3_5,production,2252.33984375,71,0,0,0,2072.59703540802,1888.3704345703125,2071.1375732421875,2249.675,112.07067973994546,0,74.19791666666667,3.481404622395833,0.2552083333333333,0.05296495225694442,0.0625,0.21875,0.00390625,0.0478515625
2018,3,6,2018_3_6,production,2374.340087890625,82,0,0,1,2125.4620711008706,1961.5674560546875,2125.021728515625,2291.8198974609377,176.6926598449548,0,69.56770833333333,7.793565538194445,0.23697916666666666,0.043301052517361105,0.11197916666666667,0.3307291666666667,0.012539333767361112,0.44792344835069436
2018,3,7,2018_3_7,production,2164.4599609375,71,0,0,0,1973.4357233047485,1797.2678833007812,1976.645751953125,2135.492578125,125.09662433879244,0,76.96875,4.248860677083334,0.2760416666666667,0.06075032552083334,0.013020833333333334,0.0546875,0.00016954210069444447,0.00299072265625
2018,3,8,2018_3_8,production,2009.4599609375,93,0,0,0,2081.340488433838,1910.8484252929688,2078.007568359375,2277.089599609375,44.74742556777265,1,69.703125,16.58928765190972,0.109375,0.009860568576388895,0.0859375,0.23958333333333334,0.00738525390625,0.05740017361111112
2018,3,9,2018_3_9,production,2169.89990234375,75,0,0,0,2127.735034942627,1927.947265625,2132.3448486328125,2316.4821533203126,37.82530565228727,1,69.70833333333333,4.105197482638888,0.1640625,0.022983127170138895,0.13541666666666666,0.3828125,0.01833767361111111,0.14654541015625
2018,3,10,2018_3_10,production,1815.0,97,0,0,0,2016.549529393514,1826.4866577148437,2016.0191650390625,2195.3110595703124,131.05266157289344,0,76.9609375,13.42110866970486,0.20833333333333334,0.03731282552083334,0.036458333333333336,0.13020833333333334,0.0013292100694444447,0.016954210069444448
2018,3,11,2018_3_11,production,2298.5,63,0,0,0,2109.0655196507773,1944.3401000976562,2103.18994140625,2279.7843749999997,125.06807999892366,0,71.57291666666667,5.134752061631945,0.20572916666666666,0.03452555338541666,0.11197916666666667,0.3098958333333333,0.012539333767361112,0.0960354275173611
2018,3,0,2018_3_0,ridge_swap,2400.919921875,81,0,1,1,2129.7475703557334,1931.739990234375,2131.973388671875,2329.18544921875,187.7315895217988,0,78.42447916666667,3.5315280490451393,0.24739583333333334,0.04582383897569445,0.15885416666666666,0.3828125,0.7075263129340278,0.38092041015625
2018,3,1,2018_3_1,ridge_swap,2244.0,78,0,0,0,2097.2300720214844,1914.56513671875,2096.4365234375,2282.026904296875,89.63075738979711,1,75.34895833333333,3.421305338541666,0.17708333333333334,0.028713650173611133,0.08333333333333333,0.2734375,0.006944444444444444,0.07476806640625
2018,3,2,2018_3_2,ridge_swap,2347.33984375,75,0,0,1,2110.8709983825684,1938.2804931640626,2108.3720703125,2285.0636962890626,161.6912028176917,0,73.74479166666667,3.3283420138888884,0.10416666666666667,0.010321723090277776,0.10416666666666667,0.2942708333333333,0.010850694444444446,0.4980536566840279
2018,3,3,2018_3_3,ridge_swap,2205.52001953125,79,0,0,0,2034.3918676376343,1850.1511108398438,2035.9779663085938,2214.92568359375,104.69281378471189,1,75.56770833333333,3.875284830729166,0.09635416666666667,0.009284125434027776,0.033854166666666664,0.15104166666666666,0.0011461046006944443,0.02281358506944444
2018,3,4,2018_3_4,ridge_swap,2184.02001953125,56,0,0,0,2082.2344217300415,1875.3273315429688,2089.5361328125,2265.921240234375,58.02030817750429,1,71.68489583333333,9.466139051649304,0.140625,0.0177001953125,0.0625,0.24739583333333334,0.00390625,0.06120469835069445
2018,3,5,2018_3_5,ridge_swap,2252.33984375,71,0,0,0,2077.2982943852744,1909.593115234375,2073.4945068359375,2251.888916015625,112.07737634993262,0,73.68489583333333,3.495992024739584,0.2265625,0.04365370008680555,0.07552083333333333,0.22135416666666666,0.00570339626736111,0.04899766710069444
2018,3,6,2018_3_6,ridge_swap,2374.340087890625,82,0,0,1,2131.7147121429443,1974.9550048828125,2129.0072021484375,2286.572265625,175.78325584861966,0,67.79947916666667,9.304070366753473,0.22395833333333334,0.04570855034722224,0.10416666666666667,0.3359375,0.010850694444444446,0.44097900390625
2018,3,7,2018_3_7,ridge_swap,2164.4599609375,71,0,0,0,1975.0255346298218,1793.1640380859376,1985.882568359375,2153.88681640625,118.28713513993554,0,77.40885416666667,4.468227810329861,0.2630208333333333,0.05899386935763887,0.013020833333333334,0.059895833333333336,0.00016954210069444447,0.003587510850694445
2018,3,8,2018_3_8,ridge_swap,2009.4599609375,93,0,0,0,2078.6308838526406,1886.350732421875,2080.921875,2239.598388671875,48.58547722217108,1,69.86197916666667,15.981140136718752,0.1015625,0.009311252170138895,0.078125,0.2109375,0.006103515625,0.04449462890625
2018,3,9,2018_3_9,ridge_swap,2169.89990234375,75,0,0,0,2131.617351849874,1958.1849975585938,2132.8985595703125,2313.3700683593747,38.50971977661054,1,71.26302083333333,3.6527031792534714,0.203125,0.035400390625,0.14322916666666666,0.3671875,0.020514594184027776,0.13482666015625
2018,3,10,2018_3_10,ridge_swap,1815.0,97,0,0,0,2026.68741162618,1854.152978515625,2026.6619873046875,2210.0097412109376,142.02641391588583,0,75.9296875,13.967169867621529,0.16145833333333334,0.022922092013888895,0.041666666666666664,0.15104166666666666,0.001736111111111111,0.02281358506944444
2018,3,11,2018_3_11,ridge_swap,2298.5,63,0,0,0,2107.9990396499634,1935.02236328125,2108.832763671875,2291.40888671875,121.34902100844515,0,71.12760416666667,4.706075032552083,0.18229166666666666,0.028021918402777762,0.1015625,0.3046875,0.01031494140625,0.09283447265625
2018,4,0,2018_4_0,production,2110.919921875,62,0,0,0,2047.1208737691243,1870.7687622070312,2047.8690185546875,2222.676318359375,46.0212142666181,1,77.375,9.236870659722221,0.2109375,0.039340549045138895,0.07552083333333333,0.20052083333333334,0.00570339626736111,0.04020860460069445
2018,4,1,2018_4_1,production,2236.93994140625,70,0,0,0,2097.7948570251465,1919.6343627929687,2100.2822265625,2271.9639404296877,84.66129206120966,1,71.71875,3.1973741319444446,0.109375,0.011406792534722224,0.09375,0.3255208333333333,0.0087890625,0.10596381293402776
2018,4,2,2018_4_2,production,2288.419921875,103,0,0,0,2013.3873138427734,1818.0046142578126,2007.660888671875,2207.826123046875,192.44243000944454,0,76.64583333333333,18.80202907986111,0.3177083333333333,0.0732693142361111,0.03125,0.14583333333333334,0.0009765625,0.021267361111111115
2018,4,3,2018_4_3,production,2132.43994140625,89,0,0,0,2059.9655853907266,1880.6304077148438,2055.432861328125,2249.1966552734375,48.695955100158855,1,74.30729166666667,9.351359049479164,0.23177083333333334,0.043002658420138895,0.0625,0.203125,0.00390625,0.041259765625
2018,4,4,2018_4_4,production,2109.280029296875,86,0,0,0,2051.9443546930947,1878.5489990234375,2060.19873046875,2224.52119140625,42.01455113871231,1,72.09375,8.499891493055555,0.171875,0.02617730034722221,0.06510416666666667,0.22916666666666666,0.004238552517361112,0.052517361111111105
2018,4,5,2018_4_5,production,1925.320068359375,92,0,0,0,2055.5073572794595,1894.1152099609376,2059.1343994140625,2218.8185302734373,78.93012821839916,1,69.72916666666667,15.402547200520836,0.13541666666666666,0.015692816840277762,0.052083333333333336,0.1796875,0.0027126736111111114,0.03228759765625
2018,4,6,2018_4_6,production,2068.780029296875,79,0,0,0,2056.7092851003013,1855.4668090820312,2050.9432373046875,2225.3346435546873,33.58531576395035,1,70.734375,5.085367838541666,0.171875,0.025404188368055552,0.059895833333333336,0.20052083333333334,0.003587510850694445,0.04020860460069445
2018,4,7,2018_4_7,production,2041.7198486328125,59,0,0,0,2111.739877065023,1939.5423583984375,2118.4200439453125,2263.910546875,47.29446185131867,1,71.41666666666667,7.225328233506945,0.1328125,0.016309950086805552,0.13020833333333334,0.34375,0.016954210069444448,0.1181640625
2018,4,8,2018_4_8,production,2109.260009765625,79,0,0,0,2095.7890923817954,1916.6117187500001,2099.2711181640625,2265.276220703125,30.951555041803246,1,72.44270833333333,4.880995008680556,0.1640625,0.023715549045138895,0.10677083333333333,0.2734375,0.011400010850694444,0.07476806640625
2018,4,9,2018_4_9,production,2402.820068359375,67,0,0,1,2054.533562978109,1876.5306396484375,2056.904541015625,2232.500048828125,271.0222990827428,0,76.09635416666667,5.383551703559029,0.2708333333333333,0.06414116753472221,0.06510416666666667,0.20572916666666666,0.004238552517361112,0.6308661566840278
2018,4,10,2018_4_10,production,2405.0400390625,67,0,0,1,2150.0443379084268,1958.7576782226563,2158.5855712890625,2334.2944091796876,175.31475877679057,0,67.98958333333333,3.0943874782986107,0.125,0.015625,0.20052083333333334,0.5104166666666666,0.04020860460069445,0.23969184027777782
2018,4,11,2018_4_11,production,2491.320068359375,65,0,1,1,2033.8923807144165,1864.22138671875,2037.5745239257812,2224.149365234375,377.0096800948183,0,79.99739583333333,8.749328613281252,0.12239583333333333,0.013190375434027776,0.057291666666666664,0.18229166666666666,0.8886990017361112,0.6686469184027778
2018,4,0,2018_4_0,ridge_swap,2110.919921875,62,0,0,0,2053.9116973876953,1874.8566162109375,2058.5623779296875,2231.25498046875,41.116319861676956,1,77.38541666666667,9.045884874131946,0.1640625,0.02447509765625,0.07552083333333333,0.20572916666666666,0.00570339626736111,0.042324490017361105
2018,4,1,2018_4_1,ridge_swap,2236.93994140625,70,0,0,0,2089.8909527460733,1908.871826171875,2096.718505859375,2260.042919921875,89.89810734904474,1,72.33333333333333,3.2953559027777777,0.09635416666666667,0.009284125434027776,0.09635416666666667,0.265625,0.009284125434027778,0.070556640625
2018,4,2,2018_4_2,ridge_swap,2288.419921875,103,0,0,0,2044.1349589029949,1848.10166015625,2053.2232666015625,2233.8113037109374,164.20651988188428,0,76.7421875,18.823330349392364,0.2838541666666667,0.06569417317708334,0.046875,0.203125,0.002197265625,0.041259765625
2018,4,3,2018_4_3,ridge_swap,2132.43994140625,89,0,0,0,2052.4432474772134,1849.7865600585938,2066.1678466796875,2238.646435546875,48.36274333132637,1,75.18489583333333,8.500942654079862,0.2604166666666667,0.05670844184027779,0.06510416666666667,0.22916666666666666,0.004238552517361112,0.052517361111111105
2018,4,4,2018_4_4,ridge_swap,2109.280029296875,86,0,0,0,2073.63849512736,1891.902197265625,2078.0517578125,2267.9400634765625,36.57447973224852,1,71.02864583333333,9.65433078342014,0.17447916666666666,0.02623833550347221,0.0859375,0.2421875,0.00738525390625,0.05865478515625
2018,4,5,2018_4_5,ridge_swap,1925.320068359375,92,0,0,0,2047.5418485005696,1887.2300659179687,2043.178466796875,2209.3658447265625,74.71864950325754,1,71.75260416666667,13.97652859157986,0.1328125,0.015048556857638895,0.0390625,0.16666666666666666,0.00152587890625,0.027777777777777776
2018,4,6,2018_4_6,ridge_swap,2068.780029296875,79,0,0,0,2064.654810587565,1880.5684814453125,2060.1005859375,2242.2840576171875,31.82421898510721,1,69.89322916666667,5.83489990234375,0.14583333333333334,0.01911078559027779,0.0625,0.234375,0.00390625,0.054931640625
2018,4,7,2018_4_7,ridge_swap,2041.7198486328125,59,0,0,0,2113.704693476359,1940.930126953125,2120.4383544921875,2293.548779296875,48.251936722132896,1,70.51822916666667,6.546284993489583,0.12760416666666666,0.013800726996527762,0.1328125,0.3411458333333333,0.01763916015625,0.11638047960069443
2018,4,8,2018_4_8,ridge_swap,2109.260009765625,79,0,0,0,2093.3828468322754,1913.8938232421874,2095.89208984375,2268.855859375,33.31619927287102,1,72.46354166666667,4.503323025173611,0.125,0.014987521701388895,0.08333333333333333,0.28125,0.006944444444444444,0.0791015625
2018,4,9,2018_4_9,ridge_swap,2402.820068359375,67,0,0,1,2055.4156732559204,1874.0952392578124,2052.75830078125,2248.567529296875,268.6141166546279,0,75.84895833333333,5.4619140625,0.2578125,0.05527750651041666,0.07291666666666667,0.20052083333333334,0.005316840277777779,0.6391669379340277
2018,4,10,2018_4_10,ridge_swap,2405.0400390625,67,0,0,1,2149.538153330485,1971.9940185546875,2143.4107666015625,2332.3540771484377,179.9534457806084,0,68.45572916666667,3.219584147135416,0.1171875,0.013136121961805552,0.19791666666666666,0.453125,0.03917100694444444,0.299072265625
2018,4,11,2018_4_11,ridge_swap,2491.320068359375,65,0,1,1,2037.7808475494385,1854.5669311523438,2041.9993896484375,2227.9471923828123,373.75422902901965,0,79.11197916666667,8.257398817274305,0.14583333333333334,0.019802517361111133,0.041666666666666664,0.17708333333333334,0.9184027777777779,0.6771918402777777
2018,5,0,2018_5_0,production,2116.159912109375,85,0,0,0,2125.5255279541016,1944.7195434570312,2129.67529296875,2301.0478515625,32.01504772735967,1,74.4296875,6.630567762586805,0.17447916666666666,0.027838812934027762,0.11979166666666667,0.3515625,0.01435004340277778,0.12359619140625
2018,5,1,2018_5_1,production,2257.52001953125,62,0,0,0,2098.1083056131997,1915.5847778320312,2097.210693359375,2259.2953369140623,100.1046371774541,1,70.72916666666667,5.007527669270833,0.1015625,0.009799533420138895,0.08333333333333333,0.2708333333333333,0.006944444444444444,0.07335069444444443
2018,5,2,2018_5_2,production,1886.199951171875,71,0,0,0,1960.837460199992,1772.2421142578125,1963.5944213867188,2132.557177734375,49.20889540678924,1,78.1875,4.488172743055556,0.22395833333333334,0.04466417100694445,0.0078125,0.057291666666666664,6.103515625e-05,0.003282335069444444
2018,5,3,2018_5_3,production,2270.239990234375,59,0,0,0,2115.549829800924,1936.8807495117187,2116.820556640625,2284.063134765625,93.72275922447443,1,69.609375,5.724962022569445,0.1484375,0.01983642578125,0.125,0.3359375,0.015625,0.11285400390625
2018,5,4,2018_5_4,production,2050.800048828125,94,0,0,0,2104.4087635676065,1931.2770751953126,2094.631591796875,2292.5587646484373,37.458480190071796,1,74.12760416666667,13.032857259114582,0.15104166666666666,0.01921929253472221,0.10677083333333333,0.28125,0.011400010850694444,0.0791015625
2018,5,5,2018_5_5,production,2431.52001953125,85,0,0,1,2097.901947657267,1929.3863525390625,2095.38134765625,2263.269848632812,259.7086991253826,0,75.01822916666667,6.277784559461805,0.2682291666666667,0.056077745225694475,0.0859375,0.2708333333333333,0.00738525390625,0.5316840277777779
2018,5,6,2018_5_6,production,2252.0400390625,78,0,0,0,2030.3227802912395,1841.260791015625,2025.5601806640625,2197.444677734375,148.76889463348522,0,79.15364583333333,3.284403483072916,0.3776041666666667,0.10987006293402779,0.044270833333333336,0.16666666666666666,0.001959906684027778,0.027777777777777776
2018,5,7,2018_5_7,production,2330.18017578125,81,0,0,1,2061.981476465861,1861.2152465820313,2071.2354736328125,2239.3577880859375,188.29852774739265,0,69.90104166666667,7.122653537326389,0.09114583333333333,0.007846408420138881,0.08072916666666667,0.22916666666666666,0.006517198350694445,0.5941840277777778
2018,5,8,2018_5_8,production,1948.820068359375,100,0,0,0,2107.1802819569907,1941.452197265625,2104.7139892578125,2286.4522705078125,99.19610641565586,1,72.0078125,20.202168782552086,0.125,0.014987521701388895,0.09375,0.2916666666666667,0.0087890625,0.08506944444444446
2018,5,9,2018_5_9,production,2248.14013671875,57,0,0,0,2061.0528996785483,1880.8620971679688,2056.927734375,2240.189794921875,121.79118940399754,0,72.31510416666667,8.99789089626736,0.19010416666666666,0.027594672309027762,0.07291666666666667,0.2109375,0.005316840277777779,0.04449462890625
2018,5,10,2018_5_10,production,2451.239990234375,65,0,1,1,2104.6843077341714,1928.2487426757812,2103.45703125,2291.5284423828125,267.44177334507305,0,69.56510416666667,3.4572414822048607,0.16145833333333334,0.022922092013888895,0.10416666666666667,0.3098958333333333,0.8025173611111112,0.47624376085069453
2018,5,11,2018_5_11,production,2125.280029296875,93,0,0,0,2058.306029319763,1855.4018676757812,2065.404052734375,2260.8897705078125,45.79209732595416,1,78.40625,9.051866319444446,0.484375,0.18910047743055558,0.07552083333333333,0.22395833333333334,0.00570339626736111,0.05015733506944445
2018,5,0,2018_5_0,ridge_swap,2116.159912109375,85,0,0,0,2131.574557622274,1930.164013671875,2130.599853515625,2321.6668212890627,35.2178866085079,1,75.17708333333333,6.391615125868055,0.15625,0.02068413628472221,0.1328125,0.3671875,0.01763916015625,0.13482666015625
2018,5,1,2018_5_1,ridge_swap,2257.52001953125,62,0,0,0,2111.1178057988486,1942.3841674804687,2109.6087646484375,2280.360546875,87.86756667246422,1,70.67708333333333,4.963283962673611,0.1015625,0.009799533420138895,0.08854166666666667,0.2838541666666667,0.007839626736111112,0.08057318793402779
2018,5,2,2018_5_2,ridge_swap,1886.199951171875,71,0,0,0,1971.90211836497,1799.440625,1975.979736328125,2160.0389892578123,53.606811370286664,1,77.10416666666667,4.025458441840277,0.16927083333333334,0.025302463107638895,0.015625,0.06510416666666667,0.000244140625,0.004238552517361112
2018,5,3,2018_5_3,ridge_swap,2270.239990234375,59,0,0,0,2131.589285214742,1961.9795532226562,2135.30908203125,2305.9655517578126,81.59912039753465,1,68.94791666666667,5.772677951388888,0.15625,0.02001953125,0.15625,0.3880208333333333,0.0244140625,0.15056016710069442
2018,5,4,2018_5_4,ridge_swap,2050.800048828125,94,0,0,0,2103.5562477111816,1930.46484375,2100.4234619140625,2286.967626953125,39.67121580243111,1,75.23697916666667,12.00265163845486,0.16145833333333334,0.021511501736111133,0.08854166666666667,0.2916666666666667,0.007839626736111112,0.08506944444444446
2018,5,5,2018_5_5,ridge_swap,2431.52001953125,85,0,0,1,2103.0069964726767,1917.907275390625,2113.6129150390625,2270.5735595703127,249.78121041837665,0,73.328125,7.406778971354166,0.22135416666666666,0.04566107855902776,0.09375,0.2994791666666667,0.0087890625,0.4907294379340277
2018,5,6,2018_5_6,ridge_swap,2252.0400390625,78,0,0,0,2035.1139952341716,1850.1495239257813,2036.3416748046875,2236.0220703125,143.5428096304337,0,78.21614583333333,3.3708835177951375,0.3255208333333333,0.08742268880208331,0.057291666666666664,0.15364583333333334,0.003282335069444444,0.023607042100694448
2018,5,7,2018_5_7,ridge_swap,2330.18017578125,81,0,0,1,2051.858422279358,1868.8427978515624,2043.9276123046875,2259.6312255859375,197.64457174390554,0,71.64583333333333,5.760511610243056,0.09635416666666667,0.009284125434027776,0.0625,0.1875,0.00390625,0.66015625
2018,5,8,2018_5_8,ridge_swap,1948.820068359375,100,0,0,0,2093.824116706848,1917.8370361328125,2098.0203857421875,2268.292431640625,90.01758220709033,1,73.19270833333333,19.556382921006943,0.11979166666666667,0.013156467013888895,0.08854166666666667,0.2734375,0.007839626736111112,0.07476806640625
2018,5,9,2018_5_9,ridge_swap,2248.14013671875,57,0,0,0,2072.7697677612305,1903.3650024414062,2072.1748046875,2251.157861328125,108.64174791011547,1,71.74479166666667,8.468505859375,0.1953125,0.03429497612847221,0.07291666666666667,0.22135416666666666,0.005316840277777779,0.04899766710069444
2018,5,10,2018_5_10,ridge_swap,2451.239990234375,65,0,1,1,2111.0887378056846,1944.2577392578125,2121.0968017578125,2282.84873046875,262.16467510081,0,69.68229166666667,3.5556504991319438,0.15364583333333334,0.020623101128472238,0.08854166666666667,0.2864583333333333,0.8307562934027778,0.5091417100694445
2018,5,11,2018_5_11,ridge_swap,2125.280029296875,93,0,0,0,2054.8800481160483,1867.2399047851563,2058.38525390625,2241.0572265625,46.536261181036636,1,79.08854166666667,8.920437282986112,0.453125,0.1599663628472222,0.0546875,0.18229166666666666,0.00299072265625,0.033230251736111105
2018,6,0,2018_6_0,production,2155.43994140625,85,0,0,0,2113.002674738566,1935.6732421875,2113.559326171875,2297.130908203125,36.796764113836815,1,74.40625,6.589965820312501,0.2760416666666667,0.055460611979166685,0.1015625,0.3151041666666667,0.01031494140625,0.09929063585069446
2018,6,1,2018_6_1,production,2426.139892578125,73,0,0,1,2158.2491776148477,1964.6135986328125,2153.325439453125,2338.7734130859376,189.3249696368972,0,73.13541666666667,3.199788411458333,0.13020833333333334,0.015041775173611119,0.21354166666666666,0.4348958333333333,0.045600043402777776,0.31934271918402785
2018,6,2,2018_6_2,production,2294.8798828125,55,0,0,0,2151.4832735061646,1986.6727172851563,2147.1552734375,2329.0870361328125,91.0157400742173,1,65.22135416666667,5.764248318142362,0.171875,0.02617730034722221,0.16666666666666666,0.3828125,0.027777777777777776,0.14654541015625
2018,6,3,2018_6_3,production,2200.320068359375,65,0,0,0,2067.345488230387,1884.7725830078125,2075.5946044921875,2244.125244140625,80.19420300092962,1,75.02604166666667,5.959608289930555,0.234375,0.04802788628472221,0.06770833333333333,0.22135416666666666,0.004584418402777777,0.04899766710069444
2018,6,4,2018_6_4,production,1931.0400390625,85,0,0,0,1985.9541432062786,1814.2393798828125,1976.6217041015625,2164.23876953125,39.305273348258595,1,76.80729166666667,5.221137152777778,0.2421875,0.05263264973958334,0.015625,0.078125,0.000244140625,0.006103515625
2018,6,5,2018_6_5,production,2079.4599609375,97,0,0,0,2047.1033363342285,1870.4016967773437,2053.5821533203125,2229.0303466796877,35.85192286471526,1,77.71354166666667,12.606038411458334,0.265625,0.05339898003472221,0.03125,0.17708333333333334,0.0009765625,0.03135850694444445
2018,6,6,2018_6_6,production,2361.780029296875,61,0,0,0,2103.4891831080117,1921.9912353515624,2104.1114501953125,2275.5778076171873,184.79796581384207,0,72.34375,6.645724826388889,0.21614583333333334,0.03681776258680555,0.08072916666666667,0.3098958333333333,0.006517198350694445,0.0960354275173611
2018,6,7,2018_6_7,production,2018.580078125,76,0,0,0,2115.5372562408447,1936.8172485351563,2109.3843994140625,2288.55712890625,56.6103175861968,1,70.7265625,4.133104112413195,0.19270833333333334,0.02997504340277779,0.109375,0.2994791666666667,0.011962890625,0.08968777126736112
2018,6,8,2018_6_8,production,2381.580078125,62,0,0,1,2056.526666959127,1873.3657592773438,2063.3052978515625,2223.5415283203124,251.5030716251996,0,69.91145833333333,4.659586588541667,0.10416666666666667,0.010850694444444448,0.044270833333333336,0.17708333333333334,0.001959906684027778,0.6771918402777777
2018,6,9,2018_6_9,production,2172.0,81,0,0,0,1988.9323806762695,1790.07109375,1989.8761596679688,2188.41376953125,113.72499790622129,1,78.79947916666667,3.409729003906249,0.09375,0.008314344618055552,0.026041666666666668,0.10677083333333333,0.0006781684027777779,0.011400010850694444
2018,6,10,2018_6_10,production,2134.43994140625,74,0,0,0,2092.0523513158164,1916.5728881835937,2095.5491943359375,2261.9811279296873,35.6364220339391,1,72.3203125,3.420674641927083,0.15104166666666666,0.02129448784722221,0.078125,0.2786458333333333,0.006103515625,0.07764350043402776
2018,6,11,2018_6_11,production,2499.679931640625,86,0,1,1,2084.4713242848716,1903.1163818359375,2084.3111572265625,2268.14736328125,334.7527593837844,0,72.296875,8.835679796006946,0.19010416666666666,0.029873318142361105,0.06510416666666667,0.21875,0.8740302191840279,0.6103515625
2018,6,0,2018_6_0,ridge_swap,2155.43994140625,85,0,0,0,2127.510378519694,1945.3106201171875,2130.018310546875,2303.929736328125,34.572247362799104,1,73.265625,7.522881401909721,0.2421875,0.05048963758680555,0.11458333333333333,0.3333333333333333,0.013129340277777776,0.1111111111111111
2018,6,1,2018_6_1,ridge_swap,2426.139892578125,73,0,0,1,2165.9889936447144,1975.2109375,2175.7982177734375,2342.5224853515624,182.66822879264754,0,73.265625,3.2709689670138893,0.11979166666666667,0.013739691840277776,0.16666666666666666,0.453125,0.027777777777777776,0.299072265625
2018,6,2,2018_6_2,ridge_swap,2294.8798828125,55,0,0,0,2160.1050895055137,1975.6401611328124,2167.9056396484375,2336.8210693359374,80.81505592581298,1,64.4609375,5.295091417100695,0.171875,0.028659396701388895,0.1796875,0.4375,0.03228759765625,0.19140625
2018,6,3,2018_6_3,ridge_swap,2200.320068359375,65,0,0,0,2072.4948415756226,1880.2427490234375,2082.04052734375,2248.9174072265623,73.59873051361905,1,75.6484375,5.871765136718749,0.23697916666666666,0.04705810546875,0.049479166666666664,0.20833333333333334,0.0024481879340277775,0.04340277777777778
2018,6,4,2018_6_4,ridge_swap,1931.0400390625,85,0,0,0,1997.231024424235,1802.5078369140624,2000.9005737304688,2184.036865234375,48.39113847249084,1,75.88541666666667,5.958604600694445,0.21875,0.04243977864583334,0.018229166666666668,0.09635416666666667,0.0003323025173611112,0.009284125434027778
2018,6,5,2018_6_5,ridge_swap,2079.4599609375,97,0,0,0,2042.4524943033855,1867.1300903320312,2040.7037353515625,2217.267431640625,36.260373943381836,1,78.91666666666667,11.937811957465279,0.23697916666666666,0.048183865017361105,0.0390625,0.14322916666666666,0.00152587890625,0.020514594184027776
2018,6,6,2018_6_6,ridge_swap,2361.780029296875,61,0,0,0,2104.701158841451,1932.7237426757813,2101.3409423828125,2281.251513671875,183.08991571681366,0,71.8828125,6.400180392795139,0.203125,0.0335693359375,0.09895833333333333,0.2864583333333333,0.00979275173611111,0.0820583767361111
2018,6,7,2018_6_7,ridge_swap,2018.580078125,76,0,0,0,2123.527798016866,1961.391796875,2127.777587890625,2287.9967041015625,61.382679238087604,1,70.36458333333333,4.484293619791667,0.16666666666666666,0.022989908854166657,0.09895833333333333,0.3072916666666667,0.00979275173611111,0.09442816840277779
2018,6,8,2018_6_8,ridge_swap,2381.580078125,62,0,0,1,2057.8676080703735,1888.1558349609375,2068.1700439453125,2238.0816650390625,243.94588845554324,0,69.85416666666667,4.765218098958333,0.10416666666666667,0.010321723090277776,0.052083333333333336,0.16927083333333334,0.0027126736111111114,0.6901109483506944
2018,6,9,2018_6_9,ridge_swap,2172.0,81,0,0,0,1979.3057203292847,1789.0012817382812,1979.444580078125,2168.3744873046876,122.86216846687927,0,80.5234375,3.10626220703125,0.09375,0.0087890625,0.020833333333333332,0.0859375,0.00043402777777777775,0.00738525390625
2018,6,10,2018_6_10,ridge_swap,2134.43994140625,74,0,0,0,2093.7034715016684,1902.18095703125,2096.596435546875,2288.82802734375,36.44998874763647,1,71.94270833333333,3.1871880425347214,0.13541666666666666,0.017645941840277762,0.0859375,0.2526041666666667,0.00738525390625,0.06380886501736112
2018,6,11,2018_6_11,ridge_swap,2499.679931640625,86,0,1,1,2086.5266790390015,1901.2840087890625,2080.341796875,2275.05654296875,330.4300902146432,0,71.78125,8.855780707465279,0.1640625,0.02447509765625,0.07552083333333333,0.2265625,0.8546617296006944,0.59820556640625
2018,7,0,2018_7_0,production,2358.85986328125,70,0,0,1,2063.3420473734536,1901.363134765625,2057.6441650390625,2248.4966552734377,219.82720557351905,0,74.42447916666667,3.5824856228298607,0.20572916666666666,0.03638373480902776,0.0625,0.21614583333333334,0.00390625,0.6144273546006944
2018,7,1,2018_7_1,production,2071.43994140625,68,0,0,0,2133.897947947184,1965.4865844726562,2133.42041015625,2308.627685546875,41.78734852042463,1,68.125,3.1524793836805554,0.2109375,0.03832329644097221,0.1484375,0.3645833333333333,0.02203369140625,0.13292100694444442
2018,7,2,2018_7_2,production,2292.800048828125,66,0,0,0,2111.8245220184326,1929.6310546875,2115.9554443359375,2290.014208984375,112.55911814504199,0,75.37239583333333,5.455613878038195,0.2109375,0.04132080078125,0.12239583333333333,0.3541666666666667,0.01498074001736111,0.1254340277777778
2018,7,3,2018_7_3,production,2481.5,60,0,1,1,2095.7969586054483,1913.5055053710937,2099.8779296875,2258.82392578125,309.6784307849076,0,71.55989583333333,6.5881008572048625,0.19791666666666666,0.03435601128472221,0.10677083333333333,0.3046875,0.7978583441840277,0.48345947265625
2018,7,4,2018_7_4,production,2108.280029296875,84,0,0,0,2040.5476570129395,1854.311669921875,2037.557373046875,2218.828125,45.188601093159775,1,75.34114583333333,5.457268608940972,0.13541666666666666,0.014526367187499986,0.041666666666666664,0.1953125,0.001736111111111111,0.03814697265625
2018,7,5,2018_7_5,production,2252.3798828125,73,0,0,0,2065.365558306376,1897.4722045898438,2065.964599609375,2245.41015625,121.09990914083188,0,68.171875,4.085611979166666,0.16145833333333334,0.022922092013888895,0.059895833333333336,0.23177083333333334,0.003587510850694445,0.05371771918402778
2018,7,6,2018_7_6,production,2384.89990234375,73,0,0,1,2070.747286160787,1897.6419067382812,2063.3297119140625,2254.86982421875,239.33267350246513,0,70.72135416666667,3.7335137261284723,0.14322916666666666,0.015957302517361105,0.07552083333333333,0.22395833333333334,0.00570339626736111,0.6022406684027777
2018,7,7,2018_7_7,production,2235.39990234375,81,0,0,0,2039.8015257517498,1858.7993774414062,2034.9070434570312,2216.998095703125,128.2510588384337,0,72.94791666666667,5.364488389756945,0.078125,0.005710177951388895,0.046875,0.14583333333333334,0.002197265625,0.021267361111111115
2018,7,8,2018_7_8,production,1885.02001953125,90,0,0,0,2063.462202390035,1887.5318359375,2067.111083984375,2253.0285888671874,111.18501078337432,0,73.1796875,10.629035101996529,0.1875,0.02978515625,0.08333333333333333,0.24479166666666666,0.006944444444444444,0.05992296006944444
2018,7,9,2018_7_9,production,2239.85986328125,78,0,0,0,2069.1887839635215,1874.8664184570312,2071.0823974609375,2250.2089355468747,106.84384406358002,1,79.05989583333333,3.276007758246527,0.5234375,0.20527479383680558,0.1015625,0.24479166666666666,0.01031494140625,0.05992296006944444
2018,7,10,2018_7_10,production,1948.719970703125,107,0,0,0,2041.2209224700928,1877.10322265625,2036.0923461914062,2217.8434326171873,54.24808203015063,1,75.8984375,23.217508951822914,0.24479166666666666,0.052761501736111105,0.044270833333333336,0.16666666666666666,0.001959906684027778,0.027777777777777776
2018,7,11,2018_7_11,production,2173.0400390625,79,0,0,0,2090.8266706466675,1901.2543701171876,2094.1297607421875,2264.8908935546874,50.847099636163975,1,76.703125,3.657918294270832,0.234375,0.046969943576388895,0.10677083333333333,0.3072916666666667,0.011400010850694444,0.09442816840277779
2018,7,0,2018_7_0,ridge_swap,2358.85986328125,70,0,0,1,2063.1738007863364,1883.0143310546875,2064.376220703125,2245.4171874999997,215.9952890773614,0,75.546875,4.062554253472222,0.18489583333333334,0.029710557725694448,0.0625,0.234375,0.00390625,0.586181640625
2018,7,1,2018_7_1,ridge_swap,2071.43994140625,68,0,0,0,2137.611148516337,1957.589599609375,2141.339599609375,2305.080810546875,45.46905378914542,1,67.78645833333333,3.439385308159723,0.17708333333333334,0.02631293402777779,0.15885416666666666,0.4192708333333333,0.02523464626736111,0.17578803168402776
2018,7,2,2018_7_2,ridge_swap,2292.800048828125,66,0,0,0,2102.5134258270264,1924.8484619140625,2105.4486083984375,2280.18857421875,123.29848344458475,0,75.46354166666667,5.449544270833334,0.22916666666666666,0.04584418402777776,0.09895833333333333,0.2786458333333333,0.00979275173611111,0.07764350043402776
2018,7,3,2018_7_3,ridge_swap,2481.5,60,0,1,1,2092.726543108622,1916.9299926757812,2096.5050048828125,2276.2184326171873,306.7106041535735,0,72.3671875,6.913892957899306,0.23177083333333334,0.04696316189236113,0.09635416666666667,0.2916666666666667,0.8165757921006945,0.501736111111111
2018,7,4,2018_7_4,ridge_swap,2108.280029296875,84,0,0,0,2053.6334269841514,1875.5942138671876,2048.8212890625,2245.1577880859377,42.01259148534801,1,74.71354166666667,5.982340494791667,0.13020833333333334,0.013305664062500014,0.0625,0.20833333333333334,0.00390625,0.04340277777777778
2018,7,5,2018_7_5,ridge_swap,2252.3798828125,73,0,0,0,2071.90864944458,1886.6105590820312,2063.85546875,2267.214208984375,114.78064582579667,1,68.63802083333333,3.9408026801215277,0.12760416666666666,0.013841417100694434,0.08333333333333333,0.23697916666666666,0.006944444444444444,0.056159125434027776
2018,7,6,2018_7_6,ridge_swap,2384.89990234375,73,0,0,1,2062.3776054382324,1879.500732421875,2069.033935546875,2241.5450439453125,245.55864928993915,0,70.85677083333333,3.371114095052083,0.125,0.012654622395833329,0.0703125,0.19791666666666666,0.00494384765625,0.6433376736111112
2018,7,7,2018_7_7,ridge_swap,2235.39990234375,81,0,0,0,2045.017957051595,1866.3107421875,2052.23876953125,2237.1027587890626,120.70576902065012,1,72.75260416666667,5.448655870225695,0.08072916666666667,0.0065171983506944475,0.049479166666666664,0.1953125,0.0024481879340277775,0.03814697265625
2018,7,8,2018_7_8,ridge_swap,1885.02001953125,90,0,0,0,2072.316192626953,1901.5511840820313,2067.9586181640625,2248.4320800781247,122.15186842282613,0,72.91666666666667,11.029920789930557,0.1640625,0.021518283420138895,0.08333333333333333,0.2109375,0.006944444444444444,0.04449462890625
2018,7,9,2018_7_9,ridge_swap,2239.85986328125,78,0,0,0,2074.6472164789834,1895.7939575195312,2074.17919921875,2245.582421875,103.11637106123897,1,78.50520833333333,3.4366183810763875,0.4635416666666667,0.1736518012152778,0.07291666666666667,0.21614583333333334,0.005316840277777779,0.04671902126736111
2018,7,10,2018_7_10,ridge_swap,1948.719970703125,107,0,0,0,2040.6214853922527,1868.2425415039063,2040.97509765625,2204.874951171875,56.53194236589803,1,76.88541666666667,22.47470431857639,0.2578125,0.05537245008680555,0.033854166666666664,0.16666666666666666,0.0011461046006944443,0.027777777777777776
2018,7,11,2018_7_11,ridge_swap,2173.0400390625,79,0,0,0,2099.7230237325034,1907.4595825195313,2100.3792724609375,2281.481982421875,47.556539398100625,1,75.08333333333333,4.261922200520832,0.19270833333333334,0.03160264756944445,0.12760416666666666,0.34375,0.01628282335069444,0.1181640625
2018,8,0,2018_8_0,production,2110.06005859375,61,0,0,0,2136.707549095154,1969.2152099609375,2138.20458984375,2319.421923828125,34.24313623954852,1,75.18229166666667,8.427734375000002,0.2890625,0.07110595703125,0.15625,0.390625,0.0244140625,0.152587890625
2018,8,1,2018_8_1,production,2327.280029296875,74,0,0,1,2088.12549495697,1909.45478515625,2086.017333984375,2254.343701171875,168.5397089711494,0,75.5546875,3.3679131401909714,0.22395833333333334,0.04570855034722224,0.078125,0.21614583333333334,0.006103515625,0.6144273546006944
2018,8,2,2018_8_2,production,2220.219970703125,83,0,0,0,2092.3221451441445,1927.1300170898437,2095.1109619140625,2257.051123046875,75.92337597658236,1,72.5859375,6.548984103732639,0.22135416666666666,0.042568630642361105,0.09635416666666667,0.2630208333333333,0.009284125434027778,0.0691799587673611
2018,8,3,2018_8_3,production,2256.68017578125,78,0,0,0,2043.6640615463257,1851.6182250976562,2044.3807983398438,2234.591650390625,138.05280553218392,0,71.75520833333333,4.912462022569445,0.15625,0.021375868055555552,0.044270833333333336,0.16666666666666666,0.001959906684027778,0.027777777777777776
2018,8,4,2018_8_4,production,2256.699951171875,73,0,0,0,2100.555999437968,1939.587744140625,2098.342529296875,2259.4146728515625,98.75408335112863,1,75.4296875,3.0841403537326393,0.28125,0.06580946180555555,0.08854166666666667,0.2734375,0.007839626736111112,0.07476806640625
2018,8,5,2018_8_5,production,2051.5,86,0,0,0,2084.838480313619,1899.9682861328124,2099.482666015625,2256.90166015625,38.376441065635944,1,66.5625,13.005262586805554,0.15625,0.02001953125,0.06770833333333333,0.24479166666666666,0.004584418402777777,0.05992296006944444
2018,8,6,2018_8_6,production,2299.6201171875,73,0,0,0,2139.2085526784263,1955.180517578125,2136.7265625,2329.5411865234373,97.73123799926705,1,70.77864583333333,3.4311862521701393,0.12239583333333333,0.012647840711805552,0.14583333333333334,0.3932291666666667,0.021267361111111115,0.15462917751736113
2018,8,7,2018_8_7,production,2189.639892578125,76,0,0,0,2072.086431503296,1895.5689331054687,2078.14208984375,2241.8372802734375,67.04963677293725,1,74.74739583333333,3.552252875434027,0.17447916666666666,0.024746365017361105,0.057291666666666664,0.23958333333333334,0.003282335069444444,0.05740017361111112
2018,8,8,2018_8_8,production,2429.66015625,78,0,0,1,2088.726576487223,1918.2306396484375,2083.8690185546875,2254.9527099609377,264.94495697816217,0,74.1484375,3.3356458875868054,0.11458333333333333,0.012546115451388881,0.08333333333333333,0.2526041666666667,0.006944444444444444,0.5586005316840277
2018,8,9,2018_8_9,production,2500.06005859375,56,0,1,1,2109.645404179891,1915.7918701171875,2111.9677734375,2296.58701171875,309.57335645953816,0,68.921875,7.498982747395833,0.16145833333333334,0.021511501736111133,0.11458333333333333,0.3151041666666667,0.783962673611111,0.469082302517361
2018,8,10,2018_8_10,production,2077.06005859375,76,0,0,0,2023.587216059367,1855.0075073242188,2025.6910400390625,2204.085986328125,40.766572384370704,1,73.43489583333333,3.9841647677951393,0.12239583333333333,0.013190375434027776,0.026041666666666668,0.13802083333333334,0.0006781684027777779,0.01904975043402778
2018,8,11,2018_8_11,production,1934.5400390625,97,0,0,0,1983.225546836853,1775.233935546875,1984.168701171875,2180.7189453125,43.26804597427447,1,81.4140625,9.534864637586807,0.3880208333333333,0.1141018337673611,0.041666666666666664,0.10677083333333333,0.001736111111111111,0.011400010850694444
2018,8,0,2018_8_0,ridge_swap,2110.06005859375,61,0,0,0,2138.1587575276694,1956.1843139648438,2148.50244140625,2326.4556884765625,36.874210321240966,1,75.61979166666667,8.477335611979166,0.2578125,0.05439588758680555,0.15104166666666666,0.3854166666666667,0.02281358506944444,0.14854600694444445
2018,8,1,2018_8_1,ridge_swap,2327.280029296875,74,0,0,1,2095.333080291748,1924.41884765625,2100.850830078125,2266.448388671875,161.2605882767174,0,75.80989583333333,3.665059407552082,0.203125,0.03919813368055555,0.08072916666666667,0.2760416666666667,0.006517198350694445,0.5241156684027777
2018,8,2,2018_8_2,ridge_swap,2220.219970703125,83,0,0,0,2106.2547267278037,1929.6964599609375,2100.720458984375,2290.7798583984377,69.69732059952284,1,71.43489583333333,7.103074815538195,0.17708333333333334,0.030449761284722238,0.10677083333333333,0.24479166666666666,0.011400010850694444,0.05992296006944444
2018,8,3,2018_8_3,ridge_swap,2256.68017578125,78,0,0,0,2062.446877479553,1882.9366088867187,2063.702392578125,2246.0866943359374,126.95124119106268,0,70.15885416666667,5.3293117947048625,0.14583333333333334,0.020521375868055552,0.041666666666666664,0.17447916666666666,0.001736111111111111,0.03044297960069444
2018,8,4,2018_8_4,ridge_swap,2256.699951171875,73,0,0,0,2114.1167443593345,1930.2313720703125,2117.6201171875,2297.75966796875,85.9545485029618,1,75.34895833333333,3.0773383246527777,0.2578125,0.05883110894097221,0.1328125,0.3229166666666667,0.01763916015625,0.10427517361111112
2018,8,5,2018_8_5,ridge_swap,2051.5,86,0,0,0,2094.1998427708945,1928.400390625,2088.176513671875,2268.297509765625,37.0398587576217,1,67.18489583333333,12.306864420572918,0.15364583333333334,0.021328396267361133,0.08072916666666667,0.2682291666666667,0.006517198350694445,0.07194688585069445
2018,8,6,2018_8_6,ridge_swap,2299.6201171875,73,0,0,0,2131.9011268615723,1956.3082641601563,2135.185302734375,2312.9518310546873,102.92537410888406,1,71.26302083333333,3.508076985677082,0.10416666666666667,0.009345160590277776,0.13020833333333334,0.3671875,0.016954210069444448,0.13482666015625
2018,8,7,2018_8_7,ridge_swap,2189.639892578125,76,0,0,0,2081.8840573628745,1903.90517578125,2085.8140869140625,2273.162841796875,64.37300356394714,1,73.74739583333333,3.5081854926215286,0.15104166666666666,0.018581814236111105,0.08854166666666667,0.2604166666666667,0.007839626736111112,0.06781684027777779
2018,8,8,2018_8_8,ridge_swap,2429.66015625,78,0,0,1,2086.8763885498047,1929.6780029296874,2090.4130859375,2264.395556640625,269.0009212460783,0,73.70052083333333,3.895243326822917,0.109375,0.011406792534722224,0.0625,0.234375,0.00390625,0.586181640625
2018,8,9,2018_8_9,ridge_swap,2500.06005859375,56,0,1,1,2113.039019266764,1936.2435791015625,2124.6998291015625,2281.5544189453126,311.9645729346407,0,68.76302083333333,7.334208170572917,0.16145833333333334,0.025241427951388895,0.0859375,0.296875,0.83551025390625,0.494384765625
2018,8,10,2018_8_10,ridge_swap,2077.06005859375,76,0,0,0,2018.4144198099773,1850.1612670898437,2023.5475463867188,2183.6375732421875,40.018481847312714,1,74.33072916666667,3.5458238389756946,0.11197916666666667,0.011427137586805566,0.026041666666666668,0.0859375,0.0006781684027777779,0.00738525390625
2018,8,11,2018_8_11,ridge_swap,1934.5400390625,97,0,0,0,1973.65504805247,1790.356005859375,1977.0191650390625,2164.0406494140625,39.84229046354692,1,82.8984375,8.829813639322916,0.4114583333333333,0.12843153211805552,0.013020833333333334,0.08333333333333333,0.00016954210069444447,0.006944444444444444
2018,9,0,2018_9_0,production,2342.599853515625,57,0,0,1,2123.323132197062,1952.108056640625,2119.28515625,2295.022802734375,149.98987060785294,0,71.47135416666667,8.31673855251736,0.17708333333333334,0.0240478515625,0.125,0.3333333333333333,0.015625,0.44444444444444453
2018,9,1,2018_9_1,production,2282.9599609375,60,0,0,0,2096.5006189346313,1912.1751342773437,2097.391357421875,2272.1340576171874,118.44354109217723,0,73.84375,8.042521158854168,0.17708333333333334,0.027886284722222238,0.11458333333333333,0.3125,0.013129340277777776,0.09765625
2018,9,2,2018_9_2,production,2287.5,59,0,0,0,2121.0755434036255,1935.413623046875,2115.8289794921875,2310.7629638671874,102.99459118064908,1,71.63541666666667,7.378621419270833,0.23177083333333334,0.04492865668402779,0.125,0.3385416666666667,0.015625,0.11461046006944446
2018,9,3,2018_9_3,production,1947.6800537109375,94,0,0,0,2166.568801879883,1974.7091796875,2161.8792724609375,2350.7833740234373,143.98673982752695,0,66.046875,21.1361083984375,0.08072916666666667,0.005730523003472224,0.203125,0.5,0.041259765625,0.25
2018,9,4,2018_9_4,production,2092.35986328125,66,0,0,0,2052.2207622528076,1852.18203125,2051.0662841796875,2236.7634765625,37.69743468364081,1,76.48958333333333,5.847439236111111,0.1875,0.031467013888888895,0.052083333333333336,0.2109375,0.0027126736111111114,0.04449462890625
2018,9,5,2018_9_5,production,2210.2998046875,77,0,0,0,2084.0530659357705,1900.9985717773438,2093.021728515625,2248.26611328125,72.91000857700904,1,73.4375,3.6024034288194446,0.13802083333333334,0.01766628689236112,0.06770833333333333,0.22135416666666666,0.004584418402777777,0.04899766710069444
2018,9,6,2018_9_6,production,2288.47998046875,76,0,0,0,2043.9469687143962,1882.4833740234376,2045.288330078125,2221.50234375,172.6020346565379,0,74.84635416666667,3.5391370985243062,0.265625,0.06153700086805555,0.033854166666666664,0.16666666666666666,0.0011461046006944443,0.027777777777777776
2018,9,7,2018_9_7,production,2044.800048828125,100,0,0,0,2007.9455852508545,1825.22392578125,2015.9984130859375,2183.684716796875,36.26180335713758,1,76.25260416666667,16.46561008029514,0.18489583333333334,0.029710557725694448,0.033854166666666664,0.125,0.0011461046006944443,0.015625
2018,9,8,2018_9_8,production,2141.85986328125,93,0,0,0,1994.8466571172078,1809.5699462890625,1993.4827270507812,2176.7503173828127,88.92812973012526,1,76.703125,10.341512044270832,0.203125,0.035400390625,0.018229166666666668,0.09114583333333333,0.0003323025173611112,0.008307562934027776
2018,9,9,2018_9_9,production,2045.6800537109375,88,0,0,0,2049.1452074050903,1868.0173095703126,2047.05078125,2229.62080078125,33.22203244848383,1,72.0703125,10.170647515190973,0.18489583333333334,0.030551486545138895,0.044270833333333336,0.17708333333333334,0.001959906684027778,0.03135850694444445
2018,9,10,2018_9_10,production,2382.420166015625,57,0,0,1,2123.0367024739585,1950.3668334960937,2120.710205078125,2288.3994873046877,185.55249330070285,0,70.20052083333333,8.025099012586805,0.125,0.013237847222222224,0.13020833333333334,0.3567708333333333,0.016954210069444448,0.41374376085069453
2018,9,11,2018_9_11,production,2383.52001953125,83,0,1,1,2046.1676359176636,1879.5395263671876,2040.2101440429688,2213.252880859375,262.7979200573431,0,72.41145833333333,6.676215277777779,0.2109375,0.034634060329861105,0.052083333333333336,0.16666666666666666,0.8985460069444444,0.6944444444444445
2018,9,0,2018_9_0,ridge_swap,2342.599853515625,57,0,0,1,2118.445094426473,1937.2568725585938,2122.03369140625,2293.697705078125,152.0000408457385,0,71.22395833333333,7.967108832465279,0.1640625,0.023715549045138895,0.09895833333333333,0.3385416666666667,0.00979275173611111,0.437527126736111
2018,9,1,2018_9_1,ridge_swap,2282.9599609375,60,0,0,0,2095.7972962061563,1907.47509765625,2094.5145263671875,2290.04541015625,120.33496967537536,1,74.20052083333333,8.504564073350695,0.16927083333333334,0.024583604600694448,0.09635416666666667,0.2604166666666667,0.009284125434027778,0.06781684027777779
2018,9,2,2018_9_2,ridge_swap,2287.5,59,0,0,0,2136.0537773768106,1954.63330078125,2145.239501953125,2308.427294921875,91.32691970881488,1,70.6640625,6.704420301649305,0.20833333333333334,0.039279513888888895,0.15364583333333334,0.3541666666666667,0.023607042100694448,0.1254340277777778
2018,9,3,2018_9_3,ridge_swap,1947.6800537109375,94,0,0,0,2161.9792874654136,1963.9249389648437,2161.0869140625,2349.7169921875,138.67857881055937,0,66.13802083333333,20.95117865668403,0.078125,0.005343967013888895,0.18229166666666666,0.4375,0.033230251736111105,0.19140625
2018,9,4,2018_9_4,ridge_swap,2092.35986328125,66,0,0,0,2069.730834325155,1876.160400390625,2074.11572265625,2246.295068359375,33.82885170314047,1,75.6953125,5.486714680989584,0.140625,0.017022026909722224,0.057291666666666664,0.2265625,0.003282335069444444,0.05133056640625
2018,9,5,2018_9_5,ridge_swap,2210.2998046875,77,0,0,0,2104.2852948506675,1930.238916015625,2111.3048095703125,2280.33662109375,61.09789357417161,1,73.5546875,3.620666503906249,0.11979166666666667,0.013156467013888895,0.1015625,0.3177083333333333,0.01031494140625,0.10093858506944443
2018,9,6,2018_9_6,ridge_swap,2288.47998046875,76,0,0,0,2050.8008168538413,1869.269921875,2056.7445068359375,2228.7668701171874,163.42004721032248,0,74.71875,3.2233751085069446,0.2708333333333333,0.06283908420138887,0.0546875,0.17708333333333334,0.00299072265625,0.03135850694444445
2018,9,7,2018_9_7,ridge_swap,2044.800048828125,100,0,0,0,2003.948754310608,1823.6666137695313,2004.1820678710938,2191.7388671875,37.86456698924303,1,76.22916666666667,16.25287543402778,0.171875,0.025404188368055552,0.018229166666666668,0.125,0.0003323025173611112,0.015625
2018,9,8,2018_9_8,ridge_swap,2141.85986328125,93,0,0,0,1993.532485326131,1802.444580078125,1996.2910766601562,2185.0173095703126,90.9488636834754,1,77.1796875,9.829203287760414,0.16927083333333334,0.026943630642361133,0.0234375,0.08072916666666667,0.00054931640625,0.006517198350694445
2018,9,9,2018_9_9,ridge_swap,2045.6800537109375,88,0,0,0,2060.295483271281,1886.3331909179688,2065.005859375,2233.4808349609375,33.72566733923223,1,71.625,10.379625108506943,0.1875,0.02898491753472221,0.0546875,0.19270833333333334,0.00299072265625,0.03713650173611111
2018,9,10,2018_9_10,ridge_swap,2382.420166015625,57,0,0,1,2126.761291821798,1951.6589477539062,2130.304931640625,2285.2608642578125,183.90686473995447,0,70.33333333333333,7.588338216145834,0.13541666666666666,0.017645941840277762,0.10677083333333333,0.3489583333333333,0.011400010850694444,0.4238552517361112
2018,9,11,2018_9_11,ridge_swap,2383.52001953125,83,0,1,1,2043.2322254180908,1877.8106811523437,2036.1434326171875,2203.19609375,267.9812422179514,0,73.05989583333333,6.489034016927083,0.19270833333333334,0.029093424479166685,0.052083333333333336,0.140625,0.8985460069444444,0.738525390625
2018,10,0,2018_10_0,production,2143.760009765625,87,0,0,0,2104.6027545928955,1921.2742919921875,2106.8385009765625,2284.403369140625,37.02413128481972,1,73.57552083333333,8.34573703342014,0.21354166666666666,0.03668891059027776,0.11197916666666667,0.3151041666666667,0.012539333767361112,0.09929063585069446
2018,10,1,2018_10_1,production,2613.659912109375,64,0,1,1,2078.1420895258584,1919.7220092773437,2074.3758544921875,2249.638037109375,459.49328429251915,0,68.92447916666667,3.588724772135416,0.13802083333333334,0.017015245225694448,0.0703125,0.23177083333333334,0.86431884765625,0.590176052517361
2018,10,2,2018_10_2,production,2250.47998046875,78,0,0,1,2071.7555516560874,1904.401953125,2076.7257080078125,2246.3746337890625,116.22271058956782,0,69.02604166666667,5.715142144097223,0.15625,0.022840711805555552,0.06510416666666667,0.21614583333333334,0.004238552517361112,0.6144273546006944
2018,10,3,2018_10_3,production,2151.280029296875,79,0,0,0,2117.317280769348,1938.1729248046875,2117.6123046875,2302.692822265625,37.79470449437697,1,76.7890625,3.8637763129340286,0.2994791666666667,0.07798258463541669,0.1328125,0.3489583333333333,0.01763916015625,0.12177191840277776
2018,10,4,2018_10_4,production,1944.239990234375,79,0,0,0,2063.6530599594116,1880.7895263671876,2058.284423828125,2237.66201171875,70.81482890496652,1,75.03125,3.667561848958334,0.2786458333333333,0.06690131293402776,0.046875,0.24739583333333334,0.002197265625,0.06120469835069445
2018,10,5,2018_10_5,production,2230.219970703125,65,0,0,0,1962.726052602132,1786.4988525390625,1957.1900634765625,2135.032177734375,191.63822735846043,0,75.65364583333333,6.081129286024305,0.15364583333333334,0.021328396267361133,0.018229166666666668,0.06770833333333333,0.0003323025173611112,0.004584418402777777
2018,10,6,2018_10_6,production,2248.83984375,65,0,0,0,2149.6861168543496,1968.406005859375,2148.865234375,2338.040869140625,61.59060802641842,1,71.47395833333333,4.109456380208333,0.16145833333333334,0.021511501736111133,0.19270833333333334,0.4270833333333333,0.03713650173611111,0.1824001736111111
2018,10,7,2018_10_7,production,2266.16015625,77,0,0,1,2021.61825243632,1817.1049682617188,2018.4012451171875,2235.524365234375,168.32717428604764,0,76.94791666666667,3.118245442708333,0.421875,0.15724012586805558,0.0546875,0.15364583333333334,0.00299072265625,0.7163153754340277
2018,10,8,2018_10_8,production,2200.820068359375,79,0,0,0,2103.0720071792603,1935.7605834960937,2103.772705078125,2273.25986328125,58.658134169876575,1,69.01822916666667,6.45599365234375,0.16666666666666666,0.024522569444444448,0.06770833333333333,0.2760416666666667,0.004584418402777777,0.07619900173611112
2018,10,9,2018_10_9,production,2209.239990234375,91,0,0,0,2026.0317138036091,1855.4416259765626,2019.657470703125,2203.4542724609373,119.53015262467994,0,79.19010416666667,7.219679090711805,0.2604166666666667,0.05670844184027779,0.046875,0.15625,0.002197265625,0.0244140625
2018,10,10,2018_10_10,production,2041.4599609375,63,0,0,0,2101.208788871765,1915.8100341796876,2095.552978515625,2279.8946533203125,39.72260226060946,1,71.97395833333333,5.312025282118055,0.171875,0.023939344618055552,0.09114583333333333,0.3072916666666667,0.008307562934027776,0.09442816840277779
2018,10,11,2018_10_11,production,2167.7998046875,80,0,0,0,2089.171847343445,1901.9625,2085.9427490234375,2274.9624755859377,50.89191866997214,1,76.0703125,3.978658040364582,0.22135416666666666,0.040547688802083315,0.1015625,0.2526041666666667,0.01031494140625,0.06380886501736112
2018,10,0,2018_10_0,ridge_swap,2143.760009765625,87,0,0,0,2104.1889893213906,1923.0292236328125,2106.2596435546875,2281.440234375,36.359447433716724,1,73.46354166666667,8.562554253472223,0.1875,0.030612521701388895,0.09895833333333333,0.28125,0.00979275173611111,0.0791015625
2018,10,1,2018_10_1,ridge_swap,2613.659912109375,64,0,1,1,2088.5952962239585,1897.2587768554688,2089.5496826171875,2259.74306640625,446.2216883318291,0,69.91145833333333,3.7709689670138893,0.14583333333333334,0.01911078559027779,0.07291666666666667,0.2526041666666667,0.8594835069444445,0.5586005316840277
2018,10,2,2018_10_2,ridge_swap,2250.47998046875,78,0,0,1,2086.883910814921,1906.2474731445313,2088.292236328125,2257.3765869140625,99.08058561964167,1,69.43489583333333,5.855990939670139,0.125,0.012139214409722224,0.078125,0.2552083333333333,0.006103515625,0.5547146267361113
2018,10,3,2018_10_3,ridge_swap,2151.280029296875,79,0,0,0,2116.194218635559,1949.21083984375,2120.4510498046875,2268.0808349609374,33.51702087041404,1,76.359375,3.483439127604167,0.2630208333333333,0.05899386935763887,0.08072916666666667,0.3359375,0.006517198350694445,0.11285400390625
2018,10,4,2018_10_4,ridge_swap,1944.239990234375,79,0,0,0,2061.0221894582114,1874.5263916015624,2062.1124267578125,2256.42216796875,71.41941027012138,1,75.84375,3.7547878689236125,0.2734375,0.06074354383680555,0.078125,0.1875,0.006103515625,0.03515625
2018,10,5,2018_10_5,ridge_swap,2230.219970703125,65,0,0,0,1961.5472771326702,1772.9238159179688,1956.7317504882812,2155.9965576171876,190.6062356208762,0,74.96614583333333,5.826802571614584,0.1171875,0.013136121961805552,0.018229166666666668,0.0703125,0.0003323025173611112,0.00494384765625
2018,10,6,2018_10_6,ridge_swap,2248.83984375,65,0,0,0,2156.2381327946982,1984.5785888671876,2155.2718505859375,2343.4167236328126,56.54057933804063,1,70.8203125,4.006245930989583,0.13020833333333334,0.016289605034722238,0.1796875,0.4192708333333333,0.03228759765625,0.17578803168402776
2018,10,7,2018_10_7,ridge_swap,2266.16015625,77,0,0,1,2019.0559094746907,1833.7948120117187,2016.3095092773438,2217.4654296875,169.32089832756253,0,77.234375,3.206542968749999,0.3880208333333333,0.13526068793402773,0.026041666666666668,0.13802083333333334,0.0006781684027777779,0.743008083767361
2018,10,8,2018_10_8,ridge_swap,2200.820068359375,79,0,0,0,2113.0749791463218,1930.0037109375,2112.9295654296875,2323.643603515625,54.9673818697532,1,69.13802083333333,6.401780870225695,0.15364583333333334,0.021328396267361133,0.13020833333333334,0.3489583333333333,0.016954210069444448,0.12177191840277776
2018,10,9,2018_10_9,ridge_swap,2209.239990234375,91,0,0,0,2029.5186796188354,1845.5200317382812,2026.2919921875,2214.324462890625,113.64664834654994,1,78.625,7.499172634548611,0.234375,0.04705132378472221,0.03125,0.15104166666666666,0.0009765625,0.02281358506944444
2018,10,10,2018_10_10,ridge_swap,2041.4599609375,63,0,0,0,2115.6421105066934,1943.7853515625,2116.7906494140625,2301.2392578125,47.73511155198018,1,71.89583333333333,5.106282552083334,0.22135416666666666,0.03795708550347221,0.11458333333333333,0.3177083333333333,0.013129340277777776,0.10093858506944443
2018,10,11,2018_10_11,ridge_swap,2167.7998046875,80,0,0,0,2076.313972155253,1900.3629272460937,2073.3607177734375,2259.651953125,57.52761847856971,1,76.58333333333333,4.031928168402779,0.24479166666666666,0.04954698350694445,0.09114583333333333,0.2421875,0.008307562934027776,0.05865478515625
2018,11,0,2018_11_0,production,2510.2001953125,72,0,1,1,2097.119490623474,1929.9644287109375,2092.507568359375,2263.9371337890625,336.3548572320077,0,75.79427083333333,3.634541829427083,0.16927083333333334,0.024583604600694448,0.08333333333333333,0.2864583333333333,0.8402777777777777,0.5091417100694445
2018,11,1,2018_11_1,production,2398.919921875,64,0,0,1,2097.656140645345,1911.8156005859375,2096.589599609375,2282.970361328125,223.53018472592038,0,69.4765625,3.916931152343751,0.15885416666666666,0.021436903211805552,0.0859375,0.25,0.00738525390625,0.5625
2018,11,2,2018_11_2,production,2447.919921875,66,0,0,1,2120.524477958679,1940.8833374023438,2123.534912109375,2302.80771484375,248.0625471547246,0,68.9921875,3.298441569010417,0.09114583333333333,0.007005479600694434,0.12239583333333333,0.3541666666666667,0.01498074001736111,0.41710069444444436
2018,11,3,2018_11_3,production,2350.66015625,54,0,0,0,2164.2531881332397,1971.5880737304688,2169.8726806640625,2340.8966064453125,116.38303781300782,0,71.4375,10.607381184895832,0.2916666666666667,0.07000054253472224,0.203125,0.4739583333333333,0.041259765625,0.2246365017361111
2018,11,4,2018_11_4,production,2149.10009765625,66,0,0,0,2036.4212859471638,1863.8117431640626,2035.3176879882812,2210.5858154296875,66.70013545867468,1,72.91145833333333,4.258409288194445,0.14583333333333334,0.017808702256944448,0.041666666666666664,0.125,0.001736111111111111,0.015625
2018,11,5,2018_11_5,production,2081.39990234375,72,0,0,0,2012.1967741648357,1844.7016967773438,2012.0403442382812,2185.8514892578123,46.599405972494026,1,77.67447916666667,3.982727050781249,0.4088541666666667,0.1261054144965278,0.0234375,0.1171875,0.00054931640625,0.01373291015625
2018,11,6,2018_11_6,production,2127.5400390625,95,0,0,0,2142.443815549215,1960.0368408203126,2151.86083984375,2307.678857421875,33.40540407680804,1,69.91927083333333,17.718607584635418,0.19270833333333334,0.03424750434027779,0.15104166666666666,0.4114583333333333,0.02281358506944444,0.16929796006944442
2018,11,7,2018_11_7,production,2281.85986328125,71,0,0,0,2063.9122482935586,1875.5803955078125,2064.80615234375,2254.585888671875,144.6016918462184,0,76.60677083333333,3.8812730577256938,0.22916666666666666,0.04181586371527776,0.07552083333333333,0.22135416666666666,0.00570339626736111,0.04899766710069444
2018,11,8,2018_11_8,production,2036.1201171875,69,0,0,0,2057.009412765503,1885.0098388671875,2059.57373046875,2221.810986328125,32.212783957521125,1,72.8671875,3.344367133246527,0.1484375,0.01983642578125,0.044270833333333336,0.17708333333333334,0.001959906684027778,0.03135850694444445
2018,11,9,2018_11_9,production,2125.10009765625,87,0,0,0,2035.1123215357463,1843.4216064453126,2042.5474243164062,2203.5192138671873,52.30729187611075,1,79.85677083333333,4.99920654296875,0.2526041666666667,0.054056803385416685,0.0546875,0.140625,0.00299072265625,0.019775390625
2018,11,10,2018_11_10,production,2089.679931640625,86,0,0,0,2091.1499404907227,1919.1289916992187,2087.394775390625,2261.75107421875,31.139547220534737,1,76.296875,6.150648328993055,0.23958333333333334,0.05377875434027779,0.06510416666666667,0.2604166666666667,0.004238552517361112,0.06781684027777779
2018,11,11,2018_11_11,production,2210.860107421875,94,0,0,0,2058.168342590332,1884.7667236328125,2063.638671875,2225.4745849609376,90.2702008601692,1,73.03125,14.493950737847223,0.11979166666666667,0.012071397569444448,0.049479166666666664,0.18229166666666666,0.0024481879340277775,0.033230251736111105
2018,11,0,2018_11_0,ridge_swap,2510.2001953125,72,0,1,1,2104.010228792826,1919.389453125,2108.436279296875,2296.5103515625,323.3547250073817,0,76.38541666666667,3.461954752604167,0.1796875,0.02794731987847221,0.10416666666666667,0.2994791666666667,0.8025173611111112,0.4907294379340277
2018,11,1,2018_11_1,ridge_swap,2398.919921875,64,0,0,1,2096.8598108291626,1938.3775024414062,2100.4853515625,2250.5073974609377,231.70918895221422,0,69.29166666666667,3.655476888020834,0.1484375,0.01983642578125,0.057291666666666664,0.2604166666666667,0.003282335069444444,0.5469835069444443
2018,11,2,2018_11_2,ridge_swap,2447.919921875,66,0,0,1,2116.963041305542,1949.7454711914063,2110.255615234375,2296.4722412109377,253.4546829180585,0,69.359375,3.5980495876736116,0.06510416666666667,0.004238552517361119,0.109375,0.3177083333333333,0.011962890625,0.4655219184027779
2018,11,3,2018_11_3,ridge_swap,2350.66015625,54,0,0,0,2163.667111078898,1989.44453125,2165.479736328125,2342.09228515625,117.87536568774118,0,71.97135416666667,10.945631239149305,0.2630208333333333,0.055752224392361105,0.18229166666666666,0.4557291666666667,0.033230251736111105,0.20768907335069445
2018,11,4,2018_11_4,ridge_swap,2149.10009765625,66,0,0,0,2039.9869025548298,1867.6529052734375,2041.8724975585938,2202.6450927734377,64.36544939792819,1,71.875,3.842949761284723,0.140625,0.017062717013888895,0.044270833333333336,0.1328125,0.001959906684027778,0.01763916015625
2018,11,5,2018_11_5,ridge_swap,2081.39990234375,72,0,0,0,2013.8082253138225,1841.732421875,2014.6553955078125,2200.64208984375,45.56328132996957,1,77.3125,3.7180040147569446,0.4010416666666667,0.127197265625,0.020833333333333332,0.12239583333333333,0.00043402777777777775,0.01498074001736111
2018,11,6,2018_11_6,ridge_swap,2127.5400390625,95,0,0,0,2142.887561480204,1962.4779418945313,2141.9091796875,2328.5834716796876,35.31623341225915,1,70.8515625,16.774610731336807,0.20052083333333334,0.03190782335069445,0.1484375,0.3958333333333333,0.02203369140625,0.15668402777777776
2018,11,7,2018_11_7,ridge_swap,2281.85986328125,71,0,0,0,2069.447249094645,1900.2744750976562,2072.16015625,2246.45146484375,140.85644803444546,0,76.0859375,3.8850843641493062,0.24479166666666666,0.04840766059027776,0.06510416666666667,0.1875,0.004238552517361112,0.03515625
2018,11,8,2018_11_8,ridge_swap,2036.1201171875,69,0,0,0,2060.513696988424,1878.1665893554687,2064.442626953125,2232.1095947265626,32.29360186143053,1,72.37760416666667,3.4198065863715286,0.11979166666666667,0.013156467013888895,0.046875,0.16927083333333334,0.002197265625,0.028652615017361115
2018,11,9,2018_11_9,ridge_swap,2125.10009765625,87,0,0,0,2039.8405017852783,1850.8998779296876,2036.508056640625,2225.813916015625,53.11090435915524,1,80.0859375,4.77655029296875,0.21875,0.04351128472222221,0.0546875,0.13020833333333334,0.00299072265625,0.016954210069444448
2018,11,10,2018_11_10,ridge_swap,2089.679931640625,86,0,0,0,2101.3549613952637,1920.9037963867188,2102.7867431640625,2274.4223388671876,36.414124823278854,1,76.54427083333333,5.675882975260417,0.234375,0.04603407118055555,0.08072916666666667,0.28125,0.006517198350694445,0.0791015625
2018,11,11,2018_11_11,ridge_swap,2210.860107421875,94,0,0,0,2072.647233645121,1875.5567749023437,2081.641845703125,2277.8412109375,79.73224733190403,1,72.8359375,14.634039984809027,0.11979166666666667,0.012071397569444448,0.0859375,0.24739583333333334,0.00738525390625,0.06120469835069445
2019,0,0,2019_0_0,production,2259.43994140625,71,0,0,1,2081.6810744603476,1898.6280639648437,2080.447509765625,2256.967431640625,108.78312664644585,0,75.74479166666667,3.8657362196180554,0.3177083333333333,0.07755533854166666,0.015625,0.140625,0.000244140625,0.738525390625
2019,0,1,2019_0_1,production,2479.419921875,57,0,1,1,2174.8901933034263,1968.4806884765626,2180.8697509765625,2363.3037841796877,220.37486915455924,0,73.20572916666667,10.02154541015625,0.13802083333333334,0.01766628689236112,0.15885416666666666,0.3541666666666667,0.7075263129340278,0.41710069444444436
2019,0,2,2019_0_2,production,2201.719970703125,52,0,0,0,2189.7526518503823,2008.7293090820312,2178.7462158203125,2359.9692138671876,33.79779601759381,1,70.45572916666667,11.68441433376736,0.17708333333333334,0.029568142361111133,0.16666666666666666,0.390625,0.027777777777777776,0.152587890625
2019,0,3,2019_0_3,production,2230.81982421875,69,0,0,0,2188.6480083465576,2012.3087890625,2181.6435546875,2371.8908447265626,38.69557001193364,1,74.22135416666667,3.865987141927084,0.2682291666666667,0.05385335286458334,0.14583333333333334,0.3854166666666667,0.021267361111111115,0.14854600694444445
2019,0,4,2019_0_4,production,2057.080078125,83,0,0,0,2153.827115058899,1981.1801635742188,2155.8663330078125,2320.6705078125,59.07613029993243,1,69.5234375,8.126959906684029,0.10677083333333333,0.010857476128472224,0.07291666666666667,0.3046875,0.005316840277777779,0.09283447265625
2019,0,5,2019_0_5,production,2060.580078125,78,0,0,0,2083.1901706059775,1916.526025390625,2080.672607421875,2248.099267578125,33.33498680177662,1,71.88541666666667,4.574707031249999,0.125,0.014377170138888895,0.028645833333333332,0.13541666666666666,0.000820583767361111,0.01833767361111111
2019,0,6,2019_0_6,production,1818.199951171875,103,0,0,0,2072.8340171178183,1892.8312133789063,2076.291748046875,2251.1566162109375,177.41975625438823,0,83.78645833333333,12.526285807291668,0.5234375,0.2072686089409722,0.0390625,0.13541666666666666,0.00152587890625,0.01833767361111111
2019,0,7,2019_0_7,production,2240.10009765625,92,0,0,0,2077.045364061991,1901.5548217773437,2075.416259765625,2251.18134765625,101.93424149933787,1,80.80989583333333,6.971700032552083,0.3958333333333333,0.13374837239583331,0.041666666666666664,0.140625,0.001736111111111111,0.019775390625
2019,0,8,2019_0_8,production,2457.4599609375,71,0,0,1,2172.8592500686646,2015.7380981445312,2177.47216796875,2335.12978515625,214.29992523375483,0,72.41145833333333,2.953369140624999,0.15885416666666666,0.022874620225694448,0.1171875,0.3046875,0.01373291015625,0.48345947265625
2019,0,9,2019_0_9,production,2242.219970703125,82,0,0,0,2134.2131926218667,1946.1071655273438,2136.5745849609375,2323.23828125,62.65296761857138,1,74.17447916666667,4.809807671440971,0.1484375,0.01983642578125,0.1015625,0.265625,0.01031494140625,0.070556640625
2019,0,10,2019_0_10,production,1918.0400390625,81,0,0,0,2148.343032836914,1987.181396484375,2147.217041015625,2308.359375,163.46008421480656,0,74.09635416666667,5.073452419704861,0.09635416666666667,0.008334689670138895,0.057291666666666664,0.24739583333333334,0.003282335069444444,0.06120469835069445
2019,0,11,2019_0_11,production,2251.280029296875,62,0,0,0,2120.940612157186,1947.7692504882812,2124.148681640625,2314.83310546875,78.57218721508978,1,74.0703125,6.957010904947916,0.06510416666666667,0.004238552517361119,0.0546875,0.1953125,0.00299072265625,0.03814697265625
2019,0,0,2019_0_0,ridge_swap,2259.43994140625,71,0,0,1,2078.219118754069,1919.5551513671876,2079.199951171875,2253.194189453125,114.49201433360578,0,75.90625,3.9260525173611107,0.3098958333333333,0.07862006293402776,0.033854166666666664,0.12760416666666666,0.0011461046006944443,0.7610744900173612
2019,0,1,2019_0_1,ridge_swap,2479.419921875,57,0,1,1,2177.234176635742,1992.6860107421876,2181.529541015625,2375.792431640625,219.16423388322198,0,73.40364583333333,10.150926378038196,0.13020833333333334,0.016289605034722238,0.14583333333333334,0.3619791666666667,0.7296006944444444,0.407070583767361
2019,0,2,2019_0_2,ridge_swap,2201.719970703125,52,0,0,0,2198.7349383036294,2023.79365234375,2203.6934814453125,2365.1714111328124,31.696211997005676,1,69.95572916666667,11.48675537109375,0.1796875,0.028761121961805552,0.1640625,0.4140625,0.02691650390625,0.17144775390625
2019,0,3,2019_0_3,ridge_swap,2230.81982421875,69,0,0,0,2190.4163026809692,2006.0660034179687,2187.2418212890625,2360.184912109375,37.91235006766186,1,73.42708333333333,3.710137261284723,0.2760416666666667,0.06317816840277779,0.15364583333333334,0.3671875,0.023607042100694448,0.13482666015625
2019,0,4,2019_0_4,ridge_swap,2057.080078125,83,0,0,0,2157.878919919332,1988.8072509765625,2143.98193359375,2341.441748046875,57.52818199743828,1,69.70052083333333,8.255974663628471,0.10677083333333333,0.009392632378472224,0.10677083333333333,0.2760416666666667,0.011400010850694444,0.07619900173611112
2019,0,5,2019_0_5,ridge_swap,2060.580078125,78,0,0,0,2087.13641166687,1916.5317504882812,2091.5936279296875,2261.7960937499997,34.04631134867668,1,72.43489583333333,4.256001790364583,0.13802083333333334,0.01766628689236112,0.03125,0.15104166666666666,0.0009765625,0.02281358506944444
2019,0,6,2019_0_6,ridge_swap,1818.199951171875,103,0,0,0,2069.7588431040444,1884.587060546875,2074.20703125,2252.396923828125,174.15064610872005,0,84.14583333333333,12.4190673828125,0.546875,0.22682020399305558,0.020833333333333332,0.13541666666666666,0.00043402777777777775,0.01833767361111111
2019,0,7,2019_0_7,ridge_swap,2240.10009765625,92,0,0,0,2071.8154951731362,1905.2738647460938,2069.05078125,2248.221728515625,105.80660768018829,1,80.52864583333333,6.890346950954862,0.4322916666666667,0.1541205512152778,0.028645833333333332,0.125,0.000820583767361111,0.015625
2019,0,8,2019_0_8,ridge_swap,2457.4599609375,71,0,0,1,2165.7918141682944,1995.2625732421875,2175.839599609375,2325.922412109375,218.51052550971508,0,72.30208333333333,3.3846978081597223,0.15885416666666666,0.022142198350694448,0.09895833333333333,0.3098958333333333,0.00979275173611111,0.47624376085069453
2019,0,9,2019_0_9,ridge_swap,2242.219970703125,82,0,0,0,2139.0758094787598,1956.8177734375,2143.716064453125,2332.48515625,60.27636112438307,1,73.47135416666667,5.830057779947918,0.15625,0.0206298828125,0.08333333333333333,0.2578125,0.006944444444444444,0.06646728515625
2019,0,10,2019_0_10,ridge_swap,1918.0400390625,81,0,0,0,2150.7826433181763,1986.9012329101563,2149.4024658203125,2309.9318603515626,164.499058244129,0,74.73697916666667,4.315043131510416,0.08854166666666667,0.006971571180555566,0.07552083333333333,0.2604166666666667,0.00570339626736111,0.06781684027777779
2019,0,11,2019_0_11,ridge_swap,2251.280029296875,62,0,0,0,2120.987011273702,1948.0823486328125,2117.30029296875,2310.4635986328126,79.8005821928382,1,74.08854166666667,7.172254774305555,0.06510416666666667,0.0036146375868055594,0.057291666666666664,0.21354166666666666,0.003282335069444444,0.045600043402777776
2019,1,0,2019_1_0,production,2229.0,73,0,0,0,2183.1406939824424,2010.79677734375,2174.5086669921875,2362.617578125,40.49828298969402,1,66.296875,4.820597330729167,0.09895833333333333,0.009290907118055552,0.12760416666666666,0.3802083333333333,0.01628282335069444,0.1445583767361111
2019,1,1,2019_1_1,production,2403.080078125,89,0,1,1,2169.99893951416,1982.24228515625,2167.4970703125,2350.27822265625,157.3141614364253,0,71.73177083333333,11.464430067274307,0.0703125,0.0045912000868055525,0.11197916666666667,0.3463541666666667,0.7885810004340278,0.4272528754340277
2019,1,2,2019_1_2,production,1895.5,83,0,0,0,2090.3099257151284,1896.4314453125,2097.8851318359375,2282.362841796875,123.84936965836418,0,78.63541666666667,4.050808376736111,0.24479166666666666,0.04954698350694445,0.0625,0.171875,0.00390625,0.029541015625
2019,1,3,2019_1_3,production,2285.260009765625,78,0,0,1,2124.0747397740683,1945.1692504882812,2127.6988525390625,2296.2092529296874,96.64860703961718,1,73.83072916666667,3.89715576171875,0.1953125,0.03009033203125,0.059895833333333336,0.20052083333333334,0.003587510850694445,0.6391669379340277
2019,1,4,2019_1_4,production,2263.93994140625,71,0,0,0,2121.772897084554,1956.2013427734375,2123.4368896484375,2289.790576171875,85.34239955743155,1,82.5546875,6.582010904947916,0.7135416666666666,0.31869845920138884,0.07291666666666667,0.19010416666666666,0.005316840277777779,0.036139594184027776
2019,1,5,2019_1_5,production,2377.0,76,0,0,1,2093.6724920272827,1917.9919189453126,2095.2850341796875,2251.643798828125,210.21702546460762,0,76.5546875,3.030510796440973,0.1484375,0.01788330078125,0.03125,0.13541666666666666,0.0009765625,0.7475043402777778
2019,1,6,2019_1_6,production,2129.93994140625,64,0,0,0,2114.9746011098227,1948.0245361328125,2121.5177001953125,2283.177099609375,31.66263520552053,1,77.72916666666667,8.002834743923612,0.23177083333333334,0.04802110460069445,0.036458333333333336,0.20052083333333334,0.0013292100694444447,0.04020860460069445
2019,1,7,2019_1_7,production,2229.719970703125,60,0,0,0,2131.1502141952515,1956.8163818359376,2124.006103515625,2305.4458740234377,59.68392072204088,1,72.97395833333333,7.497639973958334,0.24479166666666666,0.05158148871527776,0.0703125,0.21875,0.00494384765625,0.0478515625
2019,1,8,2019_1_8,production,2238.22021484375,63,0,0,0,2170.4216702779136,1974.3048095703125,2181.02294921875,2349.729809570312,44.16191700100899,1,72.56770833333333,5.476440429687499,0.14583333333333334,0.018446180555555552,0.140625,0.3203125,0.019775390625,0.10260009765625
2019,1,9,2019_1_9,production,1887.739990234375,105,0,0,0,2140.484740575155,1972.1685791015625,2146.45947265625,2313.348388671875,181.61920388374062,0,75.1953125,21.878519694010418,0.140625,0.018364800347222224,0.07552083333333333,0.23958333333333334,0.00570339626736111,0.05740017361111112
2019,1,10,2019_1_10,production,2240.64013671875,76,0,0,0,2154.9969889322915,1988.5103759765625,2159.4793701171875,2334.4979248046875,52.56533271571,1,72.25260416666667,3.706915961371527,0.10416666666666667,0.010321723090277776,0.1015625,0.2786458333333333,0.01031494140625,0.07764350043402776
2019,1,11,2019_1_11,production,2109.93994140625,61,0,0,0,2161.0646619796753,1984.2337158203125,2160.4375,2324.165771484375,40.07791529181931,1,71.24739583333333,5.592848036024305,0.20052083333333334,0.03190782335069445,0.109375,0.3177083333333333,0.011962890625,0.10093858506944443
2019,1,0,2019_1_0,ridge_swap,2229.0,73,0,0,0,2183.915504773458,2009.9084350585938,2180.3388671875,2354.55009765625,39.77482056369384,1,66.60416666666667,4.474568684895833,0.1015625,0.00885009765625,0.1328125,0.3776041666666667,0.01763916015625,0.1425849066840278
2019,1,1,2019_1_1,ridge_swap,2403.080078125,89,0,1,1,2179.768087387085,1990.2624389648438,2192.3045654296875,2345.8766357421873,151.13060734338228,0,72.13020833333333,11.027289496527777,0.08072916666666667,0.006110297309027776,0.1328125,0.3515625,0.75201416015625,0.42047119140625
2019,1,2,2019_1_2,ridge_swap,1895.5,83,0,0,0,2087.9196605682373,1893.141455078125,2090.26611328125,2275.592529296875,122.27173968321746,1,78.9765625,4.127149793836805,0.2421875,0.05048963758680555,0.049479166666666664,0.18489583333333334,0.0024481879340277775,0.03418646918402778
2019,1,3,2019_1_3,ridge_swap,2285.260009765625,78,0,0,1,2128.5574703216553,1945.7363647460938,2135.4439697265625,2292.571142578125,97.1008585062292,1,73.62239583333333,3.8720364040798607,0.18489583333333334,0.029710557725694448,0.0546875,0.20052083333333334,0.00299072265625,0.6391669379340277
2019,1,4,2019_1_4,ridge_swap,2263.93994140625,71,0,0,0,2129.3887157440186,1937.9868530273438,2137.5078125,2310.9118896484374,78.29899278945393,1,82.171875,6.340454101562499,0.7682291666666666,0.3547295464409722,0.07291666666666667,0.21614583333333334,0.005316840277777779,0.04671902126736111
2019,1,5,2019_1_5,ridge_swap,2377.0,76,0,0,1,2094.5893154144287,1934.4838500976562,2096.560791015625,2262.257861328125,210.47451712191105,0,76.36458333333333,3.1152072482638893,0.1640625,0.022983127170138895,0.028645833333333332,0.14322916666666666,0.000820583767361111,0.7340562608506945
2019,1,6,2019_1_6,ridge_swap,2129.93994140625,64,0,0,0,2113.824331919352,1943.885986328125,2127.3056640625,2290.4730712890623,33.00033432079687,1,78.0390625,7.975118001302084,0.203125,0.0382080078125,0.041666666666666664,0.18489583333333334,0.001736111111111111,0.03418646918402778
2019,1,7,2019_1_7,ridge_swap,2229.719970703125,60,0,0,0,2130.306523323059,1968.3284545898437,2132.111572265625,2291.267626953125,59.07186077949075,1,72.26822916666667,7.084506564670138,0.2604166666666667,0.05773925781250003,0.06770833333333333,0.1953125,0.004584418402777777,0.03814697265625
2019,1,8,2019_1_8,ridge_swap,2238.22021484375,63,0,0,0,2166.17920589447,1995.8185424804688,2161.872802734375,2340.9784912109376,46.5170854040318,1,72.56770833333333,5.348578559027778,0.15364583333333334,0.01739501953125,0.12239583333333333,0.3307291666666667,0.01498074001736111,0.10938178168402779
2019,1,9,2019_1_9,ridge_swap,1887.739990234375,105,0,0,0,2139.5887826283774,1954.7587158203125,2143.000732421875,2307.36806640625,178.47296924392384,0,75.99479166666667,21.87140570746528,0.16927083333333334,0.026943630642361133,0.07552083333333333,0.2552083333333333,0.00570339626736111,0.06513129340277776
2019,1,10,2019_1_10,ridge_swap,2240.64013671875,76,0,0,0,2146.758449872335,1960.9570678710938,2148.0010986328125,2322.575830078125,56.38809056497281,1,72.0625,3.822550455729167,0.10677083333333333,0.010342068142361105,0.09375,0.2578125,0.0087890625,0.06646728515625
2019,1,11,2019_1_11,ridge_swap,2109.93994140625,61,0,0,0,2164.2433446248374,1982.991455078125,2160.9608154296875,2363.84453125,41.58608416219552,1,70.73697916666667,5.723517523871528,0.14322916666666666,0.016526963975694448,0.12760416666666666,0.3020833333333333,0.01628282335069444,0.09125434027777776
2019,2,0,2019_2_0,production,2068.52001953125,78,0,0,0,2199.347562789917,2018.915869140625,2203.73095703125,2365.056591796875,80.46922535366483,1,72.79166666666667,4.338555230034723,0.22135416666666666,0.040547688802083315,0.140625,0.390625,0.019775390625,0.152587890625
2019,2,1,2019_2_1,production,2224.93994140625,82,0,0,0,2181.506003379822,2002.3460083007812,2180.735107421875,2355.2221923828124,36.20449511127339,1,72.8046875,5.892829047309029,0.13541666666666666,0.015733506944444434,0.1328125,0.3385416666666667,0.01763916015625,0.11461046006944446
2019,2,2,2019_2_2,production,2293.81982421875,77,0,0,0,2180.255563735962,2009.8098999023437,2175.295654296875,2341.3551513671873,67.08416997227405,1,71.38802083333333,4.192416720920138,0.13541666666666666,0.016343858506944434,0.10677083333333333,0.3359375,0.011400010850694444,0.11285400390625
2019,2,3,2019_2_3,production,2357.679931640625,66,0,0,1,2099.5033009847007,1936.691064453125,2095.413818359375,2283.3156494140626,183.64026433891723,0,77.41145833333333,6.422526041666666,0.2760416666666667,0.0629611545138889,0.041666666666666664,0.1875,0.001736111111111111,0.66015625
2019,2,4,2019_2_4,production,2259.16015625,69,0,0,0,2149.746152242025,1980.423681640625,2152.2447509765625,2318.1018798828127,63.731069834695916,1,82.4453125,7.928948296440971,0.5520833333333334,0.21092393663194448,0.07552083333333333,0.2734375,0.00570339626736111,0.07476806640625
2019,2,5,2019_2_5,production,2139.9599609375,84,0,0,0,2167.472675959269,1994.2969360351562,2161.791015625,2337.9916259765623,32.88160167468919,1,72.10677083333333,7.485304090711806,0.1953125,0.03521728515625,0.1015625,0.2786458333333333,0.01031494140625,0.07764350043402776
2019,2,6,2019_2_6,production,1881.2200927734375,97,0,0,0,2048.0848375956216,1843.0830322265624,2060.2674560546875,2233.5897705078123,104.07687637044324,1,77.65364583333333,12.43075222439236,0.1484375,0.018507215711805552,0.0078125,0.08854166666666667,6.103515625e-05,0.007839626736111112
2019,2,7,2019_2_7,production,2277.820068359375,56,0,0,0,2077.443023045858,1908.1475341796875,2065.8594970703125,2245.947802734375,132.04438907901445,0,74.15625,11.109564887152777,0.15885416666666666,0.021436903211805552,0.036458333333333336,0.109375,0.0013292100694444447,0.011962890625
2019,2,8,2019_2_8,production,1963.579833984375,89,0,0,0,2170.927875518799,2010.2659912109375,2172.56005859375,2346.1487548828127,142.00223863621554,0,76.57552083333333,7.583692762586805,0.3619791666666667,0.11193169487847227,0.11197916666666667,0.3177083333333333,0.012539333767361112,0.10093858506944443
2019,2,9,2019_2_9,production,2419.4599609375,65,0,1,1,2151.813691775004,1972.4757080078125,2149.8387451171875,2321.7467529296873,192.32658809340666,0,72.74479166666667,4.75732421875,0.1953125,0.03339979383680555,0.08333333333333333,0.23697916666666666,0.8402777777777777,0.5822007921006945
2019,2,10,2019_2_10,production,2269.3798828125,59,0,0,0,2127.533055305481,1966.5627319335938,2123.9613037109375,2305.997802734375,88.83166933804749,1,67.86979166666667,5.290323893229167,0.09635416666666667,0.009284125434027776,0.0703125,0.1953125,0.00494384765625,0.03814697265625
2019,2,11,2019_2_11,production,2381.5400390625,72,0,0,1,2135.679505666097,1963.0081298828125,2138.7828369140625,2314.6045166015624,171.31260840925907,0,74.8828125,3.2845391167534723,0.125,0.014377170138888895,0.09114583333333333,0.24739583333333334,0.008307562934027776,0.5664130316840277
2019,2,0,2019_2_0,ridge_swap,2068.52001953125,78,0,0,0,2202.340942064921,2037.854052734375,2201.8487548828125,2377.95576171875,79.85750989201996,1,72.83333333333333,4.157118055555555,0.22916666666666666,0.04474555121527776,0.16145833333333334,0.3958333333333333,0.02606879340277778,0.15668402777777776
2019,2,1,2019_2_1,ridge_swap,2224.93994140625,82,0,0,0,2176.8945439656577,2016.0647705078125,2177.270263671875,2337.3109130859375,38.53497593932683,1,72.89583333333333,5.850802951388888,0.14583333333333334,0.019802517361111133,0.125,0.328125,0.015625,0.107666015625
2019,2,2,2019_2_2,ridge_swap,2293.81982421875,77,0,0,0,2185.409337043762,2016.8501342773438,2186.199951171875,2360.9164794921876,64.53123078660832,1,71.34114583333333,4.204488118489584,0.140625,0.017062717013888895,0.109375,0.359375,0.011962890625,0.129150390625
2019,2,3,2019_2_3,ridge_swap,2357.679931640625,66,0,0,1,2096.3242934544883,1927.488671875,2096.7349853515625,2259.59853515625,189.25705071704257,0,77.18229166666667,6.410997178819445,0.2838541666666667,0.0735202365451389,0.03125,0.13802083333333334,0.0009765625,0.743008083767361
2019,2,4,2019_2_4,ridge_swap,2259.16015625,69,0,0,0,2153.2890129089355,1981.6673583984375,2164.2930908203125,2333.072705078125,60.41291376782789,1,81.79947916666667,7.690599229600695,0.5911458333333334,0.23759629991319448,0.08333333333333333,0.2552083333333333,0.006944444444444444,0.06513129340277776
2019,2,5,2019_2_5,ridge_swap,2139.9599609375,84,0,0,0,2163.544516245524,1990.8069702148437,2164.44287109375,2332.483740234375,35.589237317442894,1,72.86458333333333,6.971204969618056,0.19791666666666666,0.03435601128472221,0.09635416666666667,0.2994791666666667,0.009284125434027778,0.08968777126736112
2019,2,6,2019_2_6,ridge_swap,1881.2200927734375,97,0,0,0,2044.232328414917,1840.6775268554688,2049.2991943359375,2233.10712890625,102.39373689889906,1,78.015625,12.299112955729166,0.15364583333333334,0.022820366753472238,0.0234375,0.07291666666666667,0.00054931640625,0.005316840277777779
2019,2,7,2019_2_7,ridge_swap,2277.820068359375,56,0,0,0,2076.3385473887124,1899.3715454101562,2079.4171142578125,2262.39619140625,130.41623981628152,0,74.63020833333333,11.674519856770832,0.17708333333333334,0.02631293402777779,0.028645833333333332,0.13541666666666666,0.000820583767361111,0.01833767361111111
2019,2,8,2019_2_8,ridge_swap,1963.579833984375,89,0,0,0,2177.103089650472,1973.6416625976562,2191.056396484375,2351.367041015625,143.03431957297857,0,76.734375,7.813354492187498,0.3723958333333333,0.11400689019097221,0.11979166666666667,0.359375,0.01435004340277778,0.129150390625
2019,2,9,2019_2_9,ridge_swap,2419.4599609375,65,0,1,1,2152.1397523880005,1967.829931640625,2151.7860107421875,2328.478759765625,188.8326479105486,0,72.28385416666667,4.437330457899305,0.15625,0.022067599826388895,0.1015625,0.265625,0.80718994140625,0.539306640625
2019,2,10,2019_2_10,ridge_swap,2269.3798828125,59,0,0,0,2129.4383068084717,1970.2028686523438,2133.9503173828125,2290.1908203125,86.08698627518282,1,68.02604166666667,5.146063910590277,0.1015625,0.009311252170138895,0.041666666666666664,0.17708333333333334,0.001736111111111111,0.03135850694444445
2019,2,11,2019_2_11,ridge_swap,2381.5400390625,72,0,0,1,2137.640106201172,1957.450927734375,2132.868896484375,2328.4499755859374,169.12074027624396,0,74.61197916666667,3.3354017469618054,0.125,0.0137939453125,0.078125,0.21354166666666666,0.006103515625,0.6185167100694445
2019,3,0,2019_3_0,production,1915.300048828125,94,0,0,0,2122.9376277923584,1951.6935546875,2122.0911865234375,2307.3031005859375,140.31318757103548,0,77.20052083333333,11.007168240017362,0.171875,0.025349934895833343,0.0625,0.1953125,0.00390625,0.03814697265625
2019,3,1,2019_3_1,production,2348.280029296875,42,0,0,0,2116.74644502004,1941.5160766601564,2112.3563232421875,2299.331103515625,156.75718701465263,0,72.3125,23.259128146701386,0.1171875,0.013136121961805552,0.046875,0.21354166666666666,0.002197265625,0.045600043402777776
2019,3,2,2019_3_2,production,2133.66015625,81,0,0,0,2190.9155753453574,1985.9694946289062,2195.448486328125,2375.2711669921873,44.33826497445504,1,76.11979166666667,4.281385633680555,0.22395833333333334,0.041598849826388895,0.20052083333333334,0.4010416666666667,0.04020860460069445,0.1608344184027778
2019,3,3,2019_3_3,production,2129.16015625,70,0,0,0,2116.122207005819,1926.2711181640625,2120.556640625,2291.0163818359374,33.25568647682667,1,72.18489583333333,3.041605631510416,0.1171875,0.01055908203125,0.044270833333333336,0.19791666666666666,0.001959906684027778,0.03917100694444444
2019,3,4,2019_3_4,production,2399.02001953125,62,0,1,1,2176.5773833592734,2003.8720458984376,2181.5076904296875,2340.6709716796877,151.24999244428344,0,70.37760416666667,4.436842176649305,0.22916666666666666,0.03885904947916666,0.11458333333333333,0.3307291666666667,0.783962673611111,0.44792344835069436
2019,3,5,2019_3_5,production,2210.93994140625,86,0,0,0,2122.856869379679,1953.852587890625,2115.978515625,2313.10986328125,57.07926318711705,1,74.18229166666667,7.410074869791666,0.09895833333333333,0.008816189236111105,0.07291666666666667,0.22916666666666666,0.005316840277777779,0.052517361111111105
2019,3,6,2019_3_6,production,2168.14013671875,62,0,0,0,2169.0060857137046,1992.8779907226562,2177.4765625,2338.436669921875,31.488625905579994,1,70.9765625,4.992370605468751,0.0859375,0.00738525390625,0.11979166666666667,0.3020833333333333,0.01435004340277778,0.09125434027777776
2019,3,7,2019_3_7,production,2362.14013671875,71,0,0,1,2175.7263819376626,1993.5240234375,2181.8056640625,2323.514892578125,121.46171715027756,0,72.68229166666667,3.0182562934027777,0.12239583333333333,0.014356825086805552,0.11197916666666667,0.3359375,0.012539333767361112,0.44097900390625
2019,3,8,2019_3_8,production,1986.699951171875,86,0,0,0,1985.1973107655842,1810.3869384765626,1977.1907348632812,2178.369287109375,34.27562552193801,1,80.76302083333333,4.337666829427084,0.3489583333333333,0.09898546006944442,0.0078125,0.0625,6.103515625e-05,0.00390625
2019,3,9,2019_3_9,production,2029.0599365234375,92,0,0,0,2161.381438891093,1975.6205810546876,2172.3330078125,2324.1296142578126,81.80835766676398,1,77.98697916666667,8.715610080295138,0.2786458333333333,0.0633205837673611,0.11458333333333333,0.3515625,0.013129340277777776,0.12359619140625
2019,3,10,2019_3_10,production,2177.699951171875,87,0,0,0,2113.8291126887,1944.7206298828125,2123.7489013671875,2277.44013671875,39.9897325080302,1,79.94270833333333,4.789211697048611,0.4739583333333333,0.18238661024305552,0.036458333333333336,0.17447916666666666,0.0013292100694444447,0.03044297960069444
2019,3,11,2019_3_11,production,2349.2001953125,72,0,0,1,2107.952233950297,1908.5034545898438,2111.7978515625,2296.1162109375,162.59874313655826,0,73.71354166666667,3.37451171875,0.2760416666666667,0.07066514756944448,0.06770833333333333,0.20572916666666666,0.004584418402777777,0.6308661566840278
2019,3,0,2019_3_0,ridge_swap,1915.300048828125,94,0,0,0,2115.140756289164,1932.0060180664063,2125.4149169921875,2276.5835205078124,132.5979968648818,0,77.60416666666667,10.357638888888888,0.1953125,0.03429497612847221,0.041666666666666664,0.22395833333333334,0.001736111111111111,0.05015733506944445
2019,3,1,2019_3_1,ridge_swap,2348.280029296875,42,0,0,0,2106.033014615377,1920.70556640625,2107.13134765625,2292.5654541015624,164.5006657946441,0,72.9765625,23.69342041015625,0.10416666666666667,0.010321723090277776,0.059895833333333336,0.2109375,0.003587510850694445,0.04449462890625
2019,3,2,2019_3_2,ridge_swap,2133.66015625,81,0,0,0,2190.745040575663,2001.5988159179688,2188.325439453125,2367.27646484375,43.830463377137974,1,76.0,4.281656901041667,0.22916666666666666,0.0457763671875,0.1640625,0.3984375,0.02691650390625,0.15875244140625
2019,3,3,2019_3_3,ridge_swap,2129.16015625,70,0,0,0,2117.2028493881226,1947.664111328125,2115.8319091796875,2283.592529296875,31.74264685561259,1,71.47135416666667,2.8936021592881946,0.09375,0.0074462890625,0.049479166666666664,0.17447916666666666,0.0024481879340277775,0.03044297960069444
2019,3,4,2019_3_4,ridge_swap,2399.02001953125,62,0,1,1,2191.43555355072,2015.8852783203126,2192.34326171875,2360.4497314453124,136.44118360264434,0,69.984375,4.590711805555556,0.21875,0.03850640190972221,0.1484375,0.4166666666666667,0.72515869140625,0.3402777777777777
2019,3,5,2019_3_5,ridge_swap,2210.93994140625,86,0,0,0,2118.958174387614,1955.33046875,2116.5968017578125,2284.3064208984374,55.19606648882231,1,74.00520833333333,7.543551974826388,0.11458333333333333,0.011990017361111105,0.0625,0.19791666666666666,0.00390625,0.03917100694444444
2019,3,6,2019_3_6,ridge_swap,2168.14013671875,62,0,0,0,2179.5170418421426,2009.955126953125,2180.25048828125,2352.3615478515626,31.19631528109312,1,70.77083333333333,4.889187282986111,0.07552083333333333,0.005703396267361105,0.125,0.3255208333333333,0.015625,0.10596381293402776
2019,3,7,2019_3_7,ridge_swap,2362.14013671875,71,0,0,1,2179.752069791158,2013.5894775390625,2181.35595703125,2336.507080078125,120.06075653185447,0,72.2265625,2.888814290364583,0.1171875,0.012566460503472224,0.10677083333333333,0.3151041666666667,0.011400010850694444,0.469082302517361
2019,3,8,2019_3_8,ridge_swap,1986.699951171875,86,0,0,0,1988.124210357666,1795.653564453125,2001.3434448242188,2151.9283203125,34.3044606546561,1,80.2421875,4.669725206163194,0.3541666666666667,0.1022677951388889,0.0078125,0.036458333333333336,6.103515625e-05,0.0013292100694444447
2019,3,9,2019_3_9,ridge_swap,2029.0599365234375,92,0,0,0,2167.4544595082602,1983.6424438476563,2173.582763671875,2342.757421875,85.13812972274093,1,78.31770833333333,8.547620985243054,0.328125,0.07170952690972221,0.1328125,0.34375,0.01763916015625,0.1181640625
2019,3,10,2019_3_10,ridge_swap,2177.699951171875,87,0,0,0,2109.6501763661704,1934.5074951171875,2116.0623779296875,2272.075,41.77087823881044,1,80.6640625,4.4813571506076375,0.4947916666666667,0.18633355034722227,0.044270833333333336,0.15885416666666666,0.001959906684027778,0.02523464626736111
2019,3,11,2019_3_11,ridge_swap,2349.2001953125,72,0,0,1,2103.967527071635,1908.775634765625,2096.771240234375,2287.093115234375,168.41574028217133,0,73.72135416666667,3.2606675889756946,0.2630208333333333,0.06391737196180552,0.057291666666666664,0.19791666666666666,0.003282335069444444,0.6433376736111112
2019,4,0,2019_4_0,production,2390.0400390625,83,0,0,1,2169.4889904658,1987.2943481445313,2168.0838623046875,2350.5705322265626,144.83228353907663,0,79.40364583333333,3.8228691948784714,0.11458333333333333,0.012546115451388881,0.125,0.3020833333333333,0.015625,0.4870876736111112
2019,4,1,2019_4_1,production,1955.3798828125,76,0,0,0,2158.929733276367,1984.5392578125,2160.8331298828125,2317.4026123046874,136.51634453402625,0,73.84635416666667,3.6026950412326393,0.22395833333333334,0.04364691840277779,0.07291666666666667,0.2604166666666667,0.005316840277777779,0.06781684027777779
2019,4,2,2019_4_2,production,2276.580078125,60,0,0,0,2222.504364013672,2047.2327514648437,2228.40478515625,2400.539697265625,39.28983426921897,1,72.1953125,7.010138617621527,0.049479166666666664,0.0024481879340277762,0.17708333333333334,0.4661458333333333,0.03135850694444445,0.21729193793402776
2019,4,3,2019_4_3,production,2212.16015625,85,0,0,0,2180.416911760966,2018.4247314453125,2180.8179931640625,2352.36015625,35.681660608285,1,74.421875,6.537136501736112,0.16927083333333334,0.025343153211805552,0.10416666666666667,0.3203125,0.010850694444444446,0.10260009765625
2019,4,4,2019_4_4,production,2131.31982421875,84,0,0,0,2195.9725777308145,2016.6082885742187,2195.6087646484375,2377.909033203125,45.187672344346836,1,70.18489583333333,8.566928439670138,0.1328125,0.016309950086805552,0.1328125,0.4036458333333333,0.01763916015625,0.1629299587673611
2019,4,5,2019_4_5,production,2449.919921875,77,0,1,1,2113.0525687535605,1929.4393798828125,2120.121826171875,2294.9763427734374,259.5941324457526,0,78.3515625,3.2020602756076393,0.4322916666666667,0.1485324435763889,0.049479166666666664,0.19270833333333334,0.9034898546006945,0.6517198350694444
2019,4,6,2019_4_6,production,2393.14013671875,69,0,0,1,2149.8943837483725,1974.6245361328124,2150.9400634765625,2343.7357666015623,169.0265577054686,0,75.13020833333333,4.204142252604166,0.3515625,0.10496012369791666,0.09114583333333333,0.22395833333333334,0.008307562934027776,0.6022406684027777
2019,4,7,2019_4_7,production,2034.580078125,67,0,0,0,2087.369457880656,1898.8561157226563,2085.9342041015625,2267.4492919921877,39.9631367839045,1,77.89322916666667,6.291130913628473,0.2942708333333333,0.06616889105902776,0.033854166666666664,0.13802083333333334,0.0011461046006944443,0.01904975043402778
2019,4,8,2019_4_8,production,2203.719970703125,79,0,0,0,2131.8921162287393,1967.8817016601563,2136.4024658203125,2297.565991210937,45.33041539374325,1,72.19270833333333,4.891886393229167,0.2604166666666667,0.054538302951388895,0.046875,0.1796875,0.002197265625,0.03228759765625
2019,4,9,2019_4_9,production,2233.0,66,0,0,0,2147.91281636556,1963.9508056640625,2146.091064453125,2319.6569580078126,53.02236542105676,1,72.61458333333333,4.247545030381945,0.078125,0.0050048828125,0.09635416666666667,0.25,0.009284125434027778,0.0625
2019,4,10,2019_4_10,production,2141.920166015625,71,0,0,0,2096.436888694763,1930.293115234375,2105.538818359375,2244.8769287109376,32.839994060496494,1,77.14583333333333,3.970621744791667,0.3723958333333333,0.10772705078125,0.03125,0.1171875,0.0009765625,0.01373291015625
2019,4,11,2019_4_11,production,2095.340087890625,80,0,0,0,2114.8816544214883,1952.1476928710938,2113.8609619140625,2282.7992431640623,33.86295514553785,1,73.859375,4.277031792534723,0.07552083333333333,0.0053236219618055525,0.0390625,0.14583333333333334,0.00152587890625,0.021267361111111115
2019,4,0,2019_4_0,ridge_swap,2390.0400390625,83,0,0,1,2165.0064109166465,1997.1466552734375,2168.8642578125,2348.3904052734374,151.2472241115239,0,79.85677083333333,3.19171142578125,0.12760416666666666,0.015631781684027762,0.11197916666666667,0.3020833333333333,0.012539333767361112,0.4870876736111112
2019,4,1,2019_4_1,ridge_swap,1955.3798828125,76,0,0,0,2155.335730870565,1980.5708251953124,2160.509033203125,2331.9980224609376,131.83481005993153,0,73.80208333333333,3.5909288194444446,0.2265625,0.042758517795138895,0.07291666666666667,0.2421875,0.005316840277777779,0.05865478515625
2019,4,2,2019_4_2,ridge_swap,2276.580078125,60,0,0,0,2225.6391537984214,2047.3297241210937,2225.8638916015625,2396.173974609375,39.27652511166201,1,72.35416666666667,7.125067816840277,0.041666666666666664,0.0017361111111111119,0.17708333333333334,0.4635416666666667,0.03135850694444445,0.21487087673611113
2019,4,3,2019_4_3,ridge_swap,2212.16015625,85,0,0,0,2182.831704457601,2003.7596801757813,2188.981689453125,2362.922680664062,35.40666439963712,1,74.22395833333333,6.574652777777779,0.15104166666666666,0.02129448784722221,0.125,0.3177083333333333,0.015625,0.10093858506944443
2019,4,4,2019_4_4,ridge_swap,2131.31982421875,84,0,0,0,2187.766318321228,2027.6120361328126,2188.196533203125,2352.2789794921873,42.41542910784483,1,71.07291666666667,8.030097113715279,0.14322916666666666,0.018398708767361105,0.13541666666666666,0.3541666666666667,0.01833767361111111,0.1254340277777778
2019,4,5,2019_4_5,ridge_swap,2449.919921875,77,0,1,1,2124.465901374817,1922.6210327148438,2126.0225830078125,2299.7449951171875,244.76748189909588,0,77.43489583333333,2.9361504448784723,0.4453125,0.1568535698784722,0.0703125,0.203125,0.86431884765625,0.635009765625
2019,4,6,2019_4_6,ridge_swap,2393.14013671875,69,0,0,1,2151.294128100077,1963.806689453125,2154.224609375,2335.5683349609376,167.91690464400585,0,75.33854166666667,4.073771158854167,0.3489583333333333,0.0918918185763889,0.078125,0.2421875,0.006103515625,0.57427978515625
2019,4,7,2019_4_7,ridge_swap,2034.580078125,67,0,0,0,2090.9859183629355,1912.649169921875,2097.0081787109375,2269.646826171875,42.556561381452624,1,77.48177083333333,6.259894476996529,0.2890625,0.0672946506076389,0.028645833333333332,0.140625,0.000820583767361111,0.019775390625
2019,4,8,2019_4_8,ridge_swap,2203.719970703125,79,0,0,0,2132.9279152552285,1953.5042236328125,2131.8583984375,2302.4680419921874,44.93045628484752,1,71.953125,5.004584418402778,0.265625,0.06153700086805555,0.044270833333333336,0.17447916666666666,0.001959906684027778,0.03044297960069444
2019,4,9,2019_4_9,ridge_swap,2233.0,66,0,0,0,2143.7674395243325,1956.7955932617188,2147.14697265625,2321.9839111328124,54.894436306423614,1,72.68489583333333,4.587517632378473,0.09635416666666667,0.008795844184027776,0.078125,0.24739583333333334,0.006103515625,0.06120469835069445
2019,4,10,2019_4_10,ridge_swap,2141.920166015625,71,0,0,0,2097.5810623168945,1910.4664916992188,2096.9197998046875,2264.523486328125,37.23249255451891,1,76.92708333333333,4.079603407118056,0.3828125,0.11461724175347221,0.036458333333333336,0.14583333333333334,0.0013292100694444447,0.021267361111111115
2019,4,11,2019_4_11,ridge_swap,2095.340087890625,80,0,0,0,2119.068352381388,1937.3135498046875,2124.3155517578125,2301.71669921875,35.57263473338551,1,73.546875,4.745307074652779,0.06510416666666667,0.0033433702256944475,0.041666666666666664,0.16666666666666666,0.001736111111111111,0.027777777777777776
2019,5,0,2019_5_0,production,2293.419921875,83,0,0,0,2108.6836140950522,1928.4279907226562,2117.659912109375,2290.131884765625,119.48339433471362,0,77.78125,4.013034396701388,0.203125,0.035400390625,0.07291666666666667,0.17708333333333334,0.005316840277777779,0.03135850694444445
2019,5,1,2019_5_1,production,2273.39990234375,60,0,0,0,2204.5782210032144,2024.1972045898438,2208.162841796875,2378.340478515625,44.93385325703356,1,68.3515625,4.876254611545139,0.16927083333333334,0.025302463107638895,0.2265625,0.4661458333333333,0.05133056640625,0.21729193793402776
2019,5,2,2019_5_2,production,2345.66015625,78,0,1,1,2213.923492113749,2047.5810791015624,2215.1187744140625,2377.942822265625,77.65873158888684,1,73.8671875,3.895365397135417,0.1484375,0.01915825737847221,0.18489583333333334,0.4609375,0.664394802517361,0.29058837890625
2019,5,3,2019_5_3,production,2099.72021484375,75,0,0,0,2106.737798055013,1933.7266845703125,2109.02197265625,2281.499267578125,33.42462367812793,1,77.36458333333333,3.2672390407986125,0.21614583333333334,0.04045274522569445,0.049479166666666664,0.21614583333333334,0.0024481879340277775,0.04671902126736111
2019,5,4,2019_5_4,production,1893.4000244140625,86,0,0,0,2035.712894121806,1857.553759765625,2032.790283203125,2208.7319580078124,85.13257801781099,1,72.30208333333333,8.33559841579861,0.16927083333333334,0.024583604600694448,0.020833333333333332,0.08072916666666667,0.00043402777777777775,0.006517198350694445
2019,5,5,2019_5_5,production,2294.860107421875,76,0,0,0,2177.91552289327,2010.6845825195312,2181.438720703125,2342.256005859375,68.36523001558251,1,76.109375,3.4622802734375,0.3697916666666667,0.096435546875,0.12239583333333333,0.3723958333333333,0.01498074001736111,0.13867865668402776
2019,5,6,2019_5_6,production,2127.4599609375,59,0,0,0,2149.6948579152427,1989.9653076171876,2154.169921875,2315.5751464843747,31.560010726253196,1,75.79947916666667,10.568705240885418,0.12760416666666666,0.014411078559027762,0.09895833333333333,0.2786458333333333,0.00979275173611111,0.07764350043402776
2019,5,7,2019_5_7,production,2305.39990234375,67,0,0,1,2088.4963582356772,1918.505419921875,2096.4847412109375,2252.6337646484376,144.60898887117702,0,75.29166666666667,5.167711046006945,0.13802083333333334,0.016391330295138895,0.015625,0.16666666666666666,0.000244140625,0.6944444444444445
2019,5,8,2019_5_8,production,2242.260009765625,97,0,0,0,2155.544609705607,1982.9493408203125,2154.935791015625,2329.438232421875,52.871934438745186,1,77.01302083333333,13.242234971788196,0.3880208333333333,0.11834716796875,0.1015625,0.2994791666666667,0.01031494140625,0.08968777126736112
2019,5,9,2019_5_9,production,2295.66015625,52,0,0,1,2102.652745564779,1938.53076171875,2100.3839111328125,2272.0767822265625,126.31469357675977,0,74.04947916666667,14.76034206814236,0.11458333333333333,0.010918511284722224,0.044270833333333336,0.18229166666666666,0.001959906684027778,0.6686469184027778
2019,5,10,2019_5_10,production,2066.52001953125,67,0,0,0,2037.9229520161946,1860.32197265625,2039.096923828125,2209.089404296875,33.61425542003579,1,76.31510416666667,5.412889268663195,0.10416666666666667,0.010850694444444448,0.018229166666666668,0.078125,0.0003323025173611112,0.006103515625
2019,5,11,2019_5_11,production,1905.699951171875,116,0,0,0,2119.387136141459,1937.98720703125,2126.4305419921875,2290.10126953125,144.1755298467146,0,77.78645833333333,30.242580837673607,0.40625,0.1398247612847222,0.044270833333333336,0.22135416666666666,0.001959906684027778,0.04899766710069444
2019,5,0,2019_5_0,ridge_swap,2293.419921875,83,0,0,0,2109.2669719060264,1934.967578125,2107.841796875,2289.5701416015627,119.3094252637691,0,78.16666666666667,3.8336724175347223,0.20052083333333334,0.033481174045138895,0.08072916666666667,0.20572916666666666,0.006517198350694445,0.042324490017361105
2019,5,1,2019_5_1,ridge_swap,2273.39990234375,60,0,0,0,2206.167521794637,2029.0171142578124,2206.946044921875,2378.442041015625,43.657618264357254,1,68.46614583333333,4.876024034288195,0.17447916666666666,0.025478786892361105,0.16927083333333334,0.4401041666666667,0.028652615017361115,0.19369167751736113
2019,5,2,2019_5_2,ridge_swap,2345.66015625,78,0,1,1,2220.0085163116455,2039.4764038085937,2227.843994140625,2396.41494140625,71.89766668445534,1,73.55729166666667,4.118136935763889,0.18229166666666666,0.029649522569444448,0.23697916666666666,0.5052083333333334,0.5822007921006945,0.24481879340277773
2019,5,3,2019_5_3,ridge_swap,2099.72021484375,75,0,0,0,2107.8270037968955,1931.6946411132812,2114.5450439453125,2291.9889404296873,32.716195678545375,1,77.54166666666667,3.5187038845486107,0.22135416666666666,0.042568630642361105,0.041666666666666664,0.17708333333333334,0.001736111111111111,0.03135850694444445
2019,5,4,2019_5_4,ridge_swap,1893.4000244140625,86,0,0,0,2029.864374478658,1862.4394897460938,2025.8504028320312,2204.65869140625,80.03268768638374,1,72.5546875,8.125237358940971,0.16666666666666666,0.024522569444444448,0.018229166666666668,0.078125,0.0003323025173611112,0.006103515625
2019,5,5,2019_5_5,ridge_swap,2294.860107421875,76,0,0,0,2180.5399147669473,2006.1252563476562,2181.5830078125,2351.5027587890627,66.50257179554966,1,75.82291666666667,3.3017306857638893,0.3567708333333333,0.09397379557291663,0.12760416666666666,0.3854166666666667,0.01628282335069444,0.14854600694444445
2019,5,6,2019_5_6,ridge_swap,2127.4599609375,59,0,0,0,2148.6737648646035,1968.3365478515625,2152.0762939453125,2305.400439453125,33.54624422805176,1,76.3203125,10.966437445746529,0.140625,0.0177001953125,0.09375,0.28125,0.0087890625,0.0791015625
2019,5,7,2019_5_7,ridge_swap,2305.39990234375,67,0,0,1,2097.736809412638,1919.1315307617188,2094.2154541015625,2267.829638671875,138.68124249246387,0,75.5234375,4.963087293836806,0.15364583333333334,0.021328396267361133,0.046875,0.1640625,0.002197265625,0.69879150390625
2019,5,8,2019_5_8,ridge_swap,2242.260009765625,97,0,0,0,2156.983446121216,1989.1001953125,2150.5531005859375,2322.5804443359375,53.14173265629344,1,77.09635416666667,13.424730088975695,0.4322916666666667,0.1419677734375,0.08854166666666667,0.3098958333333333,0.007839626736111112,0.0960354275173611
2019,5,9,2019_5_9,ridge_swap,2295.66015625,52,0,0,1,2103.879238128662,1943.8166137695312,2113.01953125,2269.82216796875,123.10036329097217,0,73.4921875,14.582973904079862,0.1015625,0.008375379774305552,0.044270833333333336,0.17447916666666666,0.001959906684027778,0.6814846462673612
2019,5,10,2019_5_10,ridge_swap,2066.52001953125,67,0,0,0,2029.0248279571533,1861.1885131835938,2031.9595336914062,2194.9787109375,37.00208153492875,1,76.71875,5.671725802951389,0.109375,0.011406792534722224,0.015625,0.0703125,0.000244140625,0.00494384765625
2019,5,11,2019_5_11,ridge_swap,1905.699951171875,116,0,0,0,2112.782041231791,1938.4017944335938,2118.545166015625,2279.5635009765624,141.74237071722746,0,77.77083333333333,30.45050726996528,0.40625,0.1398247612847222,0.036458333333333336,0.20833333333333334,0.0013292100694444447,0.04340277777777778
2019,6,0,2019_6_0,production,2361.31982421875,56,0,0,1,2157.913421312968,1984.096032714844,2165.3179931640625,2324.8846435546875,134.3211344604691,0,79.15104166666667,15.220675998263888,0.2838541666666667,0.06463623046875003,0.09375,0.265625,0.0087890625,0.539306640625
2019,6,1,2019_6_1,production,2390.43994140625,72,0,1,1,2200.4156516393027,2040.4230224609375,2204.1009521484375,2354.5327880859377,126.31348916805453,0,70.38020833333333,3.1853298611111107,0.0859375,0.006951226128472224,0.13541666666666666,0.4140625,0.7475043402777778,0.34332275390625
2019,6,2,2019_6_2,production,2383.9599609375,62,0,0,1,2133.0528240203857,1934.4532470703125,2133.729248046875,2323.169921875,172.78777425653405,0,72.17447916666667,5.7892184787326375,0.20052083333333334,0.030225965711805552,0.06770833333333333,0.23177083333333334,0.004584418402777777,0.590176052517361
2019,6,3,2019_6_3,production,2160.199951171875,81,0,0,0,2153.0430075327554,1975.2614379882812,2148.830078125,2325.3948974609375,32.524599735935524,1,71.171875,5.891791449652777,0.171875,0.02617730034722221,0.08203125,0.2578125,0.0067291259765625,0.06646728515625
2019,6,4,2019_6_4,production,1989.6800537109375,67,0,0,0,2140.115520477295,1962.8630249023438,2131.5894775390625,2334.1415771484376,90.22849116391605,1,68.82552083333333,3.3212958441840277,0.19791666666666666,0.03435601128472221,0.08072916666666667,0.2265625,0.006517198350694445,0.05133056640625
2019,6,5,2019_6_5,production,2261.60009765625,57,0,0,0,2144.888705253601,1953.839208984375,2157.464111328125,2317.1049072265623,65.1210041369001,1,72.64583333333333,9.304239908854168,0.18489583333333334,0.028828938802083343,0.09375,0.23697916666666666,0.0087890625,0.056159125434027776
2019,6,6,2019_6_6,production,1988.159912109375,86,0,0,0,2055.5983695983887,1877.2532592773437,2048.77978515625,2239.1970703125,44.2339557458957,1,72.0859375,8.639302571614582,0.046875,0.002197265625,0.013020833333333334,0.08854166666666667,0.00016954210069444447,0.007839626736111112
2019,6,7,2019_6_7,production,2130.260009765625,63,0,0,0,2136.8398764928183,1958.1844482421875,2139.557373046875,2310.20654296875,30.90504985137119,1,74.07291666666667,6.346164279513889,0.078125,0.006103515625,0.057291666666666664,0.2421875,0.003282335069444444,0.05865478515625
2019,6,8,2019_6_8,production,2204.4599609375,95,0,0,0,2142.229195276896,1965.6529663085937,2145.3641357421875,2322.4330078125,43.409293845295906,1,84.984375,5.864529079861111,0.5390625,0.2080417209201389,0.09635416666666667,0.24479166666666666,0.009284125434027778,0.05992296006944444
2019,6,9,2019_6_9,production,2214.280029296875,78,0,0,0,2026.161455154419,1833.0138916015626,2022.3951416015625,2215.7734375,118.57087813152208,1,84.52604166666667,4.865831163194445,0.4140625,0.1318698459201389,0.018229166666666668,0.08072916666666667,0.0003323025173611112,0.006517198350694445
2019,6,10,2019_6_10,production,1974.699951171875,115,0,0,0,2172.2484776178994,1991.071728515625,2177.2979736328125,2349.7184326171873,130.21034974108142,0,74.16666666666667,33.154947916666664,0.203125,0.03272840711805555,0.1015625,0.3359375,0.01031494140625,0.11285400390625
2019,6,11,2019_6_11,production,2141.3798828125,74,0,0,0,2196.417179107666,2014.5246826171874,2200.2216796875,2368.557275390625,40.67479715413518,1,70.06770833333333,3.7063123914930554,0.109375,0.011962890625,0.16015625,0.375,0.0256500244140625,0.140625
2019,6,0,2019_6_0,ridge_swap,2361.31982421875,56,0,0,1,2161.736308733622,1992.1188232421875,2170.2779541015625,2324.7036865234377,130.957109597822,0,78.87760416666667,15.136128743489582,0.2708333333333333,0.05822753906249997,0.08854166666666667,0.2890625,0.007839626736111112,0.50543212890625
2019,6,1,2019_6_1,ridge_swap,2390.43994140625,72,0,1,1,2203.3707415262857,2050.63701171875,2197.15625,2362.74921875,126.32550535268254,0,70.04427083333333,3.1120266384548607,0.10677083333333333,0.010342068142361105,0.13020833333333334,0.3854166666666667,0.7565375434027777,0.377712673611111
2019,6,2,2019_6_2,ridge_swap,2383.9599609375,62,0,0,1,2134.6602255503335,1941.5088134765624,2135.333251953125,2330.4846923828127,167.48189542856483,0,72.359375,5.744940863715279,0.22135416666666666,0.03600396050347221,0.08072916666666667,0.23177083333333334,0.006517198350694445,0.590176052517361
2019,6,3,2019_6_3,ridge_swap,2160.199951171875,81,0,0,0,2155.0668449401855,1981.039111328125,2157.701171875,2325.318212890625,30.216523218486046,1,71.265625,6.180636935763889,0.1875,0.025119357638888895,0.10416666666666667,0.265625,0.010850694444444446,0.070556640625
2019,6,4,2019_6_4,ridge_swap,1989.6800537109375,67,0,0,0,2138.059644381205,1940.4415649414063,2135.794677734375,2331.412353515625,89.47092282358142,1,68.85677083333333,3.016296386718749,0.203125,0.03724500868055555,0.0859375,0.234375,0.00738525390625,0.054931640625
2019,6,5,2019_6_5,ridge_swap,2261.60009765625,57,0,0,0,2148.4657605489097,1961.1760009765626,2158.3687744140625,2310.426220703125,62.98755843440692,1,71.75520833333333,8.554606119791664,0.15364583333333334,0.01922607421875,0.07291666666666667,0.265625,0.005316840277777779,0.070556640625
2019,6,6,2019_6_6,ridge_swap,1988.159912109375,86,0,0,0,2058.5254875818887,1889.5045043945313,2052.884521484375,2254.2538818359376,45.71106637931531,1,72.9140625,8.43280029296875,0.06510416666666667,0.003913031684027783,0.026041666666666668,0.09895833333333333,0.0006781684027777779,0.00979275173611111
2019,6,7,2019_6_7,ridge_swap,2130.260009765625,63,0,0,0,2145.31502532959,1957.6431884765625,2149.492919921875,2321.674267578125,33.760568249556755,1,73.20833333333333,5.688001844618055,0.0859375,0.00738525390625,0.06770833333333333,0.23958333333333334,0.004584418402777777,0.05740017361111112
2019,6,8,2019_6_8,ridge_swap,2204.4599609375,95,0,0,0,2135.0022719701133,1952.4958984375,2138.6876220703125,2311.9892333984376,45.70897590368986,1,84.49479166666667,6.368652343749999,0.5625,0.2271728515625,0.0859375,0.22395833333333334,0.00738525390625,0.05015733506944445
2019,6,9,2019_6_9,ridge_swap,2214.280029296875,78,0,0,0,2023.609917640686,1846.6384887695312,2025.1571655273438,2216.1747802734376,123.51593662715621,1,84.22395833333333,4.684000651041666,0.3880208333333333,0.11530897352430552,0.005208333333333333,0.0625,2.712673611111111e-05,0.00390625
2019,6,10,2019_6_10,ridge_swap,1974.699951171875,115,0,0,0,2178.2945919036865,2000.81455078125,2182.8372802734375,2353.143701171875,135.27295411129793,0,74.04166666666667,33.526611328125,0.1953125,0.03429497612847221,0.09895833333333333,0.3333333333333333,0.00979275173611111,0.1111111111111111
2019,6,11,2019_6_11,ridge_swap,2141.3798828125,74,0,0,0,2198.5165468851724,2035.830224609375,2188.0628662109375,2367.42392578125,39.16102672782209,1,71.09895833333333,3.2734646267361107,0.11197916666666667,0.012539333767361119,0.15364583333333334,0.3697916666666667,0.023607042100694448,0.13674587673611113
2019,7,0,2019_7_0,production,2358.83984375,47,0,1,1,2173.7407693862915,1984.2110717773437,2188.4068603515625,2353.371240234375,112.35621299594642,0,66.5,12.702799479166668,0.03125,0.0009765625,0.12239583333333333,0.3307291666666667,0.7701890733506944,0.44792344835069436
2019,7,1,2019_7_1,production,2199.9599609375,80,0,0,0,2118.0629892349243,1936.08974609375,2123.2093505859375,2308.3952148437497,50.67664514564807,1,81.89322916666667,3.471184624565973,0.4401041666666667,0.1582370334201389,0.059895833333333336,0.1953125,0.003587510850694445,0.03814697265625
2019,7,2,2019_7_2,production,2268.39990234375,67,0,0,1,2179.1447048187256,1969.2780883789062,2187.017333984375,2366.6324951171873,53.99768784145513,1,75.6015625,5.230584038628471,0.22135416666666666,0.03972032335069445,0.12239583333333333,0.34375,0.01498074001736111,0.4306640625
2019,7,3,2019_7_3,production,2199.3798828125,46,0,0,0,2187.1404609680176,2026.4421142578126,2194.2607421875,2355.679833984375,29.744985949661995,1,69.78645833333333,16.950398763020832,0.16927083333333334,0.02612982855902779,0.1328125,0.359375,0.01763916015625,0.129150390625
2019,7,4,2019_7_4,production,2329.240234375,83,0,0,1,2190.84211508433,2028.6847290039063,2190.1136474609375,2355.4093017578125,83.91581271340449,1,71.46614583333333,7.038011338975695,0.140625,0.0177001953125,0.13541666666666666,0.3385416666666667,0.01833767361111111,0.437527126736111
2019,7,5,2019_7_5,production,2224.02001953125,98,0,0,0,2144.2526121139526,1962.6392578125,2148.437255859375,2323.0821533203125,48.40337098721001,1,77.72916666666667,13.916612413194443,0.2526041666666667,0.05306667751736113,0.06510416666666667,0.22135416666666666,0.004238552517361112,0.04899766710069444
2019,7,6,2019_7_6,production,1683.800048828125,107,0,0,0,2077.6674381891885,1888.2117553710937,2075.17431640625,2255.41279296875,313.2903910817372,0,81.39322916666667,18.06561279296875,0.3776041666666667,0.1209377712673611,0.028645833333333332,0.140625,0.000820583767361111,0.019775390625
2019,7,7,2019_7_7,production,2192.93994140625,72,0,0,0,2134.282059351603,1948.75107421875,2141.6767578125,2314.847314453125,39.03709408806431,1,77.9765625,4.206075032552083,0.16145833333333334,0.022148980034722238,0.0625,0.20572916666666666,0.00390625,0.042324490017361105
2019,7,8,2019_7_8,production,2199.52001953125,74,0,0,0,2113.3082389831543,1927.305078125,2115.49560546875,2286.0617919921874,51.270605754521156,1,71.33072916666667,3.370300292968751,0.12239583333333333,0.013190375434027776,0.0546875,0.17708333333333334,0.00299072265625,0.03135850694444445
2019,7,9,2019_7_9,production,2241.77978515625,75,0,0,0,2186.115738550822,2023.52763671875,2183.672607421875,2352.9596923828126,39.6671672032939,1,71.25520833333333,3.7141791449652777,0.22135416666666666,0.03972032335069445,0.11979166666666667,0.328125,0.01435004340277778,0.107666015625
2019,7,10,2019_7_10,production,2232.33984375,68,0,0,0,2134.7779064178467,1951.0558959960938,2142.0594482421875,2310.933349609375,56.13112732602491,1,76.44010416666667,5.006422254774306,0.3203125,0.08705647786458334,0.07291666666666667,0.234375,0.005316840277777779,0.054931640625
2019,7,11,2019_7_11,production,2135.5400390625,88,0,0,0,2083.2108990351358,1917.8303466796874,2084.54541015625,2253.435693359375,37.945076092249806,1,75.76302083333333,7.744391547309027,0.15885416666666666,0.022874620225694448,0.0234375,0.125,0.00054931640625,0.015625
2019,7,0,2019_7_0,ridge_swap,2358.83984375,47,0,1,1,2172.487808227539,1982.3806640625,2174.81787109375,2346.20810546875,119.51445229185953,0,66.38020833333333,12.739067925347221,0.028645833333333332,0.0008205837673611084,0.09895833333333333,0.3125,0.8118760850694444,0.47265625
2019,7,1,2019_7_1,ridge_swap,2199.9599609375,80,0,0,0,2123.6624323527017,1953.5994140625,2125.691650390625,2285.6696289062497,46.68043890429868,1,81.5703125,3.2144300672743062,0.4765625,0.17829725477430558,0.057291666666666664,0.19270833333333334,0.003282335069444444,0.03713650173611111
2019,7,2,2019_7_2,ridge_swap,2268.39990234375,67,0,0,1,2180.132440884908,1994.3773315429687,2177.3515625,2367.7868408203126,54.963256459269275,1,75.0625,4.812879774305555,0.23177083333333334,0.04492865668402779,0.13541666666666666,0.3385416666666667,0.01833767361111111,0.437527126736111
2019,7,3,2019_7_3,ridge_swap,2199.3798828125,46,0,0,0,2184.4132636388144,2027.7009765625,2186.4217529296875,2370.477099609375,32.674409451584026,1,70.0078125,17.002054850260418,0.1875,0.030612521701388895,0.12239583333333333,0.3463541666666667,0.01498074001736111,0.11996120876736112
2019,7,4,2019_7_4,ridge_swap,2329.240234375,83,0,0,1,2200.701999028524,2021.4347167968751,2206.1392822265625,2379.3801513671874,78.45030735267534,1,71.9609375,6.563876681857639,0.15364583333333334,0.022820366753472238,0.1328125,0.375,0.01763916015625,0.390625
2019,7,5,2019_7_5,ridge_swap,2224.02001953125,98,0,0,0,2147.606020927429,1967.4867431640625,2151.8597412109375,2300.807373046875,44.39780600451762,1,77.04947916666667,14.31866455078125,0.22916666666666666,0.04193793402777776,0.07291666666666667,0.2421875,0.005316840277777779,0.05865478515625
2019,7,6,2019_7_6,ridge_swap,1683.800048828125,107,0,0,0,2084.619576772054,1907.86357421875,2080.0595703125,2260.6028076171874,324.8982780459854,0,81.22395833333333,18.50263129340278,0.4010416666666667,0.1226806640625,0.03125,0.12760416666666666,0.0009765625,0.01628282335069444
2019,7,7,2019_7_7,ridge_swap,2192.93994140625,72,0,0,0,2126.4709510803223,1949.84501953125,2127.1214599609375,2290.049658203125,43.84218833181593,1,78.20572916666667,4.347215440538195,0.1640625,0.022928873697916657,0.059895833333333336,0.18489583333333334,0.003587510850694445,0.03418646918402778
2019,7,8,2019_7_8,ridge_swap,2199.52001953125,74,0,0,0,2108.416315396627,1924.3504150390625,2101.7044677734375,2283.4033203125,55.10975084950526,1,71.3828125,3.517801920572917,0.1484375,0.019809299045138895,0.044270833333333336,0.15104166666666666,0.001959906684027778,0.02281358506944444
2019,7,9,2019_7_9,ridge_swap,2241.77978515625,75,0,0,0,2189.4587411880493,2020.457080078125,2187.787109375,2352.5674072265624,37.54233129570882,1,70.76302083333333,4.120951334635417,0.21354166666666666,0.03668891059027776,0.14322916666666666,0.3619791666666667,0.020514594184027776,0.13102891710069445
2019,7,10,2019_7_10,ridge_swap,2232.33984375,68,0,0,0,2140.2921517690024,1973.9143188476562,2138.1019287109375,2308.270068359375,53.65133214824729,1,77.0546875,5.272074381510417,0.3151041666666667,0.08423529730902779,0.078125,0.23697916666666666,0.006103515625,0.056159125434027776
2019,7,11,2019_7_11,ridge_swap,2135.5400390625,88,0,0,0,2082.039244333903,1905.6961181640625,2086.4591064453125,2258.2488525390627,39.483070722884605,1,76.78385416666667,6.714104546440973,0.15625,0.0244140625,0.0234375,0.13020833333333334,0.00054931640625,0.016954210069444448
2019,8,0,2019_8_0,production,2320.02001953125,81,0,0,1,2093.680822690328,1904.315478515625,2098.2071533203125,2260.30400390625,153.52649219416912,0,72.2421875,5.680589463975695,0.0703125,0.004265679253472224,0.033854166666666664,0.13802083333333334,0.0011461046006944443,0.743008083767361
2019,8,1,2019_8_1,production,2739.0,50,0,1,1,2216.0977805455527,2048.9547607421873,2219.264404296875,2398.638671875,444.4342625662684,0,72.12760416666667,15.14691162109375,0.10416666666666667,0.008477105034722224,0.1875,0.4348958333333333,0.66015625,0.31934271918402785
2019,8,2,2019_8_2,production,1991.5400390625,73,0,0,0,2167.2142146428428,1976.4240356445314,2164.515625,2361.2640869140623,110.6991668285595,1,69.83072916666667,3.5068427191840277,0.15364583333333334,0.022820366753472238,0.11458333333333333,0.3229166666666667,0.013129340277777776,0.10427517361111112
2019,8,3,2019_8_3,production,2091.679931640625,83,0,0,0,2152.9128144582114,1973.395849609375,2146.7415771484375,2324.435009765625,41.55295144021511,1,75.421875,4.863186306423611,0.18489583333333334,0.02661810980902779,0.07291666666666667,0.2708333333333333,0.005316840277777779,0.07335069444444443
2019,8,4,2019_8_4,production,2236.5400390625,85,0,0,1,2087.731826146444,1906.9486572265625,2080.3250732421875,2271.8761474609373,89.20898875097434,1,80.9296875,4.149949815538195,0.3619791666666667,0.10413275824652779,0.03125,0.1484375,0.0009765625,0.72515869140625
2019,8,5,2019_8_5,production,2155.239990234375,69,0,0,0,2008.8472747802734,1824.8323974609375,2010.4955444335938,2167.805029296875,86.77671787473892,1,79.15364583333333,5.738043891059028,0.12239583333333333,0.014356825086805552,0.010416666666666666,0.041666666666666664,0.00010850694444444444,0.001736111111111111
2019,8,6,2019_8_6,production,1911.02001953125,62,0,0,0,2111.2731088002524,1938.0130859375,2107.870849609375,2298.0469970703125,130.1617441193925,0,76.88802083333333,8.95269775390625,0.14583333333333334,0.019802517361111133,0.046875,0.19010416666666666,0.002197265625,0.036139594184027776
2019,8,7,2019_8_7,production,2156.72021484375,71,0,0,0,2128.376884460449,1941.4186645507812,2132.4647216796875,2296.8512695312497,33.94903962314129,1,72.61979166666667,3.195597330729166,0.15364583333333334,0.01929389105902779,0.07291666666666667,0.21354166666666666,0.005316840277777779,0.045600043402777776
2019,8,8,2019_8_8,production,2232.320068359375,72,0,0,0,2164.279253641764,1985.7504028320313,2165.809814453125,2350.538916015625,47.05343858235412,1,76.33072916666667,3.64361572265625,0.2942708333333333,0.07927110460069442,0.11979166666666667,0.2916666666666667,0.01435004340277778,0.08506944444444446
2019,8,9,2019_8_9,production,2215.43994140625,84,0,0,0,2146.335426012675,1968.4833129882813,2142.4736328125,2331.20966796875,46.01911349511808,1,75.89322916666667,5.480746799045138,0.453125,0.16328938802083331,0.08854166666666667,0.24479166666666666,0.007839626736111112,0.05992296006944444
2019,8,10,2019_8_10,production,2201.97998046875,93,0,0,0,2184.7990531921387,2009.610107421875,2186.9000244140625,2353.3214599609373,31.901625341839264,1,75.86458333333333,10.809828016493057,0.4166666666666667,0.1368136935763889,0.125,0.3671875,0.015625,0.13482666015625
2019,8,11,2019_8_11,production,2182.4599609375,78,0,0,0,2176.9148302078247,2013.4452880859376,2182.3583984375,2326.5694091796877,28.987969341377408,1,70.62760416666667,5.22198486328125,0.234375,0.0450439453125,0.09635416666666667,0.3359375,0.009284125434027778,0.11285400390625
2019,8,0,2019_8_0,ridge_swap,2320.02001953125,81,0,0,1,2084.390633583069,1918.82392578125,2091.9354248046875,2251.4337646484373,166.43155791279344,0,72.15104166666667,5.6898193359375,0.078125,0.006103515625,0.028645833333333332,0.12760416666666666,0.000820583767361111,0.7610744900173612
2019,8,1,2019_8_1,ridge_swap,2739.0,50,0,1,1,2219.4639348983765,2038.2735107421875,2234.4708251953125,2381.49912109375,441.51633474975824,0,72.375,15.52615017361111,0.11979166666666667,0.012600368923611119,0.1953125,0.46875,0.64752197265625,0.2822265625
2019,8,2,2019_8_2,ridge_swap,1991.5400390625,73,0,0,0,2169.1658840179443,1983.6646606445313,2169.434814453125,2348.8292236328125,111.57324301865364,1,70.52604166666667,3.389160156249999,0.15364583333333334,0.021328396267361133,0.11197916666666667,0.3072916666666667,0.012539333767361112,0.09442816840277779
2019,8,3,2019_8_3,ridge_swap,2091.679931640625,83,0,0,0,2160.884564717611,1991.8944213867187,2157.50439453125,2343.021923828125,45.3659570498599,1,75.45052083333333,4.967007107204861,0.19010416666666666,0.029791937934027762,0.1015625,0.28125,0.01031494140625,0.0791015625
2019,8,4,2019_8_4,ridge_swap,2236.5400390625,85,0,0,1,2089.5649433135986,1925.8530151367188,2091.24560546875,2277.92041015625,92.53882931669553,1,81.0390625,3.987908257378473,0.3697916666666667,0.1107177734375,0.0234375,0.14583333333333334,0.00054931640625,0.7296006944444444
2019,8,5,2019_8_5,ridge_swap,2155.239990234375,69,0,0,0,2014.2021808624268,1827.2113891601562,2005.5355834960938,2198.402392578125,86.40903177360694,1,78.9296875,5.714484320746528,0.12760416666666666,0.01500786675347221,0.010416666666666666,0.052083333333333336,0.00010850694444444444,0.0027126736111111114
2019,8,6,2019_8_6,ridge_swap,1911.02001953125,62,0,0,0,2113.5414320627847,1923.123388671875,2118.8619384765625,2296.540234375,132.08926841285495,0,76.02604166666667,7.992146809895833,0.1484375,0.020541720920138895,0.046875,0.1875,0.002197265625,0.03515625
2019,8,7,2019_8_7,ridge_swap,2156.72021484375,71,0,0,0,2132.0454552968345,1935.1230102539062,2140.852294921875,2290.573681640625,33.733565401699806,1,72.21614583333333,3.366719563802083,0.15625,0.02068413628472221,0.057291666666666664,0.2265625,0.003282335069444444,0.05133056640625
2019,8,8,2019_8_8,ridge_swap,2232.320068359375,72,0,0,0,2157.7337516148887,1963.0888061523438,2156.4290771484375,2337.04052734375,47.64948356234365,1,76.79947916666667,3.7068210177951393,0.28125,0.06815592447916666,0.109375,0.2916666666666667,0.011962890625,0.08506944444444446
2019,8,9,2019_8_9,ridge_swap,2215.43994140625,84,0,0,0,2146.093281110128,1967.6447509765626,2147.645751953125,2328.1440185546876,46.042464828325635,1,75.60416666666667,5.371419270833333,0.484375,0.1834716796875,0.0703125,0.21614583333333334,0.00494384765625,0.04671902126736111
2019,8,10,2019_8_10,ridge_swap,2201.97998046875,93,0,0,0,2173.190605481466,1992.330908203125,2181.302978515625,2343.400439453125,36.152676336467266,1,77.09114583333333,10.01644558376736,0.4036458333333333,0.1263088650173611,0.1171875,0.3203125,0.01373291015625,0.10260009765625
2019,8,11,2019_8_11,ridge_swap,2182.4599609375,78,0,0,0,2192.0826943715415,2022.39423828125,2197.671875,2368.674389648437,32.42784833908081,1,69.4609375,5.501688639322916,0.23177083333333334,0.040018717447916685,0.12760416666666666,0.375,0.01628282335069444,0.140625
2019,9,0,2019_9_0,production,2110.93994140625,79,0,0,0,2152.254895210266,1954.8188354492188,2156.376953125,2321.64423828125,38.50718634741173,1,76.09895833333333,3.7911648220486125,0.23958333333333334,0.050333658854166685,0.09635416666666667,0.2890625,0.009284125434027778,0.08355712890625
2019,9,1,2019_9_1,production,2195.239990234375,70,0,0,0,2082.5097144444785,1911.5925903320312,2082.0120849609375,2274.176708984375,70.19339088847241,1,82.04427083333333,7.073994954427084,0.4166666666666667,0.13514539930555558,0.036458333333333336,0.125,0.0013292100694444447,0.015625
2019,9,2,2019_9_2,production,2479.81982421875,51,0,1,1,2234.616227785746,2061.9247802734376,2235.3946533203125,2407.41708984375,171.95817301753493,0,74.02083333333333,15.454386393229164,0.4192708333333333,0.13517930772569442,0.20833333333333334,0.5078125,0.626736111111111,0.24224853515625
2019,9,3,2019_9_3,production,2222.31982421875,67,0,0,0,2152.1035623550415,1963.634814453125,2157.9521484375,2342.08701171875,47.01417099684478,1,73.40885416666667,4.282857259114583,0.11458333333333333,0.011461046006944434,0.08333333333333333,0.2552083333333333,0.006944444444444444,0.06513129340277776
2019,9,4,2019_9_4,production,2113.5,85,0,0,0,2108.661701520284,1919.0434936523438,2111.081787109375,2295.625,32.60242599993944,1,81.53125,3.6003146701388884,0.4635416666666667,0.16988118489583337,0.059895833333333336,0.1796875,0.003587510850694445,0.03228759765625
2019,9,5,2019_9_5,production,2357.419921875,81,0,0,1,2115.04650815328,1946.5891357421874,2110.4085693359375,2289.49912109375,169.54257796042495,0,75.18489583333333,4.508199055989583,0.28125,0.06218804253472221,0.057291666666666664,0.203125,0.003282335069444444,0.635009765625
2019,9,6,2019_9_6,production,1996.4400634765625,96,0,0,0,2171.3294452031455,2010.0195678710938,2174.02294921875,2331.84052734375,115.63930009222693,0,68.98697916666667,20.181620279947914,0.10677083333333333,0.010857476128472224,0.07552083333333333,0.3307291666666667,0.00570339626736111,0.10938178168402779
2019,9,7,2019_9_7,production,2293.97998046875,60,0,0,1,2148.4474833806357,1968.344189453125,2141.3968505859375,2340.8258544921873,88.30158841692739,1,72.03125,6.801269531249999,0.15625,0.021375868055555552,0.09114583333333333,0.2734375,0.008307562934027776,0.52789306640625
2019,9,8,2019_9_8,production,2236.60009765625,66,0,0,0,1982.3722063700359,1811.90234375,1985.9656372070312,2142.8841064453127,184.1787887679206,0,74.92708333333333,5.327460394965278,0.14322916666666666,0.020514594184027762,0.0026041666666666665,0.028645833333333332,6.781684027777777e-06,0.000820583767361111
2019,9,9,2019_9_9,production,2055.35986328125,76,0,0,0,2155.9051020940146,1968.141796875,2154.7216796875,2352.678662109375,59.59008763647742,1,71.41145833333333,3.8855116102430554,0.1015625,0.009799533420138895,0.1015625,0.2994791666666667,0.01031494140625,0.08968777126736112
2019,9,10,2019_9_10,production,1997.619873046875,61,0,0,0,2100.980813662211,1919.237060546875,2107.4754638671875,2287.2014404296874,63.35061239782307,1,75.76822916666667,8.534810384114582,0.18229166666666666,0.027248806423611105,0.036458333333333336,0.15364583333333334,0.0013292100694444447,0.023607042100694448
2019,9,11,2019_9_11,production,2193.85986328125,109,0,0,0,2192.5727195739746,2004.3063110351563,2198.775146484375,2358.4974853515623,32.09085286822584,1,73.4609375,28.005106608072918,0.15104166666666666,0.01921929253472221,0.15104166666666666,0.3541666666666667,0.02281358506944444,0.1254340277777778
2019,9,0,2019_9_0,ridge_swap,2110.93994140625,79,0,0,0,2154.345299720764,1969.9923583984375,2163.6776123046875,2328.5886474609374,40.21845730725262,1,75.91927083333333,3.3148939344618054,0.23958333333333334,0.04924858940972224,0.08854166666666667,0.2708333333333333,0.007839626736111112,0.07335069444444443
2019,9,1,2019_9_1,ridge_swap,2195.239990234375,70,0,0,0,2073.221834500631,1905.2732666015625,2066.480712890625,2250.13271484375,70.9587525518404,1,82.5,7.320054796006945,0.3828125,0.1103854709201389,0.010416666666666666,0.1171875,0.00010850694444444444,0.01373291015625
2019,9,2,2019_9_2,ridge_swap,2479.81982421875,51,0,1,1,2237.729749361674,2051.0655517578125,2236.6185302734375,2415.581591796875,166.8018575915032,0,73.63020833333333,15.144856770833332,0.4166666666666667,0.13494194878472227,0.23697916666666666,0.5104166666666666,0.5822007921006945,0.23969184027777782
2019,9,3,2019_9_3,ridge_swap,2222.31982421875,67,0,0,0,2155.464047431946,1960.585791015625,2156.11572265625,2333.471533203125,45.251407892339756,1,73.25520833333333,4.126152886284723,0.1171875,0.01202392578125,0.09114583333333333,0.2864583333333333,0.008307562934027776,0.0820583767361111
2019,9,4,2019_9_4,ridge_swap,2113.5,85,0,0,0,2107.5145196914673,1914.19931640625,2114.3359375,2296.662939453125,35.18409560869138,1,81.56770833333333,3.7984347873263884,0.4817708333333333,0.19133165147569442,0.046875,0.19270833333333334,0.002197265625,0.03713650173611111
2019,9,5,2019_9_5,ridge_swap,2357.419921875,81,0,0,1,2117.472993850708,1939.9642578125,2123.431884765625,2282.82099609375,165.6025841600365,0,74.90625,4.603556315104166,0.3072916666666667,0.07977973090277779,0.0546875,0.171875,0.00299072265625,0.685791015625
2019,9,6,2019_9_6,ridge_swap,1996.4400634765625,96,0,0,0,2163.6845560073853,1990.1614013671874,2166.9705810546875,2327.2552001953127,107.06938706752328,1,68.96614583333333,20.108106825086807,0.11197916666666667,0.011969672309027776,0.07552083333333333,0.2994791666666667,0.00570339626736111,0.08968777126736112
2019,9,7,2019_9_7,ridge_swap,2293.97998046875,60,0,0,1,2150.1735302607217,1975.2230712890625,2146.85205078125,2333.824560546875,86.64126478218371,1,71.87760416666667,6.866014268663194,0.15625,0.0220947265625,0.08854166666666667,0.2604166666666667,0.007839626736111112,0.5469835069444443
2019,9,8,2019_9_8,ridge_swap,2236.60009765625,66,0,0,0,1987.373164176941,1821.6448608398437,1981.891357421875,2150.252685546875,177.19196027600103,0,75.35416666666667,5.390706380208332,0.15885416666666666,0.022874620225694448,0.0026041666666666665,0.020833333333333332,6.781684027777777e-06,0.00043402777777777775
2019,9,9,2019_9_9,ridge_swap,2055.35986328125,76,0,0,0,2154.0172640482583,1975.7382934570312,2158.6971435546875,2321.021533203125,61.18060216969914,1,71.640625,3.6193576388888893,0.1328125,0.015089246961805552,0.09375,0.2682291666666667,0.0087890625,0.07194688585069445
2019,9,10,2019_9_10,ridge_swap,1997.619873046875,61,0,0,0,2106.7261686325073,1924.3093627929688,2108.3388671875,2289.753857421875,66.59345907386805,1,75.78645833333333,8.660536024305557,0.16145833333333334,0.022203233506944448,0.057291666666666664,0.17708333333333334,0.003282335069444444,0.03135850694444445
2019,9,11,2019_9_11,ridge_swap,2193.85986328125,109,0,0,0,2205.1416234970093,2027.80302734375,2209.2403564453125,2372.33408203125,31.47047857526276,1,73.00260416666667,28.772182888454857,0.171875,0.025404188368055552,0.15364583333333334,0.4244791666666667,0.023607042100694448,0.1801825629340278
2019,10,0,2019_10_0,production,2106.580078125,80,0,0,0,2143.6060059865317,1972.8895263671875,2141.94873046875,2331.071630859375,36.78024114337232,1,81.984375,3.3235948350694438,0.4661458333333333,0.17775472005208331,0.0859375,0.265625,0.00738525390625,0.070556640625
2019,10,1,2019_10_1,production,2488.219970703125,57,0,0,1,2243.1968647638955,2087.611376953125,2243.82080078125,2407.2240234375,174.9748312210043,0,67.22135416666667,5.897332085503472,0.11979166666666667,0.013156467013888895,0.21875,0.5026041666666666,0.0478515625,0.24740261501736116
2019,10,2,2019_10_2,production,2023.1400146484375,81,0,0,0,2112.0708141326904,1916.7116455078126,2121.18896484375,2288.89013671875,58.08182622989018,1,74.50520833333333,4.599188910590278,0.12239583333333333,0.013190375434027776,0.06770833333333333,0.17708333333333334,0.004584418402777777,0.03135850694444445
2019,10,3,2019_10_3,production,1964.56005859375,70,0,0,0,2067.9561936060586,1893.6442138671875,2065.46630859375,2245.53193359375,61.14583155098889,1,76.453125,4.270060221354166,0.171875,0.028659396701388895,0.028645833333333332,0.11458333333333333,0.000820583767361111,0.013129340277777776
2019,10,4,2019_10_4,production,2587.719970703125,64,0,1,1,2207.21261882782,2003.688427734375,2212.93896484375,2390.16591796875,299.5705797067947,0,77.42447916666667,7.940856933593749,0.4557291666666667,0.15793863932291669,0.18229166666666666,0.4479166666666667,0.6686469184027778,0.30479600694444436
2019,10,5,2019_10_5,production,1813.97998046875,104,0,0,0,2052.8633394241333,1873.5599731445313,2050.516357421875,2235.021044921875,166.6026167712278,0,76.55208333333333,20.20852322048611,0.16145833333333334,0.020711263020833343,0.010416666666666666,0.08333333333333333,0.00010850694444444444,0.006944444444444444
2019,10,6,2019_10_6,production,2059.1201171875,65,0,0,0,2131.243385632833,1940.74951171875,2131.544921875,2306.770361328125,49.04376271449857,1,78.1484375,7.522332085503473,0.20572916666666666,0.03638373480902776,0.06510416666666667,0.23177083333333334,0.004238552517361112,0.05371771918402778
2019,10,7,2019_10_7,production,2233.47998046875,86,0,0,0,2152.318233807882,1960.8669555664062,2153.54541015625,2334.2385009765626,50.035867041183835,1,77.27083333333333,5.801038953993055,0.15104166666666666,0.020548502604166657,0.1015625,0.2760416666666667,0.01031494140625,0.07619900173611112
2019,10,8,2019_10_8,production,2200.919921875,69,0,0,0,2125.239775021871,1946.6894287109376,2130.90771484375,2291.939306640625,47.39386994888385,1,71.96614583333333,3.3874850802951384,0.28125,0.06107584635416666,0.0625,0.1953125,0.00390625,0.03814697265625
2019,10,9,2019_10_9,production,2292.72021484375,53,0,0,0,2153.1095933914185,1971.1782348632812,2150.5736083984375,2310.2888916015627,84.12168936183056,1,66.43489583333333,7.790113661024306,0.059895833333333336,0.0032891167534722238,0.06770833333333333,0.2604166666666667,0.004584418402777777,0.06781684027777779
2019,10,10,2019_10_10,production,2331.3798828125,68,0,0,1,2163.0667521158853,1989.7921020507813,2168.93603515625,2331.6272705078127,103.8184872650438,1,71.03645833333333,3.0804714626736107,0.09635416666666667,0.008795844184027776,0.08072916666666667,0.28125,0.006517198350694445,0.5166015625
2019,10,11,2019_10_11,production,2140.52001953125,84,0,0,0,2090.8938926060996,1899.6102661132813,2094.1962890625,2266.43720703125,39.45604745629761,1,79.96354166666667,3.8711208767361107,0.4479166666666667,0.1646728515625,0.028645833333333332,0.1640625,0.000820583767361111,0.02691650390625
2019,10,0,2019_10_0,ridge_swap,2106.580078125,80,0,0,0,2137.460655530294,1938.0995239257813,2146.41357421875,2319.371142578125,36.7294981173343,1,81.54947916666667,3.256001790364583,0.484375,0.1893310546875,0.07552083333333333,0.234375,0.00570339626736111,0.054931640625
2019,10,1,2019_10_1,ridge_swap,2488.219970703125,57,0,0,1,2247.7970991134644,2075.6464599609376,2246.1075439453125,2409.059375,167.54387157741522,0,65.3984375,5.005120171440972,0.09375,0.007866753472222224,0.2604166666666667,0.5598958333333334,0.06781684027777779,0.19369167751736108
2019,10,2,2019_10_2,ridge_swap,2023.1400146484375,81,0,0,0,2118.6016960144043,1929.450341796875,2115.061279296875,2298.48544921875,58.50492768155203,1,74.625,4.504421657986111,0.12760416666666666,0.015631781684027762,0.0625,0.1953125,0.00390625,0.03814697265625
2019,10,3,2019_10_3,ridge_swap,1964.56005859375,70,0,0,0,2061.303926150004,1888.3967041015626,2061.7230224609375,2227.223095703125,56.997393546005085,1,76.6015625,4.465284559461806,0.15885416666666666,0.022874620225694448,0.020833333333333332,0.09635416666666667,0.00043402777777777775,0.009284125434027778
2019,10,4,2019_10_4,ridge_swap,2587.719970703125,64,0,1,1,2201.6599254608154,2017.0528564453125,2205.639404296875,2377.5663818359376,305.92004067864684,0,77.78125,7.991400824652779,0.4765625,0.1726413302951389,0.1640625,0.4244791666666667,0.69879150390625,0.33122422960069436
2019,10,5,2019_10_5,ridge_swap,1813.97998046875,104,0,0,0,2052.3275677363076,1865.4339599609375,2055.3924560546875,2224.71259765625,166.05526329163047,0,77.421875,19.13791232638889,0.20052083333333334,0.033426920572916685,0.010416666666666666,0.0859375,0.00010850694444444444,0.00738525390625
2019,10,6,2019_10_6,ridge_swap,2059.1201171875,65,0,0,0,2128.2713804244995,1945.313330078125,2133.0906982421875,2314.413720703125,46.782970334920634,1,78.41666666666667,7.895304361979167,0.20572916666666666,0.03638373480902776,0.07291666666666667,0.23697916666666666,0.005316840277777779,0.056159125434027776
2019,10,7,2019_10_7,ridge_swap,2233.47998046875,86,0,0,0,2154.6144116719565,1978.8885986328125,2148.3001708984375,2340.0050048828125,51.293261501524185,1,77.59635416666667,5.610100640190973,0.15104166666666666,0.022040473090277762,0.08854166666666667,0.2838541666666667,0.007839626736111112,0.08057318793402779
2019,10,8,2019_10_8,ridge_swap,2200.919921875,69,0,0,0,2122.813598314921,1945.5589721679687,2124.448974609375,2300.5656494140626,49.241750487850766,1,72.29947916666667,3.444315592447917,0.25,0.0496826171875,0.049479166666666664,0.1953125,0.0024481879340277775,0.03814697265625
2019,10,9,2019_10_9,ridge_swap,2292.72021484375,53,0,0,0,2160.3406432469687,1987.065869140625,2165.826416015625,2327.2700927734377,78.21980709582566,1,66.6015625,7.893669976128471,0.06510416666666667,0.0036146375868055594,0.09635416666666667,0.2786458333333333,0.009284125434027778,0.07764350043402776
2019,10,10,2019_10_10,ridge_swap,2331.3798828125,68,0,0,1,2159.5417111714683,1975.9228759765626,2162.073974609375,2324.20869140625,106.88228001859454,0,71.64322916666667,3.294169108072916,0.1328125,0.016960991753472224,0.059895833333333336,0.2708333333333333,0.003587510850694445,0.5316840277777779
2019,10,11,2019_10_11,ridge_swap,2140.52001953125,84,0,0,0,2094.8515685399375,1899.6984985351562,2102.199462890625,2269.5951171875,38.06463251097334,1,79.6171875,3.9189792209201393,0.4635416666666667,0.16594780815972227,0.0390625,0.13802083333333334,0.00152587890625,0.01904975043402778
2019,11,0,2019_11_0,production,2435.080078125,63,0,1,1,2200.7094418207803,2020.4767700195312,2194.04150390625,2383.597412109375,161.19109738286997,0,75.32291666666667,7.031589084201388,0.21354166666666666,0.038479275173611105,0.15625,0.3463541666666667,0.7119140625,0.4272528754340277
2019,11,1,2019_11_1,production,2335.9599609375,71,0,0,0,2152.9600912729898,1974.8976806640626,2156.5732421875,2347.190087890625,116.89345119562414,1,73.93229166666667,3.674723307291668,0.11979166666666667,0.012600368923611119,0.11197916666666667,0.2708333333333333,0.012539333767361112,0.07335069444444443
2019,11,2,2019_11_2,production,1946.2000732421875,76,0,0,0,2105.544659614563,1928.76591796875,2112.3214111328125,2274.82041015625,103.54757731739018,1,76.20572916666667,3.259745279947917,0.3489583333333333,0.08885362413194442,0.020833333333333332,0.13541666666666666,0.00043402777777777775,0.01833767361111111
2019,11,3,2019_11_3,production,2323.35986328125,62,0,0,0,2200.065977414449,2022.8360961914063,2202.121826171875,2356.2755859375,71.06488334884246,1,77.80729166666667,9.541246202256943,0.4088541666666667,0.13279215494791669,0.11979166666666667,0.3984375,0.01435004340277778,0.15875244140625
2019,11,4,2019_11_4,production,2125.419921875,66,0,0,0,2144.9606053034463,1968.6529174804687,2158.814208984375,2314.172998046875,37.151318552593395,1,73.30989583333333,4.48541259765625,0.2265625,0.03974745008680555,0.06510416666666667,0.2578125,0.004238552517361112,0.06646728515625
2019,11,5,2019_11_5,production,2369.64013671875,77,0,0,1,2165.793571472168,1995.9692138671876,2163.504150390625,2344.616162109375,132.62921361956333,0,68.5703125,5.529357910156249,0.0546875,0.00299072265625,0.10416666666666667,0.3020833333333333,0.010850694444444446,0.4870876736111112
2019,11,6,2019_11_6,production,2381.4599609375,69,0,0,1,2190.075676600138,2007.723486328125,2197.37353515625,2353.20263671875,122.13902152578036,0,68.44270833333333,3.3036024305555554,0.15885416666666666,0.021436903211805552,0.125,0.3645833333333333,0.015625,0.40375434027777785
2019,11,7,2019_11_7,production,1994.719970703125,87,0,0,0,2148.202773412069,1972.33525390625,2140.5987548828125,2336.848095703125,92.76780932148297,1,76.45052083333333,6.738789876302083,0.171875,0.02617730034722221,0.078125,0.22916666666666666,0.006103515625,0.052517361111111105
2019,11,8,2019_11_8,production,2157.4599609375,103,0,0,0,1969.0100059509277,1797.356884765625,1967.0133056640625,2141.217626953125,121.77534185184373,0,88.71875,9.126776801215279,0.625,0.2658013237847222,0.0078125,0.026041666666666668,6.103515625e-05,0.0006781684027777779
2019,11,9,2019_11_9,production,1925.880126953125,92,0,0,0,2120.1240797042847,1941.83828125,2130.64501953125,2292.3743896484375,127.82460449222062,0,74.74739583333333,11.13067626953125,0.07291666666666667,0.005316840277777776,0.052083333333333336,0.20572916666666666,0.0027126736111111114,0.042324490017361105
2019,11,10,2019_11_10,production,2176.2998046875,64,0,0,0,2113.29949760437,1937.177685546875,2120.6832275390625,2294.9318603515626,43.881356456213524,1,76.33333333333333,7.215345594618056,0.171875,0.025404188368055552,0.06510416666666667,0.18489583333333334,0.004238552517361112,0.03418646918402778
2019,11,11,2019_11_11,production,2140.68017578125,71,0,0,0,2169.8432954152427,1991.1065063476562,2177.5777587890625,2327.1521728515627,33.665004008346145,1,68.74739583333333,3.1906399197048616,0.16145833333333334,0.020765516493055552,0.09375,0.2786458333333333,0.0087890625,0.07764350043402776
2019,11,0,2019_11_0,ridge_swap,2435.080078125,63,0,1,1,2199.157641092936,2019.2033813476562,2201.513427734375,2376.0784912109375,161.7525480621391,0,76.47135416666667,7.624315049913195,0.2630208333333333,0.056837293836805525,0.14322916666666666,0.3880208333333333,0.7340562608506945,0.37451850043402785
2019,11,1,2019_11_1,ridge_swap,2335.9599609375,71,0,0,0,2146.8161404927573,1971.7920043945312,2146.7332763671875,2329.998388671875,120.23767415682475,0,74.05729166666667,3.337727864583333,0.11979166666666667,0.013156467013888895,0.08072916666666667,0.24479166666666666,0.006517198350694445,0.05992296006944444
2019,11,2,2019_11_2,ridge_swap,1946.2000732421875,76,0,0,0,2119.4208656946817,1943.422705078125,2121.685546875,2282.9085693359375,112.19434678968457,1,75.39322916666667,3.239644368489583,0.3697916666666667,0.09490288628472227,0.041666666666666664,0.18229166666666666,0.001736111111111111,0.033230251736111105
2019,11,3,2019_11_3,ridge_swap,2323.35986328125,62,0,0,0,2211.899570465088,2034.0987060546875,2217.74609375,2375.117504882812,62.31757667660712,1,77.13541666666667,9.2738037109375,0.4166666666666667,0.13871256510416669,0.19270833333333334,0.4036458333333333,0.03713650173611111,0.1629299587673611
2019,11,4,2019_11_4,ridge_swap,2125.419921875,66,0,0,0,2150.757614135742,1967.63134765625,2159.0941162109375,2323.072509765625,36.43502126634121,1,73.87239583333333,4.704949273003473,0.22135416666666666,0.03972032335069445,0.078125,0.2552083333333333,0.006103515625,0.06513129340277776
2019,11,5,2019_11_5,ridge_swap,2369.64013671875,77,0,0,1,2170.072095235189,2016.1462890625,2170.557373046875,2335.945556640625,133.15212057696448,0,68.765625,5.582939995659721,0.052083333333333336,0.002712673611111112,0.08333333333333333,0.2942708333333333,0.006944444444444444,0.4980536566840279
2019,11,6,2019_11_6,ridge_swap,2381.4599609375,69,0,0,1,2182.658271471659,2010.3926391601562,2181.270263671875,2371.698974609375,127.0519673253099,0,68.28645833333333,3.1924099392361116,0.140625,0.017062717013888895,0.1171875,0.3072916666666667,0.01373291015625,0.47984483506944436
2019,11,7,2019_11_7,ridge_swap,1994.719970703125,87,0,0,0,2137.1122398376465,1934.0889770507813,2140.5299072265625,2318.2642333984377,87.48620844880739,1,77.36458333333333,5.781127929687499,0.13802083333333334,0.01904975043402779,0.06770833333333333,0.22395833333333334,0.004584418402777777,0.05015733506944445
2019,11,8,2019_11_8,ridge_swap,2157.4599609375,103,0,0,0,1967.9503084818523,1794.2339477539062,1971.4786987304688,2126.464404296875,124.19422282278539,0,88.41666666666667,8.956705729166666,0.6276041666666666,0.25132242838541663,0.0026041666666666665,0.020833333333333332,6.781684027777777e-06,0.00043402777777777775
2019,11,9,2019_11_9,ridge_swap,1925.880126953125,92,0,0,0,2114.5116612116494,1919.1002807617188,2119.247802734375,2301.7484130859375,122.88422266393898,1,74.94010416666667,11.139912923177086,0.07291666666666667,0.005316840277777776,0.052083333333333336,0.2109375,0.0027126736111111114,0.04449462890625
2019,11,10,2019_11_10,ridge_swap,2176.2998046875,64,0,0,0,2116.460591316223,1943.0828735351563,2118.8448486328125,2303.5381591796877,43.04557428012292,1,75.28125,6.483764648437499,0.17447916666666666,0.027025010850694448,0.057291666666666664,0.17447916666666666,0.003282335069444444,0.03044297960069444
2019,11,11,2019_11_11,ridge_swap,2140.68017578125,71,0,0,0,2173.0317856470742,2011.5099609375,2182.4588623046875,2333.7734375,33.783270229068066,1,68.203125,3.446736653645833,0.171875,0.02385796440972221,0.08333333333333333,0.2942708333333333,0.006944444444444444,0.08659532335069443
2020,0,0,2020_0_0,production,2240.5400390625,73,0,0,1,2159.1981910069785,1984.5830078125,2154.8214111328125,2332.7289794921876,50.81072911868492,1,76.95572916666667,3.3507554796006946,0.3932291666666667,0.1269599066840278,0.15364583333333334,0.3515625,0.023607042100694448,0.42047119140625
2020,0,1,2020_0_1,production,2161.0400390625,86,0,0,0,2133.868958155314,1953.6224731445313,2137.2415771484375,2310.5812744140626,33.340310222572754,1,75.10416666666667,6.478854709201388,0.2552083333333333,0.05649142795138887,0.08072916666666667,0.2708333333333333,0.006517198350694445,0.07335069444444443
2020,0,2,2020_0_2,production,1886.219970703125,89,0,0,0,2161.840377807617,1982.2265380859376,2161.2886962890625,2327.13779296875,199.8357534027762,0,70.96354166666667,11.55862087673611,0.1484375,0.020541720920138895,0.10677083333333333,0.3541666666666667,0.011400010850694444,0.1254340277777778
2020,0,3,2020_0_3,production,2157.47998046875,75,0,0,0,2168.7982648213706,1992.5215576171875,2173.2467041015625,2336.3765869140625,31.582653883430694,1,72.22135416666667,3.199890136718749,0.18229166666666666,0.029649522569444448,0.1171875,0.3619791666666667,0.01373291015625,0.13102891710069445
2020,0,4,2020_0_4,production,2336.33984375,72,0,0,1,2083.0625394185386,1908.9012084960937,2077.84375,2261.40830078125,179.99980147679645,0,74.8828125,3.541388617621527,0.12760416666666666,0.014411078559027762,0.0546875,0.17708333333333334,0.00299072265625,0.6771918402777777
2020,0,5,2020_0_5,production,2060.919921875,75,0,0,0,2103.2061036427817,1925.5901123046874,2112.5377197265625,2262.838330078125,36.5182773636447,1,77.29166666666667,3.0647243923611116,0.28125,0.06462944878472221,0.044270833333333336,0.1875,0.001959906684027778,0.03515625
2020,0,6,2020_0_6,production,2233.89990234375,89,0,0,0,2098.9325176874795,1928.8639770507812,2103.58935546875,2269.99677734375,81.13097923414576,1,77.42447916666667,7.075690375434029,0.3619791666666667,0.09250895182291669,0.059895833333333336,0.1796875,0.003587510850694445,0.03228759765625
2020,0,7,2020_0_7,production,2102.219970703125,63,0,0,0,2081.921735127767,1911.12509765625,2071.1741943359375,2252.12431640625,35.02556885613335,1,75.1640625,6.871086968315972,0.2708333333333333,0.059475368923611105,0.041666666666666664,0.16927083333333334,0.001736111111111111,0.028652615017361115
2020,0,8,2020_0_8,production,2113.43994140625,71,0,0,0,2068.9522755940757,1888.5717041015625,2069.822021484375,2244.23173828125,37.340481287903245,1,74.38020833333333,3.3713107638888893,0.16666666666666666,0.025295681423611105,0.028645833333333332,0.14583333333333334,0.000820583767361111,0.021267361111111115
2020,0,9,2020_0_9,production,2216.31982421875,82,0,0,0,2096.0445095698037,1927.783935546875,2095.238037109375,2253.50830078125,70.12715644389392,1,75.33333333333333,4.747938368055555,0.3567708333333333,0.10993787977430552,0.059895833333333336,0.18229166666666666,0.003587510850694445,0.033230251736111105
2020,0,10,2020_0_10,production,2576.919921875,78,0,1,1,2153.204024632772,1973.90029296875,2149.9454345703125,2335.42119140625,344.7457181728549,0,73.5625,3.8865695529513893,0.078125,0.006103515625,0.13020833333333334,0.3385416666666667,0.7565375434027777,0.437527126736111
2020,0,11,2020_0_11,production,1933.2801513671875,110,0,0,0,2128.045393308004,1953.5674560546875,2127.026611328125,2292.37939453125,127.76197211361593,0,70.12239583333333,32.621548122829864,0.11458333333333333,0.013129340277777776,0.12239583333333333,0.28125,0.01498074001736111,0.0791015625
2020,0,0,2020_0_0,ridge_swap,2240.5400390625,73,0,0,1,2166.6344890594482,1987.9874389648437,2173.7938232421875,2330.8761962890626,46.79493335882823,1,76.91927083333333,3.4762437608506946,0.3984375,0.12579345703125,0.140625,0.3515625,0.019775390625,0.42047119140625
2020,0,1,2020_0_1,ridge_swap,2161.0400390625,86,0,0,0,2144.9088064829507,1982.2497436523438,2152.20166015625,2312.1018798828127,29.433210064967483,1,74.21614583333333,7.129672580295139,0.24739583333333334,0.05176459418402779,0.08072916666666667,0.2760416666666667,0.006517198350694445,0.07619900173611112
2020,0,2,2020_0_2,ridge_swap,1886.219970703125,89,0,0,0,2163.767744700114,1979.7211547851562,2173.709228515625,2325.98837890625,202.48576054473716,0,71.57552083333333,11.072096082899307,0.14583333333333334,0.019802517361111133,0.1328125,0.3385416666666667,0.01763916015625,0.11461046006944446
2020,0,3,2020_0_3,ridge_swap,2157.47998046875,75,0,0,0,2172.206243197123,2015.6115112304688,2175.8251953125,2343.1055419921877,32.119771141972805,1,72.17708333333333,3.459065755208334,0.14583333333333334,0.018446180555555552,0.15104166666666666,0.3723958333333333,0.02281358506944444,0.13867865668402776
2020,0,4,2020_0_4,ridge_swap,2336.33984375,72,0,0,1,2085.2878357569375,1922.083154296875,2077.47216796875,2266.8236083984375,176.9716014125281,0,74.546875,3.5223388671875,0.13802083333333334,0.01766628689236112,0.044270833333333336,0.17708333333333334,0.001959906684027778,0.6771918402777777
2020,0,5,2020_0_5,ridge_swap,2060.919921875,75,0,0,0,2097.4911947250366,1945.2239990234375,2094.281494140625,2253.1281982421874,32.74615665856335,1,78.17708333333333,3.4495578342013893,0.2604166666666667,0.05670844184027779,0.057291666666666664,0.16145833333333334,0.003282335069444444,0.02606879340277778
2020,0,6,2020_0_6,ridge_swap,2233.89990234375,89,0,0,0,2100.2164618174234,1925.5927001953125,2101.637451171875,2267.481787109375,79.35117189420595,1,76.46614583333333,7.415642632378471,0.3046875,0.06843397352430555,0.044270833333333336,0.1875,0.001959906684027778,0.03515625
2020,0,7,2020_0_7,ridge_swap,2102.219970703125,63,0,0,0,2093.8518431981406,1928.4874389648437,2098.23681640625,2262.6439453125,31.575974594387745,1,74.91145833333333,6.756171332465277,0.25,0.054050021701388895,0.041666666666666664,0.17708333333333334,0.001736111111111111,0.03135850694444445
2020,0,8,2020_0_8,ridge_swap,2113.43994140625,71,0,0,0,2075.5065828959146,1875.6493530273438,2084.1033935546875,2256.0957275390624,37.73989966346157,1,73.140625,3.257080078125,0.15885416666666666,0.022142198350694448,0.052083333333333336,0.17447916666666666,0.0027126736111111114,0.03044297960069444
2020,0,9,2020_0_9,ridge_swap,2216.31982421875,82,0,0,0,2105.1557524998984,1919.8102294921875,2110.46923828125,2272.8139404296876,64.00702332042987,1,75.22135416666667,4.728318956163195,0.3567708333333333,0.10082329644097221,0.049479166666666664,0.20833333333333334,0.0024481879340277775,0.04340277777777778
2020,0,10,2020_0_10,ridge_swap,2576.919921875,78,0,1,1,2151.53121248881,1989.558935546875,2145.45458984375,2331.7961669921874,348.8633794718318,0,74.20572916666667,3.790344238281251,0.078125,0.005710177951388895,0.125,0.3098958333333333,0.765625,0.47624376085069453
2020,0,11,2020_0_11,ridge_swap,1933.2801513671875,110,0,0,0,2122.4916508992515,1943.510400390625,2128.565673828125,2307.34189453125,122.70535718566842,0,70.07552083333333,32.36092800564236,0.12760416666666666,0.015631781684027762,0.08072916666666667,0.265625,0.006517198350694445,0.070556640625
2020,1,0,2020_1_0,production,2153.5400390625,73,0,0,0,2140.0029776891074,1972.8622924804688,2145.9268798828125,2302.4011474609374,32.834792735675975,1,72.09375,3.074788411458333,0.1015625,0.009311252170138895,0.0625,0.2838541666666667,0.00390625,0.08057318793402779
2020,1,1,2020_1_1,production,1664.119873046875,86,0,0,0,2095.762802441915,1892.9510131835937,2114.135498046875,2272.54013671875,349.62907699495554,0,77.51041666666667,5.854736328125,0.24739583333333334,0.05070665147569445,0.041666666666666664,0.203125,0.001736111111111111,0.041259765625
2020,1,2,2020_1_2,production,2397.800048828125,72,0,0,1,2051.679567972819,1870.681884765625,2062.1669921875,2214.8028076171877,272.1329740004407,0,77.19010416666667,3.6779039171006946,0.14322916666666666,0.01907687717013888,0.015625,0.09114583333333333,0.000244140625,0.826015896267361
2020,1,3,2020_1_3,production,2027.89990234375,77,0,0,0,2156.016135533651,1985.0437133789062,2163.373046875,2323.8172607421875,78.89755056964026,1,77.27864583333333,3.5054999457465286,0.5729166666666666,0.22288682725694442,0.13802083333333334,0.359375,0.01904975043402778,0.129150390625
2020,1,4,2020_1_4,production,2322.47998046875,79,0,0,0,2131.4852361679077,1967.5247436523437,2132.9022216796875,2295.719287109375,122.8583556405372,0,75.09114583333333,3.8227199978298616,0.16145833333333334,0.020765516493055552,0.0859375,0.2786458333333333,0.00738525390625,0.07764350043402776
2020,1,5,2020_1_5,production,2133.3798828125,86,0,0,0,2111.393945058187,1930.648779296875,2115.888427734375,2289.93154296875,32.34247637788454,1,74.64583333333333,7.021918402777778,0.20572916666666666,0.035488552517361105,0.07552083333333333,0.2109375,0.00570339626736111,0.04449462890625
2020,1,6,2020_1_6,production,2065.66015625,108,0,0,0,2202.661292076111,2030.810302734375,2198.880859375,2400.9953125,79.44366010444031,1,73.1015625,27.259080674913193,0.09895833333333333,0.009290907118055552,0.20572916666666666,0.4348958333333333,0.042324490017361105,0.18913438585069442
2020,1,7,2020_1_7,production,2229.52001953125,73,0,0,0,2129.1344429651895,1966.0390869140624,2126.60595703125,2294.950732421875,59.67642844633923,1,71.82552083333333,3.15216064453125,0.12760416666666666,0.01500786675347221,0.07291666666666667,0.2265625,0.005316840277777779,0.05133056640625
2020,1,8,2020_1_8,production,2106.820068359375,91,0,0,0,2145.7814559936523,1972.5336181640625,2148.84130859375,2319.85048828125,37.347587390078445,1,68.8203125,15.601826985677086,0.19010416666666666,0.029791937934027762,0.11458333333333333,0.3020833333333333,0.013129340277777776,0.09125434027777776
2020,1,9,2020_1_9,production,2045.719970703125,70,0,0,0,2102.3080504735312,1922.092626953125,2104.3433837890625,2283.325,42.28998981664577,1,70.46875,2.9371880425347223,0.049479166666666664,0.0022040473090277762,0.0625,0.21875,0.00390625,0.0478515625
2020,1,10,2020_1_10,production,2541.85986328125,63,0,1,1,2091.197740236918,1919.5609252929687,2089.597412109375,2251.5990478515623,379.328220139775,0,80.484375,11.202623155381945,0.2708333333333333,0.06175401475694442,0.046875,0.15625,0.908447265625,0.7119140625
2020,1,11,2020_1_11,production,2353.360107421875,82,0,0,1,2119.801022529602,1941.6209716796875,2123.692138671875,2277.679150390625,162.4716105899877,0,71.8203125,6.485792371961805,0.12760416666666666,0.01500786675347221,0.078125,0.234375,0.006103515625,0.586181640625
2020,1,0,2020_1_0,ridge_swap,2153.5400390625,73,0,0,0,2147.3406880696616,1964.15009765625,2143.180419921875,2327.2206298828123,33.04670348432329,1,71.6015625,3.3118014865451384,0.10677083333333333,0.010342068142361105,0.1015625,0.2916666666666667,0.01031494140625,0.08506944444444446
2020,1,1,2020_1_1,ridge_swap,1664.119873046875,86,0,0,0,2093.7183373769126,1899.5603515625,2103.47021484375,2269.9140625,348.51455816295413,0,77.74479166666667,5.980536566840277,0.23958333333333334,0.04627821180555555,0.0546875,0.20052083333333334,0.00299072265625,0.04020860460069445
2020,1,2,2020_1_2,ridge_swap,2397.800048828125,72,0,0,1,2056.616450627645,1874.7119873046875,2058.256591796875,2227.5564453125,264.0298042512602,0,76.84895833333333,3.534667968749999,0.10677083333333333,0.009853786892361105,0.020833333333333332,0.125,0.00043402777777777775,0.765625
2020,1,3,2020_1_3,ridge_swap,2027.89990234375,77,0,0,0,2159.394761721293,1978.3338500976563,2158.888916015625,2343.350439453125,79.28757954885562,1,76.01822916666667,3.255757649739584,0.5208333333333334,0.20170084635416669,0.1328125,0.3359375,0.01763916015625,0.11285400390625
2020,1,4,2020_1_4,ridge_swap,2322.47998046875,79,0,0,0,2144.1443497339883,1963.0488891601562,2146.2213134765625,2308.4875244140626,114.04014650897847,0,74.33072916666667,3.8626369900173607,0.140625,0.0177001953125,0.078125,0.2630208333333333,0.006103515625,0.0691799587673611
2020,1,5,2020_1_5,ridge_swap,2133.3798828125,86,0,0,0,2114.9363330205283,1940.7204711914062,2111.6121826171875,2292.3701171875,32.27443051752117,1,74.3203125,7.170281304253472,0.1953125,0.029208713107638895,0.0625,0.203125,0.00390625,0.041259765625
2020,1,6,2020_1_6,ridge_swap,2065.66015625,108,0,0,0,2206.5073391596475,2034.0877319335937,2199.0904541015625,2380.3204345703125,85.49522347499926,1,72.3203125,28.419264051649307,0.09895833333333333,0.008816189236111105,0.19010416666666666,0.4713541666666667,0.036139594184027776,0.2221747504340278
2020,1,7,2020_1_7,ridge_swap,2229.52001953125,73,0,0,0,2131.3920583724976,1954.0498046875,2135.1552734375,2298.0940185546874,58.406306903395404,1,71.59114583333333,3.1692369249131946,0.109375,0.0103759765625,0.08333333333333333,0.24739583333333334,0.006944444444444444,0.06120469835069445
2020,1,8,2020_1_8,ridge_swap,2106.820068359375,91,0,0,0,2149.6617447535195,1966.7895874023438,2154.6910400390625,2332.558422851562,39.536719986961955,1,69.30208333333333,15.35727267795139,0.203125,0.034518771701388895,0.11458333333333333,0.3151041666666667,0.013129340277777776,0.09929063585069446
2020,1,9,2020_1_9,ridge_swap,2045.719970703125,70,0,0,0,2104.3866395950317,1930.6189819335937,2105.34716796875,2280.933447265625,42.60892097734744,1,70.53385416666667,3.074605305989583,0.06510416666666667,0.003913031684027783,0.06770833333333333,0.19791666666666666,0.004584418402777777,0.03917100694444444
2020,1,10,2020_1_10,ridge_swap,2541.85986328125,63,0,1,1,2089.125908533732,1935.469140625,2094.391357421875,2253.18701171875,382.99524950815567,0,80.38541666666667,11.186455620659721,0.2682291666666667,0.06163872612847224,0.036458333333333336,0.14583333333333334,0.9284125434027777,0.7296006944444444
2020,1,11,2020_1_11,ridge_swap,2353.360107421875,82,0,0,1,2116.6045649846396,1952.12900390625,2126.26025390625,2276.6216796875,165.93494847002955,0,73.3203125,5.649244520399305,0.125,0.014377170138888895,0.057291666666666664,0.203125,0.003282335069444444,0.635009765625
2020,2,0,2020_2_0,production,2239.39990234375,66,0,0,0,2106.8838262557983,1917.4101928710938,2106.2088623046875,2284.5449462890624,79.05837367061113,1,73.0234375,4.684007432725694,0.140625,0.017062717013888895,0.08854166666666667,0.25,0.007839626736111112,0.0625
2020,2,1,2020_2_1,production,2235.47998046875,91,0,0,0,2155.559550603231,1989.1391479492188,2149.72998046875,2341.9669677734373,52.55390017231305,1,72.94010416666667,11.855055067274305,0.1171875,0.012566460503472224,0.15885416666666666,0.3802083333333333,0.02523464626736111,0.1445583767361111
2020,2,2,2020_2_2,production,2142.260009765625,87,0,0,0,2128.1309925715127,1948.1895263671875,2134.1417236328125,2295.7802734375,31.28477390358846,1,69.67447916666667,11.590772840711804,0.15625,0.022840711805555552,0.09375,0.2942708333333333,0.0087890625,0.08659532335069443
2020,2,3,2020_2_3,production,1860.93994140625,78,0,0,0,2105.9837703704834,1927.6966796875,2107.967041015625,2271.84189453125,173.60545211368137,0,71.74479166666667,4.509277343749999,0.15104166666666666,0.01921929253472221,0.09375,0.23697916666666666,0.0087890625,0.056159125434027776
2020,2,4,2020_2_4,production,1981.239990234375,99,0,0,0,2064.68506971995,1867.9913940429688,2070.91943359375,2257.9035156249997,55.3354729488492,1,84.36197916666667,9.343065049913196,0.5963541666666666,0.22774929470486105,0.049479166666666664,0.1953125,0.0024481879340277775,0.03814697265625
2020,2,5,2020_2_5,production,1989.3599853515625,70,0,0,0,2151.8097451527915,1971.5141845703124,2152.711181640625,2335.64697265625,98.68343506919012,1,74.51041666666667,3.800130208333333,0.1328125,0.01397705078125,0.140625,0.3776041666666667,0.019775390625,0.1425849066840278
2020,2,6,2020_2_6,production,2288.97998046875,60,0,0,1,2083.5675942103067,1918.4434814453125,2083.9683837890625,2252.439453125,139.7997838962409,0,73.4765625,7.554124620225695,0.1953125,0.029208713107638895,0.041666666666666664,0.19010416666666666,0.001736111111111111,0.6559312608506945
2020,2,7,2020_2_7,production,2058.919921875,63,0,0,0,2135.478158632914,1969.6988647460937,2134.24560546875,2310.7056396484377,47.165150240891506,1,70.31770833333333,4.540052625868056,0.11197916666666667,0.010911729600694448,0.12239583333333333,0.2994791666666667,0.01498074001736111,0.08968777126736112
2020,2,8,2020_2_8,production,2307.960205078125,70,0,1,1,2053.5542430877686,1895.4024169921875,2052.1529541015625,2216.6254150390623,184.89395029511715,0,74.76041666666667,3.5380995008680562,0.1875,0.02605523003472221,0.044270833333333336,0.125,0.913418240017361,0.765625
2020,2,9,2020_2_9,production,2298.919921875,84,0,0,1,2097.066456158956,1925.029443359375,2096.760498046875,2263.65654296875,135.6021860813101,0,73.85677083333333,6.193433973524305,0.203125,0.035400390625,0.052083333333333336,0.22916666666666666,0.0027126736111111114,0.5941840277777778
2020,2,10,2020_2_10,production,2283.4599609375,104,0,0,0,2121.753258705139,1958.1787719726562,2122.32421875,2304.5157470703125,99.09620613439216,1,77.15364583333333,19.92725287543403,0.296875,0.07789442274305555,0.0859375,0.3046875,0.00738525390625,0.09283447265625
2020,2,11,2020_2_11,production,2133.77978515625,89,0,0,0,2021.034439722697,1829.487841796875,2023.3184814453125,2198.64462890625,66.76983445882797,1,78.6484375,6.217929416232638,0.23697916666666666,0.04614935980902776,0.028645833333333332,0.1171875,0.000820583767361111,0.01373291015625
2020,2,0,2020_2_0,ridge_swap,2239.39990234375,66,0,0,0,2117.414055506388,1931.989501953125,2119.7735595703125,2300.5183349609374,72.5504070520401,1,73.40364583333333,4.740403917100695,0.171875,0.024658203125,0.07291666666666667,0.2604166666666667,0.005316840277777779,0.06781684027777779
2020,2,1,2020_2_1,ridge_swap,2235.47998046875,91,0,0,0,2156.882371266683,1988.6469970703124,2153.9837646484375,2319.8446533203123,50.273548314968735,1,72.83333333333333,12.00363498263889,0.11458333333333333,0.011461046006944434,0.15885416666666666,0.3463541666666667,0.02523464626736111,0.11996120876736112
2020,2,2,2020_2_2,ridge_swap,2142.260009765625,87,0,0,0,2124.479134877523,1947.30947265625,2127.356201171875,2296.1020263671876,34.424461482299705,1,69.20572916666667,11.898701985677082,0.125,0.014377170138888895,0.10416666666666667,0.2942708333333333,0.010850694444444446,0.08659532335069443
2020,2,3,2020_2_3,ridge_swap,1860.93994140625,78,0,0,0,2110.826922416687,1942.8634399414063,2115.248046875,2270.519970703125,178.62023166567087,0,72.14322916666667,4.48260498046875,0.14583333333333334,0.017198350694444448,0.06770833333333333,0.2630208333333333,0.004584418402777777,0.0691799587673611
2020,2,4,2020_2_4,ridge_swap,1981.239990234375,99,0,0,0,2060.3501195907593,1853.4097045898438,2064.22705078125,2267.1615966796876,53.903519775304545,1,84.49479166666667,8.898912217881945,0.5729166666666666,0.21870930989583331,0.0625,0.20052083333333334,0.00390625,0.04020860460069445
2020,2,5,2020_2_5,ridge_swap,1989.3599853515625,70,0,0,0,2161.1902612050376,1981.2575439453126,2154.723876953125,2341.8389892578125,106.87110602358976,1,74.02083333333333,3.3097059461805554,0.1171875,0.011020236545138895,0.14322916666666666,0.3567708333333333,0.020514594184027776,0.1272854275173611
2020,2,6,2020_2_6,ridge_swap,2288.97998046875,60,0,0,1,2083.143964767456,1917.1454833984376,2075.9000244140625,2257.57314453125,139.55935444268917,0,73.77604166666667,7.709621853298612,0.17447916666666666,0.025478786892361105,0.046875,0.17708333333333334,0.002197265625,0.6771918402777777
2020,2,7,2020_2_7,ridge_swap,2058.919921875,63,0,0,0,2147.1986678441367,1965.2030029296875,2147.570556640625,2315.18935546875,54.95334253625737,1,69.65885416666667,4.237175835503471,0.11458333333333333,0.011990017361111105,0.125,0.3723958333333333,0.015625,0.13867865668402776
2020,2,8,2020_2_8,ridge_swap,2307.960205078125,70,0,1,1,2060.213630358378,1889.8383911132812,2061.6766357421875,2228.332421875,177.20186074326438,0,74.6171875,3.856994628906251,0.16145833333333334,0.020114474826388895,0.028645833333333332,0.14322916666666666,0.9435289171006944,0.7340562608506945
2020,2,9,2020_2_9,ridge_swap,2298.919921875,84,0,0,1,2100.7177365620933,1925.5647094726562,2109.673095703125,2264.4242431640623,130.57900214857523,0,73.38020833333333,6.718939887152777,0.15104166666666666,0.020575629340277762,0.0703125,0.21354166666666666,0.00494384765625,0.6185167100694445
2020,2,10,2020_2_10,ridge_swap,2283.4599609375,104,0,0,0,2122.537834803263,1941.01396484375,2131.362060546875,2294.45380859375,99.67073747515677,1,76.84375,20.23394097222222,0.3046875,0.07954237196180555,0.09895833333333333,0.28125,0.00979275173611111,0.0791015625
2020,2,11,2020_2_11,ridge_swap,2133.77978515625,89,0,0,0,2021.623064359029,1836.6659057617187,2030.7835083007812,2188.662451171875,64.6390210332142,1,78.59895833333333,6.353746202256945,0.2421875,0.045321994357638895,0.020833333333333332,0.09114583333333333,0.00043402777777777775,0.008307562934027776
2020,3,0,2020_3_0,production,2006.3399658203125,83,0,0,0,2135.6043043136597,1964.47724609375,2140.3148193359375,2308.182275390625,77.84807180116574,1,70.88020833333333,7.358317057291667,0.23697916666666666,0.04924180772569445,0.078125,0.2708333333333333,0.006103515625,0.07335069444444443
2020,3,1,2020_3_1,production,2044.3798828125,87,0,0,0,2164.279753367106,1975.1092163085937,2170.595458984375,2337.5754150390626,74.24546709325577,1,71.6328125,9.978983561197918,0.203125,0.03350151909722221,0.125,0.359375,0.015625,0.129150390625
2020,3,2,2020_3_2,production,2276.14013671875,76,0,0,1,2064.933760960897,1897.3482666015625,2063.881103515625,2253.374267578125,142.2033074249824,0,71.23958333333333,3.9172227647569446,0.08072916666666667,0.0065171983506944475,0.044270833333333336,0.15104166666666666,0.001959906684027778,0.7207302517361112
2020,3,3,2020_3_3,production,1988.8800048828125,100,0,0,0,2031.388350168864,1836.813037109375,2030.83251953125,2224.3868408203125,39.73674554791715,1,84.81510416666667,9.726772732204862,0.3932291666666667,0.12036810980902779,0.026041666666666668,0.1171875,0.0006781684027777779,0.01373291015625
2020,3,4,2020_3_4,production,2243.10009765625,89,0,0,1,2096.839652697245,1916.474755859375,2090.40380859375,2276.79375,88.57699421296518,1,74.7578125,9.193949381510414,0.1875,0.031467013888888895,0.078125,0.21354166666666666,0.006103515625,0.6185167100694445
2020,3,5,2020_3_5,production,2178.64013671875,73,0,0,0,2112.880390803019,1948.8609130859375,2113.0032958984375,2279.4734619140627,43.91160281168089,1,78.34375,4.151882595486111,0.4505208333333333,0.16282145182291663,0.057291666666666664,0.21875,0.003282335069444444,0.0478515625
2020,3,6,2020_3_6,production,1897.219970703125,85,0,0,0,2141.1483697891235,1972.4939819335937,2143.7564697265625,2305.035546875,173.14727340721421,0,75.26041666666667,5.833550347222221,0.2526041666666667,0.05526394314236113,0.09375,0.3203125,0.0087890625,0.10260009765625
2020,3,7,2020_3_7,production,2050.2998046875,75,0,0,0,2123.696094830831,1941.38603515625,2128.6434326171875,2292.6870849609377,49.65472209701936,1,75.56510416666667,3.428446451822917,0.3072916666666667,0.07965766059027779,0.08854166666666667,0.2890625,0.007839626736111112,0.08355712890625
2020,3,8,2020_3_8,production,1984.1400146484375,78,0,0,0,2118.0603907903037,1926.227734375,2123.0633544921875,2295.94443359375,79.71270111451545,1,73.81770833333333,3.6150173611111107,0.1953125,0.036166720920138895,0.09635416666666667,0.2838541666666667,0.009284125434027778,0.08057318793402779
2020,3,9,2020_3_9,production,2179.89990234375,82,0,0,0,2095.9235874811807,1939.8981689453126,2092.018310546875,2270.44150390625,53.054992716345524,1,72.95833333333333,5.691351996527777,0.1015625,0.009799533420138895,0.0703125,0.2109375,0.00494384765625,0.04449462890625
2020,3,10,2020_3_10,production,2834.639892578125,48,0,1,1,2196.991918563843,2012.2911865234375,2194.004638671875,2364.644921875,559.8489030649265,0,67.2421875,12.31280517578125,0.12239583333333333,0.012132432725694434,0.21875,0.4661458333333333,0.6103515625,0.2850002712673612
2020,3,11,2020_3_11,production,1961.8399658203125,87,0,0,0,2047.2696104049683,1899.5951171875,2036.1477661132812,2212.6234863281247,49.12920189980004,1,75.375,7.144883897569445,0.08333333333333333,0.006523980034722224,0.0234375,0.09895833333333333,0.00054931640625,0.00979275173611111
2020,3,0,2020_3_0,ridge_swap,2006.3399658203125,83,0,0,0,2143.591699282328,1989.9597900390625,2137.7161865234375,2312.4826416015626,81.01426891237499,1,70.984375,7.388251410590277,0.2265625,0.043735080295138895,0.09114583333333333,0.2760416666666667,0.008307562934027776,0.07619900173611112
2020,3,1,2020_3_1,ridge_swap,2044.3798828125,87,0,0,0,2165.3190199534097,1972.1354736328126,2173.4620361328125,2350.0562744140625,72.92032424940004,1,72.453125,9.17434353298611,0.2109375,0.03391520182291666,0.16145833333333334,0.3932291666666667,0.02606879340277778,0.15462917751736113
2020,3,2,2020_3_2,ridge_swap,2276.14013671875,76,0,0,1,2066.5118589401245,1888.1806762695312,2062.2110595703125,2244.5165283203123,140.01213648832507,0,70.94270833333333,3.8570421006944446,0.07552083333333333,0.005703396267361105,0.0390625,0.13802083333333334,0.00152587890625,0.743008083767361
2020,3,3,2020_3_3,ridge_swap,1988.8800048828125,100,0,0,0,2038.481050491333,1834.5934936523438,2043.3104248046875,2223.79326171875,42.938272143403694,1,84.22916666666667,10.066053602430555,0.3463541666666667,0.09863959418402779,0.018229166666666668,0.1015625,0.0003323025173611112,0.01031494140625
2020,3,4,2020_3_4,ridge_swap,2243.10009765625,89,0,0,1,2099.115757306417,1909.95556640625,2102.28271484375,2275.62314453125,85.64982871959607,1,75.15625,8.685845269097223,0.18229166666666666,0.029649522569444448,0.07291666666666667,0.203125,0.005316840277777779,0.635009765625
2020,3,5,2020_3_5,ridge_swap,2178.64013671875,73,0,0,0,2118.9058504104614,1952.4099975585937,2123.3992919921875,2291.050146484375,41.50084404730134,1,78.34114583333333,3.722771538628473,0.4557291666666667,0.15024820963541669,0.0625,0.2526041666666667,0.00390625,0.06380886501736112
2020,3,6,2020_3_6,ridge_swap,1897.219970703125,85,0,0,0,2141.6335986455283,1959.9796875,2144.9677734375,2308.753125,169.92495765205885,0,74.953125,6.415188259548611,0.23177083333333334,0.04696316189236113,0.10677083333333333,0.3046875,0.011400010850694444,0.09283447265625
2020,3,7,2020_3_7,ridge_swap,2050.2998046875,75,0,0,0,2136.5783141454062,1958.7478515625,2140.477783203125,2302.9703125,54.91615109559561,1,74.16145833333333,3.2027316623263884,0.2864583333333333,0.06595865885416666,0.09895833333333333,0.28125,0.00979275173611111,0.0791015625
2020,3,8,2020_3_8,ridge_swap,1984.1400146484375,78,0,0,0,2118.3166421254477,1936.00224609375,2111.98828125,2306.9851806640627,78.86720063123438,1,73.91145833333333,3.5269639756944438,0.18229166666666666,0.030504014756944448,0.09635416666666667,0.23697916666666666,0.009284125434027778,0.056159125434027776
2020,3,9,2020_3_9,ridge_swap,2179.89990234375,82,0,0,0,2098.391533215841,1914.2827758789062,2098.9329833984375,2283.847802734375,50.51473552402521,1,72.96614583333333,5.836961534288195,0.11197916666666667,0.011969672309027776,0.06510416666666667,0.22916666666666666,0.004238552517361112,0.052517361111111105
2020,3,10,2020_3_10,ridge_swap,2834.639892578125,48,0,1,1,2196.2583726247153,2004.0723876953125,2205.148681640625,2357.7025390625,562.0501079890463,0,66.82552083333333,11.802008734809029,0.10677083333333333,0.008171929253472224,0.171875,0.4791666666666667,0.685791015625,0.27126736111111105
2020,3,11,2020_3_11,ridge_swap,1961.8399658203125,87,0,0,0,2043.6757074991863,1881.7124267578124,2043.685791015625,2200.80634765625,50.15144424306021,1,75.48697916666667,7.128546820746529,0.06770833333333333,0.004584418402777776,0.015625,0.10416666666666667,0.000244140625,0.010850694444444446
2020,4,0,2020_4_0,production,2071.719970703125,85,0,0,0,2146.288382212321,1964.1668212890625,2150.158447265625,2330.562841796875,49.01142951514984,1,77.94270833333333,4.658528645833333,0.1484375,0.020541720920138895,0.13020833333333334,0.34375,0.016954210069444448,0.1181640625
2020,4,1,2020_4_1,production,2232.8798828125,81,0,0,0,2165.0553827285767,1986.4728637695312,2165.42578125,2349.5272949218747,46.14178812917736,1,71.74479166666667,5.918470594618056,0.18489583333333334,0.03231472439236113,0.14583333333333334,0.3541666666666667,0.021267361111111115,0.1254340277777778
2020,4,2,2020_4_2,production,2292.840087890625,97,0,0,1,2122.1395467122397,1934.6932983398438,2121.44189453125,2300.369775390625,102.64642439617052,1,77.17708333333333,13.052476671006946,0.21875,0.0386962890625,0.08854166666666667,0.2838541666666667,0.007839626736111112,0.5128648546006943
2020,4,3,2020_4_3,production,2200.380126953125,67,0,0,0,2113.962813059489,1929.0565185546875,2118.665771484375,2301.843310546875,53.95364731384649,1,78.28385416666667,6.44415283203125,0.2838541666666667,0.0625339084201389,0.08854166666666667,0.2421875,0.007839626736111112,0.05865478515625
2020,4,4,2020_4_4,production,1958.02001953125,97,0,0,0,2117.9427598317466,1963.29638671875,2118.065185546875,2286.8735595703124,102.07662358383337,0,75.4453125,14.588236490885418,0.1875,0.030612521701388895,0.0703125,0.21875,0.00494384765625,0.0478515625
2020,4,5,2020_4_5,production,2076.0,72,0,0,0,2099.25812403361,1933.4105590820313,2098.042236328125,2270.4259033203125,32.887650521265144,1,73.99479166666667,3.073201497395834,0.13541666666666666,0.016981336805555552,0.0546875,0.20833333333333334,0.00299072265625,0.04340277777777778
2020,4,6,2020_4_6,production,2241.35986328125,72,0,0,1,2146.501321474711,1983.0856201171875,2152.40869140625,2296.9603515625,55.184725248979206,1,73.56510416666667,3.1073879665798616,0.28125,0.0601806640625,0.09635416666666667,0.3125,0.009284125434027778,0.47265625
2020,4,7,2020_4_7,production,2185.419921875,81,0,0,0,2075.793554623922,1908.1369018554688,2076.4400634765625,2264.3009765625,67.23273933016591,1,72.47135416666667,5.66265869140625,0.20572916666666666,0.033779568142361105,0.041666666666666664,0.15364583333333334,0.001736111111111111,0.023607042100694448
2020,4,8,2020_4_8,production,2188.9599609375,87,0,0,0,2125.949602444967,1955.0262084960937,2134.059326171875,2294.01630859375,42.03884889930487,1,72.47395833333333,9.1961669921875,0.20052083333333334,0.032626681857638895,0.07291666666666667,0.2734375,0.005316840277777779,0.07476806640625
2020,4,9,2020_4_9,production,2045.860107421875,80,0,0,0,2031.9903160730998,1864.0530517578125,2028.880126953125,2196.822119140625,31.713879173828502,1,72.90625,4.494208441840277,0.1171875,0.013136121961805552,0.0234375,0.078125,0.00054931640625,0.006103515625
2020,4,10,2020_4_10,production,2336.97998046875,61,0,1,1,2147.8373511632285,1983.9701904296876,2148.745849609375,2311.42587890625,124.62348619186216,0,70.38020833333333,5.453111436631945,0.2994791666666667,0.07798258463541669,0.109375,0.3046875,0.793212890625,0.48345947265625
2020,4,11,2020_4_11,production,2173.800048828125,75,0,0,0,2102.11221853892,1920.1571166992187,2107.438232421875,2285.1715576171873,45.48631900466151,1,71.48697916666667,3.462910970052083,0.049479166666666664,0.0024481879340277762,0.078125,0.2265625,0.006103515625,0.05133056640625
2020,4,0,2020_4_0,ridge_swap,2071.719970703125,85,0,0,0,2155.1725931167603,1971.5631958007812,2157.0849609375,2343.09658203125,54.36670692513387,1,78.23177083333333,4.624138726128473,0.16666666666666666,0.026923285590277762,0.1328125,0.3567708333333333,0.01763916015625,0.1272854275173611
2020,4,1,2020_4_1,ridge_swap,2232.8798828125,81,0,0,0,2164.4686559041343,2001.223779296875,2166.6455078125,2339.5704345703125,45.768962525659134,1,71.21614583333333,6.087476942274306,0.16927083333333334,0.026943630642361133,0.14322916666666666,0.3567708333333333,0.020514594184027776,0.1272854275173611
2020,4,2,2020_4_2,ridge_swap,2292.840087890625,97,0,0,1,2135.4520359039307,1954.70908203125,2142.8079833984375,2306.327392578125,94.11170275012653,1,76.09114583333333,14.265997992621529,0.19791666666666666,0.03526475694444445,0.09375,0.2890625,0.0087890625,0.50543212890625
2020,4,3,2020_4_3,ridge_swap,2200.380126953125,67,0,0,0,2114.6426248550415,1932.7161499023437,2110.666259765625,2294.9009033203124,54.52566056698559,1,78.17708333333333,6.318305121527778,0.2682291666666667,0.056077745225694475,0.07552083333333333,0.23177083333333334,0.00570339626736111,0.05371771918402778
2020,4,4,2020_4_4,ridge_swap,1958.02001953125,97,0,0,0,2117.530285835266,1956.2646118164062,2112.883544921875,2292.5489013671877,98.19619113455217,1,75.86197916666667,14.425381130642362,0.18489583333333334,0.028896755642361133,0.07552083333333333,0.24739583333333334,0.00570339626736111,0.06120469835069445
2020,4,5,2020_4_5,ridge_swap,2076.0,72,0,0,0,2100.413569132487,1932.83037109375,2095.2425537109375,2270.721337890625,31.36224463085334,1,73.72135416666667,3.2615220811631938,0.1328125,0.016309950086805552,0.06770833333333333,0.20572916666666666,0.004584418402777777,0.042324490017361105
2020,4,6,2020_4_6,ridge_swap,2241.35986328125,72,0,0,1,2156.3972021738687,1994.361181640625,2155.849365234375,2313.868798828125,51.05929561621613,1,73.40364583333333,3.322245279947916,0.265625,0.05470106336805555,0.11197916666666667,0.3203125,0.012539333767361112,0.46197509765625
2020,4,7,2020_4_7,ridge_swap,2185.419921875,81,0,0,0,2063.1404180526733,1889.127880859375,2067.262451171875,2251.8437255859376,73.37203237662713,1,73.16145833333333,5.341484917534723,0.1796875,0.02794731987847221,0.036458333333333336,0.16145833333333334,0.0013292100694444447,0.02606879340277778
2020,4,8,2020_4_8,ridge_swap,2188.9599609375,87,0,0,0,2128.462393760681,1962.5373901367188,2134.4276123046875,2300.796826171875,40.234400394062206,1,72.58333333333333,8.97201877170139,0.203125,0.034518771701388895,0.08072916666666667,0.22916666666666666,0.006517198350694445,0.052517361111111105
2020,4,9,2020_4_9,ridge_swap,2045.860107421875,80,0,0,0,2032.9829524358113,1859.3209716796875,2034.7297973632812,2191.2833984375,31.46465569651788,1,73.41666666666667,4.327162000868055,0.11458333333333333,0.012546115451388881,0.0234375,0.09375,0.00054931640625,0.0087890625
2020,4,10,2020_4_10,ridge_swap,2336.97998046875,61,0,1,1,2149.256306966146,1991.0808837890625,2146.7978515625,2320.2864013671874,123.36726633542115,0,70.14322916666667,4.991299099392361,0.2630208333333333,0.053663465711805525,0.09895833333333333,0.2838541666666667,0.8118760850694444,0.5128648546006943
2020,4,11,2020_4_11,ridge_swap,2173.800048828125,75,0,0,0,2111.032701174418,1948.3310180664062,2104.185546875,2274.528125,41.89324955559438,1,71.15885416666667,3.489522298177083,0.046875,0.002197265625,0.059895833333333336,0.22395833333333334,0.003587510850694445,0.05015733506944445
2020,5,0,2020_5_0,production,1864.97998046875,95,0,0,0,1999.032777150472,1822.305749511719,1996.694091796875,2175.4977783203126,80.97912371158598,1,79.9609375,9.645121256510416,0.421875,0.1375461154513889,0.005208333333333333,0.06510416666666667,2.712673611111111e-05,0.004238552517361112
2020,5,1,2020_5_1,production,2279.02001953125,59,0,0,1,2200.487058957418,2042.0193603515625,2206.67578125,2365.93095703125,46.85390894363324,1,70.83072916666667,6.615322536892362,0.11197916666666667,0.012539333767361119,0.1953125,0.4947916666666667,0.03814697265625,0.25523546006944436
2020,5,2,2020_5_2,production,2558.919921875,69,0,1,1,2100.4169692993164,1916.318994140625,2095.23193359375,2280.4779541015623,377.39253693156775,0,73.6171875,3.717753092447916,0.13802083333333334,0.017015245225694448,0.059895833333333336,0.203125,0.8837958441840277,0.635009765625
2020,5,3,2020_5_3,production,2170.43994140625,68,0,0,0,2172.947614351908,2001.3078125,2167.955810546875,2351.98310546875,34.5253226980567,1,70.71354166666667,3.3510606553819446,0.11197916666666667,0.010382758246527776,0.16666666666666666,0.3984375,0.027777777777777776,0.15875244140625
2020,5,4,2020_5_4,production,2010.719970703125,79,0,0,0,2110.7541205088296,1943.295263671875,2110.093017578125,2306.306103515625,59.05870947904057,1,71.52864583333333,5.147766113281251,0.20052083333333334,0.030361599392361133,0.07552083333333333,0.25,0.00570339626736111,0.0625
2020,5,5,2020_5_5,production,2230.760009765625,106,0,0,0,2166.646318435669,1989.0764404296874,2171.6158447265625,2328.2172607421876,41.554097400771255,1,65.89322916666667,32.78392876519098,0.1328125,0.013326009114583329,0.14322916666666666,0.3645833333333333,0.020514594184027776,0.13292100694444442
2020,5,6,2020_5_6,production,1917.06005859375,75,0,0,0,2087.763064702352,1894.8070190429687,2095.2685546875,2272.916064453125,105.46104980508485,1,75.89322916666667,3.0985175238715277,0.18229166666666666,0.029649522569444448,0.052083333333333336,0.203125,0.0027126736111111114,0.041259765625
2020,5,7,2020_5_7,production,2241.419921875,82,0,0,0,2050.5594437917075,1877.74111328125,2047.805908203125,2210.651318359375,124.59224461846881,0,77.734375,3.871012369791667,0.20052083333333334,0.03719753689236113,0.0390625,0.125,0.00152587890625,0.015625
2020,5,8,2020_5_8,production,2171.47998046875,69,0,0,0,2115.5446434020996,1956.3779418945312,2114.6595458984375,2271.690478515625,38.98832404944632,1,69.04947916666667,2.965935601128473,0.09895833333333333,0.008816189236111105,0.044270833333333336,0.2265625,0.001959906684027778,0.05133056640625
2020,5,9,2020_5_9,production,2159.5400390625,84,0,0,0,2010.1525945663452,1859.94482421875,2005.2955322265625,2180.2884765625,96.40633042736185,1,77.59895833333333,4.317097981770834,0.09635416666666667,0.008795844184027776,0.013020833333333334,0.049479166666666664,0.00016954210069444447,0.0024481879340277775
2020,5,10,2020_5_10,production,2306.4599609375,68,0,0,1,2150.0090176264443,1961.656884765625,2151.3853759765625,2324.102197265625,96.16624816010396,1,73.77864583333333,3.9872165256076393,0.2838541666666667,0.06836615668402779,0.109375,0.3307291666666667,0.011962890625,0.44792344835069436
2020,5,11,2020_5_11,production,2153.06005859375,96,0,0,0,2125.4648230870566,1942.3221923828125,2125.4893798828125,2299.5304931640626,36.492309162186245,1,82.6328125,8.315314398871529,0.4557291666666667,0.13730875651041669,0.09635416666666667,0.2890625,0.009284125434027778,0.08355712890625
2020,5,0,2020_5_0,ridge_swap,1864.97998046875,95,0,0,0,1995.5692666371663,1827.8066162109376,1995.6068115234375,2173.66279296875,77.90189872516525,1,80.58333333333333,9.049614800347223,0.4140625,0.15313720703125,0.010416666666666666,0.059895833333333336,0.00010850694444444444,0.003587510850694445
2020,5,1,2020_5_1,ridge_swap,2279.02001953125,59,0,0,1,2210.857244491577,2029.47568359375,2217.4862060546875,2363.673779296875,41.402696126037185,1,70.5859375,6.740390353732639,0.11979166666666667,0.013156467013888895,0.22916666666666666,0.5,0.052517361111111105,0.25
2020,5,2,2020_5_2,ridge_swap,2558.919921875,69,0,1,1,2117.216226577759,1922.7375366210938,2118.9681396484375,2312.40263671875,357.5432052579191,0,72.9609375,3.575134277343751,0.125,0.0137939453125,0.059895833333333336,0.24479166666666666,0.8837958441840277,0.5703396267361112
2020,5,3,2020_5_3,ridge_swap,2170.43994140625,68,0,0,0,2174.597968737284,1999.1325317382812,2176.254150390625,2345.5815185546876,32.37885582198699,1,70.921875,3.249267578125001,0.125,0.0137939453125,0.1484375,0.4296875,0.02203369140625,0.18463134765625
2020,5,4,2020_5_4,ridge_swap,2010.719970703125,79,0,0,0,2112.2882957458496,1955.0090087890626,2113.05859375,2282.360986328125,59.80320613748498,1,71.47135416666667,4.909525553385417,0.15885416666666666,0.024420844184027762,0.057291666666666664,0.21354166666666666,0.003282335069444444,0.045600043402777776
2020,5,5,2020_5_5,ridge_swap,2230.760009765625,106,0,0,0,2168.6529766718545,2002.9228515625,2176.2113037109375,2331.83115234375,41.048266888492634,1,65.3671875,33.36880832248264,0.13020833333333334,0.013848198784722238,0.12760416666666666,0.3671875,0.01628282335069444,0.13482666015625
2020,5,6,2020_5_6,ridge_swap,1917.06005859375,75,0,0,0,2093.1125729878745,1917.19677734375,2100.848876953125,2271.0739501953126,111.27557454672126,0,75.98958333333333,3.176554361979167,0.18229166666666666,0.028822157118055552,0.0546875,0.22395833333333334,0.00299072265625,0.05015733506944445
2020,5,7,2020_5_7,ridge_swap,2241.419921875,82,0,0,0,2057.7811838785806,1886.9670166015626,2059.15283203125,2243.46552734375,117.5308363404539,1,76.6328125,4.403557671440972,0.16927083333333334,0.020351833767361133,0.03125,0.12239583333333333,0.0009765625,0.01498074001736111
2020,5,8,2020_5_8,ridge_swap,2171.47998046875,69,0,0,0,2113.6686840057373,1935.741552734375,2109.8629150390625,2273.356396484375,39.76613713635338,1,69.3828125,2.814202202690973,0.08072916666666667,0.005730523003472224,0.057291666666666664,0.2109375,0.003282335069444444,0.04449462890625
2020,5,9,2020_5_9,ridge_swap,2159.5400390625,84,0,0,0,2017.3001289367676,1853.2099365234376,2018.6502685546875,2175.531689453125,87.3895197643174,1,77.41927083333333,4.143656412760417,0.1015625,0.009799533420138895,0.013020833333333334,0.057291666666666664,0.00016954210069444447,0.003282335069444444
2020,5,10,2020_5_10,ridge_swap,2306.4599609375,68,0,0,1,2152.1584018071494,1959.95537109375,2162.0152587890625,2345.034619140625,92.21834251532952,1,74.1796875,4.036573621961805,0.2838541666666667,0.06836615668402779,0.12239583333333333,0.3359375,0.01498074001736111,0.44097900390625
2020,5,11,2020_5_11,ridge_swap,2153.06005859375,96,0,0,0,2121.9064858754477,1941.7662231445313,2134.6583251953125,2285.1600830078123,31.9378504736556,1,82.74739583333333,8.32986789279514,0.4322916666666667,0.12932671440972227,0.08854166666666667,0.234375,0.007839626736111112,0.054931640625
2020,6,0,2020_6_0,production,2372.66015625,61,0,0,1,2140.4979480107627,1965.76533203125,2142.1070556640625,2300.838232421875,161.84708624167575,0,73.29427083333333,6.691616482204861,0.17708333333333334,0.0240478515625,0.09895833333333333,0.3255208333333333,0.00979275173611111,0.4549221462673612
2020,6,1,2020_6_1,production,2057.02001953125,91,0,0,0,2089.4816309611,1938.5173217773438,2088.998779296875,2259.6143798828125,33.46836469736364,1,76.58854166666667,9.171196831597221,0.22395833333333334,0.04169379340277779,0.0546875,0.19010416666666666,0.00299072265625,0.036139594184027776
2020,6,2,2020_6_2,production,2092.97998046875,73,0,0,0,2126.6433556874595,1951.665234375,2131.31103515625,2288.9264404296873,33.73915114336543,1,68.03385416666667,3.7988349066840277,0.16145833333333334,0.022922092013888895,0.0625,0.2682291666666667,0.00390625,0.07194688585069445
2020,6,3,2020_6_3,production,2187.68017578125,91,0,0,0,2170.0667498906455,1999.936962890625,2169.261474609375,2337.4592041015626,33.33381743977468,1,66.6953125,17.315897623697914,0.14583333333333334,0.019802517361111133,0.16927083333333334,0.4244791666666667,0.028652615017361115,0.1801825629340278
2020,6,4,2020_6_4,production,2188.919921875,65,0,0,0,2081.081358273824,1909.2355102539063,2077.22021484375,2253.3214599609373,64.66778003921112,1,72.16145833333333,4.343492296006944,0.21875,0.045627170138888895,0.0625,0.16145833333333334,0.00390625,0.02606879340277778
2020,6,5,2020_6_5,production,2067.35986328125,97,0,0,0,2143.583655357361,1965.9369262695313,2137.8936767578125,2319.7888671875,47.44848191324208,1,71.90104166666667,18.550767686631946,0.049479166666666664,0.0024481879340277762,0.11979166666666667,0.3333333333333333,0.01435004340277778,0.1111111111111111
2020,6,6,2020_6_6,production,2050.89990234375,95,0,0,0,2118.485383669535,1939.9094970703125,2125.5921630859375,2291.601220703125,46.3817364598314,1,83.125,7.326049804687499,0.4661458333333333,0.16333685980902773,0.09114583333333333,0.2526041666666667,0.008307562934027776,0.06380886501736112
2020,6,7,2020_6_7,production,2480.5400390625,59,0,1,1,2129.7197710673013,1964.7770263671875,2132.3497314453125,2291.14306640625,279.6173085818688,0,68.05989583333333,5.306240505642361,0.09635416666666667,0.008795844184027776,0.09375,0.2682291666666667,0.8212890625,0.535488552517361
2020,6,8,2020_6_8,production,2187.97998046875,61,0,0,0,2104.214609146118,1936.2685424804688,2112.1522216796875,2266.292138671875,48.90056326157517,1,72.38802083333333,6.592047797309027,0.1328125,0.01568603515625,0.0859375,0.23697916666666666,0.00738525390625,0.056159125434027776
2020,6,9,2020_6_9,production,1767.919921875,104,0,0,0,2096.1465260187783,1905.6813354492188,2103.1060791015625,2266.49912109375,251.0737868025899,0,77.86458333333333,18.755764431423614,0.2421875,0.047275119357638895,0.0703125,0.20052083333333334,0.00494384765625,0.04020860460069445
2020,6,10,2020_6_10,production,1851.8399658203125,90,0,0,0,2082.1868934631348,1915.8709838867187,2082.654296875,2262.821826171875,156.82407880988384,0,81.34895833333333,5.416775173611111,0.24739583333333334,0.05396185980902779,0.0546875,0.19791666666666666,0.00299072265625,0.03917100694444444
2020,6,11,2020_6_11,production,2441.780029296875,58,0,0,1,2061.3427279790244,1885.813623046875,2063.442138671875,2226.116796875,304.822616647515,0,74.9765625,9.962042914496529,0.2682291666666667,0.05822075737847224,0.036458333333333336,0.140625,0.0013292100694444447,0.738525390625
2020,6,0,2020_6_0,ridge_swap,2372.66015625,61,0,0,1,2147.600421587626,1968.4211669921876,2148.6904296875,2319.436474609375,152.4909381808506,0,72.7578125,6.671908908420138,0.15364583333333334,0.019944932725694448,0.13541666666666666,0.3515625,0.01833767361111111,0.42047119140625
2020,6,1,2020_6_1,ridge_swap,2057.02001953125,91,0,0,0,2093.4756536483765,1913.8397094726563,2100.3792724609375,2260.8131591796873,36.40475583159261,1,77.1953125,8.546841091579862,0.21875,0.03951009114583334,0.06770833333333333,0.19010416666666666,0.004584418402777777,0.036139594184027776
2020,6,2,2020_6_2,ridge_swap,2092.97998046875,73,0,0,0,2133.394066174825,1961.2925903320313,2128.353515625,2322.770361328125,36.252108854552105,1,68.12239583333333,3.8307766384548616,0.15104166666666666,0.020575629340277762,0.10416666666666667,0.2708333333333333,0.010850694444444446,0.07335069444444443
2020,6,3,2020_6_3,ridge_swap,2187.68017578125,91,0,0,0,2170.411194165548,1985.0078857421875,2173.1827392578125,2334.009912109375,30.38685333646005,1,66.16927083333333,17.871683756510414,0.16666666666666666,0.024522569444444448,0.16666666666666666,0.3880208333333333,0.027777777777777776,0.15056016710069442
2020,6,4,2020_6_4,ridge_swap,2188.919921875,65,0,0,0,2076.64026927948,1904.9329467773437,2079.2010498046875,2240.050634765625,64.74371365292205,1,71.91927083333333,4.134813096788195,0.18489583333333334,0.030551486545138895,0.046875,0.1484375,0.002197265625,0.02203369140625
2020,6,5,2020_6_5,ridge_swap,2067.35986328125,97,0,0,0,2141.9645738601685,1976.0056274414062,2146.8641357421875,2307.5703125,47.435701546569675,1,72.23177083333333,18.109042697482636,0.044270833333333336,0.001959906684027783,0.1015625,0.3098958333333333,0.01031494140625,0.0960354275173611
2020,6,6,2020_6_6,ridge_swap,2050.89990234375,95,0,0,0,2115.9498554865518,1950.8153564453125,2116.8629150390625,2273.5890625,44.024148484898944,1,83.67447916666667,7.051059299045139,0.4661458333333333,0.17201741536458331,0.06770833333333333,0.22395833333333334,0.004584418402777777,0.05015733506944445
2020,6,7,2020_6_7,ridge_swap,2480.5400390625,59,0,1,1,2129.5834957758584,1955.9758056640626,2133.6990966796875,2292.3556640625,275.63811699135437,0,67.36979166666667,4.840237087673612,0.07552083333333333,0.004970974392361105,0.0703125,0.28125,0.86431884765625,0.5166015625
2020,6,8,2020_6_8,ridge_swap,2187.97998046875,61,0,0,0,2110.631061553955,1944.3550659179687,2114.6434326171875,2283.41435546875,48.00811405148771,1,73.00260416666667,6.939175075954861,0.12760416666666666,0.01500786675347221,0.08854166666666667,0.2630208333333333,0.007839626736111112,0.0691799587673611
2020,6,9,2020_6_9,ridge_swap,1767.919921875,104,0,0,0,2112.449184735616,1942.8332153320312,2110.5003662109375,2283.51845703125,269.38387334760694,0,76.70833333333333,20.128011067708332,0.21614583333333334,0.03950330946180555,0.07291666666666667,0.22916666666666666,0.005316840277777779,0.052517361111111105
2020,6,10,2020_6_10,ridge_swap,1851.8399658203125,90,0,0,0,2087.8413836161294,1908.0974365234374,2088.2752685546875,2259.6962890625,162.42516935865086,0,80.625,5.820326063368055,0.23958333333333334,0.05040147569444445,0.049479166666666664,0.21354166666666666,0.0024481879340277775,0.045600043402777776
2020,6,11,2020_6_11,ridge_swap,2441.780029296875,58,0,0,1,2067.17769241333,1896.9710815429687,2075.465576171875,2218.18193359375,301.57204319702254,0,74.24479166666667,9.860704210069445,0.2578125,0.05230712890625,0.028645833333333332,0.13020833333333334,0.000820583767361111,0.7565375434027777
2020,7,0,2020_7_0,production,2063.300048828125,96,0,0,0,2203.1487929026284,2010.8531494140625,2211.1719970703125,2379.5248535156247,86.93201518555482,1,70.65885416666667,18.227315266927082,0.0859375,0.00738525390625,0.24739583333333334,0.5,0.06120469835069445,0.25
2020,7,1,2020_7_1,production,1939.5999755859375,79,0,0,0,2104.5529692967734,1937.7595825195312,2102.8792724609375,2285.08994140625,102.64692265705929,1,71.51822916666667,5.010640462239583,0.125,0.015625,0.06510416666666667,0.20052083333333334,0.004238552517361112,0.04020860460069445
2020,7,2,2020_7_2,production,2260.06005859375,79,0,0,0,2125.1630309422812,1965.0917602539062,2128.727783203125,2289.9169921875,81.36044412271843,1,73.48958333333333,4.203097873263889,0.3046875,0.07819959852430555,0.09375,0.23958333333333334,0.0087890625,0.05740017361111112
2020,7,3,2020_7_3,production,2281.9599609375,71,0,0,0,2149.5874659220376,1971.9939453125,2154.8087158203125,2322.340576171875,78.2153235607677,1,72.890625,3.2591688368055554,0.0859375,0.006951226128472224,0.09635416666666667,0.3046875,0.009284125434027778,0.09283447265625
2020,7,4,2020_7_4,production,2341.64013671875,77,0,1,1,2086.59033425649,1903.179736328125,2095.2822265625,2265.3581787109374,177.30359611494674,0,71.02083333333333,4.555026584201389,0.12760416666666666,0.01500786675347221,0.046875,0.1875,0.908447265625,0.66015625
2020,7,5,2020_7_5,production,2040.4000244140625,93,0,0,0,2083.962663332621,1894.212939453125,2084.717529296875,2267.0252685546875,38.31212668369214,1,78.8125,9.108506944444445,0.4348958333333333,0.1439141167534722,0.052083333333333336,0.16666666666666666,0.0027126736111111114,0.027777777777777776
2020,7,6,2020_7_6,production,2294.10009765625,81,0,0,1,2154.090339024862,1990.8952392578126,2157.724853515625,2308.04736328125,84.17663280169168,1,75.34895833333333,4.394897460937501,0.2526041666666667,0.05526394314236113,0.09114583333333333,0.3203125,0.008307562934027776,0.46197509765625
2020,7,7,2020_7_7,production,1987.219970703125,83,0,0,0,2139.428271929423,1962.685546875,2137.2957763671875,2322.069384765625,90.74760031120645,1,75.84375,4.947767469618056,0.296875,0.07032606336805555,0.09375,0.2734375,0.0087890625,0.07476806640625
2020,7,8,2020_7_8,production,2096.47998046875,85,0,0,0,2008.892036120097,1823.3052368164062,2026.6492309570312,2177.854296875,48.39087904410229,1,81.12760416666667,4.425516764322918,0.1640625,0.023715549045138895,0.0026041666666666665,0.049479166666666664,6.781684027777777e-06,0.0024481879340277775
2020,7,9,2020_7_9,production,2054.60009765625,75,0,0,0,2091.158814430237,1915.564794921875,2087.991943359375,2267.390625,37.15233334485028,1,76.78645833333333,3.4479709201388893,0.23177083333333334,0.04384358723958334,0.052083333333333336,0.19791666666666666,0.0027126736111111114,0.03917100694444444
2020,7,10,2020_7_10,production,2293.1201171875,50,0,0,1,2149.5407985051474,1982.5858154296875,2147.1649169921875,2311.2734619140624,89.92076453980472,1,68.20572916666667,11.555589463975693,0.12760416666666666,0.013841417100694434,0.08854166666666667,0.2786458333333333,0.007839626736111112,0.5203518337673613
2020,7,11,2020_7_11,production,2249.159912109375,75,0,0,0,2142.5820178985596,1981.8608154296876,2148.4591064453125,2302.532080078125,62.11848731835684,1,68.67447916666667,4.413458930121529,0.1796875,0.029574924045138895,0.0703125,0.28125,0.00494384765625,0.0791015625
2020,7,0,2020_7_0,ridge_swap,2063.300048828125,96,0,0,0,2208.406263987223,2017.1329833984375,2217.4541015625,2383.432861328125,92.23705645236703,1,69.89583333333333,19.047566731770832,0.06510416666666667,0.0036146375868055594,0.22916666666666666,0.4869791666666667,0.052517361111111105,0.23714870876736113
2020,7,1,2020_7_1,ridge_swap,1939.5999755859375,79,0,0,0,2106.186139424642,1930.170703125,2101.267578125,2282.4751220703124,103.03306012186741,1,70.890625,5.257853190104167,0.12239583333333333,0.012647840711805552,0.059895833333333336,0.21875,0.003587510850694445,0.0478515625
2020,7,2,2020_7_2,ridge_swap,2260.06005859375,79,0,0,0,2122.741444269816,1962.4084228515626,2121.59521484375,2294.9377197265626,84.5790822936429,1,73.41666666666667,4.461493598090279,0.2942708333333333,0.07124159071180552,0.07161458333333333,0.2265625,0.005128648546006944,0.05133056640625
2020,7,3,2020_7_3,ridge_swap,2281.9599609375,71,0,0,0,2151.9219255447388,1973.4524658203125,2141.4974365234375,2330.6641845703125,78.6744774091575,1,73.15885416666667,3.22540283203125,0.10416666666666667,0.009819878472222224,0.12239583333333333,0.3046875,0.01498074001736111,0.09283447265625
2020,7,4,2020_7_4,ridge_swap,2341.64013671875,77,0,1,1,2090.9696226119995,1921.005810546875,2097.692138671875,2247.994091796875,178.68144703159732,0,71.0546875,4.440856933593751,0.11197916666666667,0.011427137586805566,0.046875,0.1640625,0.908447265625,0.69879150390625
2020,7,5,2020_7_5,ridge_swap,2040.4000244140625,93,0,0,0,2084.3358351389566,1900.5509643554688,2089.3564453125,2268.43173828125,39.32351785401504,1,78.80208333333333,8.66128200954861,0.4453125,0.14959716796875,0.0546875,0.15104166666666666,0.00299072265625,0.02281358506944444
2020,7,6,2020_7_6,ridge_swap,2294.10009765625,81,0,0,1,2161.9219134648642,1986.6107788085938,2170.790283203125,2329.094482421875,78.06527143634028,1,74.9375,4.266872829861111,0.1953125,0.03521728515625,0.10807291666666667,0.3333333333333333,0.011679755316840278,0.44444444444444453
2020,7,7,2020_7_7,ridge_swap,1987.219970703125,83,0,0,0,2143.0182539621987,1960.0385009765625,2146.332275390625,2308.5855712890625,97.03569018509651,1,76.09375,4.547363281249999,0.2630208333333333,0.05784098307291666,0.0859375,0.2916666666666667,0.00738525390625,0.08506944444444446
2020,7,8,2020_7_8,ridge_swap,2096.47998046875,85,0,0,0,2006.6964206695557,1833.6719482421875,2008.1997680664062,2183.5177978515626,53.77361840837533,1,81.25260416666667,4.006395128038195,0.19270833333333334,0.029093424479166685,0.010416666666666666,0.049479166666666664,0.00010850694444444444,0.0024481879340277775
2020,7,9,2020_7_9,ridge_swap,2054.60009765625,75,0,0,0,2099.594904899597,1928.938916015625,2098.9647216796875,2266.06328125,36.63194154120154,1,76.359375,3.2471652560763893,0.23958333333333334,0.05040147569444445,0.0390625,0.19270833333333334,0.00152587890625,0.03713650173611111
2020,7,10,2020_7_10,ridge_swap,2293.1201171875,50,0,0,1,2156.549963951111,1985.5271850585937,2152.908935546875,2330.712744140625,84.53217509637277,1,68.08333333333333,11.626641167534723,0.10416666666666667,0.009345160590277776,0.1015625,0.2942708333333333,0.01031494140625,0.4980536566840279
2020,7,11,2020_7_11,ridge_swap,2249.159912109375,75,0,0,0,2146.530805269877,1999.8547119140626,2139.591552734375,2300.45712890625,59.57910837978123,1,68.31770833333333,4.759290907118056,0.171875,0.02324761284722221,0.0703125,0.2864583333333333,0.00494384765625,0.0820583767361111
2020,8,0,2020_8_0,production,1943.4400634765625,81,0,0,0,2082.435729344686,1909.0104248046875,2087.8328857421875,2258.963134765625,86.0336442457305,1,77.6953125,3.3647935655381946,0.4270833333333333,0.14457194010416663,0.046875,0.17708333333333334,0.002197265625,0.03135850694444445
2020,8,1,2020_8_1,production,1884.119873046875,104,0,0,0,2124.612085660299,1934.3287719726563,2123.763916015625,2325.0759765625,164.67706987344556,0,76.70572916666667,20.122470431857636,0.1796875,0.02960205078125,0.10677083333333333,0.2864583333333333,0.011400010850694444,0.0820583767361111
2020,8,2,2020_8_2,production,2408.3798828125,52,0,0,1,2132.7780135472617,1964.4865844726562,2127.5662841796875,2299.8005615234374,201.33931616859303,0,74.44791666666667,15.3232421875,0.296875,0.06764051649305555,0.09635416666666667,0.28125,0.009284125434027778,0.5166015625
2020,8,3,2020_8_3,production,2093.280029296875,75,0,0,0,2098.112392425537,1922.0171752929687,2101.6998291015625,2279.30634765625,31.515217120448753,1,74.8203125,3.2853529188368062,0.24479166666666666,0.052761501736111105,0.052083333333333336,0.234375,0.0027126736111111114,0.054931640625
2020,8,4,2020_8_4,production,2005.0999755859375,86,0,0,0,2062.625186920166,1880.2587280273438,2056.3287353515625,2246.2017578125,40.205499206980065,1,74.58333333333333,7.036987304687501,0.16927083333333334,0.02612982855902779,0.041666666666666664,0.13802083333333334,0.001736111111111111,0.01904975043402778
2020,8,5,2020_8_5,production,1904.820068359375,82,0,0,0,2020.336049715678,1837.897998046875,2026.7930908203125,2185.94580078125,68.87953376521666,1,79.39322916666667,3.648539225260416,0.15625,0.0220947265625,0.018229166666666668,0.078125,0.0003323025173611112,0.006103515625
2020,8,6,2020_8_6,production,2490.079833984375,60,0,1,1,2092.790728251139,1906.068505859375,2095.75390625,2256.366845703125,318.4295244846079,0,69.20833333333333,5.016248914930556,0.06510416666666667,0.003913031684027783,0.041666666666666664,0.20833333333333334,0.9184027777777779,0.626736111111111
2020,8,7,2020_8_7,production,2469.73974609375,80,0,0,1,2173.5949783325195,1998.5978515625,2170.698486328125,2332.81767578125,224.461605762442,0,73.96875,4.342895507812501,0.2265625,0.04180908203125,0.15104166666666666,0.4036458333333333,0.02281358506944444,0.35563829210069453
2020,8,8,2020_8_8,production,2372.33984375,62,0,0,0,2162.9038511912026,1996.7427124023438,2155.611328125,2335.9076171875,142.8000629858838,0,70.8046875,5.120273166232639,0.12239583333333333,0.013190375434027776,0.12760416666666666,0.3619791666666667,0.01628282335069444,0.13102891710069445
2020,8,9,2020_8_9,production,2065.159912109375,96,0,0,0,2207.7507864634194,2023.5826782226563,2216.260009765625,2384.867529296875,87.45051072869038,1,67.24479166666667,21.890299479166668,0.078125,0.005710177951388895,0.2552083333333333,0.5078125,0.06513129340277776,0.25787353515625
2020,8,10,2020_8_10,production,2259.2998046875,86,0,0,0,2082.9554344813027,1909.2603149414062,2096.7349853515625,2246.968408203125,110.04781090799304,0,76.30729166666667,6.002794053819445,0.3046875,0.0754733615451389,0.026041666666666668,0.17447916666666666,0.0006781684027777779,0.03044297960069444
2020,8,11,2020_8_11,production,1859.8199462890625,94,0,0,0,2072.2797495524087,1906.6510009765625,2075.676513671875,2246.0447998046875,143.93916700449253,0,74.1015625,13.085469563802082,0.24479166666666666,0.04954698350694445,0.036458333333333336,0.1484375,0.0013292100694444447,0.02203369140625
2020,8,0,2020_8_0,ridge_swap,1943.4400634765625,81,0,0,0,2094.5076541900635,1907.9841918945312,2102.389892578125,2262.5228271484375,94.8708476010296,1,77.84114583333333,3.651224772135417,0.4244791666666667,0.14433458116319448,0.052083333333333336,0.22916666666666666,0.0027126736111111114,0.052517361111111105
2020,8,1,2020_8_1,ridge_swap,1884.119873046875,104,0,0,0,2123.6697174708047,1937.9019287109375,2131.69873046875,2304.4191162109373,163.91960450096263,0,76.5078125,20.183424207899307,0.1875,0.02898491753472221,0.10416666666666667,0.2630208333333333,0.010850694444444446,0.0691799587673611
2020,8,2,2020_8_2,ridge_swap,2408.3798828125,52,0,0,1,2141.278012275696,1960.5680419921875,2139.5328369140625,2320.823095703125,189.445987654229,0,74.1875,14.703640407986112,0.2838541666666667,0.06825764973958334,0.12239583333333333,0.3072916666666667,0.01498074001736111,0.47984483506944436
2020,8,3,2020_8_3,ridge_swap,2093.280029296875,75,0,0,0,2093.490019162496,1929.9072143554688,2093.204345703125,2266.8959716796876,28.10558256092999,1,74.19791666666667,3.395589192708334,0.20052083333333334,0.03817409939236113,0.044270833333333336,0.1875,0.001959906684027778,0.03515625
2020,8,4,2020_8_4,ridge_swap,2005.0999755859375,86,0,0,0,2077.7728748321533,1902.8044677734374,2069.0628662109375,2256.97470703125,43.40825525257323,1,74.50520833333333,7.26171875,0.16666666666666666,0.025295681423611105,0.044270833333333336,0.15625,0.001959906684027778,0.0244140625
2020,8,5,2020_8_5,ridge_swap,1904.820068359375,82,0,0,0,2022.4454072316487,1847.4607299804688,2020.6798095703125,2201.0948974609373,68.13069665266407,1,79.46354166666667,3.5572238498263893,0.15104166666666666,0.021280924479166657,0.015625,0.07552083333333333,0.000244140625,0.00570339626736111
2020,8,6,2020_8_6,ridge_swap,2490.079833984375,60,0,1,1,2103.9770663579307,1929.6103393554688,2098.896484375,2274.1455078125,308.7530920083324,0,68.9296875,5.082594129774306,0.07552083333333333,0.005703396267361105,0.057291666666666664,0.2265625,0.8886990017361112,0.59820556640625
2020,8,7,2020_8_7,ridge_swap,2469.73974609375,80,0,0,1,2173.0613311131797,2003.2555297851563,2179.1005859375,2340.338330078125,222.8360845206512,0,73.97916666666667,4.459052191840279,0.23958333333333334,0.04627821180555555,0.15885416666666666,0.4010416666666667,0.02523464626736111,0.35875108506944436
2020,8,8,2020_8_8,ridge_swap,2372.33984375,62,0,0,0,2161.3951921463013,1977.889892578125,2165.291748046875,2327.972705078125,141.00138399418856,0,70.34895833333333,4.898234049479166,0.1015625,0.008416069878472224,0.11197916666666667,0.3515625,0.012539333767361112,0.12359619140625
2020,8,9,2020_8_9,ridge_swap,2065.159912109375,96,0,0,0,2203.291686693827,2020.9526000976562,2207.332275390625,2399.6159912109374,81.73842786997558,1,66.88802083333333,22.045633951822918,0.07552083333333333,0.0053236219618055525,0.21875,0.4817708333333333,0.0478515625,0.23210313585069442
2020,8,10,2020_8_10,ridge_swap,2259.2998046875,86,0,0,0,2092.9630711873374,1930.862451171875,2092.61083984375,2254.533203125,105.43743352260853,0,75.890625,6.101548936631944,0.2786458333333333,0.06557210286458331,0.0390625,0.18489583333333334,0.00152587890625,0.03418646918402778
2020,8,11,2020_8_11,ridge_swap,1859.8199462890625,94,0,0,0,2071.5348377227783,1884.9979736328125,2078.423828125,2239.2006591796876,144.07082843118243,0,75.43489583333333,12.09112548828125,0.21875,0.04054090711805555,0.03125,0.13541666666666666,0.0009765625,0.01833767361111111
2020,9,0,2020_9_0,production,1983.159912109375,65,0,0,0,2138.623684565226,1963.79580078125,2134.8963623046875,2313.0382568359373,97.77532996237277,1,69.828125,3.578084309895833,0.15364583333333334,0.022060818142361133,0.0859375,0.265625,0.00738525390625,0.070556640625
2020,9,1,2020_9_1,production,2025.419921875,69,0,0,0,2184.8292169570923,1991.3688354492188,2185.090576171875,2346.5595458984376,101.18612598131101,1,70.24739583333333,3.1772935655381946,0.19010416666666666,0.03239610460069445,0.1640625,0.4140625,0.02691650390625,0.17144775390625
2020,9,2,2020_9_2,production,2288.320068359375,61,0,0,1,2117.5527391433716,1934.5521606445313,2129.8544921875,2298.94765625,103.81214497735104,1,75.21875,8.34682888454861,0.125,0.0137939453125,0.0625,0.25,0.00390625,0.5625
2020,9,3,2020_9_3,production,2008.0399169921875,75,0,0,0,2116.996571858724,1924.1546752929687,2119.1446533203125,2307.79228515625,67.05195609562927,1,74.33072916666667,3.4852362738715277,0.1953125,0.036166720920138895,0.0703125,0.21875,0.00494384765625,0.0478515625
2020,9,4,2020_9_4,production,2445.85986328125,92,0,1,1,2089.838978767395,1903.8753540039063,2098.3046875,2263.49619140625,275.9178139426642,0,77.51041666666667,9.333414713541664,0.203125,0.03919813368055555,0.046875,0.19010416666666666,0.908447265625,0.6559312608506945
2020,9,5,2020_9_5,production,1915.239990234375,112,0,0,0,1998.0639193852742,1809.5691284179688,1998.11669921875,2177.8302001953125,52.29620649665594,1,82.20572916666667,22.37096489800347,0.2942708333333333,0.07250298394097221,0.015625,0.057291666666666664,0.000244140625,0.003282335069444444
2020,9,6,2020_9_6,production,2227.580078125,77,0,0,0,2142.3401486078897,1971.362890625,2142.303466796875,2339.91650390625,53.9173603794641,1,75.91666666666667,3.4142116970486116,0.3854166666666667,0.12310112847222227,0.1171875,0.2838541666666667,0.01373291015625,0.08057318793402779
2020,9,7,2020_9_7,production,2211.259765625,73,0,0,0,2046.426202138265,1859.03984375,2050.379150390625,2224.0165283203123,99.5689867436886,1,77.26302083333333,3.8230862087673607,0.2421875,0.047275119357638895,0.013020833333333334,0.09114583333333333,0.00016954210069444447,0.008307562934027776
2020,9,8,2020_9_8,production,2122.419921875,80,0,0,0,2191.6038080851235,2029.8635375976562,2193.2381591796875,2359.063623046875,43.22775762279829,1,72.796875,4.781263563368055,0.20572916666666666,0.03284369574652776,0.13541666666666666,0.359375,0.01833767361111111,0.129150390625
2020,9,9,2020_9_9,production,2100.3798828125,87,0,0,0,2145.8800690968833,1952.7961059570312,2155.5758056640625,2323.0286376953127,41.43068167732821,1,71.4375,10.025241427951388,0.15364583333333334,0.019944932725694448,0.09375,0.3046875,0.0087890625,0.09283447265625
2020,9,10,2020_9_10,production,2259.659912109375,80,0,0,1,2119.8831799825034,1922.3013549804687,2124.88427734375,2310.83623046875,81.13691237237717,1,73.87760416666667,4.623908148871529,0.23697916666666666,0.05032687717013887,0.0859375,0.24739583333333334,0.00738525390625,0.5664130316840277
2020,9,11,2020_9_11,production,2243.85986328125,88,0,0,0,2151.3541011810303,1965.9556640625,2153.230712890625,2329.08583984375,55.12439508901703,1,71.61197916666667,10.557813856336804,0.109375,0.011406792534722224,0.109375,0.3177083333333333,0.011962890625,0.10093858506944443
2020,9,0,2020_9_0,ridge_swap,1983.159912109375,65,0,0,0,2141.979069709778,1972.6697509765625,2137.7305908203125,2312.719287109375,97.35593440383673,1,69.79166666666667,3.881998697916667,0.14583333333333334,0.01911078559027779,0.1015625,0.265625,0.01031494140625,0.070556640625
2020,9,1,2020_9_1,ridge_swap,2025.419921875,69,0,0,0,2193.613613128662,2014.5132568359375,2195.232177734375,2371.94912109375,104.89524501893254,1,70.30989583333333,2.935811360677083,0.16927083333333334,0.023145887586805552,0.1640625,0.3984375,0.02691650390625,0.15875244140625
2020,9,2,2020_9_2,ridge_swap,2288.320068359375,61,0,0,1,2123.555926322937,1947.2678100585938,2122.0628662109375,2313.0617187499997,102.40845378322734,1,74.7890625,8.142340766059029,0.10677083333333333,0.010342068142361105,0.08333333333333333,0.22916666666666666,0.006944444444444444,0.5941840277777778
2020,9,3,2020_9_3,ridge_swap,2008.0399169921875,75,0,0,0,2121.386032740275,1924.2574340820313,2121.7039794921875,2306.05712890625,69.53073616988128,1,73.58072916666667,3.3566962348090277,0.14583333333333334,0.02126736111111112,0.08072916666666667,0.24479166666666666,0.006517198350694445,0.05992296006944444
2020,9,4,2020_9_4,ridge_swap,2445.85986328125,92,0,1,1,2083.984047571818,1893.1894897460938,2088.6475830078125,2256.695556640625,283.51458844708077,0,77.29427083333333,9.378519694010418,0.19791666666666666,0.03620062934027776,0.041666666666666664,0.1484375,0.9184027777777779,0.72515869140625
2020,9,5,2020_9_5,ridge_swap,1915.239990234375,112,0,0,0,2009.6902799606323,1820.6239135742187,2012.3436279296875,2170.64375,60.86385814928347,1,81.9375,22.59311252170139,0.2760416666666667,0.06188964843750003,0.013020833333333334,0.041666666666666664,0.00016954210069444447,0.001736111111111111
2020,9,6,2020_9_6,ridge_swap,2227.580078125,77,0,0,0,2145.8969984054565,1965.2784912109375,2144.1422119140625,2328.71708984375,51.38665787958436,1,75.96354166666667,3.1825629340277777,0.3880208333333333,0.12169731987847221,0.08333333333333333,0.3151041666666667,0.006944444444444444,0.09929063585069446
2020,9,7,2020_9_7,ridge_swap,2211.259765625,73,0,0,0,2050.404769261678,1853.1721923828125,2053.63671875,2235.296435546875,96.82655519081486,1,77.88020833333333,3.797295464409723,0.2630208333333333,0.05469428168402776,0.03125,0.11979166666666667,0.0009765625,0.01435004340277778
2020,9,8,2020_9_8,ridge_swap,2122.419921875,80,0,0,0,2194.105518976847,2027.6974853515626,2189.2313232421875,2371.0609130859375,45.891638192865585,1,72.44791666666667,5.382595486111111,0.20052083333333334,0.033481174045138895,0.171875,0.4114583333333333,0.029541015625,0.16929796006944442
2020,9,9,2020_9_9,ridge_swap,2100.3798828125,87,0,0,0,2145.503027598063,1961.8466674804688,2145.5955810546875,2328.719482421875,38.39550802111626,1,71.84635416666667,9.43936496310764,0.14322916666666666,0.019782172309027762,0.08854166666666667,0.2708333333333333,0.007839626736111112,0.07335069444444443
2020,9,10,2020_9_10,ridge_swap,2259.659912109375,80,0,0,1,2123.9808025360107,1929.1328369140624,2136.2576904296875,2302.2206787109376,79.1215581446886,1,72.69010416666667,5.054382324218749,0.2265625,0.04791259765625,0.0703125,0.2526041666666667,0.00494384765625,0.5586005316840277
2020,9,11,2020_9_11,ridge_swap,2243.85986328125,88,0,0,0,2146.3346786499023,1973.3968994140625,2159.743896484375,2306.2373046875,54.56204046971267,1,72.67708333333333,9.793117947048612,0.10416666666666667,0.009819878472222224,0.0703125,0.3020833333333333,0.00494384765625,0.09125434027777776
2020,10,0,2020_10_0,production,1897.0198974609375,100,0,0,0,2090.0192019144692,1905.4767700195312,2091.755126953125,2268.04951171875,129.09599989487066,0,76.8984375,16.157572428385414,0.2890625,0.0697360568576389,0.06510416666666667,0.21614583333333334,0.004238552517361112,0.04671902126736111
2020,10,1,2020_10_1,production,2418.320068359375,58,0,0,1,2168.2706104914346,2003.4890014648438,2161.781982421875,2323.6518798828124,180.13433770752613,0,72.04947916666667,8.387010362413195,0.2890625,0.06744384765625,0.15104166666666666,0.4114583333333333,0.02281358506944444,0.34638129340277785
2020,10,2,2020_10_2,production,2044.8800048828125,92,0,0,0,2132.4416147867837,1934.3520874023438,2143.8458251953125,2313.9985595703124,57.35199447638459,1,77.7890625,8.91695827907986,0.2682291666666667,0.05921088324652779,0.10677083333333333,0.328125,0.011400010850694444,0.107666015625
2020,10,3,2020_10_3,production,1972.1199951171875,84,0,0,0,2135.1567459106445,1961.4813598632813,2143.760986328125,2299.134619140625,104.09257170061271,1,70.56770833333333,8.34951443142361,0.11197916666666667,0.012539333767361119,0.09114583333333333,0.3098958333333333,0.008307562934027776,0.0960354275173611
2020,10,4,2020_10_4,production,2173.719970703125,86,0,0,0,2051.6765581766763,1880.2680297851562,2039.3883666992188,2229.7523681640623,74.63635411361852,1,79.90364583333333,4.731764051649306,0.390625,0.11992730034722221,0.0390625,0.14583333333333334,0.00152587890625,0.021267361111111115
2020,10,5,2020_10_5,production,2613.33984375,68,0,1,1,2128.2330792744956,1957.177001953125,2132.087890625,2302.8579833984377,409.3998620278306,0,69.640625,3.1259087456597214,0.07291666666666667,0.004950629340277776,0.09375,0.2604166666666667,0.8212890625,0.5469835069444443
2020,10,6,2020_10_6,production,2048.8798828125,90,0,0,0,2083.0699170430503,1893.4208740234376,2085.892822265625,2267.74287109375,38.23649448984199,1,77.26302083333333,8.077263726128473,0.2786458333333333,0.06077067057291666,0.06770833333333333,0.20833333333333334,0.004584418402777777,0.04340277777777778
2020,10,7,2020_10_7,production,1945.780029296875,84,0,0,0,2183.6796894073486,2004.0579223632812,2181.6273193359375,2371.94267578125,162.71601961884232,0,71.95572916666667,7.328742133246527,0.1484375,0.01983642578125,0.20052083333333334,0.4296875,0.04020860460069445,0.18463134765625
2020,10,8,2020_10_8,production,2007.93994140625,87,0,0,0,1968.028389930725,1790.7382080078125,1974.3525390625,2137.949609375,32.59761594153113,1,79.45833333333333,4.797661675347223,0.22916666666666666,0.04584418402777776,0.0026041666666666665,0.036458333333333336,6.781684027777777e-06,0.0013292100694444447
2020,10,9,2020_10_9,production,2152.10009765625,82,0,0,0,2091.7408078511558,1906.88876953125,2090.7562255859375,2264.4632080078127,40.79468401604228,1,71.4375,6.407945421006944,0.08854166666666667,0.0065782335069444475,0.0625,0.20833333333333334,0.00390625,0.04340277777777778
2020,10,10,2020_10_10,production,2127.820068359375,72,0,0,0,2118.8405265808105,1950.8256713867188,2113.19189453125,2276.7447265625,30.124214318063522,1,69.703125,3.6325005425347214,0.21614583333333334,0.04142930772569445,0.06510416666666667,0.234375,0.004238552517361112,0.054931640625
2020,10,11,2020_10_11,production,2231.179931640625,75,0,0,1,2091.7838233311973,1910.4357177734375,2092.109375,2263.4376220703125,81.58832865705092,1,74.10416666666667,3.120768229166666,0.22135416666666666,0.04064263237847221,0.0546875,0.2109375,0.00299072265625,0.62261962890625
2020,10,0,2020_10_0,ridge_swap,1897.0198974609375,100,0,0,0,2096.5632146199546,1920.8001220703125,2095.6263427734375,2278.908349609375,129.34165535536076,0,77.13020833333333,15.708414713541664,0.2994791666666667,0.07033284505208334,0.06510416666666667,0.22135416666666666,0.004238552517361112,0.04899766710069444
2020,10,1,2020_10_1,ridge_swap,2418.320068359375,58,0,0,1,2170.076090812683,2003.177880859375,2168.0882568359375,2339.820361328125,176.1243095505569,0,72.49739583333333,8.579705132378471,0.265625,0.06035698784722221,0.140625,0.3958333333333333,0.019775390625,0.3650173611111112
2020,10,2,2020_10_2,ridge_swap,2044.8800048828125,92,0,0,0,2137.6661392847695,1962.1802856445313,2140.1766357421875,2318.601171875,59.628419406712055,1,76.92447916666667,9.751702202690971,0.2578125,0.05427381727430555,0.11458333333333333,0.3072916666666667,0.013129340277777776,0.09442816840277779
2020,10,3,2020_10_3,ridge_swap,1972.1199951171875,84,0,0,0,2151.5081809361777,1980.5193603515625,2159.4119873046875,2316.2172607421876,118.03954999728336,0,69.95833333333333,8.831095377604166,0.125,0.013237847222222224,0.11979166666666667,0.3567708333333333,0.01435004340277778,0.1272854275173611
2020,10,4,2020_10_4,ridge_swap,2173.719970703125,86,0,0,0,2054.0614083607993,1871.2204833984374,2057.6943359375,2232.9850830078126,71.63719957239098,1,79.984375,4.531846788194445,0.3958333333333333,0.12353515625,0.0390625,0.12760416666666666,0.00152587890625,0.01628282335069444
2020,10,5,2020_10_5,ridge_swap,2613.33984375,68,0,1,1,2126.6331644058228,1962.9957397460937,2120.041259765625,2302.529345703125,410.43865687068967,0,69.94270833333333,3.1450330946180554,0.0859375,0.006951226128472224,0.08333333333333333,0.2708333333333333,0.8402777777777777,0.5316840277777779
2020,10,6,2020_10_6,ridge_swap,2048.8798828125,90,0,0,0,2077.018242518107,1920.8031494140625,2080.390625,2242.47294921875,32.88415624698003,1,77.234375,7.816799587673612,0.2265625,0.04180908203125,0.041666666666666664,0.15364583333333334,0.001736111111111111,0.023607042100694448
2020,10,7,2020_10_7,ridge_swap,1945.780029296875,84,0,0,0,2188.3902991612754,2005.4326904296875,2188.23095703125,2358.121240234375,170.30188541362682,0,72.16145833333333,7.174302842881944,0.13802083333333334,0.018344455295138895,0.1953125,0.4661458333333333,0.03814697265625,0.21729193793402776
2020,10,8,2020_10_8,ridge_swap,2007.93994140625,87,0,0,0,1968.416529973348,1791.80400390625,1975.2806396484375,2134.0912353515623,35.22651372353236,1,80.19791666666667,4.627224392361111,0.2526041666666667,0.054056803385416685,0.005208333333333333,0.044270833333333336,2.712673611111111e-05,0.001959906684027778
2020,10,9,2020_10_9,ridge_swap,2152.10009765625,82,0,0,0,2094.7330935796103,1924.3919189453125,2091.4434814453125,2269.93369140625,43.64535930504401,1,71.0234375,6.779371473524306,0.08072916666666667,0.005730523003472224,0.0703125,0.21614583333333334,0.00494384765625,0.04671902126736111
2020,10,10,2020_10_10,ridge_swap,2127.820068359375,72,0,0,0,2122.9580459594727,1968.3527099609375,2120.8231201171875,2281.631298828125,30.498972232143075,1,69.0390625,3.393073187934027,0.22135416666666666,0.04566107855902776,0.06770833333333333,0.24479166666666666,0.004584418402777777,0.05992296006944444
2020,10,11,2020_10_11,ridge_swap,2231.179931640625,75,0,0,1,2094.3469568888345,1936.3216796875,2094.424072265625,2269.08154296875,84.03371890717082,1,73.2578125,3.1235690646701393,0.15625,0.0206298828125,0.057291666666666664,0.1953125,0.003282335069444444,0.64752197265625
2020,11,0,2020_11_0,production,2452.239990234375,91,0,1,1,2093.450178782145,1910.7830322265625,2085.92626953125,2278.4376220703125,275.6438780923684,0,80.69270833333333,6.242119683159722,0.4401041666666667,0.16200764973958337,0.08072916666666667,0.21354166666666666,0.8450588650173612,0.6185167100694445
2020,11,1,2020_11_1,production,1872.760009765625,98,0,0,0,2137.0628986358643,1952.456005859375,2145.6990966796875,2307.35146484375,190.89659439358445,0,73.62239583333333,17.416727701822918,0.22135416666666666,0.041592068142361105,0.10416666666666667,0.3020833333333333,0.010850694444444446,0.09125434027777776
2020,11,2,2020_11_2,production,1964.8399658203125,77,0,0,0,2155.529063542684,1977.4382934570312,2157.4287109375,2330.5767822265625,125.15233364866839,0,70.16145833333333,4.529256184895833,0.0859375,0.00738525390625,0.10677083333333333,0.3333333333333333,0.011400010850694444,0.1111111111111111
2020,11,3,2020_11_3,production,2035.2000732421875,77,0,0,0,2000.463975906372,1822.8085693359376,1998.8797607421875,2170.41103515625,34.302780997422005,1,81.734375,3.6145562065972223,0.2578125,0.05889892578125,0.010416666666666666,0.0546875,0.00010850694444444444,0.00299072265625
2020,11,4,2020_11_4,production,2091.7001953125,77,0,0,0,2149.430248896281,1979.8213256835938,2153.442138671875,2319.1638916015627,40.38622097671032,1,69.43229166666667,4.914889865451389,0.1875,0.02971733940972221,0.09375,0.3072916666666667,0.0087890625,0.09442816840277779
2020,11,5,2020_11_5,production,2222.559814453125,90,0,0,0,2072.874579747518,1860.8700317382813,2073.90771484375,2280.8622802734376,88.3995501548052,1,79.18489583333333,6.503139919704861,0.3411458333333333,0.0896877712673611,0.06770833333333333,0.20833333333333334,0.004584418402777777,0.04340277777777778
2020,11,6,2020_11_6,production,2369.14013671875,86,0,0,1,2068.1209859848022,1899.146728515625,2068.7191162109375,2227.165478515625,226.4392108975185,0,75.6875,6.5203857421875,0.20052083333333334,0.03272162543402779,0.036458333333333336,0.13541666666666666,0.0013292100694444447,0.7475043402777778
2020,11,7,2020_11_7,production,2201.219970703125,71,0,0,0,2153.903129259745,1983.6560546875,2159.0115966796875,2317.0411376953125,37.6541963012682,1,69.625,3.2280409071180554,0.1640625,0.023715549045138895,0.11197916666666667,0.3515625,0.012539333767361112,0.12359619140625
2020,11,8,2020_11_8,production,2152.679931640625,65,0,0,0,2060.660211881002,1901.894482421875,2060.67919921875,2226.846533203125,55.97291649464103,1,73.04947916666667,4.951395670572916,0.0859375,0.00738525390625,0.03125,0.11458333333333333,0.0009765625,0.013129340277777776
2020,11,9,2020_11_9,production,2072.02001953125,77,0,0,0,2186.2066507339478,2011.6036499023437,2189.93701171875,2346.0065185546873,68.57194282362859,1,67.4765625,6.052415635850695,0.125,0.014987521701388895,0.17447916666666666,0.4244791666666667,0.03044297960069444,0.1801825629340278
2020,11,10,2020_11_10,production,2139.6201171875,74,0,0,0,2114.1385456720986,1929.0822631835938,2117.6329345703125,2287.2272705078126,33.664317820635105,1,73.49739583333333,3.263407389322917,0.19010416666666666,0.03152804904513887,0.0859375,0.25,0.00738525390625,0.0625
2020,11,11,2020_11_11,production,2269.60009765625,83,0,0,1,2141.4776906967163,1977.33984375,2140.38623046875,2312.8228759765625,78.35798726893134,1,75.22916666666667,5.676920572916666,0.28125,0.058932834201388895,0.09635416666666667,0.3046875,0.009284125434027778,0.48345947265625
2020,11,0,2020_11_0,ridge_swap,2452.239990234375,91,0,1,1,2107.4360326131186,1932.3041381835938,2100.2880859375,2290.935107421875,266.3046362499396,0,80.25520833333333,6.749064127604167,0.4244791666666667,0.15171305338541669,0.08333333333333333,0.21875,0.8402777777777777,0.6103515625
2020,11,1,2020_11_1,ridge_swap,1872.760009765625,98,0,0,0,2143.003632863363,1963.7889282226563,2148.210693359375,2307.430419921875,197.5940963294771,0,73.703125,17.402086046006943,0.1953125,0.029981825086805552,0.1328125,0.2838541666666667,0.01763916015625,0.08057318793402779
2020,11,2,2020_11_2,ridge_swap,1964.8399658203125,77,0,0,0,2167.6997286478677,2010.9327270507813,2155.406005859375,2341.1166503906247,137.6670051134295,0,70.33333333333333,4.591512044270834,0.1015625,0.01031494140625,0.13020833333333334,0.3515625,0.016954210069444448,0.12359619140625
2020,11,3,2020_11_3,ridge_swap,2035.2000732421875,77,0,0,0,2004.3716195424397,1821.751123046875,2002.5501708984375,2183.807470703125,34.33948077758153,1,81.453125,3.8303087022569438,0.2578125,0.05537245008680555,0.020833333333333332,0.059895833333333336,0.00043402777777777775,0.003587510850694445
2020,11,4,2020_11_4,ridge_swap,2091.7001953125,77,0,0,0,2152.861402193705,1986.2753784179688,2152.562255859375,2329.579296875,39.97520638422833,1,69.27604166666667,5.465182834201389,0.19270833333333334,0.029880099826388895,0.12239583333333333,0.3203125,0.01498074001736111,0.10260009765625
2020,11,5,2020_11_5,ridge_swap,2222.559814453125,90,0,0,0,2085.2068535486856,1890.6713623046876,2082.752197265625,2278.4818603515623,81.2453302103612,1,78.90364583333333,6.713548448350695,0.3411458333333333,0.09104410807291663,0.059895833333333336,0.20833333333333334,0.003587510850694445,0.04340277777777778
2020,11,6,2020_11_6,ridge_swap,2369.14013671875,86,0,0,1,2072.59029452006,1907.1436645507813,2064.9306640625,2250.91904296875,219.60084972282255,0,75.38541666666667,6.700222439236112,0.1953125,0.03429497612847221,0.036458333333333336,0.15104166666666666,0.0013292100694444447,0.7207302517361112
2020,11,7,2020_11_7,ridge_swap,2201.219970703125,71,0,0,0,2155.61768023173,1995.1744995117188,2153.14697265625,2307.3748046875,36.89873257279396,1,69.234375,3.3854031032986107,0.140625,0.019056532118055552,0.0859375,0.3333333333333333,0.00738525390625,0.1111111111111111
2020,11,8,2020_11_8,ridge_swap,2152.679931640625,65,0,0,0,2059.8837610880532,1884.9241943359375,2057.0177001953125,2225.442236328125,54.15060772001745,1,73.15625,4.848347981770834,0.08333333333333333,0.006523980034722224,0.0234375,0.11979166666666667,0.00054931640625,0.01435004340277778
2020,11,9,2020_11_9,ridge_swap,2072.02001953125,77,0,0,0,2174.3013982772827,1993.786474609375,2179.974853515625,2343.1010498046876,63.39009856267107,1,68.15885416666667,5.573086208767361,0.14583333333333334,0.019802517361111133,0.14583333333333334,0.421875,0.021267361111111115,0.177978515625
2020,11,10,2020_11_10,ridge_swap,2139.6201171875,74,0,0,0,2117.180427869161,1942.0260986328126,2118.413818359375,2286.039404296875,33.20621132602294,1,72.7578125,3.1617092556423616,0.1796875,0.02428521050347221,0.0703125,0.23697916666666666,0.00494384765625,0.056159125434027776
2020,11,11,2020_11_11,ridge_swap,2269.60009765625,83,0,0,1,2139.74858379364,1975.7919067382813,2136.320068359375,2309.7959716796877,79.70457544840045,1,74.22135416666667,5.534037272135416,0.20572916666666666,0.037251790364583315,0.08854166666666667,0.2942708333333333,0.007839626736111112,0.4980536566840279
2021,0,0,2021_0_0,production,1868.179931640625,83,0,0,0,2197.462147394816,2036.672900390625,2198.621337890625,2382.3740478515624,250.5508464011881,0,72.70833333333333,6.413302951388888,0.11979166666666667,0.012600368923611119,0.0859375,0.265625,0.00738525390625,0.070556640625
2021,0,1,2021_0_1,production,2229.83984375,82,0,0,0,2169.188770929972,1987.8706787109375,2164.1439208984375,2345.4451416015627,43.43094399736988,1,73.71354166666667,5.446316189236111,0.2734375,0.06048583984375,0.0703125,0.20833333333333334,0.00494384765625,0.04340277777777778
2021,0,2,2021_0_2,production,2330.56005859375,83,0,0,1,2226.5385093688965,2062.679833984375,2227.4683837890625,2396.086962890625,61.113715120487754,1,69.89583333333333,8.35525173611111,0.1328125,0.013909233940972224,0.1171875,0.3333333333333333,0.01373291015625,0.44444444444444453
2021,0,3,2021_0_3,production,2118.800048828125,80,0,0,0,2240.4356463750205,2056.269287109375,2238.1669921875,2415.14345703125,74.21216275542976,1,70.93489583333333,5.735616048177083,0.1796875,0.026401095920138895,0.13802083333333334,0.3828125,0.01904975043402778,0.14654541015625
2021,0,4,2021_0_4,production,1880.6199951171875,83,0,0,0,2162.974411646525,1974.182421875,2171.5863037109375,2332.579833984375,204.80615043971272,0,72.55989583333333,6.266255696614584,0.046875,0.0019666883680555525,0.059895833333333336,0.203125,0.003587510850694445,0.041259765625
2021,0,5,2021_0_5,production,2364.85986328125,83,0,1,1,2191.915402094523,2004.7964233398438,2198.68505859375,2375.3907470703125,108.41439724299642,1,75.48697916666667,5.210957845052084,0.21354166666666666,0.04136827256944445,0.08072916666666667,0.234375,0.8450588650173612,0.586181640625
2021,0,6,2021_0_6,production,2226.5,88,0,0,0,2196.7355572382608,1994.8421508789063,2199.3399658203125,2374.1340087890626,36.069713328447605,1,74.39583333333333,8.5435791015625,0.14583333333333334,0.01911078559027779,0.1015625,0.28125,0.01031494140625,0.0791015625
2021,0,7,2021_0_7,production,2147.419921875,78,0,0,0,2230.315152168274,2048.6862548828126,2232.35791015625,2398.2478759765627,54.829305091665844,1,68.33072916666667,6.167880588107639,0.109375,0.010877821180555552,0.13802083333333334,0.3723958333333333,0.01904975043402778,0.13867865668402776
2021,0,8,2021_0_8,production,1914.8199462890625,76,0,0,0,2194.439466794332,1988.1356201171875,2201.296875,2371.494189453125,199.37941459566355,0,80.171875,3.6814236111111116,0.125,0.015625,0.08854166666666667,0.2864583333333333,0.007839626736111112,0.0820583767361111
2021,0,9,2021_0_9,production,1994.56005859375,97,1,0,0,2176.9436276753745,2005.8352416992188,2175.3798828125,2339.5642578125,118.38140558865337,0,72.22395833333333,18.16799587673611,0.16927083333333334,0.7165595160590277,0.07552083333333333,0.21354166666666666,0.00570339626736111,0.045600043402777776
2021,0,10,2021_0_10,production,2276.52001953125,61,0,0,0,2093.9138333002725,1901.4590209960938,2095.594482421875,2292.502026367187,112.94667834954129,1,82.9609375,14.632073296440973,0.4635416666666667,0.18372938368055558,0.013020833333333334,0.09375,0.00016954210069444447,0.0087890625
2021,0,11,2021_0_11,production,2343.39990234375,77,0,0,1,2102.849130630493,1898.5509765625,2104.8153076171875,2299.5947509765624,162.95778718756304,0,81.3984375,4.044074164496529,0.23177083333333334,0.04194471571180555,0.03125,0.125,0.0009765625,0.765625
2021,0,0,2021_0_0,ridge_swap,1868.179931640625,83,0,0,0,2191.9745438893638,2014.3885375976563,2192.6414794921875,2360.30556640625,248.96714113156003,0,73.41666666666667,6.088772243923611,0.140625,0.017062717013888895,0.0703125,0.25,0.00494384765625,0.0625
2021,0,1,2021_0_1,ridge_swap,2229.83984375,82,0,0,0,2168.8926989237466,1984.6210083007813,2162.868896484375,2349.8834228515625,44.97664983570576,1,74.47135416666667,5.195780436197917,0.2734375,0.06188286675347221,0.0703125,0.21614583333333334,0.00494384765625,0.04671902126736111
2021,0,2,2021_0_2,ridge_swap,2330.56005859375,83,0,0,1,2228.402935663859,2069.18544921875,2222.009521484375,2405.811376953125,62.48267051080863,1,68.69010416666667,9.262403700086805,0.11197916666666667,0.010423448350694448,0.15364583333333334,0.3489583333333333,0.023607042100694448,0.4238552517361112
2021,0,3,2021_0_3,ridge_swap,2118.800048828125,80,0,0,0,2235.0780849456787,2042.665185546875,2231.6839599609375,2414.63740234375,71.53926298353406,1,71.52864583333333,5.385057237413194,0.19010416666666666,0.030687120225694448,0.140625,0.3984375,0.019775390625,0.15875244140625
2021,0,4,2021_0_4,ridge_swap,1880.6199951171875,83,0,0,0,2161.129256248474,1976.46025390625,2157.4976806640625,2340.277880859375,202.32264360040426,0,72.484375,6.590196397569445,0.06510416666666667,0.003913031684027783,0.06770833333333333,0.19010416666666666,0.004584418402777777,0.036139594184027776
2021,0,5,2021_0_5,ridge_swap,2364.85986328125,83,0,1,1,2183.80708694458,2003.0316650390625,2192.2655029296875,2361.4587646484374,112.17490139272478,0,75.73697916666667,4.917175292968749,0.21875,0.04054090711805555,0.08333333333333333,0.23177083333333334,0.8402777777777777,0.590176052517361
2021,0,6,2021_0_6,ridge_swap,2226.5,88,0,0,0,2199.385012626648,2020.16044921875,2202.010986328125,2371.320703125,32.50824616269932,1,74.19270833333333,8.877115885416668,0.12760416666666666,0.014411078559027762,0.0859375,0.2630208333333333,0.00738525390625,0.0691799587673611
2021,0,7,2021_0_7,ridge_swap,2147.419921875,78,0,0,0,2222.307313601176,2041.8726318359375,2216.042724609375,2392.9326171875,48.41996854295334,1,68.20052083333333,6.013258192274305,0.10416666666666667,0.009819878472222224,0.09635416666666667,0.3515625,0.009284125434027778,0.12359619140625
2021,0,8,2021_0_8,ridge_swap,1914.8199462890625,76,0,0,0,2195.4686473210654,2013.891552734375,2192.6607666015625,2377.0224365234376,202.00643447455434,0,80.09375,3.3856336805555554,0.15104166666666666,0.02129448784722221,0.1015625,0.3046875,0.01031494140625,0.09283447265625
2021,0,9,2021_0_9,ridge_swap,1994.56005859375,97,1,0,0,2179.436312675476,2007.0423095703125,2186.5982666015625,2342.2627685546877,122.15390959961547,0,72.48697916666667,17.651590983072914,0.16145833333333334,0.7208387586805556,0.06510416666666667,0.22135416666666666,0.004238552517361112,0.04899766710069444
2021,0,10,2021_0_10,ridge_swap,2276.52001953125,61,0,0,0,2093.7271140416465,1913.3751098632813,2095.8193359375,2267.4353515625,116.03104911496241,0,82.88541666666667,14.941392686631945,0.4635416666666667,0.1920844184027778,0.018229166666666668,0.09375,0.0003323025173611112,0.0087890625
2021,0,11,2021_0_11,ridge_swap,2343.39990234375,77,0,0,1,2104.1881923675537,1904.8434936523438,2107.202392578125,2304.76162109375,160.67039065063,0,81.70833333333333,3.7559136284722214,0.23958333333333334,0.047159830729166685,0.046875,0.13020833333333334,0.002197265625,0.7565375434027777
2021,1,0,2021_1_0,production,2278.85986328125,101,0,0,1,2254.6575969060264,2088.04443359375,2252.1375732421875,2439.115380859375,33.921726464397366,1,67.35416666666667,26.604410807291668,0.11979166666666667,0.012600368923611119,0.14583333333333334,0.4322916666666667,0.021267361111111115,0.32229275173611105
2021,1,1,2021_1_1,production,2083.43994140625,71,0,0,0,2159.761831601461,1978.0845581054687,2155.2117919921875,2358.577490234375,48.62013288421764,1,78.27864583333333,4.502421061197918,0.3958333333333333,0.1141628689236111,0.07552083333333333,0.19270833333333334,0.00570339626736111,0.03713650173611111
2021,1,2,2021_1_2,production,2052.320068359375,85,0,0,0,2181.844957033793,1992.0812866210938,2185.2908935546875,2381.8765869140625,78.16822076754437,1,77.99739583333333,4.774339463975695,0.23177083333333334,0.05021837022569445,0.08854166666666667,0.24479166666666666,0.007839626736111112,0.05992296006944444
2021,1,3,2021_1_3,production,1948.0799560546875,75,0,0,0,2123.0581216812134,1938.2388916015625,2128.228515625,2304.2059814453123,110.61753179050154,1,71.34895833333333,3.6358506944444446,0.1171875,0.012566460503472224,0.033854166666666664,0.13020833333333334,0.0011461046006944443,0.016954210069444448
2021,1,4,2021_1_4,production,1886.9400634765625,98,0,0,0,2162.412810007731,1994.2160400390626,2158.683837890625,2345.7198486328125,200.77188252243732,0,77.43489583333333,14.23760986328125,0.14322916666666666,0.01907687717013888,0.046875,0.203125,0.002197265625,0.041259765625
2021,1,5,2021_1_5,production,2186.0400390625,93,1,0,0,2227.2000436782837,2019.038134765625,2231.5888671875,2434.999755859375,40.48404512057702,1,77.68229166666667,9.743177625868057,0.1015625,0.80718994140625,0.13541666666666666,0.3489583333333333,0.01833767361111111,0.12177191840277776
2021,1,6,2021_1_6,production,2422.780029296875,63,0,1,1,2156.925112724304,1976.6381713867188,2155.57666015625,2344.01943359375,186.3402356331547,0,72.51041666666667,5.462212456597222,0.09635416666666667,0.008795844184027776,0.052083333333333336,0.17447916666666666,0.8985460069444444,0.6814846462673612
2021,1,7,2021_1_7,production,1958.6800537109375,81,0,0,0,2100.2182172139487,1922.2249389648437,2103.6920166015625,2274.26015625,86.54022595783074,1,73.62760416666667,5.171651204427083,0.16927083333333334,0.02612982855902779,0.020833333333333332,0.0859375,0.00043402777777777775,0.00738525390625
2021,1,8,2021_1_8,production,1986.2401123046875,83,0,0,0,2198.841777483622,2011.2155029296875,2203.158935546875,2380.5169921875,140.55296593490573,0,77.07291666666667,4.295043945312499,0.1953125,0.03429497612847221,0.09375,0.2838541666666667,0.0087890625,0.08057318793402779
2021,1,9,2021_1_9,production,2223.10009765625,78,0,0,1,2271.347911834717,2098.364208984375,2274.2877197265625,2448.839208984375,39.735277098086144,1,68.7109375,5.859191894531249,0.07291666666666667,0.005316840277777776,0.17708333333333334,0.4947916666666667,0.03135850694444445,0.25523546006944436
2021,1,10,2021_1_10,production,2090.820068359375,82,0,0,0,2169.9074052174888,1977.9310791015625,2169.62451171875,2361.7698486328127,52.5105877833234,1,75.28645833333333,4.645697699652778,0.15364583333333334,0.020623101128472238,0.08072916666666667,0.22916666666666666,0.006517198350694445,0.052517361111111105
2021,1,11,2021_1_11,production,2123.5400390625,93,0,0,0,2152.8785861333213,1982.89453125,2157.7445068359375,2337.5945556640627,35.858839494486645,1,77.85677083333333,9.582146538628471,0.546875,0.2230224609375,0.049479166666666664,0.1796875,0.0024481879340277775,0.03228759765625
2021,1,0,2021_1_0,ridge_swap,2278.85986328125,101,0,0,1,2257.8261766433716,2085.240576171875,2256.1298828125,2447.63740234375,35.46058141440153,1,67.28385416666667,26.593851725260414,0.11979166666666667,0.012600368923611119,0.16145833333333334,0.4557291666666667,0.02606879340277778,0.29623074001736105
2021,1,1,2021_1_1,ridge_swap,2083.43994140625,71,0,0,0,2166.3396606445312,1966.3358032226563,2162.38916015625,2359.46572265625,52.74922255178292,1,78.296875,4.571614583333333,0.3932291666666667,0.10931396484375,0.06510416666666667,0.2109375,0.004238552517361112,0.04449462890625
2021,1,2,2021_1_2,ridge_swap,2052.320068359375,85,0,0,0,2173.924273173014,1978.0326171875,2184.548095703125,2370.7123291015623,73.050633372532,1,78.60677083333333,4.770311143663195,0.23697916666666666,0.04924180772569445,0.078125,0.22916666666666666,0.006103515625,0.052517361111111105
2021,1,3,2021_1_3,ridge_swap,1948.0799560546875,75,0,0,0,2125.6482137044272,1949.0127319335938,2137.8629150390625,2295.1313720703124,116.13058064546848,0,71.95833333333333,3.2860243055555562,0.11197916666666667,0.011427137586805566,0.033854166666666664,0.12239583333333333,0.0011461046006944443,0.01498074001736111
2021,1,4,2021_1_4,ridge_swap,1886.9400634765625,98,0,0,0,2151.703265508016,1964.6171508789062,2154.8272705078125,2334.225341796875,185.29889315532313,0,78.5390625,12.734598795572914,0.19010416666666666,0.033291286892361105,0.052083333333333336,0.1875,0.0027126736111111114,0.03515625
2021,1,5,2021_1_5,ridge_swap,2186.0400390625,93,1,0,0,2215.0922104517617,2022.8437377929688,2211.8558349609375,2407.25830078125,36.611400434540386,1,78.44010416666667,9.067647298177082,0.12760416666666666,0.7748277452256944,0.1328125,0.3203125,0.01763916015625,0.10260009765625
2021,1,6,2021_1_6,ridge_swap,2422.780029296875,63,0,1,1,2160.9201052983603,1986.8051879882812,2148.7568359375,2365.1927734375,180.6901238039136,0,71.9921875,5.16473388671875,0.08072916666666667,0.005730523003472224,0.052083333333333336,0.2265625,0.8985460069444444,0.59820556640625
2021,1,7,2021_1_7,ridge_swap,1958.6800537109375,81,0,0,0,2098.3842194875083,1922.3765869140625,2101.048095703125,2269.045947265625,85.4789323227273,1,74.60416666666667,4.813042534722223,0.1875,0.028211805555555552,0.0234375,0.08333333333333333,0.00054931640625,0.006944444444444444
2021,1,8,2021_1_8,ridge_swap,1986.2401123046875,83,0,0,0,2197.247076034546,2016.0508178710938,2206.0609130859375,2382.852880859375,138.75409106413525,0,77.37760416666667,4.239142523871528,0.19791666666666666,0.03435601128472221,0.09635416666666667,0.265625,0.009284125434027778,0.070556640625
2021,1,9,2021_1_9,ridge_swap,2223.10009765625,78,0,0,1,2276.662086168925,2094.572802734375,2276.4669189453125,2451.7703125,40.17561937123537,1,67.30729166666667,6.501912434895833,0.06510416666666667,0.004238552517361119,0.19270833333333334,0.4947916666666667,0.03713650173611111,0.25523546006944436
2021,1,10,2021_1_10,ridge_swap,2090.820068359375,82,0,0,0,2161.1814250946045,1954.4588012695312,2164.84326171875,2365.5199951171876,49.014475637012055,1,75.34635416666667,4.971835666232639,0.10677083333333333,0.009853786892361105,0.07291666666666667,0.22135416666666666,0.005316840277777779,0.04899766710069444
2021,1,11,2021_1_11,ridge_swap,2123.5400390625,93,0,0,0,2152.3195889790854,1959.3207641601562,2159.3404541015625,2356.1359619140626,35.90207453734344,1,77.86979166666667,9.8419189453125,0.5598958333333334,0.23744710286458337,0.0390625,0.18229166666666666,0.00152587890625,0.033230251736111105
2021,2,0,2021_2_0,production,2214.26025390625,81,0,0,1,2231.057676633199,2043.32470703125,2230.361083984375,2404.185400390625,35.36430424037907,1,72.078125,5.853814019097221,0.11458333333333333,0.010959201388888881,0.15104166666666666,0.3723958333333333,0.02281358506944444,0.3938869900173612
2021,2,1,2021_2_1,production,2116.719970703125,93,0,0,0,2228.687975247701,2053.3526611328125,2234.2515869140625,2395.546044921875,68.79935380402537,1,68.02083333333333,18.34848361545139,0.09114583333333333,0.007005479600694434,0.14322916666666666,0.3411458333333333,0.020514594184027776,0.11638047960069443
2021,2,2,2021_2_2,production,2237.080078125,86,0,0,1,2219.4012002944946,2037.5832275390626,2220.089599609375,2409.023388671875,33.47832960966561,1,75.34635416666667,6.641079372829862,0.19791666666666666,0.03716362847222221,0.1328125,0.328125,0.01763916015625,0.451416015625
2021,2,3,2021_2_3,production,2081.89990234375,87,1,0,0,2108.613302230835,1940.9210815429688,2109.607177734375,2288.981982421875,34.91637957758374,1,75.16927083333333,7.203592936197917,0.23177083333333334,0.622958713107639,0.018229166666666668,0.11458333333333333,0.0003323025173611112,0.013129340277777776
2021,2,4,2021_2_4,production,2051.14013671875,89,0,0,0,2219.382637023926,2047.01611328125,2215.0223388671875,2397.2270263671876,104.49697671830653,1,71.67447916666667,11.128668891059029,0.10416666666666667,0.009345160590277776,0.1171875,0.3489583333333333,0.01373291015625,0.12177191840277776
2021,2,5,2021_2_5,production,1979.699951171875,89,0,0,0,2196.335622151693,2002.182080078125,2204.47412109375,2366.4599609375,148.2088191625145,0,77.86458333333333,6.915418836805555,0.15885416666666666,0.022142198350694448,0.07552083333333333,0.3177083333333333,0.00570339626736111,0.10093858506944443
2021,2,6,2021_2_6,production,2328.2001953125,51,0,1,1,2174.5611985524497,2000.9492797851562,2184.4803466796875,2350.583251953125,89.37186108364,1,74.3046875,15.856506347656252,0.1640625,0.023715549045138895,0.0546875,0.2109375,0.89361572265625,0.62261962890625
2021,2,7,2021_2_7,production,2047.260009765625,81,0,0,0,2071.5483004252114,1875.6748901367187,2071.7646484375,2250.2985595703126,37.33171770804458,1,75.15104166666667,4.249240451388889,0.24479166666666666,0.04740397135416666,0.015625,0.08072916666666667,0.000244140625,0.006517198350694445
2021,2,8,2021_2_8,production,2084.39990234375,69,0,0,0,2140.143885612488,1959.5562133789062,2145.865478515625,2331.6133056640624,44.1503798953361,1,74.32552083333333,3.891255696614582,0.17447916666666666,0.027838812934027762,0.041666666666666664,0.15625,0.001736111111111111,0.0244140625
2021,2,9,2021_2_9,production,1976.300048828125,78,0,0,0,2151.708079020182,1964.1121337890625,2157.7706298828125,2339.8303955078127,110.0637883361843,1,78.71354166666667,3.122680664062499,0.2786458333333333,0.06568060980902776,0.0546875,0.19791666666666666,0.00299072265625,0.03917100694444444
2021,2,10,2021_2_10,production,2202.10009765625,90,0,0,0,2175.2435483932495,1996.219677734375,2169.0880126953125,2365.2312255859374,35.29200774348443,1,73.75260416666667,10.28338623046875,0.19791666666666666,0.03435601128472221,0.06510416666666667,0.1953125,0.004238552517361112,0.03814697265625
2021,2,11,2021_2_11,production,2028.840087890625,86,0,0,0,2233.2789920171103,2062.5862548828127,2227.31396484375,2404.4716064453123,137.62834332966142,0,71.828125,9.17361111111111,0.12239583333333333,0.012647840711805552,0.13020833333333334,0.3359375,0.016954210069444448,0.11285400390625
2021,2,0,2021_2_0,ridge_swap,2214.26025390625,81,0,0,1,2231.904735883077,2037.0790283203125,2242.9295654296875,2420.6867919921874,37.23180539657673,1,71.44010416666667,5.889994303385416,0.1015625,0.008822970920138895,0.171875,0.3645833333333333,0.029541015625,0.40375434027777785
2021,2,1,2021_2_1,ridge_swap,2116.719970703125,93,0,0,0,2234.136622428894,2066.700927734375,2238.2117919921875,2408.655810546875,71.05459424273835,1,68.82552083333333,17.67156982421875,0.08072916666666667,0.005730523003472224,0.12760416666666666,0.390625,0.01628282335069444,0.152587890625
2021,2,2,2021_2_2,ridge_swap,2237.080078125,86,0,0,1,2219.7586460113525,2026.887939453125,2218.2574462890625,2402.3031982421876,34.079765261875266,1,76.2109375,6.278028700086806,0.2109375,0.039340549045138895,0.125,0.3307291666666667,0.015625,0.44792344835069436
2021,2,3,2021_2_3,ridge_swap,2081.89990234375,87,1,0,0,2106.564084370931,1930.490673828125,2112.3291015625,2284.240869140625,33.522897778285866,1,74.890625,7.3094753689236125,0.22395833333333334,0.6483425564236112,0.03125,0.09635416666666667,0.0009765625,0.009284125434027778
2021,2,4,2021_2_4,ridge_swap,2051.14013671875,89,0,0,0,2210.2494745254517,2026.6337890625,2209.5557861328125,2385.7847412109377,97.2376461053888,1,71.93489583333333,11.04278564453125,0.13020833333333334,0.014458550347222238,0.13020833333333334,0.3125,0.016954210069444448,0.09765625
2021,2,5,2021_2_5,ridge_swap,1979.699951171875,89,0,0,0,2193.3551944096885,2012.01484375,2200.3670654296875,2361.9466064453127,147.4754928888546,0,76.72916666666667,7.613810221354167,0.14322916666666666,0.016526963975694448,0.06510416666666667,0.2630208333333333,0.004238552517361112,0.0691799587673611
2021,2,6,2021_2_6,ridge_swap,2328.2001953125,51,0,1,1,2175.687004725138,1990.3471557617188,2170.838623046875,2357.129150390625,91.30193283491664,1,73.9921875,15.538458930121529,0.16666666666666666,0.023722330729166657,0.07291666666666667,0.2526041666666667,0.8594835069444445,0.5586005316840277
2021,2,7,2021_2_7,ridge_swap,2047.260009765625,81,0,0,0,2072.015205065409,1889.5853637695313,2059.8162841796875,2280.486474609375,36.960108506182834,1,74.859375,4.485582139756945,0.24479166666666666,0.04852973090277776,0.020833333333333332,0.09375,0.00043402777777777775,0.0087890625
2021,2,8,2021_2_8,ridge_swap,2084.39990234375,69,0,0,0,2134.8584343592324,1937.1836547851562,2143.9154052734375,2323.7138671875,43.41529719283183,1,74.28125,3.8132188585069446,0.16666666666666666,0.023776584201388867,0.03125,0.1484375,0.0009765625,0.02203369140625
2021,2,9,2021_2_9,ridge_swap,1976.300048828125,78,0,0,0,2150.9239377975464,1964.6172485351562,2157.2763671875,2334.6146240234375,110.4101462918851,1,79.140625,3.0494249131944438,0.24739583333333334,0.05176459418402779,0.033854166666666664,0.1796875,0.0011461046006944443,0.03228759765625
2021,2,10,2021_2_10,ridge_swap,2202.10009765625,90,0,0,0,2167.8608430226645,1992.9254638671875,2160.829345703125,2347.473681640625,35.93011333213913,1,74.4765625,9.688483344184029,0.20572916666666666,0.03540717230902776,0.046875,0.2265625,0.002197265625,0.05133056640625
2021,2,11,2021_2_11,ridge_swap,2028.840087890625,86,0,0,0,2228.576543490092,2052.47978515625,2231.36376953125,2410.0208740234375,131.115047286782,0,72.609375,8.132948133680557,0.14322916666666666,0.018398708767361105,0.14322916666666666,0.3411458333333333,0.020514594184027776,0.11638047960069443
2021,3,0,2021_3_0,production,2266.420166015625,57,0,0,1,2190.91659895579,1990.1097290039063,2194.4703369140625,2372.173291015625,46.09421856287453,1,73.17708333333333,9.758965386284721,0.16666666666666666,0.025295681423611105,0.08072916666666667,0.2890625,0.006517198350694445,0.50543212890625
2021,3,1,2021_3_1,production,2054.7998046875,103,0,0,0,2173.0574906667075,2006.2248291015626,2168.8729248046875,2343.7955078125,70.54632857773039,1,72.22916666666667,23.89309353298611,0.07552083333333333,0.005703396267361105,0.06510416666666667,0.24479166666666666,0.004238552517361112,0.05992296006944444
2021,3,2,2021_3_2,production,1996.8399658203125,92,0,0,0,2229.4358304341636,2032.0275756835938,2231.7581787109375,2400.0807373046873,155.97101985580392,0,74.69010416666667,11.353441026475696,0.17447916666666666,0.02623833550347221,0.15364583333333334,0.3854166666666667,0.023607042100694448,0.14854600694444445
2021,3,3,2021_3_3,production,2022.4801025390625,75,0,0,0,2205.76389280955,2010.5217529296874,2207.8013916015625,2390.3004638671873,116.66348926971357,1,78.22916666666667,3.4789903428819438,0.21875,0.04054090711805555,0.12239583333333333,0.3255208333333333,0.01498074001736111,0.10596381293402776
2021,3,4,2021_3_4,production,2177.219970703125,84,0,0,0,2168.79949092865,1980.919482421875,2171.09765625,2344.0953857421873,32.9104569595721,1,75.90364583333333,5.391038682725695,0.24479166666666666,0.04564073350694445,0.0625,0.234375,0.00390625,0.054931640625
2021,3,5,2021_3_5,production,2069.080078125,74,0,0,0,2140.7832927703857,1945.091552734375,2148.712646484375,2330.347900390625,50.49581202864647,1,72.35416666666667,3.4523247612847223,0.078125,0.005343967013888895,0.049479166666666664,0.18489583333333334,0.0024481879340277775,0.03418646918402778
2021,3,6,2021_3_6,production,1986.159912109375,79,0,0,0,2192.159651120504,2016.176599121094,2189.933837890625,2357.8931640625,138.68492732197046,0,72.70052083333333,4.564202202690971,0.15104166666666666,0.018581814236111105,0.09895833333333333,0.2526041666666667,0.00979275173611111,0.06380886501736112
2021,3,7,2021_3_7,production,2336.02001953125,93,0,1,1,2140.7927328745523,1956.1730346679688,2148.9593505859375,2297.6962158203123,129.47395793100196,0,74.42708333333333,12.37221950954861,0.12760416666666666,0.01329888237847221,0.041666666666666664,0.13802083333333334,0.9184027777777779,0.743008083767361
2021,3,8,2021_3_8,production,2100.1201171875,69,0,0,0,2178.3446311950684,2019.7228515625,2173.3629150390625,2346.2953369140623,49.12530034780502,1,68.34114583333333,3.060553656684027,0.09375,0.0087890625,0.06510416666666667,0.23697916666666666,0.004238552517361112,0.056159125434027776
2021,3,9,2021_3_9,production,2254.3798828125,71,0,0,1,2179.028156598409,1989.8825927734374,2182.216552734375,2363.8352783203127,49.367791315747624,1,72.61197916666667,2.993347167968751,0.17708333333333334,0.02631293402777779,0.10416666666666667,0.265625,0.010850694444444446,0.539306640625
2021,3,10,2021_3_10,production,1950.760009765625,96,0,0,0,2121.444876352946,1939.6847290039063,2128.5814208984375,2287.226220703125,111.41917613479826,1,82.78125,8.424140082465279,0.359375,0.10247124565972221,0.036458333333333336,0.125,0.0013292100694444447,0.015625
2021,3,11,2021_3_11,production,1893.580078125,97,1,0,0,2208.642685254415,2027.033251953125,2214.4976806640625,2367.8253173828125,240.58910621454322,0,74.73697916666667,15.80487060546875,0.14583333333333334,0.7475721571180556,0.11979166666666667,0.3177083333333333,0.01435004340277778,0.10093858506944443
2021,3,0,2021_3_0,ridge_swap,2266.420166015625,57,0,0,1,2189.569981892904,2009.887451171875,2186.9700927734375,2366.152099609375,49.85117220381896,1,74.35677083333333,10.793680826822918,0.16666666666666666,0.023057725694444448,0.09114583333333333,0.2734375,0.008307562934027776,0.52789306640625
2021,3,1,2021_3_1,ridge_swap,2054.7998046875,103,0,0,0,2171.1955258051553,1989.2510864257813,2177.9583740234375,2334.888720703125,70.79654825478794,1,72.52864583333333,23.62655300564236,0.07291666666666667,0.004950629340277776,0.0546875,0.21354166666666666,0.00299072265625,0.045600043402777776
2021,3,2,2021_3_2,ridge_swap,1996.8399658203125,92,0,0,0,2225.10883808136,2051.2074462890623,2215.83447265625,2408.5958984375,154.74102339231305,0,74.60416666666667,11.117296006944446,0.2265625,0.04473876953125,0.15104166666666666,0.3567708333333333,0.02281358506944444,0.1272854275173611
2021,3,3,2021_3_3,ridge_swap,2022.4801025390625,75,0,0,0,2220.627964337667,2025.2104614257812,2228.818115234375,2418.28623046875,125.88037366088894,0,76.98958333333333,3.4410671657986116,0.16145833333333334,0.024441189236111133,0.171875,0.3880208333333333,0.029541015625,0.15056016710069442
2021,3,4,2021_3_4,ridge_swap,2177.219970703125,84,0,0,0,2172.7793394724526,1990.4567993164062,2181.454345703125,2350.834375,34.13379291196665,1,74.859375,5.456068250868056,0.22916666666666666,0.03899468315972221,0.07552083333333333,0.2604166666666667,0.00570339626736111,0.06781684027777779
2021,3,5,2021_3_5,ridge_swap,2069.080078125,74,0,0,0,2137.1187130610147,1956.0118896484375,2143.192626953125,2341.519140625,47.196025334298625,1,72.859375,3.4399278428819446,0.08854166666666667,0.0065782335069444475,0.0390625,0.16666666666666666,0.00152587890625,0.027777777777777776
2021,3,6,2021_3_6,ridge_swap,1986.159912109375,79,0,0,0,2189.5809869766235,2011.9786010742187,2188.4725341796875,2372.57666015625,135.47212208890252,0,73.00260416666667,4.183261447482639,0.15364583333333334,0.020623101128472238,0.0859375,0.2864583333333333,0.00738525390625,0.0820583767361111
2021,3,7,2021_3_7,ridge_swap,2336.02001953125,93,0,1,1,2138.76961962382,1949.763427734375,2137.153076171875,2340.0179931640623,128.41326450142594,1,73.8203125,12.917582194010418,0.12760416666666666,0.015631781684027762,0.044270833333333336,0.18489583333333334,0.913418240017361,0.664394802517361
2021,3,8,2021_3_8,ridge_swap,2100.1201171875,69,0,0,0,2170.1906938552856,1986.4725219726563,2185.3173828125,2344.071630859375,50.199858964317386,1,68.44791666666667,3.1346164279513893,0.09375,0.0087890625,0.078125,0.22916666666666666,0.006103515625,0.052517361111111105
2021,3,9,2021_3_9,ridge_swap,2254.3798828125,71,0,0,1,2170.3146839141846,1981.8609008789062,2174.7567138671875,2368.5123291015625,51.97277948094738,1,73.4140625,3.2670966254340277,0.16927083333333334,0.024583604600694448,0.0859375,0.20572916666666666,0.00738525390625,0.6308661566840278
2021,3,10,2021_3_10,ridge_swap,1950.760009765625,96,0,0,0,2116.3423296610513,1943.3174682617187,2109.23291015625,2304.3339599609376,105.44855410191748,1,82.48958333333333,8.599066840277779,0.3411458333333333,0.09557427300347221,0.036458333333333336,0.140625,0.0013292100694444447,0.019775390625
2021,3,11,2021_3_11,ridge_swap,1893.580078125,97,1,0,0,2206.069292386373,2019.86162109375,2210.3975830078125,2367.27158203125,239.56151477413044,0,74.90885416666667,15.528842502170138,0.15364583333333334,0.7341240776909722,0.0859375,0.2942708333333333,0.00738525390625,0.08659532335069443
2021,4,0,2021_4_0,production,2164.3798828125,76,0,0,1,2139.6907234191895,1952.7536376953126,2133.9110107421875,2332.06728515625,35.97474781009886,1,78.6328125,3.1189032660590277,0.171875,0.028659396701388895,0.044270833333333336,0.16145833333333334,0.001959906684027778,0.703152126736111
2021,4,1,2021_4_1,production,2120.72021484375,75,0,0,0,2165.9837633768716,1954.9200927734375,2176.973876953125,2354.15927734375,41.96610803239875,1,75.95833333333333,3.4916856553819446,0.2786458333333333,0.058736165364583315,0.0703125,0.20052083333333334,0.00494384765625,0.04020860460069445
2021,4,2,2021_4_2,production,2060.35986328125,79,0,0,0,2162.8789224624634,1985.2311889648438,2160.2296142578125,2368.7487060546873,60.49885422736406,1,78.19010416666667,3.292473687065973,0.5859375,0.2797376844618056,0.0625,0.1953125,0.00390625,0.03814697265625
2021,4,3,2021_4_3,production,2204.719970703125,93,0,0,1,2267.342931111654,2104.20009765625,2272.1654052734375,2459.28896484375,43.985293699635406,1,74.80208333333333,12.373670789930554,0.4947916666666667,0.20921495225694448,0.17447916666666666,0.4375,0.03044297960069444,0.31640625
2021,4,4,2021_4_4,production,1945.56005859375,75,0,0,0,2094.681873639425,1919.8442504882812,2103.07958984375,2268.14443359375,92.40225856585634,1,74.21614583333333,3.0722181532118062,0.20052083333333334,0.03532579210069445,0.020833333333333332,0.07291666666666667,0.00043402777777777775,0.005316840277777779
2021,4,5,2021_4_5,production,2156.60009765625,100,0,0,0,2219.080839792887,2039.7045288085938,2231.8597412109375,2402.065576171875,47.16869653264682,1,74.94010416666667,18.002176920572918,0.3802083333333333,0.10968695746527773,0.09895833333333333,0.3385416666666667,0.00979275173611111,0.11461046006944446
2021,4,6,2021_4_6,production,2008.6600341796875,92,0,0,0,2219.517030398051,2038.0462036132812,2222.5650634765625,2400.1628173828126,140.44062626113492,0,69.15885416666667,15.952833387586805,0.09895833333333333,0.009290907118055552,0.13802083333333334,0.3333333333333333,0.01904975043402778,0.1111111111111111
2021,4,7,2021_4_7,production,2239.39990234375,82,0,1,1,2215.307929992676,2028.1414428710937,2223.885986328125,2401.1300048828125,33.67171748810344,1,76.2265625,4.608893500434029,0.11979166666666667,0.013156467013888895,0.08333333333333333,0.3229166666666667,0.8402777777777777,0.4584418402777777
2021,4,8,2021_4_8,production,2154.419921875,77,0,0,0,2230.7572609583535,2034.61865234375,2237.7144775390625,2409.72138671875,53.73734577910767,1,76.26302083333333,3.2757229275173616,0.15885416666666666,0.023634168836805552,0.1328125,0.3645833333333333,0.01763916015625,0.13292100694444442
2021,4,9,2021_4_9,production,2138.1201171875,76,1,0,0,2148.414654413859,1968.2177490234376,2150.2135009765625,2319.81806640625,32.993103666438,1,74.3046875,3.2076483832465286,0.1640625,0.7075534396701388,0.036458333333333336,0.1640625,0.0013292100694444447,0.02691650390625
2021,4,10,2021_4_10,production,2071.64013671875,64,0,0,0,2193.3319215774536,2017.3593017578125,2193.55419921875,2376.997802734375,71.23898562375041,1,71.26822916666667,4.542134602864584,0.08072916666666667,0.005730523003472224,0.0859375,0.2526041666666667,0.00738525390625,0.06380886501736112
2021,4,11,2021_4_11,production,2143.7998046875,87,0,0,0,2150.3372662862143,1985.8431518554687,2151.853515625,2333.7404052734373,31.921853595309784,1,74.10416666666667,8.10171169704861,0.08854166666666667,0.007839626736111119,0.052083333333333336,0.15625,0.0027126736111111114,0.0244140625
2021,4,0,2021_4_0,ridge_swap,2164.3798828125,76,0,0,1,2152.0986630121865,1982.166748046875,2151.890869140625,2323.6411376953124,33.9113736740417,1,78.61197916666667,3.2340562608506938,0.18229166666666666,0.029649522569444448,0.049479166666666664,0.171875,0.0024481879340277775,0.685791015625
2021,4,1,2021_4_1,ridge_swap,2120.72021484375,75,0,0,0,2175.7894163131714,1995.689306640625,2172.25927734375,2379.20400390625,42.407495333916614,1,75.8984375,3.403096516927084,0.3046875,0.07433403862847221,0.09895833333333333,0.2526041666666667,0.00979275173611111,0.06380886501736112
2021,4,2,2021_4_2,ridge_swap,2060.35986328125,79,0,0,0,2168.3158753712974,1995.6250610351562,2161.556640625,2351.24345703125,64.1150843931569,1,77.75,3.086425781249999,0.5755208333333334,0.27398681640625006,0.059895833333333336,0.23697916666666666,0.003587510850694445,0.056159125434027776
2021,4,3,2021_4_3,ridge_swap,2204.719970703125,93,0,0,1,2264.1825621922812,2078.9048828125,2264.646484375,2448.676025390625,43.23065296726094,1,74.8671875,12.153245713975693,0.484375,0.20411512586805558,0.1875,0.4557291666666667,0.03515625,0.29623074001736105
2021,4,4,2021_4_4,ridge_swap,1945.56005859375,75,0,0,0,2087.0102440516152,1904.506103515625,2090.21435546875,2260.010009765625,86.23230055222909,1,73.78125,3.293009440104166,0.1953125,0.03155517578125,0.020833333333333332,0.0859375,0.00043402777777777775,0.00738525390625
2021,4,5,2021_4_5,ridge_swap,2156.60009765625,100,0,0,0,2211.6911948521933,2019.224853515625,2220.1346435546875,2399.538037109375,45.852132809658855,1,75.83333333333333,17.042032877604168,0.3932291666666667,0.11536322699652779,0.11197916666666667,0.3307291666666667,0.012539333767361112,0.10938178168402779
2021,4,6,2021_4_6,ridge_swap,2008.6600341796875,92,0,0,0,2213.434224764506,2031.1855346679688,2207.48291015625,2403.4108642578126,132.2249235336979,0,69.90625,15.119398328993054,0.12239583333333333,0.014980740017361105,0.13541666666666666,0.328125,0.01833767361111111,0.107666015625
2021,4,7,2021_4_7,ridge_swap,2239.39990234375,82,0,1,1,2207.7536191940308,2024.3685180664063,2213.3330078125,2382.3318359375,36.76315238823494,1,77.05208333333333,4.286512586805555,0.12760416666666666,0.015631781684027762,0.09635416666666667,0.3046875,0.8165757921006945,0.48345947265625
2021,4,8,2021_4_8,ridge_swap,2154.419921875,77,0,0,0,2229.407279332479,2057.570556640625,2231.32568359375,2396.161474609375,47.869845567478066,1,75.87239583333333,3.153055826822917,0.14583333333333334,0.017130533854166685,0.109375,0.3151041666666667,0.011962890625,0.09929063585069446
2021,4,9,2021_4_9,ridge_swap,2138.1201171875,76,1,0,0,2146.089821497599,1985.201025390625,2156.125732421875,2303.786865234375,31.939149280389145,1,74.39583333333333,3.039713541666667,0.140625,0.7475314670138888,0.028645833333333332,0.14583333333333334,0.000820583767361111,0.021267361111111115
2021,4,10,2021_4_10,ridge_swap,2071.64013671875,64,0,0,0,2187.4960158665976,2029.8076904296875,2190.40283203125,2353.125927734375,70.12992049174177,1,72.28125,4.730645073784723,0.08854166666666667,0.007392035590277776,0.06510416666666667,0.20833333333333334,0.004238552517361112,0.04340277777777778
2021,4,11,2021_4_11,ridge_swap,2143.7998046875,87,0,0,0,2149.894517262777,1974.9614501953124,2151.2423095703125,2333.89833984375,30.62506977054808,1,73.921875,8.288384331597221,0.08854166666666667,0.007839626736111119,0.036458333333333336,0.1640625,0.0013292100694444447,0.02691650390625
2021,5,0,2021_5_0,production,2208.080078125,60,0,0,1,2171.29735660553,1980.0780639648438,2167.9112548828125,2358.29833984375,38.24129296425316,1,75.86197916666667,9.481221516927082,0.16927083333333334,0.027784559461805552,0.06510416666666667,0.234375,0.004238552517361112,0.586181640625
2021,5,1,2021_5_1,production,2034.6201171875,82,0,0,0,2215.311498324076,2019.8674682617188,2216.39404296875,2391.60576171875,113.85418596615393,1,76.04166666666667,4.335557725694445,0.2265625,0.04576958550347221,0.13541666666666666,0.3463541666666667,0.01833767361111111,0.11996120876736112
2021,5,2,2021_5_2,production,2337.0,71,0,1,1,2204.798464457194,2013.9436401367188,2210.13427734375,2387.8281494140624,77.04304690659045,1,79.03385416666667,4.718444824218749,0.5390625,0.23261854383680558,0.0859375,0.2942708333333333,0.83551025390625,0.4980536566840279
2021,5,3,2021_5_3,production,1938.219970703125,102,0,0,0,2157.2534545262656,1983.5779907226563,2156.2850341796875,2332.230712890625,151.77719676080676,0,74.48697916666667,20.032803005642364,0.21354166666666666,0.042385525173611105,0.06510416666666667,0.18229166666666666,0.004238552517361112,0.033230251736111105
2021,5,4,2021_5_4,production,1932.8800048828125,95,0,0,0,2150.307942390442,1945.2716796875,2151.90576171875,2349.1015380859376,142.86267550703553,0,78.6640625,10.713507758246527,0.5625,0.23612467447916669,0.07291666666666667,0.22135416666666666,0.005316840277777779,0.04899766710069444
2021,5,5,2021_5_5,production,2291.47998046875,83,0,0,1,2152.2724091211953,1984.3611083984374,2149.3515625,2331.9452880859376,85.10913633886311,1,76.109375,4.444905598958333,0.296875,0.07381184895833334,0.059895833333333336,0.16145833333333334,0.003587510850694445,0.703152126736111
2021,5,6,2021_5_6,production,2206.080078125,71,0,0,0,2147.4711345036826,1942.1749633789063,2144.02978515625,2350.20947265625,46.36780450327528,1,72.3984375,3.2031182183159723,0.041666666666666664,0.0017361111111111119,0.0546875,0.203125,0.00299072265625,0.041259765625
2021,5,7,2021_5_7,production,2189.740234375,91,0,0,0,2180.921861012777,2001.0469848632813,2172.17919921875,2363.9492431640624,33.29074302150143,1,74.59375,10.682305230034723,0.13541666666666666,0.015733506944444434,0.0703125,0.22135416666666666,0.00494384765625,0.04899766710069444
2021,5,8,2021_5_8,production,2066.419921875,78,0,0,0,2210.4810291926065,2027.1339477539063,2215.3863525390625,2401.4541259765624,88.43979024307596,1,72.18229166666667,4.321031358506945,0.15625,0.02068413628472221,0.11197916666666667,0.3177083333333333,0.012539333767361112,0.10093858506944443
2021,5,9,2021_5_9,production,2138.919921875,77,0,0,0,2226.766319592794,2054.193701171875,2228.196533203125,2405.7001953125,55.0063174623582,1,69.4296875,5.237121582031249,0.20052083333333334,0.03356255425347224,0.10677083333333333,0.3307291666666667,0.011400010850694444,0.10938178168402779
2021,5,10,2021_5_10,production,2132.419921875,87,1,0,0,2209.713349660238,2037.1185791015625,2205.7041015625,2382.1268798828123,48.55468636585606,1,76.23177083333333,6.478780110677083,0.09895833333333333,0.8213161892361112,0.125,0.3046875,0.015625,0.09283447265625
2021,5,11,2021_5_11,production,2149.52001953125,60,0,0,0,2160.8689333597817,1989.5721801757813,2165.2838134765625,2325.05419921875,33.444789457652305,1,69.24479166666667,5.361382378472222,0.0859375,0.006951226128472224,0.046875,0.18229166666666666,0.002197265625,0.033230251736111105
2021,5,0,2021_5_0,ridge_swap,2208.080078125,60,0,0,1,2174.670928955078,2018.7331298828126,2172.6724853515625,2337.6340087890626,35.30846129688952,1,75.59895833333333,9.475504557291668,0.203125,0.035400390625,0.06510416666666667,0.21875,0.004238552517361112,0.6103515625
2021,5,1,2021_5_1,ridge_swap,2034.6201171875,82,0,0,0,2205.974846522013,2006.7952880859375,2206.441650390625,2410.362744140625,105.78727451297972,1,76.21354166666667,4.033569335937499,0.24739583333333334,0.05176459418402779,0.13541666666666666,0.3098958333333333,0.01833767361111111,0.0960354275173611
2021,5,2,2021_5_2,ridge_swap,2337.0,71,0,1,1,2192.9770685831704,2006.385791015625,2190.63720703125,2387.516064453125,86.65148293806448,1,80.19270833333333,5.054009331597223,0.5677083333333334,0.24438476562500006,0.08854166666666667,0.2760416666666667,0.8307562934027778,0.5241156684027777
2021,5,3,2021_5_3,ridge_swap,1938.219970703125,102,0,0,0,2165.1722383499146,1984.4346313476562,2163.891845703125,2348.201025390625,155.9310766764813,0,73.64583333333333,21.101955837673614,0.16145833333333334,0.022922092013888895,0.041666666666666664,0.23177083333333334,0.001736111111111111,0.05371771918402778
2021,5,4,2021_5_4,ridge_swap,1932.8800048828125,95,0,0,0,2150.6956141789756,1947.1236572265625,2159.423583984375,2348.4736328125,143.67077812304098,0,78.6953125,10.066657172309029,0.5859375,0.2595553927951389,0.06770833333333333,0.20572916666666666,0.004584418402777777,0.042324490017361105
2021,5,5,2021_5_5,ridge_swap,2291.47998046875,83,0,0,1,2142.436421394348,1967.4552124023437,2143.1168212890625,2322.18486328125,92.33180005600055,1,76.4375,4.731431749131945,0.2760416666666667,0.06556532118055558,0.044270833333333336,0.1796875,0.001959906684027778,0.67291259765625
2021,5,6,2021_5_6,ridge_swap,2206.080078125,71,0,0,0,2139.6174573898315,1943.1397827148437,2143.41015625,2322.659765625,43.93011741422946,1,72.69270833333333,3.1316053602430554,0.049479166666666664,0.0024481879340277762,0.049479166666666664,0.1796875,0.0024481879340277775,0.03228759765625
2021,5,7,2021_5_7,ridge_swap,2189.740234375,91,0,0,0,2186.417046546936,2027.1835205078125,2185.47021484375,2341.15830078125,30.91327333698669,1,74.64322916666667,10.596523708767362,0.13020833333333334,0.014458550347222238,0.08072916666666667,0.2421875,0.006517198350694445,0.05865478515625
2021,5,8,2021_5_8,ridge_swap,2066.419921875,78,0,0,0,2202.334535598755,2015.1014770507813,2205.21875,2378.09833984375,85.03406785428523,1,72.11458333333333,4.350029839409721,0.16145833333333334,0.020846896701388895,0.09895833333333333,0.2838541666666667,0.00979275173611111,0.08057318793402779
2021,5,9,2021_5_9,ridge_swap,2138.919921875,77,0,0,0,2224.751785596212,2049.9431884765627,2222.5631103515625,2396.1793212890625,52.750203163259556,1,69.8828125,4.994500054253473,0.20833333333333334,0.036471896701388895,0.1484375,0.3619791666666667,0.02203369140625,0.13102891710069445
2021,5,10,2021_5_10,ridge_swap,2132.419921875,87,1,0,0,2205.643842379252,2027.6766845703125,2213.2703857421875,2380.4682861328124,48.77535478356813,1,77.62760416666667,5.961324055989583,0.09375,0.826022677951389,0.125,0.3072916666666667,0.015625,0.09442816840277779
2021,5,11,2021_5_11,ridge_swap,2149.52001953125,60,0,0,0,2168.928461710612,1996.5831787109375,2169.85498046875,2336.9138671875,30.074847651852508,1,68.34635416666667,5.02288818359375,0.0546875,0.00299072265625,0.0546875,0.203125,0.00299072265625,0.041259765625
2021,6,0,2021_6_0,production,1914.199951171875,78,0,0,0,2170.0271425247192,1979.6239624023438,2169.9990234375,2353.67021484375,176.82839796857704,0,74.20052083333333,3.895514594184027,0.17447916666666666,0.02623833550347221,0.08333333333333333,0.2265625,0.006944444444444444,0.05133056640625
2021,6,1,2021_6_1,production,2196.340087890625,75,0,0,0,2154.6463645299277,1974.2855712890625,2170.048828125,2325.710400390625,37.61266495701339,1,72.703125,3.510416666666666,0.21875,0.03516981336805555,0.049479166666666664,0.2109375,0.0024481879340277775,0.04449462890625
2021,6,2,2021_6_2,production,1996.0799560546875,93,1,0,0,2136.6686051686606,1942.2735595703125,2138.165283203125,2314.678564453125,88.3872982909282,1,81.01302083333333,7.523796929253473,0.15625,0.7207573784722222,0.0390625,0.15364583333333334,0.00152587890625,0.023607042100694448
2021,6,3,2021_6_3,production,2251.7001953125,73,0,0,0,2185.5613571802774,1992.8042724609375,2188.8931884765625,2372.7955810546873,46.35630890809827,1,74.47395833333333,3.113403320312501,0.13020833333333334,0.016954210069444448,0.09635416666666667,0.2786458333333333,0.009284125434027778,0.07764350043402776
2021,6,4,2021_6_4,production,2391.5,81,0,1,1,2197.3821268081665,2027.1192138671875,2194.039794921875,2382.242724609375,124.17571455488601,0,73.4921875,5.152798122829861,0.07552083333333333,0.004970974392361105,0.078125,0.28125,0.849853515625,0.5166015625
2021,6,5,2021_6_5,production,2270.97998046875,81,0,0,1,2180.1573537190757,2005.1769897460938,2176.8482666015625,2356.1905517578125,54.97036061518722,1,71.8359375,5.656582302517361,0.16666666666666666,0.026095920138888867,0.0859375,0.2526041666666667,0.00738525390625,0.5586005316840277
2021,6,6,2021_6_6,production,2172.81982421875,80,0,0,0,2189.413569132487,2021.9285278320312,2193.2086181640625,2354.6728271484376,33.71368396447764,1,75.5859375,3.9377509223090277,0.22135416666666666,0.041592068142361105,0.08854166666666667,0.2682291666666667,0.007839626736111112,0.07194688585069445
2021,6,7,2021_6_7,production,1608.280029296875,104,0,0,0,2220.9918343226113,2036.7567504882813,2229.9654541015625,2398.4685791015627,532.8546333950426,0,70.37239583333333,26.30162896050347,0.140625,0.018364800347222224,0.13541666666666666,0.359375,0.01833767361111111,0.129150390625
2021,6,8,2021_6_8,production,1944.6199951171875,93,0,0,0,2149.607371648153,1960.9906982421876,2152.638427734375,2330.1777587890624,135.58836722870666,0,79.84375,8.162095811631945,0.546875,0.22749837239583331,0.0625,0.15625,0.00390625,0.0244140625
2021,6,9,2021_6_9,production,2165.7998046875,78,0,0,0,2171.560344060262,1996.64482421875,2167.5592041015625,2354.192041015625,33.87555157476001,1,72.48177083333333,4.083869086371527,0.16145833333333334,0.023668077256944448,0.07552083333333333,0.21614583333333334,0.00570339626736111,0.04671902126736111
2021,6,10,2021_6_10,production,2286.56005859375,64,0,0,1,2188.74910958608,1990.581005859375,2195.00537109375,2379.9686279296875,57.85699341942866,1,74.99739583333333,6.186937120225695,0.22135416666666666,0.04566107855902776,0.10416666666666667,0.2682291666666667,0.010850694444444446,0.535488552517361
2021,6,11,2021_6_11,production,2200.240234375,79,0,0,0,2211.5093116760254,2038.0174560546875,2207.5599365234375,2378.8428466796877,31.55969671739473,1,75.22916666666667,3.798177083333334,0.15364583333333334,0.020582411024305552,0.1015625,0.328125,0.01031494140625,0.107666015625
2021,6,0,2021_6_0,ridge_swap,1914.199951171875,78,0,0,0,2156.7371015548706,1959.607421875,2152.89990234375,2348.764111328125,163.72291624463264,0,75.81770833333333,3.6060519748263893,0.19010416666666666,0.028218587239583315,0.07291666666666667,0.203125,0.005316840277777779,0.041259765625
2021,6,1,2021_6_1,ridge_swap,2196.340087890625,75,0,0,0,2148.7660287221274,1959.1653442382812,2138.5302734375,2341.22861328125,44.31151945061154,1,72.8125,3.505655924479166,0.21875,0.03951009114583334,0.0703125,0.2265625,0.00494384765625,0.05133056640625
2021,6,2,2021_6_2,ridge_swap,1996.0799560546875,93,1,0,0,2136.906127293905,1956.4921142578125,2139.1248779296875,2315.835302734375,84.27800359328589,1,79.828125,8.148844401041668,0.15104166666666666,0.7341172960069444,0.0390625,0.125,0.00152587890625,0.015625
2021,6,3,2021_6_3,ridge_swap,2251.7001953125,73,0,0,0,2176.9300088882446,1998.536328125,2177.555908203125,2370.851318359375,48.534265230927204,1,75.23697916666667,3.275573730468749,0.171875,0.024658203125,0.0859375,0.22135416666666666,0.00738525390625,0.04899766710069444
2021,6,4,2021_6_4,ridge_swap,2391.5,81,0,1,1,2202.3586486180625,2016.281884765625,2202.668701171875,2384.7337890625,119.88510353283749,0,73.02604166666667,5.332465277777778,0.059895833333333336,0.0035875108506944475,0.09114583333333333,0.3098958333333333,0.826015896267361,0.47624376085069453
2021,6,5,2021_6_5,ridge_swap,2270.97998046875,81,0,0,1,2174.7740227381387,2000.07392578125,2177.0748291015625,2353.876904296875,57.48014208757216,1,72.25520833333333,5.492947048611112,0.17447916666666666,0.02867974175347221,0.06510416666666667,0.2604166666666667,0.004238552517361112,0.5469835069444443
2021,6,6,2021_6_6,ridge_swap,2172.81982421875,80,0,0,0,2182.0137662887573,1987.5077392578125,2188.4619140625,2355.315576171875,33.68443904899888,1,76.35416666666667,3.8534478081597223,0.23177083333333334,0.044833713107638895,0.09895833333333333,0.2630208333333333,0.00979275173611111,0.0691799587673611
2021,6,7,2021_6_7,ridge_swap,1608.280029296875,104,0,0,0,2222.860088030497,2025.49384765625,2231.1915283203125,2407.4407958984375,533.1437313796745,0,71.17708333333333,25.059611002604168,0.15625,0.022840711805555552,0.140625,0.3411458333333333,0.019775390625,0.11638047960069443
2021,6,8,2021_6_8,ridge_swap,1944.6199951171875,93,0,0,0,2156.278216679891,1978.8988525390625,2164.12548828125,2338.00634765625,144.11946896215278,0,80.02604166666667,8.121690538194445,0.5598958333333334,0.24246554904513895,0.06510416666666667,0.1875,0.004238552517361112,0.03515625
2021,6,9,2021_6_9,ridge_swap,2165.7998046875,78,0,0,0,2171.4520546595254,1987.2410888671875,2167.875,2371.347998046875,34.291465139223476,1,72.62239583333333,4.310716417100695,0.17447916666666666,0.025478786892361105,0.07291666666666667,0.23958333333333334,0.005316840277777779,0.05740017361111112
2021,6,10,2021_6_10,ridge_swap,2286.56005859375,64,0,0,1,2192.263764063517,2007.7873779296874,2203.82275390625,2374.0044921875,54.98080015016926,1,74.74739583333333,5.929273817274306,0.20572916666666666,0.04126654730902776,0.0859375,0.2994791666666667,0.00738525390625,0.4907294379340277
2021,6,11,2021_6_11,ridge_swap,2200.240234375,79,0,0,0,2208.2783864339194,2023.9845703125,2226.0040283203125,2383.416162109375,35.990804470247696,1,74.70572916666667,3.810363769531251,0.11458333333333333,0.011461046006944434,0.11197916666666667,0.3229166666666667,0.012539333767361112,0.10427517361111112
2021,7,0,2021_7_0,production,2328.6201171875,95,1,0,1,2186.774291674296,2010.1947875976562,2200.766357421875,2367.7080810546877,82.84507924566667,1,76.61458333333333,12.38916015625,0.19010416666666666,0.6644219292534722,0.09635416666666667,0.2942708333333333,0.009284125434027778,0.4980536566840279
2021,7,1,2021_7_1,production,1966.64013671875,79,0,0,0,2237.245668411255,2063.9162841796874,2236.6669921875,2417.4810791015625,196.67361994253264,0,76.8515625,3.2844577365451393,0.1796875,0.026319715711805552,0.125,0.390625,0.015625,0.152587890625
2021,7,2,2021_7_2,production,2230.3798828125,78,0,0,1,2214.2515395482383,2043.3857543945312,2202.2950439453125,2388.9791015625,33.941574059426785,1,73.49739583333333,3.925299750434027,0.12239583333333333,0.014356825086805552,0.11197916666666667,0.2994791666666667,0.012539333767361112,0.4907294379340277
2021,7,3,2021_7_3,production,1881.60009765625,88,0,0,0,2154.4385210673013,1977.57001953125,2155.3187255859375,2322.206396484375,199.8239917506774,0,77.84114583333333,6.494445800781249,0.21614583333333334,0.042392306857638895,0.036458333333333336,0.16145833333333334,0.0013292100694444447,0.02606879340277778
2021,7,4,2021_7_4,production,1961.5400390625,82,0,0,0,2149.0785188674927,1965.222021484375,2146.4725341796875,2326.1517578125,124.08963001022737,0,78.17708333333333,3.7105848524305562,0.23697916666666666,0.04224310980902776,0.052083333333333336,0.16666666666666666,0.0027126736111111114,0.027777777777777776
2021,7,5,2021_7_5,production,2132.31982421875,69,0,0,0,2246.977811495463,2090.4937744140625,2243.052001953125,2415.40556640625,68.90955836988157,1,68.515625,3.2376573350694438,0.12239583333333333,0.013760036892361105,0.15625,0.4348958333333333,0.0244140625,0.18913438585069442
2021,7,6,2021_7_6,production,2052.02001953125,78,0,0,0,2239.1559267044067,2052.0477783203123,2241.13818359375,2404.8060546875,122.23523113876581,0,74.64583333333333,3.9791124131944446,0.140625,0.015801323784722224,0.1484375,0.4270833333333333,0.02203369140625,0.1824001736111111
2021,7,7,2021_7_7,production,2122.580078125,98,0,0,0,2163.1457090377808,1982.2263916015625,2167.69921875,2330.8207275390623,37.471820552315975,1,72.37760416666667,18.29876708984375,0.052083333333333336,0.0024549696180555594,0.0703125,0.20572916666666666,0.00494384765625,0.042324490017361105
2021,7,8,2021_7_8,production,2165.900146484375,89,0,0,0,2173.132099787394,1996.0656005859375,2156.6744384765625,2358.3736083984377,33.34717283646266,1,69.98697916666667,12.38470458984375,0.16145833333333334,0.022922092013888895,0.07552083333333333,0.22916666666666666,0.00570339626736111,0.052517361111111105
2021,7,9,2021_7_9,production,2343.2802734375,81,0,1,1,2136.9726152420044,1957.7096069335937,2135.1446533203125,2310.1576171875,135.36397984375554,0,75.70052083333333,4.481099446614584,0.1796875,0.02716064453125,0.044270833333333336,0.140625,0.913418240017361,0.738525390625
2021,7,10,2021_7_10,production,2140.3798828125,79,0,0,0,2067.3729044596353,1877.3847290039062,2070.2774658203125,2242.17373046875,46.57501987947357,1,76.69010416666667,3.1511162651909723,0.25,0.05510796440972221,0.013020833333333334,0.057291666666666664,0.00016954210069444447,0.003282335069444444
2021,7,11,2021_7_11,production,2009.739990234375,93,0,0,0,2164.2152382532754,1993.7617431640624,2166.257080078125,2336.169677734375,94.8753550408615,1,78.19270833333333,9.20730251736111,0.5625,0.24430338541666669,0.0703125,0.19270833333333334,0.00494384765625,0.03713650173611111
2021,7,0,2021_7_0,ridge_swap,2328.6201171875,95,1,0,1,2184.5907929738364,2007.6861572265625,2186.7091064453125,2369.785498046875,85.06515959401926,1,76.71354166666667,12.145467122395836,0.15625,0.7207573784722222,0.07552083333333333,0.2526041666666667,0.00570339626736111,0.5586005316840277
2021,7,1,2021_7_1,ridge_swap,1966.64013671875,79,0,0,0,2228.6209058761597,2045.97041015625,2231.7369384765625,2410.290966796875,188.1030999529693,0,77.30729166666667,3.101236979166666,0.1875,0.030612521701388895,0.11458333333333333,0.3776041666666667,0.013129340277777776,0.1425849066840278
2021,7,2,2021_7_2,ridge_swap,2230.3798828125,78,0,0,1,2220.175788243612,2062.0409912109376,2214.847412109375,2405.8263671875,32.023272564013794,1,73.05729166666667,3.8894585503472223,0.12239583333333333,0.014980740017361105,0.1171875,0.3463541666666667,0.01373291015625,0.4272528754340277
2021,7,3,2021_7_3,ridge_swap,1881.60009765625,88,0,0,0,2165.90198802948,1985.6172485351562,2171.288818359375,2356.9416748046874,208.5665944955415,0,77.21875,6.626112196180555,0.17447916666666666,0.027025010850694448,0.06770833333333333,0.20052083333333334,0.004584418402777777,0.04020860460069445
2021,7,4,2021_7_4,ridge_swap,1961.5400390625,82,0,0,0,2141.129974047343,1980.49013671875,2136.76025390625,2323.96201171875,115.40536739346052,0,78.20833333333333,3.878621419270833,0.2604166666666667,0.05349392361111113,0.036458333333333336,0.15885416666666666,0.0013292100694444447,0.02523464626736111
2021,7,5,2021_7_5,ridge_swap,2132.31982421875,69,0,0,0,2247.0635204315186,2073.099755859375,2244.3779296875,2429.654052734375,68.45897965629896,1,68.77864583333333,2.94525146484375,0.11458333333333333,0.013129340277777776,0.16927083333333334,0.4166666666666667,0.028652615017361115,0.17361111111111113
2021,7,6,2021_7_6,ridge_swap,2052.02001953125,78,0,0,0,2245.6576042175293,2062.955859375,2251.78564453125,2414.058154296875,126.34541420969697,0,74.2734375,3.840148925781249,0.13802083333333334,0.016391330295138895,0.14583333333333334,0.421875,0.021267361111111115,0.177978515625
2021,7,7,2021_7_7,ridge_swap,2122.580078125,98,0,0,0,2148.1372798283896,1971.5411743164063,2150.5831298828125,2330.3668212890625,36.08899064610401,1,73.22135416666667,17.284322102864582,0.059895833333333336,0.0032891167534722238,0.0625,0.17708333333333334,0.00390625,0.03135850694444445
2021,7,8,2021_7_8,ridge_swap,2165.900146484375,89,0,0,0,2168.9674027760825,1980.3088134765626,2155.075927734375,2357.8223388671877,33.54544509450595,1,71.13020833333333,11.580078125,0.18489583333333334,0.028896755642361133,0.08072916666666667,0.2109375,0.006517198350694445,0.04449462890625
2021,7,9,2021_7_9,ridge_swap,2343.2802734375,81,0,1,1,2139.136693636576,1960.0504272460937,2139.70703125,2322.7295166015624,131.65765816387204,0,75.12239583333333,4.428053114149305,0.1796875,0.02557373046875,0.044270833333333336,0.1640625,0.913418240017361,0.69879150390625
2021,7,10,2021_7_10,ridge_swap,2140.3798828125,79,0,0,0,2070.9044981002808,1892.5651123046875,2071.769287109375,2266.237158203125,46.29515516840749,1,76.57552083333333,3.095764160156249,0.25,0.0518798828125,0.015625,0.07552083333333333,0.000244140625,0.00570339626736111
2021,7,11,2021_7_11,ridge_swap,2009.739990234375,93,0,0,0,2162.900414466858,1982.1728393554688,2165.4150390625,2343.02197265625,95.00024927573072,1,78.3515625,9.05013699001736,0.5625,0.2396240234375,0.0703125,0.19791666666666666,0.00494384765625,0.03917100694444444
2021,8,0,2021_8_0,production,1989.320068359375,106,0,0,0,2201.943694114685,2028.1703979492188,2196.1807861328125,2396.86171875,140.05981720901198,0,72.484375,26.599894205729164,0.13541666666666666,0.017645941840277762,0.09375,0.3020833333333333,0.0087890625,0.09125434027777776
2021,8,1,2021_8_1,production,1923.47998046875,109,0,0,0,2208.9328921635947,2029.2546142578126,2208.483642578125,2388.5359130859374,208.14560596562094,0,75.8125,25.484836154513893,0.22395833333333334,0.04169379340277779,0.11197916666666667,0.3307291666666667,0.012539333767361112,0.10938178168402779
2021,8,2,2021_8_2,production,2268.800048828125,81,0,0,0,2201.8143997192383,2021.6326904296875,2213.582763671875,2390.5625244140624,42.90552778873179,1,78.65625,3.4474555121527777,0.4270833333333333,0.1634792751736111,0.08854166666666667,0.3020833333333333,0.007839626736111112,0.09125434027777776
2021,8,3,2021_8_3,production,2324.73974609375,56,0,0,1,2263.5444367726645,2066.3210693359374,2267.3870849609375,2446.7668212890626,43.78813156651127,1,67.07552083333333,6.184563530815973,0.11458333333333333,0.011990017361111105,0.23177083333333334,0.46875,0.05371771918402778,0.2822265625
2021,8,4,2021_8_4,production,1966.780029296875,68,0,0,0,2076.7528715133667,1907.6495849609375,2085.1416015625,2234.78623046875,66.83017475157975,1,76.3984375,4.792744954427084,0.125,0.014377170138888895,0.028645833333333332,0.078125,0.000820583767361111,0.006103515625
2021,8,5,2021_8_5,production,2326.02001953125,57,0,0,1,2167.4225645065308,1981.6994995117188,2177.3155517578125,2337.8932861328126,93.22412394401101,1,70.6015625,7.689622667100695,0.22135416666666666,0.041592068142361105,0.059895833333333336,0.2526041666666667,0.003587510850694445,0.5586005316840277
2021,8,6,2021_8_6,production,2034.0,91,1,0,0,2185.6017948786416,2001.9465942382812,2188.1929931640625,2349.5025390625,94.27083245499267,1,72.265625,11.967949761284721,0.15885416666666666,0.7252671983506944,0.09375,0.2760416666666667,0.0087890625,0.07619900173611112
2021,8,7,2021_8_7,production,2070.14013671875,72,0,0,0,2197.5801347096763,2028.9386474609375,2195.765625,2363.4810546875,76.79556787179577,1,77.19010416666667,3.608052571614584,0.22135416666666666,0.04151068793402776,0.09114583333333333,0.2786458333333333,0.008307562934027776,0.07764350043402776
2021,8,8,2021_8_8,production,2055.0400390625,64,0,0,0,2120.636016845703,1939.1788940429688,2112.5118408203125,2313.4249755859373,44.4183163460758,1,77.46614583333333,7.770229763454861,0.13020833333333334,0.014458550347222238,0.03125,0.1640625,0.0009765625,0.02691650390625
2021,8,9,2021_8_9,production,2391.259765625,83,0,1,1,2122.3016786575317,1962.1933349609376,2125.2999267578125,2294.2493408203127,198.23786685284642,0,77.25520833333333,4.297322591145833,0.23958333333333334,0.04924858940972224,0.028645833333333332,0.12760416666666666,0.9435289171006944,0.7610744900173612
2021,8,10,2021_8_10,production,1896.10009765625,92,0,0,0,2196.9493249257407,2014.468310546875,2193.8302001953125,2383.813793945312,225.3168845358822,0,73.15625,12.44357638888889,0.15885416666666666,0.02069091796875,0.1015625,0.2838541666666667,0.01031494140625,0.08057318793402779
2021,8,11,2021_8_11,production,1953.6199951171875,93,0,0,0,2129.050863583883,1950.2878173828126,2126.760986328125,2304.793212890625,110.49845491266912,1,72.16666666666667,13.982679578993057,0.1015625,0.009311252170138895,0.0390625,0.13541666666666666,0.00152587890625,0.01833767361111111
2021,8,0,2021_8_0,ridge_swap,1989.320068359375,106,0,0,0,2204.4747495651245,2025.8907104492187,2201.672119140625,2393.0542236328124,141.21081931475138,0,72.1875,26.610649956597225,0.12760416666666666,0.01500786675347221,0.11979166666666667,0.2994791666666667,0.01435004340277778,0.08968777126736112
2021,8,1,2021_8_1,ridge_swap,1923.47998046875,109,0,0,0,2206.0206260681152,2030.105859375,2207.056396484375,2379.5278564453124,206.70086482663947,0,75.26822916666667,26.12054443359375,0.22135416666666666,0.042568630642361105,0.08854166666666667,0.3151041666666667,0.007839626736111112,0.09929063585069446
2021,8,2,2021_8_2,ridge_swap,2268.800048828125,81,0,0,0,2205.060277620951,2014.5884521484375,2206.77880859375,2391.3453857421873,42.91914031654596,1,79.04166666666667,3.2666558159722214,0.4348958333333333,0.1739434136284722,0.11197916666666667,0.3072916666666667,0.012539333767361112,0.09442816840277779
2021,8,3,2021_8_3,ridge_swap,2324.73974609375,56,0,0,1,2265.1517855326333,2089.4177734375,2270.63134765625,2434.78115234375,42.93678075571856,1,67.3203125,6.461880154079861,0.13020833333333334,0.01565212673611112,0.21614583333333334,0.4817708333333333,0.04671902126736111,0.26856146918402785
2021,8,4,2021_8_4,ridge_swap,1966.780029296875,68,0,0,0,2077.0027599334717,1904.5839111328125,2087.251220703125,2258.7333984375,64.42462066809335,1,75.55989583333333,4.316914876302083,0.12239583333333333,0.011576334635416657,0.015625,0.07291666666666667,0.000244140625,0.005316840277777779
2021,8,5,2021_8_5,ridge_swap,2326.02001953125,57,0,0,1,2170.9282080332437,1981.394775390625,2175.7503662109375,2356.3546875,91.75801412430073,1,70.45833333333333,7.740152994791667,0.22916666666666666,0.0457763671875,0.07291666666666667,0.2578125,0.005316840277777779,0.55084228515625
2021,8,6,2021_8_6,ridge_swap,2034.0,91,1,0,0,2181.534563700358,2006.0165161132813,2175.259765625,2369.2844482421874,91.21614905529552,1,72.16145833333333,12.747463650173612,0.14583333333333334,0.743069118923611,0.08333333333333333,0.2604166666666667,0.006944444444444444,0.06781684027777779
2021,8,7,2021_8_7,ridge_swap,2070.14013671875,72,0,0,0,2186.6684773763022,2010.9817138671874,2182.4111328125,2360.7080078125,70.43031242655384,1,78.23958333333333,4.098280164930556,0.234375,0.0450439453125,0.08072916666666667,0.2734375,0.006517198350694445,0.07476806640625
2021,8,8,2021_8_8,ridge_swap,2055.0400390625,64,0,0,0,2115.374410947164,1935.6651977539063,2115.0882568359375,2300.397900390625,43.826987871693234,1,77.89583333333333,8.277587890625,0.11197916666666667,0.010911729600694448,0.046875,0.15885416666666666,0.002197265625,0.02523464626736111
2021,8,9,2021_8_9,ridge_swap,2391.259765625,83,0,1,1,2122.8926347096763,1945.170166015625,2126.0521240234375,2307.6471923828126,194.36444886856606,0,77.2109375,4.265835232204861,0.19791666666666666,0.033406575520833315,0.033854166666666664,0.1328125,0.9334377712673612,0.75201416015625
2021,8,10,2021_8_10,ridge_swap,1896.10009765625,92,0,0,0,2194.826984723409,2029.4006103515626,2198.68603515625,2371.093212890625,222.53211369862157,0,73.375,12.328721788194445,0.1796875,0.02960205078125,0.1015625,0.2890625,0.01031494140625,0.08355712890625
2021,8,11,2021_8_11,ridge_swap,1953.6199951171875,93,0,0,0,2129.2949215571084,1952.1200927734376,2127.0267333984375,2308.520751953125,110.7093274568518,1,72.578125,13.465047200520832,0.09114583333333333,0.007846408420138881,0.028645833333333332,0.15104166666666666,0.000820583767361111,0.02281358506944444
2021,9,0,2021_9_0,production,2463.4599609375,68,0,1,1,2226.0672534306846,2040.9262451171876,2213.945556640625,2417.006494140625,162.0760995555255,0,75.57552083333333,4.595085991753471,0.23958333333333334,0.04507107204861113,0.15104166666666666,0.3385416666666667,0.7207302517361112,0.437527126736111
2021,9,1,2021_9_1,production,2162.60009765625,70,0,0,0,2234.159021695455,2067.19013671875,2238.14501953125,2411.63623046875,48.39605653865469,1,71.359375,3.3514268663194446,0.17447916666666666,0.02623833550347221,0.1171875,0.3828125,0.01373291015625,0.14654541015625
2021,9,2,2021_9_2,production,2099.52001953125,94,0,0,0,2210.7914193471274,2032.6982299804688,2210.7232666015625,2388.661474609375,67.31596542563702,1,73.32552083333333,13.82330322265625,0.21354166666666666,0.03941514756944445,0.09114583333333333,0.2994791666666667,0.008307562934027776,0.08968777126736112
2021,9,3,2021_9_3,production,2240.800048828125,73,0,0,0,2192.334398587545,2005.8446533203125,2187.4931640625,2372.6486328125,40.961858323050876,1,70.63541666666667,3.5686984592013893,0.140625,0.018364800347222224,0.08072916666666667,0.25,0.006517198350694445,0.0625
2021,9,4,2021_9_4,production,2011.9801025390625,77,0,0,0,2256.6804110209146,2080.7246826171877,2259.5123291015625,2431.9740966796876,170.5113615343968,0,76.29166666666667,3.3338080512152786,0.5807291666666666,0.24964057074652773,0.17708333333333334,0.4322916666666667,0.03135850694444445,0.18687608506944445
2021,9,5,2021_9_5,production,2353.0400390625,74,0,0,1,2136.504621823629,1948.9897827148438,2140.7156982421875,2328.1491943359374,139.49146888570652,0,77.25520833333333,3.566650390625,0.265625,0.056735568576388895,0.057291666666666664,0.1640625,0.003282335069444444,0.69879150390625
2021,9,6,2021_9_6,production,1849.119873046875,101,0,0,0,2114.8588536580405,1939.4326782226562,2118.1280517578125,2296.4886474609375,191.54852553705376,0,76.33333333333333,18.2410888671875,0.2265625,0.04791259765625,0.0234375,0.11979166666666667,0.00054931640625,0.01435004340277778
2021,9,7,2021_9_7,production,1931.1600341796875,107,0,0,0,2113.1262410481772,1946.00234375,2105.66748046875,2310.299853515625,113.5952813360426,0,72.99739583333333,26.752041286892364,0.09375,0.008314344618055552,0.033854166666666664,0.10416666666666667,0.0011461046006944443,0.010850694444444446
2021,9,8,2021_9_8,production,2047.0,64,0,0,0,2143.2453819910684,1963.3553833007813,2148.7115478515625,2317.8136474609373,58.91101999663644,1,72.60416666666667,5.079305013020833,0.109375,0.0108642578125,0.049479166666666664,0.1640625,0.0024481879340277775,0.02691650390625
2021,9,9,2021_9_9,production,1977.0400390625,80,0,0,0,2158.3811699549356,1968.4602661132812,2157.2109375,2345.0263427734376,115.35390313714744,1,77.59635416666667,3.84002685546875,0.14322916666666666,0.019782172309027762,0.0546875,0.18489583333333334,0.00299072265625,0.03418646918402778
2021,9,10,2021_9_10,production,2289.219970703125,82,0,0,1,2172.478037516276,1985.2991943359375,2174.966064453125,2354.932177734375,69.993470016453,1,73.14583333333333,5.734144422743055,0.1328125,0.014519585503472224,0.057291666666666664,0.22395833333333334,0.003282335069444444,0.6022406684027777
2021,9,11,2021_9_11,production,1843.800048828125,104,1,0,0,2214.1291631062827,2040.8884033203126,2209.8223876953125,2390.6425537109376,292.0722418824832,0,76.5625,20.36054144965278,0.09635416666666667,0.8212958441840277,0.10677083333333333,0.3359375,0.011400010850694444,0.11285400390625
2021,9,0,2021_9_0,ridge_swap,2463.4599609375,68,0,1,1,2224.505146344503,2032.2533447265625,2228.403076171875,2409.36474609375,158.3837719981869,0,75.875,4.746961805555556,0.24479166666666666,0.04740397135416666,0.140625,0.3567708333333333,0.738525390625,0.41374376085069453
2021,9,1,2021_9_1,ridge_swap,2162.60009765625,70,0,0,0,2235.1945521036782,2066.2345703125,2242.362060546875,2409.0698974609377,50.745899251765664,1,71.13541666666667,3.298339843749999,0.17447916666666666,0.024746365017361105,0.15104166666666666,0.3619791666666667,0.02281358506944444,0.13102891710069445
2021,9,2,2021_9_2,ridge_swap,2099.52001953125,94,0,0,0,2201.2302951812744,2028.2022705078125,2207.103759765625,2364.5991455078124,63.09614896443155,1,74.29947916666667,13.292826334635418,0.1796875,0.02960205078125,0.0703125,0.28125,0.00494384765625,0.0791015625
2021,9,3,2021_9_3,ridge_swap,2240.800048828125,73,0,0,0,2189.9655949274697,2012.5537353515624,2195.2672119140625,2370.664599609375,39.570442778368786,1,70.50520833333333,3.567206488715277,0.15885416666666666,0.022142198350694448,0.08854166666666667,0.22395833333333334,0.007839626736111112,0.05015733506944445
2021,9,4,2021_9_4,ridge_swap,2011.9801025390625,77,0,0,0,2257.421518007914,2076.8328125,2255.671142578125,2450.3014892578126,168.5747338972158,0,76.78645833333333,3.2827419704861107,0.5677083333333334,0.23617892795138895,0.16927083333333334,0.4348958333333333,0.028652615017361115,0.18913438585069442
2021,9,5,2021_9_5,ridge_swap,2353.0400390625,74,0,0,1,2135.4114615122476,1943.9847412109375,2154.40087890625,2309.671630859375,142.7580756958988,0,77.125,3.260864257812501,0.2864583333333333,0.0658230251736111,0.03125,0.171875,0.0009765625,0.685791015625
2021,9,6,2021_9_6,ridge_swap,1849.119873046875,101,0,0,0,2111.8774150212607,1933.0458740234376,2112.2479248046875,2290.34482421875,186.488742246396,0,76.11979166666667,17.997545030381943,0.2109375,0.04235161675347221,0.026041666666666668,0.12760416666666666,0.0006781684027777779,0.01628282335069444
2021,9,7,2021_9_7,ridge_swap,1931.1600341796875,107,0,0,0,2109.4853636423745,1938.6319702148437,2106.598876953125,2288.159033203125,113.13646218677361,0,73.9296875,25.53430853949653,0.109375,0.0103759765625,0.033854166666666664,0.12760416666666666,0.0011461046006944443,0.01628282335069444
2021,9,8,2021_9_8,ridge_swap,2047.0,64,0,0,0,2154.386826197306,1977.0401611328125,2156.708251953125,2328.3571289062497,64.80631421175266,1,71.33072916666667,4.426452636718751,0.09375,0.007866753472222224,0.06510416666666667,0.17708333333333334,0.004238552517361112,0.03135850694444445
2021,9,9,2021_9_9,ridge_swap,1977.0400390625,80,0,0,0,2144.9608284632363,1950.1505249023437,2147.2763671875,2329.383349609375,106.99101935409837,1,78.22395833333333,3.563761393229168,0.171875,0.028659396701388895,0.036458333333333336,0.18489583333333334,0.0013292100694444447,0.03418646918402778
2021,9,10,2021_9_10,ridge_swap,2289.219970703125,82,0,0,1,2169.813765525818,1997.4448608398438,2168.0325927734375,2345.6823486328126,70.5748127674063,1,73.00260416666667,6.023335774739583,0.1171875,0.011508517795138895,0.0625,0.22395833333333334,0.00390625,0.6022406684027777
2021,9,11,2021_9_11,ridge_swap,1843.800048828125,104,1,0,0,2210.62891070048,2032.3611572265625,2209.9609375,2389.4429931640625,286.7317931354046,0,76.70833333333333,20.424221462673614,0.09635416666666667,0.8212958441840277,0.125,0.328125,0.015625,0.107666015625
2021,10,0,2021_10_0,production,2063.919921875,90,0,0,0,2151.736321131388,2000.4639038085938,2152.7510986328125,2311.8487060546877,53.12787606649928,1,71.74479166666667,12.188056098090279,0.109375,0.0103759765625,0.036458333333333336,0.14322916666666666,0.0013292100694444447,0.020514594184027776
2021,10,1,2021_10_1,production,2135.919921875,89,0,0,0,2207.483681678772,2013.9505249023437,2212.01025390625,2397.789453125,48.772108664943104,1,75.53125,8.6624755859375,0.15885416666666666,0.022142198350694448,0.1171875,0.3177083333333333,0.01373291015625,0.10093858506944443
2021,10,2,2021_10_2,production,2047.4801025390625,78,0,0,0,2196.0933361053467,2027.8288696289062,2201.77587890625,2362.273583984375,93.92784390019045,1,73.8515625,3.742126464843751,0.14583333333333334,0.01911078559027779,0.08072916666666667,0.3072916666666667,0.006517198350694445,0.09442816840277779
2021,10,3,2021_10_3,production,2245.66015625,77,0,0,1,2225.459111213684,2039.849169921875,2230.06396484375,2414.193310546875,36.22690045750804,1,72.390625,4.108005099826389,0.2994791666666667,0.07050916883680558,0.14583333333333334,0.3932291666666667,0.021267361111111115,0.3681708441840277
2021,10,4,2021_10_4,production,1994.9600830078125,85,0,0,0,2212.0802234013877,2034.3551635742188,2208.6256103515625,2391.4635498046873,145.0314714204934,0,73.88541666666667,6.568481445312499,0.06510416666666667,0.004238552517361119,0.10677083333333333,0.3203125,0.011400010850694444,0.10260009765625
2021,10,5,2021_10_5,production,2030.1400146484375,83,0,0,0,2176.588063875834,2003.026953125,2176.3978271484375,2359.595458984375,88.76510490725438,1,73.4609375,5.704325358072917,0.17708333333333334,0.02631293402777779,0.07552083333333333,0.22135416666666666,0.00570339626736111,0.04899766710069444
2021,10,6,2021_10_6,production,2313.740234375,79,0,1,1,2170.5843029022217,1997.2868530273438,2161.0484619140625,2351.693603515625,87.13661998841498,1,70.79166666666667,5.453192816840277,0.1171875,0.010965983072916671,0.06510416666666667,0.234375,0.8740302191840279,0.586181640625
2021,10,7,2021_10_7,production,2056.8798828125,79,0,0,0,2134.7774575551352,1947.8949584960938,2131.2698974609375,2327.717724609375,49.38167126311197,1,80.57291666666667,3.4559868706597214,0.5807291666666666,0.25220404730902773,0.052083333333333336,0.16145833333333334,0.0027126736111111114,0.02606879340277778
2021,10,8,2021_10_8,production,2120.199951171875,88,0,0,0,2186.197270711263,2003.2205688476563,2183.0238037109375,2354.55380859375,45.60392346481481,1,77.52864583333333,6.571377224392361,0.2760416666666667,0.06671820746527779,0.09375,0.25,0.0087890625,0.0625
2021,10,9,2021_10_9,production,2221.16015625,77,1,0,1,2144.188396771749,1976.0390258789062,2134.4371337890625,2337.3618896484377,50.720839802589694,1,76.4609375,3.1766018337673616,0.13541666666666666,0.7565646701388888,0.059895833333333336,0.16666666666666666,0.003587510850694445,0.6944444444444445
2021,10,10,2021_10_10,production,2012.06005859375,86,0,0,0,2161.9709084828696,1973.6428466796874,2164.4114990234375,2344.462841796875,91.9030212279823,1,74.84375,6.598592122395834,0.20052083333333334,0.03443060980902779,0.09114583333333333,0.23697916666666666,0.008307562934027776,0.056159125434027776
2021,10,11,2021_10_11,production,2131.400146484375,95,0,0,0,2191.435558319092,2005.550537109375,2195.81591796875,2363.5387939453126,43.8769671999746,1,73.45052083333333,14.60662841796875,0.08333333333333333,0.006944444444444434,0.07552083333333333,0.24739583333333334,0.00570339626736111,0.06120469835069445
2021,10,0,2021_10_0,ridge_swap,2063.919921875,90,0,0,0,2147.2641563415527,1977.7060302734376,2147.635009765625,2324.5042236328127,51.31121637092696,1,71.66145833333333,12.019368489583336,0.125,0.014377170138888895,0.044270833333333336,0.171875,0.001959906684027778,0.029541015625
2021,10,1,2021_10_1,ridge_swap,2135.919921875,89,0,0,0,2201.646508216858,2008.9040405273438,2198.873779296875,2398.5427734375,47.46781346119113,1,75.984375,8.23403591579861,0.1640625,0.022983127170138895,0.1015625,0.3177083333333333,0.01031494140625,0.10093858506944443
2021,10,2,2021_10_2,ridge_swap,2047.4801025390625,78,0,0,0,2206.6268548965454,2036.4825561523437,2211.614990234375,2379.833544921875,100.80600635459025,1,73.39322916666667,3.8383856879340286,0.15104166666666666,0.018581814236111105,0.08333333333333333,0.3098958333333333,0.006944444444444444,0.0960354275173611
2021,10,3,2021_10_3,ridge_swap,2245.66015625,77,0,0,1,2223.458901723226,2026.81767578125,2229.533203125,2404.709814453125,33.228271176417664,1,72.19010416666667,4.241868760850695,0.2890625,0.06627739800347221,0.13541666666666666,0.3541666666666667,0.01833767361111111,0.41710069444444436
2021,10,4,2021_10_4,ridge_swap,1994.9600830078125,85,0,0,0,2206.1657304763794,2009.07705078125,2207.487060546875,2395.1999755859374,138.15394126292733,0,74.53645833333333,6.173326280381945,0.0546875,0.002719455295138888,0.13020833333333334,0.3255208333333333,0.016954210069444448,0.10596381293402776
2021,10,5,2021_10_5,ridge_swap,2030.1400146484375,83,0,0,0,2173.8434686660767,2011.7773559570312,2173.736328125,2336.2227294921877,85.66480928079949,1,74.7109375,5.397481282552084,0.2109375,0.039340549045138895,0.06770833333333333,0.1953125,0.004584418402777777,0.03814697265625
2021,10,6,2021_10_6,ridge_swap,2313.740234375,79,0,1,1,2168.4225737253823,1992.172021484375,2171.67236328125,2343.3692138671877,87.83552886048953,1,70.78645833333333,5.228203667534723,0.140625,0.0177001953125,0.06510416666666667,0.21875,0.8740302191840279,0.6103515625
2021,10,7,2021_10_7,ridge_swap,2056.8798828125,79,0,0,0,2132.4073317845664,1954.1458251953125,2124.6063232421875,2316.5541015625,48.011451717052196,1,80.84375,3.237969292534723,0.5442708333333334,0.24241129557291669,0.044270833333333336,0.15364583333333334,0.001959906684027778,0.023607042100694448
2021,10,8,2021_10_8,ridge_swap,2120.199951171875,88,0,0,0,2189.768488883972,2019.4802856445312,2184.9697265625,2372.3558837890623,44.90988626331091,1,77.3125,6.750081380208333,0.23958333333333334,0.05150010850694445,0.09375,0.2838541666666667,0.0087890625,0.08057318793402779
2021,10,9,2021_10_9,ridge_swap,2221.16015625,77,1,0,1,2147.8147900899253,1978.1920288085937,2144.177978515625,2319.1851318359377,49.25479379296303,1,76.05208333333333,3.288031684027777,0.14322916666666666,0.7430352105034722,0.044270833333333336,0.1875,0.001959906684027778,0.66015625
2021,10,10,2021_10_10,ridge_swap,2012.06005859375,86,0,0,0,2162.362861633301,1957.58671875,2157.29443359375,2370.1422119140625,90.09649136662483,1,74.5546875,6.967305501302083,0.20052083333333334,0.03443060980902779,0.09114583333333333,0.23697916666666666,0.008307562934027776,0.056159125434027776
2021,10,11,2021_10_11,ridge_swap,2131.400146484375,95,0,0,0,2194.9279108047485,2011.8301147460938,2195.0174560546875,2377.2565673828126,43.77269131524696,1,73.51822916666667,14.46346706814236,0.06510416666666667,0.004238552517361119,0.09895833333333333,0.24479166666666666,0.00979275173611111,0.05992296006944444
2021,11,0,2021_11_0,production,2087.60009765625,84,1,0,0,2215.0630356470742,2040.286474609375,2212.3773193359375,2383.11669921875,74.44339223951103,1,73.37760416666667,6.814649793836806,0.1171875,0.7979668511284723,0.13541666666666666,0.3489583333333333,0.01833767361111111,0.12177191840277776
2021,11,1,2021_11_1,production,2190.0400390625,83,0,0,1,2090.1378437678018,1917.3304931640625,2092.787109375,2259.961181640625,57.286929858227566,1,74.20052083333333,6.087504069010417,0.1953125,0.03009033203125,0.0026041666666666665,0.06770833333333333,6.781684027777777e-06,0.869167751736111
2021,11,2,2021_11_2,production,1996.320068359375,104,0,0,0,2173.446886062622,1977.4525512695313,2181.63720703125,2353.9255615234374,113.34945533341832,1,73.69791666666667,22.98175726996528,0.12760416666666666,0.016282823350694434,0.0859375,0.2604166666666667,0.00738525390625,0.06781684027777779
2021,11,3,2021_11_3,production,2078.300048828125,77,0,0,0,2122.8778912226358,1931.6990600585937,2132.1478271484375,2298.856640625,40.756206688781575,1,76.125,3.3403591579861116,0.2708333333333333,0.06175401475694442,0.046875,0.15104166666666666,0.002197265625,0.02281358506944444
2021,11,4,2021_11_4,production,2259.7001953125,70,0,1,1,2256.4964230855308,2076.261669921875,2252.0213623046875,2446.2355224609373,31.4706383695205,1,74.40104166666667,3.569213867187499,0.16666666666666666,0.024522569444444448,0.21354166666666666,0.4817708333333333,0.6185167100694445,0.26856146918402785
2021,11,5,2021_11_5,production,2187.80029296875,74,0,0,0,2142.675203959147,1973.2014404296874,2133.12255859375,2316.4605712890625,38.75912543303437,1,76.47135416666667,3.2825453016493062,0.17708333333333334,0.028713650173611133,0.041666666666666664,0.19270833333333334,0.001736111111111111,0.03713650173611111
2021,11,6,2021_11_6,production,2133.0,64,0,0,0,2187.166876157125,2022.5290283203126,2180.1912841796875,2357.3556640625,38.902966165708165,1,70.81510416666667,4.278096516927084,0.1328125,0.016309950086805552,0.08072916666666667,0.2604166666666667,0.006517198350694445,0.06781684027777779
2021,11,7,2021_11_7,production,2005.7200927734375,98,0,0,0,2173.762652079264,1993.926904296875,2175.1800537109375,2345.19912109375,106.85700221359728,1,74.9609375,15.947842068142362,0.15625,0.02068413628472221,0.07552083333333333,0.2760416666666667,0.00570339626736111,0.07619900173611112
2021,11,8,2021_11_8,production,2114.119873046875,68,0,0,0,2125.922190030416,1941.4226928710937,2132.7674560546875,2309.91591796875,34.822189936207394,1,74.34114583333333,4.173780653211805,0.08333333333333333,0.005425347222222224,0.046875,0.1796875,0.002197265625,0.03228759765625
2021,11,9,2021_11_9,production,2242.919921875,89,0,0,1,2157.947927792867,1964.1899291992188,2159.8804931640625,2350.991748046875,55.7727391049266,1,82.53125,4.603841145833334,0.5651041666666666,0.24539523654513884,0.08072916666666667,0.2421875,0.006517198350694445,0.57427978515625
2021,11,10,2021_11_10,production,2101.179931640625,87,0,0,0,2166.9409602483115,1982.939013671875,2165.1324462890625,2336.2321044921873,44.74489107148514,1,71.12239583333333,10.470316569010414,0.16145833333333334,0.022203233506944448,0.07552083333333333,0.20833333333333334,0.00570339626736111,0.04340277777777778
2021,11,11,2021_11_11,production,2025.47998046875,77,0,0,0,2199.263626098633,2014.9773803710937,2206.1519775390625,2372.7362060546875,111.27636362115543,1,71.64322916666667,4.083692762586805,0.18229166666666666,0.028021918402777762,0.11458333333333333,0.3307291666666667,0.013129340277777776,0.10938178168402779
2021,11,0,2021_11_0,ridge_swap,2087.60009765625,84,1,0,0,2219.8886292775474,2050.52216796875,2217.3333740234375,2405.8319580078123,76.93584203223388,1,73.4765625,6.303527832031249,0.11458333333333333,0.7979193793402777,0.15104166666666666,0.3671875,0.02281358506944444,0.13482666015625
2021,11,1,2021_11_1,ridge_swap,2190.0400390625,83,0,0,1,2084.8431873321533,1913.8384765625,2084.053466796875,2251.6493896484376,60.027817087041,1,74.60677083333333,5.370381673177083,0.1875,0.02978515625,0.0078125,0.06770833333333333,6.103515625e-05,0.869167751736111
2021,11,2,2021_11_2,ridge_swap,1996.320068359375,104,0,0,0,2167.9758723576865,1967.050146484375,2166.61669921875,2358.1068115234375,105.98754448278082,1,74.40885416666667,22.554300944010414,0.11458333333333333,0.012546115451388881,0.11197916666666667,0.265625,0.012539333767361112,0.070556640625
2021,11,3,2021_11_3,ridge_swap,2078.300048828125,77,0,0,0,2110.307720184326,1914.1925659179688,2112.2313232421875,2296.307958984375,38.35923761957223,1,76.49739583333333,3.3946058485243062,0.2708333333333333,0.06293402777777776,0.026041666666666668,0.14322916666666666,0.0006781684027777779,0.020514594184027776
2021,11,4,2021_11_4,ridge_swap,2259.7001953125,70,0,1,1,2259.0368547439575,2080.909033203125,2255.8323974609375,2437.7030761718747,32.2787473772963,1,73.9921875,3.391255696614584,0.16145833333333334,0.022203233506944448,0.22135416666666666,0.4661458333333333,0.6062893337673612,0.2850002712673612
2021,11,5,2021_11_5,ridge_swap,2187.80029296875,74,0,0,0,2137.4769147237143,1970.6382202148438,2148.296875,2308.44384765625,36.94806829094887,1,77.359375,3.4924045138888884,0.19791666666666666,0.0308837890625,0.036458333333333336,0.1875,0.0013292100694444447,0.03515625
2021,11,6,2021_11_6,ridge_swap,2133.0,64,0,0,0,2187.9352102279663,2021.67333984375,2194.2200927734375,2346.0060302734373,41.01219897054965,1,71.27083333333333,4.610256618923612,0.12239583333333333,0.013190375434027776,0.06770833333333333,0.2942708333333333,0.004584418402777777,0.08659532335069443
2021,11,7,2021_11_7,ridge_swap,2005.7200927734375,98,0,0,0,2186.6283753712974,2001.4913452148437,2196.6917724609375,2364.2423095703125,118.6120596776406,1,73.85677083333333,17.347188313802082,0.1484375,0.01983642578125,0.08072916666666667,0.2786458333333333,0.006517198350694445,0.07764350043402776
2021,11,8,2021_11_8,ridge_swap,2114.119873046875,68,0,0,0,2122.144210497538,1929.5342529296875,2124.4267578125,2317.186669921875,36.309724022116924,1,74.1953125,4.114427354600695,0.07291666666666667,0.0042724609375,0.049479166666666664,0.171875,0.0024481879340277775,0.029541015625
2021,11,9,2021_11_9,ridge_swap,2242.919921875,89,0,0,1,2163.8434874216714,1983.7629028320312,2163.385498046875,2349.995556640625,51.557653667198295,1,82.02604166666667,4.609822591145834,0.5677083333333334,0.24366590711805558,0.08333333333333333,0.23958333333333334,0.006944444444444444,0.5782335069444444
2021,11,10,2021_11_10,ridge_swap,2101.179931640625,87,0,0,0,2158.4534196853638,1995.8113159179688,2161.5360107421875,2313.5462646484375,40.13454383197758,1,71.1171875,10.526523166232638,0.15364583333333334,0.01929389105902779,0.052083333333333336,0.21354166666666666,0.0027126736111111114,0.045600043402777776
2021,11,11,2021_11_11,ridge_swap,2025.47998046875,77,0,0,0,2194.5497268040976,2007.4764892578125,2202.153564453125,2361.5595458984376,107.55837948868673,1,71.9921875,4.032857259114583,0.19791666666666666,0.03526475694444445,0.11197916666666667,0.3046875,0.012539333767361112,0.09283447265625
2022,0,0,2022_0_0,production,2080.60009765625,91,0,0,0,2174.8855368296304,1987.1429077148437,2183.53955078125,2349.5468505859376,58.99864027235242,1,79.68489583333333,7.051330566406249,0.28125,0.06825086805555555,0.11979166666666667,0.2994791666666667,0.01435004340277778,0.08968777126736112
2022,0,1,2022_0_1,production,2251.199951171875,61,0,1,1,2174.617512702942,1979.37421875,2181.6884765625,2358.108642578125,48.08095373958349,1,70.48177083333333,5.464877658420139,0.11197916666666667,0.012539333767361119,0.09895833333333333,0.3072916666666667,0.8118760850694444,0.47984483506944436
2022,0,2,2022_0_2,production,1976.0999755859375,72,0,0,0,2160.558853785197,1975.084033203125,2163.7376708984375,2321.7702880859374,120.28965057929356,1,71.42708333333333,2.934407552083334,0.13541666666666666,0.013563368055555552,0.08854166666666667,0.24739583333333334,0.007839626736111112,0.06120469835069445
2022,0,3,2022_0_3,production,2195.10009765625,80,0,0,0,2146.5619897842407,1948.1675048828124,2140.214599609375,2332.8548828125,41.7904035076499,1,73.3125,4.600368923611111,0.09635416666666667,0.008334689670138895,0.078125,0.22916666666666666,0.006103515625,0.052517361111111105
2022,0,4,2022_0_4,production,2124.27978515625,91,0,0,0,2184.4935417175293,1993.3453735351563,2180.154296875,2376.0076416015627,44.59609302381675,1,73.80989583333333,11.39297824435764,0.08333333333333333,0.006130642361111105,0.12760416666666666,0.3411458333333333,0.01628282335069444,0.11638047960069443
2022,0,5,2022_0_5,production,1774.239990234375,96,0,0,0,2163.114214261373,1961.9876586914063,2158.0191650390625,2355.3310302734376,302.51869946469867,0,71.41927083333333,17.817430284288196,0.13541666666666666,0.016981336805555552,0.109375,0.2838541666666667,0.011962890625,0.08057318793402779
2022,0,6,2022_0_6,production,1980.780029296875,82,1,0,0,2067.931197166443,1892.664990234375,2065.482177734375,2243.7067626953126,54.29692939172189,1,77.24479166666667,4.093180338541667,0.18489583333333334,0.6859605577256944,0.0234375,0.07291666666666667,0.00054931640625,0.005316840277777779
2022,0,7,2022_0_7,production,2250.300048828125,74,0,0,1,2143.122827529907,1974.0647216796874,2149.06884765625,2319.780712890625,63.958716261718024,1,73.81510416666667,3.1117824978298616,0.22395833333333334,0.04364691840277779,0.052083333333333336,0.22135416666666666,0.0027126736111111114,0.6062893337673612
2022,0,8,2022_0_8,production,2030.199951171875,98,0,0,0,2178.9903450012207,1986.4943725585938,2185.332763671875,2369.8848876953125,91.28035273816852,1,72.890625,18.165757921006943,0.13020833333333334,0.016289605034722238,0.10677083333333333,0.3255208333333333,0.011400010850694444,0.10596381293402776
2022,0,9,2022_0_9,production,1983.93994140625,102,0,0,0,2139.442114830017,1941.6560302734374,2139.6832275390625,2329.9303466796873,96.01631843629812,1,80.76822916666667,14.33355712890625,0.11979166666666667,0.011569552951388895,0.0546875,0.21875,0.00299072265625,0.0478515625
2022,0,10,2022_0_10,production,2223.6201171875,78,0,0,1,2099.2632706960044,1902.0968505859375,2107.30859375,2284.227587890625,71.8002622425556,1,76.78385416666667,3.685892740885417,0.1875,0.030612521701388895,0.046875,0.15364583333333334,0.002197265625,0.7163153754340277
2022,0,11,2022_0_11,production,2183.659912109375,80,0,0,0,2165.5886084238687,1989.8146362304688,2166.9996337890625,2350.41064453125,34.6806016481585,1,75.3828125,3.963073730468749,0.1484375,0.018507215711805552,0.09375,0.2994791666666667,0.0087890625,0.08968777126736112
2022,0,0,2022_0_0,ridge_swap,2080.60009765625,91,0,0,0,2180.4995663960776,1998.469677734375,2180.4202880859375,2356.5669921875,61.29138016700746,1,78.86458333333333,7.354003906250001,0.2630208333333333,0.056837293836805525,0.11197916666666667,0.3020833333333333,0.012539333767361112,0.09125434027777776
2022,0,1,2022_0_1,ridge_swap,2251.199951171875,61,0,1,1,2183.1409130096436,1994.6706787109374,2182.0081787109375,2370.9042236328123,47.0158334457212,1,71.02604166666667,5.461941189236111,0.109375,0.008965386284722224,0.11979166666666667,0.3072916666666667,0.7747667100694445,0.47984483506944436
2022,0,2,2022_0_2,ridge_swap,1976.0999755859375,72,0,0,0,2160.612426439921,1973.4896240234375,2161.987060546875,2333.589111328125,117.50057484292321,1,71.59114583333333,3.3409084743923607,0.14322916666666666,0.016526963975694448,0.07552083333333333,0.28125,0.00570339626736111,0.0791015625
2022,0,3,2022_0_3,ridge_swap,2195.10009765625,80,0,0,0,2151.6789445877075,1994.9827392578125,2134.7579345703125,2341.773974609375,41.297871982885724,1,73.609375,4.704603407118055,0.10416666666666667,0.010321723090277776,0.09114583333333333,0.2604166666666667,0.008307562934027776,0.06781684027777779
2022,0,4,2022_0_4,ridge_swap,2124.27978515625,91,0,0,0,2190.8485304514566,2021.1469970703124,2192.1490478515625,2372.6084716796877,43.73778858780861,1,72.27083333333333,12.446953667534721,0.08333333333333333,0.006944444444444434,0.13541666666666666,0.3255208333333333,0.01833767361111111,0.10596381293402776
2022,0,5,2022_0_5,ridge_swap,1774.239990234375,96,0,0,0,2169.577442487081,1993.5509521484375,2167.756103515625,2355.5078369140624,313.390527739293,0,70.984375,18.309434678819443,0.1328125,0.016309950086805552,0.11197916666666667,0.2760416666666667,0.012539333767361112,0.07619900173611112
2022,0,6,2022_0_6,ridge_swap,1980.780029296875,82,1,0,0,2074.4993034998574,1913.53486328125,2070.4755859375,2230.8504150390627,54.88649848517444,1,76.93489583333333,3.9082912868923616,0.17708333333333334,0.6901719835069444,0.0234375,0.09114583333333333,0.00054931640625,0.008307562934027776
2022,0,7,2022_0_7,ridge_swap,2250.300048828125,74,0,0,1,2139.401201248169,1981.629638671875,2138.8076171875,2298.1625,63.837692370017365,1,75.06770833333333,3.3104112413194438,0.2265625,0.04467095269097221,0.044270833333333336,0.21614583333333334,0.001959906684027778,0.6144273546006944
2022,0,8,2022_0_8,ridge_swap,2030.199951171875,98,0,0,0,2170.5393241246543,1986.7868041992188,2170.30908203125,2359.2416503906247,85.9203392871552,1,73.70572916666667,17.315165201822914,0.09895833333333333,0.009290907118055552,0.09375,0.28125,0.0087890625,0.0791015625
2022,0,9,2022_0_9,ridge_swap,1983.93994140625,102,0,0,0,2126.472293217977,1926.6687866210937,2131.3856201171875,2325.040771484375,84.8163050827053,1,81.56770833333333,13.57485622829861,0.12760416666666666,0.014411078559027762,0.06770833333333333,0.2265625,0.004584418402777777,0.05133056640625
2022,0,10,2022_0_10,ridge_swap,2223.6201171875,78,0,0,1,2089.7222801844277,1909.741845703125,2087.6456298828125,2269.7257812499997,80.97238523347511,1,77.52604166666667,3.192260742187499,0.20052083333333334,0.03532579210069445,0.036458333333333336,0.15104166666666666,0.0013292100694444447,0.7207302517361112
2022,0,11,2022_0_11,ridge_swap,2183.659912109375,80,0,0,0,2175.3276987075806,2011.5432373046874,2177.795654296875,2353.17265625,30.730910224219173,1,75.28125,3.867268880208333,0.15625,0.0220947265625,0.08854166666666667,0.28125,0.007839626736111112,0.0791015625
2022,1,0,2022_1_0,production,2114.579833984375,67,0,0,0,2213.514628728231,2020.7967651367187,2229.540771484375,2366.5546875,63.977759559949234,1,70.98177083333333,3.2212795681423616,0.140625,0.017673068576388895,0.12760416666666666,0.3802083333333333,0.01628282335069444,0.1445583767361111
2022,1,1,2022_1_1,production,2000.1800537109375,71,0,0,0,2157.749386151632,1982.24638671875,2152.2908935546875,2342.24716796875,96.67229470031128,1,72.4765625,3.1114976671006946,0.0625,0.00390625,0.10416666666666667,0.2552083333333333,0.010850694444444446,0.06513129340277776
2022,1,2,2022_1_2,production,1962.659912109375,90,0,0,0,2144.3749004999795,1967.5660888671875,2148.7760009765625,2320.922802734375,116.51387049506107,0,74.11979166666667,10.03310818142361,0.08072916666666667,0.0065171983506944475,0.049479166666666664,0.234375,0.0024481879340277775,0.054931640625
2022,1,3,2022_1_3,production,2196.5400390625,119,1,0,0,2180.4522622426352,1985.945263671875,2179.587646484375,2368.803857421875,33.92185302740998,1,73.78125,37.716959635416664,0.17708333333333334,0.6989610460069444,0.125,0.2786458333333333,0.015625,0.07764350043402776
2022,1,4,2022_1_4,production,2138.97998046875,76,0,0,0,2150.169626235962,1974.3573974609376,2142.5706787109375,2336.381787109375,33.652881758080596,1,72.88541666666667,3.322753906249999,0.109375,0.0103759765625,0.08854166666666667,0.23177083333333334,0.007839626736111112,0.05371771918402778
2022,1,5,2022_1_5,production,1802.5400390625,84,0,0,0,2118.7459615071616,1963.9943725585938,2107.978515625,2287.704541015625,244.91116109159256,0,76.4609375,4.837164984809028,0.24739583333333334,0.05396185980902779,0.020833333333333332,0.15625,0.00043402777777777775,0.0244140625
2022,1,6,2022_1_6,production,1955.719970703125,111,0,0,0,2126.1528358459473,1944.55751953125,2131.8421630859375,2304.8527587890626,106.17282264431319,1,79.46354166666667,24.04629177517361,0.2630208333333333,0.057949490017361105,0.052083333333333336,0.15364583333333334,0.0027126736111111114,0.023607042100694448
2022,1,7,2022_1_7,production,2204.60009765625,75,0,0,1,2143.3051551183066,1962.5724365234375,2143.0853271484375,2319.7055419921876,44.155921670297786,1,74.68229166666667,3.4136013454861107,0.109375,0.011406792534722224,0.07552083333333333,0.2265625,0.00570339626736111,0.59820556640625
2022,1,8,2022_1_8,production,2176.33984375,60,0,0,0,2167.472615559896,1999.4205200195313,2174.99267578125,2323.5903076171876,30.18435960014662,1,71.97135416666667,6.846876356336806,0.12239583333333333,0.013760036892361105,0.08072916666666667,0.20572916666666666,0.006517198350694445,0.042324490017361105
2022,1,9,2022_1_9,production,2251.02001953125,79,0,0,1,2201.6540438334146,2032.812744140625,2195.8173828125,2367.3702880859373,39.20608069499333,1,71.17708333333333,5.228936089409721,0.14322916666666666,0.018398708767361105,0.1171875,0.3411458333333333,0.01373291015625,0.4340888129340279
2022,1,10,2022_1_10,production,1931.60009765625,92,0,0,0,2116.0253365834556,1927.347216796875,2118.78173828125,2290.2163818359377,119.03344445592828,1,78.74739583333333,8.43887668185764,0.109375,0.011406792534722224,0.041666666666666664,0.14583333333333334,0.001736111111111111,0.021267361111111115
2022,1,11,2022_1_11,production,2272.10009765625,85,0,1,1,2208.767561594645,2032.24560546875,2211.6246337890625,2372.349169921875,42.143740352657105,1,76.26822916666667,5.351053873697917,0.234375,0.04290093315972221,0.1171875,0.390625,0.77935791015625,0.371337890625
2022,1,0,2022_1_0,ridge_swap,2114.579833984375,67,0,0,0,2208.459853490194,2046.8548828125,2206.14111328125,2375.3842529296876,55.602562286787574,1,71.9453125,3.335795084635416,0.13020833333333334,0.016289605034722238,0.1171875,0.359375,0.01373291015625,0.129150390625
2022,1,1,2022_1_1,ridge_swap,2000.1800537109375,71,0,0,0,2155.79052734375,1984.1744750976563,2147.27001953125,2337.6317871093747,94.36472016241817,1,73.27864583333333,2.9421725802951393,0.08854166666666667,0.006971571180555566,0.07291666666666667,0.23958333333333334,0.005316840277777779,0.05740017361111112
2022,1,2,2022_1_2,ridge_swap,1962.659912109375,90,0,0,0,2155.756952603658,1978.4365234375,2153.6165771484375,2315.177392578125,128.91955985873938,0,73.38802083333333,10.81231689453125,0.07552083333333333,0.005703396267361105,0.049479166666666664,0.22135416666666666,0.0024481879340277775,0.04899766710069444
2022,1,3,2022_1_3,ridge_swap,2196.5400390625,119,1,0,0,2184.4800214767456,1988.6755126953126,2174.2967529296875,2385.300537109375,34.46227423929507,1,73.55208333333333,38.110392252604164,0.171875,0.6944715711805556,0.1015625,0.3020833333333333,0.01031494140625,0.09125434027777776
2022,1,4,2022_1_4,ridge_swap,2138.97998046875,76,0,0,0,2150.743825276693,1962.2264038085937,2154.96533203125,2344.3399658203125,34.014445662498474,1,74.0078125,3.4093899197048607,0.1171875,0.011508517795138895,0.08072916666666667,0.2109375,0.006517198350694445,0.04449462890625
2022,1,5,2022_1_5,ridge_swap,1802.5400390625,84,0,0,0,2117.9786151250205,1958.7193603515625,2118.443115234375,2277.0095458984374,244.31986515306767,0,76.79166666666667,4.822781032986112,0.2604166666666667,0.05898708767361113,0.033854166666666664,0.140625,0.0011461046006944443,0.019775390625
2022,1,6,2022_1_6,ridge_swap,1955.719970703125,111,0,0,0,2128.5791400273642,1939.3057861328125,2134.087158203125,2321.7608642578125,108.0482460649477,1,78.9296875,24.408616807725696,0.2604166666666667,0.061374240451388895,0.0546875,0.19010416666666666,0.00299072265625,0.036139594184027776
2022,1,7,2022_1_7,ridge_swap,2204.60009765625,75,0,0,1,2140.8194662729898,1967.1844482421875,2134.13525390625,2336.05029296875,46.986273619863724,1,73.96614583333333,3.1713392469618062,0.12239583333333333,0.013190375434027776,0.0625,0.20833333333333334,0.00390625,0.626736111111111
2022,1,8,2022_1_8,ridge_swap,2176.33984375,60,0,0,0,2185.478653271993,2019.5920043945312,2182.0751953125,2359.997802734375,30.78642661455605,1,71.5703125,6.739834255642361,0.13020833333333334,0.01565212673611112,0.10416666666666667,0.2916666666666667,0.010850694444444446,0.08506944444444446
2022,1,9,2022_1_9,ridge_swap,2251.02001953125,79,0,0,1,2203.699194908142,2010.8146240234375,2205.989501953125,2385.4366943359373,41.25414697908694,1,71.23177083333333,4.906582302517361,0.13541666666666666,0.016981336805555552,0.14583333333333334,0.359375,0.021267361111111115,0.410400390625
2022,1,10,2022_1_10,ridge_swap,1931.60009765625,92,0,0,0,2106.7369362513223,1916.41474609375,2116.11181640625,2282.621044921875,111.34624076634647,1,78.6875,8.482164171006943,0.11458333333333333,0.011990017361111105,0.03125,0.1328125,0.0009765625,0.01763916015625
2022,1,11,2022_1_11,ridge_swap,2272.10009765625,85,0,1,1,2204.5386533737183,2023.1379150390626,2194.1356201171875,2383.37138671875,47.381611222194294,1,77.05208333333333,5.348646375868055,0.22395833333333334,0.04460991753472224,0.14583333333333334,0.34375,0.7296006944444444,0.4306640625
2022,2,0,2022_2_0,production,1970.5,90,0,0,0,2181.5717871983848,2003.6697143554688,2170.8421630859375,2379.577392578125,138.39120782332287,0,78.89322916666667,7.03582763671875,0.3020833333333333,0.06785753038194442,0.1171875,0.2994791666666667,0.01373291015625,0.08968777126736112
2022,2,1,2022_2_1,production,2046.9400634765625,99,0,0,0,2173.1212046941123,1961.7941772460938,2180.2530517578125,2355.5701904296875,81.04609744499128,1,82.36458333333333,10.934529622395832,0.2265625,0.04571533203125,0.10677083333333333,0.3020833333333333,0.011400010850694444,0.09125434027777776
2022,2,2,2022_2_2,production,2099.6201171875,87,0,0,0,2136.646337827047,1972.1016723632813,2148.34423828125,2304.355419921875,35.70283658388588,1,72.32291666666667,9.451741536458332,0.09375,0.007866753472222224,0.046875,0.16927083333333334,0.002197265625,0.028652615017361115
2022,2,3,2022_2_3,production,2001.83984375,97,0,0,0,2199.8199167251587,2022.77265625,2196.911376953125,2380.841259765625,129.6396698827545,0,76.21354166666667,13.808390299479168,0.11979166666666667,0.012600368923611119,0.140625,0.359375,0.019775390625,0.129150390625
2022,2,4,2022_2_4,production,2055.26025390625,95,0,0,0,2140.018497467041,1965.9002075195312,2125.9937744140625,2326.6806152343747,49.18148266937999,1,74.375,13.8095703125,0.140625,0.015231662326388895,0.07291666666666667,0.20833333333333334,0.005316840277777779,0.04340277777777778
2022,2,5,2022_2_5,production,2042.080078125,99,1,0,0,2114.2025645573935,1926.9305053710937,2115.831298828125,2294.1932373046875,47.98133818391297,1,79.25520833333333,13.072550455729168,0.1953125,0.6730889214409722,0.033854166666666664,0.16666666666666666,0.0011461046006944443,0.027777777777777776
2022,2,6,2022_2_6,production,2035.760009765625,80,0,0,0,2154.0498332977295,1983.9359741210938,2151.40234375,2332.954443359375,70.90130996538532,1,70.7265625,5.629523383246528,0.1796875,0.030470106336805552,0.07552083333333333,0.2265625,0.00570339626736111,0.05133056640625
2022,2,7,2022_2_7,production,2062.9599609375,92,0,0,0,2174.4307390848794,1989.59501953125,2181.9930419921875,2348.81611328125,70.30213395588927,1,70.6640625,14.583869086371529,0.057291666666666664,0.0029975043402777762,0.1015625,0.2916666666666667,0.01031494140625,0.08506944444444446
2022,2,8,2022_2_8,production,2092.64013671875,71,0,0,0,2068.871163368225,1892.051416015625,2070.535400390625,2243.0494140625,34.974429849949146,1,80.46614583333333,5.6414455837673625,0.19791666666666666,0.033406575520833315,0.026041666666666668,0.109375,0.0006781684027777779,0.011962890625
2022,2,9,2022_2_9,production,2187.56005859375,79,0,0,1,2183.9983364741006,2001.550439453125,2187.307373046875,2373.777294921875,34.702314602832004,1,71.41666666666667,5.119113498263889,0.08854166666666667,0.006971571180555566,0.09375,0.3151041666666667,0.0087890625,0.469082302517361
2022,2,10,2022_2_10,production,2265.840087890625,61,0,1,1,2202.3419834772744,2038.298583984375,2198.8486328125,2367.0294921875,43.40510514792469,1,68.91145833333333,4.849066840277777,0.12760416666666666,0.014411078559027762,0.12239583333333333,0.375,0.7701890733506944,0.390625
2022,2,11,2022_2_11,production,2199.56005859375,67,0,0,1,2143.724944750468,1971.10009765625,2149.41796875,2313.6762451171876,39.88648325453201,1,66.1953125,2.8606703016493054,0.07291666666666667,0.005316840277777776,0.0625,0.17708333333333334,0.00390625,0.6771918402777777
2022,2,0,2022_2_0,ridge_swap,1970.5,90,0,0,0,2182.6881033579507,2003.4455688476562,2191.19091796875,2358.9102294921877,143.58740901947021,0,78.90625,7.008043077256945,0.3177083333333333,0.07755533854166666,0.08072916666666667,0.3567708333333333,0.006517198350694445,0.1272854275173611
2022,2,1,2022_2_1,ridge_swap,2046.9400634765625,99,0,0,0,2178.445086479187,1985.9168823242187,2184.96435546875,2354.6203125,81.1283854237861,1,82.50260416666667,10.303351508246527,0.2265625,0.04576958550347221,0.10416666666666667,0.2994791666666667,0.010850694444444446,0.08968777126736112
2022,2,2,2022_2_2,ridge_swap,2099.6201171875,87,0,0,0,2136.6467682520547,1954.9139282226563,2144.2982177734375,2300.3406005859374,37.983837948077266,1,73.10677083333333,8.677225748697918,0.109375,0.009901258680555552,0.049479166666666664,0.19270833333333334,0.0024481879340277775,0.03713650173611111
2022,2,3,2022_2_3,ridge_swap,2001.83984375,97,0,0,0,2205.6196893056235,2022.1062377929688,2209.371337890625,2374.753466796875,135.34627733131248,0,75.36197916666667,14.96710205078125,0.13020833333333334,0.01565212673611112,0.14322916666666666,0.3645833333333333,0.020514594184027776,0.13292100694444442
2022,2,4,2022_2_4,ridge_swap,2055.26025390625,95,0,0,0,2135.409870783488,1948.2946044921875,2136.857421875,2322.4134765625,52.026074546906685,1,74.265625,14.6719970703125,0.140625,0.015801323784722224,0.049479166666666664,0.171875,0.0024481879340277775,0.029541015625
2022,2,5,2022_2_5,ridge_swap,2042.080078125,99,1,0,0,2115.130569458008,1956.9916870117188,2111.1756591796875,2289.7506591796873,45.91399767167039,1,79.82552083333333,12.673346625434029,0.20572916666666666,0.6561754014756944,0.0390625,0.13541666666666666,0.00152587890625,0.01833767361111111
2022,2,6,2022_2_6,ridge_swap,2035.760009765625,80,0,0,0,2160.2709992726645,1982.0986572265624,2161.36083984375,2331.100244140625,73.43439958824052,1,69.6640625,6.614902072482638,0.15364583333333334,0.022060818142361133,0.09114583333333333,0.2734375,0.008307562934027776,0.07476806640625
2022,2,7,2022_2_7,ridge_swap,2062.9599609375,92,0,0,0,2174.7591285705566,1989.5622314453126,2182.3515625,2349.7665771484376,69.32115846375625,1,70.16927083333333,14.894266764322918,0.057291666666666664,0.0032823350694444406,0.08333333333333333,0.2682291666666667,0.006944444444444444,0.07194688585069445
2022,2,8,2022_2_8,ridge_swap,2092.64013671875,71,0,0,0,2067.5791206359863,1865.7848999023438,2068.582275390625,2230.733203125,34.46317795581288,1,81.03125,5.674018012152779,0.20572916666666666,0.03638373480902776,0.028645833333333332,0.0859375,0.000820583767361111,0.00738525390625
2022,2,9,2022_2_9,ridge_swap,2187.56005859375,79,0,0,1,2178.176955540975,2007.7348999023438,2180.36328125,2362.4578125,31.401601802971626,1,72.18489583333333,4.440816243489583,0.1171875,0.012566460503472224,0.125,0.2994791666666667,0.015625,0.4907294379340277
2022,2,10,2022_2_10,ridge_swap,2265.840087890625,61,0,1,1,2202.8722801208496,2017.027978515625,2197.934814453125,2377.974853515625,43.771869265370896,1,68.29166666666667,4.206149631076389,0.1015625,0.01031494140625,0.13802083333333334,0.359375,0.743008083767361,0.410400390625
2022,2,11,2022_2_11,ridge_swap,2199.56005859375,67,0,0,1,2138.4900391896567,1949.181201171875,2137.1988525390625,2328.354150390625,42.95696158044868,1,68.03385416666667,2.946594238281251,0.046875,0.002197265625,0.06770833333333333,0.19270833333333334,0.004584418402777777,0.6517198350694444
2022,3,0,2022_3_0,production,2015.179931640625,103,0,0,0,2146.095945994059,1960.7827880859375,2145.46240234375,2334.2975341796873,77.09864297509192,1,80.53645833333333,15.442857530381945,0.3255208333333333,0.08323160807291666,0.0703125,0.22916666666666666,0.00494384765625,0.052517361111111105
2022,3,1,2022_3_1,production,1773.159912109375,76,0,0,0,2212.982284228007,2025.2792114257813,2214.0050048828125,2389.361572265625,362.2658611527748,0,71.59375,3.7276068793402786,0.052083333333333336,0.002224392361111112,0.140625,0.3828125,0.019775390625,0.14654541015625
2022,3,2,2022_3_2,production,2149.580078125,62,0,0,1,2143.338628133138,1957.9408935546876,2142.2965087890625,2312.07333984375,32.119565200474526,1,70.38541666666667,5.102281358506945,0.11979166666666667,0.013156467013888895,0.0625,0.20833333333333334,0.00390625,0.626736111111111
2022,3,3,2022_3_3,production,2129.39990234375,92,0,0,0,2188.33739566803,2020.11943359375,2185.662841796875,2368.85341796875,41.50505246470371,1,74.66145833333333,11.19882541232639,0.16927083333333334,0.027784559461805552,0.11979166666666667,0.3385416666666667,0.01435004340277778,0.11461046006944446
2022,3,4,2022_3_4,production,1988.860107421875,75,0,0,0,2169.618193308512,1995.8680419921875,2168.0960693359375,2349.5066162109374,115.15075768199232,0,74.99739583333333,2.724751790364583,0.059895833333333336,0.0035875108506944475,0.08854166666666667,0.2786458333333333,0.007839626736111112,0.07764350043402776
2022,3,5,2022_3_5,production,1853.739990234375,77,0,0,0,2200.5919036865234,2007.680615234375,2201.2425537109375,2373.4578125,264.9637588345342,0,71.19791666666667,4.227403428819445,0.1171875,0.013136121961805552,0.14583333333333334,0.3776041666666667,0.021267361111111115,0.1425849066840278
2022,3,6,2022_3_6,production,2455.419921875,88,0,1,1,2166.8424530029297,1983.9500610351563,2167.270263671875,2356.2591796875,208.0851072371006,0,73.78125,9.05615234375,0.1328125,0.015089246961805552,0.1015625,0.28125,0.80718994140625,0.5166015625
2022,3,7,2022_3_7,production,1896.719970703125,87,0,0,0,2142.9645210901895,1975.9581787109375,2134.2650146484375,2324.3610107421873,172.25432168857918,0,72.640625,9.24026150173611,0.171875,0.027804904513888895,0.0703125,0.22395833333333334,0.00494384765625,0.05015733506944445
2022,3,8,2022_3_8,production,2348.320068359375,77,0,0,1,2042.081148147583,1854.4171752929688,2043.3285522460938,2230.551025390625,225.9372112552325,0,83.17447916666667,3.9267239040798607,0.2578125,0.05333794487847221,0.0026041666666666665,0.08072916666666667,6.781684027777777e-06,0.8450588650173612
2022,3,9,2022_3_9,production,2090.60009765625,110,1,0,0,2174.7449769973755,2005.8412719726562,2172.3162841796875,2355.154296875,50.866852322386364,1,71.0546875,31.999301486545143,0.14322916666666666,0.7475653754340278,0.109375,0.2734375,0.011962890625,0.07476806640625
2022,3,10,2022_3_10,production,2023.5400390625,87,0,0,0,2138.2168254852295,1964.0838256835937,2134.9964599609375,2301.84443359375,69.51556451287536,1,69.890625,11.233995225694443,0.14583333333333334,0.019802517361111133,0.044270833333333336,0.16145833333333334,0.001959906684027778,0.02606879340277778
2022,3,11,2022_3_11,production,2073.97998046875,79,0,0,0,2115.6951411565146,1939.4278564453125,2110.2161865234375,2296.78056640625,36.82437532891831,1,78.77083333333333,3.4745958116319446,0.1484375,0.016621907552083343,0.044270833333333336,0.1640625,0.001959906684027778,0.02691650390625
2022,3,0,2022_3_0,ridge_swap,2015.179931640625,103,0,0,0,2149.8042809168496,1969.8457397460938,2150.65673828125,2343.1095458984373,80.81936301704908,1,80.41927083333333,15.55880398220486,0.3046875,0.07810465494791666,0.07552083333333333,0.23697916666666666,0.00570339626736111,0.056159125434027776
2022,3,1,2022_3_1,ridge_swap,1773.159912109375,76,0,0,0,2220.1455059051514,2045.9901000976563,2218.694091796875,2403.5755859375,367.27537995245723,0,70.47135416666667,4.155198838975695,0.0625,0.00390625,0.17708333333333334,0.421875,0.03135850694444445,0.177978515625
2022,3,2,2022_3_2,ridge_swap,2149.580078125,62,0,0,1,2146.7205244700112,1970.137109375,2147.232421875,2329.7013671875,31.657557855049774,1,69.53645833333333,4.634616427951388,0.11458333333333333,0.012546115451388881,0.08072916666666667,0.21614583333333334,0.006517198350694445,0.6144273546006944
2022,3,3,2022_3_3,ridge_swap,2129.39990234375,92,0,0,0,2206.7220923105874,2038.3296020507812,2206.8294677734375,2389.020068359375,49.0365247660213,1,74.1328125,11.778435601128471,0.16145833333333334,0.022922092013888895,0.11458333333333333,0.3697916666666667,0.013129340277777776,0.13674587673611113
2022,3,4,2022_3_4,ridge_swap,1988.860107421875,75,0,0,0,2175.9127254486084,1990.3817626953125,2171.3946533203125,2353.4943115234373,118.46183268229166,0,74.8515625,3.0242987738715286,0.08072916666666667,0.0065171983506944475,0.11458333333333333,0.2760416666666667,0.013129340277777776,0.07619900173611112
2022,3,5,2022_3_5,ridge_swap,1853.739990234375,77,0,0,0,2189.948764483134,2011.026452636719,2192.7734375,2361.281787109375,257.88960235897036,0,72.33854166666667,4.086154513888888,0.1640625,0.023715549045138895,0.10416666666666667,0.3255208333333333,0.010850694444444446,0.10596381293402776
2022,3,6,2022_3_6,ridge_swap,2455.419921875,88,0,1,1,2160.240660349528,1969.4834106445312,2164.978271484375,2344.20205078125,213.54803367290233,0,73.53385416666667,9.267110188802082,0.09375,0.008314344618055552,0.08333333333333333,0.2786458333333333,0.8402777777777777,0.5203518337673613
2022,3,7,2022_3_7,ridge_swap,1896.719970703125,87,0,0,0,2141.409740447998,1967.3394409179687,2139.2369384765625,2316.4824951171877,169.49262569844723,0,74.20052083333333,7.989603678385417,0.19010416666666666,0.03239610460069445,0.0546875,0.17708333333333334,0.00299072265625,0.03135850694444445
2022,3,8,2022_3_8,ridge_swap,2348.320068359375,77,0,0,1,2027.9942928949993,1824.7871704101562,2035.9841918945312,2187.828173828125,240.47461882978678,0,83.76302083333333,4.314690483940973,0.2552083333333333,0.057644314236111105,0.0078125,0.0546875,6.103515625e-05,0.89361572265625
2022,3,9,2022_3_9,ridge_swap,2090.60009765625,110,1,0,0,2173.09006023407,2002.3282470703125,2173.2615966796875,2332.5314453125,52.350447327726414,1,72.25,30.5733642578125,0.15364583333333334,0.7341240776909722,0.08854166666666667,0.2708333333333333,0.007839626736111112,0.07335069444444443
2022,3,10,2022_3_10,ridge_swap,2023.5400390625,87,0,0,0,2132.4982872009277,1948.577978515625,2130.7152099609375,2311.89697265625,66.01148906681274,1,70.51302083333333,10.937479654947918,0.14583333333333334,0.02126736111111112,0.057291666666666664,0.19010416666666666,0.003282335069444444,0.036139594184027776
2022,3,11,2022_3_11,ridge_swap,2073.97998046875,79,0,0,0,2110.2522961298623,1923.5791870117187,2115.086669921875,2296.408447265625,37.93569165882137,1,78.40104166666667,3.422553168402777,0.15364583333333334,0.01929389105902779,0.041666666666666664,0.18229166666666666,0.001736111111111111,0.033230251736111105
2022,4,0,2022_4_0,production,2126.60009765625,77,0,0,0,2156.638019243876,1967.2821533203125,2162.591064453125,2342.4251708984375,39.8751791227195,1,76.13541666666667,3.2365180121527777,0.21614583333333334,0.03597683376736113,0.08854166666666667,0.265625,0.007839626736111112,0.070556640625
2022,4,1,2022_4_1,production,2091.72021484375,110,0,0,0,2193.061152458191,2008.1150268554688,2193.5333251953125,2381.111865234375,61.40681389884817,1,76.75,25.822862413194446,0.22135416666666666,0.04357231987847221,0.12239583333333333,0.3567708333333333,0.01498074001736111,0.1272854275173611
2022,4,2,2022_4_2,production,1897.93994140625,68,0,0,0,2186.1586771011353,1987.3133056640625,2193.841064453125,2372.048388671875,208.33338351133796,0,71.109375,3.2094590928819446,0.125,0.014377170138888895,0.125,0.3697916666666667,0.015625,0.13674587673611113
2022,4,3,2022_4_3,production,2007.8399658203125,102,1,0,0,2146.244785308838,1966.2483642578125,2146.93603515625,2333.2010986328123,84.02809767756196,1,78.30989583333333,16.66907416449653,0.265625,0.5953369140625,0.09895833333333333,0.23177083333333334,0.00979275173611111,0.05371771918402778
2022,4,4,2022_4_4,production,2321.33984375,56,0,0,1,2189.1517651875815,1993.7990478515626,2195.0406494140625,2370.2288818359375,75.36460580925147,1,72.09375,9.507269965277779,0.09114583333333333,0.007846408420138881,0.125,0.3515625,0.015625,0.42047119140625
2022,4,5,2022_4_5,production,2334.0,65,0,1,1,2195.0995222727456,2021.6145141601562,2196.860595703125,2382.5332275390624,85.1942716108428,1,70.73958333333333,3.7022433810763884,0.11458333333333333,0.011990017361111105,0.11458333333333333,0.3619791666666667,0.783962673611111,0.407070583767361
2022,4,6,2022_4_6,production,2100.679931640625,100,0,0,0,2154.892652193705,1961.7175659179688,2149.4266357421875,2353.8138916015623,39.9833686409725,1,73.95572916666667,19.14855278862847,0.041666666666666664,0.0015326605902777762,0.08072916666666667,0.2421875,0.006517198350694445,0.05865478515625
2022,4,7,2022_4_7,production,1930.6201171875,79,0,0,0,2068.009592692057,1873.0834594726562,2069.4644775390625,2254.9719970703127,81.6222345398532,1,79.3515625,3.5206637912326375,0.3020833333333333,0.07687717013888887,0.036458333333333336,0.10416666666666667,0.0013292100694444447,0.010850694444444446
2022,4,8,2022_4_8,production,2043.5,92,0,0,0,2086.1583274205527,1885.4134399414063,2088.3218994140625,2274.3824951171873,39.94730706595712,1,81.19270833333333,6.821492513020834,0.125,0.014987521701388895,0.033854166666666664,0.15104166666666666,0.0011461046006944443,0.02281358506944444
2022,4,9,2022_4_9,production,2161.56005859375,96,0,0,1,2168.7440452575684,1976.57041015625,2168.697265625,2342.3375,32.14434000684156,1,69.7578125,19.14105224609375,0.13802083333333334,0.015794542100694448,0.09635416666666667,0.2734375,0.009284125434027778,0.52789306640625
2022,4,10,2022_4_10,production,1902.179931640625,88,0,0,0,2100.8954776128135,1926.925341796875,2094.6553955078125,2283.0943359375,129.96349752197665,0,71.87760416666667,10.575690375434029,0.036458333333333336,0.0013292100694444475,0.0390625,0.13020833333333334,0.00152587890625,0.016954210069444448
2022,4,11,2022_4_11,production,2116.81982421875,75,0,0,0,2124.974686940511,1934.7308227539063,2124.7108154296875,2291.04970703125,33.377483497063324,1,72.65104166666667,3.0989447699652786,0.11458333333333333,0.013129340277777776,0.0390625,0.16145833333333334,0.00152587890625,0.02606879340277778
2022,4,0,2022_4_0,ridge_swap,2126.60009765625,77,0,0,0,2156.9213078816733,1972.8865234375,2160.8861083984375,2336.521533203125,37.395114810930366,1,76.4375,3.179606119791666,0.22395833333333334,0.0406494140625,0.0859375,0.2552083333333333,0.00738525390625,0.06513129340277776
2022,4,1,2022_4_1,ridge_swap,2091.72021484375,110,0,0,0,2192.8074067433677,2023.9159790039062,2196.3857421875,2355.093603515625,61.975057015816375,1,76.9609375,25.56615532769097,0.21614583333333334,0.04045274522569445,0.1171875,0.328125,0.01373291015625,0.107666015625
2022,4,2,2022_4_2,ridge_swap,1897.93994140625,68,0,0,0,2182.7662782669067,2000.6747924804688,2191.694091796875,2355.986181640625,210.28490199893713,0,71.7421875,3.491841634114583,0.15104166666666666,0.018581814236111105,0.12239583333333333,0.3307291666666667,0.01498074001736111,0.10938178168402779
2022,4,3,2022_4_3,ridge_swap,2007.8399658203125,102,1,0,0,2156.447990735372,1981.89716796875,2148.149658203125,2338.0482177734375,90.16637279341617,1,76.85416666666667,17.5791015625,0.24739583333333334,0.590420193142361,0.07291666666666667,0.24739583333333334,0.005316840277777779,0.06120469835069445
2022,4,4,2022_4_4,ridge_swap,2321.33984375,56,0,0,1,2189.0235497156777,2015.476123046875,2182.4129638671875,2382.23935546875,81.3171486614479,1,72.859375,10.477837456597221,0.0703125,0.00494384765625,0.12239583333333333,0.3307291666666667,0.01498074001736111,0.44792344835069436
2022,4,5,2022_4_5,ridge_swap,2334.0,65,0,1,1,2193.552872657776,2018.5295166015626,2202.5115966796875,2354.9039794921873,82.94997337708871,1,69.609375,3.5221082899305554,0.08854166666666667,0.006971571180555566,0.11979166666666667,0.3411458333333333,0.7747667100694445,0.4340888129340279
2022,4,6,2022_4_6,ridge_swap,2100.679931640625,100,0,0,0,2157.8959414164224,1967.8777954101563,2163.762451171875,2323.232421875,42.64418509933684,1,74.09375,19.012654622395832,0.046875,0.0019666883680555525,0.08333333333333333,0.23697916666666666,0.006944444444444444,0.056159125434027776
2022,4,7,2022_4_7,ridge_swap,1930.6201171875,79,0,0,0,2072.2811597188315,1882.2652465820313,2071.163330078125,2258.3876220703123,83.09803850617674,1,78.98958333333333,3.3217230902777777,0.2916666666666667,0.07378472222222224,0.0390625,0.125,0.00152587890625,0.015625
2022,4,8,2022_4_8,ridge_swap,2043.5,92,0,0,0,2073.4616467158,1890.8491943359375,2078.862548828125,2258.0784423828127,35.66942867388329,1,82.13541666666667,5.997707790798612,0.140625,0.015869140625,0.018229166666666668,0.10677083333333333,0.0003323025173611112,0.011400010850694444
2022,4,9,2022_4_9,ridge_swap,2161.56005859375,96,0,0,1,2172.493941307068,2009.8007446289062,2166.6827392578125,2346.084765625,32.595445812576344,1,70.21875,18.278076171875,0.14583333333333334,0.018446180555555552,0.1015625,0.3151041666666667,0.01031494140625,0.469082302517361
2022,4,10,2022_4_10,ridge_swap,1902.179931640625,88,0,0,0,2102.2559229532876,1912.3687622070313,2103.978759765625,2303.6647705078126,126.83454989393553,0,72.18229166666667,10.171332465277779,0.06510416666666667,0.0036146375868055594,0.0546875,0.17447916666666666,0.00299072265625,0.03044297960069444
2022,4,11,2022_4_11,ridge_swap,2116.81982421875,75,0,0,0,2129.340697606405,1956.595068359375,2129.5841064453125,2303.693359375,33.705535979734535,1,73.2734375,3.297180175781251,0.1171875,0.011467827690972224,0.0625,0.20833333333333334,0.00390625,0.04340277777777778
2022,5,0,2022_5_0,production,2214.68017578125,66,0,0,1,2206.852938334147,2044.0156005859376,2207.825439453125,2390.178271484375,32.190234060088784,1,69.43489583333333,3.4342515733506938,0.08072916666666667,0.006110297309027776,0.1640625,0.3723958333333333,0.02691650390625,0.3938869900173612
2022,5,1,2022_5_1,production,2185.340087890625,88,0,0,0,2128.8005043665567,1939.5958984375,2126.763916015625,2308.5312744140624,42.44757017576033,1,76.91927083333333,6.797654893663195,0.3203125,0.0781589084201389,0.049479166666666664,0.17447916666666666,0.0024481879340277775,0.03044297960069444
2022,5,2,2022_5_2,production,2418.4599609375,86,0,1,1,2199.4936491648355,2016.257080078125,2203.9752197265625,2358.1580322265627,149.26443678471776,0,68.5,11.466729058159723,0.059895833333333336,0.0035875108506944475,0.11197916666666667,0.3671875,0.7885810004340278,0.40045166015625
2022,5,3,2022_5_3,production,2112.239990234375,83,1,0,0,2176.0372908910117,2003.2091064453125,2182.095947265625,2335.78505859375,45.67094512366586,1,79.52083333333333,3.7900933159722223,0.1640625,0.71197509765625,0.10416666666666667,0.3020833333333333,0.010850694444444446,0.09125434027777776
2022,5,4,2022_5_4,production,1822.9400634765625,78,0,0,0,2118.1972544988,1947.8751220703125,2114.9727783203125,2286.3123046875,221.66414138095246,0,71.77604166666667,4.485120985243055,0.11197916666666667,0.011969672309027776,0.046875,0.15625,0.002197265625,0.0244140625
2022,5,5,2022_5_5,production,1941.43994140625,91,0,0,0,2190.5944725672402,2007.8672607421875,2192.5169677734375,2368.7763916015624,173.36975965980025,0,75.50520833333333,9.91379123263889,0.12760416666666666,0.01500786675347221,0.09895833333333333,0.34375,0.00979275173611111,0.1181640625
2022,5,6,2022_5_6,production,1987.9000244140625,81,0,0,0,2132.285214742025,1939.994189453125,2143.7259521484375,2310.873486328125,89.04000174171394,1,80.97135416666667,3.1659817165798616,0.21354166666666666,0.042385525173611105,0.06510416666666667,0.19791666666666666,0.004238552517361112,0.03917100694444444
2022,5,7,2022_5_7,production,2069.919921875,94,0,0,0,2180.838061650594,2020.9347290039063,2174.182861328125,2361.0653076171875,64.64326644440492,1,73.29166666666667,14.110026041666668,0.16145833333333334,0.021511501736111133,0.11979166666666667,0.2994791666666667,0.01435004340277778,0.08968777126736112
2022,5,8,2022_5_8,production,2344.47998046875,71,0,0,1,2175.8738540013633,1996.0944946289062,2171.1756591796875,2355.2240966796876,107.39211429903905,1,70.015625,2.6908637152777777,0.0703125,0.00494384765625,0.11458333333333333,0.3177083333333333,0.013129340277777776,0.4655219184027779
2022,5,9,2022_5_9,production,2036.1600341796875,83,0,0,0,2103.0475200017295,1912.584228515625,2106.5601806640625,2275.9631103515626,47.0733214509156,1,75.15885416666667,5.109422471788195,0.1328125,0.01568603515625,0.036458333333333336,0.13541666666666666,0.0013292100694444447,0.01833767361111111
2022,5,10,2022_5_10,production,1845.1201171875,109,0,0,0,2102.050399462382,1926.40244140625,2107.298583984375,2284.3356201171873,181.91441024260388,0,76.5625,25.27155219184028,0.059895833333333336,0.0032891167534722238,0.044270833333333336,0.15885416666666666,0.001959906684027778,0.02523464626736111
2022,5,11,2022_5_11,production,2150.89990234375,83,0,0,0,2122.2939761479697,1954.8412109375,2119.95263671875,2300.52568359375,33.85256204422977,1,73.48177083333333,5.836568196614584,0.2838541666666667,0.06714545355902779,0.044270833333333336,0.17447916666666666,0.001959906684027778,0.03044297960069444
2022,5,0,2022_5_0,ridge_swap,2214.68017578125,66,0,0,1,2201.710425376892,2029.2802856445312,2196.1351318359375,2388.709228515625,34.740444381203915,1,70.11979166666667,3.2998589409722214,0.09635416666666667,0.008795844184027776,0.1484375,0.3567708333333333,0.02203369140625,0.41374376085069453
2022,5,1,2022_5_1,ridge_swap,2185.340087890625,88,0,0,0,2139.0867687861123,1966.1974853515626,2136.037353515625,2313.7944091796876,39.61737008972301,1,75.44270833333333,7.527330186631945,0.3072916666666667,0.07702636718750003,0.052083333333333336,0.21614583333333334,0.0027126736111111114,0.04671902126736111
2022,5,2,2022_5_2,ridge_swap,2418.4599609375,86,0,1,1,2202.0612433751426,2022.9223999023438,2214.4146728515625,2359.128564453125,144.45555422289505,0,69.47395833333333,11.039089626736112,0.0859375,0.0065443250868055525,0.11197916666666667,0.359375,0.7885810004340278,0.410400390625
2022,5,3,2022_5_3,ridge_swap,2112.239990234375,83,1,0,0,2184.121237754822,2010.8867065429688,2179.91455078125,2358.258056640625,47.54457418372235,1,79.59375,3.5582953559027777,0.18229166666666666,0.6946885850694444,0.09635416666666667,0.3020833333333333,0.009284125434027778,0.09125434027777776
2022,5,4,2022_5_4,ridge_swap,1822.9400634765625,78,0,0,0,2108.822020212809,1941.9756713867187,2107.9443359375,2283.0170166015623,212.1258514755302,0,71.65885416666667,4.483228895399305,0.109375,0.011406792534722224,0.033854166666666664,0.15364583333333334,0.0011461046006944443,0.023607042100694448
2022,5,5,2022_5_5,ridge_swap,1941.43994140625,91,0,0,0,2199.6738147735596,2024.47802734375,2194.66357421875,2391.37529296875,181.9507659425338,0,75.38802083333333,9.804979112413193,0.10416666666666667,0.010321723090277776,0.16666666666666666,0.3671875,0.027777777777777776,0.13482666015625
2022,5,6,2022_5_6,ridge_swap,1987.9000244140625,81,0,0,0,2136.5729373296103,1944.9187744140625,2135.2716064453125,2328.970703125,90.41859442740677,1,81.6171875,3.1208157009548607,0.22135416666666666,0.042568630642361105,0.0703125,0.203125,0.00494384765625,0.041259765625
2022,5,7,2022_5_7,ridge_swap,2069.919921875,94,0,0,0,2176.582427342733,2007.4883422851562,2177.0843505859375,2348.551416015625,63.78263606627783,1,74.5703125,12.911139594184027,0.14583333333333334,0.016615125868055552,0.08333333333333333,0.2786458333333333,0.006944444444444444,0.07764350043402776
2022,5,8,2022_5_8,ridge_swap,2344.47998046875,71,0,0,1,2171.258749961853,2002.42177734375,2170.62060546875,2347.364208984375,108.90822207017078,1,70.79427083333333,2.7818264431423616,0.07291666666666667,0.004950629340277776,0.08333333333333333,0.2760416666666667,0.006944444444444444,0.5241156684027777
2022,5,9,2022_5_9,ridge_swap,2036.1600341796875,83,0,0,0,2108.5120083491006,1931.5061279296874,2101.347412109375,2291.7070068359376,45.43885598497258,1,74.0546875,6.175367567274306,0.14583333333333334,0.018446180555555552,0.052083333333333336,0.15625,0.0027126736111111114,0.0244140625
2022,5,10,2022_5_10,ridge_swap,1845.1201171875,109,0,0,0,2100.8298161824546,1924.0679931640625,2103.767822265625,2276.7290283203124,180.6802296953069,0,77.09375,24.808851453993057,0.08854166666666667,0.007392035590277776,0.041666666666666664,0.140625,0.001736111111111111,0.019775390625
2022,5,11,2022_5_11,ridge_swap,2150.89990234375,83,0,0,0,2124.847967147827,1950.9375244140624,2124.76953125,2292.3644287109373,35.36486727992694,1,73.43489583333333,5.90228271484375,0.2552083333333333,0.05536566840277776,0.059895833333333336,0.19010416666666666,0.003587510850694445,0.036139594184027776
2022,6,0,2022_6_0,production,2166.300048828125,73,0,0,1,2147.4119348526,1954.1103881835938,2157.96728515625,2328.2848876953126,32.81754932552576,1,79.2734375,4.013054741753472,0.23177083333333334,0.04585096571180555,0.07552083333333333,0.23697916666666666,0.00570339626736111,0.5822007921006945
2022,6,1,2022_6_1,production,2165.139892578125,57,0,0,0,2133.692043622335,1941.7025390625,2139.90283203125,2319.2978515625,36.67975129104322,1,76.2734375,12.210767957899305,0.1953125,0.03253173828125,0.06770833333333333,0.22135416666666666,0.004584418402777777,0.04899766710069444
2022,6,2,2022_6_2,production,2021.419921875,82,0,0,0,2115.6340017318726,1943.3297607421875,2115.9110107421875,2302.7934814453124,58.24227564285198,1,75.40104166666667,4.543565538194444,0.1328125,0.014519585503472224,0.06510416666666667,0.18489583333333334,0.004238552517361112,0.03418646918402778
2022,6,3,2022_6_3,production,1972.080078125,96,0,0,0,2074.56928284963,1901.4451538085937,2080.7724609375,2257.59912109375,61.19753502226537,1,83.95572916666667,7.249938964843751,0.5625,0.2421196831597222,0.028645833333333332,0.10416666666666667,0.000820583767361111,0.010850694444444446
2022,6,4,2022_6_4,production,2171.52001953125,78,0,0,1,2148.9670680363974,1970.1864501953125,2144.555419921875,2321.3551025390625,34.02282946391239,1,76.4453125,3.2895439995659723,0.13541666666666666,0.016343858506944434,0.0859375,0.2421875,0.00738525390625,0.57427978515625
2022,6,5,2022_6_5,production,1986.18017578125,95,0,0,0,2179.307097752889,1984.74423828125,2175.3572998046875,2367.3296875,121.94599884914028,1,73.13802083333333,14.660800509982638,0.23697916666666666,0.05032687717013887,0.13541666666666666,0.328125,0.01833767361111111,0.107666015625
2022,6,6,2022_6_6,production,2109.18017578125,105,1,0,0,2173.9897467295327,1980.862060546875,2172.31396484375,2355.97705078125,45.646159546242814,1,77.40104166666667,19.86798773871528,0.15364583333333334,0.7341647677951388,0.09635416666666667,0.3385416666666667,0.009284125434027778,0.11461046006944446
2022,6,7,2022_6_7,production,2243.159912109375,74,0,1,1,2171.509135246277,2003.9219482421875,2169.821533203125,2346.4236328125,46.43222654114166,1,73.625,3.1676974826388893,0.1953125,0.03253173828125,0.09635416666666667,0.2942708333333333,0.8165757921006945,0.4980536566840279
2022,6,8,2022_6_8,production,1859.9599609375,99,0,0,0,2157.573269844055,1986.8704467773437,2153.529541015625,2345.9400146484377,219.84556867927313,0,72.48177083333333,19.528299967447914,0.078125,0.005343967013888895,0.08333333333333333,0.2630208333333333,0.006944444444444444,0.0691799587673611
2022,6,9,2022_6_9,production,2125.7998046875,80,0,0,0,2189.5763006210327,2012.7050537109376,2198.6514892578125,2373.35205078125,47.13941113899152,1,72.8203125,4.674730088975694,0.16666666666666666,0.023057725694444448,0.125,0.3645833333333333,0.015625,0.13292100694444442
2022,6,10,2022_6_10,production,2062.900146484375,93,0,0,0,2117.525642077128,1922.524267578125,2115.324462890625,2322.90947265625,41.320725860695035,1,71.0703125,15.32366943359375,0.11458333333333333,0.011461046006944434,0.0703125,0.18229166666666666,0.00494384765625,0.033230251736111105
2022,6,11,2022_6_11,production,2043.360107421875,78,0,0,0,2139.8628810246787,1958.990185546875,2133.3515625,2328.7707275390626,57.17402055114508,1,73.43489583333333,3.964240180121527,0.09635416666666667,0.008795844184027776,0.0703125,0.23958333333333334,0.00494384765625,0.05740017361111112
2022,6,0,2022_6_0,ridge_swap,2166.300048828125,73,0,0,1,2146.9942770004272,1975.0939453125,2139.052734375,2337.8548095703127,34.43087341305282,1,79.55989583333333,4.030442979600695,0.19010416666666666,0.03239610460069445,0.0859375,0.23958333333333334,0.00738525390625,0.5782335069444444
2022,6,1,2022_6_1,ridge_swap,2165.139892578125,57,0,0,0,2130.2606614430747,1937.1385864257813,2135.6962890625,2313.365869140625,34.3843750771549,1,75.91145833333333,12.204115125868054,0.1953125,0.03253173828125,0.057291666666666664,0.20572916666666666,0.003282335069444444,0.042324490017361105
2022,6,2,2022_6_2,ridge_swap,2021.419921875,82,0,0,0,2124.4174226125083,1923.1078857421876,2134.6795654296875,2298.8989013671876,64.52406372129917,1,75.1015625,4.812818739149305,0.12239583333333333,0.013190375434027776,0.0703125,0.1875,0.00494384765625,0.03515625
2022,6,3,2022_6_3,ridge_swap,1972.080078125,96,0,0,0,2064.5972674687705,1881.1142578125,2067.3270263671875,2252.4130126953123,56.61457623624139,1,84.6875,6.943712022569445,0.5182291666666666,0.20131429036458331,0.015625,0.10677083333333333,0.000244140625,0.011400010850694444
2022,6,4,2022_6_4,ridge_swap,2171.52001953125,78,0,0,1,2144.895474433899,1956.752099609375,2141.7374267578125,2323.75048828125,36.99685090366337,1,76.046875,3.5354953342013893,0.15364583333333334,0.019944932725694448,0.08854166666666667,0.25,0.007839626736111112,0.5625
2022,6,5,2022_6_5,ridge_swap,1986.18017578125,95,0,0,0,2175.366056124369,1984.8338745117187,2181.832763671875,2359.5446289062497,122.49415674722857,1,73.21875,15.230617947048612,0.2421875,0.047275119357638895,0.11458333333333333,0.3307291666666667,0.013129340277777776,0.10938178168402779
2022,6,6,2022_6_6,ridge_swap,2109.18017578125,105,1,0,0,2186.5679012934365,2008.8408935546875,2192.2762451171875,2357.2170654296874,50.51738067219655,1,77.36197916666667,20.603671603732636,0.1484375,0.7340833875868056,0.12760416666666666,0.3619791666666667,0.01628282335069444,0.13102891710069445
2022,6,7,2022_6_7,ridge_swap,2243.159912109375,74,0,1,1,2166.4822130203247,2005.8093627929688,2165.9483642578125,2335.893115234375,46.59725206676457,1,73.24739583333333,3.3255954318576393,0.18229166666666666,0.028822157118055552,0.08854166666666667,0.2760416666666667,0.8307562934027778,0.5241156684027777
2022,6,8,2022_6_8,ridge_swap,1859.9599609375,99,0,0,0,2154.188581466675,1978.4744262695312,2151.3465576171875,2329.8087890625,215.98189630938901,0,73.33072916666667,18.400899251302082,0.1171875,0.013136121961805552,0.0859375,0.24479166666666666,0.00738525390625,0.05992296006944444
2022,6,9,2022_6_9,ridge_swap,2125.7998046875,80,0,0,0,2201.1986837387085,2019.133642578125,2205.948486328125,2377.9224853515625,48.805886410176754,1,72.1484375,5.309780544704862,0.1640625,0.02221001519097221,0.14583333333333334,0.3723958333333333,0.021267361111111115,0.13867865668402776
2022,6,10,2022_6_10,ridge_swap,2062.900146484375,93,0,0,0,2122.761470158895,1952.2953857421876,2112.62109375,2316.618310546875,41.869072003497024,1,71.4296875,15.088656955295138,0.11197916666666667,0.011969672309027776,0.044270833333333336,0.19791666666666666,0.001959906684027778,0.03917100694444444
2022,6,11,2022_6_11,ridge_swap,2043.360107421875,78,0,0,0,2143.7357699076333,1967.0416748046875,2146.577392578125,2313.403173828125,60.043887030747186,1,73.80208333333333,3.6848008897569446,0.10677083333333333,0.010857476128472224,0.07552083333333333,0.2265625,0.00570339626736111,0.05133056640625
2022,7,0,2022_7_0,production,2061.5,95,0,0,0,2208.555668195089,2034.2524047851562,2205.363525390625,2380.5697509765623,90.87428617063495,1,77.203125,11.417290581597221,0.21875,0.04249403211805555,0.15104166666666666,0.3984375,0.02281358506944444,0.15875244140625
2022,7,1,2022_7_1,production,2178.3798828125,86,0,0,0,2133.4757277170816,1942.5337280273438,2126.0155029296875,2314.0008056640627,39.53862274520927,1,78.25260416666667,5.521192762586805,0.11197916666666667,0.011427137586805566,0.07291666666666667,0.23958333333333334,0.005316840277777779,0.05740017361111112
2022,7,2,2022_7_2,production,1822.159912109375,93,0,0,0,2107.993089993795,1933.7037109375,2103.010498046875,2291.84150390625,207.61480612473358,0,75.16927083333333,11.821634928385418,0.15625,0.02068413628472221,0.046875,0.17708333333333334,0.002197265625,0.03135850694444445
2022,7,3,2022_7_3,production,2263.080078125,73,0,0,1,2200.2635911305747,2027.2429931640625,2191.5546875,2375.70927734375,44.55581497483783,1,69.00260416666667,3.585591634114583,0.19270833333333334,0.03333875868055555,0.15885416666666666,0.3802083333333333,0.02523464626736111,0.38414171006944453
2022,7,4,2022_7_4,production,2319.64013671875,79,0,1,1,2142.22306060791,1967.531201171875,2145.90625,2317.079931640625,111.56126736270056,0,73.30989583333333,4.673699273003472,0.265625,0.06035698784722221,0.06770833333333333,0.2109375,0.869167751736111,0.62261962890625
2022,7,5,2022_7_5,production,2075.139892578125,80,0,0,0,2110.5722319285073,1916.46337890625,2110.8798828125,2290.5955810546875,38.767460932334274,1,79.90625,3.169474283854166,0.09114583333333333,0.008307562934027776,0.049479166666666664,0.17447916666666666,0.0024481879340277775,0.03044297960069444
2022,7,6,2022_7_6,production,2117.3798828125,96,0,0,0,2143.4996252059937,1966.9738647460938,2142.05517578125,2349.0165283203123,36.886556424200535,1,78.26041666666667,11.588121202256943,0.4114583333333333,0.1549614800347222,0.1015625,0.24479166666666666,0.01031494140625,0.05992296006944444
2022,7,7,2022_7_7,production,1978.8599853515625,99,1,0,0,2163.0437339146933,1980.555126953125,2157.7227783203125,2340.953662109375,115.09188602119686,0,73.84895833333333,18.241319444444443,0.16145833333333334,0.7298448350694444,0.09375,0.2890625,0.0087890625,0.08355712890625
2022,7,8,2022_7_8,production,2300.5,67,0,0,1,2144.0529956817627,1954.8197631835938,2146.720458984375,2327.456884765625,93.97528365254402,1,73.83072916666667,4.232944064670139,0.09375,0.008314344618055552,0.0625,0.2265625,0.00390625,0.59820556640625
2022,7,9,2022_7_9,production,1754.139892578125,109,0,0,0,2058.3822145462036,1860.2086303710937,2046.9810180664062,2259.46640625,220.6823397071825,0,79.6015625,21.659471299913193,0.2578125,0.057651095920138895,0.0234375,0.09635416666666667,0.00054931640625,0.009284125434027778
2022,7,10,2022_7_10,production,1969.06005859375,84,0,0,0,2162.739229520162,1987.1891845703126,2161.1031494140625,2335.3578857421876,127.8413147305449,0,68.23958333333333,10.057996961805557,0.1015625,0.009799533420138895,0.078125,0.296875,0.006103515625,0.088134765625
2022,7,11,2022_7_11,production,2194.83984375,59,0,0,0,2151.220069249471,1946.0171752929687,2153.2943115234375,2340.2515625,39.250445375839874,1,70.51822916666667,6.388298882378471,0.078125,0.006103515625,0.09375,0.265625,0.0087890625,0.070556640625
2022,7,0,2022_7_0,ridge_swap,2061.5,95,0,0,0,2201.374388694763,2042.0224975585938,2199.050537109375,2349.600537109375,88.67374011625846,1,78.16666666666667,10.794854058159723,0.2265625,0.04682752821180555,0.13541666666666666,0.3567708333333333,0.01833767361111111,0.1272854275173611
2022,7,1,2022_7_1,ridge_swap,2178.3798828125,86,0,0,0,2126.3269131978354,1951.9477172851562,2125.197265625,2292.0217041015626,40.809244114491676,1,78.90364583333333,5.101311577690972,0.11979166666666667,0.013156467013888895,0.044270833333333336,0.203125,0.001959906684027778,0.041259765625
2022,7,2,2022_7_2,ridge_swap,1822.159912109375,93,0,0,0,2125.2308826446533,1933.7819458007812,2130.208251953125,2317.7456298828124,221.57682262857753,0,75.4765625,11.35897488064236,0.1640625,0.026075575086805552,0.07291666666666667,0.1953125,0.005316840277777779,0.03814697265625
2022,7,3,2022_7_3,ridge_swap,2263.080078125,73,0,0,1,2197.492954572042,2032.8309448242187,2198.04638671875,2370.18984375,42.66963979519076,1,68.828125,3.583550347222223,0.19270833333333334,0.03333875868055555,0.140625,0.390625,0.019775390625,0.371337890625
2022,7,4,2022_7_4,ridge_swap,2319.64013671875,79,0,1,1,2143.218116760254,1982.8914916992187,2140.73095703125,2312.7549560546877,114.47238891157839,0,73.3046875,4.287821451822916,0.2421875,0.045321994357638895,0.0703125,0.20833333333333334,0.86431884765625,0.626736111111111
2022,7,5,2022_7_5,ridge_swap,2075.139892578125,80,0,0,0,2117.642006556193,1919.305615234375,2121.29931640625,2305.5402343749997,40.510502739085084,1,80.06510416666667,3.228739420572917,0.125,0.014987521701388895,0.06510416666666667,0.19791666666666666,0.004238552517361112,0.03917100694444444
2022,7,6,2022_7_6,ridge_swap,2117.3798828125,96,0,0,0,2145.236913998922,1959.2680908203124,2147.638427734375,2333.699462890625,37.437685007022495,1,77.63541666666667,12.19045681423611,0.34375,0.1129150390625,0.08072916666666667,0.2682291666666667,0.006517198350694445,0.07194688585069445
2022,7,7,2022_7_7,ridge_swap,1978.8599853515625,99,1,0,0,2152.8845958709717,1971.46357421875,2154.4217529296875,2336.1939453125,108.07731931408246,1,74.2265625,17.90723334418403,0.14583333333333334,0.7476128472222222,0.09114583333333333,0.2760416666666667,0.008307562934027776,0.07619900173611112
2022,7,8,2022_7_8,ridge_swap,2300.5,67,0,0,1,2145.7188460032144,1967.2738159179687,2149.198486328125,2320.340771484375,92.96492167810598,1,74.20572916666667,4.321078830295139,0.13541666666666666,0.018337673611111105,0.07291666666666667,0.2265625,0.005316840277777779,0.59820556640625
2022,7,9,2022_7_9,ridge_swap,1754.139892578125,109,0,0,0,2062.186066309611,1854.657275390625,2063.31494140625,2254.5559326171874,225.55076089335813,0,79.39583333333333,22.15619574652778,0.24739583333333334,0.05626763237847224,0.033854166666666664,0.11197916666666667,0.0011461046006944443,0.012539333767361112
2022,7,10,2022_7_10,ridge_swap,1969.06005859375,84,0,0,0,2168.2256631851196,1977.7873657226562,2168.78369140625,2356.1582275390624,125.60760960231225,0,67.36458333333333,10.638264973958336,0.1015625,0.009311252170138895,0.10416666666666667,0.3125,0.010850694444444446,0.09765625
2022,7,11,2022_7_11,ridge_swap,2194.83984375,59,0,0,0,2158.6494464874268,1980.7986206054688,2157.623046875,2340.383642578125,36.46413048936262,1,71.21875,7.155992296006945,0.09895833333333333,0.008816189236111105,0.08854166666666667,0.2526041666666667,0.007839626736111112,0.06380886501736112
2022,8,0,2022_8_0,production,2015.6199951171875,90,0,0,0,2069.716493288676,1878.1703125,2068.462158203125,2270.0832275390626,43.85609108457963,1,80.97395833333333,5.508599175347223,0.5885416666666666,0.25014919704861105,0.028645833333333332,0.1328125,0.000820583767361111,0.01763916015625
2022,8,1,2022_8_1,production,1967.699951171875,77,0,0,0,2206.2551743189492,2028.16728515625,2207.1534423828125,2390.962963867187,162.36963860276674,0,74.90625,3.316460503472223,0.22916666666666666,0.04688856336805555,0.1875,0.3984375,0.03515625,0.15875244140625
2022,8,2,2022_8_2,production,2306.47998046875,82,0,1,1,2197.88702583313,2007.795947265625,2199.4342041015625,2381.7393798828125,65.54460511108239,1,74.72135416666667,4.873758951822917,0.12239583333333333,0.014356825086805552,0.15364583333333334,0.3776041666666667,0.7163153754340277,0.38737657335069436
2022,8,3,2022_8_3,production,2166.39990234375,96,0,0,1,2127.737522125244,1952.4794067382813,2134.55029296875,2293.986474609375,35.486933049228455,1,72.70572916666667,16.69812689887153,0.08072916666666667,0.006110297309027776,0.057291666666666664,0.1875,0.003282335069444444,0.66015625
2022,8,4,2022_8_4,production,2062.47998046875,83,0,0,0,2108.7727378209433,1926.511669921875,2106.2127685546875,2298.4302978515625,40.035133948756595,1,79.47916666666667,3.513671875,0.2552083333333333,0.05649142795138887,0.0546875,0.18229166666666666,0.00299072265625,0.033230251736111105
2022,8,5,2022_8_5,production,2161.1201171875,70,0,0,0,2144.901725769043,1946.376220703125,2145.6771240234375,2332.037158203125,34.40270589788754,1,76.02604166666667,4.118584526909722,0.15885416666666666,0.022142198350694448,0.09635416666666667,0.2630208333333333,0.009284125434027778,0.0691799587673611
2022,8,6,2022_8_6,production,1828.4400634765625,94,0,0,0,2193.3346894582114,2013.3390747070312,2194.197021484375,2377.53232421875,287.0314034322898,0,72.45572916666667,15.34945339626736,0.10416666666666667,0.010321723090277776,0.140625,0.3880208333333333,0.019775390625,0.15056016710069442
2022,8,7,2022_8_7,production,2043.1600341796875,65,0,0,0,2142.425086339315,1972.7258911132812,2142.986328125,2309.89931640625,59.377950772643075,1,69.86197916666667,3.7065768771701393,0.046875,0.002197265625,0.0703125,0.24739583333333334,0.00494384765625,0.06120469835069445
2022,8,8,2022_8_8,production,2189.659912109375,72,0,0,1,2117.0940450032554,1955.3734375,2114.01904296875,2283.966845703125,45.690623228748635,1,73.21875,2.874471028645834,0.1640625,0.02526177300347221,0.049479166666666664,0.16666666666666666,0.0024481879340277775,0.6944444444444445
2022,8,9,2022_8_9,production,2003.340087890625,90,0,0,0,2143.003561973572,1963.2383178710938,2136.4580078125,2324.495458984375,84.02956270095375,1,75.76041666666667,8.850925021701388,0.13802083333333334,0.01766628689236112,0.0703125,0.2786458333333333,0.00494384765625,0.07764350043402776
2022,8,10,2022_8_10,production,1840.8599853515625,84,0,0,0,2097.7046546936035,1919.135888671875,2094.1634521484375,2283.9671875,182.12641358872253,0,70.85677083333333,7.985846625434027,0.08072916666666667,0.005350748697916671,0.033854166666666664,0.18489583333333334,0.0011461046006944443,0.03418646918402778
2022,8,11,2022_8_11,production,2109.199951171875,112,0,0,0,2109.6228532791138,1932.4836669921874,2108.7474365234375,2288.959130859375,30.68488160024087,1,76.19270833333333,28.406046549479168,0.1015625,0.01031494140625,0.057291666666666664,0.19270833333333334,0.003282335069444444,0.03713650173611111
2022,8,0,2022_8_0,ridge_swap,2015.6199951171875,90,0,0,0,2065.920013109843,1885.51142578125,2069.927978515625,2252.210888671875,42.487995752857785,1,82.24739583333333,5.002081976996527,0.5911458333333334,0.2485419379340278,0.033854166666666664,0.1171875,0.0011461046006944443,0.01373291015625
2022,8,1,2022_8_1,ridge_swap,1967.699951171875,77,0,0,0,2212.5072135925293,2022.43154296875,2215.421630859375,2386.1244140625,169.30504792597557,0,74.27864583333333,3.4607679578993054,0.24739583333333334,0.05746120876736113,0.19401041666666666,0.453125,0.037640041775173605,0.205322265625
2022,8,2,2022_8_2,ridge_swap,2306.47998046875,82,0,1,1,2210.115518887838,2026.0953735351563,2210.9521484375,2383.97724609375,59.004350717696866,1,74.3203125,5.059088812934027,0.12239583333333333,0.013760036892361105,0.1640625,0.40625,0.69879150390625,0.3525390625
2022,8,3,2022_8_3,ridge_swap,2166.39990234375,96,0,0,1,2114.8983558019004,1952.79140625,2110.38623046875,2279.6689208984376,38.68950014561415,1,73.6015625,15.459235297309027,0.07552083333333333,0.005703396267361105,0.040364583333333336,0.16927083333333334,0.0016292995876736112,0.6901109483506944
2022,8,4,2022_8_4,ridge_swap,2062.47998046875,83,0,0,0,2118.2891941070557,1933.0452270507812,2122.9652099609375,2293.392626953125,43.266593148310974,1,79.58072916666667,3.433085123697917,0.2526041666666667,0.05526394314236113,0.049479166666666664,0.20833333333333334,0.0024481879340277775,0.04340277777777778
2022,8,5,2022_8_5,ridge_swap,2161.1201171875,70,0,0,0,2148.355293273926,1962.1778564453125,2160.45703125,2326.4225341796873,34.59349478946791,1,76.453125,4.303588867187501,0.1640625,0.023715549045138895,0.08333333333333333,0.2994791666666667,0.006944444444444444,0.08968777126736112
2022,8,6,2022_8_6,ridge_swap,1828.4400634765625,94,0,0,0,2193.0934019088745,2044.0900390625,2190.9095458984375,2350.977685546875,295.5729689010316,0,73.01302083333333,14.633307562934029,0.11197916666666667,0.011427137586805566,0.125,0.34375,0.015625,0.1181640625
2022,8,7,2022_8_7,ridge_swap,2043.1600341796875,65,0,0,0,2129.8210299809775,1942.9048828125,2127.3043212890625,2320.9416748046874,52.180718830062276,1,69.9609375,3.6859605577256946,0.026041666666666668,0.0006781684027777797,0.08333333333333333,0.21875,0.006944444444444444,0.0478515625
2022,8,8,2022_8_8,ridge_swap,2189.659912109375,72,0,0,1,2112.1738341649375,1927.8136840820312,2121.0645751953125,2278.890283203125,45.502974958055546,1,72.078125,3.0984429253472214,0.125,0.013237847222222224,0.044270833333333336,0.17708333333333334,0.001959906684027778,0.6771918402777777
2022,8,9,2022_8_9,ridge_swap,2003.340087890625,90,0,0,0,2152.7987616856894,1968.3889892578125,2153.41552734375,2348.5582275390625,90.33913398865198,1,75.47395833333333,9.173936631944446,0.13541666666666666,0.015733506944444434,0.11197916666666667,0.2786458333333333,0.012539333767361112,0.07764350043402776
2022,8,10,2022_8_10,ridge_swap,1840.8599853515625,84,0,0,0,2089.5071420669556,1896.3077026367187,2097.899169921875,2266.1248046875,173.43181017786264,0,71.4375,7.655531141493055,0.11979166666666667,0.013739691840277776,0.036458333333333336,0.13541666666666666,0.0013292100694444447,0.01833767361111111
2022,8,11,2022_8_11,ridge_swap,2109.199951171875,112,0,0,0,2118.3469457626343,1958.7397216796876,2117.7496337890625,2272.42392578125,30.972151396175235,1,76.54166666666667,28.71417914496528,0.11979166666666667,0.012600368923611119,0.033854166666666664,0.19270833333333334,0.0011461046006944443,0.03713650173611111
2022,9,0,2022_9_0,production,2296.47998046875,79,0,1,1,2103.711946169535,1917.1866577148437,2103.6651611328125,2281.918994140625,123.5845429673791,0,80.96875,3.2550998263888893,0.4348958333333333,0.16572401258680552,0.0546875,0.15625,0.89361572265625,0.7119140625
2022,9,1,2022_9_1,production,1922.8800048828125,102,0,0,0,2201.4490331014,2000.71005859375,2187.766357421875,2389.4984375,193.54389751950896,0,74.90885416666667,19.97753228081597,0.109375,0.011406792534722224,0.1796875,0.3723958333333333,0.03228759765625,0.13867865668402776
2022,9,2,2022_9_2,production,2094.240234375,85,0,0,0,2108.3526360193887,1917.3950439453124,2109.1536865234375,2303.8126708984373,34.29902253962226,1,73.17708333333333,7.709852430555555,0.11979166666666667,0.012600368923611119,0.046875,0.17708333333333334,0.002197265625,0.03135850694444445
2022,9,3,2022_9_3,production,2055.02001953125,80,0,0,0,2141.8549604415894,1953.255029296875,2145.5252685546875,2340.5164794921875,56.01192364510561,1,81.703125,3.1010199652777786,0.18489583333333334,0.03418646918402779,0.09635416666666667,0.265625,0.009284125434027778,0.070556640625
2022,9,4,2022_9_4,production,2246.0400390625,71,0,0,1,2120.059957822164,1941.1448120117188,2119.794921875,2294.269287109375,73.31026005662149,1,72.20833333333333,3.093017578125001,0.09895833333333333,0.008816189236111105,0.049479166666666664,0.20833333333333334,0.0024481879340277775,0.626736111111111
2022,9,5,2022_9_5,production,2124.699951171875,69,0,0,0,2169.823652903239,1989.0637573242188,2170.389892578125,2354.615478515625,37.44545961419742,1,70.28385416666667,2.774163140190973,0.09114583333333333,0.007412380642361105,0.13020833333333334,0.3177083333333333,0.016954210069444448,0.10093858506944443
2022,9,6,2022_9_6,production,1845.85986328125,99,0,0,0,2145.509631474813,1963.3312622070312,2145.24072265625,2330.8116455078125,220.4074255393611,0,71.02864583333333,20.936258951822918,0.10416666666666667,0.010850694444444448,0.08072916666666667,0.2682291666666667,0.006517198350694445,0.07194688585069445
2022,9,7,2022_9_7,production,2067.900146484375,102,1,0,0,2132.973574002584,1955.1656982421875,2128.440673828125,2325.673486328125,44.02666838881042,1,77.8828125,17.08446587456597,0.21875,0.639499240451389,0.06770833333333333,0.22395833333333334,0.004584418402777777,0.05015733506944445
2022,9,8,2022_9_8,production,2088.43994140625,87,0,0,0,2140.81189028422,1958.0673706054688,2133.054443359375,2317.345751953125,38.749416761928146,1,72.82291666666667,9.47055392795139,0.14583333333333334,0.017808702256944448,0.0546875,0.22395833333333334,0.00299072265625,0.05015733506944445
2022,9,9,2022_9_9,production,2024.60009765625,84,0,0,0,2117.0351737340293,1939.4708618164063,2107.0037841796875,2301.324755859375,54.2565081856317,1,75.40625,5.31787109375,0.13802083333333334,0.01766628689236112,0.059895833333333336,0.20052083333333334,0.003587510850694445,0.04020860460069445
2022,9,10,2022_9_10,production,2172.10009765625,74,0,0,1,2139.053884188334,1956.6738037109376,2142.81005859375,2323.043212890625,36.38274082458682,1,75.02604166666667,3.160970052083333,0.2421875,0.05268690321180555,0.09375,0.22916666666666666,0.0087890625,0.5941840277777778
2022,9,11,2022_9_11,production,1886.1201171875,84,0,0,0,2186.0971190134683,2010.928369140625,2186.404296875,2344.83876953125,225.97072418199645,0,72.45833333333333,7.324693467881945,0.16145833333333334,0.024441189236111133,0.0859375,0.3567708333333333,0.00738525390625,0.1272854275173611
2022,9,0,2022_9_0,ridge_swap,2296.47998046875,79,0,1,1,2099.9756565093994,1921.4704833984374,2096.80615234375,2287.86025390625,125.90994959738518,0,80.58854166666667,3.1393093532986116,0.4244791666666667,0.1633639865451389,0.033854166666666664,0.14322916666666666,0.9334377712673612,0.7340562608506945
2022,9,1,2022_9_1,ridge_swap,1922.8800048828125,102,0,0,0,2199.6754401524863,2008.1119750976563,2219.443115234375,2373.45615234375,200.50507814106015,0,75.609375,19.547620985243057,0.11458333333333333,0.011990017361111105,0.14583333333333334,0.40625,0.021267361111111115,0.1650390625
2022,9,2,2022_9_2,ridge_swap,2094.240234375,85,0,0,0,2122.530240058899,1929.6504150390626,2123.54248046875,2304.6238037109374,39.41838719861376,1,73.328125,7.314480251736112,0.11458333333333333,0.013129340277777776,0.0546875,0.22135416666666666,0.00299072265625,0.04899766710069444
2022,9,3,2022_9_3,ridge_swap,2055.02001953125,80,0,0,0,2152.0630807876587,1979.5319702148438,2156.81884765625,2339.699609375,59.19010709640051,1,81.1640625,3.1155938042534714,0.19791666666666666,0.03716362847222221,0.08072916666666667,0.2708333333333333,0.006517198350694445,0.07335069444444443
2022,9,4,2022_9_4,ridge_swap,2246.0400390625,71,0,0,1,2127.724191983541,1962.7427490234375,2137.203857421875,2291.4981689453125,69.1767732012603,1,72.71614583333333,2.951721191406251,0.10416666666666667,0.009819878472222224,0.049479166666666664,0.1796875,0.0024481879340277775,0.67291259765625
2022,9,5,2022_9_5,ridge_swap,2124.699951171875,69,0,0,0,2174.6648054122925,1994.5832153320312,2167.315185546875,2359.9379638671876,41.229570879704426,1,70.44791666666667,2.8895128038194446,0.09635416666666667,0.009284125434027776,0.109375,0.3151041666666667,0.011962890625,0.09929063585069446
2022,9,6,2022_9_6,ridge_swap,1845.85986328125,99,0,0,0,2140.848279953003,1963.3212646484376,2143.985107421875,2329.8552490234374,216.44302613536513,0,71.3828125,20.52984619140625,0.125,0.0137939453125,0.09375,0.24479166666666666,0.0087890625,0.05992296006944444
2022,9,7,2022_9_7,ridge_swap,2067.900146484375,102,1,0,0,2130.957005182902,1931.3273315429688,2133.36328125,2316.8595703125,47.687901642587434,1,79.06510416666667,15.669236924913195,0.234375,0.6064588758680556,0.07291666666666667,0.24479166666666666,0.005316840277777779,0.05992296006944444
2022,9,8,2022_9_8,ridge_swap,2088.43994140625,87,0,0,0,2148.254444440206,1978.198681640625,2146.6995849609375,2326.1981201171875,40.452031975819,1,72.60416666666667,9.186916775173612,0.15364583333333334,0.023607042100694448,0.09114583333333333,0.22916666666666666,0.008307562934027776,0.052517361111111105
2022,9,9,2022_9_9,ridge_swap,2024.60009765625,84,0,0,0,2126.721533139547,1949.7848754882812,2122.97900390625,2299.358837890625,60.66671089910798,1,74.4296875,5.795796712239584,0.109375,0.011406792534722224,0.06770833333333333,0.203125,0.004584418402777777,0.041259765625
2022,9,10,2022_9_10,ridge_swap,2172.10009765625,74,0,0,1,2129.131611506144,1950.1830810546876,2136.1202392578125,2299.0926025390627,36.11508662005265,1,75.31510416666667,3.1379462348090286,0.234375,0.050265842013888895,0.0625,0.19791666666666666,0.00390625,0.6433376736111112
2022,9,11,2022_9_11,ridge_swap,1886.1201171875,84,0,0,0,2183.9339195887246,1996.5874877929687,2182.636474609375,2360.302490234375,218.06448055058718,0,73.12239583333333,6.695115831163194,0.1640625,0.023715549045138895,0.13802083333333334,0.34375,0.01904975043402778,0.1181640625
2022,10,0,2022_10_0,production,2054.260009765625,82,0,0,0,2104.574295361837,1903.7521606445312,2100.6605224609375,2305.6417236328125,42.775040662123104,1,75.63020833333333,4.467854817708334,0.059895833333333336,0.0032891167534722238,0.040364583333333336,0.1640625,0.0016292995876736112,0.02691650390625
2022,10,1,2022_10_1,production,1842.739990234375,72,0,0,0,2196.11465104421,2028.3135009765624,2198.671875,2363.7760009765625,279.4758408409026,0,71.36197916666667,3.166564941406249,0.2265625,0.04365370008680555,0.125,0.3333333333333333,0.015625,0.1111111111111111
2022,10,2,2022_10_2,production,1987.260009765625,117,1,0,0,2147.573861440023,1969.1229614257813,2147.380859375,2335.6232421875,96.54283878869481,1,74.27604166666667,36.26114908854167,0.15625,0.7252197265625,0.078125,0.24479166666666666,0.006103515625,0.05992296006944444
2022,10,3,2022_10_3,production,1799.840087890625,110,0,0,0,2154.8477849960327,1981.47998046875,2152.9891357421875,2330.286767578125,278.0835795510146,0,74.24739583333333,27.73211669921875,0.14322916666666666,0.017747667100694448,0.06510416666666667,0.25,0.004238552517361112,0.0625
2022,10,4,2022_10_4,production,2425.31982421875,79,0,1,1,2255.8797680536904,2081.64384765625,2242.8927001953125,2434.732470703125,107.75978250056507,1,74.59635416666667,4.10491943359375,0.265625,0.05367024739583334,0.23697916666666666,0.5182291666666666,0.5822007921006945,0.23210313585069448
2022,10,5,2022_10_5,production,2233.840087890625,58,0,0,1,2175.405920346578,1986.9744262695312,2178.91748046875,2354.8571044921873,41.49962243520551,1,70.8203125,7.596021864149306,0.0390625,0.00152587890625,0.09244791666666667,0.3020833333333333,0.008546617296006946,0.4870876736111112
2022,10,6,2022_10_6,production,1808.919921875,104,0,0,0,2159.458462715149,1991.4902099609376,2163.643310546875,2329.848046875,273.72382750858867,0,71.78125,25.072509765625,0.10677083333333333,0.011400010850694434,0.0859375,0.2578125,0.00738525390625,0.06646728515625
2022,10,7,2022_10_7,production,2107.780029296875,79,0,0,0,2048.036649386088,1856.3635986328125,2046.9382934570312,2228.736865234375,42.46988736341396,1,80.1796875,3.134582519531249,0.12239583333333333,0.013760036892361105,0.010416666666666666,0.0703125,0.00010850694444444444,0.00494384765625
2022,10,8,2022_10_8,production,2013.699951171875,80,0,0,0,2138.008754094442,1967.92412109375,2136.2037353515625,2303.7271728515625,73.94341078235043,1,70.1015625,5.971645779079862,0.10677083333333333,0.010342068142361105,0.041666666666666664,0.1953125,0.001736111111111111,0.03814697265625
2022,10,9,2022_10_9,production,2228.0400390625,80,0,0,0,2026.3160800933838,1831.208447265625,2032.0874633789062,2218.5147216796877,126.50877948933179,0,80.16927083333333,3.404154459635416,0.4973958333333333,0.1844821506076389,0.013020833333333334,0.0703125,0.00016954210069444447,0.00494384765625
2022,10,10,2022_10_10,production,2082.02001953125,63,0,0,0,2165.7937984466553,1974.9701293945313,2171.4549560546875,2357.039306640625,55.83774083190494,1,76.4765625,7.962504069010416,0.3411458333333333,0.0818752712673611,0.09114583333333333,0.3020833333333333,0.008307562934027776,0.09125434027777776
2022,10,11,2022_10_11,production,2289.080078125,78,0,0,1,2175.7082341512046,1998.60712890625,2168.863037109375,2380.373486328125,71.87483969661925,1,71.64322916666667,4.501295301649305,0.08854166666666667,0.006971571180555566,0.11979166666666667,0.2916666666666667,0.01435004340277778,0.501736111111111
2022,10,0,2022_10_0,ridge_swap,2054.260009765625,82,0,0,0,2103.547519683838,1932.5195556640624,2103.1845703125,2284.7367675781247,37.1352580603626,1,75.41927083333333,4.829759385850695,0.059895833333333336,0.0035875108506944475,0.03125,0.1328125,0.0009765625,0.01763916015625
2022,10,1,2022_10_1,ridge_swap,1842.739990234375,72,0,0,0,2199.083498954773,2005.2085571289062,2195.9886474609375,2387.7237548828125,276.74819979982243,0,71.45572916666667,3.2556491427951393,0.22916666666666666,0.04181586371527776,0.13802083333333334,0.3723958333333333,0.01904975043402778,0.13867865668402776
2022,10,2,2022_10_2,ridge_swap,1987.260009765625,117,1,0,0,2133.7441171010337,1965.0028442382813,2128.8323974609375,2304.009912109375,87.52543553875552,1,75.0234375,35.45581732855903,0.13802083333333334,0.7475111219618056,0.057291666666666664,0.16666666666666666,0.003282335069444444,0.027777777777777776
2022,10,3,2022_10_3,ridge_swap,1799.840087890625,110,0,0,0,2148.8216066360474,1969.7322265625,2143.906494140625,2325.821044921875,270.7713031876418,0,73.97135416666667,28.897847493489582,0.15104166666666666,0.0191650390625,0.07552083333333333,0.24739583333333334,0.00570339626736111,0.06120469835069445
2022,10,4,2022_10_4,ridge_swap,2425.31982421875,79,0,1,1,2260.0515677134194,2075.3357421875,2265.34033203125,2426.683447265625,101.67772853208912,1,73.953125,3.8742947048611116,0.2578125,0.05320231119791666,0.234375,0.5338541666666666,0.586181640625,0.21729193793402782
2022,10,5,2022_10_5,ridge_swap,2233.840087890625,58,0,0,1,2174.8237120310464,2005.8416625976563,2177.5953369140625,2333.5767333984377,42.050422206521034,1,70.81510416666667,7.556715223524305,0.07552083333333333,0.005703396267361105,0.09895833333333333,0.3072916666666667,0.00979275173611111,0.47984483506944436
2022,10,6,2022_10_6,ridge_swap,1808.919921875,104,0,0,0,2147.681694984436,1975.3488037109375,2144.83642578125,2320.8114990234376,263.4025760019819,0,73.5390625,23.538472493489582,0.11458333333333333,0.013129340277777776,0.07291666666666667,0.21614583333333334,0.005316840277777779,0.04671902126736111
2022,10,7,2022_10_7,ridge_swap,2107.780029296875,79,0,0,0,2051.3834772109985,1865.1356079101563,2051.39306640625,2239.1970458984374,43.430038565562825,1,79.90625,3.314371744791666,0.1171875,0.013136121961805552,0.0234375,0.10677083333333333,0.00054931640625,0.011400010850694444
2022,10,8,2022_10_8,ridge_swap,2013.699951171875,80,0,0,0,2136.8098351160684,1986.1896118164063,2137.7734375,2286.8168212890623,74.77274430543183,1,70.7265625,5.62506103515625,0.125,0.013237847222222224,0.046875,0.20052083333333334,0.002197265625,0.04020860460069445
2022,10,9,2022_10_9,ridge_swap,2228.0400390625,80,0,0,0,2041.7097736994426,1823.4599365234376,2050.258544921875,2242.739306640625,115.79675345702304,1,80.42447916666667,3.0437893337673616,0.5,0.2028537326388889,0.020833333333333332,0.078125,0.00043402777777777775,0.006103515625
2022,10,10,2022_10_10,ridge_swap,2082.02001953125,63,0,0,0,2171.9141832987466,1977.8829345703125,2187.735595703125,2345.668505859375,58.658113921682045,1,76.1484375,7.413052029079861,0.3307291666666667,0.07750786675347227,0.09895833333333333,0.3072916666666667,0.00979275173611111,0.09442816840277779
2022,10,11,2022_10_11,ridge_swap,2289.080078125,78,0,0,1,2192.7326151529946,2018.3904541015625,2196.53173828125,2364.2995849609374,57.13045198387569,1,71.47395833333333,4.196655273437501,0.0625,0.0035942925347222238,0.1015625,0.3307291666666667,0.01031494140625,0.44792344835069436
2022,11,0,2022_11_0,production,1977.800048828125,74,0,0,0,2110.19572130839,1929.810986328125,2107.6845703125,2303.8181640625,77.19509285026128,1,75.765625,2.983235677083334,0.09895833333333333,0.007948133680555552,0.041666666666666664,0.17447916666666666,0.001736111111111111,0.03044297960069444
2022,11,1,2022_11_1,production,2378.800048828125,70,0,1,1,2198.99320157369,2009.5883178710938,2194.313232421875,2397.098388671875,115.02664989067449,1,74.015625,3.519205729166666,0.11979166666666667,0.013142903645833343,0.140625,0.3385416666666667,0.738525390625,0.437527126736111
2022,11,2,2022_11_2,production,2289.079833984375,87,0,0,1,2071.6857652664185,1889.0701904296875,2072.647216796875,2254.2542236328127,144.26395710060996,0,79.75,4.933837890624999,0.15625,0.0206298828125,0.018229166666666668,0.1015625,0.0003323025173611112,0.80718994140625
2022,11,3,2022_11_3,production,2315.06005859375,51,0,0,1,2201.331395149231,2016.2686401367187,2200.511962890625,2383.069580078125,68.03278886526823,1,74.28385416666667,15.874613444010418,0.1796875,0.02794731987847221,0.15885416666666666,0.3619791666666667,0.02523464626736111,0.407070583767361
2022,11,4,2022_11_4,production,2260.52001953125,74,0,0,0,2159.95698483785,1982.859130859375,2153.7303466796875,2348.00244140625,62.788296303815315,1,71.46875,3.6129150390625,0.12760416666666666,0.013841417100694434,0.08854166666666667,0.23697916666666666,0.007839626736111112,0.056159125434027776
2022,11,5,2022_11_5,production,1744.2000732421875,124,1,0,0,2101.1492541631064,1932.9321655273438,2090.0087890625,2275.133203125,281.4568160863387,0,78.03645833333333,38.543918185763886,0.14583333333333334,0.7430419921875,0.033854166666666664,0.14583333333333334,0.0011461046006944443,0.021267361111111115
2022,11,6,2022_11_6,production,1855.239990234375,86,0,0,0,2198.2548685073853,2025.3625,2205.528076171875,2371.2708984375,267.1300091470281,0,69.69270833333333,10.704888237847221,0.08333333333333333,0.006523980034722224,0.125,0.3515625,0.015625,0.12359619140625
2022,11,7,2022_11_7,production,1934.6201171875,127,0,0,0,2215.6120042800903,2035.8602294921875,2216.1781005859375,2397.0932861328124,202.4085892298155,0,76.07552083333333,43.31538221571181,0.2682291666666667,0.05921088324652779,0.14583333333333334,0.3802083333333333,0.021267361111111115,0.1445583767361111
2022,11,8,2022_11_8,production,2047.06005859375,86,0,0,0,2117.739176750183,1947.7923828125,2113.501708984375,2289.7691162109377,45.214220014711216,1,76.77083333333333,5.459092881944445,0.17447916666666666,0.029547797309027762,0.052083333333333336,0.16927083333333334,0.0027126736111111114,0.028652615017361115
2022,11,9,2022_11_9,production,2091.10009765625,67,0,0,0,2162.527903238932,2002.42431640625,2165.8515625,2316.2714599609376,45.989112696713875,1,69.6171875,2.9081285264756946,0.026041666666666668,0.0006781684027777797,0.052083333333333336,0.2421875,0.0027126736111111114,0.05865478515625
2022,11,10,2022_11_10,production,2039.5400390625,81,0,0,0,2163.918674468994,2004.4396362304688,2165.790771484375,2325.736572265625,76.48540766868328,1,68.2734375,7.979146321614583,0.19010416666666666,0.03239610460069445,0.059895833333333336,0.24739583333333334,0.003587510850694445,0.06120469835069445
2022,11,11,2022_11_11,production,2092.239990234375,75,0,0,0,2156.49950726827,1982.9106323242188,2150.181396484375,2333.1796875,43.929397746920586,1,75.61458333333333,3.2441270616319446,0.2838541666666667,0.0696139865451389,0.08333333333333333,0.25,0.006944444444444444,0.0625
2022,11,0,2022_11_0,ridge_swap,1977.800048828125,74,0,0,0,2112.7811692555747,1919.5292846679688,2116.5859375,2311.00498046875,80.79682911601333,1,75.25,3.2289903428819446,0.09635416666666667,0.008795844184027776,0.057291666666666664,0.15625,0.003282335069444444,0.0244140625
2022,11,1,2022_11_1,ridge_swap,2378.800048828125,70,0,1,1,2193.5744104385376,2007.6658569335937,2199.742919921875,2381.912744140625,116.81367548720705,1,74.7890625,3.517761230468751,0.14322916666666666,0.019782172309027762,0.12760416666666666,0.3515625,0.7610744900173612,0.42047119140625
2022,11,2,2022_11_2,ridge_swap,2289.079833984375,87,0,0,1,2073.2852471669516,1904.1296875,2077.5670166015625,2238.8457763671877,148.5234712196721,0,79.89583333333333,5.025811089409723,0.15885416666666666,0.024420844184027762,0.018229166666666668,0.09114583333333333,0.0003323025173611112,0.826015896267361
2022,11,3,2022_11_3,ridge_swap,2315.06005859375,51,0,0,1,2197.782633781433,2018.5974975585937,2201.4688720703125,2372.11171875,67.52356188744307,1,74.33333333333333,15.982245551215279,0.15364583333333334,0.022060818142361133,0.1015625,0.3385416666666667,0.01031494140625,0.437527126736111
2022,11,4,2022_11_4,ridge_swap,2260.52001953125,74,0,0,0,2164.5678997039795,1984.9712646484375,2172.404052734375,2334.980908203125,55.0128520892726,1,72.88541666666667,3.5795220269097223,0.13802083333333334,0.017015245225694448,0.08854166666666667,0.265625,0.007839626736111112,0.070556640625
2022,11,5,2022_11_5,ridge_swap,1744.2000732421875,124,1,0,0,2089.2360836664834,1915.9080078125,2094.735595703125,2266.08583984375,269.2246812325385,0,78.703125,37.899454752604164,0.15364583333333334,0.7386949327256944,0.026041666666666668,0.125,0.0006781684027777779,0.015625
2022,11,6,2022_11_6,ridge_swap,1855.239990234375,86,0,0,0,2185.547914505005,1998.1028076171874,2191.1295166015625,2378.3576416015626,249.0863001065122,0,70.67447916666667,9.983527289496529,0.0703125,0.004265679253472224,0.12239583333333333,0.3098958333333333,0.01498074001736111,0.0960354275173611
2022,11,7,2022_11_7,ridge_swap,1934.6201171875,127,0,0,0,2219.8822091420493,2048.892041015625,2217.1236572265625,2397.6157958984377,209.82387325333224,0,76.10416666666667,43.428982204861114,0.2734375,0.06538221571180555,0.1640625,0.4088541666666667,0.02691650390625,0.16716172960069445
2022,11,8,2022_11_8,ridge_swap,2047.06005859375,86,0,0,0,2127.9114576975503,1953.647314453125,2132.37109375,2293.86689453125,52.50681382086542,1,75.71614583333333,6.501892089843751,0.18489583333333334,0.030551486545138895,0.049479166666666664,0.16666666666666666,0.0024481879340277775,0.027777777777777776
2022,11,9,2022_11_9,ridge_swap,2091.10009765625,67,0,0,0,2160.013257662455,1994.6674072265625,2159.0751953125,2322.2984619140625,45.246434613234456,1,69.54427083333333,2.747416178385416,0.028645833333333332,0.0008205837673611084,0.07291666666666667,0.24739583333333334,0.005316840277777779,0.06120469835069445
2022,11,10,2022_11_10,ridge_swap,2039.5400390625,81,0,0,0,2167.970852533976,1971.133386230469,2173.5047607421875,2340.7818603515625,79.96149121721585,1,68.234375,8.15542263454861,0.1953125,0.03521728515625,0.08072916666666667,0.2760416666666667,0.006517198350694445,0.07619900173611112
2022,11,11,2022_11_11,ridge_swap,2092.239990234375,75,0,0,0,2167.280329068502,1990.468701171875,2171.05126953125,2352.422216796875,47.264186914596294,1,74.984375,3.299845377604167,0.2552083333333333,0.05877007378472221,0.09114583333333333,0.2630208333333333,0.008307562934027776,0.0691799587673611
2023,0,0,2023_0_0,production,2222.919921875,103,0,0,0,2085.1795466740928,1894.6867309570312,2089.1181640625,2270.703076171875,79.22272533757818,1,81.04427083333333,14.724534776475695,0.4036458333333333,0.11943223741319442,0.12890625,0.3151041666666667,0.0166168212890625,0.09929063585069446
2023,0,1,2023_0_1,production,1812.7999267578125,88,1,0,0,2049.265453338623,1878.22734375,2049.9637451171875,2209.468408203125,166.84614316456847,0,78.27083333333333,6.212253146701389,0.11458333333333333,0.7932400173611112,0.0625,0.20572916666666666,0.00390625,0.042324490017361105
2023,0,2,2023_0_2,production,2227.23974609375,70,0,0,1,2014.374410311381,1828.7543334960938,2020.1798095703125,2199.7550537109373,141.37317992001772,0,75.56770833333333,3.8564453125,0.12760416666666666,0.015631781684027762,0.046875,0.171875,0.002197265625,0.685791015625
2023,0,3,2023_0_3,production,2089.179931640625,67,0,0,0,2124.899435043335,1965.4982543945312,2124.00830078125,2279.591943359375,33.27629963888063,1,68.55989583333333,3.0500149197048607,0.09114583333333333,0.008307562934027776,0.14322916666666666,0.4140625,0.020514594184027776,0.17144775390625
2023,0,4,2023_0_4,production,2260.93994140625,50,0,0,1,2078.4774754842124,1873.6509887695313,2084.9840087890625,2257.3069091796874,112.17119595739578,0,75.66927083333333,18.60120307074653,0.3854166666666667,0.1264105902777778,0.11848958333333333,0.3229166666666667,0.014039781358506944,0.4584418402777777
2023,0,5,2023_0_5,production,1849.4000244140625,89,0,0,0,1869.782871246338,1688.1493408203125,1869.28564453125,2039.4658813476562,32.39501215517521,1,78.79947916666667,6.314215766059028,0.1484375,0.018452962239583343,0.010416666666666666,0.020833333333333332,0.00010850694444444444,0.00043402777777777775
2023,0,6,2023_0_6,production,1911.880126953125,69,0,0,0,2050.03839747111,1868.2374877929688,2052.4599609375,2233.815380859375,80.22209687365427,1,75.09375,3.8366970486111116,0.06770833333333333,0.004584418402777776,0.08333333333333333,0.265625,0.006944444444444444,0.070556640625
2023,0,7,2023_0_7,production,2004.0599365234375,66,0,0,0,2064.6125230789185,1893.1057373046874,2059.6312255859375,2246.2868896484374,41.62993192589944,1,73.84375,4.641927083333333,0.0546875,0.00299072265625,0.06510416666666667,0.2630208333333333,0.004238552517361112,0.0691799587673611
2023,0,8,2023_0_8,production,1973.5399169921875,63,0,0,0,2122.0553493499756,1940.6351196289063,2129.5108642578125,2286.3078857421874,91.17253206008012,1,70.44270833333333,4.453450520833334,0.0625,0.00390625,0.18229166666666666,0.4192708333333333,0.033230251736111105,0.17578803168402776
2023,0,9,2023_0_9,production,2122.43994140625,65,0,0,0,2030.2808933258057,1857.2534912109375,2035.0813598632812,2187.3703857421874,53.76839346355861,1,71.42447916666667,4.391866048177084,0.125,0.0137939453125,0.033854166666666664,0.171875,0.0011461046006944443,0.029541015625
2023,0,10,2023_0_10,production,2047.199951171875,66,0,0,0,2061.2611281077066,1898.0569702148437,2057.927978515625,2227.7427734375,31.56091021332476,1,73.05208333333333,4.514431423611111,0.18229166666666666,0.026502821180555552,0.06770833333333333,0.2526041666666667,0.004584418402777777,0.06380886501736112
2023,0,11,2023_0_11,production,2431.56005859375,57,0,1,1,2021.5999800364177,1829.462158203125,2018.4067993164062,2205.4978515625,328.4267966614829,0,78.95833333333333,14.360283745659721,0.20572916666666666,0.03730604383680555,0.057291666666666664,0.17708333333333334,0.8886990017361112,0.6771918402777777
2023,0,0,2023_0_0,ridge_swap,2222.919921875,103,0,0,0,2094.79253355662,1894.5742309570312,2097.940673828125,2291.169384765625,74.74867482400602,1,80.921875,15.045667860243054,0.4036458333333333,0.1211819118923611,0.14583333333333334,0.3619791666666667,0.021267361111111115,0.13102891710069445
2023,0,1,2023_0_1,ridge_swap,1812.7999267578125,88,1,0,0,2048.2326510747275,1870.2717407226562,2055.642578125,2212.507275390625,167.00808400329618,0,78.50260416666667,5.809699164496527,0.12760416666666666,0.7656317816840277,0.044270833333333336,0.23958333333333334,0.001959906684027778,0.05740017361111112
2023,0,2,2023_0_2,ridge_swap,2227.23974609375,70,0,0,1,2023.4050776163738,1851.06396484375,2020.2548828125,2192.3799560546877,134.11407248344688,0,74.98177083333333,3.7216457790798616,0.14322916666666666,0.017706976996527762,0.057291666666666664,0.18229166666666666,0.003282335069444444,0.6686469184027778
2023,0,3,2023_0_3,ridge_swap,2089.179931640625,67,0,0,0,2129.6818714141846,1962.8399169921875,2132.24755859375,2296.55009765625,36.995172743995994,1,68.6484375,3.28521728515625,0.08854166666666667,0.007839626736111119,0.16666666666666666,0.4166666666666667,0.027777777777777776,0.17361111111111113
2023,0,4,2023_0_4,ridge_swap,2260.93994140625,50,0,0,1,2069.805511792501,1890.606005859375,2072.0684814453125,2257.696240234375,124.6988233865963,0,75.40104166666667,18.40068901909722,0.3697916666666667,0.10792371961805558,0.1015625,0.2630208333333333,0.01031494140625,0.5431382921006945
2023,0,5,2023_0_5,ridge_swap,1849.4000244140625,89,0,0,0,1861.0472927093506,1680.9437866210938,1862.41796875,2030.2713623046875,33.187173775500725,1,79.140625,5.833319769965278,0.1328125,0.01568603515625,0.0026041666666666665,0.026041666666666668,6.781684027777777e-06,0.0006781684027777779
2023,0,6,2023_0_6,ridge_swap,1911.880126953125,69,0,0,0,2043.3909139633179,1843.3430419921874,2053.7308349609375,2218.8573974609376,80.85244835168125,1,75.34895833333333,4.145494249131945,0.08072916666666667,0.006110297309027776,0.078125,0.20572916666666666,0.006103515625,0.042324490017361105
2023,0,7,2023_0_7,ridge_swap,2004.0599365234375,66,0,0,0,2068.3334226608276,1893.6914916992187,2073.5316162109375,2261.0979736328127,45.64361708776818,1,73.84375,4.772637261284721,0.059895833333333336,0.0032891167534722238,0.08854166666666667,0.28125,0.007839626736111112,0.0791015625
2023,0,8,2023_0_8,ridge_swap,1973.5399169921875,63,0,0,0,2125.0382998784385,1946.9712768554687,2116.732421875,2297.3979736328124,92.19840774685143,1,70.95833333333333,4.315036349826388,0.059895833333333336,0.0035875108506944475,0.16145833333333334,0.4296875,0.02606879340277778,0.18463134765625
2023,0,9,2023_0_9,ridge_swap,2122.43994140625,65,0,0,0,2025.4526046117146,1867.7584228515625,2026.332275390625,2187.0129638671874,57.15265576624208,1,71.28125,4.194268120659722,0.09114583333333333,0.007412380642361105,0.036458333333333336,0.15104166666666666,0.0013292100694444447,0.02281358506944444
2023,0,10,2023_0_10,ridge_swap,2047.199951171875,66,0,0,0,2069.691905975342,1888.6308349609376,2072.1552734375,2234.106494140625,32.38894942733977,1,71.75,3.779256184895833,0.14583333333333334,0.018446180555555552,0.07291666666666667,0.2734375,0.005316840277777779,0.07476806640625
2023,0,11,2023_0_11,ridge_swap,2431.56005859375,57,0,1,1,2015.4326877593994,1835.2840454101563,2011.8111572265625,2196.9941650390624,337.3437427646584,0,78.2109375,14.088453504774305,0.19010416666666666,0.03239610460069445,0.044270833333333336,0.16927083333333334,0.913418240017361,0.6901109483506944
2023,1,0,2023_1_0,production,2188.7998046875,57,0,0,0,2068.082107861837,1894.4263427734375,2065.5439453125,2253.3048095703125,73.26881995714373,1,77.203125,12.964423285590279,0.10677083333333333,0.010857476128472224,0.10677083333333333,0.24479166666666666,0.011400010850694444,0.05992296006944444
2023,1,1,2023_1_1,production,2273.080078125,77,0,0,1,2074.6559158960977,1875.4150024414062,2077.0054931640625,2269.3941162109377,125.26865426947673,0,78.02864583333333,3.0171644422743054,0.3567708333333333,0.10392930772569442,0.11979166666666667,0.2890625,0.01435004340277778,0.50543212890625
2023,1,2,2023_1_2,production,2364.920166015625,62,0,1,1,2079.075859705607,1900.4189697265624,2086.950439453125,2253.0188720703127,207.433191349109,0,73.0390625,6.300381130642361,0.14583333333333334,0.017808702256944448,0.09635416666666667,0.3177083333333333,0.8165757921006945,0.4655219184027779
2023,1,3,2023_1_3,production,1955.5,64,0,0,0,2043.1397854487102,1865.9382934570312,2045.1705322265625,2219.3478271484373,55.50841659555833,1,76.8125,7.3797607421875,0.08854166666666667,0.007839626736111119,0.049479166666666664,0.21354166666666666,0.0024481879340277775,0.045600043402777776
2023,1,4,2023_1_4,production,2303.0400390625,59,0,0,1,2016.3289572397869,1825.7097045898438,2019.5930786132812,2194.1392578125,209.7752685166068,0,74.00260416666667,8.891960991753471,0.052083333333333336,0.0022108289930555594,0.0390625,0.16927083333333334,0.00152587890625,0.6901109483506944
2023,1,5,2023_1_5,production,2155.6201171875,65,0,0,0,2002.289379755656,1814.8230712890625,1995.09130859375,2188.1888671875,92.78015401462714,1,78.29166666666667,7.873236762152778,0.15104166666666666,0.020575629340277762,0.036458333333333336,0.14322916666666666,0.0013292100694444447,0.020514594184027776
2023,1,6,2023_1_6,production,2209.920166015625,67,0,0,0,2025.4594475428264,1856.424462890625,2023.485595703125,2197.9825439453125,118.73587552623616,0,73.02083333333333,3.970133463541666,0.057291666666666664,0.0032823350694444406,0.0546875,0.1640625,0.00299072265625,0.02691650390625
2023,1,7,2023_1_7,production,2054.85986328125,75,1,0,0,2099.8351806004844,1919.1590209960937,2103.403076171875,2262.5353515625,38.250744866828114,1,78.4453125,3.4810858832465286,0.1640625,0.7208997938368056,0.09895833333333333,0.3385416666666667,0.00979275173611111,0.11461046006944446
2023,1,8,2023_1_8,production,1914.8798828125,76,0,0,0,2148.559644381205,1966.4787841796874,2155.1209716796875,2317.9328857421874,162.91124214811458,0,72.5390625,3.8693779839409723,0.13020833333333334,0.01565212673611112,0.23177083333333334,0.5078125,0.05371771918402778,0.25787353515625
2023,1,9,2023_1_9,production,1789.5599365234375,66,0,0,0,2013.6141370137532,1842.4344970703125,2015.7406005859375,2179.474951171875,153.87467511163817,0,73.24479166666667,4.5075412326388875,0.21614583333333334,0.04142930772569445,0.033854166666666664,0.11979166666666667,0.0011461046006944443,0.01435004340277778
2023,1,10,2023_1_10,production,2227.27978515625,66,0,0,0,2076.3124408721924,1882.8136230468751,2084.458984375,2245.6103515625,89.29854507578743,1,73.9921875,4.683709038628471,0.1015625,0.00885009765625,0.09114583333333333,0.2942708333333333,0.008307562934027776,0.08659532335069443
2023,1,11,2023_1_11,production,1661.8798828125,96,0,0,0,2046.3815250396729,1878.4249755859375,2048.6889038085938,2219.82998046875,311.0888072517183,0,73.41927083333333,15.483283148871529,0.16666666666666666,0.023776584201388867,0.041666666666666664,0.19791666666666666,0.001736111111111111,0.03917100694444444
2023,1,0,2023_1_0,ridge_swap,2188.7998046875,57,0,0,0,2065.5321181615195,1890.4563598632812,2061.949951171875,2241.545947265625,76.01867261280617,1,77.15104166666667,13.287733289930555,0.08854166666666667,0.007392035590277776,0.09375,0.2526041666666667,0.0087890625,0.06380886501736112
2023,1,1,2023_1_1,ridge_swap,2273.080078125,77,0,0,1,2071.247892061869,1878.81806640625,2062.0438232421875,2258.330078125,130.8421066775918,0,78.38541666666667,3.1121554904513893,0.3333333333333333,0.08793131510416666,0.1171875,0.2786458333333333,0.01373291015625,0.5203518337673613
2023,1,2,2023_1_2,ridge_swap,2364.920166015625,62,0,1,1,2087.4280939102173,1901.0772216796875,2093.022705078125,2255.222998046875,202.6037117184864,0,71.92447916666667,5.721591525607639,0.10677083333333333,0.010857476128472224,0.11197916666666667,0.3125,0.7885810004340278,0.47265625
2023,1,3,2023_1_3,ridge_swap,1955.5,64,0,0,0,2040.085576693217,1868.5470458984375,2046.7496948242188,2210.7318603515623,54.64504193349018,1,77.00520833333333,7.174167209201389,0.09635416666666667,0.008334689670138895,0.057291666666666664,0.1953125,0.003282335069444444,0.03814697265625
2023,1,4,2023_1_4,ridge_swap,2303.0400390625,59,0,0,1,2023.8072519302368,1859.3644775390626,2019.03515625,2198.1320068359373,204.71160665237244,0,72.94270833333333,8.366753472222221,0.049479166666666664,0.0022040473090277762,0.057291666666666664,0.17447916666666666,0.003282335069444444,0.6814846462673612
2023,1,5,2023_1_5,ridge_swap,2155.6201171875,65,0,0,0,2000.7226883570354,1821.4526000976562,1997.38134765625,2197.76064453125,92.19623832487397,1,77.9453125,7.563442654079862,0.1484375,0.021274142795138895,0.036458333333333336,0.140625,0.0013292100694444447,0.019775390625
2023,1,6,2023_1_6,ridge_swap,2209.920166015625,67,0,0,0,2023.4358193079631,1851.1311767578125,2023.849609375,2200.0626708984373,118.3420797660947,0,72.58854166666667,3.8562147352430554,0.059895833333333336,0.0035875108506944475,0.044270833333333336,0.16927083333333334,0.001959906684027778,0.028652615017361115
2023,1,7,2023_1_7,ridge_swap,2054.85986328125,75,1,0,0,2088.5849380493164,1921.9359130859375,2093.54833984375,2249.00966796875,35.30183629691601,1,78.453125,3.2959526909722214,0.14322916666666666,0.7567070855034722,0.0859375,0.3177083333333333,0.00738525390625,0.10093858506944443
2023,1,8,2023_1_8,ridge_swap,1914.8798828125,76,0,0,0,2146.9240729014077,1954.6496337890626,2151.1373291015625,2331.584375,158.66022534834013,0,73.45833333333333,3.436699761284723,0.15364583333333334,0.019944932725694448,0.234375,0.5078125,0.054931640625,0.25787353515625
2023,1,9,2023_1_9,ridge_swap,1789.5599365234375,66,0,0,0,2007.7054258982341,1839.2416015625,2010.8844604492188,2171.0446533203126,151.63543413248325,0,73.11458333333333,4.537977430555556,0.23177083333333334,0.04492865668402779,0.020833333333333332,0.13020833333333334,0.00043402777777777775,0.016954210069444448
2023,1,10,2023_1_10,ridge_swap,2227.27978515625,66,0,0,0,2081.458688100179,1921.1127685546876,2083.0283203125,2256.917138671875,88.86563120616808,1,73.640625,4.593912760416666,0.09635416666666667,0.008795844184027776,0.07552083333333333,0.3046875,0.00570339626736111,0.09283447265625
2023,1,11,2023_1_11,ridge_swap,1661.8798828125,96,0,0,0,2051.286575317383,1855.3419921875,2056.822509765625,2228.364306640625,313.9995317823357,0,72.9609375,16.18506537543403,0.17447916666666666,0.025478786892361105,0.06510416666666667,0.21614583333333334,0.004238552517361112,0.04671902126736111
2023,2,0,2023_2_0,production,2277.219970703125,65,0,0,1,2124.358174006144,1957.3849487304688,2125.6214599609375,2278.74365234375,92.96830803321467,1,71.39322916666667,4.328294542100695,0.10416666666666667,0.009345160590277776,0.15104166666666666,0.4192708333333333,0.02281358506944444,0.3372463650173612
2023,2,1,2023_2_1,production,2227.89990234375,57,0,0,0,2057.453285853068,1872.2265502929688,2060.1663818359375,2233.291455078125,108.00865604480107,1,73.40885416666667,10.036234537760414,0.07552083333333333,0.004970974392361105,0.09635416666666667,0.23958333333333334,0.009284125434027778,0.05740017361111112
2023,2,2,2023_2_2,production,1969.9400634765625,96,0,0,0,1974.840974489848,1807.7661743164062,1971.8228759765625,2143.21826171875,30.15968539731371,1,77.671875,12.021674262152779,0.15104166666666666,0.020548502604166657,0.015625,0.0703125,0.000244140625,0.00494384765625
2023,2,3,2023_2_3,production,2266.18017578125,72,0,0,1,2086.2514521280923,1921.3295166015625,2082.0325927734375,2246.621728515625,118.30894920064343,0,71.24479166666667,3.029012044270833,0.16145833333333334,0.023640950520833343,0.078125,0.2890625,0.006103515625,0.50543212890625
2023,2,4,2023_2_4,production,1942.3399658203125,75,0,0,0,2066.5174808502197,1904.2471435546875,2060.7598876953125,2225.587646484375,74.85812977453074,1,72.8515625,3.4625176323784723,0.12239583333333333,0.014980740017361105,0.06770833333333333,0.2526041666666667,0.004584418402777777,0.06380886501736112
2023,2,5,2023_2_5,production,2472.10009765625,60,0,1,1,2016.5272048314412,1835.47255859375,2034.1875,2178.2515869140625,378.4928926287426,0,79.52083333333333,12.5364990234375,0.06770833333333333,0.004245334201388881,0.028645833333333332,0.15104166666666666,0.9435289171006944,0.7207302517361112
2023,2,6,2023_2_6,production,1813.4400634765625,79,0,0,0,2047.3304716746013,1882.2327514648437,2041.2153930664062,2225.049267578125,162.33493814534611,0,85.30989583333333,4.128641764322916,0.4140625,0.13325330946180558,0.0546875,0.20833333333333334,0.00299072265625,0.04340277777777778
2023,2,7,2023_2_7,production,1979.800048828125,66,0,0,0,2100.4628814061484,1916.1746337890625,2101.4329833984375,2270.8659179687497,74.04607434488005,1,73.47135416666667,4.417026095920139,0.0859375,0.00738525390625,0.140625,0.3203125,0.019775390625,0.10260009765625
2023,2,8,2023_2_8,production,1897.1800537109375,70,0,0,0,2127.533200263977,1958.6405883789062,2120.064208984375,2307.4990966796877,157.47311221808195,0,71.57291666666667,3.358357747395834,0.171875,0.0269775390625,0.17447916666666666,0.40625,0.03044297960069444,0.1650390625
2023,2,9,2023_2_9,production,2156.5,87,1,0,0,2066.2139625549316,1882.8038330078125,2073.8328857421875,2245.0053955078124,53.76213493612077,1,70.96875,10.240125868055555,0.12239583333333333,0.7933824327256944,0.0859375,0.2604166666666667,0.00738525390625,0.06781684027777779
2023,2,10,2023_2_10,production,1959.43994140625,53,0,0,0,2059.157562573751,1879.079248046875,2058.916748046875,2231.0951171875,61.610946796834455,1,71.54947916666667,11.781609429253471,0.13541666666666666,0.017645941840277762,0.059895833333333336,0.25,0.003587510850694445,0.0625
2023,2,11,2023_2_11,production,2168.239990234375,67,0,0,0,2008.917820930481,1818.6204711914063,2020.050048828125,2190.4404052734376,96.40213669091465,1,80.2109375,7.589891221788195,0.08072916666666667,0.005730523003472224,0.046875,0.1328125,0.002197265625,0.01763916015625
2023,2,0,2023_2_0,ridge_swap,2277.219970703125,65,0,0,1,2130.820348739624,1973.1083862304688,2129.9732666015625,2303.6997314453124,90.84495350884066,1,70.79947916666667,4.122633192274305,0.109375,0.011406792534722224,0.13802083333333334,0.4088541666666667,0.01904975043402778,0.34945339626736105
2023,2,1,2023_2_1,ridge_swap,2227.89990234375,57,0,0,0,2053.2571516036987,1891.1875366210938,2047.5458374023438,2227.763623046875,112.63440883242423,0,73.390625,10.296942816840279,0.0859375,0.005771213107638895,0.078125,0.2109375,0.006103515625,0.04449462890625
2023,2,2,2023_2_2,ridge_swap,1969.9400634765625,96,0,0,0,1971.8539978663127,1790.9104248046874,1978.6975708007812,2148.354150390625,30.807598927782635,1,76.63541666666667,12.8480224609375,0.1015625,0.009799533420138895,0.018229166666666668,0.08854166666666667,0.0003323025173611112,0.007839626736111112
2023,2,3,2023_2_3,ridge_swap,2266.18017578125,72,0,0,1,2077.8297729492188,1911.4640747070312,2076.5430908203125,2244.92685546875,124.29903226925268,0,71.7578125,3.154073079427084,0.18229166666666666,0.029608832465277762,0.10416666666666667,0.2630208333333333,0.010850694444444446,0.5431382921006945
2023,2,4,2023_2_4,ridge_swap,1942.3399658203125,75,0,0,0,2067.127652168274,1918.5591552734375,2069.0008544921875,2220.6716552734374,75.76437140090597,1,73.77864583333333,3.174580891927084,0.1484375,0.019117567274305552,0.07291666666666667,0.23697916666666666,0.005316840277777779,0.056159125434027776
2023,2,5,2023_2_5,ridge_swap,2472.10009765625,60,0,1,1,2012.9650100072224,1823.489697265625,2025.308837890625,2187.765283203125,377.67149976972075,0,79.625,12.355400933159721,0.07552083333333333,0.005703396267361105,0.033854166666666664,0.1484375,0.9334377712673612,0.72515869140625
2023,2,6,2023_2_6,ridge_swap,1813.4400634765625,79,0,0,0,2053.027288118998,1872.5587524414063,2053.2310791015625,2243.4190673828125,165.51191789988016,0,86.2421875,4.261603461371527,0.4010416666666667,0.11966959635416669,0.07291666666666667,0.21875,0.005316840277777779,0.0478515625
2023,2,7,2023_2_7,ridge_swap,1979.800048828125,66,0,0,0,2108.2887954711914,1935.9058227539062,2119.572509765625,2273.2858642578126,80.08676207065582,1,73.41927083333333,4.338684082031251,0.09375,0.0087890625,0.11979166666666667,0.3723958333333333,0.01435004340277778,0.13867865668402776
2023,2,8,2023_2_8,ridge_swap,1897.1800537109375,70,0,0,0,2127.891372680664,1955.5434204101562,2126.5050048828125,2290.3798095703123,160.9319408999549,0,71.45572916666667,2.9313218858506946,0.14322916666666666,0.01907687717013888,0.16666666666666666,0.4270833333333333,0.027777777777777776,0.1824001736111111
2023,2,9,2023_2_9,ridge_swap,2156.5,87,1,0,0,2067.433150291443,1886.7573852539062,2066.9498291015625,2241.0746826171876,54.35289054198398,1,70.5234375,10.421868218315971,0.1171875,0.8026869032118056,0.09114583333333333,0.2760416666666667,0.008307562934027776,0.07619900173611112
2023,2,10,2023_2_10,ridge_swap,1959.43994140625,53,0,0,0,2061.118439992269,1897.883837890625,2065.622314453125,2215.014599609375,62.168892077273796,1,70.90885416666667,11.42767333984375,0.11979166666666667,0.012600368923611119,0.057291666666666664,0.20052083333333334,0.003282335069444444,0.04020860460069445
2023,2,11,2023_2_11,ridge_swap,2168.239990234375,67,0,0,0,2007.908530553182,1810.4204956054687,2015.848876953125,2200.765966796875,96.03217423127757,1,78.8671875,6.59722900390625,0.041666666666666664,0.0017361111111111119,0.046875,0.1484375,0.002197265625,0.02203369140625
2023,3,0,2023_3_0,production,1965.0400390625,85,0,0,0,1984.5981852213542,1781.805126953125,1988.876220703125,2152.70625,35.47119615806474,1,85.94010416666667,3.3116794162326384,0.3515625,0.10357666015625,0.028645833333333332,0.11979166666666667,0.000820583767361111,0.01435004340277778
2023,3,1,2023_3_1,production,2279.18017578125,65,0,0,1,2107.6195192337036,1920.5146362304688,2103.086669921875,2293.1880859375,107.09544811066655,1,74.52083333333333,5.500013563368055,0.09635416666666667,0.008795844184027776,0.15885416666666666,0.3802083333333333,0.02523464626736111,0.38414171006944453
2023,3,2,2023_3_2,production,2340.139892578125,54,0,1,1,2068.9618759155273,1891.117041015625,2082.2391357421875,2231.2770263671873,197.67431023882497,0,72.76041666666667,11.628689236111112,0.0859375,0.00738525390625,0.06510416666666667,0.2838541666666667,0.8740302191840279,0.5128648546006943
2023,3,3,2023_3_3,production,2017.760009765625,67,0,0,0,2017.251033147176,1831.0649658203124,2023.7700805664062,2178.999169921875,31.097924023866653,1,73.578125,3.7745090060763884,0.12760416666666666,0.014411078559027762,0.033854166666666664,0.13802083333333334,0.0011461046006944443,0.01904975043402778
2023,3,4,2023_3_4,production,1977.3798828125,85,0,0,0,2021.3758939107258,1826.813818359375,2028.40185546875,2206.1298828125,41.05488881137636,1,79.7109375,4.099480523003471,0.14322916666666666,0.018371582031249986,0.033854166666666664,0.1796875,0.0011461046006944443,0.03228759765625
2023,3,5,2023_3_5,production,2221.4599609375,52,0,0,1,2078.9411223729453,1907.6255981445313,2082.5145263671875,2249.678759765625,86.9508023932576,1,69.18489583333333,10.524651421440971,0.13020833333333334,0.016289605034722238,0.08854166666666667,0.2604166666666667,0.007839626736111112,0.5469835069444443
2023,3,6,2023_3_6,production,1999.0599365234375,88,0,0,0,2079.6158736546836,1885.7658447265626,2079.766845703125,2265.866064453125,51.25087550696399,1,73.92708333333333,8.995659722222221,0.125,0.014987521701388895,0.09895833333333333,0.3229166666666667,0.00979275173611111,0.10427517361111112
2023,3,7,2023_3_7,production,2041.7398681640625,60,0,0,0,1986.1244316101074,1802.3003662109375,1989.5601196289062,2171.0602783203126,42.824122221933465,1,77.51302083333333,10.57955593532986,0.23177083333333334,0.04696316189236113,0.044270833333333336,0.1328125,0.001959906684027778,0.01763916015625
2023,3,8,2023_3_8,production,1829.8800048828125,85,0,0,0,2092.0026372273765,1918.1442138671875,2085.0623779296875,2284.4659423828125,183.74123597476216,0,74.93489583333333,6.232076009114582,0.1953125,0.03160942925347221,0.14583333333333334,0.34375,0.021267361111111115,0.1181640625
2023,3,9,2023_3_9,production,2126.9599609375,85,1,0,0,2067.512481689453,1897.3334106445313,2075.5191650390625,2234.8877685546877,42.45645478533373,1,73.4453125,7.146328396267361,0.052083333333333336,0.9034966362847222,0.109375,0.2864583333333333,0.011962890625,0.0820583767361111
2023,3,10,2023_3_10,production,2134.4599609375,58,0,0,0,2073.1113834381104,1927.130322265625,2075.64208984375,2239.677880859375,42.678264796733856,1,70.95833333333333,7.280341254340279,0.125,0.013237847222222224,0.078125,0.24739583333333334,0.006103515625,0.06120469835069445
2023,3,11,2023_3_11,production,2122.52001953125,72,0,0,0,2085.51642258962,1914.9713134765625,2075.0452880859375,2270.9591796875,38.12009673896763,1,73.84114583333333,3.1843600802951384,0.08333333333333333,0.006523980034722224,0.11458333333333333,0.3046875,0.013129340277777776,0.09283447265625
2023,3,0,2023_3_0,ridge_swap,1965.0400390625,85,0,0,0,1988.6953744888306,1786.960986328125,1987.5827026367188,2190.683154296875,36.70608080178499,1,84.88541666666667,3.7730984157986107,0.3671875,0.1136813693576389,0.020833333333333332,0.16145833333333334,0.00043402777777777775,0.02606879340277778
2023,3,1,2023_3_1,ridge_swap,2279.18017578125,65,0,0,1,2109.2036612828574,1928.5421264648437,2115.8583984375,2285.836962890625,104.31412761658432,1,73.7890625,5.049567328559029,0.1015625,0.01031494140625,0.14583333333333334,0.3802083333333333,0.021267361111111115,0.38414171006944453
2023,3,2,2023_3_2,ridge_swap,2340.139892578125,54,0,1,1,2064.158096631368,1909.5083740234375,2057.444580078125,2224.839892578125,203.31668556978303,0,72.2109375,11.398417154947914,0.057291666666666664,0.0029975043402777762,0.08333333333333333,0.24739583333333334,0.8402777777777777,0.5664130316840277
2023,3,3,2023_3_3,ridge_swap,2017.760009765625,67,0,0,0,2019.1206506093342,1852.2820434570312,2010.823486328125,2206.0337646484377,32.382317372494285,1,73.68489583333333,4.083380805121528,0.12239583333333333,0.013190375434027776,0.041666666666666664,0.15625,0.001736111111111111,0.0244140625
2023,3,4,2023_3_4,ridge_swap,1977.3798828125,85,0,0,0,2021.1102644602458,1834.3267822265625,2029.4843139648438,2210.6267333984374,40.86983571449916,1,79.94791666666667,4.281249999999999,0.1484375,0.019809299045138895,0.046875,0.15885416666666666,0.002197265625,0.02523464626736111
2023,3,5,2023_3_5,ridge_swap,2221.4599609375,52,0,0,1,2074.8365615208945,1900.9318603515626,2077.5726318359375,2228.8607421875,88.97996994770236,1,70.30208333333333,11.765326605902777,0.15104166666666666,0.022813585069444448,0.08854166666666667,0.28125,0.007839626736111112,0.5166015625
2023,3,6,2023_3_6,ridge_swap,1999.0599365234375,88,0,0,0,2075.091208140055,1886.348779296875,2090.6666259765625,2249.566748046875,51.134753074910904,1,72.9765625,9.50394015842014,0.09375,0.0074462890625,0.10677083333333333,0.2994791666666667,0.011400010850694444,0.08968777126736112
2023,3,7,2023_3_7,ridge_swap,2041.7398681640625,60,0,0,0,1998.7052914301555,1798.1763061523438,2005.8587036132812,2179.460400390625,39.113395536111454,1,77.24739583333333,10.376200358072916,0.22135416666666666,0.041592068142361105,0.041666666666666664,0.15885416666666666,0.001736111111111111,0.02523464626736111
2023,3,8,2023_3_8,ridge_swap,1829.8800048828125,85,0,0,0,2090.2792393366494,1907.3471801757812,2091.9530029296875,2259.824267578125,185.55099333243237,0,75.12760416666667,5.882642957899305,0.17447916666666666,0.026984320746527762,0.1171875,0.3151041666666667,0.01373291015625,0.09929063585069446
2023,3,9,2023_3_9,ridge_swap,2126.9599609375,85,1,0,0,2063.171843210856,1894.2852172851562,2064.7105712890625,2230.04033203125,43.55461273756292,1,74.7890625,6.086676703559027,0.052083333333333336,0.9034966362847222,0.08854166666666667,0.265625,0.007839626736111112,0.070556640625
2023,3,10,2023_3_10,ridge_swap,2134.4599609375,58,0,0,0,2079.6999855041504,1917.8401000976562,2082.0712890625,2240.4684814453126,40.605876232186944,1,70.6484375,7.364386664496528,0.12239583333333333,0.013760036892361105,0.09895833333333333,0.296875,0.00979275173611111,0.088134765625
2023,3,11,2023_3_11,ridge_swap,2122.52001953125,72,0,0,0,2074.4249738057456,1891.4971557617187,2068.6197509765625,2256.374072265625,39.04822263287174,1,73.6640625,3.384338378906249,0.078125,0.006103515625,0.11979166666666667,0.2786458333333333,0.01435004340277778,0.07764350043402776
2023,4,0,2023_4_0,production,2119.56005859375,68,0,0,0,2110.7971223195395,1945.392041015625,2106.89306640625,2300.0670166015625,31.613369627131362,1,71.13802083333333,3.2172105577256938,0.16927083333333334,0.024583604600694448,0.1328125,0.3645833333333333,0.01763916015625,0.13292100694444442
2023,4,1,2023_4_1,production,2067.739990234375,82,0,0,0,2085.9609858194985,1904.8078979492188,2087.84912109375,2270.910546875,34.602501937084725,1,73.40364583333333,5.576246473524305,0.14322916666666666,0.015875922309027762,0.11458333333333333,0.2890625,0.013129340277777776,0.08355712890625
2023,4,2,2023_4_2,production,2203.380126953125,86,1,0,1,2062.82275168101,1901.397509765625,2061.9296875,2230.7876953125,84.635534885029,1,72.09895833333333,8.934868706597221,0.12239583333333333,0.7701890733506944,0.07291666666666667,0.2265625,0.005316840277777779,0.59820556640625
2023,4,3,2023_4_3,production,1872.2799072265625,68,0,0,0,2026.740888595581,1837.148486328125,2026.5861206054688,2202.9898193359377,96.53223944372601,1,80.09895833333333,6.991726345486112,0.09895833333333333,0.009290907118055552,0.033854166666666664,0.1796875,0.0011461046006944443,0.03228759765625
2023,4,4,2023_4_4,production,2138.699951171875,87,0,0,0,2081.0861854553223,1898.4546508789062,2080.3868408203125,2261.527685546875,42.24165831175115,1,75.47395833333333,7.283989800347222,0.08854166666666667,0.0065782335069444475,0.11458333333333333,0.2890625,0.013129340277777776,0.08355712890625
2023,4,5,2023_4_5,production,2305.97998046875,72,0,1,1,2061.276488939921,1867.305908203125,2062.450927734375,2257.3553466796875,164.4356855675578,0,74.6484375,3.294942220052083,0.11979166666666667,0.012071397569444448,0.08333333333333333,0.2682291666666667,0.8402777777777777,0.535488552517361
2023,4,6,2023_4_6,production,1917.52001953125,68,0,0,0,2053.8990675608316,1880.2244995117187,2054.4720458984375,2217.74609375,85.94803001317715,1,76.69791666666667,5.007500542534721,0.2265625,0.04365370008680555,0.0390625,0.203125,0.00152587890625,0.041259765625
2023,4,7,2023_4_7,production,2136.35986328125,74,0,0,0,2035.6115996042888,1850.1725952148438,2033.0966796875,2231.2805419921874,61.935539868142854,1,73.8203125,3.1543850368923607,0.09375,0.0074462890625,0.06510416666666667,0.18489583333333334,0.004238552517361112,0.03418646918402778
2023,4,8,2023_4_8,production,2094.800048828125,79,0,0,0,2032.211104075114,1852.70771484375,2035.5762329101562,2209.551831054687,43.718305215239525,1,71.59895833333333,4.845079210069445,0.11197916666666667,0.011969672309027776,0.052083333333333336,0.16666666666666666,0.0027126736111111114,0.027777777777777776
2023,4,9,2023_4_9,production,2176.06005859375,51,0,0,1,2088.560401280721,1877.0024291992188,2105.722412109375,2248.4988525390627,48.21619914637671,1,76.18489583333333,17.328348795572918,0.11458333333333333,0.011990017361111105,0.09895833333333333,0.296875,0.00979275173611111,0.494384765625
2023,4,10,2023_4_10,production,2013.14013671875,68,0,0,0,2137.0935729344687,1938.0101684570313,2143.2890625,2336.123046875,74.97550273355512,1,72.31510416666667,3.578511555989584,0.11979166666666667,0.013739691840277776,0.17708333333333334,0.4479166666666667,0.03135850694444445,0.2006293402777778
2023,4,11,2023_4_11,production,2038.5,51,0,0,0,1983.2219686508179,1817.28623046875,1980.9945678710938,2162.408056640625,40.762605232497066,1,73.65885416666667,15.134270562065971,0.11458333333333333,0.012546115451388881,0.015625,0.08333333333333333,0.000244140625,0.006944444444444444
2023,4,0,2023_4_0,ridge_swap,2119.56005859375,68,0,0,0,2113.6498572031655,1946.4642578125,2112.270751953125,2291.1173583984373,31.813172303968003,1,71.31770833333333,3.425130208333333,0.16927083333333334,0.025343153211805552,0.16145833333333334,0.3723958333333333,0.02606879340277778,0.13867865668402776
2023,4,1,2023_4_1,ridge_swap,2067.739990234375,82,0,0,0,2077.4146293004355,1904.6235717773438,2077.6038818359375,2254.5804443359375,33.221941240131855,1,73.74479166666667,5.352620442708333,0.16145833333333334,0.022922092013888895,0.11458333333333333,0.25,0.013129340277777776,0.0625
2023,4,2,2023_4_2,ridge_swap,2203.380126953125,86,1,0,1,2064.5920486450195,1880.1974243164063,2064.4913330078125,2244.5812744140626,83.89005076885223,1,72.12760416666667,8.853630913628471,0.109375,0.793212890625,0.046875,0.25,0.002197265625,0.5625
2023,4,3,2023_4_3,ridge_swap,1872.2799072265625,68,0,0,0,2023.1535415649414,1850.4003173828125,2021.7667846679688,2200.0951416015623,92.31056294341883,1,79.4375,6.621324327256945,0.057291666666666664,0.0032823350694444406,0.0390625,0.15364583333333334,0.00152587890625,0.023607042100694448
2023,4,4,2023_4_4,ridge_swap,2138.699951171875,87,0,0,0,2080.3769496281943,1892.0579956054687,2079.466552734375,2275.0677490234375,44.12808775984578,1,75.14583333333333,7.318508572048612,0.08072916666666667,0.005730523003472224,0.11979166666666667,0.2916666666666667,0.01435004340277778,0.08506944444444446
2023,4,5,2023_4_5,ridge_swap,2305.97998046875,72,0,1,1,2055.143390973409,1886.181640625,2055.9788818359375,2228.3096923828125,177.16155201113884,0,74.70572916666667,3.2822604709201393,0.125,0.013237847222222224,0.07291666666666667,0.234375,0.8594835069444445,0.586181640625
2023,4,6,2023_4_6,ridge_swap,1917.52001953125,68,0,0,0,2053.019236882528,1877.8377197265625,2057.638427734375,2232.9467041015623,82.51506357888381,1,76.72395833333333,4.920111762152778,0.23177083333333334,0.04492865668402779,0.06770833333333333,0.21614583333333334,0.004584418402777777,0.04671902126736111
2023,4,7,2023_4_7,ridge_swap,2136.35986328125,74,0,0,0,2031.4553521474202,1845.7776000976562,2036.5538330078125,2202.2692138671873,60.47464405496915,1,74.046875,3.2424180772569446,0.0859375,0.006951226128472224,0.049479166666666664,0.2109375,0.0024481879340277775,0.04449462890625
2023,4,8,2023_4_8,ridge_swap,2094.800048828125,79,0,0,0,2041.205394744873,1869.6764526367188,2051.137451171875,2209.258349609375,39.30716034438875,1,71.4375,5.078843858506945,0.109375,0.010877821180555552,0.03125,0.18229166666666666,0.0009765625,0.033230251736111105
2023,4,9,2023_4_9,ridge_swap,2176.06005859375,51,0,0,1,2092.2169354756675,1902.9636962890625,2098.6142578125,2269.8091552734377,49.0514408118195,1,76.2109375,17.866733127170136,0.09114583333333333,0.007846408420138881,0.1015625,0.3255208333333333,0.01031494140625,0.4549221462673612
2023,4,10,2023_4_10,ridge_swap,2013.14013671875,68,0,0,0,2132.258019129435,1951.396435546875,2138.3607177734375,2306.21611328125,73.64610434406333,1,71.68489583333333,3.4478013780381946,0.109375,0.010877821180555552,0.171875,0.4348958333333333,0.029541015625,0.18913438585069442
2023,4,11,2023_4_11,ridge_swap,2038.5,51,0,0,0,1991.1327816645305,1823.3545654296875,1991.7330322265625,2146.416357421875,36.496788582040196,1,73.62239583333333,15.412183973524305,0.1171875,0.013136121961805552,0.0234375,0.078125,0.00054931640625,0.006103515625
2023,5,0,2023_5_0,production,2314.080078125,71,0,1,1,2061.5542475382485,1880.8187622070313,2055.3094482421875,2239.28330078125,178.13286046518218,0,79.1328125,4.951300726996527,0.3307291666666667,0.08928087022569448,0.08333333333333333,0.2630208333333333,0.8402777777777777,0.5431382921006945
2023,5,1,2023_5_1,production,2110.800048828125,69,0,0,0,2033.328366915385,1864.6325561523438,2039.6300659179688,2195.910400390625,47.20294486731291,1,71.39583333333333,3.2153184678819446,0.09375,0.007866753472222224,0.059895833333333336,0.21614583333333334,0.003587510850694445,0.04671902126736111
2023,5,2,2023_5_2,production,1964.9000244140625,81,0,0,0,2018.5016463597615,1838.9552856445314,2010.241943359375,2220.5331298828123,39.790994575454135,1,78.80729166666667,3.4402126736111107,0.3072916666666667,0.08974880642361113,0.06770833333333333,0.1875,0.004584418402777777,0.03515625
2023,5,3,2023_5_3,production,1799.199951171875,62,0,0,0,1975.0570468902588,1790.9512817382813,1978.7343139648438,2150.599072265625,110.42347642944918,1,77.5625,9.239651150173612,0.09895833333333333,0.009290907118055552,0.0390625,0.09895833333333333,0.00152587890625,0.00979275173611111
2023,5,4,2023_5_4,production,2069.89990234375,77,0,0,0,2121.5335823694863,1929.8060302734375,2128.87890625,2294.129541015625,41.186447457306926,1,71.94791666666667,4.091756184895833,0.14583333333333334,0.017198350694444448,0.17447916666666666,0.453125,0.03044297960069444,0.205322265625
2023,5,5,2023_5_5,production,2188.27978515625,53,0,0,1,2057.8279196421304,1881.3264282226562,2064.927734375,2239.9198486328123,78.27506921688716,1,69.54427083333333,10.193732367621527,0.1015625,0.009311252170138895,0.07552083333333333,0.28125,0.00570339626736111,0.5166015625
2023,5,6,2023_5_6,production,2229.080078125,67,0,0,1,2095.333242416382,1915.9602172851562,2094.304443359375,2266.848828125,79.41245836681789,1,76.46875,5.5205078125,0.11458333333333333,0.011990017361111105,0.10677083333333333,0.3645833333333333,0.011400010850694444,0.40375434027777785
2023,5,7,2023_5_7,production,2048.39990234375,66,0,0,0,1967.0171896616619,1780.1165771484375,1968.0625,2142.644140625,50.79960474868615,1,79.640625,8.084038628472221,0.22395833333333334,0.04169379340277779,0.033854166666666664,0.109375,0.0011461046006944443,0.011962890625
2023,5,8,2023_5_8,production,2010.919921875,87,1,0,0,2084.983215967814,1895.2278686523437,2081.04052734375,2264.20908203125,48.613895912965134,1,79.82291666666667,4.613145616319445,0.1796875,0.69903564453125,0.125,0.3333333333333333,0.015625,0.1111111111111111
2023,5,9,2023_5_9,production,2151.47998046875,70,0,0,0,2095.703298886617,1900.865185546875,2095.78369140625,2275.5070556640626,42.12558593766556,1,72.66145833333333,3.3125135633680554,0.10677083333333333,0.010857476128472224,0.16666666666666666,0.4036458333333333,0.027777777777777776,0.1629299587673611
2023,5,10,2023_5_10,production,2008.419921875,77,0,0,0,1961.8779182434082,1786.26455078125,1963.6068115234375,2118.6147216796876,37.5134212821722,1,74.70572916666667,3.5156724717881946,0.18489583333333334,0.029710557725694448,0.0078125,0.06770833333333333,6.103515625e-05,0.004584418402777777
2023,5,11,2023_5_11,production,2067.179931640625,79,0,0,0,2035.2659765879314,1853.966259765625,2042.5418090820312,2192.4476318359375,31.772690623998642,1,77.44010416666667,3.3326755099826393,0.11458333333333333,0.012546115451388881,0.059895833333333336,0.22135416666666666,0.003587510850694445,0.04899766710069444
2023,5,0,2023_5_0,ridge_swap,2314.080078125,71,0,1,1,2061.1958557764688,1872.77470703125,2057.276123046875,2243.43564453125,176.65452260358467,0,79.4453125,5.011359320746527,0.3177083333333333,0.0843777126736111,0.09635416666666667,0.2916666666666667,0.8165757921006945,0.501736111111111
2023,5,1,2023_5_1,ridge_swap,2110.800048828125,69,0,0,0,2028.662805557251,1869.2935791015625,2027.5520629882812,2193.198046875,51.065334498882294,1,71.24479166666667,3.047037760416667,0.0859375,0.00738525390625,0.049479166666666664,0.1796875,0.0024481879340277775,0.03228759765625
2023,5,2,2023_5_2,ridge_swap,1964.9000244140625,81,0,0,0,2021.6115907033284,1850.0750732421875,2019.4651489257812,2213.992578125,40.256683480408455,1,78.86458333333333,3.3230929904513893,0.2864583333333333,0.06849500868055552,0.0703125,0.1953125,0.00494384765625,0.03814697265625
2023,5,3,2023_5_3,ridge_swap,1799.199951171875,62,0,0,0,1977.8083060582478,1774.5278076171876,1980.7312622070312,2169.004736328125,112.83630055768623,1,76.86979166666667,8.766208224826388,0.10677083333333333,0.010342068142361105,0.020833333333333332,0.14583333333333334,0.00043402777777777775,0.021267361111111115
2023,5,4,2023_5_4,ridge_swap,2069.89990234375,77,0,0,0,2124.5909366607666,1956.09384765625,2121.88623046875,2298.006982421875,39.76301616595852,1,72.04947916666667,4.108066134982639,0.1640625,0.02159966362847221,0.17708333333333334,0.4479166666666667,0.03135850694444445,0.2006293402777778
2023,5,5,2023_5_5,ridge_swap,2188.27978515625,53,0,0,1,2057.749712626139,1883.7299926757812,2049.4241943359375,2224.2495361328124,79.37592080069913,1,69.84114583333333,10.23501925998264,0.1171875,0.011508517795138895,0.09114583333333333,0.2708333333333333,0.008307562934027776,0.5316840277777779
2023,5,6,2023_5_6,ridge_swap,2229.080078125,67,0,0,1,2089.823299407959,1901.6794677734376,2085.9061279296875,2269.614501953125,83.1325779573785,1,76.52864583333333,5.454393174913194,0.09114583333333333,0.007846408420138881,0.11458333333333333,0.3489583333333333,0.013129340277777776,0.4238552517361112
2023,5,7,2023_5_7,ridge_swap,2048.39990234375,66,0,0,0,1977.252027829488,1806.9622192382812,1980.1084594726562,2151.842333984375,45.2641644883487,1,79.6640625,8.040032280815971,0.234375,0.04705132378472221,0.036458333333333336,0.11979166666666667,0.0013292100694444447,0.01435004340277778
2023,5,8,2023_5_8,ridge_swap,2010.919921875,87,1,0,0,2077.5163310368857,1910.0574584960937,2081.189208984375,2252.57802734375,44.34552650070853,1,80.13541666666667,4.809814453125,0.17708333333333334,0.7123480902777778,0.09375,0.3151041666666667,0.0087890625,0.09929063585069446
2023,5,9,2023_5_9,ridge_swap,2151.47998046875,70,0,0,0,2108.5060415267944,1926.25888671875,2111.6400146484375,2306.164501953125,40.91108308484158,1,72.2265625,3.4570244683159714,0.09114583333333333,0.007412380642361105,0.19010416666666666,0.4296875,0.036139594184027776,0.18463134765625
2023,5,10,2023_5_10,ridge_swap,2008.419921875,77,0,0,0,1961.3792991638184,1796.3178466796876,1955.64306640625,2127.356005859375,37.08237834937043,1,72.56770833333333,4.126749674479166,0.15625,0.0220947265625,0.018229166666666668,0.0625,0.0003323025173611112,0.00390625
2023,5,11,2023_5_11,ridge_swap,2067.179931640625,79,0,0,0,2026.073060353597,1862.8039916992188,2029.961181640625,2182.7874755859375,34.557604811257775,1,78.37760416666667,3.0224270290798616,0.1171875,0.01373291015625,0.041666666666666664,0.19270833333333334,0.001736111111111111,0.03713650173611111
2023,6,0,2023_6_0,production,1846.260009765625,80,0,0,0,2099.925200780233,1932.115625,2102.1719970703125,2265.959521484375,181.229542473952,0,79.890625,3.2161593967013893,0.3880208333333333,0.1265801323784722,0.15234375,0.3489583333333333,0.0232086181640625,0.12177191840277776
2023,6,1,2023_6_1,production,2110.14013671875,74,0,0,0,2080.9020754496255,1908.3184936523437,2090.048828125,2250.157421875,31.560054404868026,1,73.27864583333333,3.2339341905381938,0.09895833333333333,0.008816189236111105,0.09635416666666667,0.2994791666666667,0.009284125434027778,0.08968777126736112
2023,6,2,2023_6_2,production,2241.0,57,0,0,1,2107.201336224874,1949.7859130859374,2113.187744140625,2244.960205078125,80.68049051778183,1,73.80208333333333,10.322645399305557,0.15625,0.022840711805555552,0.13802083333333334,0.3541666666666667,0.01904975043402778,0.41710069444444436
2023,6,3,2023_6_3,production,2097.16015625,72,0,0,0,2028.937728881836,1839.448779296875,2031.1675415039062,2208.63310546875,46.26557835274272,1,78.625,4.454996744791667,0.3151041666666667,0.0786471896701389,0.033854166666666664,0.1953125,0.0011461046006944443,0.03814697265625
2023,6,4,2023_6_4,production,1935.9599609375,82,1,0,0,2016.995345433553,1845.764697265625,2014.3086547851562,2196.0286865234375,50.320578156246086,1,72.55989583333333,5.692823621961805,0.08854166666666667,0.8307562934027778,0.03515625,0.15885416666666666,0.0012359619140625,0.02523464626736111
2023,6,5,2023_6_5,production,2042.8599853515625,72,0,0,0,2073.7307291030884,1899.1970336914062,2075.8690185546875,2247.775830078125,36.42782919853926,1,75.7578125,3.095723470052083,0.07291666666666667,0.005316840277777776,0.12109375,0.3020833333333333,0.0146636962890625,0.09125434027777776
2023,6,6,2023_6_6,production,2104.940185546875,70,0,0,0,2067.8676875432334,1880.0874877929687,2075.10595703125,2233.266162109375,36.32241457121239,1,71.27604166666667,3.1941460503472214,0.16145833333333334,0.023668077256944448,0.08072916666666667,0.2682291666666667,0.006517198350694445,0.07194688585069445
2023,6,7,2023_6_7,production,2191.780029296875,55,0,0,1,2088.1283461252847,1902.6383422851563,2096.10400390625,2253.3633544921877,60.18637289934688,1,72.76302083333333,11.126987033420138,0.18489583333333334,0.03141954210069445,0.10026041666666667,0.3255208333333333,0.010052151150173612,0.4549221462673612
2023,6,8,2023_6_8,production,2611.18017578125,63,0,1,1,2106.1921965281167,1917.5230712890625,2105.5107421875,2294.59990234375,424.6855041500595,0,75.76822916666667,7.414435492621527,0.09375,0.007866753472222224,0.14583333333333334,0.3671875,0.7296006944444444,0.40045166015625
2023,6,9,2023_6_9,production,2163.52001953125,67,0,0,0,2005.7652343114216,1821.4742919921875,2018.8430786132812,2185.9021240234374,94.23469430953264,1,76.6171875,5.316494411892361,0.14322916666666666,0.018398708767361105,0.033854166666666664,0.13541666666666666,0.0011461046006944443,0.01833767361111111
2023,6,10,2023_6_10,production,1722.5,88,0,0,0,2007.3174508412678,1849.2989501953125,2012.8074951171875,2158.2633056640625,217.00757509801122,0,74.37239583333333,8.64908175998264,0.14322916666666666,0.017747667100694448,0.0234375,0.1015625,0.00054931640625,0.01031494140625
2023,6,11,2023_6_11,production,2128.72021484375,77,0,0,0,2012.1810674667358,1829.8829711914063,2007.890380859375,2198.03857421875,71.09939959396918,1,79.88541666666667,3.5101589626736107,0.15625,0.0220947265625,0.0390625,0.14322916666666666,0.00152587890625,0.020514594184027776
2023,6,0,2023_6_0,ridge_swap,1846.260009765625,80,0,0,0,2104.8354247411094,1917.1449096679687,2102.639892578125,2281.4302734375,184.15015460964707,0,79.44010416666667,3.233581542968749,0.3776041666666667,0.1130710177951389,0.1328125,0.3854166666666667,0.01763916015625,0.14854600694444445
2023,6,1,2023_6_1,ridge_swap,2110.14013671875,74,0,0,0,2073.5060119628906,1899.936474609375,2083.041259765625,2233.987548828125,34.65025268660652,1,73.24739583333333,3.361823187934027,0.08072916666666667,0.0050523546006944475,0.0859375,0.2786458333333333,0.00738525390625,0.07764350043402776
2023,6,2,2023_6_2,ridge_swap,2241.0,57,0,0,1,2106.9397789637246,1926.9642211914063,2108.3414306640625,2270.8472412109377,81.00903307149807,1,73.11979166666667,9.723158094618054,0.17447916666666666,0.027025010850694448,0.13802083333333334,0.3333333333333333,0.01904975043402778,0.44444444444444453
2023,6,3,2023_6_3,ridge_swap,2097.16015625,72,0,0,0,2041.3286774953206,1857.915234375,2041.042724609375,2223.16630859375,41.1895031614436,1,77.890625,4.040500217013889,0.2682291666666667,0.06920708550347224,0.059895833333333336,0.203125,0.003587510850694445,0.041259765625
2023,6,4,2023_6_4,ridge_swap,1935.9599609375,82,1,0,0,2015.6802978515625,1842.9533569335938,2013.0108642578125,2200.813330078125,48.95383903384209,1,73.1953125,5.98736572265625,0.10677083333333333,0.8214586046006944,0.046875,0.15885416666666666,0.002197265625,0.02523464626736111
2023,6,5,2023_6_5,ridge_swap,2042.8599853515625,72,0,0,0,2065.267311731974,1885.6698120117187,2065.9962158203125,2259.1559326171873,34.466927621099686,1,75.30208333333333,3.196221245659723,0.0859375,0.00738525390625,0.08333333333333333,0.2682291666666667,0.006944444444444444,0.07194688585069445
2023,6,6,2023_6_6,ridge_swap,2104.940185546875,70,0,0,0,2072.7164223988852,1903.8108764648437,2084.17919921875,2242.5087158203123,34.33054636584387,1,70.30208333333333,3.194498697916667,0.1484375,0.020541720920138895,0.08333333333333333,0.2760416666666667,0.006944444444444444,0.07619900173611112
2023,6,7,2023_6_7,ridge_swap,2191.780029296875,55,0,0,1,2088.255252520243,1928.8857299804688,2085.136474609375,2244.6477294921874,62.29220223012898,1,73.69270833333333,12.43994140625,0.17708333333333334,0.027886284722222238,0.10416666666666667,0.2994791666666667,0.010850694444444446,0.4907294379340277
2023,6,8,2023_6_8,ridge_swap,2611.18017578125,63,0,1,1,2109.0216344197593,1930.435009765625,2109.971923828125,2286.24833984375,423.24866913093456,0,75.03125,7.044894748263889,0.07291666666666667,0.004950629340277776,0.16145833333333334,0.3723958333333333,0.703152126736111,0.3938869900173612
2023,6,9,2023_6_9,ridge_swap,2163.52001953125,67,0,0,0,2008.2613617579143,1819.3610595703126,2012.4327392578125,2181.690771484375,90.66076636562745,1,76.55729166666667,5.702216254340277,0.12760416666666666,0.014411078559027762,0.041666666666666664,0.16145833333333334,0.001736111111111111,0.02606879340277778
2023,6,10,2023_6_10,ridge_swap,1722.5,88,0,0,0,2003.5865646998088,1840.672021484375,2008.7775268554688,2150.9097412109377,213.32115451908777,0,74.77864583333333,8.405470106336805,0.14583333333333334,0.018446180555555552,0.0234375,0.1015625,0.00054931640625,0.01031494140625
2023,6,11,2023_6_11,ridge_swap,2128.72021484375,77,0,0,0,2000.789213816325,1809.7696044921875,1998.4928588867188,2195.9990234375,77.18463798364003,1,80.7890625,3.362935384114584,0.1328125,0.015048556857638895,0.0390625,0.16145833333333334,0.00152587890625,0.02606879340277778
2023,7,0,2023_7_0,production,2134.35986328125,72,0,0,0,2138.543624560038,1951.0752685546875,2139.094482421875,2307.8807861328123,31.80195175194079,1,74.68489583333333,3.4325697157118054,0.1015625,0.009311252170138895,0.19010416666666666,0.484375,0.036139594184027776,0.234619140625
2023,7,1,2023_7_1,production,2329.6796875,66,0,1,1,2022.3562898635864,1832.92744140625,2023.2366943359375,2220.539306640625,224.6020251173112,0,77.59635416666667,6.926534016927084,0.3697916666666667,0.12561035156250003,0.057291666666666664,0.20052083333333334,0.8886990017361112,0.6391669379340277
2023,7,2,2023_7_2,production,2150.820068359375,68,0,0,0,2094.940826098124,1913.6777221679688,2100.4888916015625,2266.3287841796873,39.44165176898241,1,69.53645833333333,3.099650065104167,0.1328125,0.01568603515625,0.12239583333333333,0.3463541666666667,0.01498074001736111,0.11996120876736112
2023,7,3,2023_7_3,production,1962.820068359375,70,0,0,0,2088.4741538365683,1906.0772216796875,2088.60888671875,2259.6138671875,76.64600922912359,1,70.81770833333333,3.374715169270833,0.08333333333333333,0.006523980034722224,0.12239583333333333,0.3567708333333333,0.01498074001736111,0.1272854275173611
2023,7,4,2023_7_4,production,2059.300048828125,85,1,0,0,2050.6933949788413,1886.2039184570312,2049.0450439453125,2218.686279296875,31.328580604659194,1,75.9765625,5.675286187065972,0.16145833333333334,0.7075330946180556,0.057291666666666664,0.22395833333333334,0.003282335069444444,0.05015733506944445
2023,7,5,2023_7_5,production,2218.440185546875,58,0,0,1,2067.2329190572104,1910.4091064453125,2065.995361328125,2226.888818359375,94.93457548154726,1,74.38020833333333,9.770263671875,0.11197916666666667,0.011427137586805566,0.0703125,0.25,0.00494384765625,0.5625
2023,7,6,2023_7_6,production,1903.0599365234375,70,0,0,0,1924.3586670557659,1763.0805786132812,1930.5068359375,2095.5466064453126,30.655369862086232,1,83.890625,8.0625,0.2421875,0.04840087890625,0.010416666666666666,0.046875,0.00010850694444444444,0.002197265625
2023,7,7,2023_7_7,production,2234.16015625,54,0,0,1,2070.6837323506675,1890.8050048828125,2070.326904296875,2248.83828125,100.56121616562208,1,75.6171875,14.451856825086807,0.15885416666666666,0.02069091796875,0.10677083333333333,0.2942708333333333,0.011400010850694444,0.4980536566840279
2023,7,8,2023_7_8,production,1943.9000244140625,77,0,0,0,2026.509953180949,1848.8408203125,2027.595947265625,2211.491772460937,52.212331129444976,1,79.54947916666667,3.3599378797743054,0.328125,0.0933837890625,0.049479166666666664,0.18229166666666666,0.0024481879340277775,0.033230251736111105
2023,7,9,2023_7_9,production,2064.5,84,0,0,0,1961.4657535552979,1795.6539428710937,1956.2937622070312,2139.6534423828125,63.452663222948715,1,76.57291666666667,4.953993055555555,0.13020833333333334,0.014458550347222238,0.0234375,0.07291666666666667,0.00054931640625,0.005316840277777779
2023,7,10,2023_7_10,production,1780.780029296875,70,0,0,0,2108.479964574178,1914.5227294921874,2118.0716552734375,2281.588330078125,249.42880782485008,0,71.60677083333333,3.132439507378473,0.057291666666666664,0.002739800347222217,0.14322916666666666,0.3723958333333333,0.020514594184027776,0.13867865668402776
2023,7,11,2023_7_11,production,2062.39990234375,74,0,0,0,2042.0297594070435,1866.9054931640626,2048.696044921875,2208.8646728515623,30.51621389140685,1,75.65364583333333,3.0681627061631938,0.140625,0.0177001953125,0.046875,0.16927083333333334,0.002197265625,0.028652615017361115
2023,7,0,2023_7_0,ridge_swap,2134.35986328125,72,0,0,0,2135.4011255900064,1945.9417236328125,2133.955810546875,2317.7005859375,33.061667756901855,1,74.20833333333333,2.9991726345486107,0.10677083333333333,0.010857476128472224,0.19010416666666666,0.4427083333333333,0.036139594184027776,0.19599066840277776
2023,7,1,2023_7_1,ridge_swap,2329.6796875,66,0,1,1,2020.260170618693,1838.961962890625,2017.1173706054688,2187.8863525390625,231.13917823632556,0,77.8203125,6.794670952690971,0.3723958333333333,0.12931993272569442,0.049479166666666664,0.16666666666666666,0.9034898546006945,0.6944444444444445
2023,7,2,2023_7_2,ridge_swap,2150.820068359375,68,0,0,0,2104.7841523488364,1932.263330078125,2104.710693359375,2277.3818115234376,37.14028148849805,1,68.6796875,2.956766764322916,0.125,0.0137939453125,0.13020833333333334,0.3645833333333333,0.016954210069444448,0.13292100694444442
2023,7,3,2023_7_3,ridge_swap,1962.820068359375,70,0,0,0,2087.874540964762,1914.2957641601563,2083.755859375,2260.2457763671873,76.19196013775138,1,70.8515625,3.108337402343751,0.0859375,0.00738525390625,0.11458333333333333,0.3177083333333333,0.013129340277777776,0.10093858506944443
2023,7,4,2023_7_4,ridge_swap,2059.300048828125,85,1,0,0,2050.4985694885254,1875.27021484375,2055.5948486328125,2214.082080078125,32.90254758132828,1,76.24479166666667,5.775946723090279,0.18489583333333334,0.6729397243923612,0.07552083333333333,0.20833333333333334,0.00570339626736111,0.04340277777777778
2023,7,5,2023_7_5,ridge_swap,2218.440185546875,58,0,0,1,2057.6957931518555,1883.329833984375,2062.488037109375,2217.5666748046874,97.61672278410857,0,74.90364583333333,10.179870605468752,0.09895833333333333,0.008368598090277776,0.0703125,0.2708333333333333,0.00494384765625,0.5316840277777779
2023,7,6,2023_7_6,ridge_swap,1903.0599365234375,70,0,0,0,1927.790060679118,1760.4452758789062,1930.4674072265625,2082.9842529296875,33.400062933564186,1,82.67447916666667,7.179680718315971,0.2109375,0.03746880425347221,0.0078125,0.046875,6.103515625e-05,0.002197265625
2023,7,7,2023_7_7,ridge_swap,2234.16015625,54,0,0,1,2064.1746447881064,1887.1473388671875,2066.0706787109375,2229.3653564453125,107.76244024518464,0,76.44270833333333,15.459038628472221,0.1796875,0.028761121961805552,0.0625,0.2786458333333333,0.00390625,0.5203518337673613
2023,7,8,2023_7_8,ridge_swap,1943.9000244140625,77,0,0,0,2031.4454409281414,1861.7769775390625,2040.369140625,2209.4098876953126,54.40612705714173,1,78.984375,2.9847547743055554,0.3229166666666667,0.08881293402777779,0.06510416666666667,0.20052083333333334,0.004238552517361112,0.04020860460069445
2023,7,9,2023_7_9,ridge_swap,2064.5,84,0,0,0,1960.9310092926025,1775.410986328125,1963.1950073242188,2141.647216796875,63.20562496946917,1,76.44791666666667,4.974378797743055,0.11979166666666667,0.013156467013888895,0.020833333333333332,0.0859375,0.00043402777777777775,0.00738525390625
2023,7,10,2023_7_10,ridge_swap,1780.780029296875,70,0,0,0,2106.170747756958,1933.8216552734375,2109.470458984375,2283.13955078125,249.63278428713477,0,71.79427083333333,3.0875583224826393,0.046875,0.0019666883680555525,0.15364583333333334,0.4010416666666667,0.023607042100694448,0.1608344184027778
2023,7,11,2023_7_11,ridge_swap,2062.39990234375,74,0,0,0,2048.142609278361,1869.1202758789063,2053.0606689453125,2222.2636962890624,31.35957855482897,1,75.65364583333333,2.978142632378473,0.12760416666666666,0.01500786675347221,0.059895833333333336,0.21614583333333334,0.003587510850694445,0.04671902126736111
2023,8,0,2023_8_0,production,2131.320068359375,63,0,0,0,2041.3013321558635,1851.801611328125,2047.0245971679688,2213.276025390625,53.08025496949753,1,79.15625,9.888047960069445,0.2942708333333333,0.08068169487847221,0.057291666666666664,0.25,0.003282335069444444,0.0625
2023,8,1,2023_8_1,production,2638.759765625,71,0,1,1,2089.659766515096,1933.24931640625,2091.5615234375,2254.27216796875,479.5854739613003,0,72.28645833333333,3.0204128689236116,0.12239583333333333,0.013190375434027776,0.1015625,0.3489583333333333,0.80718994140625,0.4238552517361112
2023,8,2,2023_8_2,production,2058.280029296875,66,0,0,0,2092.1106100082397,1906.6178588867188,2096.55615234375,2273.7744873046877,36.665163966516644,1,77.00260416666667,6.118374294704862,0.1484375,0.01915825737847221,0.14322916666666666,0.3463541666666667,0.020514594184027776,0.11996120876736112
2023,8,3,2023_8_3,production,2053.659912109375,78,0,0,0,2097.270882924398,1919.4443115234376,2101.8885498046875,2264.9818603515623,38.58050651020474,1,77.29427083333333,3.120218912760417,0.19791666666666666,0.03620062934027776,0.16145833333333334,0.3776041666666667,0.02606879340277778,0.1425849066840278
2023,8,4,2023_8_4,production,1785.9400634765625,83,0,0,0,2022.446383158366,1835.1854125976563,2036.109375,2195.5146728515624,163.88455312781866,0,81.41666666666667,3.2291395399305554,0.4921875,0.20884195963541669,0.044270833333333336,0.20572916666666666,0.001959906684027778,0.042324490017361105
2023,8,5,2023_8_5,production,2136.9599609375,69,0,0,0,2056.8761701583862,1881.8611083984374,2060.890380859375,2217.9318115234373,48.3882715197073,1,77.82552083333333,5.100552029079861,0.2578125,0.051303439670138895,0.09635416666666667,0.24479166666666666,0.009284125434027778,0.05992296006944444
2023,8,6,2023_8_6,production,2290.93994140625,63,0,0,1,2016.4442733128865,1854.7143432617188,2006.4188842773438,2180.250390625,203.5104015544057,0,76.04166666666667,8.013807508680555,0.11458333333333333,0.012546115451388881,0.0546875,0.17447916666666666,0.00299072265625,0.6814846462673612
2023,8,7,2023_8_7,production,2316.52001953125,65,1,0,1,2007.4115635553997,1839.6107421875,2006.9107055664062,2176.7185546875,238.11624889986382,0,77.14322916666667,7.155768500434029,0.140625,0.743014865451389,0.03125,0.15364583333333334,0.0009765625,0.7163153754340277
2023,8,8,2023_8_8,production,1871.93994140625,79,0,0,0,2010.8252124786377,1854.9592651367188,2002.5259399414062,2185.32568359375,81.78026442726453,1,74.5,4.15673828125,0.057291666666666664,0.0032823350694444406,0.049479166666666664,0.15364583333333334,0.0024481879340277775,0.023607042100694448
2023,8,9,2023_8_9,production,1882.300048828125,75,0,0,0,2016.4256623586018,1844.266455078125,2019.3887939453125,2199.59296875,79.81970325774617,1,72.63802083333333,3.600036621093749,0.14322916666666666,0.01907687717013888,0.044270833333333336,0.1796875,0.001959906684027778,0.03228759765625
2023,8,10,2023_8_10,production,2184.0,68,0,0,0,2061.6385571161904,1871.6036254882813,2068.4227294921875,2238.013525390625,70.11315148323776,1,71.5390625,3.314392089843749,0.0546875,0.00299072265625,0.10416666666666667,0.2708333333333333,0.010850694444444446,0.07335069444444443
2023,8,11,2023_8_11,production,1802.0400390625,69,0,0,0,2069.271323521932,1900.7488891601563,2072.49169921875,2236.03759765625,192.29559435612626,0,70.86979166666667,2.956380208333333,0.052083333333333336,0.002712673611111112,0.11197916666666667,0.2942708333333333,0.012539333767361112,0.08659532335069443
2023,8,0,2023_8_0,ridge_swap,2131.320068359375,63,0,0,0,2033.6256573994954,1847.546875,2042.56103515625,2212.508251953125,56.779211812549164,1,79.44791666666667,9.843207465277777,0.2838541666666667,0.07219102647569448,0.06770833333333333,0.22395833333333334,0.004584418402777777,0.05015733506944445
2023,8,1,2023_8_1,ridge_swap,2638.759765625,71,0,1,1,2087.76780128479,1921.1491455078126,2085.781005859375,2261.2199462890626,476.3323960006237,0,72.21614583333333,3.26458740234375,0.11458333333333333,0.012546115451388881,0.1171875,0.3229166666666667,0.77935791015625,0.4584418402777777
2023,8,2,2023_8_2,ridge_swap,2058.280029296875,66,0,0,0,2091.725894292196,1906.4550048828125,2094.68798828125,2270.994775390625,36.56573549906413,1,77.2109375,6.077385796440972,0.1484375,0.019809299045138895,0.13802083333333334,0.3385416666666667,0.01904975043402778,0.11461046006944446
2023,8,3,2023_8_3,ridge_swap,2053.659912109375,78,0,0,0,2103.6416959762573,1927.643408203125,2115.2965087890625,2267.201513671875,40.62288117491536,1,77.8359375,3.246209038628473,0.1875,0.030612521701388895,0.14583333333333334,0.4140625,0.021267361111111115,0.17144775390625
2023,8,4,2023_8_4,ridge_swap,1785.9400634765625,83,0,0,0,2017.1343231201172,1821.429638671875,2030.4094848632812,2189.7685791015624,160.6416181160344,0,81.7578125,3.0929022894965286,0.4921875,0.2090182834201389,0.049479166666666664,0.1796875,0.0024481879340277775,0.03228759765625
2023,8,5,2023_8_5,ridge_swap,2136.9599609375,69,0,0,0,2051.7020613352456,1879.8914794921875,2050.7076416015625,2240.585546875,54.843226169546455,1,76.890625,4.636257595486111,0.234375,0.04408094618055555,0.08072916666666667,0.24739583333333334,0.006517198350694445,0.06120469835069445
2023,8,6,2023_8_6,ridge_swap,2290.93994140625,63,0,0,1,2020.2568947474163,1854.4471557617187,2019.8098754882812,2193.207836914062,197.72686214496696,0,75.203125,7.359646267361112,0.125,0.0137939453125,0.049479166666666664,0.17708333333333334,0.0024481879340277775,0.6771918402777777
2023,8,7,2023_8_7,ridge_swap,2316.52001953125,65,1,0,1,2012.5506881078084,1828.576745605469,2013.213134765625,2182.361474609375,226.11602168199087,0,76.71614583333333,6.611470540364583,0.11979166666666667,0.7839898003472222,0.05078125,0.16927083333333334,0.0025787353515625,0.6901109483506944
2023,8,8,2023_8_8,ridge_swap,1871.93994140625,79,0,0,0,2005.8864755630493,1813.9499755859374,2006.009765625,2194.900146484375,80.76896219535006,1,74.1484375,4.26837158203125,0.057291666666666664,0.0032823350694444406,0.0546875,0.17708333333333334,0.00299072265625,0.03135850694444445
2023,8,9,2023_8_9,ridge_swap,1882.300048828125,75,0,0,0,2022.0487251281738,1857.9162475585938,2020.076904296875,2190.1575439453127,85.41989535093309,1,72.546875,3.6434054904513884,0.13541666666666666,0.016343858506944434,0.055989583333333336,0.1875,0.003134833441840278,0.03515625
2023,8,10,2023_8_10,ridge_swap,2184.0,68,0,0,0,2067.6054112116494,1893.2350952148438,2066.8914794921875,2237.3811767578127,70.80650389442842,1,70.45572916666667,2.7330390082465286,0.0546875,0.00299072265625,0.09895833333333333,0.2526041666666667,0.00979275173611111,0.06380886501736112
2023,8,11,2023_8_11,ridge_swap,1802.0400390625,69,0,0,0,2065.7040033340454,1883.14970703125,2064.3721923828125,2231.8796142578126,191.11770717882445,0,71.57291666666667,2.8561062282986107,0.06770833333333333,0.004245334201388881,0.09114583333333333,0.3098958333333333,0.008307562934027776,0.0960354275173611
2023,9,0,2023_9_0,production,2149.81982421875,86,1,0,0,2077.4989919662476,1901.201953125,2068.7901611328125,2260.95751953125,49.1906974605388,1,77.00260416666667,5.834398057725694,0.109375,0.8072509765625,0.1171875,0.3359375,0.01373291015625,0.11285400390625
2023,9,1,2023_9_1,production,1956.02001953125,73,0,0,0,2035.9806811014812,1867.18486328125,2039.3179321289062,2204.5712890625,50.794328424665665,1,75.40625,3.092569986979167,0.125,0.013197157118055552,0.06770833333333333,0.1875,0.004584418402777777,0.03515625
2023,9,2,2023_9_2,production,2199.5400390625,73,0,0,1,2053.96471118927,1865.5459350585938,2050.426513671875,2241.058837890625,86.58973481506108,1,80.56770833333333,4.760294596354167,0.3072916666666667,0.08388943142361113,0.08333333333333333,0.2552083333333333,0.006944444444444444,0.5547146267361113
2023,9,3,2023_9_3,production,1917.4599609375,83,0,0,0,2010.6842006047566,1838.3572021484374,2012.15576171875,2175.366552734375,56.26000525636806,1,72.41666666666667,6.418714735243056,0.057291666666666664,0.0029975043402777762,0.033854166666666664,0.13020833333333334,0.0011461046006944443,0.016954210069444448
2023,9,4,2023_9_4,production,2350.64013671875,56,0,1,1,2092.9313329060874,1917.698486328125,2091.680908203125,2251.3231689453123,186.01674306558238,0,71.19270833333333,8.936808268229168,0.0625,0.00390625,0.0859375,0.3046875,0.83551025390625,0.48345947265625
2023,9,5,2023_9_5,production,1898.080078125,63,0,0,0,1985.2070728937786,1818.0189819335938,1981.9424438476562,2165.206396484375,52.30150508797831,1,75.80208333333333,7.355536566840279,0.10416666666666667,0.009345160590277776,0.028645833333333332,0.109375,0.000820583767361111,0.011962890625
2023,9,6,2023_9_6,production,2133.820068359375,62,0,0,0,2051.1775369644165,1875.553564453125,2049.109130859375,2238.34970703125,53.188355827497105,1,72.91145833333333,6.087022569444444,0.09375,0.0087890625,0.078125,0.22135416666666666,0.006103515625,0.04899766710069444
2023,9,7,2023_9_7,production,2060.420166015625,96,0,0,0,2107.2746845881143,1920.8739624023438,2112.4832763671875,2291.2309814453124,39.53281655990415,1,75.30989583333333,14.22591824001736,0.13802083333333334,0.017015245225694448,0.13020833333333334,0.3645833333333333,0.016954210069444448,0.13292100694444442
2023,9,8,2023_9_8,production,2232.699951171875,72,0,0,1,2082.5461791356406,1912.2413696289063,2079.477783203125,2251.8590576171873,90.53626921524604,1,73.171875,3.327636718749999,0.171875,0.026950412326388895,0.109375,0.3125,0.011962890625,0.47265625
2023,9,9,2023_9_9,production,2194.31982421875,76,0,0,0,2122.5932286580405,1960.6614013671874,2129.7469482421875,2291.45927734375,44.68831149737041,1,74.04166666666667,3.2588026258680554,0.09635416666666667,0.008334689670138895,0.16666666666666666,0.4479166666666667,0.027777777777777776,0.2006293402777778
2023,9,10,2023_9_10,production,2187.93994140625,58,0,0,0,2048.9619019826255,1866.8369873046875,2049.202392578125,2229.7890869140624,83.6905554301209,1,80.36979166666667,14.776774088541666,0.23958333333333334,0.04615614149305555,0.0625,0.2109375,0.00390625,0.04449462890625
2023,9,11,2023_9_11,production,1834.5,64,0,0,0,2006.1981471379597,1844.6753051757812,2001.9605712890625,2180.7360107421873,110.28941999789743,0,72.29427083333333,4.940151638454861,0.22135416666666666,0.04064263237847221,0.036458333333333336,0.11979166666666667,0.0013292100694444447,0.01435004340277778
2023,9,0,2023_9_0,ridge_swap,2149.81982421875,86,1,0,0,2078.199655532837,1907.14052734375,2072.9215087890625,2256.494946289062,46.6191165033314,1,77.03645833333333,5.383002387152777,0.11197916666666667,0.7932196723090277,0.09635416666666667,0.3072916666666667,0.009284125434027778,0.09442816840277779
2023,9,1,2023_9_1,ridge_swap,1956.02001953125,73,0,0,0,2033.4323622385662,1858.5576416015626,2032.5855102539062,2203.1367431640624,48.54517476757367,1,74.90364583333333,3.1975843641493054,0.0859375,0.006951226128472224,0.06510416666666667,0.20052083333333334,0.004238552517361112,0.04020860460069445
2023,9,2,2023_9_2,ridge_swap,2199.5400390625,73,0,0,1,2061.1363989512124,1889.90595703125,2062.3016357421875,2240.366748046875,84.26835484637155,1,79.53125,4.276828342013889,0.3046875,0.0867038302951389,0.09114583333333333,0.24479166666666666,0.008307562934027776,0.5703396267361112
2023,9,3,2023_9_3,ridge_swap,1917.4599609375,83,0,0,0,2012.0687681833904,1840.6583618164063,2015.0923461914062,2161.238037109375,58.457179622517685,1,70.96354166666667,7.522718641493055,0.057291666666666664,0.0032823350694444406,0.03125,0.1328125,0.0009765625,0.01763916015625
2023,9,4,2023_9_4,ridge_swap,2350.64013671875,56,0,1,1,2107.293616294861,1942.3314453125,2107.296630859375,2283.2660888671876,170.8836850946148,0,71.0,8.76987033420139,0.0859375,0.006951226128472224,0.1328125,0.3619791666666667,0.75201416015625,0.407070583767361
2023,9,5,2023_9_5,ridge_swap,1898.080078125,63,0,0,0,1981.0760774612427,1786.4729736328125,1992.0155639648438,2163.6312988281247,54.309421051707545,1,76.2734375,7.469204372829862,0.12239583333333333,0.012647840711805552,0.015625,0.11197916666666667,0.000244140625,0.012539333767361112
2023,9,6,2023_9_6,ridge_swap,2133.820068359375,62,0,0,0,2047.7139841715496,1879.0525756835937,2044.6795654296875,2212.175439453125,52.471726708941986,1,73.11979166666667,6.570095486111112,0.10677083333333333,0.011400010850694434,0.059895833333333336,0.19010416666666666,0.003587510850694445,0.036139594184027776
2023,9,7,2023_9_7,ridge_swap,2060.420166015625,96,0,0,0,2106.6024198532104,1926.4091064453125,2103.02880859375,2292.5279296875,39.01524395661221,1,75.41927083333333,13.95684814453125,0.11979166666666667,0.012600368923611119,0.15625,0.3776041666666667,0.0244140625,0.1425849066840278
2023,9,8,2023_9_8,ridge_swap,2232.699951171875,72,0,0,1,2083.756373723348,1922.0397216796875,2081.098388671875,2257.110791015625,91.56561821036868,1,72.984375,3.1948920355902777,0.171875,0.026136610243055552,0.09895833333333333,0.3125,0.00979275173611111,0.47265625
2023,9,9,2023_9_9,ridge_swap,2194.31982421875,76,0,0,0,2117.4840393066406,1935.98388671875,2123.9091796875,2288.1302490234375,46.18110328747167,1,74.62239583333333,3.4302639431423616,0.09895833333333333,0.008816189236111105,0.1484375,0.4348958333333333,0.02203369140625,0.18913438585069442
2023,9,10,2023_9_10,ridge_swap,2187.93994140625,58,0,0,0,2040.7101405461628,1869.8267822265625,2045.408203125,2214.26259765625,89.4566579270694,1,80.3125,15.039130316840277,0.1953125,0.03334554036458334,0.059895833333333336,0.203125,0.003587510850694445,0.041259765625
2023,9,11,2023_9_11,ridge_swap,1834.5,64,0,0,0,2005.3287868499756,1827.3309570312501,2009.3417358398438,2182.624169921875,107.83592590192953,1,72.015625,4.647026909722221,0.21614583333333334,0.03597683376736113,0.044270833333333336,0.12239583333333333,0.001959906684027778,0.01498074001736111
2023,10,0,2023_10_0,production,1977.260009765625,76,0,0,0,2000.1730327606201,1815.2946044921875,2005.9847412109375,2184.846533203125,34.60557993253073,1,78.96875,3.151570638020834,0.21354166666666666,0.04037814670138887,0.0390625,0.14322916666666666,0.00152587890625,0.020514594184027776
2023,10,1,2023_10_1,production,2074.860107421875,84,1,0,0,2046.2568775812786,1846.73818359375,2055.234619140625,2209.760595703125,33.23369004577398,1,77.82552083333333,4.328877766927083,0.171875,0.7255995008680556,0.061197916666666664,0.21354166666666666,0.0037451850043402775,0.045600043402777776
2023,10,2,2023_10_2,production,2034.66015625,72,0,0,0,2087.917463620504,1900.3173461914062,2095.7325439453125,2260.8394287109377,43.565821052425434,1,73.84375,3.2153455946180554,0.08854166666666667,0.007392035590277776,0.10416666666666667,0.3333333333333333,0.010850694444444446,0.1111111111111111
2023,10,3,2023_10_3,production,2315.0400390625,54,0,1,1,2123.520785331726,1937.3935180664062,2126.75146484375,2328.401123046875,121.66720948202742,1,72.10677083333333,11.115525987413193,0.15104166666666666,0.022040473090277762,0.18229166666666666,0.4192708333333333,0.6686469184027778,0.3372463650173612
2023,10,4,2023_10_4,production,1854.1199951171875,68,0,0,0,2070.3065379460654,1888.5880126953125,2072.60498046875,2241.070361328125,143.93345570978192,0,81.43489583333333,7.63922119140625,0.4895833333333333,0.2044949001736111,0.10416666666666667,0.2890625,0.010850694444444446,0.08355712890625
2023,10,5,2023_10_5,production,1974.56005859375,70,0,0,0,2096.625007947286,1921.816064453125,2096.8271484375,2266.4329833984375,74.22291536711984,1,71.5546875,3.076761881510416,0.15625,0.02068413628472221,0.13020833333333334,0.3229166666666667,0.016954210069444448,0.10427517361111112
2023,10,6,2023_10_6,production,2233.9599609375,68,0,0,1,2007.5084648132324,1833.2136474609374,2007.9938354492188,2190.3624267578125,151.9610693487856,0,77.49479166666667,5.632039388020833,0.09375,0.007866753472222224,0.033854166666666664,0.15104166666666666,0.0011461046006944443,0.7207302517361112
2023,10,7,2023_10_7,production,2309.14013671875,74,0,0,1,2064.453659057617,1893.463623046875,2063.39111328125,2230.766015625,172.86402913596896,0,74.18229166666667,3.1822645399305554,0.109375,0.010877821180555552,0.08333333333333333,0.2682291666666667,0.006944444444444444,0.535488552517361
2023,10,8,2023_10_8,production,2065.18017578125,65,0,0,0,2015.474838892619,1832.3220947265625,2018.5171508789062,2202.576416015625,41.078740651408836,1,76.79166666666667,6.712673611111111,0.0703125,0.00494384765625,0.041666666666666664,0.1796875,0.001736111111111111,0.03228759765625
2023,10,9,2023_10_9,production,1896.280029296875,65,0,0,0,2020.2373997370403,1858.30693359375,2018.9987182617188,2174.7664794921875,76.5517576345139,1,70.52083333333333,3.7694227430555562,0.16666666666666666,0.024522569444444448,0.0390625,0.14322916666666666,0.00152587890625,0.020514594184027776
2023,10,10,2023_10_10,production,2149.2998046875,66,0,0,0,1976.0780693689983,1810.888330078125,1973.4690551757812,2157.0760986328123,112.0104908802443,1,76.43489583333333,5.993659125434029,0.09635416666666667,0.009284125434027776,0.016927083333333332,0.09114583333333333,0.00028652615017361107,0.008307562934027776
2023,10,11,2023_10_11,production,2108.800048828125,69,0,0,0,2129.692571322123,1950.0458374023438,2141.9149169921875,2296.783251953125,35.62154507885376,1,70.3046875,2.9701266818576384,0.06770833333333333,0.004584418402777776,0.1640625,0.4453125,0.02691650390625,0.19830322265625
2023,10,0,2023_10_0,ridge_swap,1977.260009765625,76,0,0,0,1997.4762201309204,1826.8124389648438,1988.386962890625,2174.787158203125,33.47400558243194,1,79.125,3.606133355034723,0.203125,0.035400390625,0.0390625,0.125,0.00152587890625,0.015625
2023,10,1,2023_10_1,ridge_swap,2074.860107421875,84,1,0,0,2049.8439337412515,1865.234033203125,2052.6319580078125,2245.624267578125,36.27141499022642,1,77.2890625,4.871914333767361,0.16145833333333334,0.7119411892361112,0.07552083333333333,0.2421875,0.00570339626736111,0.05865478515625
2023,10,2,2023_10_2,ridge_swap,2034.66015625,72,0,0,0,2085.381328264872,1896.9787475585938,2088.6376953125,2257.894970703125,41.45422326938973,1,74.09895833333333,3.1122504340277777,0.07552083333333333,0.0053236219618055525,0.11197916666666667,0.3359375,0.012539333767361112,0.11285400390625
2023,10,3,2023_10_3,ridge_swap,2315.0400390625,54,0,1,1,2124.754645347595,1956.9235229492188,2127.431884765625,2290.726123046875,122.15491449584563,0,71.58072916666667,11.010586208767362,0.13541666666666666,0.017645941840277762,0.16927083333333334,0.4270833333333333,0.6901109483506944,0.32823350694444453
2023,10,4,2023_10_4,ridge_swap,1854.1199951171875,68,0,0,0,2066.8720518747964,1877.0031616210938,2071.020263671875,2236.5892822265623,141.51419077813625,0,80.83854166666667,6.978908962673612,0.4791666666666667,0.2016059027777778,0.08984375,0.2630208333333333,0.0080718994140625,0.0691799587673611
2023,10,5,2023_10_5,ridge_swap,1974.56005859375,70,0,0,0,2096.227089881897,1929.689697265625,2098.593017578125,2254.0668457031247,74.82308188660276,1,70.7890625,3.3221910264756946,0.1484375,0.018507215711805552,0.10677083333333333,0.3359375,0.011400010850694444,0.11285400390625
2023,10,6,2023_10_6,ridge_swap,2233.9599609375,68,0,0,1,2002.6179882685344,1827.8294311523437,2000.8339233398438,2194.7725830078125,156.1644957371884,0,77.55208333333333,5.640177408854168,0.08333333333333333,0.006523980034722224,0.046875,0.14583333333333334,0.002197265625,0.7296006944444444
2023,10,7,2023_10_7,ridge_swap,2309.14013671875,74,0,0,1,2060.3119468688965,1882.25576171875,2058.7275390625,2234.422900390625,176.30560416479904,0,73.94791666666667,3.088989257812499,0.0859375,0.006951226128472224,0.0703125,0.23177083333333334,0.00494384765625,0.590176052517361
2023,10,8,2023_10_8,ridge_swap,2065.18017578125,65,0,0,0,2020.0460507074993,1859.6353515625,2028.3890380859375,2168.0200439453124,33.84989229424133,1,76.29947916666667,6.628289116753471,0.0625,0.00390625,0.028645833333333332,0.140625,0.000820583767361111,0.019775390625
2023,10,9,2023_10_9,ridge_swap,1896.280029296875,65,0,0,0,2011.1120147705078,1819.1931030273438,2013.743896484375,2191.147900390625,70.1930498994059,1,70.29166666666667,3.6332736545138884,0.17447916666666666,0.02623833550347221,0.03125,0.1796875,0.0009765625,0.03228759765625
2023,10,10,2023_10_10,ridge_swap,2149.2998046875,66,0,0,0,1968.092941602071,1784.3113891601563,1968.31640625,2152.5447509765627,115.95939758337207,1,76.83854166666667,6.199991861979166,0.09635416666666667,0.009284125434027776,0.033854166666666664,0.09114583333333333,0.0011461046006944443,0.008307562934027776
2023,10,11,2023_10_11,ridge_swap,2108.800048828125,69,0,0,0,2144.1552734375,1962.9900390625,2151.0693359375,2307.5442138671874,36.49175809986062,1,70.23697916666667,3.184102376302083,0.09635416666666667,0.008795844184027776,0.19661458333333334,0.4817708333333333,0.03865729437934028,0.23210313585069442
2023,11,0,2023_11_0,production,2239.699951171875,84,1,0,0,2110.7323236465454,1938.0783447265626,2105.32177734375,2295.323046875,78.57298287169802,1,70.50260416666667,8.294928656684029,0.12760416666666666,0.7748277452256944,0.13020833333333334,0.3411458333333333,0.016954210069444448,0.11638047960069443
2023,11,1,2023_11_1,production,2295.7001953125,62,0,1,1,2124.035411198934,1939.4744873046875,2128.611572265625,2290.4791259765625,103.84896780716048,0,73.50520833333333,6.775254991319445,0.14322916666666666,0.018398708767361105,0.16145833333333334,0.4140625,0.703152126736111,0.34332275390625
2023,11,2,2023_11_2,production,1994.1800537109375,76,0,0,0,2100.825308163961,1917.872900390625,2104.1036376953125,2275.7950927734373,65.04890052560305,1,74.1015625,3.343404134114584,0.15885416666666666,0.022874620225694448,0.11979166666666667,0.3333333333333333,0.01435004340277778,0.1111111111111111
2023,11,3,2023_11_3,production,2011.8599853515625,58,0,0,0,2101.262988726298,1910.0641845703126,2097.9407958984375,2287.4433837890624,53.9183685456713,1,72.8125,8.597086588541668,0.11979166666666667,0.013156467013888895,0.140625,0.3463541666666667,0.019775390625,0.11996120876736112
2023,11,4,2023_11_4,production,1885.56005859375,79,0,0,0,2086.7361783981323,1919.5711669921875,2085.967041015625,2266.2685058593747,134.6031408202317,0,75.5859375,3.619649251302083,0.16145833333333334,0.022881401909722238,0.08854166666666667,0.2916666666666667,0.007839626736111112,0.08506944444444446
2023,11,5,2023_11_5,production,2138.800048828125,73,0,0,0,1998.3312660853069,1818.1036499023437,2001.125244140625,2162.5495361328126,83.38811744004487,1,82.44010416666667,5.820007324218749,0.390625,0.1170654296875,0.018229166666666668,0.10677083333333333,0.0003323025173611112,0.011400010850694444
2023,11,6,2023_11_6,production,2295.080078125,78,0,0,1,2015.5451412200928,1840.7088134765625,2020.759521484375,2191.424365234375,204.51704189181328,0,78.3046875,3.182474772135417,0.12239583333333333,0.013190375434027776,0.03125,0.140625,0.0009765625,0.738525390625
2023,11,7,2023_11_7,production,2203.179931640625,51,0,0,0,2020.3175926208496,1839.1433715820312,2018.6449584960938,2198.946533203125,114.71841237280103,0,73.27083333333333,15.291544596354168,0.041666666666666664,0.0017361111111111119,0.033854166666666664,0.15885416666666666,0.0011461046006944443,0.02523464626736111
2023,11,8,2023_11_8,production,1854.699951171875,86,0,0,0,2017.6066789627075,1855.7382446289062,2013.2599487304688,2195.8861083984375,98.85518508901198,0,72.59895833333333,8.555826822916668,0.1484375,0.019809299045138895,0.036458333333333336,0.14583333333333334,0.0013292100694444447,0.021267361111111115
2023,11,9,2023_11_9,production,1969.4200439453125,85,0,0,0,2063.072026570638,1885.9301025390625,2069.761962890625,2236.0823974609375,59.88917183048194,1,77.26822916666667,5.140875922309029,0.109375,0.009901258680555552,0.0703125,0.25,0.00494384765625,0.0625
2023,11,10,2023_11_10,production,2164.47998046875,65,0,0,0,2031.8553330103557,1855.512841796875,2030.5391235351562,2202.8436767578123,78.17592582189376,1,79.23697916666667,8.546366373697918,0.13541666666666666,0.017645941840277762,0.046875,0.15885416666666666,0.002197265625,0.02523464626736111
2023,11,11,2023_11_11,production,2251.9599609375,44,0,0,1,2085.9420760472617,1909.3145263671875,2087.89599609375,2259.97333984375,99.8248040402929,1,71.07552083333333,19.50619167751736,0.11458333333333333,0.012546115451388881,0.12239583333333333,0.3125,0.01498074001736111,0.47265625
2023,11,0,2023_11_0,ridge_swap,2239.699951171875,84,1,0,0,2112.1357192993164,1921.8221313476563,2114.1357421875,2294.7391357421875,74.48155406283007,1,70.75260416666667,8.27457004123264,0.1484375,0.73858642578125,0.16927083333333334,0.3776041666666667,0.028652615017361115,0.1425849066840278
2023,11,1,2023_11_1,ridge_swap,2295.7001953125,62,0,1,1,2119.348177909851,1949.096484375,2120.76123046875,2298.203955078125,111.50637776570187,1,74.20052083333333,6.769673665364583,0.15104166666666666,0.02129448784722221,0.13802083333333334,0.3828125,0.743008083767361,0.38092041015625
2023,11,2,2023_11_2,ridge_swap,1994.1800537109375,76,0,0,0,2094.4612658818564,1905.6728271484376,2095.3336181640625,2247.1697509765627,62.77567173788944,1,74.20572916666667,3.401062011718751,0.14583333333333334,0.01911078559027779,0.1015625,0.3203125,0.01031494140625,0.10260009765625
2023,11,3,2023_11_3,ridge_swap,2011.8599853515625,58,0,0,0,2099.1336393356323,1922.1783203125,2104.09375,2288.3214111328125,53.52981668959062,1,72.734375,8.60202365451389,0.1171875,0.013136121961805552,0.11458333333333333,0.3046875,0.013129340277777776,0.09283447265625
2023,11,4,2023_11_4,ridge_swap,1885.56005859375,79,0,0,0,2086.9827019373574,1906.289501953125,2088.4232177734375,2261.0861328125,132.94526300082606,0,75.109375,3.721679687500001,0.17447916666666666,0.027025010850694448,0.09635416666666667,0.3020833333333333,0.009284125434027778,0.09125434027777776
2023,11,5,2023_11_5,ridge_swap,2138.800048828125,73,0,0,0,2004.2836243311565,1825.624560546875,2004.04931640625,2192.675634765625,81.41784308271275,1,82.21354166666667,5.3421630859375,0.3541666666666667,0.10358344184027779,0.049479166666666664,0.13020833333333334,0.0024481879340277775,0.016954210069444448
2023,11,6,2023_11_6,ridge_swap,2295.080078125,78,0,0,1,2021.8556305567424,1841.073193359375,2023.4979248046875,2198.2729248046876,196.94343650258253,0,76.83333333333333,3.3956570095486107,0.08854166666666667,0.007392035590277776,0.055989583333333336,0.16666666666666666,0.003134833441840278,0.6944444444444445
2023,11,7,2023_11_7,ridge_swap,2203.179931640625,51,0,0,0,2021.9037421544392,1848.4599365234376,2028.50634765625,2193.6857666015626,116.39887700064315,0,73.33854166666667,15.446818033854168,0.06510416666666667,0.004238552517361119,0.0546875,0.13541666666666666,0.00299072265625,0.01833767361111111
2023,11,8,2023_11_8,ridge_swap,1854.699951171875,86,0,0,0,2027.1249494552612,1855.1024169921875,2022.4298095703125,2211.70009765625,110.41493297699427,0,72.05208333333333,8.815714518229168,0.14583333333333334,0.019083658854166685,0.037760416666666664,0.17708333333333334,0.0014258490668402775,0.03135850694444445
2023,11,9,2023_11_9,ridge_swap,1969.4200439453125,85,0,0,0,2057.323563893636,1876.2421997070312,2070.196044921875,2226.91484375,58.422269953621765,1,77.8203125,4.704488118489584,0.13020833333333334,0.015041775173611119,0.041666666666666664,0.23958333333333334,0.001736111111111111,0.05740017361111112
2023,11,10,2023_11_10,ridge_swap,2164.47998046875,65,0,0,0,2021.33727200826,1845.23740234375,2028.4325561523438,2205.4748779296874,86.35743739373154,1,79.29166666666667,8.621378580729168,0.12239583333333333,0.014980740017361105,0.041666666666666664,0.1640625,0.001736111111111111,0.02691650390625
2023,11,11,2023_11_11,ridge_swap,2251.9599609375,44,0,0,1,2086.842967351278,1934.0556884765624,2077.712158203125,2256.157080078125,104.42710435721608,1,70.88020833333333,19.949449327256946,0.07291666666666667,0.004950629340277776,0.09895833333333333,0.2994791666666667,0.00979275173611111,0.4907294379340277
2024,0,0,2024_0_0,production,1804.3599853515625,81,0,0,0,2135.0019470850625,1955.597314453125,2131.1529541015625,2303.0531005859375,254.7232455619507,0,73.70052083333333,5.085862901475695,0.24479166666666666,0.0494384765625,0.09635416666666667,0.3072916666666667,0.009284125434027778,0.09442816840277779
2024,0,1,2024_0_1,production,1952.14013671875,70,0,0,0,2113.3155082066855,1921.9892211914062,2118.8748779296875,2295.735986328125,101.20593382666509,1,76.19791666666667,4.151163736979168,0.11979166666666667,0.013156467013888895,0.08854166666666667,0.28125,0.007839626736111112,0.0791015625
2024,0,2,2024_0_2,production,2356.68017578125,72,0,1,1,2131.6621764500937,1942.1312622070313,2142.5445556640625,2305.1074951171877,149.38569587220746,0,76.296875,3.529486762152777,0.25,0.0587158203125,0.10416666666666667,0.3203125,0.8025173611111112,0.46197509765625
2024,0,3,2024_0_3,production,2080.320068359375,86,0,0,0,2067.2170136769614,1887.8294921875,2066.1080322265625,2240.6029296875,34.541115750869125,1,83.390625,3.5070665147569446,0.4401041666666667,0.15864393446180558,0.0390625,0.16927083333333334,0.00152587890625,0.028652615017361115
2024,0,4,2024_0_4,production,2141.6201171875,68,0,0,0,2155.5642766952515,1969.623974609375,2146.471435546875,2365.812109375,35.10723709977336,1,73.3984375,3.7938978407118054,0.059895833333333336,0.0035875108506944475,0.1640625,0.3567708333333333,0.02691650390625,0.1272854275173611
2024,0,5,2024_0_5,production,2255.7998046875,61,0,0,0,2127.8589296340942,1961.91171875,2124.5054931640625,2302.1279296875,74.24045833531352,1,77.14322916666667,9.481330023871529,0.23697916666666666,0.046040852864583315,0.09895833333333333,0.2916666666666667,0.00979275173611111,0.08506944444444446
2024,0,6,2024_0_6,production,2305.02001953125,69,0,0,1,2097.634506225586,1912.3127685546874,2098.9891357421875,2272.7511474609373,136.2685434371233,0,78.5234375,5.616312662760416,0.13020833333333334,0.01565212673611112,0.07291666666666667,0.21614583333333334,0.005316840277777779,0.6144273546006944
2024,0,7,2024_0_7,production,2019.02001953125,81,0,0,0,2111.074648221334,1915.2115600585937,2118.017822265625,2298.100439453125,58.24434150341486,1,76.08072916666667,4.261332194010416,0.044270833333333336,0.0017428927951388881,0.09895833333333333,0.265625,0.00979275173611111,0.070556640625
2024,0,8,2024_0_8,production,2114.0,76,0,0,0,2068.877216974894,1894.6353637695313,2066.114013671875,2243.6478759765623,38.60571299493313,1,77.26041666666667,3.0452880859375,0.16145833333333334,0.023668077256944448,0.059895833333333336,0.16927083333333334,0.003587510850694445,0.028652615017361115
2024,0,9,2024_0_9,production,2142.56005859375,83,0,0,0,2072.260952313741,1893.7204711914062,2072.784423828125,2260.9632080078127,48.825653999216016,1,75.90364583333333,4.617926703559029,0.11197916666666667,0.010911729600694448,0.059895833333333336,0.23697916666666666,0.003587510850694445,0.056159125434027776
2024,0,10,2024_0_10,production,2174.56005859375,78,0,0,0,2093.374363899231,1919.2894653320313,2093.8154296875,2271.400439453125,50.20725913759735,1,73.03385416666667,4.147345648871528,0.12760416666666666,0.015631781684027762,0.06510416666666667,0.20052083333333334,0.004238552517361112,0.04020860460069445
2024,0,11,2024_0_11,production,2258.719970703125,62,0,0,1,2090.3442379633584,1920.4474975585938,2093.751220703125,2265.6354248046873,107.2847687659992,1,73.83333333333333,6.824598524305555,0.1875,0.0323486328125,0.052083333333333336,0.18489583333333334,0.0027126736111111114,0.664394802517361
2024,0,0,2024_0_0,ridge_swap,1804.3599853515625,81,0,0,0,2132.7646420796714,1940.2173583984375,2128.147216796875,2320.8,247.42518548336292,0,73.74479166666667,4.950764973958333,0.23697916666666666,0.05032687717013887,0.12760416666666666,0.3125,0.01628282335069444,0.09765625
2024,0,1,2024_0_1,ridge_swap,1952.14013671875,70,0,0,0,2114.5493548711142,1943.9142211914063,2108.0643310546875,2298.4249267578125,97.8733693568243,1,75.93229166666667,4.116495768229166,0.125,0.014377170138888895,0.08854166666666667,0.2786458333333333,0.007839626736111112,0.07764350043402776
2024,0,2,2024_0_2,ridge_swap,2356.68017578125,72,0,1,1,2132.3548142115274,1926.8134155273438,2147.397216796875,2299.553564453125,146.6253281707565,0,78.3828125,4.342698838975695,0.3098958333333333,0.08540174696180552,0.09635416666666667,0.3229166666666667,0.8165757921006945,0.4584418402777777
2024,0,3,2024_0_3,ridge_swap,2080.320068359375,86,0,0,0,2058.73451423645,1872.5564453125,2071.0911865234375,2222.396044921875,31.79455952346325,1,83.86197916666667,3.203755696614584,0.421875,0.16126844618055558,0.03125,0.14583333333333334,0.0009765625,0.021267361111111115
2024,0,4,2024_0_4,ridge_swap,2141.6201171875,68,0,0,0,2144.4362007776895,1950.3610717773438,2147.765380859375,2331.1423095703126,33.95373082574871,1,73.94791666666667,3.7222764756944446,0.059895833333333336,0.0035875108506944475,0.14583333333333334,0.3515625,0.021267361111111115,0.12359619140625
2024,0,5,2024_0_5,ridge_swap,2255.7998046875,61,0,0,0,2128.645139058431,1932.0892333984375,2148.1014404296875,2303.6154296875,70.66768746740289,1,75.86197916666667,8.827996148003471,0.15885416666666666,0.022142198350694448,0.1171875,0.3359375,0.01373291015625,0.11285400390625
2024,0,6,2024_0_6,ridge_swap,2305.02001953125,69,0,0,1,2089.3765665690103,1917.3038208007813,2087.5074462890625,2270.994970703125,145.19424061642752,0,79.59635416666667,6.233947753906249,0.125,0.014377170138888895,0.0703125,0.18489583333333334,0.00494384765625,0.664394802517361
2024,0,7,2024_0_7,ridge_swap,2019.02001953125,81,0,0,0,2117.728580792745,1938.599365234375,2127.73291015625,2283.4676025390627,61.922814404798885,1,75.5859375,4.396043565538195,0.0546875,0.00299072265625,0.08333333333333333,0.2630208333333333,0.006944444444444444,0.0691799587673611
2024,0,8,2024_0_8,ridge_swap,2114.0,76,0,0,0,2069.5689086914062,1913.0867919921875,2060.793212890625,2247.7980712890626,39.13431878884633,1,76.78125,3.1391330295138893,0.16145833333333334,0.024427625868055552,0.046875,0.15104166666666666,0.002197265625,0.02281358506944444
2024,0,9,2024_0_9,ridge_swap,2142.56005859375,83,0,0,0,2076.4104747772217,1890.1114501953125,2074.06689453125,2261.9878173828124,45.2261152598593,1,74.70052083333333,5.223734537760417,0.09635416666666667,0.008795844184027776,0.046875,0.18489583333333334,0.002197265625,0.03418646918402778
2024,0,10,2024_0_10,ridge_swap,2174.56005859375,78,0,0,0,2093.3507747650146,1922.4781616210937,2089.42578125,2269.266357421875,50.58508802288108,1,73.015625,3.6996120876736107,0.14583333333333334,0.01911078559027779,0.06510416666666667,0.203125,0.004238552517361112,0.041259765625
2024,0,11,2024_0_11,ridge_swap,2258.719970703125,62,0,0,1,2107.722651163737,1912.6711303710938,2114.723388671875,2281.69765625,90.40640159447987,1,72.86458333333333,6.227511935763889,0.17708333333333334,0.029568142361111133,0.08072916666666667,0.265625,0.006517198350694445,0.539306640625
2024,1,0,2024_1_0,production,1707.840087890625,90,0,0,0,2121.1181338628135,1926.9544921875,2129.4176025390625,2295.3697021484377,334.3930021797617,0,74.51302083333333,10.124667697482638,0.08072916666666667,0.006110297309027776,0.09114583333333333,0.2864583333333333,0.008307562934027776,0.0820583767361111
2024,1,1,2024_1_1,production,1949.10009765625,66,0,0,0,2176.7926054000854,1996.7447875976563,2181.4530029296875,2343.767333984375,156.46199543360206,0,68.63020833333333,2.995808919270833,0.09895833333333333,0.008368598090277776,0.1875,0.4739583333333333,0.03515625,0.2246365017361111
2024,1,2,2024_1_2,production,2175.800048828125,75,0,0,0,2128.2587966918945,1937.9579956054688,2138.2532958984375,2306.473974609375,38.210870458020096,1,74.67447916666667,3.2416924370659723,0.1171875,0.013136121961805552,0.10416666666666667,0.3385416666666667,0.010850694444444446,0.11461046006944446
2024,1,3,2024_1_3,production,2189.85986328125,63,0,0,1,2085.5932626724243,1914.9701171875,2082.035400390625,2266.5030517578125,61.022399477660656,1,72.81510416666667,5.403516981336805,0.11197916666666667,0.011969672309027776,0.09114583333333333,0.2109375,0.008307562934027776,0.62261962890625
2024,1,4,2024_1_4,production,2157.260009765625,65,0,0,0,2087.632751146952,1893.8990234375,2081.8868408203125,2270.4786865234373,47.1397222255667,1,77.70572916666667,7.060390896267361,0.18489583333333334,0.03141954210069445,0.0703125,0.22135416666666666,0.00494384765625,0.04899766710069444
2024,1,5,2024_1_5,production,2176.7001953125,81,0,0,1,2077.9920247395835,1893.6254638671876,2082.3568115234375,2269.709912109375,57.65126795238919,1,76.90625,4.155571831597221,0.1796875,0.028720431857638895,0.057291666666666664,0.20833333333333334,0.003282335069444444,0.626736111111111
2024,1,6,2024_1_6,production,2481.080078125,65,0,1,1,2117.7618538538613,1948.1476928710938,2106.9744873046875,2295.0290039062497,287.14949110067556,0,77.16145833333333,6.872409396701389,0.10416666666666667,0.010850694444444448,0.08854166666666667,0.2864583333333333,0.8307562934027778,0.5091417100694445
2024,1,7,2024_1_7,production,2133.919921875,81,0,0,0,2099.3475592931113,1918.9547363281251,2108.153564453125,2254.376953125,32.4536287776298,1,77.15364583333333,3.812642415364583,0.3697916666666667,0.11055501302083337,0.06770833333333333,0.234375,0.004584418402777777,0.054931640625
2024,1,8,2024_1_8,production,2091.64013671875,68,0,0,0,2041.8600746790569,1858.1821655273438,2043.7796630859375,2222.1207275390625,39.63867271029288,1,75.953125,4.833740234375,0.15885416666666666,0.024420844184027762,0.049479166666666664,0.1171875,0.0024481879340277775,0.01373291015625
2024,1,9,2024_1_9,production,2107.780029296875,85,0,0,0,2021.743018468221,1838.14814453125,2024.288818359375,2201.206103515625,51.540052965283394,1,87.94010416666667,3.390645345052083,0.5104166666666666,0.19601779513888884,0.0234375,0.109375,0.00054931640625,0.011962890625
2024,1,10,2024_1_10,production,2148.739990234375,54,0,0,0,2032.4751043319702,1847.45380859375,2032.9588623046875,2221.5498291015624,69.10437995278174,1,80.96354166666667,19.54189724392361,0.3958333333333333,0.15059407552083331,0.03125,0.13541666666666666,0.0009765625,0.01833767361111111
2024,1,11,2024_1_11,production,2079.239990234375,88,0,0,0,2151.666828473409,1971.4810913085937,2156.6197509765625,2348.174267578125,47.78834706296523,1,74.33854166666667,8.678670247395832,0.07291666666666667,0.005316840277777776,0.13802083333333334,0.3776041666666667,0.01904975043402778,0.1425849066840278
2024,1,0,2024_1_0,ridge_swap,1707.840087890625,90,0,0,0,2114.4986346562705,1925.086962890625,2119.5546875,2301.721875,324.539628824426,0,74.79166666666667,9.691026475694446,0.08072916666666667,0.005730523003472224,0.09635416666666667,0.3098958333333333,0.009284125434027778,0.0960354275173611
2024,1,1,2024_1_1,ridge_swap,1949.10009765625,66,0,0,0,2178.0311543146768,2008.1585815429687,2179.9541015625,2351.34892578125,156.6415886092517,0,68.61979166666667,3.2083875868055562,0.08333333333333333,0.005764431423611105,0.19661458333333334,0.4479166666666667,0.03865729437934028,0.2006293402777778
2024,1,2,2024_1_2,ridge_swap,2175.800048828125,75,0,0,0,2124.68686803182,1939.9261962890625,2131.871826171875,2300.94814453125,38.84911596443918,1,75.74739583333333,3.0696682400173607,0.12239583333333333,0.014356825086805552,0.09375,0.296875,0.0087890625,0.088134765625
2024,1,3,2024_1_3,ridge_swap,2189.85986328125,63,0,0,1,2086.0582717259726,1899.8919677734375,2085.9903564453125,2260.9015625,59.81060339593226,1,73.10677083333333,5.712504069010416,0.11979166666666667,0.013156467013888895,0.0703125,0.2265625,0.00494384765625,0.59820556640625
2024,1,4,2024_1_4,ridge_swap,2157.260009765625,65,0,0,0,2088.789575576782,1929.1011962890625,2092.5345458984375,2257.466796875,44.938640117645264,1,78.13541666666667,7.456000434027779,0.20052083333333334,0.03532579210069445,0.05859375,0.19010416666666666,0.0034332275390625,0.036139594184027776
2024,1,5,2024_1_5,ridge_swap,2176.7001953125,81,0,0,1,2078.9939460754395,1897.8115478515624,2075.303466796875,2266.2351318359374,60.27625682122178,1,77.28385416666667,3.656921386718749,0.17447916666666666,0.027838812934027762,0.041666666666666664,0.20052083333333334,0.001736111111111111,0.6391669379340277
2024,1,6,2024_1_6,ridge_swap,2481.080078125,65,0,1,1,2111.898390452067,1929.7719116210938,2115.4722900390625,2286.721728515625,287.748872851332,0,76.34635416666667,6.623650444878473,0.08333333333333333,0.006523980034722224,0.078125,0.2786458333333333,0.849853515625,0.5203518337673613
2024,1,7,2024_1_7,ridge_swap,2133.919921875,81,0,0,0,2105.7703784306846,1924.6754760742188,2103.0157470703125,2274.1800537109375,34.345203302800655,1,76.79427083333333,3.9321356879340286,0.3802083333333333,0.11771647135416663,0.09375,0.2890625,0.0087890625,0.08355712890625
2024,1,8,2024_1_8,ridge_swap,2091.64013671875,68,0,0,0,2045.0745102564495,1872.705517578125,2036.2041625976562,2226.523095703125,39.364308296806286,1,75.40104166666667,4.545138888888889,0.15885416666666666,0.023634168836805552,0.041666666666666664,0.13020833333333334,0.001736111111111111,0.016954210069444448
2024,1,9,2024_1_9,ridge_swap,2107.780029296875,85,0,0,0,2033.8062559763591,1862.5888427734376,2030.7466430664062,2213.462255859375,49.56941926810477,1,86.71354166666667,3.0908881293402786,0.4505208333333333,0.1558770073784722,0.026041666666666668,0.109375,0.0006781684027777779,0.011962890625
2024,1,10,2024_1_10,ridge_swap,2148.739990234375,54,0,0,0,2036.1614850362141,1848.94072265625,2029.8143920898438,2218.3143798828123,68.71428882082304,1,80.05208333333333,19.03976779513889,0.3802083333333333,0.14259168836805552,0.049479166666666664,0.140625,0.0024481879340277775,0.019775390625
2024,1,11,2024_1_11,ridge_swap,2079.239990234375,88,0,0,0,2144.3145866394043,1966.8335083007812,2137.8505859375,2343.9204345703124,43.86288008093834,1,75.1796875,8.017829047309029,0.07552083333333333,0.0053236219618055525,0.15364583333333334,0.3802083333333333,0.023607042100694448,0.1445583767361111
2024,2,0,2024_2_0,production,2168.659912109375,70,0,0,0,2132.9538513819375,1964.1822631835937,2118.21337890625,2318.0274658203125,38.62317619472742,1,75.3828125,3.8761461046006938,0.12760416666666666,0.015631781684027762,0.1328125,0.3307291666666667,0.01763916015625,0.10938178168402779
2024,2,1,2024_2_1,production,1919.8199462890625,94,0,0,0,2046.7242453893025,1888.9234497070313,2047.5716552734375,2221.8852783203124,76.10535030646457,1,79.22135416666667,9.429680718315973,0.09635416666666667,0.008795844184027776,0.033854166666666664,0.13802083333333334,0.0011461046006944443,0.01904975043402778
2024,2,2,2024_2_2,production,2025.89990234375,82,0,0,0,2083.3242514928183,1918.42685546875,2086.1925048828125,2248.131005859375,41.647295830150455,1,80.7109375,3.326639811197917,0.19270833333333334,0.03614637586805555,0.06770833333333333,0.1953125,0.004584418402777777,0.03814697265625
2024,2,3,2024_2_3,production,2307.02001953125,54,0,0,1,2080.2392584482827,1900.42392578125,2079.504638671875,2245.74365234375,157.61816819012165,0,73.828125,13.069864908854168,0.15104166666666666,0.019883897569444448,0.0546875,0.22135416666666666,0.00299072265625,0.6062893337673612
2024,2,4,2024_2_4,production,2508.419921875,66,0,1,1,2094.626054128011,1900.9269653320312,2096.73046875,2277.798828125,333.53267556097774,0,80.58854166666667,8.52392578125,0.2552083333333333,0.057644314236111105,0.07291666666666667,0.2604166666666667,0.8594835069444445,0.5469835069444443
2024,2,5,2024_2_5,production,1916.840087890625,73,0,0,0,2139.188866297404,1966.0095458984374,2139.038818359375,2303.791650390625,151.76489354173344,0,74.24739583333333,3.064880371093749,0.13541666666666666,0.017645941840277762,0.1171875,0.3567708333333333,0.01373291015625,0.1272854275173611
2024,2,6,2024_2_6,production,2167.85986328125,63,0,0,0,2088.0441509882608,1907.4967041015625,2092.307373046875,2271.719677734375,48.9312078828613,1,74.93489583333333,6.810662163628472,0.13802083333333334,0.017015245225694448,0.09114583333333333,0.2265625,0.008307562934027776,0.05133056640625
2024,2,7,2024_2_7,production,2221.239990234375,84,0,0,1,2103.6817363103232,1930.7575439453126,2100.473388671875,2277.7864990234375,68.68482119258908,1,76.46614583333333,4.886400010850695,0.078125,0.005343967013888895,0.09375,0.296875,0.0087890625,0.494384765625
2024,2,8,2024_2_8,production,1767.5,83,0,0,0,2079.1390132904053,1895.6512939453125,2091.4351806640625,2246.6937988281247,234.23822034398717,0,73.84375,6.0463595920138875,0.125,0.014377170138888895,0.07291666666666667,0.21875,0.005316840277777779,0.0478515625
2024,2,9,2024_2_9,production,1917.820068359375,72,0,0,0,2083.6531721750894,1911.6122680664062,2080.57568359375,2248.0191650390625,101.1944946365224,1,82.42708333333333,6.174262152777777,0.5182291666666666,0.20489501953124994,0.06510416666666667,0.24479166666666666,0.004238552517361112,0.05992296006944444
2024,2,10,2024_2_10,production,2218.840087890625,90,0,0,0,2157.929760615031,1984.2670288085938,2162.51220703125,2323.5212890625,40.24827565583918,1,73.22135416666667,10.779073079427082,0.19010416666666666,0.03239610460069445,0.16927083333333334,0.3984375,0.028652615017361115,0.15875244140625
2024,2,11,2024_2_11,production,2043.260009765625,50,0,0,0,2022.0809628168743,1849.2382446289062,2024.6152954101562,2207.4491699218747,33.753389844463925,1,75.890625,18.37826877170139,0.10416666666666667,0.009819878472222224,0.028645833333333332,0.11197916666666667,0.000820583767361111,0.012539333767361112
2024,2,0,2024_2_0,ridge_swap,2168.659912109375,70,0,0,0,2133.123472213745,1931.1973999023437,2128.1263427734375,2310.812109375,38.26858704619937,1,74.23697916666667,3.5971611870659723,0.09375,0.007866753472222224,0.125,0.3541666666666667,0.015625,0.1254340277777778
2024,2,1,2024_2_1,ridge_swap,1919.8199462890625,94,0,0,0,2052.5365756352744,1872.4453979492187,2050.413818359375,2241.1486328125,78.6043592153324,1,78.1953125,10.174675835503471,0.11458333333333333,0.010959201388888881,0.0390625,0.16666666666666666,0.00152587890625,0.027777777777777776
2024,2,2,2024_2_2,ridge_swap,2025.89990234375,82,0,0,0,2091.629733721415,1899.624951171875,2094.1719970703125,2275.533447265625,47.38969481405286,1,79.84114583333333,3.6653578016493054,0.19010416666666666,0.030619303385416657,0.06770833333333333,0.234375,0.004584418402777777,0.054931640625
2024,2,3,2024_2_3,ridge_swap,2307.02001953125,54,0,0,1,2070.029506047567,1899.4704223632814,2065.0482177734375,2244.314526367187,167.39270744555526,0,75.40885416666667,14.66351318359375,0.1640625,0.02221001519097221,0.057291666666666664,0.1640625,0.003282335069444444,0.69879150390625
2024,2,4,2024_2_4,ridge_swap,2508.419921875,66,0,1,1,2081.2614170710244,1906.8358154296875,2080.7335205078125,2261.7658203125,350.13611351533063,0,81.38802083333333,9.662061903211807,0.2942708333333333,0.07390001085069442,0.052083333333333336,0.19791666666666666,0.8985460069444444,0.6433376736111112
2024,2,5,2024_2_5,ridge_swap,1916.840087890625,73,0,0,0,2142.6290295918784,1961.5459350585938,2141.387451171875,2323.1494140625,153.64326210651132,0,74.953125,2.8956976996527786,0.10416666666666667,0.010321723090277776,0.1484375,0.3515625,0.02203369140625,0.12359619140625
2024,2,6,2024_2_6,ridge_swap,2167.85986328125,63,0,0,0,2091.976972579956,1906.3674560546874,2093.797607421875,2279.5232421875,50.274118787712524,1,74.453125,6.624037000868055,0.125,0.014987521701388895,0.078125,0.2552083333333333,0.006103515625,0.06513129340277776
2024,2,7,2024_2_7,ridge_swap,2221.239990234375,84,0,0,1,2102.9353774388633,1928.4082275390624,2103.313232421875,2289.64296875,72.42092776712445,1,76.5390625,5.005961100260416,0.11458333333333333,0.012546115451388881,0.09635416666666667,0.25,0.009284125434027778,0.5625
2024,2,8,2024_2_8,ridge_swap,1767.5,83,0,0,0,2085.808035850525,1904.93095703125,2089.025146484375,2271.7303955078123,236.90297284970683,0,73.40885416666667,6.032843695746528,0.140625,0.018364800347222224,0.078125,0.22916666666666666,0.006103515625,0.052517361111111105
2024,2,9,2024_2_9,ridge_swap,1917.820068359375,72,0,0,0,2081.8953606287637,1889.2318359375,2084.3800048828125,2283.022802734375,98.49496339178748,1,82.45052083333333,6.083760579427084,0.4635416666666667,0.17557779947916669,0.059895833333333336,0.2421875,0.003587510850694445,0.05865478515625
2024,2,10,2024_2_10,ridge_swap,2218.840087890625,90,0,0,0,2160.314143180847,1979.5245727539063,2161.5838623046875,2345.6593994140626,42.99918124493625,1,73.26302083333333,11.155782063802086,0.18489583333333334,0.030551486545138895,0.16666666666666666,0.4322916666666667,0.027777777777777776,0.18687608506944445
2024,2,11,2024_2_11,ridge_swap,2043.260009765625,50,0,0,0,2022.0358339945476,1827.06142578125,2023.866455078125,2221.229296875,35.48389398223823,1,75.44010416666667,18.19305419921875,0.078125,0.006103515625,0.03125,0.12239583333333333,0.0009765625,0.01498074001736111
2024,3,0,2024_3_0,production,1952.10009765625,65,0,0,0,2119.5309851964316,1934.9379638671876,2117.245849609375,2304.966064453125,103.13406502621042,1,80.8203125,9.895148383246529,0.5,0.20943196614583331,0.12239583333333333,0.3046875,0.01498074001736111,0.09283447265625
2024,3,1,2024_3_1,production,2159.60009765625,82,0,0,0,2164.4995905558267,1998.3609130859375,2158.0009765625,2350.2836181640623,32.76451973617077,1,75.734375,4.305636935763889,0.11458333333333333,0.011990017361111105,0.21354166666666666,0.4244791666666667,0.045600043402777776,0.1801825629340278
2024,3,2,2024_3_2,production,2111.800048828125,59,0,0,0,2095.9630193710327,1896.1930908203126,2104.6627197265625,2277.98271484375,37.10959140045776,1,69.9921875,6.099331325954861,0.14583333333333334,0.019802517361111133,0.08333333333333333,0.2864583333333333,0.006944444444444444,0.0820583767361111
2024,3,3,2024_3_3,production,2099.419921875,73,0,0,0,2113.5053119659424,1936.212158203125,2113.568115234375,2299.645703125,33.65748094353411,1,76.26822916666667,3.5814548068576393,0.09635416666666667,0.008795844184027776,0.11197916666666667,0.2942708333333333,0.012539333767361112,0.08659532335069443
2024,3,4,2024_3_4,production,2279.52001953125,72,0,0,1,2086.9368209838867,1892.1632202148437,2087.272705078125,2274.4572509765626,121.84660766190953,0,74.61458333333333,3.064453125000001,0.1328125,0.016309950086805552,0.06510416666666667,0.2109375,0.004238552517361112,0.62261962890625
2024,3,5,2024_3_5,production,2404.93994140625,72,0,1,1,2067.9376430511475,1884.7914184570313,2066.799560546875,2243.7726318359373,257.1066753615936,0,76.27083333333333,3.2706570095486116,0.11979166666666667,0.013739691840277776,0.052083333333333336,0.2109375,0.8985460069444444,0.62261962890625
2024,3,6,2024_3_6,production,2275.0400390625,74,0,0,0,2084.9944032033286,1902.5397705078126,2094.3779296875,2258.68876953125,121.18690491219363,0,78.859375,3.838094075520833,0.1953125,0.03339979383680555,0.07291666666666667,0.24479166666666666,0.005316840277777779,0.05992296006944444
2024,3,7,2024_3_7,production,1919.5,77,0,0,0,2072.197099049886,1882.1203125,2088.3997802734375,2234.026440429687,95.28304456008806,1,74.66145833333333,3.6075575086805554,0.17708333333333334,0.0262451171875,0.052083333333333336,0.18229166666666666,0.0027126736111111114,0.033230251736111105
2024,3,8,2024_3_8,production,2341.18017578125,75,0,0,1,2059.495867729187,1892.723681640625,2060.9930419921875,2227.0722167968747,209.43442610485687,0,85.3125,6.239705403645833,0.625,0.2643771701388889,0.028645833333333332,0.1796875,0.000820583767361111,0.67291259765625
2024,3,9,2024_3_9,production,1723.280029296875,72,0,0,0,2037.6954361597698,1867.9911865234376,2038.0067138671875,2219.122119140625,237.6720814895299,0,78.49479166666667,4.2098388671875,0.13802083333333334,0.016391330295138895,0.0390625,0.1484375,0.00152587890625,0.02203369140625
2024,3,10,2024_3_10,production,2133.1201171875,84,0,0,0,2126.468567530314,1960.860546875,2115.85302734375,2297.9473876953125,33.512427527043556,1,75.6875,5.163547092013888,0.12239583333333333,0.014980740017361105,0.11197916666666667,0.3489583333333333,0.012539333767361112,0.12177191840277776
2024,3,11,2024_3_11,production,1780.260009765625,76,0,0,0,2057.8408422470093,1883.2265014648438,2064.2996826171875,2239.6346435546875,203.7023331415322,0,73.91666666666667,3.4279513888888884,0.06510416666666667,0.003913031684027783,0.046875,0.1640625,0.002197265625,0.02691650390625
2024,3,0,2024_3_0,ridge_swap,1952.10009765625,65,0,0,0,2120.3900607426963,1945.0504028320313,2120.0865478515625,2302.19765625,102.72533926119408,1,81.42447916666667,10.29781765407986,0.5260416666666666,0.20212131076388884,0.11458333333333333,0.3229166666666667,0.013129340277777776,0.10427517361111112
2024,3,1,2024_3_1,ridge_swap,2159.60009765625,82,0,0,0,2153.5928014119468,1963.4359130859375,2151.7872314453125,2333.6400146484375,34.575661591357644,1,76.65364583333333,3.965691460503473,0.1328125,0.01397705078125,0.1640625,0.4140625,0.02691650390625,0.17144775390625
2024,3,2,2024_3_2,ridge_swap,2111.800048828125,59,0,0,0,2092.1142406463623,1894.1819091796876,2095.17919921875,2277.5890625,36.79766592548954,1,70.5390625,6.525410970052083,0.12760416666666666,0.016282823350694434,0.08333333333333333,0.2604166666666667,0.006944444444444444,0.06781684027777779
2024,3,3,2024_3_3,ridge_swap,2099.419921875,73,0,0,0,2116.017236073812,1926.7892578125,2125.9619140625,2296.66044921875,37.080550392468766,1,76.43489583333333,3.473409016927083,0.09895833333333333,0.008816189236111105,0.10677083333333333,0.3229166666666667,0.011400010850694444,0.10427517361111112
2024,3,4,2024_3_4,ridge_swap,2279.52001953125,72,0,0,1,2090.221300760905,1922.2795654296874,2084.035888671875,2256.2901611328125,121.44742236865892,0,73.7890625,3.279805501302083,0.11197916666666667,0.011969672309027776,0.06770833333333333,0.23177083333333334,0.004584418402777777,0.590176052517361
2024,3,5,2024_3_5,ridge_swap,2404.93994140625,72,0,1,1,2066.156218210856,1881.75009765625,2068.4962158203125,2244.7828125,262.2650898363855,0,77.19010416666667,3.648091634114583,0.13541666666666666,0.015733506944444434,0.0546875,0.16927083333333334,0.89361572265625,0.6901109483506944
2024,3,6,2024_3_6,ridge_swap,2275.0400390625,74,0,0,0,2095.1465695699058,1932.6803955078126,2100.5821533203125,2271.2971435546874,110.04357143243155,0,77.68489583333333,3.4205390082465286,0.15625,0.0220947265625,0.08072916666666667,0.2760416666666667,0.006517198350694445,0.07619900173611112
2024,3,7,2024_3_7,ridge_swap,1919.5,77,0,0,0,2076.600947380066,1891.4451538085937,2074.9189453125,2256.565234375,95.3575311526656,1,73.10677083333333,4.035244411892361,0.16145833333333334,0.021443684895833343,0.078125,0.20833333333333334,0.006103515625,0.04340277777777778
2024,3,8,2024_3_8,ridge_swap,2341.18017578125,75,0,0,1,2055.6544529596963,1870.5233642578125,2050.8138427734375,2229.0229736328124,209.0188926267955,0,85.0546875,5.793585883246528,0.6276041666666666,0.27414957682291663,0.033854166666666664,0.15625,0.0011461046006944443,0.7119140625
2024,3,9,2024_3_9,ridge_swap,1723.280029296875,72,0,0,0,2034.3986145655315,1867.8925537109376,2024.041259765625,2211.81435546875,234.98847670439216,0,78.32291666666667,4.209092881944445,0.13020833333333334,0.015041775173611119,0.033854166666666664,0.140625,0.0011461046006944443,0.019775390625
2024,3,10,2024_3_10,ridge_swap,2133.1201171875,84,0,0,0,2123.146777788798,1938.4348754882812,2116.876953125,2308.4166748046873,35.03784041520622,1,75.7421875,5.250671386718751,0.125,0.014987521701388895,0.12760416666666666,0.3359375,0.01628282335069444,0.11285400390625
2024,3,11,2024_3_11,ridge_swap,1780.260009765625,76,0,0,0,2062.719510714213,1914.911279296875,2054.6116943359375,2232.4886474609375,209.30975796033937,0,73.26041666666667,3.1512179904513893,0.052083333333333336,0.0024549696180555594,0.0546875,0.16145833333333334,0.00299072265625,0.02606879340277778
2024,4,0,2024_4_0,production,2079.89990234375,77,0,0,0,2158.2694301605225,1970.1548828125,2155.4144287109375,2336.54873046875,50.31354816589091,1,73.3515625,3.7156236436631946,0.15885416666666666,0.020026312934027762,0.16145833333333334,0.3932291666666667,0.02606879340277778,0.15462917751736113
2024,4,1,2024_4_1,production,2078.35986328125,69,0,0,0,2085.8255236943564,1895.6565551757812,2083.0279541015625,2259.625927734375,31.862468162344555,1,75.828125,4.481987847222221,0.125,0.0137939453125,0.07291666666666667,0.22135416666666666,0.005316840277777779,0.04899766710069444
2024,4,2,2024_4_2,production,2114.02001953125,64,0,0,0,2103.23451868693,1929.5242553710937,2106.67041015625,2278.563427734375,34.772175760732765,1,74.03125,5.7802734375,0.0703125,0.00494384765625,0.09635416666666667,0.2552083333333333,0.009284125434027778,0.06513129340277776
2024,4,3,2024_4_3,production,2202.7001953125,72,0,0,0,2140.677504221598,1951.5437744140625,2143.884033203125,2325.90224609375,44.235826013816734,1,76.77864583333333,3.7526380750868054,0.23958333333333334,0.04437934027777779,0.15364583333333334,0.3463541666666667,0.023607042100694448,0.11996120876736112
2024,4,4,2024_4_4,production,2096.5400390625,70,0,0,0,2117.4455709457397,1940.120166015625,2123.778564453125,2283.5091796875,32.78617653664615,1,76.6484375,4.330478244357639,0.140625,0.018364800347222224,0.06510416666666667,0.2708333333333333,0.004238552517361112,0.07335069444444443
2024,4,5,2024_4_5,production,2140.3798828125,102,0,0,0,2121.7610610326133,1943.7648681640626,2126.8756103515625,2296.9920654296875,33.77598185588916,1,81.95052083333333,13.444383409288193,0.4479166666666667,0.1665717230902778,0.1171875,0.2994791666666667,0.01373291015625,0.08968777126736112
2024,4,6,2024_4_6,production,2055.52001953125,77,0,0,0,2079.8171780904136,1890.9926635742188,2085.0816650390625,2263.3287109375,35.70608887573084,1,73.98697916666667,3.352925618489583,0.044270833333333336,0.001959906684027783,0.057291666666666664,0.21614583333333334,0.003282335069444444,0.04671902126736111
2024,4,7,2024_4_7,production,2295.659912109375,60,0,0,1,2086.6396328608193,1909.6618530273438,2086.892333984375,2261.9956787109377,138.14247114542457,0,71.56510416666667,6.555942111545139,0.1328125,0.014519585503472224,0.052083333333333336,0.19010416666666666,0.0027126736111111114,0.6559312608506945
2024,4,8,2024_4_8,production,2260.079833984375,71,0,0,1,2078.7408307393393,1896.1629760742187,2083.5057373046875,2257.6335205078126,114.37284316122533,0,75.48697916666667,3.53192138671875,0.15885416666666666,0.02069091796875,0.046875,0.18489583333333334,0.002197265625,0.664394802517361
2024,4,9,2024_4_9,production,1964.219970703125,67,0,0,0,2094.286459287008,1928.09833984375,2085.758056640625,2262.8633544921877,80.24767643627192,1,78.3203125,6.644782172309028,0.11197916666666667,0.010423448350694448,0.057291666666666664,0.22916666666666666,0.003282335069444444,0.052517361111111105
2024,4,10,2024_4_10,production,2347.97998046875,60,0,1,1,2118.86954498291,1941.9859375,2124.365234375,2295.268603515625,153.71822297904225,0,79.17447916666667,12.31795925564236,0.1640625,0.022983127170138895,0.078125,0.2734375,0.849853515625,0.52789306640625
2024,4,11,2024_4_11,production,2121.919921875,89,0,0,0,2035.918451309204,1858.3540283203124,2028.0157470703125,2224.5195068359376,56.75398025744491,1,83.34114583333333,4.019293891059028,0.390625,0.12013075086805558,0.041666666666666664,0.11979166666666667,0.001736111111111111,0.01435004340277778
2024,4,0,2024_4_0,ridge_swap,2079.89990234375,77,0,0,0,2148.419574737549,1977.4802978515625,2140.36279296875,2333.8017822265624,44.44305659499433,1,74.4609375,3.456780327690973,0.171875,0.024658203125,0.15885416666666666,0.3776041666666667,0.02523464626736111,0.1425849066840278
2024,4,1,2024_4_1,ridge_swap,2078.35986328125,69,0,0,0,2091.7883399327598,1917.1103515625,2090.1473388671875,2277.6185546875,31.78255694028404,1,74.95833333333333,4.196641710069445,0.1171875,0.01202392578125,0.07291666666666667,0.21354166666666666,0.005316840277777779,0.045600043402777776
2024,4,2,2024_4_2,ridge_swap,2114.02001953125,64,0,0,0,2103.278284072876,1939.071826171875,2099.568603515625,2279.8426513671875,32.95523565676477,1,74.70572916666667,6.25689697265625,0.07291666666666667,0.005316840277777776,0.0859375,0.22395833333333334,0.00738525390625,0.05015733506944445
2024,4,3,2024_4_3,ridge_swap,2202.7001953125,72,0,0,0,2146.7313044865928,1964.8925903320312,2146.5718994140625,2323.854150390625,39.96840779234965,1,76.26041666666667,3.582845052083333,0.23177083333333334,0.04585096571180555,0.13020833333333334,0.3411458333333333,0.016954210069444448,0.11638047960069443
2024,4,4,2024_4_4,ridge_swap,2096.5400390625,70,0,0,0,2120.707358042399,1945.633837890625,2122.017822265625,2280.4039306640625,32.56278605924713,1,76.1796875,4.052998860677083,0.13020833333333334,0.015041775173611119,0.09635416666666667,0.3072916666666667,0.009284125434027778,0.09442816840277779
2024,4,5,2024_4_5,ridge_swap,2140.3798828125,102,0,0,0,2126.565732638041,1946.23720703125,2130.749755859375,2287.730078125,31.719288513892224,1,81.6796875,13.852003309461805,0.4401041666666667,0.16998291015625,0.10416666666666667,0.3333333333333333,0.010850694444444446,0.1111111111111111
2024,4,6,2024_4_6,ridge_swap,2055.52001953125,77,0,0,0,2070.3378760019937,1902.44462890625,2068.746826171875,2244.780126953125,31.18148913482824,1,75.36979166666667,3.210367838541667,0.0546875,0.002719455295138888,0.052083333333333336,0.16145833333333334,0.0027126736111111114,0.02606879340277778
2024,4,7,2024_4_7,ridge_swap,2295.659912109375,60,0,0,1,2085.2230253219604,1909.8786865234376,2093.407470703125,2258.5822509765626,140.83971952481403,0,70.67708333333333,6.167697482638889,0.11197916666666667,0.010423448350694448,0.041666666666666664,0.21354166666666666,0.001736111111111111,0.6185167100694445
2024,4,8,2024_4_8,ridge_swap,2260.079833984375,71,0,0,1,2077.7990840276084,1900.525439453125,2078.369140625,2251.8362060546874,116.4681681883004,0,74.95572916666667,3.503180609809027,0.15364583333333334,0.020582411024305552,0.0703125,0.19010416666666666,0.00494384765625,0.6559312608506945
2024,4,9,2024_4_9,ridge_swap,1964.219970703125,67,0,0,0,2090.5098609924316,1909.1802368164062,2091.2352294921875,2275.5254638671877,75.04248134295146,1,78.41927083333333,6.613016764322917,0.12239583333333333,0.013190375434027776,0.0703125,0.23958333333333334,0.00494384765625,0.05740017361111112
2024,4,10,2024_4_10,ridge_swap,2347.97998046875,60,0,1,1,2106.942097345988,1947.4540405273438,2104.885009765625,2309.751416015625,166.57102853390907,0,79.02604166666667,12.531819661458332,0.15625,0.0220947265625,0.09375,0.2526041666666667,0.8212890625,0.5586005316840277
2024,4,11,2024_4_11,ridge_swap,2121.919921875,89,0,0,0,2058.3076680501304,1898.7119384765624,2055.58203125,2236.20263671875,45.27932383285628,1,82.6015625,4.449673122829861,0.3567708333333333,0.0992092556423611,0.0234375,0.14583333333333334,0.00054931640625,0.021267361111111115
2024,5,0,2024_5_0,production,2110.16015625,65,0,0,0,2048.3107210795083,1862.821337890625,2052.97509765625,2211.707275390625,42.252840734190414,1,86.86197916666667,14.512349446614586,0.421875,0.153564453125,0.03125,0.15104166666666666,0.0009765625,0.02281358506944444
2024,5,1,2024_5_1,production,2014.419921875,68,0,0,0,2151.5257132848105,1970.6519897460937,2146.992919921875,2332.6396728515624,85.11710202942292,1,77.22916666666667,5.378336588541667,0.4166666666666667,0.1370307074652778,0.140625,0.3671875,0.019775390625,0.13482666015625
2024,5,2,2024_5_2,production,2126.919921875,74,0,0,0,2071.2705001831055,1894.3977783203125,2070.4638671875,2228.162451171875,40.33716225789652,1,79.18229166666667,3.998819986979167,0.08333333333333333,0.006523980034722224,0.033854166666666664,0.16927083333333334,0.0011461046006944443,0.028652615017361115
2024,5,3,2024_5_3,production,1910.300048828125,85,0,0,0,2060.0943133036294,1868.97744140625,2055.2462158203125,2261.8424072265625,88.04022208021746,1,81.24739583333333,3.6184828016493054,0.3489583333333333,0.09345160590277773,0.0703125,0.1953125,0.00494384765625,0.03814697265625
2024,5,4,2024_5_4,production,2252.60009765625,88,0,0,1,2184.421625773112,2013.269921875,2174.22119140625,2366.9926513671876,48.83972438838745,1,71.7578125,10.695454915364586,0.09375,0.0087890625,0.2109375,0.46875,0.04449462890625,0.2822265625
2024,5,5,2024_5_5,production,2090.64013671875,75,0,0,0,2076.2814305623374,1904.4767211914063,2074.377685546875,2250.822021484375,33.6470934500297,1,74.3828125,3.337422688802083,0.12760416666666666,0.01500786675347221,0.06510416666666667,0.1953125,0.004238552517361112,0.03814697265625
2024,5,6,2024_5_6,production,1889.920166015625,70,0,0,0,2058.189768155416,1889.4674438476563,2053.588623046875,2248.7175048828126,102.30920458419456,1,79.09635416666667,5.346849229600694,0.125,0.0137939453125,0.041666666666666664,0.1640625,0.001736111111111111,0.02691650390625
2024,5,7,2024_5_7,production,2347.380126953125,69,0,0,1,2096.671939214071,1920.3986572265626,2102.3409423828125,2265.0787353515625,176.10710078808995,0,70.1640625,3.1510755750868054,0.041666666666666664,0.0015326605902777762,0.078125,0.23958333333333334,0.006103515625,0.5782335069444444
2024,5,8,2024_5_8,production,2112.5,82,0,0,0,2106.209446589152,1922.97451171875,2117.580810546875,2287.8744873046876,33.55687556829717,1,77.01302083333333,4.1090969509548625,0.17708333333333334,0.027031792534722238,0.08333333333333333,0.28125,0.006944444444444444,0.0791015625
2024,5,9,2024_5_9,production,2060.33984375,71,0,0,0,2078.129625002543,1899.6083984375,2075.305908203125,2271.00166015625,35.86115365309847,1,76.22916666666667,3.664008246527777,0.11979166666666667,0.013156467013888895,0.06510416666666667,0.234375,0.004238552517361112,0.054931640625
2024,5,10,2024_5_10,production,2101.39990234375,106,0,0,0,2127.1683753331504,1947.2764892578125,2122.55517578125,2298.387353515625,33.97418837497632,1,77.33072916666667,22.09899224175347,0.23697916666666666,0.04917399088541666,0.11458333333333333,0.3125,0.013129340277777776,0.09765625
2024,5,11,2024_5_11,production,2382.43994140625,45,0,1,1,2090.12083307902,1915.965234375,2080.1441650390625,2272.537890625,217.55919417076643,0,71.90364583333333,19.288743760850696,0.19791666666666666,0.03179253472222221,0.06510416666666667,0.22135416666666666,0.8740302191840279,0.6062893337673612
2024,5,0,2024_5_0,ridge_swap,2110.16015625,65,0,0,0,2050.309089024862,1853.589453125,2050.2763671875,2234.9293701171873,44.993145454261025,1,85.97916666666667,13.631239149305557,0.4166666666666667,0.14588758680555558,0.041666666666666664,0.15625,0.001736111111111111,0.0244140625
2024,5,1,2024_5_1,ridge_swap,2014.419921875,68,0,0,0,2160.3547677993774,1961.9352783203126,2167.7708740234375,2345.21201171875,89.97874380068646,1,76.96354166666667,5.339911566840277,0.4270833333333333,0.15391710069444442,0.15364583333333334,0.4114583333333333,0.023607042100694448,0.16929796006944442
2024,5,2,2024_5_2,ridge_swap,2126.919921875,74,0,0,0,2071.0815982818604,1884.9645141601563,2071.3385009765625,2254.547314453125,41.02016302115388,1,78.72395833333333,3.91455078125,0.07291666666666667,0.005316840277777776,0.059895833333333336,0.17708333333333334,0.003587510850694445,0.03135850694444445
2024,5,3,2024_5_3,ridge_swap,1910.300048828125,85,0,0,0,2050.2005030314126,1843.8412353515625,2054.6884765625,2243.676318359375,84.95506511297492,1,81.38802083333333,3.675923665364582,0.328125,0.0774875217013889,0.041666666666666664,0.15625,0.001736111111111111,0.0244140625
2024,5,4,2024_5_4,ridge_swap,2252.60009765625,88,0,0,1,2186.746748606364,2013.038623046875,2185.4161376953125,2355.965087890625,43.26494418581328,1,72.58333333333333,9.71615939670139,0.09114583333333333,0.008307562934027776,0.19791666666666666,0.484375,0.03917100694444444,0.265869140625
2024,5,5,2024_5_5,ridge_swap,2090.64013671875,75,0,0,0,2063.622491200765,1879.83505859375,2067.4637451171875,2235.4162109375,34.37712139553494,1,74.859375,3.0977511935763893,0.15885416666666666,0.020650227864583315,0.046875,0.18489583333333334,0.002197265625,0.03418646918402778
2024,5,6,2024_5_6,ridge_swap,1889.920166015625,70,0,0,0,2073.4953832626343,1903.6953002929688,2060.4296875,2243.796728515625,115.99363509400023,0,78.47916666666667,5.153781467013889,0.1015625,0.009311252170138895,0.0546875,0.16927083333333334,0.00299072265625,0.028652615017361115
2024,5,7,2024_5_7,ridge_swap,2347.380126953125,69,0,0,1,2085.6111113230386,1913.8086669921875,2078.640380859375,2275.7295166015624,187.04081221090422,0,71.921875,3.1658257378472214,0.0546875,0.002719455295138888,0.07291666666666667,0.203125,0.005316840277777779,0.635009765625
2024,5,8,2024_5_8,ridge_swap,2112.5,82,0,0,0,2107.4385277430215,1916.7447875976563,2106.413818359375,2304.5254638671877,36.832039913369556,1,76.20052083333333,4.629564073350695,0.171875,0.0269775390625,0.09895833333333333,0.2890625,0.00979275173611111,0.08355712890625
2024,5,9,2024_5_9,ridge_swap,2060.33984375,71,0,0,0,2083.274090449015,1893.1217651367188,2085.0775146484375,2260.424072265625,34.5125929100646,1,75.70572916666667,3.7135484483506946,0.125,0.013197157118055552,0.07552083333333333,0.20833333333333334,0.00570339626736111,0.04340277777777778
2024,5,10,2024_5_10,ridge_swap,2101.39990234375,106,0,0,0,2130.480581919352,1973.4880737304688,2134.2855224609375,2286.765283203125,32.45730714168813,1,77.15364583333333,22.235032823350693,0.24479166666666666,0.05504014756944445,0.09114583333333333,0.3515625,0.008307562934027776,0.12359619140625
2024,5,11,2024_5_11,ridge_swap,2382.43994140625,45,0,1,1,2083.182866414388,1903.7148071289062,2085.5701904296875,2267.4117431640625,221.45479494002132,0,71.70052083333333,18.984639485677082,0.18229166666666666,0.026502821180555552,0.06510416666666667,0.20833333333333334,0.8740302191840279,0.626736111111111
2024,6,0,2024_6_0,production,1661.6201171875,81,0,0,0,2030.2273639043171,1844.1635375976562,2027.8644409179688,2219.1317626953123,287.50672343952783,0,79.20833333333333,3.3361545138888893,0.16666666666666666,0.024522569444444448,0.03125,0.109375,0.0009765625,0.011962890625
2024,6,1,2024_6_1,production,2104.760009765625,60,0,0,0,2130.375308672587,1970.1273315429687,2120.586181640625,2309.6806640625,34.634477099610706,1,76.25260416666667,9.79715304904514,0.07291666666666667,0.004950629340277776,0.1015625,0.3072916666666667,0.01031494140625,0.09442816840277779
2024,6,2,2024_6_2,production,2143.420166015625,83,0,0,0,2178.510570526123,1995.0141357421876,2182.224853515625,2349.9685302734374,35.999768030312325,1,68.40104166666667,9.328287760416668,0.1015625,0.009311252170138895,0.18489583333333334,0.4505208333333333,0.03418646918402778,0.2029690212673611
2024,6,3,2024_6_3,production,2228.580078125,69,0,0,0,2040.6779238382976,1857.0355712890625,2041.7579345703125,2227.7361328125,119.58819821808072,0,79.95833333333333,6.011881510416667,0.4401041666666667,0.1568264431423611,0.0390625,0.13802083333333334,0.00152587890625,0.01904975043402778
2024,6,4,2024_6_4,production,2272.66015625,78,0,0,1,2154.8841568628945,1958.876513671875,2150.0191650390625,2349.635009765625,70.97761976636119,1,75.32291666666667,3.8943956163194446,0.08072916666666667,0.0065171983506944475,0.1640625,0.3880208333333333,0.02691650390625,0.37451850043402785
2024,6,5,2024_6_5,production,2415.16015625,72,0,1,1,2099.5089337031045,1897.557373046875,2101.9464111328125,2285.51083984375,233.29209376292096,0,79.2578125,4.611239963107638,0.109375,0.011962890625,0.07552083333333333,0.2578125,0.8546617296006944,0.55084228515625
2024,6,6,2024_6_6,production,2366.840087890625,65,0,0,1,2147.4708630243936,1972.5321899414062,2145.56982421875,2329.43310546875,147.31127678768502,0,74.47135416666667,5.454298231336805,0.13541666666666666,0.015733506944444434,0.1171875,0.3489583333333333,0.01373291015625,0.4238552517361112
2024,6,7,2024_6_7,production,2182.199951171875,51,0,0,0,2091.600435256958,1927.6716796875,2091.9647216796875,2265.493115234375,56.35485581225818,1,71.2734375,13.760735405815971,0.10677083333333333,0.010342068142361105,0.057291666666666664,0.19010416666666666,0.003282335069444444,0.036139594184027776
2024,6,8,2024_6_8,production,1921.4599609375,77,0,0,0,2022.1719834009807,1844.76123046875,2018.7359619140625,2207.284765625,59.27977515508732,1,74.7578125,3.3899671766493062,0.1484375,0.020541720920138895,0.036458333333333336,0.11197916666666667,0.0013292100694444447,0.012539333767361112
2024,6,9,2024_6_9,production,2096.0400390625,82,0,0,0,2085.8111095428467,1913.47421875,2087.721923828125,2252.3324951171876,30.913656716545418,1,83.6640625,3.0443589952256946,0.3958333333333333,0.12373860677083331,0.049479166666666664,0.2109375,0.0024481879340277775,0.04449462890625
2024,6,10,2024_6_10,production,2096.300048828125,86,0,0,0,2122.1885045369468,1948.862060546875,2121.547607421875,2287.502734375,35.91239808168676,1,72.81770833333333,8.258626302083332,0.08333333333333333,0.006130642361111105,0.08072916666666667,0.2916666666666667,0.006517198350694445,0.08506944444444446
2024,6,11,2024_6_11,production,2020.219970703125,77,0,0,0,2067.0741163889566,1884.3828125,2064.787109375,2250.8363525390623,39.78889949454202,1,78.41666666666667,3.349894205729167,0.20833333333333334,0.036471896701388895,0.0625,0.1953125,0.00390625,0.03814697265625
2024,6,0,2024_6_0,ridge_swap,1661.6201171875,81,0,0,0,2037.5175358454387,1839.1284057617188,2035.0499877929688,2211.478271484375,296.5270943053895,0,78.41145833333333,3.4413113064236107,0.11979166666666667,0.013156467013888895,0.036458333333333336,0.109375,0.0013292100694444447,0.011962890625
2024,6,1,2024_6_1,ridge_swap,2104.760009765625,60,0,0,0,2131.2045135498047,1959.7728637695313,2139.415771484375,2290.4991943359373,33.268288890520736,1,76.36458333333333,10.228068033854168,0.0859375,0.006951226128472224,0.08072916666666667,0.3177083333333333,0.006517198350694445,0.10093858506944443
2024,6,2,2024_6_2,ridge_swap,2143.420166015625,83,0,0,0,2171.005544026693,2010.99638671875,2168.079345703125,2333.14658203125,31.42134278019269,1,68.375,9.425035264756945,0.09375,0.007866753472222224,0.15885416666666666,0.4296875,0.02523464626736111,0.18463134765625
2024,6,3,2024_6_3,ridge_swap,2228.580078125,69,0,0,0,2038.5738344192505,1852.1673706054687,2042.4398193359375,2231.75244140625,121.39747005949418,1,80.82552083333333,6.731736924913194,0.4635416666666667,0.15889485677083337,0.028645833333333332,0.15364583333333334,0.000820583767361111,0.023607042100694448
2024,6,4,2024_6_4,ridge_swap,2272.66015625,78,0,0,1,2158.86198647817,1975.2239013671874,2161.51318359375,2358.795166015625,69.92907220042414,1,74.98958333333333,3.766764322916668,0.078125,0.006103515625,0.19791666666666666,0.4140625,0.03917100694444444,0.34332275390625
2024,6,5,2024_6_5,ridge_swap,2415.16015625,72,0,1,1,2090.7167994181314,1910.8803588867188,2087.51123046875,2271.4802978515627,245.6032043678893,0,80.20572916666667,4.554951985677083,0.1328125,0.016960991753472224,0.0625,0.20833333333333334,0.87890625,0.626736111111111
2024,6,6,2024_6_6,ridge_swap,2366.840087890625,65,0,0,1,2139.3785813649497,1952.1254028320313,2145.190185546875,2328.44560546875,151.56049183176623,0,74.296875,5.425469292534721,0.11458333333333333,0.013129340277777776,0.14583333333333334,0.3515625,0.021267361111111115,0.42047119140625
2024,6,7,2024_6_7,ridge_swap,2182.199951171875,51,0,0,0,2097.8396867116294,1931.80234375,2097.845703125,2273.1529052734377,51.66222478780482,1,71.3125,13.793524848090279,0.11458333333333333,0.012546115451388881,0.06510416666666667,0.21354166666666666,0.004238552517361112,0.045600043402777776
2024,6,8,2024_6_8,ridge_swap,1921.4599609375,77,0,0,0,2032.4248711268108,1853.7369384765625,2031.5021362304688,2201.589501953125,65.57331638452081,1,74.10416666666667,3.598347981770834,0.1484375,0.020541720920138895,0.03125,0.1328125,0.0009765625,0.01763916015625
2024,6,9,2024_6_9,ridge_swap,2096.0400390625,82,0,0,0,2096.325839996338,1917.1348266601562,2102.6116943359375,2273.6260986328125,33.42888021303547,1,83.75,3.1758490668402777,0.390625,0.12312825520833331,0.057291666666666664,0.2265625,0.003282335069444444,0.05133056640625
2024,6,10,2024_6_10,ridge_swap,2096.300048828125,86,0,0,0,2117.6483446756997,1935.7611206054687,2119.185791015625,2284.4739013671874,32.86691362990274,1,71.953125,8.840291341145832,0.0703125,0.0045912000868055525,0.09114583333333333,0.2552083333333333,0.008307562934027776,0.06513129340277776
2024,6,11,2024_6_11,ridge_swap,2020.219970703125,77,0,0,0,2065.015060106913,1891.3279052734374,2064.5618896484375,2245.600048828125,37.7604158959455,1,78.1328125,2.9613376193576384,0.16927083333333334,0.02612982855902779,0.044270833333333336,0.1875,0.001959906684027778,0.03515625
2024,7,0,2024_7_0,production,2014.5400390625,90,0,0,0,2188.77122370402,2013.6024658203125,2191.2490234375,2372.8253662109373,112.3429147866037,1,73.57552083333333,10.50042724609375,0.12239583333333333,0.014980740017361105,0.25,0.5260416666666666,0.0625,0.2767198350694444
2024,7,1,2024_7_1,production,2327.66015625,70,0,0,1,2129.1048917770386,1961.4801269531251,2126.1553955078125,2303.1221435546877,128.7259790988432,0,80.94791666666667,6.5113525390625,0.5104166666666666,0.20625813802083331,0.12760416666666666,0.3177083333333333,0.01628282335069444,0.4655219184027779
2024,7,2,2024_7_2,production,2053.1201171875,63,0,0,0,2096.4649585088096,1922.8657348632812,2106.88720703125,2265.7002685546877,37.87365493095582,1,77.80989583333333,8.875847710503473,0.041666666666666664,0.0017361111111111119,0.078125,0.2526041666666667,0.006103515625,0.06380886501736112
2024,7,3,2024_7_3,production,2390.280029296875,65,0,1,1,2099.65061823527,1920.6418579101562,2101.364501953125,2272.7916992187497,213.75800698664452,0,73.375,4.596950954861112,0.07291666666666667,0.005316840277777776,0.0625,0.265625,0.87890625,0.539306640625
2024,7,4,2024_7_4,production,2180.39990234375,65,0,0,0,2092.5318883260093,1914.5939086914063,2097.7032470703125,2250.7935302734377,51.44886544512377,1,75.1875,5.562811957465279,0.20833333333333334,0.039279513888888895,0.07552083333333333,0.23177083333333334,0.00570339626736111,0.05371771918402778
2024,7,5,2024_7_5,production,1985.699951171875,64,0,0,0,2042.0617637634277,1842.468505859375,2044.3384399414062,2220.770361328125,43.29185828566551,1,77.0703125,7.577019585503473,0.1640625,0.022983127170138895,0.0390625,0.16666666666666666,0.00152587890625,0.027777777777777776
2024,7,6,2024_7_6,production,2003.239990234375,76,0,0,0,2094.1138582229614,1923.7654541015625,2086.6171875,2260.28466796875,53.53914720896218,1,80.41927083333333,3.6266208224826393,0.3072916666666667,0.0784640842013889,0.08854166666666667,0.2265625,0.007839626736111112,0.05133056640625
2024,7,7,2024_7_7,production,2092.5400390625,72,0,0,0,2099.669118245443,1923.2598999023437,2105.66015625,2261.7467041015625,28.23018330666754,1,74.68489583333333,3.255608452690973,0.052083333333333336,0.0024549696180555594,0.06770833333333333,0.2552083333333333,0.004584418402777777,0.06513129340277776
2024,7,8,2024_7_8,production,1967.219970703125,66,0,0,0,2039.3627389272053,1850.6983276367187,2037.54296875,2205.688427734375,47.24646292295721,1,78.63020833333333,7.239393446180555,0.20052083333333334,0.03179931640625,0.03125,0.1640625,0.0009765625,0.02691650390625
2024,7,9,2024_7_9,production,2273.0400390625,66,0,0,0,2033.221173922221,1857.8056762695312,2039.1713256835938,2205.471044921875,166.19352132495908,0,80.28125,8.330403645833332,0.18229166666666666,0.029649522569444448,0.018229166666666668,0.11458333333333333,0.0003323025173611112,0.013129340277777776
2024,7,10,2024_7_10,production,2273.27978515625,74,0,0,1,2085.905017852783,1905.21318359375,2087.5146484375,2273.642431640625,119.81788087884586,1,77.25260416666667,3.474127875434027,0.1328125,0.015089246961805552,0.07552083333333333,0.24479166666666666,0.00570339626736111,0.5703396267361112
2024,7,11,2024_7_11,production,1799.5400390625,106,0,0,0,2097.0255829493203,1923.1558349609375,2097.7540283203125,2267.0042724609375,224.43401683949762,0,70.26822916666667,28.854715983072914,0.059895833333333336,0.0035875108506944475,0.0859375,0.234375,0.00738525390625,0.054931640625
2024,7,0,2024_7_0,ridge_swap,2014.5400390625,90,0,0,0,2186.038688659668,1992.8452392578124,2189.051025390625,2380.492822265625,105.69932455817857,1,74.31770833333333,10.019232855902777,0.14322916666666666,0.01907687717013888,0.2552083333333333,0.4791666666666667,0.06513129340277776,0.22960069444444448
2024,7,1,2024_7_1,ridge_swap,2327.66015625,70,0,0,1,2122.8589013417563,1957.7483032226562,2136.1937255859375,2281.62529296875,133.70255215134884,0,81.25260416666667,6.597703721788194,0.5208333333333334,0.2009955512152778,0.109375,0.328125,0.011962890625,0.451416015625
2024,7,2,2024_7_2,ridge_swap,2053.1201171875,63,0,0,0,2101.618876775106,1918.9373046875,2103.8465576171875,2276.8331787109373,39.956462505790924,1,77.41666666666667,8.345418294270836,0.044270833333333336,0.001959906684027783,0.08723958333333333,0.2708333333333333,0.00761074490017361,0.07335069444444443
2024,7,3,2024_7_3,ridge_swap,2390.280029296875,65,0,1,1,2084.176322301229,1887.3967529296876,2095.1392822265625,2266.947900390625,222.75524927510156,0,73.234375,4.862711588541666,0.049479166666666664,0.0024481879340277762,0.0546875,0.22916666666666666,0.89361572265625,0.5941840277777778
2024,7,4,2024_7_4,ridge_swap,2180.39990234375,65,0,0,0,2096.807505607605,1913.7694702148438,2086.168212890625,2277.433935546875,53.53543665425646,1,74.26302083333333,5.622931586371529,0.1875,0.03419325086805555,0.078125,0.2552083333333333,0.006103515625,0.06513129340277776
2024,7,5,2024_7_5,ridge_swap,1985.699951171875,64,0,0,0,2037.318509419759,1868.42001953125,2039.3238525390625,2228.9513427734373,39.75054485764768,1,77.47916666666667,8.030449761284723,0.1484375,0.020541720920138895,0.052083333333333336,0.13541666666666666,0.0027126736111111114,0.01833767361111111
2024,7,6,2024_7_6,ridge_swap,2003.239990234375,76,0,0,0,2096.9513619740806,1927.1090576171875,2095.26171875,2276.0850830078125,53.71422512332599,1,80.77604166666667,3.631958007812501,0.2994791666666667,0.07663981119791669,0.059895833333333336,0.25,0.003587510850694445,0.0625
2024,7,7,2024_7_7,ridge_swap,2092.5400390625,72,0,0,0,2105.307154973348,1923.3358520507813,2110.080078125,2277.248681640625,33.37762601176897,1,74.52864583333333,3.33294677734375,0.0625,0.00390625,0.07552083333333333,0.265625,0.00570339626736111,0.070556640625
2024,7,8,2024_7_8,ridge_swap,1967.219970703125,66,0,0,0,2044.1018501917522,1853.733984375,2037.5576171875,2246.4134765625,49.053130869236256,1,78.66145833333333,7.362128363715278,0.22395833333333334,0.04460991753472224,0.057291666666666664,0.18489583333333334,0.003282335069444444,0.03418646918402778
2024,7,9,2024_7_9,ridge_swap,2273.0400390625,66,0,0,0,2030.2875900268555,1828.973828125,2034.5115966796875,2199.389794921875,166.29253730674583,0,80.09895833333333,8.408921983506945,0.1875,0.028211805555555552,0.026041666666666668,0.125,0.0006781684027777779,0.015625
2024,7,10,2024_7_10,ridge_swap,2273.27978515625,74,0,0,1,2083.6144469579062,1908.1093627929688,2079.4849853515625,2257.797216796875,120.13071814262204,0,77.5390625,3.32110595703125,0.1328125,0.01568603515625,0.049479166666666664,0.22395833333333334,0.0024481879340277775,0.6022406684027777
2024,7,11,2024_7_11,ridge_swap,1799.5400390625,106,0,0,0,2104.1794300079346,1935.873095703125,2104.756103515625,2271.0080078124997,232.87965320712988,0,69.21614583333333,30.09948052300347,0.0546875,0.00299072265625,0.09505208333333333,0.2526041666666667,0.009034898546006944,0.06380886501736112
2024,8,0,2024_8_0,production,2175.14013671875,82,0,0,0,2156.964267730713,1981.6441162109375,2161.3507080078125,2329.0784423828127,31.180960247914,1,76.796875,4.056315104166666,0.3515625,0.09777153862847221,0.17447916666666666,0.4453125,0.03044297960069444,0.19830322265625
2024,8,1,2024_8_1,production,2074.639892578125,45,0,0,0,2029.6799300511677,1864.6159912109374,2034.3029174804688,2194.9704345703126,37.977611643572644,1,74.75,22.930026584201386,0.1015625,0.01031494140625,0.0234375,0.109375,0.00054931640625,0.011962890625
2024,8,2,2024_8_2,production,2311.659912109375,79,0,0,1,2050.8665968577066,1875.0171508789062,2055.411376953125,2210.853173828125,188.082007151511,0,74.64322916666667,3.8966539171006946,0.09375,0.008314344618055552,0.046875,0.140625,0.002197265625,0.738525390625
2024,8,3,2024_8_3,production,1958.3800048828125,84,0,0,0,2127.943709373474,1940.3140502929687,2128.856201171875,2310.445654296875,104.83932137406534,1,80.89583333333333,3.7042778862847214,0.2708333333333333,0.058376736111111105,0.109375,0.34375,0.011962890625,0.1181640625
2024,8,4,2024_8_4,production,1935.199951171875,89,0,0,0,2130.7253052393594,1967.8949829101562,2126.80126953125,2302.701416015625,129.7042719034685,0,75.29166666666667,8.60085720486111,0.1640625,0.02227783203125,0.125,0.3255208333333333,0.015625,0.10596381293402776
2024,8,5,2024_8_5,production,2203.7802734375,82,0,0,0,2119.5355558395386,1947.4123901367188,2116.263427734375,2292.60859375,52.681942967077106,1,79.08333333333333,3.057820638020833,0.3958333333333333,0.1321750217013889,0.09375,0.2942708333333333,0.0087890625,0.08659532335069443
2024,8,6,2024_8_6,production,1928.47998046875,84,0,0,0,2050.002679824829,1863.9433837890624,2049.831787109375,2219.35126953125,72.58021344244482,1,79.171875,3.9090711805555562,0.10677083333333333,0.009392632378472224,0.0390625,0.16666666666666666,0.00152587890625,0.027777777777777776
2024,8,7,2024_8_7,production,2250.72021484375,68,0,0,1,2107.4709479014077,1946.7806396484375,2107.028564453125,2279.5393310546874,88.93158074220023,1,76.671875,5.084676106770833,0.0546875,0.002719455295138888,0.11197916666666667,0.2604166666666667,0.012539333767361112,0.5469835069444443
2024,8,8,2024_8_8,production,2343.020263671875,84,0,1,1,2131.6401427586875,1949.1291870117188,2138.479248046875,2325.3287109375,135.07997938245535,0,81.56770833333333,3.5891655815972214,0.3984375,0.1448906792534722,0.1328125,0.359375,0.75201416015625,0.410400390625
2024,8,9,2024_8_9,production,1939.2200927734375,79,0,0,0,2095.1437479654946,1906.9549194335937,2088.060791015625,2264.98125,96.65650384790368,1,72.55989583333333,4.440395779079861,0.052083333333333336,0.002712673611111112,0.07291666666666667,0.23958333333333334,0.005316840277777779,0.05740017361111112
2024,8,10,2024_8_10,production,2127.8798828125,64,0,0,0,2055.7885789871216,1887.2074951171876,2059.0830078125,2212.946923828125,45.0150912611021,1,72.65364583333333,5.341233995225694,0.12760416666666666,0.014411078559027762,0.033854166666666664,0.14583333333333334,0.0011461046006944443,0.021267361111111115
2024,8,11,2024_8_11,production,2148.47998046875,55,0,0,0,2049.27755578359,1875.6140869140625,2058.07177734375,2213.860180664062,58.914962848855396,1,73.35677083333333,11.229051378038195,0.13802083333333334,0.017015245225694448,0.036458333333333336,0.16927083333333334,0.0013292100694444447,0.028652615017361115
2024,8,0,2024_8_0,ridge_swap,2175.14013671875,82,0,0,0,2166.4802643458047,1994.4496215820313,2169.0888671875,2330.9960205078123,33.52169121222363,1,76.0859375,4.713589138454862,0.3723958333333333,0.11735704210069442,0.18229166666666666,0.4348958333333333,0.033230251736111105,0.18913438585069442
2024,8,1,2024_8_1,ridge_swap,2074.639892578125,45,0,0,0,2024.0975437164307,1855.7831420898438,2019.5885009765625,2199.0392333984373,39.427602642112305,1,74.6328125,22.346727159288193,0.10677083333333333,0.010342068142361105,0.026041666666666668,0.11197916666666667,0.0006781684027777779,0.012539333767361112
2024,8,2,2024_8_2,ridge_swap,2311.659912109375,79,0,0,1,2044.19282913208,1869.297607421875,2047.58544921875,2206.95888671875,193.50038636558588,0,75.46614583333333,3.406514485677083,0.09114583333333333,0.008307562934027776,0.046875,0.140625,0.002197265625,0.738525390625
2024,8,3,2024_8_3,ridge_swap,1958.3800048828125,84,0,0,0,2142.3680461247764,1959.783642578125,2150.075439453125,2316.9118896484374,116.37335498382649,0,78.55989583333333,4.444451226128472,0.21354166666666666,0.036580403645833315,0.13802083333333334,0.3645833333333333,0.01904975043402778,0.13292100694444442
2024,8,4,2024_8_4,ridge_swap,1935.199951171875,89,0,0,0,2132.0471728642783,1952.9284057617188,2137.3544921875,2299.6344482421873,125.51446391724878,0,74.84635416666667,8.90286593967014,0.140625,0.019056532118055552,0.09895833333333333,0.3229166666666667,0.00979275173611111,0.10427517361111112
2024,8,5,2024_8_5,ridge_swap,2203.7802734375,82,0,0,0,2121.6829420725503,1932.6886352539063,2126.4791259765625,2297.441796875,49.54896499878831,1,79.5546875,3.2712334526909723,0.390625,0.1353759765625,0.10416666666666667,0.3046875,0.010850694444444446,0.09283447265625
2024,8,6,2024_8_6,ridge_swap,1928.47998046875,84,0,0,0,2055.7025190989175,1866.9362548828126,2057.6844482421875,2251.79326171875,75.21452955901623,1,79.03125,3.9231092664930554,0.15104166666666666,0.01921929253472221,0.057291666666666664,0.19010416666666666,0.003282335069444444,0.036139594184027776
2024,8,7,2024_8_7,ridge_swap,2250.72021484375,68,0,0,1,2095.6791111628213,1922.9924194335938,2103.6951904296875,2262.7385986328127,93.5673765697413,1,77.328125,5.317816840277777,0.08333333333333333,0.006944444444444434,0.052083333333333336,0.265625,0.0027126736111111114,0.539306640625
2024,8,8,2024_8_8,ridge_swap,2343.020263671875,84,0,1,1,2130.5396852493286,1939.4993041992188,2126.07666015625,2313.3568359375,134.7719502672553,0,82.015625,3.6746961805555562,0.390625,0.1390109592013889,0.1484375,0.3385416666666667,0.72515869140625,0.437527126736111
2024,8,9,2024_8_9,ridge_swap,1939.2200927734375,79,0,0,0,2089.437407811483,1915.75927734375,2088.767578125,2269.999072265625,90.62982827756142,1,72.9375,4.059665256076389,0.03125,0.0009765625,0.0703125,0.2109375,0.00494384765625,0.04449462890625
2024,8,10,2024_8_10,ridge_swap,2127.8798828125,64,0,0,0,2063.2123543421426,1890.2116455078126,2067.713623046875,2234.2321533203126,43.780139180521175,1,71.58854166666667,4.716105143229167,0.11197916666666667,0.011969672309027776,0.046875,0.18229166666666666,0.002197265625,0.033230251736111105
2024,8,11,2024_8_11,ridge_swap,2148.47998046875,55,0,0,0,2038.1446154912312,1859.7203125,2043.7741088867188,2210.51318359375,62.58405381192763,1,74.546875,12.370903862847223,0.15885416666666666,0.022874620225694448,0.028645833333333332,0.1328125,0.000820583767361111,0.01763916015625
2024,9,0,2024_9_0,production,1973.7200927734375,96,0,0,0,2153.8859882354736,1975.0759643554688,2160.8980712890625,2339.40439453125,118.51156210733785,0,73.4921875,15.471293131510418,0.171875,0.02617730034722221,0.14322916666666666,0.3541666666666667,0.020514594184027776,0.1254340277777778
2024,9,1,2024_9_1,production,1927.300048828125,71,0,0,0,2152.9813311894736,1979.73310546875,2147.062744140625,2332.389599609375,152.55981542915106,0,75.71875,3.799153645833333,0.14583333333333334,0.019788953993055552,0.140625,0.3854166666666667,0.019775390625,0.14854600694444445
2024,9,2,2024_9_2,production,2090.7001953125,86,0,0,0,2066.573269844055,1885.7169189453125,2067.3184814453125,2256.29677734375,37.27786263740725,1,82.7578125,3.8877292209201393,0.4348958333333333,0.15454779730902773,0.06510416666666667,0.1796875,0.004238552517361112,0.03228759765625
2024,9,3,2024_9_3,production,2003.639892578125,71,0,0,0,2103.0437984466553,1931.8947143554688,2095.8646240234375,2267.993798828125,58.89719752636219,1,77.2421875,4.382371690538195,0.3619791666666667,0.10289849175347227,0.08333333333333333,0.25,0.006944444444444444,0.0625
2024,9,4,2024_9_4,production,2272.219970703125,65,0,0,1,2115.8161153793335,1939.0136962890624,2115.966552734375,2294.5608642578127,97.8022238984704,1,75.19791666666667,5.732340494791666,0.14322916666666666,0.01907687717013888,0.09895833333333333,0.2890625,0.00979275173611111,0.50543212890625
2024,9,5,2024_9_5,production,2254.0,61,0,0,0,2074.4477564493814,1910.903564453125,2075.5635986328125,2246.189404296875,115.65542128019864,0,73.59635416666667,7.232808430989583,0.1640625,0.02447509765625,0.057291666666666664,0.19010416666666666,0.003282335069444444,0.036139594184027776
2024,9,6,2024_9_6,production,2523.64013671875,62,0,1,1,2181.6380383173623,2023.5671630859374,2178.244873046875,2344.9923828125,271.94983873185186,0,73.17708333333333,6.4940185546875,0.109375,0.010877821180555552,0.18880208333333334,0.4453125,0.6580420600043402,0.30767822265625
2024,9,7,2024_9_7,production,1970.9400634765625,63,0,0,0,2012.881595293681,1850.7887451171875,2008.0167846679688,2199.711376953125,36.15265518012974,1,80.9140625,11.261250813802086,0.2682291666666667,0.058085123697916685,0.005208333333333333,0.09895833333333333,2.712673611111111e-05,0.00979275173611111
2024,9,8,2024_9_8,production,1932.800048828125,81,0,0,0,2040.4143635431926,1871.4205444335937,2042.797119140625,2213.28671875,62.60682974176275,1,79.54947916666667,3.3668551974826384,0.07552083333333333,0.004970974392361105,0.020833333333333332,0.13541666666666666,0.00043402777777777775,0.01833767361111111
2024,9,9,2024_9_9,production,2184.89990234375,55,0,0,0,2121.8262173334756,1950.7203369140625,2119.7110595703125,2303.35732421875,44.65751462098625,1,78.5859375,16.446485731336804,0.19010416666666666,0.030687120225694448,0.0859375,0.2890625,0.00738525390625,0.08355712890625
2024,9,10,2024_9_10,production,2294.97998046875,78,0,0,1,2057.538651784261,1893.66484375,2064.7384033203125,2233.5221923828126,165.1375508705775,0,75.69270833333333,3.3845079210069438,0.0625,0.0035942925347222238,0.036458333333333336,0.1484375,0.0013292100694444447,0.72515869140625
2024,9,11,2024_9_11,production,1807.7200927734375,80,0,0,0,2094.4578386942544,1905.1683471679687,2090.97021484375,2275.25859375,208.7540324744251,0,72.78125,4.870225694444444,0.052083333333333336,0.002712673611111112,0.07421875,0.234375,0.0055084228515625,0.054931640625
2024,9,0,2024_9_0,ridge_swap,1973.7200927734375,96,0,0,0,2150.0041761398315,1966.4861450195312,2157.9351806640625,2300.8353271484375,115.4758426207635,1,73.46614583333333,15.460306803385418,0.13802083333333334,0.018344455295138895,0.11197916666666667,0.3515625,0.012539333767361112,0.12359619140625
2024,9,1,2024_9_1,ridge_swap,1927.300048828125,71,0,0,0,2161.911787668864,1995.1799072265626,2155.3525390625,2341.08896484375,160.48348634441692,0,76.84114583333333,3.8536444769965277,0.1953125,0.030782063802083343,0.1796875,0.3880208333333333,0.03228759765625,0.15056016710069442
2024,9,2,2024_9_2,ridge_swap,2090.7001953125,86,0,0,0,2071.0634018580117,1888.29111328125,2062.4443359375,2262.9349365234375,38.63218467848168,1,82.10677083333333,3.6206393771701384,0.4557291666666667,0.16306559244791669,0.049479166666666664,0.19791666666666666,0.0024481879340277775,0.03917100694444444
2024,9,3,2024_9_3,ridge_swap,2003.639892578125,71,0,0,0,2108.9667733510337,1923.3406005859374,2113.67578125,2282.613134765625,64.49409745799171,1,76.60416666666667,3.8319091796875,0.3697916666666667,0.11720106336805558,0.0703125,0.2682291666666667,0.00494384765625,0.07194688585069445
2024,9,4,2024_9_4,ridge_swap,2272.219970703125,65,0,0,1,2110.5188961029053,1934.341259765625,2107.2037353515625,2287.9643310546876,98.75629812810155,1,75.57552083333333,6.258822970920138,0.11197916666666667,0.012539333767361119,0.0703125,0.2604166666666667,0.00494384765625,0.5469835069444443
2024,9,5,2024_9_5,ridge_swap,2254.0,61,0,0,0,2063.256493886312,1883.8178466796876,2066.368896484375,2233.6322021484375,124.58994490073786,0,74.19270833333333,7.568454318576389,0.16145833333333334,0.025241427951388895,0.036458333333333336,0.14583333333333334,0.0013292100694444447,0.021267361111111115
2024,9,6,2024_9_6,ridge_swap,2523.64013671875,62,0,1,1,2180.5330613454184,2013.1449829101562,2169.6590576171875,2348.56787109375,269.1604119953182,0,72.31770833333333,5.864501953125,0.109375,0.011962890625,0.17708333333333334,0.4375,0.6771918402777777,0.31640625
2024,9,7,2024_9_7,ridge_swap,1970.9400634765625,63,0,0,0,2011.050141652425,1825.2675048828125,2014.8396606445312,2196.8082275390625,39.8694952097204,1,79.90104166666667,10.458482530381946,0.20572916666666666,0.03825547960069445,0.036458333333333336,0.10677083333333333,0.0013292100694444447,0.011400010850694444
2024,9,8,2024_9_8,ridge_swap,1932.800048828125,81,0,0,0,2033.779000600179,1847.944909667969,2028.0831298828125,2232.8748046875,58.35468610790039,1,79.18489583333333,3.612325032552084,0.07552083333333333,0.004970974392361105,0.0390625,0.140625,0.00152587890625,0.019775390625
2024,9,9,2024_9_9,ridge_swap,2184.89990234375,55,0,0,0,2138.55192788442,1963.1769653320312,2134.6705322265625,2321.36064453125,38.90699870304928,1,77.859375,15.853908962673612,0.1875,0.02978515625,0.09895833333333333,0.3125,0.00979275173611111,0.09765625
2024,9,10,2024_9_10,ridge_swap,2294.97998046875,78,0,0,1,2052.5120261510215,1864.434765625,2047.7341918945312,2246.022021484375,168.08061196158332,0,77.27083333333333,3.0057373046875,0.08072916666666667,0.005730523003472224,0.046875,0.15625,0.002197265625,0.7119140625
2024,9,11,2024_9_11,ridge_swap,1807.7200927734375,80,0,0,0,2097.1178550720215,1900.316943359375,2096.3966064453125,2284.55654296875,208.22238936854734,0,72.5390625,4.808763292100694,0.036458333333333336,0.0013292100694444475,0.08333333333333333,0.234375,0.006944444444444444,0.054931640625
2024,10,0,2024_10_0,production,1959.3199462890625,99,0,0,0,2131.203675587972,1950.1534423828125,2133.7427978515625,2309.279931640625,107.80149695277213,1,80.26041666666667,12.191636827256945,0.1484375,0.01983642578125,0.12239583333333333,0.3515625,0.01498074001736111,0.12359619140625
2024,10,1,2024_10_1,production,2059.02001953125,64,0,0,0,2089.8512477874756,1908.8249389648438,2088.445068359375,2287.5865234375,36.25654548903306,1,68.65885416666667,3.4814927842881938,0.09114583333333333,0.007846408420138881,0.08854166666666667,0.2265625,0.007839626736111112,0.05133056640625
2024,10,2,2024_10_2,production,1932.85986328125,93,0,0,0,2091.3271980285645,1914.8355346679687,2092.6527099609375,2274.3359619140624,98.4861797326141,1,82.68229166666667,6.476087782118055,0.34375,0.0984836154513889,0.07291666666666667,0.22916666666666666,0.005316840277777779,0.052517361111111105
2024,10,3,2024_10_3,production,2286.4599609375,59,0,0,1,2130.451339403788,1950.945068359375,2125.674072265625,2313.8673828125,96.67334121382898,1,73.90885416666667,8.982428656684029,0.1328125,0.015658908420138895,0.109375,0.3177083333333333,0.011962890625,0.4655219184027779
2024,10,4,2024_10_4,production,2153.659912109375,61,0,0,0,2074.674755414327,1893.776416015625,2078.2412109375,2252.6369384765626,48.94806542909808,1,76.54947916666667,9.39617919921875,0.171875,0.02617730034722221,0.06770833333333333,0.20052083333333334,0.004584418402777777,0.04020860460069445
2024,10,5,2024_10_5,production,2119.659912109375,72,0,0,0,2087.226794242859,1916.727685546875,2089.00830078125,2247.80751953125,33.61450813462338,1,72.3515625,2.79693603515625,0.09375,0.007866753472222224,0.06770833333333333,0.22135416666666666,0.004584418402777777,0.04899766710069444
2024,10,6,2024_10_6,production,2081.89990234375,76,0,0,0,2146.2665465672812,1960.0446899414062,2140.43115234375,2325.90849609375,45.84166156666147,1,78.5,3.2841525607638884,0.044270833333333336,0.001959906684027783,0.15104166666666666,0.3854166666666667,0.02281358506944444,0.14854600694444445
2024,10,7,2024_10_7,production,2213.5,66,0,0,1,2075.460236867269,1888.060791015625,2077.396484375,2234.4212646484375,81.7894560512569,1,74.95572916666667,4.954569498697917,0.140625,0.0177001953125,0.041666666666666664,0.1875,0.001736111111111111,0.66015625
2024,10,8,2024_10_8,production,2137.840087890625,78,0,0,0,2115.520767847697,1941.7546142578126,2123.0072021484375,2275.1764892578126,32.387809468640214,1,73.11197916666667,3.6782158745659714,0.057291666666666664,0.0032823350694444406,0.09895833333333333,0.28125,0.00979275173611111,0.0791015625
2024,10,9,2024_10_9,production,2361.8798828125,61,0,1,1,2087.114087422689,1915.5420532226562,2091.1141357421875,2262.984912109375,200.0414503299528,0,80.21354166666667,12.391805013020832,0.5286458333333334,0.19803195529513895,0.059895833333333336,0.19270833333333334,0.8837958441840277,0.6517198350694444
2024,10,10,2024_10_10,production,2175.52001953125,83,0,0,0,2089.2163025538125,1914.8101196289062,2080.334228515625,2272.475146484375,54.293430397080044,1,76.39583333333333,4.471896701388889,0.16145833333333334,0.022922092013888895,0.07291666666666667,0.24739583333333334,0.005316840277777779,0.06120469835069445
2024,10,11,2024_10_11,production,1860.800048828125,67,0,0,0,2053.2056633631387,1871.30322265625,2053.697265625,2224.228759765625,124.77474353959163,0,76.77864583333333,5.877326117621527,0.0703125,0.00494384765625,0.046875,0.15885416666666666,0.002197265625,0.02523464626736111
2024,10,0,2024_10_0,ridge_swap,1959.3199462890625,99,0,0,0,2141.991481781006,1952.0426879882812,2142.4200439453125,2322.808984375,115.33612600134478,1,79.99479166666667,12.448811848958332,0.140625,0.018364800347222224,0.125,0.3567708333333333,0.015625,0.1272854275173611
2024,10,1,2024_10_1,ridge_swap,2059.02001953125,64,0,0,0,2083.366782506307,1900.3607788085938,2082.3880615234375,2277.8743408203127,35.7972072975503,1,69.69010416666667,3.563700358072917,0.0859375,0.0065443250868055525,0.0703125,0.2109375,0.00494384765625,0.04449462890625
2024,10,2,2024_10_2,ridge_swap,1932.85986328125,93,0,0,0,2097.316648801168,1912.9465087890626,2098.2373046875,2283.6515625,101.67780092275804,1,81.51822916666667,7.046759711371527,0.3307291666666667,0.0920749240451389,0.09635416666666667,0.2526041666666667,0.009284125434027778,0.06380886501736112
2024,10,3,2024_10_3,ridge_swap,2286.4599609375,59,0,0,1,2122.218715031942,1952.5964599609374,2130.0048828125,2297.4012451171875,100.20283570057815,1,74.80208333333333,9.675116644965279,0.12760416666666666,0.015631781684027762,0.08333333333333333,0.3098958333333333,0.006944444444444444,0.47624376085069453
2024,10,4,2024_10_4,ridge_swap,2153.659912109375,61,0,0,0,2085.242454210917,1917.7184204101563,2082.9710693359375,2242.91728515625,43.802544697291324,1,75.31770833333333,8.3568115234375,0.20572916666666666,0.035488552517361105,0.059895833333333336,0.22135416666666666,0.003587510850694445,0.04899766710069444
2024,10,5,2024_10_5,ridge_swap,2119.659912109375,72,0,0,0,2081.8550650278726,1912.8230834960937,2077.567138671875,2248.272265625,36.813510447740555,1,72.6328125,2.994160970052084,0.10416666666666667,0.008897569444444448,0.049479166666666664,0.20833333333333334,0.0024481879340277775,0.04340277777777778
2024,10,6,2024_10_6,ridge_swap,2081.89990234375,76,0,0,0,2151.196557998657,1962.6384399414062,2141.248291015625,2352.651196289062,46.97849670052527,1,78.88020833333333,3.490600585937501,0.057291666666666664,0.0032823350694444406,0.15885416666666666,0.4010416666666667,0.02523464626736111,0.1608344184027778
2024,10,7,2024_10_7,ridge_swap,2213.5,66,0,0,1,2069.976149559021,1896.6296264648438,2070.0966796875,2238.713232421875,85.6517806823055,1,75.765625,5.552110460069444,0.1328125,0.014519585503472224,0.0390625,0.19010416666666666,0.00152587890625,0.6559312608506945
2024,10,8,2024_10_8,ridge_swap,2137.840087890625,78,0,0,0,2118.1689659754434,1945.1118896484375,2114.1697998046875,2300.2181396484375,32.664467714726925,1,73.078125,3.9187147352430554,0.046875,0.002197265625,0.10416666666666667,0.2890625,0.010850694444444446,0.08355712890625
2024,10,9,2024_10_9,ridge_swap,2361.8798828125,61,0,1,1,2083.910233815511,1925.0312377929688,2085.2828369140625,2248.30146484375,207.5196972373459,0,79.80729166666667,12.318752712673612,0.4973958333333333,0.1941799587673611,0.06510416666666667,0.1875,0.8740302191840279,0.66015625
2024,10,10,2024_10_10,ridge_swap,2175.52001953125,83,0,0,0,2082.1929098765054,1900.93759765625,2082.6590576171875,2265.7197021484376,57.509292006492615,1,75.72916666666667,5.040771484375001,0.15885416666666666,0.022874620225694448,0.09114583333333333,0.234375,0.008307562934027776,0.054931640625
2024,10,11,2024_10_11,ridge_swap,1860.800048828125,67,0,0,0,2053.638204574585,1881.1796142578125,2045.4208984375,2243.4576416015625,122.99652727279397,0,76.38020833333333,5.733439127604166,0.0703125,0.00494384765625,0.057291666666666664,0.13802083333333334,0.003282335069444444,0.01904975043402778
2024,11,0,2024_11_0,production,2313.89990234375,63,0,0,1,2114.86905225118,1944.1669799804688,2114.7291259765625,2297.5979248046874,128.31293031573296,0,74.1171875,6.671691894531251,0.125,0.0137939453125,0.09895833333333333,0.2994791666666667,0.00979275173611111,0.4907294379340277
2024,11,1,2024_11_1,production,2043.5,94,0,0,0,2073.341130256653,1881.9748779296874,2072.4041748046875,2259.9100830078123,38.41031965199444,1,81.859375,7.417792426215277,0.2734375,0.06671142578125,0.06770833333333333,0.21875,0.004584418402777777,0.0478515625
2024,11,2,2024_11_2,production,2051.0400390625,77,0,0,0,2040.6173442204793,1872.6576171875,2030.506103515625,2220.1712646484375,32.448244637085324,1,82.0390625,3.8576727973090277,0.4322916666666667,0.1541205512152778,0.033854166666666664,0.13541666666666666,0.0011461046006944443,0.01833767361111111
2024,11,3,2024_11_3,production,1912.0799560546875,82,0,0,0,2058.0938272476196,1882.5441162109375,2062.7486572265625,2236.1349609375,88.42074414673779,1,81.93229166666667,3.220987955729167,0.19791666666666666,0.03716362847222221,0.033854166666666664,0.15364583333333334,0.0011461046006944443,0.023607042100694448
2024,11,4,2024_11_4,production,2061.6201171875,72,0,0,0,2076.893643697103,1896.0919189453125,2079.951416015625,2251.25380859375,34.49493046104908,1,73.1796875,3.378302680121527,0.1640625,0.02227783203125,0.0703125,0.22135416666666666,0.00494384765625,0.04899766710069444
2024,11,5,2024_11_5,production,2013.18017578125,78,0,0,0,2094.117571512858,1918.460205078125,2091.365966796875,2262.090869140625,51.539443726340934,1,73.93489583333333,3.5279201931423607,0.13020833333333334,0.015041775173611119,0.08072916666666667,0.2265625,0.006517198350694445,0.05133056640625
2024,11,6,2024_11_6,production,2132.699951171875,55,0,0,0,2095.2132670084634,1923.4587524414062,2096.2557373046875,2248.38291015625,34.891681616505,1,71.55208333333333,10.513224283854164,0.08072916666666667,0.006110297309027776,0.046875,0.234375,0.002197265625,0.054931640625
2024,11,7,2024_11_7,production,2028.0400390625,77,0,0,0,2169.973879178365,1997.9319213867188,2166.80859375,2351.947705078125,85.63115477479165,1,76.71614583333333,3.1543307834201393,0.171875,0.0269775390625,0.18489583333333334,0.4453125,0.03418646918402778,0.19830322265625
2024,11,8,2024_11_8,production,2102.719970703125,60,0,0,0,2029.376171429952,1857.8005126953126,2023.5199584960938,2192.8440673828127,48.286725252038906,1,74.80989583333333,8.685282389322914,0.07291666666666667,0.004950629340277776,0.03125,0.1171875,0.0009765625,0.01373291015625
2024,11,9,2024_11_9,production,1910.0400390625,78,0,0,0,2082.6517537434897,1897.0548461914063,2089.516357421875,2260.874560546875,105.99667353265816,1,78.47916666666667,3.2110460069444446,0.20833333333333334,0.03310818142361113,0.08333333333333333,0.2708333333333333,0.006944444444444444,0.07335069444444443
2024,11,10,2024_11_10,production,2379.0400390625,83,0,1,1,2155.904310862223,1998.7740600585937,2155.31884765625,2306.4951904296877,155.4115385827091,0,71.17447916666667,7.521613226996528,0.09375,0.008314344618055552,0.171875,0.4166666666666667,0.685791015625,0.3402777777777777
2024,11,11,2024_11_11,production,2336.679931640625,66,0,0,1,2097.480110168457,1925.1966674804687,2092.739501953125,2274.5014892578124,165.47710737089315,0,74.95052083333333,5.201246473524306,0.10677083333333333,0.010857476128472224,0.09635416666666667,0.2604166666666667,0.009284125434027778,0.5469835069444443
2024,11,0,2024_11_0,ridge_swap,2313.89990234375,63,0,0,1,2113.8134870529175,1939.9286865234376,2120.4847412109375,2280.2486572265625,131.52705189668472,0,74.22135416666667,6.441073947482639,0.12239583333333333,0.013190375434027776,0.078125,0.2890625,0.006103515625,0.50543212890625
2024,11,1,2024_11_1,ridge_swap,2043.5,94,0,0,0,2069.445934931437,1885.597265625,2062.31103515625,2273.3658447265625,37.519917254646614,1,83.046875,6.592569986979168,0.2890625,0.07110595703125,0.07552083333333333,0.20052083333333334,0.00570339626736111,0.04020860460069445
2024,11,2,2024_11_2,ridge_swap,2051.0400390625,77,0,0,0,2043.2206541697185,1836.616845703125,2040.2054443359375,2246.1065185546877,36.41053677267499,1,82.84375,4.021552191840279,0.453125,0.1599663628472222,0.046875,0.18229166666666666,0.002197265625,0.033230251736111105
2024,11,3,2024_11_3,ridge_swap,1912.0799560546875,82,0,0,0,2065.3178246816,1882.1502197265625,2069.1739501953125,2241.6962646484376,93.03999963568316,1,80.91145833333333,3.2722303602430554,0.16145833333333334,0.025241427951388895,0.052083333333333336,0.18489583333333334,0.0027126736111111114,0.03418646918402778
2024,11,4,2024_11_4,ridge_swap,2061.6201171875,72,0,0,0,2080.22296778361,1922.5758666992188,2079.3695068359375,2254.156689453125,31.84457365506225,1,73.21354166666667,3.3954535590277777,0.20572916666666666,0.03445773654513887,0.057291666666666664,0.20833333333333334,0.003282335069444444,0.04340277777777778
2024,11,5,2024_11_5,ridge_swap,2013.18017578125,78,0,0,0,2099.668687184652,1928.4054809570314,2096.777099609375,2272.473779296875,52.71805278956889,1,74.015625,3.7968614366319446,0.10416666666666667,0.009819878472222224,0.06770833333333333,0.24479166666666666,0.004584418402777777,0.05992296006944444
2024,11,6,2024_11_6,ridge_swap,2132.699951171875,55,0,0,0,2079.824663480123,1918.5680541992188,2075.3046875,2256.151904296875,41.375998458100696,1,71.8125,10.422146267361112,0.08333333333333333,0.006944444444444434,0.0546875,0.19791666666666666,0.00299072265625,0.03917100694444444
2024,11,7,2024_11_7,ridge_swap,2028.0400390625,77,0,0,0,2175.649620374044,1996.3169189453124,2181.7947998046875,2348.1402587890625,91.51706429902052,1,76.05208333333333,3.4083523220486107,0.14583333333333334,0.017808702256944448,0.22135416666666666,0.4791666666666667,0.04899766710069444,0.22960069444444448
2024,11,8,2024_11_8,ridge_swap,2102.719970703125,60,0,0,0,2032.0207557678223,1854.0113647460937,2033.16796875,2210.1276123046873,45.0120260781712,1,73.7265625,8.170661078559029,0.059895833333333336,0.0035875108506944475,0.036458333333333336,0.11979166666666667,0.0013292100694444447,0.01435004340277778
2024,11,9,2024_11_9,ridge_swap,1910.0400390625,78,0,0,0,2078.752749760946,1919.6421997070313,2074.614013671875,2244.7508056640627,107.5880911267466,0,78.84375,3.0217827690972214,0.21614583333333334,0.03597683376736113,0.059895833333333336,0.22135416666666666,0.003587510850694445,0.04899766710069444
2024,11,10,2024_11_10,ridge_swap,2379.0400390625,83,0,1,1,2157.063359260559,1996.1669067382813,2156.121337890625,2326.99765625,155.61842008514537,0,70.8359375,7.616353352864583,0.09114583333333333,0.008307562934027776,0.140625,0.3697916666666667,0.738525390625,0.3971625434027777
2024,11,11,2024_11_11,ridge_swap,2336.679931640625,66,0,0,1,2107.1683432261148,1908.0228759765625,2122.8695068359375,2296.3615234375,148.88018382423454,0,74.47135416666667,4.999545627170138,0.1171875,0.013136121961805552,0.109375,0.3020833333333333,0.011962890625,0.4870876736111112
2025,0,0,2025_0_0,production,2351.06005859375,55,0,1,1,2151.7879921595254,1980.0001220703125,2152.850830078125,2322.406640625,129.90695368498564,0,72.1875,10.436889648437498,0.13802083333333334,0.015794542100694448,0.09375,0.328125,0.8212890625,0.451416015625
2025,0,1,2025_0_1,production,2068.06005859375,64,0,0,0,2135.0573711395264,1954.9516723632812,2144.705078125,2296.0179931640623,47.456727789507966,1,77.08072916666667,7.425977918836805,0.15885416666666666,0.022142198350694448,0.0859375,0.2994791666666667,0.00738525390625,0.08968777126736112
2025,0,2,2025_0_2,production,2149.3798828125,71,0,0,0,2203.1718187332153,2039.2023315429688,2200.5751953125,2384.6226318359377,39.88831692188978,1,73.6640625,3.3259616427951384,0.125,0.014377170138888895,0.1953125,0.4661458333333333,0.03814697265625,0.21729193793402776
2025,0,3,2025_0_3,production,2203.080078125,50,0,0,1,2073.279890060425,1900.79619140625,2079.606689453125,2247.38388671875,75.92857552236981,1,77.04166666666667,19.524943033854164,0.08854166666666667,0.007392035590277776,0.018229166666666668,0.140625,0.0003323025173611112,0.738525390625
2025,0,4,2025_0_4,production,1985.659912109375,100,0,0,0,2118.470895767212,1943.75458984375,2118.3101806640625,2290.1744140625,78.56553149223328,1,76.54427083333333,17.07935248480903,0.059895833333333336,0.0032891167534722238,0.0703125,0.2421875,0.00494384765625,0.05865478515625
2025,0,5,2025_0_5,production,2047.0,60,0,0,0,2166.796894709269,1978.9468627929687,2164.53173828125,2349.252978515625,71.5274356851975,1,77.19791666666667,10.507459852430554,0.21614583333333334,0.03950330946180555,0.16145833333333334,0.3463541666666667,0.02606879340277778,0.11996120876736112
2025,0,6,2025_0_6,production,2213.080078125,61,0,0,1,2078.9590861002603,1894.588134765625,2081.8848876953125,2264.6423828125,80.00379927621948,1,80.29427083333333,12.20235866970486,0.13802083333333334,0.017015245225694448,0.041666666666666664,0.171875,0.001736111111111111,0.685791015625
2025,0,7,2025_0_7,production,1978.5,83,0,0,0,2067.0584621429443,1892.7287109375,2065.00146484375,2239.406689453125,53.430961492988786,1,77.52864583333333,4.187628851996527,0.20052083333333334,0.03620741102430555,0.036458333333333336,0.13541666666666666,0.0013292100694444447,0.01833767361111111
2025,0,8,2025_0_8,production,1945.5799560546875,101,0,0,0,2133.6994603474936,1970.5151611328124,2143.209716796875,2292.745263671875,127.59327316615317,0,69.02864583333333,25.104227701822918,0.14583333333333334,0.019802517361111133,0.07291666666666667,0.2734375,0.005316840277777779,0.07476806640625
2025,0,9,2025_0_9,production,1679.7000732421875,94,0,0,0,2089.531951904297,1897.9836547851562,2090.3033447265625,2281.84482421875,328.5409271021684,0,72.35416666666667,14.917005750868054,0.12239583333333333,0.012647840711805552,0.0703125,0.19010416666666666,0.00494384765625,0.036139594184027776
2025,0,10,2025_0_10,production,2049.059814453125,73,0,0,0,1999.8634185791016,1801.8195678710938,2000.5805053710938,2206.200439453125,42.61376447313363,1,81.48697916666667,4.928337944878473,0.359375,0.099853515625,0.020833333333333332,0.06770833333333333,0.00043402777777777775,0.004584418402777777
2025,0,11,2025_0_11,production,2088.64013671875,72,0,0,0,2159.8261534372964,1982.5546142578125,2162.3878173828125,2338.8787841796875,45.5805168416765,1,73.8125,3.2227783203125,0.17708333333333334,0.028713650173611133,0.1328125,0.3385416666666667,0.01763916015625,0.11461046006944446
2025,0,0,2025_0_0,ridge_swap,2351.06005859375,55,0,1,1,2136.1338427861533,1956.98408203125,2139.95361328125,2312.54501953125,141.36881137804852,0,72.265625,10.852932400173612,0.11979166666666667,0.012071397569444448,0.1171875,0.2734375,0.77935791015625,0.52789306640625
2025,0,1,2025_0_1,ridge_swap,2068.06005859375,64,0,0,0,2128.450071334839,1973.0294067382813,2136.7926025390625,2306.9008056640623,41.40828057626884,1,78.08854166666667,8.331244574652779,0.18229166666666666,0.027167426215277762,0.0703125,0.2708333333333333,0.00494384765625,0.07335069444444443
2025,0,2,2025_0_2,ridge_swap,2149.3798828125,71,0,0,0,2186.4452101389566,2002.8741821289063,2186.5478515625,2369.526953125,39.697387478417824,1,74.23697916666667,3.429097493489584,0.13020833333333334,0.016289605034722238,0.1875,0.4505208333333333,0.03515625,0.2029690212673611
2025,0,3,2025_0_3,ridge_swap,2203.080078125,50,0,0,1,2075.8750241597495,1888.468701171875,2078.105712890625,2253.2419921875,74.60738053917886,1,76.8671875,19.34503173828125,0.09635416666666667,0.009284125434027776,0.046875,0.171875,0.002197265625,0.685791015625
2025,0,4,2025_0_4,ridge_swap,1985.659912109375,100,0,0,0,2112.731558481852,1940.845947265625,2115.2626953125,2274.3604736328125,76.41315215660465,1,76.79166666666667,16.597384982638886,0.057291666666666664,0.0029975043402777762,0.07291666666666667,0.24479166666666666,0.005316840277777779,0.05992296006944444
2025,0,5,2025_0_5,ridge_swap,2047.0,60,0,0,0,2169.9672660827637,1969.6994262695312,2174.906494140625,2362.163671875,75.40166503025425,1,76.25520833333333,9.484171549479164,0.23697916666666666,0.04614935980902776,0.1484375,0.3828125,0.02203369140625,0.14654541015625
2025,0,6,2025_0_6,ridge_swap,2213.080078125,61,0,0,1,2085.0485273996987,1896.6793701171875,2076.7025146484375,2265.4508056640625,77.69041018353568,1,79.22135416666667,11.222663031684029,0.140625,0.019056532118055552,0.057291666666666664,0.17447916666666666,0.003282335069444444,0.6814846462673612
2025,0,7,2025_0_7,ridge_swap,1978.5,83,0,0,0,2060.467361768087,1881.0292724609376,2061.5582275390625,2234.160498046875,53.38460263858239,1,77.73958333333333,4.346055772569445,0.1953125,0.03253173828125,0.044270833333333336,0.140625,0.001959906684027778,0.019775390625
2025,0,8,2025_0_8,ridge_swap,1945.5799560546875,101,0,0,0,2127.745624860128,1946.0579467773437,2128.764892578125,2299.57158203125,118.24914196216397,0,70.3203125,23.08648681640625,0.16927083333333334,0.024529351128472238,0.08072916666666667,0.2838541666666667,0.006517198350694445,0.08057318793402779
2025,0,9,2025_0_9,ridge_swap,1679.7000732421875,94,0,0,0,2100.4370555877686,1916.8038696289063,2114.03271484375,2276.8521240234377,340.2460963179668,0,71.16666666666667,16.217068142361114,0.09375,0.007866753472222224,0.041666666666666664,0.22135416666666666,0.001736111111111111,0.04899766710069444
2025,0,10,2025_0_10,ridge_swap,2049.059814453125,73,0,0,0,1990.5742197036743,1820.8851196289063,1979.947265625,2161.624609375,43.463701949351375,1,81.36979166666667,4.672485351562499,0.328125,0.09050835503472221,0.010416666666666666,0.057291666666666664,0.00010850694444444444,0.003282335069444444
2025,0,11,2025_0_11,ridge_swap,2088.64013671875,72,0,0,0,2153.200153986613,1983.0402954101562,2143.1051025390625,2334.587109375,41.69058894117673,1,73.73958333333333,3.4417182074652777,0.21354166666666666,0.03583441840277776,0.12239583333333333,0.328125,0.01498074001736111,0.107666015625
2025,1,0,2025_1_0,production,2197.619873046875,82,0,0,1,2149.3967657089233,1969.992919921875,2157.111328125,2317.6845947265624,38.29206908825371,1,79.22916666666667,3.2813178168402777,0.15885416666666666,0.023634168836805552,0.11197916666666667,0.3177083333333333,0.012539333767361112,0.4655219184027779
2025,1,1,2025_1_1,production,2199.22021484375,54,0,0,1,2095.246548652649,1915.4228515625,2093.874755859375,2284.0521484375,61.21657658533917,1,80.00260416666667,18.387403700086804,0.109375,0.011962890625,0.0546875,0.21875,0.00299072265625,0.6103515625
2025,1,2,2025_1_2,production,1796.419921875,95,0,0,0,2150.5401430130005,1969.5436767578126,2155.3310546875,2336.825146484375,275.4899437187446,0,75.94010416666667,12.43548583984375,0.16927083333333334,0.023851182725694448,0.125,0.3411458333333333,0.015625,0.11638047960069443
2025,1,3,2025_1_3,production,2071.93994140625,69,0,0,0,2119.131096204122,1942.9791015625,2122.447265625,2292.125146484375,39.77165630542571,1,70.11458333333333,2.909478081597223,0.18489583333333334,0.028028700086805552,0.08072916666666667,0.2526041666666667,0.006517198350694445,0.06380886501736112
2025,1,4,2025_1_4,production,2090.39990234375,65,0,0,0,2121.233163833618,1957.2518310546875,2123.9722900390625,2290.602685546875,32.704886751042466,1,77.75520833333333,7.435519748263889,0.109375,0.011962890625,0.057291666666666664,0.23697916666666666,0.003282335069444444,0.056159125434027776
2025,1,5,2025_1_5,production,2070.239990234375,90,0,0,0,2150.989688873291,1972.3602416992187,2154.8751220703125,2317.8319580078123,53.25867346094715,1,74.38541666666667,10.202758789062502,0.12760416666666666,0.012295193142361105,0.11979166666666667,0.3229166666666667,0.01435004340277778,0.10427517361111112
2025,1,6,2025_1_6,production,2092.580078125,73,0,0,0,2098.198547681173,1918.4786865234375,2090.911376953125,2287.252294921875,33.71145545856821,1,83.15885416666667,5.786207411024305,0.3307291666666667,0.0798678927951389,0.06770833333333333,0.1875,0.004584418402777777,0.03515625
2025,1,7,2025_1_7,production,1862.300048828125,102,0,0,0,2140.269715309143,1961.20517578125,2139.38134765625,2336.127685546875,198.02038918849496,0,73.31770833333333,21.74201117621528,0.09114583333333333,0.008307562934027776,0.1171875,0.3151041666666667,0.01373291015625,0.09929063585069446
2025,1,8,2025_1_8,production,2370.9599609375,55,0,1,1,2076.149879137675,1903.3614990234375,2081.6839599609375,2247.85439453125,216.8097955096099,0,82.09635416666667,19.70511203342014,0.3125,0.07735188802083334,0.044270833333333336,0.15364583333333334,0.913418240017361,0.7163153754340277
2025,1,9,2025_1_9,production,1913.9600830078125,79,0,0,0,2075.23464457194,1884.81064453125,2070.717041015625,2269.48759765625,97.6247300174501,1,74.89322916666667,4.154805501302084,0.11458333333333333,0.011990017361111105,0.07291666666666667,0.1875,0.005316840277777779,0.03515625
2025,1,10,2025_1_10,production,1749.9599609375,85,0,0,0,2111.3073517481484,1941.8773193359375,2097.2054443359375,2296.72685546875,285.3591435444024,0,71.95572916666667,8.276292588975695,0.20052083333333334,0.03443060980902779,0.09895833333333333,0.23177083333333334,0.00979275173611111,0.05371771918402778
2025,1,11,2025_1_11,production,2014.4599609375,60,0,0,0,2103.4543409347534,1927.1749145507813,2113.64111328125,2274.463427734375,56.67724781317844,1,72.90364583333333,7.451368543836805,0.09635416666666667,0.008795844184027776,0.049479166666666664,0.234375,0.0024481879340277775,0.054931640625
2025,1,0,2025_1_0,ridge_swap,2197.619873046875,82,0,0,1,2142.84191830953,1969.3515747070312,2139.263427734375,2331.425390625,44.84569179183907,1,79.61979166666667,3.3580322265625,0.18229166666666666,0.028822157118055552,0.1328125,0.2994791666666667,0.01763916015625,0.4907294379340277
2025,1,1,2025_1_1,ridge_swap,2199.22021484375,54,0,0,1,2093.4086599349976,1890.3343627929687,2090.1390380859375,2289.13330078125,64.67602675242556,1,79.47916666666667,17.842881944444443,0.09375,0.007866753472222224,0.078125,0.21354166666666666,0.006103515625,0.6185167100694445
2025,1,2,2025_1_2,ridge_swap,1796.419921875,95,0,0,0,2147.494218826294,1968.876513671875,2155.6905517578125,2325.6513916015624,274.4875724464655,0,76.22395833333333,12.421183268229168,0.171875,0.02617730034722221,0.11458333333333333,0.3411458333333333,0.013129340277777776,0.11638047960069443
2025,1,3,2025_1_3,ridge_swap,2071.93994140625,69,0,0,0,2112.672929763794,1946.9920654296875,2114.200927734375,2295.05458984375,36.429069073663825,1,70.13541666666667,3.1459689670138893,0.16145833333333334,0.022148980034722238,0.07291666666666667,0.23177083333333334,0.005316840277777779,0.05371771918402778
2025,1,4,2025_1_4,ridge_swap,2090.39990234375,65,0,0,0,2128.5593296686807,1957.162890625,2134.171142578125,2301.949267578125,37.914353520505955,1,78.56510416666667,8.15362548828125,0.16145833333333334,0.024441189236111133,0.06510416666666667,0.3046875,0.004238552517361112,0.09283447265625
2025,1,5,2025_1_5,ridge_swap,2070.239990234375,90,0,0,0,2140.3901427586875,1947.6408203125,2144.44580078125,2327.656640625,48.66817029731142,1,73.88541666666667,10.36181640625,0.12239583333333333,0.012647840711805552,0.11458333333333333,0.3333333333333333,0.013129340277777776,0.1111111111111111
2025,1,6,2025_1_6,ridge_swap,2092.580078125,73,0,0,0,2090.921976407369,1894.39765625,2097.7294921875,2264.7629638671874,32.079270631902745,1,82.796875,5.442545572916667,0.3515625,0.0975680881076389,0.06510416666666667,0.18489583333333334,0.004238552517361112,0.03418646918402778
2025,1,7,2025_1_7,ridge_swap,1862.300048828125,102,0,0,0,2137.5678466161094,1947.0053955078124,2138.21337890625,2321.796875,192.0611259299848,0,73.51302083333333,21.296040852864582,0.08854166666666667,0.007392035590277776,0.125,0.3098958333333333,0.015625,0.0960354275173611
2025,1,8,2025_1_8,ridge_swap,2370.9599609375,55,0,1,1,2073.687573115031,1886.2387084960938,2079.28662109375,2255.7182128906247,219.16475600832035,0,82.5,20.27548556857639,0.2760416666666667,0.06679958767361113,0.0390625,0.14583333333333334,0.92340087890625,0.7296006944444444
2025,1,9,2025_1_9,ridge_swap,1913.9600830078125,79,0,0,0,2060.8429193496704,1864.9682250976562,2066.94091796875,2243.268896484375,90.95116966383326,1,75.11458333333333,3.682983398437499,0.13020833333333334,0.016289605034722238,0.020833333333333332,0.14583333333333334,0.00043402777777777775,0.021267361111111115
2025,1,10,2025_1_10,ridge_swap,1749.9599609375,85,0,0,0,2126.3742612202964,1953.74970703125,2123.4462890625,2301.30302734375,299.66829522450763,0,70.86197916666667,8.865892198350693,0.2265625,0.043735080295138895,0.09895833333333333,0.28125,0.00979275173611111,0.0791015625
2025,1,11,2025_1_11,ridge_swap,2014.4599609375,60,0,0,0,2092.987873395284,1922.1692993164063,2093.716796875,2276.2658203125,49.971889447006916,1,72.9296875,7.635898166232639,0.08333333333333333,0.006944444444444434,0.07291666666666667,0.20833333333333334,0.005316840277777779,0.04340277777777778
2025,2,0,2025_2_0,production,2140.68017578125,51,0,0,1,2106.654478708903,1925.0565185546875,2113.5455322265625,2278.7840576171875,35.1458291825321,1,78.40364583333333,20.01644558376736,0.15885416666666666,0.021436903211805552,0.07291666666666667,0.21875,0.005316840277777779,0.6103515625
2025,2,1,2025_2_1,production,2122.7001953125,83,0,0,0,2134.3580255508423,1957.1927612304687,2134.1072998046875,2306.0771484375,32.337524615228176,1,73.0703125,6.171529134114584,0.125,0.013237847222222224,0.09375,0.2734375,0.0087890625,0.07476806640625
2025,2,2,2025_2_2,production,2005.1201171875,80,0,0,0,2153.965439478556,1971.5818603515625,2148.3905029296875,2341.69150390625,88.96418336861664,1,72.85416666666667,4.608330620659721,0.15885416666666666,0.022874620225694448,0.13020833333333334,0.3177083333333333,0.016954210069444448,0.10093858506944443
2025,2,3,2025_2_3,production,1998.320068359375,81,0,0,0,2163.4860423405967,1985.2616943359376,2165.026611328125,2338.7127197265627,102.06021868106393,1,74.87760416666667,4.560526529947916,0.10677083333333333,0.010342068142361105,0.10416666666666667,0.3515625,0.010850694444444446,0.12359619140625
2025,2,4,2025_2_4,production,2060.260009765625,75,0,0,0,2067.4858576456704,1880.8118041992188,2079.3739013671875,2232.3188232421876,33.41041626864009,1,80.68229166666667,3.7304551866319446,0.2916666666666667,0.07378472222222224,0.028645833333333332,0.125,0.000820583767361111,0.015625
2025,2,5,2025_2_5,production,2191.820068359375,68,0,0,1,2106.9077355066934,1937.0935546875,2108.290283203125,2306.350830078125,55.65826138274538,1,80.93489583333333,7.467183430989583,0.15885416666666666,0.024420844184027762,0.07291666666666667,0.2109375,0.005316840277777779,0.62261962890625
2025,2,6,2025_2_6,production,2066.820068359375,99,0,0,0,2177.7320642471313,1982.9546508789062,2186.4444580078125,2366.02646484375,70.67856707423925,1,74.5078125,17.282789442274304,0.14583333333333334,0.020521375868055552,0.15885416666666666,0.421875,0.02523464626736111,0.177978515625
2025,2,7,2025_2_7,production,2111.18017578125,70,0,0,0,2110.4693581263223,1944.419140625,2104.6217041015625,2279.891845703125,31.95220644689269,1,73.44010416666667,3.5284898546006946,0.203125,0.0311279296875,0.059895833333333336,0.20572916666666666,0.003587510850694445,0.042324490017361105
2025,2,8,2025_2_8,production,2058.199951171875,77,0,0,0,2105.898836771647,1927.4986328125,2105.5570068359375,2275.896142578125,37.65659633113279,1,74.98177083333333,3.3510810004340286,0.19791666666666666,0.03179253472222221,0.049479166666666664,0.203125,0.0024481879340277775,0.041259765625
2025,2,9,2025_2_9,production,2053.02001953125,82,0,0,0,2133.0981225967407,1946.0261474609374,2128.865234375,2312.92998046875,52.082278389897596,1,75.9296875,4.447502983940972,0.1953125,0.03429497612847221,0.09635416666666667,0.2630208333333333,0.009284125434027778,0.0691799587673611
2025,2,10,2025_2_10,production,1736.5400390625,82,0,0,0,2081.143987019857,1901.46337890625,2087.61279296875,2266.3149658203124,265.6455395370722,0,74.13020833333333,4.960625542534721,0.0703125,0.00494384765625,0.0546875,0.15104166666666666,0.00299072265625,0.02281358506944444
2025,2,11,2025_2_11,production,2204.260009765625,54,0,1,1,2123.736746152242,1942.08671875,2130.490966796875,2299.813818359375,51.093477874166425,1,75.32552083333333,14.350958930121527,0.09895833333333333,0.008816189236111105,0.078125,0.2578125,0.849853515625,0.55084228515625
2025,2,0,2025_2_0,ridge_swap,2140.68017578125,51,0,0,1,2104.346975962321,1924.6901733398438,2113.255615234375,2288.6972412109376,34.932304352521896,1,78.58072916666667,20.36205376519097,0.15625,0.0206298828125,0.0625,0.22916666666666666,0.00390625,0.5941840277777778
2025,2,1,2025_2_1,ridge_swap,2122.7001953125,83,0,0,0,2117.6565176645913,1930.7978515625,2118.93017578125,2295.52041015625,33.206077858805656,1,74.52083333333333,5.438245985243056,0.1640625,0.020853678385416657,0.0859375,0.24739583333333334,0.00738525390625,0.06120469835069445
2025,2,2,2025_2_2,ridge_swap,2005.1201171875,80,0,0,0,2150.2143812179565,1972.1327758789062,2158.5548095703125,2318.987548828125,92.09190292076933,1,73.265625,5.013441297743055,0.16927083333333334,0.028652615017361133,0.1015625,0.3255208333333333,0.01031494140625,0.10596381293402776
2025,2,3,2025_2_3,ridge_swap,1998.320068359375,81,0,0,0,2155.8908475240073,1969.9704345703126,2153.7833251953125,2338.6267333984374,95.66728857325184,1,75.12239583333333,4.365729437934027,0.10677083333333333,0.010857476128472224,0.125,0.3411458333333333,0.015625,0.11638047960069443
2025,2,4,2025_2_4,ridge_swap,2060.260009765625,75,0,0,0,2047.6077035268147,1867.2527587890625,2057.0506591796875,2211.4181396484373,30.766941568917687,1,81.140625,3.8896484375,0.3098958333333333,0.0799221462673611,0.026041666666666668,0.09895833333333333,0.0006781684027777779,0.00979275173611111
2025,2,5,2025_2_5,ridge_swap,2191.820068359375,68,0,0,1,2095.2898025512695,1926.7363159179688,2094.37890625,2274.947998046875,58.847319685750534,1,80.47916666666667,7.0693359375,0.16927083333333334,0.026943630642361133,0.0703125,0.20052083333333334,0.00494384765625,0.6391669379340277
2025,2,6,2025_2_6,ridge_swap,2066.820068359375,99,0,0,0,2170.523596763611,1977.5051025390626,2176.4700927734375,2354.8866455078123,65.11299469487534,1,74.41927083333333,17.608378092447918,0.12239583333333333,0.014980740017361105,0.16145833333333334,0.3828125,0.02606879340277778,0.14654541015625
2025,2,7,2025_2_7,ridge_swap,2111.18017578125,70,0,0,0,2110.2446349461875,1946.1411987304687,2111.24169921875,2265.9261474609375,31.642918585903118,1,73.40885416666667,3.246453179253473,0.18489583333333334,0.029710557725694448,0.06510416666666667,0.21614583333333334,0.004238552517361112,0.04671902126736111
2025,2,8,2025_2_8,ridge_swap,2058.199951171875,77,0,0,0,2108.973077774048,1937.1056030273437,2105.8951416015625,2286.7085205078124,38.691706265012414,1,73.5859375,3.5074801974826384,0.1796875,0.026401095920138895,0.06770833333333333,0.20833333333333334,0.004584418402777777,0.04340277777777778
2025,2,9,2025_2_9,ridge_swap,2053.02001953125,82,0,0,0,2132.129247983297,1926.3259887695312,2140.427978515625,2310.5263916015624,54.39670566138294,1,76.07291666666667,4.525973849826388,0.20052083333333334,0.032626681857638895,0.0859375,0.2760416666666667,0.00738525390625,0.07619900173611112
2025,2,10,2025_2_10,ridge_swap,1736.5400390625,82,0,0,0,2084.3680947621665,1913.0950927734375,2087.394775390625,2247.79892578125,271.26360066897337,0,73.58072916666667,5.168979220920139,0.0703125,0.0045912000868055525,0.044270833333333336,0.1875,0.001959906684027778,0.03515625
2025,2,11,2025_2_11,ridge_swap,2204.260009765625,54,0,1,1,2139.0054426193237,1957.6747680664062,2141.85693359375,2324.5001953125,44.32771608150668,1,73.9765625,13.054734971788196,0.09114583333333333,0.007412380642361105,0.10416666666666667,0.2864583333333333,0.8025173611111112,0.5091417100694445
2025,3,0,2025_3_0,production,2169.760009765625,54,0,0,0,2168.723247528076,2012.7935546875,2162.398193359375,2341.1968505859377,31.536502505342156,1,69.31510416666667,9.397128634982638,0.09895833333333333,0.009792751736111105,0.125,0.34375,0.015625,0.1181640625
2025,3,1,2025_3_1,production,2364.23974609375,71,0,1,1,2155.615521748861,1975.9149780273438,2159.0235595703125,2321.20888671875,139.33968116177454,0,74.11458333333333,3.1930202907986116,0.1953125,0.03339979383680555,0.140625,0.3333333333333333,0.738525390625,0.44444444444444453
2025,3,2,2025_3_2,production,1650.139892578125,111,0,0,0,2171.8747412363687,1985.3579467773438,2175.49560546875,2341.2531005859373,441.9255601300133,0,78.0078125,25.035692003038193,0.06770833333333333,0.004245334201388881,0.13411458333333334,0.390625,0.017986721462673612,0.152587890625
2025,3,3,2025_3_3,production,1949.719970703125,81,0,0,0,2082.824056943258,1909.31728515625,2086.8404541015625,2240.247021484375,82.72504961076712,1,80.82552083333333,3.046502007378473,0.11979166666666667,0.012600368923611119,0.046875,0.13802083333333334,0.002197265625,0.01904975043402778
2025,3,4,2025_3_4,production,2181.5,90,0,0,1,2159.6093425750732,1994.33916015625,2147.322998046875,2336.4323486328126,35.112574580642914,1,69.96354166666667,13.598307291666664,0.09375,0.008314344618055552,0.1328125,0.3515625,0.01763916015625,0.42047119140625
2025,3,5,2025_3_5,production,2086.080078125,78,0,0,0,2058.6831289927163,1889.5176635742187,2063.8551025390625,2224.060205078125,31.473666899734084,1,76.69791666666667,3.2045355902777786,0.234375,0.04408094618055555,0.020833333333333332,0.11197916666666667,0.00043402777777777775,0.012539333767361112
2025,3,6,2025_3_6,production,2168.179931640625,76,0,0,0,2119.520367940267,1936.7465576171876,2125.1436767578125,2285.5967529296877,36.64817952281898,1,79.49479166666667,3.3714870876736116,0.3229166666666667,0.07816569010416669,0.07942708333333333,0.24739583333333334,0.006308661566840277,0.06120469835069445
2025,3,7,2025_3_7,production,2269.760009765625,48,0,0,1,2086.4371601740518,1882.230322265625,2084.47021484375,2266.843115234375,115.49247192756997,0,77.55989583333333,21.68274603949653,0.07552083333333333,0.004645453559027776,0.0625,0.1875,0.00390625,0.66015625
2025,3,8,2025_3_8,production,1980.97998046875,81,0,0,0,2134.998373031616,1969.3616943359375,2133.9541015625,2305.5637939453127,95.74746103584766,1,72.41927083333333,5.677958170572917,0.140625,0.0177001953125,0.07291666666666667,0.2526041666666667,0.005316840277777779,0.06380886501736112
2025,3,9,2025_3_9,production,1882.199951171875,73,0,0,0,2082.528571764628,1896.3055786132813,2084.9981689453125,2271.2387451171876,128.9462878016962,0,82.01041666666667,5.2435302734375,0.23697916666666666,0.04705810546875,0.0546875,0.19791666666666666,0.00299072265625,0.03917100694444444
2025,3,10,2025_3_10,production,1941.800048828125,71,0,0,0,2082.422991434733,1900.3319946289062,2083.7049560546875,2260.4104736328127,86.04080756670899,1,79.171875,4.920003255208334,0.3541666666666667,0.09662543402777779,0.0390625,0.171875,0.00152587890625,0.029541015625
2025,3,11,2025_3_11,production,2033.5198974609375,71,0,0,0,2137.461695988973,1954.1677368164062,2143.6158447265625,2312.9380859375,63.64641082783541,1,70.09895833333333,3.2976209852430554,0.09375,0.008314344618055552,0.09114583333333333,0.2734375,0.008307562934027776,0.07476806640625
2025,3,0,2025_3_0,ridge_swap,2169.760009765625,54,0,0,0,2163.7218386332192,1991.3896728515624,2170.08642578125,2333.52333984375,31.817713555362488,1,69.22916666666667,9.035441080729168,0.12760416666666666,0.01500786675347221,0.14322916666666666,0.3697916666666667,0.020514594184027776,0.13674587673611113
2025,3,1,2025_3_1,ridge_swap,2364.23974609375,71,0,1,1,2127.0724557240806,1948.2940673828125,2124.74609375,2308.8036865234376,161.5568704323636,0,75.95572916666667,3.571417914496527,0.19010416666666666,0.033291286892361105,0.10416666666666667,0.3020833333333333,0.8025173611111112,0.4870876736111112
2025,3,2,2025_3_2,ridge_swap,1650.139892578125,111,0,0,0,2170.192211151123,1988.62998046875,2172.0341796875,2357.47275390625,441.05798735717934,0,78.72135416666667,24.930291069878475,0.08072916666666667,0.005730523003472224,0.1796875,0.4010416666666667,0.03228759765625,0.1608344184027778
2025,3,3,2025_3_3,ridge_swap,1949.719970703125,81,0,0,0,2084.340040842692,1909.2052612304688,2080.27880859375,2246.05703125,80.80833954943552,1,80.45833333333333,3.3313123914930562,0.1328125,0.01397705078125,0.041666666666666664,0.1640625,0.001736111111111111,0.02691650390625
2025,3,4,2025_3_4,ridge_swap,2181.5,90,0,0,1,2150.0958363215127,1986.7087036132812,2145.9202880859375,2310.28232421875,33.810141233106464,1,69.37760416666667,14.14651828342014,0.09635416666666667,0.008795844184027776,0.125,0.3307291666666667,0.015625,0.44792344835069436
2025,3,5,2025_3_5,ridge_swap,2086.080078125,78,0,0,0,2061.48246606191,1888.10380859375,2066.4420166015625,2215.3148681640623,32.654258252018025,1,76.15104166666667,3.241210937500001,0.2604166666666667,0.05560980902777779,0.028645833333333332,0.11979166666666667,0.000820583767361111,0.01435004340277778
2025,3,6,2025_3_6,ridge_swap,2168.179931640625,76,0,0,0,2117.117285410563,1943.88857421875,2131.539306640625,2297.6633544921874,37.87093235552311,1,80.45572916666667,3.8283216688368054,0.3411458333333333,0.08727349175347221,0.078125,0.2578125,0.006103515625,0.06646728515625
2025,3,7,2025_3_7,ridge_swap,2269.760009765625,48,0,0,1,2085.5696477890015,1907.7184936523438,2088.853759765625,2262.7489013671875,117.51029965033133,0,76.93489583333333,21.24378119574653,0.059895833333333336,0.0032891167534722238,0.0390625,0.16666666666666666,0.00152587890625,0.6944444444444445
2025,3,8,2025_3_8,ridge_swap,1980.97998046875,81,0,0,0,2117.2518113454184,1937.41005859375,2123.644287109375,2291.35849609375,82.6339115202427,1,73.78125,4.739583333333334,0.17447916666666666,0.027025010850694448,0.07552083333333333,0.23177083333333334,0.00570339626736111,0.05371771918402778
2025,3,9,2025_3_9,ridge_swap,1882.199951171875,73,0,0,0,2073.6202942530313,1904.0613647460937,2072.897216796875,2247.7626708984376,123.88374401546187,0,81.640625,4.754503038194445,0.2109375,0.03486463758680555,0.049479166666666664,0.14583333333333334,0.0024481879340277775,0.021267361111111115
2025,3,10,2025_3_10,ridge_swap,1941.800048828125,71,0,0,0,2088.8792543411255,1922.1412353515625,2084.0164794921875,2260.127978515625,90.74424763603344,1,77.59114583333333,4.290276421440973,0.2864583333333333,0.0682644314236111,0.059895833333333336,0.19791666666666666,0.003587510850694445,0.03917100694444444
2025,3,11,2025_3_11,ridge_swap,2033.5198974609375,71,0,0,0,2138.7261015574136,1967.9568603515625,2133.621826171875,2305.0302001953123,62.90105079445573,1,69.1796875,2.9727444118923607,0.08072916666666667,0.006110297309027776,0.07552083333333333,0.3125,0.00570339626736111,0.09765625
2025,4,0,2025_4_0,production,2076.06005859375,73,0,0,0,2146.4836597442627,1955.9402099609376,2149.264892578125,2333.484692382812,47.55962839888201,1,73.1640625,2.9923570421006938,0.11458333333333333,0.012546115451388881,0.11197916666666667,0.3411458333333333,0.012539333767361112,0.11638047960069443
2025,4,1,2025_4_1,production,2043.60009765625,74,0,0,0,2124.4703493118286,1916.106103515625,2124.42333984375,2316.5776123046876,53.14717363731728,1,79.26041666666667,3.7820773654513893,0.07552083333333333,0.0053236219618055525,0.10677083333333333,0.2838541666666667,0.011400010850694444,0.08057318793402779
2025,4,2,2025_4_2,production,2125.8798828125,70,0,0,1,2135.9280891418457,1962.9151733398437,2135.8402099609375,2307.1674072265623,32.27454569439092,1,71.44010416666667,2.911966959635417,0.15625,0.0220947265625,0.109375,0.2682291666666667,0.011962890625,0.535488552517361
2025,4,3,2025_4_3,production,2048.260009765625,94,0,0,0,2103.6740617752075,1908.1939331054687,2097.939453125,2298.613818359375,41.42093190964725,1,78.36979166666667,10.077840169270832,0.11458333333333333,0.010036892361111105,0.0703125,0.2265625,0.00494384765625,0.05133056640625
2025,4,4,2025_4_4,production,1922.93994140625,75,0,0,0,2108.4640185038247,1946.111181640625,2118.9681396484375,2272.4317626953125,123.33127185205619,0,78.2421875,3.3531561957465286,0.2760416666666667,0.06556532118055558,0.0625,0.20833333333333334,0.00390625,0.04340277777777778
2025,4,5,2025_4_5,production,2107.6201171875,64,0,0,0,2149.815337816874,1963.1476318359375,2146.23193359375,2350.21767578125,38.15211913900242,1,72.98958333333333,5.390231662326389,0.07552083333333333,0.005703396267361105,0.13541666666666666,0.3072916666666667,0.01833767361111111,0.09442816840277779
2025,4,6,2025_4_6,production,2029.280029296875,76,0,0,0,2139.527649561564,1976.3727416992188,2140.3582763671875,2305.951708984375,66.84670247468682,1,69.3984375,4.646504720052083,0.16927083333333334,0.024583604600694448,0.09375,0.2838541666666667,0.0087890625,0.08057318793402779
2025,4,7,2025_4_7,production,1991.280029296875,57,0,0,0,2095.21545346578,1927.8905517578125,2100.9117431640625,2256.607470703125,63.46168251004484,1,72.01302083333333,8.753261990017362,0.1875,0.030558268229166657,0.046875,0.18489583333333334,0.002197265625,0.03418646918402778
2025,4,8,2025_4_8,production,2044.89990234375,87,0,0,0,2119.325970967611,1942.8166015625,2125.3382568359375,2305.3062744140625,51.00622807939847,1,80.32291666666667,4.496595594618055,0.19010416666666666,0.029086642795138867,0.078125,0.2526041666666667,0.006103515625,0.06380886501736112
2025,4,9,2025_4_9,production,2056.0400390625,87,0,0,0,2109.8169622421265,1937.815869140625,2118.0037841796875,2275.8295166015623,40.878723839090924,1,75.0546875,7.309278700086805,0.15625,0.0220947265625,0.06510416666666667,0.20572916666666666,0.004238552517361112,0.042324490017361105
2025,4,10,2025_4_10,production,2113.739990234375,77,0,0,1,2080.5029665629067,1883.2129516601562,2085.7808837890625,2258.9538330078126,36.55540239314239,1,80.68229166666667,3.3700493706597223,0.15625,0.02361382378472221,0.046875,0.19010416666666666,0.002197265625,0.6559312608506945
2025,4,11,2025_4_11,production,2133.1201171875,77,0,1,1,2116.1840070088706,1930.4675415039062,2117.13232421875,2295.683911132812,33.87710825436645,1,78.60416666666667,3.426554361979167,0.3072916666666667,0.07328287760416669,0.07291666666666667,0.24739583333333334,0.8594835069444445,0.5664130316840277
2025,4,0,2025_4_0,ridge_swap,2076.06005859375,73,0,0,0,2138.14125696818,1948.5020141601562,2142.4383544921875,2321.076220703125,45.577407656444436,1,72.84635416666667,3.3007473415798607,0.0859375,0.006951226128472224,0.13020833333333334,0.3151041666666667,0.016954210069444448,0.09929063585069446
2025,4,1,2025_4_1,ridge_swap,2043.60009765625,74,0,0,0,2120.926632563273,1956.261865234375,2128.03662109375,2300.989013671875,47.87539496190017,1,79.3515625,3.7818264431423616,0.08333333333333333,0.006944444444444434,0.09635416666666667,0.2526041666666667,0.009284125434027778,0.06380886501736112
2025,4,2,2025_4_2,ridge_swap,2125.8798828125,70,0,0,1,2127.165046056112,1948.4908447265625,2126.0318603515625,2304.256103515625,33.38885647058487,1,71.703125,3.189751519097223,0.15625,0.0206298828125,0.10416666666666667,0.2890625,0.010850694444444446,0.50543212890625
2025,4,3,2025_4_3,ridge_swap,2048.260009765625,94,0,0,0,2100.5528303782144,1915.9125366210938,2096.99560546875,2279.919140625,40.93077746199236,1,78.203125,10.158013237847223,0.11979166666666667,0.011569552951388895,0.06510416666666667,0.203125,0.004238552517361112,0.041259765625
2025,4,4,2025_4_4,ridge_swap,1922.93994140625,75,0,0,0,2106.445899963379,1945.608642578125,2106.977294921875,2272.0918212890624,125.81835751566624,0,78.05989583333333,3.433939615885416,0.2760416666666667,0.06556532118055558,0.052083333333333336,0.21354166666666666,0.0027126736111111114,0.045600043402777776
2025,4,5,2025_4_5,ridge_swap,2107.6201171875,64,0,0,0,2148.3617429733276,1968.7754272460938,2152.660400390625,2325.732275390625,38.99553826699655,1,72.90885416666667,5.058668348524305,0.08333333333333333,0.006130642361111105,0.125,0.3359375,0.015625,0.11285400390625
2025,4,6,2025_4_6,ridge_swap,2029.280029296875,76,0,0,0,2136.0911515553794,1959.1230102539062,2137.6494140625,2319.644873046875,63.49792649845283,1,69.3046875,4.706563313802083,0.18489583333333334,0.028896755642361133,0.09895833333333333,0.28125,0.00979275173611111,0.0791015625
2025,4,7,2025_4_7,ridge_swap,1991.280029296875,57,0,0,0,2085.671678543091,1912.1053588867187,2093.522705078125,2250.35693359375,58.47296134134133,1,73.3515625,10.12850613064236,0.171875,0.027804904513888895,0.052083333333333336,0.20052083333333334,0.0027126736111111114,0.04020860460069445
2025,4,8,2025_4_8,ridge_swap,2044.89990234375,87,0,0,0,2122.0754210154214,1953.9161499023437,2124.983642578125,2286.38369140625,48.65305217603843,1,79.4375,4.871893988715278,0.1875,0.02978515625,0.08854166666666667,0.24479166666666666,0.007839626736111112,0.05992296006944444
2025,4,9,2025_4_9,ridge_swap,2056.0400390625,87,0,0,0,2104.1018829345703,1913.0869140625,2105.4947509765625,2268.2637451171877,40.61186163789695,1,75.26822916666667,7.412292480468751,0.171875,0.024658203125,0.057291666666666664,0.2265625,0.003282335069444444,0.05133056640625
2025,4,10,2025_4_10,ridge_swap,2113.739990234375,77,0,0,1,2083.235116004944,1911.395703125,2085.4132080078125,2266.578857421875,34.60255741659138,1,79.88020833333333,3.440497504340277,0.16145833333333334,0.023668077256944448,0.052083333333333336,0.19270833333333334,0.0027126736111111114,0.6517198350694444
2025,4,11,2025_4_11,ridge_swap,2133.1201171875,77,0,1,1,2112.9473848342896,1920.7963500976562,2118.6636962890625,2300.8782958984375,32.87915213654438,1,79.48697916666667,3.3519626193576393,0.3333333333333333,0.08793131510416666,0.078125,0.24479166666666666,0.849853515625,0.5703396267361112
2025,5,0,2025_5_0,production,2013.360107421875,64,0,0,0,2212.1931581497192,2032.1317626953125,2216.70068359375,2384.71513671875,131.30316761549975,0,73.34375,5.202406141493055,0.09375,0.008314344618055552,0.24479166666666666,0.4973958333333333,0.05992296006944444,0.2474026150173611
2025,5,1,2025_5_1,production,2216.4599609375,57,0,0,0,2123.016965866089,1930.96640625,2127.244873046875,2291.60400390625,55.60447824498017,1,75.55989583333333,12.191752115885418,0.14322916666666666,0.018398708767361105,0.078125,0.2552083333333333,0.006103515625,0.06513129340277776
2025,5,2,2025_5_2,production,2345.239990234375,65,0,1,1,2122.388025601705,1920.2083740234375,2135.86669921875,2292.326904296875,145.2081147920754,0,85.01822916666667,12.75015597873264,0.6041666666666666,0.2728407118055555,0.0859375,0.2604166666666667,0.83551025390625,0.5469835069444443
2025,5,3,2025_5_3,production,2075.739990234375,74,0,0,0,2163.5083211263022,1979.7951416015626,2174.74560546875,2343.1838134765626,56.15114134384527,1,71.47395833333333,3.3558485243055562,0.09635416666666667,0.008795844184027776,0.11979166666666667,0.3776041666666667,0.01435004340277778,0.1425849066840278
2025,5,4,2025_5_4,production,1902.5999755859375,77,0,0,0,2168.069117863973,1995.0016357421875,2162.7281494140625,2358.217236328125,188.8655112501648,0,77.65104166666667,3.278767903645833,0.3177083333333333,0.09149848090277776,0.12239583333333333,0.3515625,0.01498074001736111,0.12359619140625
2025,5,5,2025_5_5,production,2158.93994140625,79,0,0,0,2128.3348598480225,1955.2864501953125,2129.3360595703125,2302.59150390625,35.29469935927126,1,77.10416666666667,3.1285536024305554,0.2760416666666667,0.058390299479166685,0.0625,0.2682291666666667,0.00390625,0.07194688585069445
2025,5,6,2025_5_6,production,1946.320068359375,62,0,0,0,2068.3192068735757,1873.367431640625,2074.335205078125,2257.9630615234373,76.17915867103471,1,75.02604166666667,7.773912217881945,0.0703125,0.004265679253472224,0.046875,0.16666666666666666,0.002197265625,0.027777777777777776
2025,5,7,2025_5_7,production,1956.3800048828125,88,0,0,0,2096.0540240605674,1908.0179443359375,2096.587158203125,2266.99501953125,82.39151298585865,1,77.01822916666667,6.572760687934027,0.13802083333333334,0.015794542100694448,0.0703125,0.19010416666666666,0.00494384765625,0.036139594184027776
2025,5,8,2025_5_8,production,1779.199951171875,73,0,0,0,2091.9496587117515,1898.4779541015625,2090.7532958984375,2282.913330078125,231.19434521430065,0,75.82552083333333,3.1622382269965277,0.08854166666666667,0.006971571180555566,0.07291666666666667,0.1953125,0.005316840277777779,0.03814697265625
2025,5,9,2025_5_9,production,2282.760009765625,74,0,0,1,2085.4175605773926,1918.5527587890624,2085.45361328125,2260.4162109375,129.73380395770073,0,73.34895833333333,3.403740776909723,0.1640625,0.02691650390625,0.041666666666666664,0.16927083333333334,0.001736111111111111,0.6901109483506944
2025,5,10,2025_5_10,production,2333.419921875,71,0,0,1,2094.056584676107,1918.3263671875,2098.811279296875,2269.1687255859374,164.66712091863155,0,73.0703125,3.187398274739584,0.10416666666666667,0.009345160590277776,0.036458333333333336,0.19010416666666666,0.0013292100694444447,0.6559312608506945
2025,5,11,2025_5_11,production,1756.179931640625,98,0,0,0,2032.2264471054077,1851.959228515625,2042.4697265625,2201.06611328125,200.45937759263649,0,83.05208333333333,9.743204752604168,0.1328125,0.01568603515625,0.018229166666666668,0.078125,0.0003323025173611112,0.006103515625
2025,5,0,2025_5_0,ridge_swap,2013.360107421875,64,0,0,0,2208.66095161438,2010.969140625,2209.1556396484375,2385.4439208984377,126.9660170243846,1,73.5078125,5.534077962239583,0.09635416666666667,0.008795844184027776,0.234375,0.5104166666666666,0.054931640625,0.26052517361111105
2025,5,1,2025_5_1,ridge_swap,2216.4599609375,57,0,0,0,2126.596624056498,1940.626416015625,2131.922119140625,2307.5009765625,53.34532461480961,1,75.90104166666667,11.925089518229168,0.15885416666666666,0.021436903211805552,0.08072916666666667,0.2578125,0.006517198350694445,0.06646728515625
2025,5,2,2025_5_2,ridge_swap,2345.239990234375,65,0,1,1,2104.489684740702,1925.7395263671874,2106.1256103515625,2268.695556640625,168.00803694211777,0,84.875,12.668497721354164,0.6067708333333334,0.2680189344618056,0.052083333333333336,0.21614583333333334,0.8985460069444444,0.6144273546006944
2025,5,3,2025_5_3,ridge_swap,2075.739990234375,74,0,0,0,2162.106985727946,2007.8990600585937,2168.8697509765625,2328.73095703125,53.18493511941699,1,71.07552083333333,3.4956393771701393,0.08333333333333333,0.006130642361111105,0.125,0.3515625,0.015625,0.12359619140625
2025,5,4,2025_5_4,ridge_swap,1902.5999755859375,77,0,0,0,2162.2619050343833,1975.4154663085938,2162.4605712890625,2343.703515625,183.985975979103,0,78.40625,3.0497097439236107,0.2994791666666667,0.07663981119791669,0.16666666666666666,0.3515625,0.027777777777777776,0.12359619140625
2025,5,5,2025_5_5,ridge_swap,2158.93994140625,79,0,0,0,2124.7694203058877,1947.7390014648438,2130.6175537109375,2283.211181640625,33.23466118425131,1,77.3828125,3.4982977973090277,0.28125,0.06218804253472221,0.057291666666666664,0.28125,0.003282335069444444,0.0791015625
2025,5,6,2025_5_6,ridge_swap,1946.320068359375,62,0,0,0,2069.4111150105796,1888.0326171875,2070.4561767578125,2241.5627685546874,73.57252362204923,1,73.44010416666667,6.594624837239583,0.0625,0.00390625,0.0390625,0.16666666666666666,0.00152587890625,0.027777777777777776
2025,5,7,2025_5_7,ridge_swap,1956.3800048828125,88,0,0,0,2095.162865638733,1916.62216796875,2091.8607177734375,2290.5551513671876,81.74384940250053,1,77.21875,6.860365125868056,0.1484375,0.01983642578125,0.0703125,0.18489583333333334,0.00494384765625,0.03418646918402778
2025,5,8,2025_5_8,ridge_swap,1779.199951171875,73,0,0,0,2082.7368812561035,1900.5891967773437,2075.8582763671875,2277.3268310546873,221.0945977502399,0,77.15625,3.503946940104167,0.11979166666666667,0.014350043402777776,0.0546875,0.20572916666666666,0.00299072265625,0.042324490017361105
2025,5,9,2025_5_9,ridge_swap,2282.760009765625,74,0,0,1,2079.5333903630576,1901.4995483398438,2078.8424072265625,2244.3176025390626,133.71549553589688,0,73.4921875,3.3805813259548607,0.1875,0.030612521701388895,0.020833333333333332,0.15625,0.00043402777777777775,0.7119140625
2025,5,10,2025_5_10,ridge_swap,2333.419921875,71,0,0,1,2094.0388507843018,1912.72861328125,2100.5048828125,2277.6484619140624,162.56194088028536,0,72.86979166666667,3.0150010850694438,0.09375,0.007866753472222224,0.07552083333333333,0.20052083333333334,0.00570339626736111,0.6391669379340277
2025,5,11,2025_5_11,ridge_swap,1756.179931640625,98,0,0,0,2033.7905174891155,1841.8436401367187,2036.0553588867188,2232.4857666015623,195.87383388065626,0,82.8515625,9.452738444010414,0.15625,0.02361382378472221,0.0234375,0.1171875,0.00054931640625,0.01373291015625
2025,6,0,2025_6_0,production,2072.56005859375,59,0,0,0,2077.4046007792153,1884.3413330078124,2082.5367431640625,2260.2154296875,34.10932307607597,1,79.7421875,13.474711100260414,0.15625,0.0220947265625,0.06380208333333333,0.19791666666666666,0.00407070583767361,0.03917100694444444
2025,6,1,2025_6_1,production,1846.97998046875,69,0,0,0,2146.5050188700357,1961.0818603515625,2149.9913330078125,2334.85654296875,223.2600597308742,0,70.97916666666667,3.045003255208333,0.15364583333333334,0.020623101128472238,0.12109375,0.34375,0.0146636962890625,0.1181640625
2025,6,2,2025_6_2,production,2098.860107421875,74,0,0,0,2067.8035513559976,1871.588525390625,2054.05078125,2263.5794921875,39.124512407514786,1,82.87239583333333,5.28643798828125,0.1953125,0.03429497612847221,0.059895833333333336,0.203125,0.003587510850694445,0.041259765625
2025,6,3,2025_6_3,production,1987.659912109375,85,0,0,0,2042.9830633799236,1871.724951171875,2042.8866577148438,2201.13896484375,39.48933828870456,1,76.11458333333333,5.938503689236111,0.20833333333333334,0.039279513888888895,0.028645833333333332,0.09114583333333333,0.000820583767361111,0.008307562934027776
2025,6,4,2025_6_4,production,2197.64013671875,43,0,0,1,2089.543488820394,1922.7760986328126,2102.5113525390625,2250.805224609375,60.70006309946379,1,73.04947916666667,22.705369737413196,0.125,0.014987521701388895,0.036458333333333336,0.19010416666666666,0.0013292100694444447,0.6559312608506945
2025,6,5,2025_6_5,production,1989.0399169921875,89,0,0,0,2151.961716969808,1974.5254150390624,2156.6121826171875,2322.7593017578124,102.96150237156284,1,82.93489583333333,4.49725341796875,0.3229166666666667,0.07721625434027779,0.125,0.3723958333333333,0.015625,0.13867865668402776
2025,6,6,2025_6_6,production,1691.3800048828125,90,0,0,0,2111.217456181844,1917.3266235351564,2107.8828125,2307.371044921875,333.7109948181444,0,78.29947916666667,7.569017198350695,0.14583333333333334,0.019802517361111133,0.11458333333333333,0.2682291666666667,0.013129340277777776,0.07194688585069445
2025,6,7,2025_6_7,production,2112.66015625,73,0,0,0,2134.1050831476846,1959.9893188476562,2134.12158203125,2308.343994140625,32.12667191111379,1,77.0859375,3.1420423719618062,0.10416666666666667,0.009819878472222224,0.10416666666666667,0.3098958333333333,0.010850694444444446,0.0960354275173611
2025,6,8,2025_6_8,production,2009.4000244140625,93,0,0,0,2096.2688484191895,1927.7110229492187,2092.7364501953125,2271.456982421875,52.01791248387761,1,71.90104166666667,14.284315321180555,0.1328125,0.015089246961805552,0.0703125,0.21354166666666666,0.00494384765625,0.045600043402777776
2025,6,9,2025_6_9,production,2168.4599609375,71,0,0,1,2115.6097224553428,1952.7629638671874,2118.232421875,2281.951171875,40.068353955116535,1,71.27604166666667,3.3291558159722223,0.2109375,0.03746880425347221,0.07552083333333333,0.2578125,0.00570339626736111,0.55084228515625
2025,6,10,2025_6_10,production,2125.60009765625,57,0,0,0,2095.368012110392,1916.0367553710937,2103.34228515625,2269.705517578125,32.52990596989791,1,72.71614583333333,9.472147623697914,0.12239583333333333,0.012132432725694434,0.06510416666666667,0.19010416666666666,0.004238552517361112,0.036139594184027776
2025,6,11,2025_6_11,production,2312.320068359375,85,0,1,1,2155.896043777466,1993.7708862304687,2167.266845703125,2312.400830078125,95.63538942403262,1,72.11979166666667,8.29092068142361,0.1328125,0.015089246961805552,0.13541666666666666,0.3619791666666667,0.7475043402777778,0.407070583767361
2025,6,0,2025_6_0,ridge_swap,2072.56005859375,59,0,0,0,2066.298630078634,1896.3948608398437,2067.26025390625,2247.1051513671873,32.44364219324456,1,80.58854166666667,14.291802300347221,0.17447916666666666,0.02867974175347221,0.0625,0.17708333333333334,0.00390625,0.03135850694444445
2025,6,1,2025_6_1,ridge_swap,1846.97998046875,69,0,0,0,2135.70729192098,1960.4034423828125,2131.5728759765625,2330.7916748046873,211.01891915334596,0,71.6796875,3.2710706922743054,0.15625,0.022067599826388895,0.125,0.3463541666666667,0.015625,0.11996120876736112
2025,6,2,2025_6_2,ridge_swap,2098.860107421875,74,0,0,0,2056.057474454244,1876.5558349609375,2059.9781494140625,2224.50712890625,36.21367506931226,1,83.390625,5.441284179687499,0.21614583333333334,0.03950330946180555,0.044270833333333336,0.140625,0.001959906684027778,0.019775390625
2025,6,3,2025_6_3,ridge_swap,1987.659912109375,85,0,0,0,2040.8130591710408,1870.13935546875,2043.002197265625,2200.7867431640625,40.73291495194037,1,76.02083333333333,5.615261501736112,0.21614583333333334,0.04045274522569445,0.026041666666666668,0.10416666666666667,0.0006781684027777779,0.010850694444444446
2025,6,4,2025_6_4,ridge_swap,2197.64013671875,43,0,0,1,2084.080824216207,1924.18173828125,2085.930419921875,2231.298046875,66.57347511500119,1,73.15885416666667,22.549892849392364,0.10677083333333333,0.010857476128472224,0.0390625,0.16927083333333334,0.00152587890625,0.6901109483506944
2025,6,5,2025_6_5,ridge_swap,1989.0399169921875,89,0,0,0,2152.587705930074,1968.334326171875,2163.2813720703125,2337.465087890625,103.36612043198613,1,82.75,4.450425889756945,0.3203125,0.07794189453125,0.15885416666666666,0.3932291666666667,0.02523464626736111,0.15462917751736113
2025,6,6,2025_6_6,ridge_swap,1691.3800048828125,90,0,0,0,2113.0884577433267,1927.7965942382812,2120.648681640625,2298.842431640625,344.4396055854029,0,78.05729166666667,7.363918728298612,0.13541666666666666,0.016981336805555552,0.0859375,0.2708333333333333,0.00738525390625,0.07335069444444443
2025,6,7,2025_6_7,ridge_swap,2112.66015625,73,0,0,0,2123.044086456299,1940.0489990234375,2128.3648681640625,2305.0994384765627,34.63752857844035,1,77.00520833333333,3.3300103081597214,0.08854166666666667,0.006971571180555566,0.1015625,0.2994791666666667,0.01031494140625,0.08968777126736112
2025,6,8,2025_6_8,ridge_swap,2009.4000244140625,93,0,0,0,2095.662752469381,1915.6590087890625,2096.475341796875,2274.2576904296875,52.551244408720066,1,70.04947916666667,16.25442843967014,0.12760416666666666,0.016282823350694434,0.07552083333333333,0.22395833333333334,0.00570339626736111,0.05015733506944445
2025,6,9,2025_6_9,ridge_swap,2168.4599609375,71,0,0,1,2113.621043523153,1949.4283935546875,2119.7275390625,2287.4567626953126,39.40474525094032,1,72.25,3.172281901041667,0.2109375,0.037319607204861105,0.0859375,0.2552083333333333,0.00738525390625,0.5547146267361113
2025,6,10,2025_6_10,ridge_swap,2125.60009765625,57,0,0,0,2101.872836112976,1914.807568359375,2107.96533203125,2269.2731689453126,31.778529898160045,1,71.99479166666667,8.77783203125,0.10677083333333333,0.008090549045138881,0.052083333333333336,0.2526041666666667,0.0027126736111111114,0.06380886501736112
2025,6,11,2025_6_11,ridge_swap,2312.320068359375,85,0,1,1,2150.8400367101035,1976.5063110351562,2153.22412109375,2321.4969970703123,98.68334523091714,1,72.34895833333333,8.156548394097223,0.14322916666666666,0.017747667100694448,0.14322916666666666,0.3671875,0.7340562608506945,0.40045166015625
2025,7,0,2025_7_0,production,1942.0400390625,62,0,0,0,2155.488110224406,1966.809326171875,2161.706787109375,2334.8906005859376,140.4226582298676,0,70.875,5.064643012152777,0.12239583333333333,0.013190375434027776,0.140625,0.3307291666666667,0.019775390625,0.10938178168402779
2025,7,1,2025_7_1,production,2056.72021484375,78,0,0,0,2151.4668356577554,1961.3942504882812,2153.0408935546875,2330.1224853515623,58.26524217426778,1,73.60677083333333,3.9167548285590277,0.15885416666666666,0.023634168836805552,0.09635416666666667,0.3333333333333333,0.009284125434027778,0.1111111111111111
2025,7,2,2025_7_2,production,2153.919921875,68,0,0,1,2129.2251345316567,1960.7264404296875,2129.3065185546875,2300.2794677734373,35.04154657489724,1,78.90364583333333,6.110453287760416,0.23177083333333334,0.04696316189236113,0.09895833333333333,0.2760416666666667,0.00979275173611111,0.5241156684027777
2025,7,3,2025_7_3,production,2078.77978515625,76,0,0,0,2099.3201608657837,1930.7205810546875,2094.411865234375,2274.943798828125,32.100108733607655,1,76.19270833333333,2.9645724826388893,0.19010416666666666,0.03152804904513887,0.052083333333333336,0.19270833333333334,0.0027126736111111114,0.03713650173611111
2025,7,4,2025_7_4,production,2125.919921875,87,0,0,0,2126.5355507532754,1955.826513671875,2136.9698486328125,2302.53818359375,33.46655095203056,1,72.625,9.178426106770832,0.09895833333333333,0.008816189236111105,0.09114583333333333,0.2760416666666667,0.008307562934027776,0.07619900173611112
2025,7,5,2025_7_5,production,2004.6400146484375,58,0,0,0,2062.8597129185996,1886.09853515625,2059.5927734375,2240.8060546875,40.11043550653589,1,74.29166666666667,10.373128255208336,0.046875,0.002197265625,0.03125,0.13020833333333334,0.0009765625,0.016954210069444448
2025,7,6,2025_7_6,production,2047.6199951171875,58,0,0,0,2129.0657889048257,1949.9268432617187,2135.36181640625,2301.1611328125,52.812131755881836,1,71.01822916666667,7.331468370225695,0.15104166666666666,0.019883897569444448,0.09114583333333333,0.2734375,0.008307562934027776,0.07476806640625
2025,7,7,2025_7_7,production,2139.080078125,84,0,0,0,2112.865957260132,1927.9991577148437,2115.9886474609375,2304.469384765625,35.65585207111306,1,78.765625,3.9191758897569438,0.13020833333333334,0.01565212673611112,0.0859375,0.23697916666666666,0.00738525390625,0.056159125434027776
2025,7,8,2025_7_8,production,2370.33984375,60,0,1,1,2152.7600927352905,1954.7208740234375,2159.7640380859375,2329.0467041015627,145.02600126547947,0,74.42708333333333,8.52170138888889,0.15104166666666666,0.02129448784722221,0.11979166666666667,0.3411458333333333,0.7747667100694445,0.4340888129340279
2025,7,9,2025_7_9,production,1967.3199462890625,86,0,0,0,2147.7164780298867,1967.5206176757813,2158.768310546875,2330.014794921875,113.69399345169465,0,76.69010416666667,5.689134385850695,0.16666666666666666,0.026095920138888867,0.13541666666666666,0.3333333333333333,0.01833767361111111,0.1111111111111111
2025,7,10,2025_7_10,production,1736.280029296875,99,0,0,0,2080.679176966349,1899.7368896484375,2083.906005859375,2238.5631103515625,269.5128263864252,0,79.75260416666667,13.02901882595486,0.20052083333333334,0.03719753689236113,0.03125,0.14583333333333334,0.0009765625,0.021267361111111115
2025,7,11,2025_7_11,production,2359.1201171875,96,0,0,1,2060.546374320984,1882.8130981445313,2053.408203125,2230.918505859375,221.42545933607553,0,80.5703125,10.382127549913196,0.2942708333333333,0.06665717230902776,0.026041666666666668,0.13020833333333334,0.0006781684027777779,0.7565375434027777
2025,7,0,2025_7_0,ridge_swap,1942.0400390625,62,0,0,0,2150.869143486023,1986.8906494140624,2146.884521484375,2337.4255615234374,140.73176883078284,0,72.29427083333333,6.006829155815972,0.140625,0.0177001953125,0.11197916666666667,0.3359375,0.012539333767361112,0.11285400390625
2025,7,1,2025_7_1,ridge_swap,2056.72021484375,78,0,0,0,2141.3179569244385,1960.5864501953124,2139.29541015625,2337.2368896484377,52.433523943026856,1,74.05729166666667,3.6055230034722223,0.16666666666666666,0.026923285590277762,0.09635416666666667,0.3098958333333333,0.009284125434027778,0.0960354275173611
2025,7,2,2025_7_2,ridge_swap,2153.919921875,68,0,0,1,2124.9305613835654,1940.8369018554688,2124.1904296875,2312.784326171875,38.58933454503615,1,78.875,6.285251193576389,0.21875,0.04249403211805555,0.09895833333333333,0.2734375,0.00979275173611111,0.52789306640625
2025,7,3,2025_7_3,ridge_swap,2078.77978515625,76,0,0,0,2101.3654470443726,1930.654150390625,2108.1495361328125,2267.1565673828127,34.14544736759531,1,76.04947916666667,2.9045342339409714,0.1796875,0.030470106336805552,0.041666666666666664,0.19270833333333334,0.001736111111111111,0.03713650173611111
2025,7,4,2025_7_4,ridge_swap,2125.919921875,87,0,0,0,2117.2362899780273,1926.7368041992188,2123.4654541015625,2301.6388427734373,33.67012675768798,1,72.63020833333333,8.812445746527777,0.09114583333333333,0.007846408420138881,0.08072916666666667,0.2630208333333333,0.006517198350694445,0.0691799587673611
2025,7,5,2025_7_5,ridge_swap,2004.6400146484375,58,0,0,0,2057.50536664327,1901.38486328125,2064.826904296875,2215.435693359375,40.31193115644986,1,73.109375,9.310804578993054,0.033854166666666664,0.0011461046006944406,0.041666666666666664,0.13020833333333334,0.001736111111111111,0.016954210069444448
2025,7,6,2025_7_6,ridge_swap,2047.6199951171875,58,0,0,0,2127.822031021118,1945.7917236328126,2130.5919189453125,2313.413427734375,49.97126815716426,1,70.76041666666667,7.199042426215277,0.15364583333333334,0.022820366753472238,0.09375,0.2604166666666667,0.0087890625,0.06781684027777779
2025,7,7,2025_7_7,ridge_swap,2139.080078125,84,0,0,0,2108.491224924723,1924.2068115234374,2121.6436767578125,2278.1541748046875,32.239475639330024,1,77.765625,4.568101671006945,0.11979166666666667,0.012071397569444448,0.08072916666666667,0.23697916666666666,0.006517198350694445,0.056159125434027776
2025,7,8,2025_7_8,ridge_swap,2370.33984375,60,0,1,1,2150.5826126734414,1962.960888671875,2160.4910888671875,2331.449462890625,144.17736432866917,0,73.8046875,8.17401123046875,0.12760416666666666,0.016282823350694434,0.140625,0.3619791666666667,0.738525390625,0.407070583767361
2025,7,9,2025_7_9,ridge_swap,1967.3199462890625,86,0,0,0,2144.085037867228,1962.4750366210938,2139.373291015625,2318.2609619140626,113.15288722515108,1,77.05729166666667,5.627631293402777,0.17447916666666666,0.027838812934027762,0.125,0.3307291666666667,0.015625,0.10938178168402779
2025,7,10,2025_7_10,ridge_swap,1736.280029296875,99,0,0,0,2076.877030054728,1889.4617919921875,2085.380126953125,2256.5109375,262.519503209326,0,79.63541666666667,13.207777235243055,0.24479166666666666,0.0494384765625,0.0546875,0.16927083333333334,0.00299072265625,0.028652615017361115
2025,7,11,2025_7_11,ridge_swap,2359.1201171875,96,0,0,1,2052.7006982167563,1867.98662109375,2054.0728759765625,2231.1574951171874,227.80458357102341,0,81.36197916666667,9.212287055121529,0.2994791666666667,0.07050916883680558,0.033854166666666664,0.13541666666666666,0.0011461046006944443,0.7475043402777778
2025,8,0,2025_8_0,production,2312.119873046875,62,0,0,1,2161.911077181498,1997.3163330078125,2161.828857421875,2353.8177978515623,93.54591812607313,1,68.63020833333333,4.144571940104167,0.109375,0.011406792534722224,0.09635416666666667,0.3255208333333333,0.009284125434027778,0.4549221462673612
2025,8,1,2025_8_1,production,2259.0,71,0,0,1,2181.491767883301,2001.9384155273438,2178.7320556640625,2353.778466796875,50.56646023028428,1,72.390625,3.1520453559027786,0.13020833333333334,0.01565212673611112,0.16145833333333334,0.3854166666666667,0.02606879340277778,0.377712673611111
2025,8,2,2025_8_2,production,2052.60009765625,74,0,0,0,2124.0255683263144,1933.541162109375,2126.46728515625,2308.1720703125,48.70074661324422,1,75.4296875,3.2160576714409723,0.09635416666666667,0.008795844184027776,0.08854166666666667,0.234375,0.007839626736111112,0.054931640625
2025,8,3,2025_8_3,production,2092.7998046875,57,0,0,0,2163.2939182917276,1986.7862182617187,2169.21533203125,2332.5978515625,46.17543486836884,1,74.34114583333333,10.788892957899307,0.19270833333333334,0.029201931423611133,0.13541666666666666,0.3307291666666667,0.01833767361111111,0.10938178168402779
2025,8,4,2025_8_4,production,1949.300048828125,67,0,0,0,2136.565463066101,1950.6877563476562,2131.919921875,2320.7740234375,117.78670986245076,0,74.1953125,4.193257649739584,0.15885416666666666,0.017774793836805552,0.08333333333333333,0.2708333333333333,0.006944444444444444,0.07335069444444443
2025,8,5,2025_8_5,production,1750.5,101,0,0,0,2095.3374621073403,1900.5802856445312,2095.6588134765625,2299.442919921875,262.631209211217,0,75.37760416666667,18.34998236762153,0.22916666666666666,0.04796006944444445,0.06770833333333333,0.19270833333333334,0.004584418402777777,0.03713650173611111
2025,8,6,2025_8_6,production,1982.820068359375,85,0,0,0,2139.4360036849976,1969.7944580078124,2135.8436279296875,2313.2824462890626,96.50405647274522,1,76.91927083333333,5.480244954427083,0.140625,0.018364800347222224,0.08854166666666667,0.296875,0.007839626736111112,0.088134765625
2025,8,7,2025_8_7,production,1764.0400390625,77,0,0,0,2080.791157722473,1901.5698974609375,2088.2364501953125,2267.88720703125,239.78794939402079,0,75.9296875,3.18939208984375,0.171875,0.023939344618055552,0.036458333333333336,0.16145833333333334,0.0013292100694444447,0.02606879340277778
2025,8,8,2025_8_8,production,2003.260009765625,74,0,0,0,2136.8544597625732,1958.5858032226563,2140.9888916015625,2324.676806640625,80.96012555228339,1,79.72916666666667,4.276909722222221,0.09114583333333333,0.007846408420138881,0.0859375,0.2552083333333333,0.00738525390625,0.06513129340277776
2025,8,9,2025_8_9,production,2158.18017578125,78,0,0,0,2148.977562268575,1970.365283203125,2151.183349609375,2347.53642578125,32.381506947179645,1,77.1328125,3.6814710828993054,0.21354166666666666,0.03668891059027776,0.08854166666666667,0.3072916666666667,0.007839626736111112,0.09442816840277779
2025,8,10,2025_8_10,production,2322.43994140625,77,0,1,1,2090.3459100723267,1909.510986328125,2099.650634765625,2252.199169921875,161.78609710352288,0,74.8828125,3.497538248697916,0.0859375,0.0065443250868055525,0.0390625,0.13802083333333334,0.92340087890625,0.743008083767361
2025,8,11,2025_8_11,production,2205.5400390625,79,0,0,0,2031.5835224787395,1842.6401000976562,2034.622802734375,2225.743701171875,108.03894793076648,1,84.27083333333333,3.8818223741319446,0.2994791666666667,0.06799994574652779,0.028645833333333332,0.1015625,0.000820583767361111,0.01031494140625
2025,8,0,2025_8_0,ridge_swap,2312.119873046875,62,0,0,1,2149.019150416056,1964.11806640625,2145.0679931640625,2333.009716796875,99.89382867846226,1,69.16927083333333,4.251064724392362,0.10677083333333333,0.011400010850694434,0.1171875,0.2994791666666667,0.01373291015625,0.4907294379340277
2025,8,1,2025_8_1,ridge_swap,2259.0,71,0,0,1,2180.2360763549805,1989.5290405273438,2178.002197265625,2355.136083984375,50.92929378814166,1,72.25520833333333,3.1773546006944446,0.14583333333333334,0.019802517361111133,0.1796875,0.3932291666666667,0.03228759765625,0.3681708441840277
2025,8,2,2025_8_2,ridge_swap,2052.60009765625,74,0,0,0,2109.425639152527,1947.368310546875,2112.9918212890625,2268.9956787109377,40.34840505239036,1,76.19270833333333,3.1622585720486107,0.1171875,0.013136121961805552,0.0546875,0.22135416666666666,0.00299072265625,0.04899766710069444
2025,8,3,2025_8_3,ridge_swap,2092.7998046875,57,0,0,0,2143.9204931259155,1975.2018432617188,2149.073486328125,2326.4299560546874,40.55343177003992,1,74.81510416666667,11.211513943142362,0.15625,0.0220947265625,0.11197916666666667,0.3020833333333333,0.012539333767361112,0.09125434027777776
2025,8,4,2025_8_4,ridge_swap,1949.300048828125,67,0,0,0,2126.2066332499185,1945.772314453125,2124.505615234375,2312.68857421875,112.18844215406313,1,74.3046875,4.226664225260416,0.15885416666666666,0.023634168836805552,0.07291666666666667,0.2682291666666667,0.005316840277777779,0.07194688585069445
2025,8,5,2025_8_5,ridge_swap,1750.5,101,0,0,0,2100.3260186513266,1906.2861206054688,2103.995361328125,2274.2404541015626,270.9460037615564,0,74.99739583333333,18.209764268663193,0.23697916666666666,0.04924180772569445,0.0625,0.18489583333333334,0.00390625,0.03418646918402778
2025,8,6,2025_8_6,ridge_swap,1982.820068359375,85,0,0,0,2144.640910466512,1979.2760253906251,2148.90869140625,2310.288427734375,104.66917028195328,1,76.6328125,5.023457845052084,0.15364583333333334,0.021328396267361133,0.09375,0.2994791666666667,0.0087890625,0.08968777126736112
2025,8,7,2025_8_7,ridge_swap,1764.0400390625,77,0,0,0,2075.869565010071,1900.0119873046874,2079.6298828125,2250.014501953125,234.91124916490583,0,76.09635416666667,3.276373969184027,0.171875,0.027804904513888895,0.026041666666666668,0.14322916666666666,0.0006781684027777779,0.020514594184027776
2025,8,8,2025_8_8,ridge_swap,2003.260009765625,74,0,0,0,2149.1392526626587,1958.5948974609375,2150.8004150390625,2327.641259765625,88.43881916254759,1,79.2578125,3.9763658311631946,0.09375,0.007866753472222224,0.109375,0.3072916666666667,0.011962890625,0.09442816840277779
2025,8,9,2025_8_9,ridge_swap,2158.18017578125,78,0,0,0,2148.750802675883,1953.1369018554688,2159.117431640625,2337.3500488281247,35.57280167854495,1,76.78385416666667,3.5719740125868054,0.21875,0.03960503472222221,0.109375,0.3098958333333333,0.011962890625,0.0960354275173611
2025,8,10,2025_8_10,ridge_swap,2322.43994140625,77,0,1,1,2093.329445838928,1929.6057739257812,2102.335693359375,2263.988134765625,158.08775844259395,0,75.1484375,3.5923190646701393,0.10677083333333333,0.010342068142361105,0.033854166666666664,0.16927083333333334,0.9334377712673612,0.6901109483506944
2025,8,11,2025_8_11,ridge_swap,2205.5400390625,79,0,0,0,2033.4702056248982,1847.179150390625,2039.5449829101562,2214.908984375,105.28671154131492,1,83.2109375,3.52972412109375,0.3020833333333333,0.06955295138888887,0.028645833333333332,0.1015625,0.000820583767361111,0.01031494140625
2025,9,0,2025_9_0,production,2189.0,76,0,0,1,2122.024591445923,1938.6668579101563,2119.1229248046875,2296.2957763671875,46.44296789334879,1,79.27604166666667,3.3021511501736107,0.15885416666666666,0.023634168836805552,0.08854166666666667,0.2708333333333333,0.007839626736111112,0.5316840277777779
2025,9,1,2025_9_1,production,2043.260009765625,93,0,0,0,2159.5006758371987,1976.5405517578124,2159.490966796875,2341.25048828125,70.01469638115829,1,79.19010416666667,8.763719346788196,0.3255208333333333,0.09180365668402776,0.15104166666666666,0.3463541666666667,0.02281358506944444,0.11996120876736112
2025,9,2,2025_9_2,production,2149.47998046875,62,0,0,0,2120.8590161005654,1938.3760009765624,2115.325927734375,2297.90126953125,34.4846058992876,1,77.015625,8.823418511284721,0.2265625,0.038974338107638895,0.07552083333333333,0.234375,0.00570339626736111,0.054931640625
2025,9,3,2025_9_3,production,1969.97998046875,63,0,0,0,2086.644077618917,1900.5713745117187,2087.3240966796875,2263.4221923828127,70.51917151030567,1,80.16666666666667,10.648735894097221,0.14322916666666666,0.018371582031249986,0.052083333333333336,0.20572916666666666,0.0027126736111111114,0.042324490017361105
2025,9,4,2025_9_4,production,2225.0400390625,62,0,1,1,2115.4445645014443,1937.9572998046874,2119.53173828125,2296.04599609375,64.98340057250527,1,71.37760416666667,5.331020779079862,0.10677083333333333,0.009853786892361105,0.08854166666666667,0.24739583333333334,0.8307562934027778,0.5664130316840277
2025,9,5,2025_9_5,production,2173.16015625,85,0,0,1,2096.523093223572,1924.4754760742187,2096.7906494140625,2281.413330078125,49.050266856120686,1,78.54947916666667,4.487216525607639,0.203125,0.03919813368055555,0.059895833333333336,0.20833333333333334,0.003587510850694445,0.626736111111111
2025,9,6,2025_9_6,production,2135.7998046875,83,0,0,0,2135.4033737182617,1953.4782836914062,2132.8656005859375,2320.1384521484374,32.15881374312772,1,72.80989583333333,6.199401855468751,0.06510416666666667,0.003913031684027783,0.10416666666666667,0.2864583333333333,0.010850694444444446,0.0820583767361111
2025,9,7,2025_9_7,production,2033.5001220703125,69,0,0,0,2101.3118251164756,1920.1054443359376,2102.032958984375,2278.0453125,46.57761818750038,1,73.515625,3.6988661024305554,0.16145833333333334,0.024441189236111133,0.057291666666666664,0.22916666666666666,0.003282335069444444,0.052517361111111105
2025,9,8,2025_9_8,production,2041.760009765625,70,0,0,0,2161.584655443827,2005.9532958984375,2156.6904296875,2341.741845703125,68.4258015015059,1,72.21614583333333,3.128546820746527,0.15885416666666666,0.023634168836805552,0.125,0.3411458333333333,0.015625,0.11638047960069443
2025,9,9,2025_9_9,production,1918.0,86,0,0,0,2080.681813557943,1922.6696533203126,2079.9072265625,2236.15537109375,102.81631857819026,0,78.83333333333333,4.540744357638889,0.15625,0.021335177951388895,0.044270833333333336,0.1484375,0.001959906684027778,0.02203369140625
2025,9,10,2025_9_10,production,2034.47998046875,88,0,0,0,2119.0521755218506,1930.479541015625,2129.5855712890625,2295.1924560546877,54.6121599674225,1,74.64322916666667,8.382683648003471,0.171875,0.02617730034722221,0.0703125,0.2734375,0.00494384765625,0.07476806640625
2025,9,11,2025_9_11,production,1915.0999755859375,67,0,0,0,2105.2774740854898,1923.711669921875,2104.220947265625,2294.01015625,121.95015600820383,0,71.23177083333333,3.332892523871527,0.109375,0.009901258680555552,0.08333333333333333,0.20833333333333334,0.006944444444444444,0.04340277777777778
2025,9,0,2025_9_0,ridge_swap,2189.0,76,0,0,1,2113.396236101786,1937.5289672851563,2109.2069091796875,2289.40908203125,48.978711854252566,1,78.53645833333333,3.2035047743055554,0.140625,0.0177001953125,0.08854166666666667,0.2734375,0.007839626736111112,0.52789306640625
2025,9,1,2025_9_1,ridge_swap,2043.260009765625,93,0,0,0,2150.0855089823403,1961.747265625,2147.57421875,2331.2306640624997,64.87564602163104,1,79.80208333333333,8.34133572048611,0.3255208333333333,0.09036593967013887,0.13020833333333334,0.3541666666666667,0.016954210069444448,0.1254340277777778
2025,9,2,2025_9_2,ridge_swap,2149.47998046875,62,0,0,0,2113.2766901652017,1919.5753784179688,2122.28125,2297.7952880859375,36.80137077305052,1,76.34895833333333,8.0860595703125,0.22135416666666666,0.042500813802083315,0.0859375,0.25,0.00738525390625,0.0625
2025,9,3,2025_9_3,ridge_swap,1969.97998046875,63,0,0,0,2071.594139734904,1889.161962890625,2080.22119140625,2265.7248046875,62.81516899168493,1,80.60677083333333,11.231452094184029,0.13802083333333334,0.01766628689236112,0.059895833333333336,0.18489583333333334,0.003587510850694445,0.03418646918402778
2025,9,4,2025_9_4,ridge_swap,2225.0400390625,62,0,1,1,2114.433830897013,1940.66123046875,2110.64013671875,2286.0941650390623,67.62393602397705,1,71.51822916666667,5.290805392795138,0.11197916666666667,0.011969672309027776,0.08333333333333333,0.22916666666666666,0.8402777777777777,0.5941840277777778
2025,9,5,2025_9_5,ridge_swap,2173.16015625,85,0,0,1,2091.903924306234,1916.2776489257812,2080.8046875,2276.4245849609374,54.09865510463716,1,78.546875,4.319905598958334,0.22916666666666666,0.04688856336805555,0.052083333333333336,0.1953125,0.0027126736111111114,0.64752197265625
2025,9,6,2025_9_6,ridge_swap,2135.7998046875,83,0,0,0,2146.285935719808,1970.6309692382813,2157.84423828125,2316.60947265625,35.15407136082649,1,71.05729166666667,7.317559136284721,0.044270833333333336,0.0017428927951388881,0.12239583333333333,0.34375,0.01498074001736111,0.1181640625
2025,9,7,2025_9_7,ridge_swap,2033.5001220703125,69,0,0,0,2101.4656744003296,1922.0000122070312,2105.080810546875,2270.963134765625,45.83197156339884,1,74.31770833333333,3.860148111979167,0.18229166666666666,0.028822157118055552,0.049479166666666664,0.19010416666666666,0.0024481879340277775,0.036139594184027776
2025,9,8,2025_9_8,ridge_swap,2041.760009765625,70,0,0,0,2164.957317352295,1981.8569580078124,2163.248779296875,2337.86943359375,76.15222280224165,1,71.57552083333333,3.317850748697916,0.14322916666666666,0.019782172309027762,0.13802083333333334,0.3802083333333333,0.01904975043402778,0.1445583767361111
2025,9,9,2025_9_9,ridge_swap,1918.0,86,0,0,0,2083.995345433553,1924.034228515625,2081.7860107421875,2262.971337890625,104.6699443442954,0,78.69791666666667,4.767795138888888,0.1640625,0.02691650390625,0.046875,0.17447916666666666,0.002197265625,0.03044297960069444
2025,9,10,2025_9_10,ridge_swap,2034.47998046875,88,0,0,0,2111.2967710494995,1922.65126953125,2111.336669921875,2309.134521484375,48.227924579547505,1,75.43229166666667,7.803602430555555,0.1953125,0.03253173828125,0.08072916666666667,0.24739583333333334,0.006517198350694445,0.06120469835069445
2025,9,11,2025_9_11,ridge_swap,1915.0999755859375,67,0,0,0,2086.5442911783853,1908.2204223632812,2085.083251953125,2262.009619140625,108.6301801883512,1,71.515625,3.2848442925347214,0.11979166666666667,0.013156467013888895,0.0625,0.17708333333333334,0.00390625,0.03135850694444445
2025,10,0,2025_10_0,production,1928.780029296875,69,0,0,0,2105.3255367279053,1932.5244750976562,2105.68505859375,2289.9312255859377,112.20252693196137,0,75.01302083333333,4.100253634982639,0.12760416666666666,0.01500786675347221,0.059895833333333336,0.22916666666666666,0.003587510850694445,0.052517361111111105
2025,10,1,2025_10_1,production,2202.6201171875,83,0,0,0,2148.159616470337,1965.5722290039062,2152.8624267578125,2321.1314453125,39.62678783138594,1,70.90625,7.604695638020834,0.08333333333333333,0.006130642361111105,0.12760416666666666,0.3489583333333333,0.01628282335069444,0.12177191840277776
2025,10,2,2025_10_2,production,1973.820068359375,64,0,0,0,2121.459155400594,1957.4855712890626,2129.6826171875,2288.0828125,91.1301100767321,1,76.86197916666667,7.378899468315971,0.059895833333333336,0.0032891167534722238,0.078125,0.24479166666666666,0.006103515625,0.05992296006944444
2025,10,3,2025_10_3,production,2108.35986328125,89,0,0,0,1964.0911439259846,1778.0104370117188,1964.590576171875,2149.7723388671875,88.7609718574418,1,86.79947916666667,3.1074557834201393,0.5885416666666666,0.25226508246527773,0.0078125,0.044270833333333336,6.103515625e-05,0.001959906684027778
2025,10,4,2025_10_4,production,1950.6600341796875,63,0,0,0,2130.8268950780234,1957.0800659179688,2124.1668701171875,2304.6275146484377,116.37244809915622,0,74.53385416666667,6.501159667968749,0.22395833333333334,0.04265679253472224,0.08333333333333333,0.2890625,0.006944444444444444,0.08355712890625
2025,10,5,2025_10_5,production,2012.9000244140625,70,0,0,0,2093.2546447118125,1917.1837524414063,2099.0498046875,2266.2305419921877,50.56204394747813,1,75.5625,4.001817491319445,0.12760416666666666,0.013800726996527762,0.06770833333333333,0.18489583333333334,0.004584418402777777,0.03418646918402778
2025,10,6,2025_10_6,production,1852.8800048828125,86,0,0,0,2162.464251836141,1999.2540649414063,2163.767333984375,2327.2070068359376,237.16304846935805,0,80.37760416666667,4.249111599392361,0.1484375,0.018507215711805552,0.11979166666666667,0.3463541666666667,0.01435004340277778,0.11996120876736112
2025,10,7,2025_10_7,production,2429.300048828125,77,0,1,1,2132.865117073059,1950.1603149414063,2134.3665771484375,2339.2520263671877,213.34274202171298,0,76.4140625,3.039421929253473,0.16927083333333334,0.026943630642361133,0.109375,0.3125,0.793212890625,0.47265625
2025,10,8,2025_10_8,production,2160.02001953125,52,0,0,0,2111.1514962514243,1924.3516235351562,2109.285400390625,2293.3786376953126,39.58133938246303,1,74.7109375,15.351026746961805,0.15885416666666666,0.021436903211805552,0.06640625,0.23177083333333334,0.0044097900390625,0.05371771918402778
2025,10,9,2025_10_9,production,2299.02001953125,77,0,0,1,2075.196950276693,1901.4206176757812,2076.290771484375,2249.7704345703123,152.0604780183898,0,77.83333333333333,3.1476101345486107,0.078125,0.006103515625,0.0390625,0.15104166666666666,0.00152587890625,0.7207302517361112
2025,10,10,2025_10_10,production,1956.659912109375,80,0,0,0,2158.149908065796,1977.7647094726562,2158.8603515625,2325.9374267578123,132.47817584044404,0,72.34635416666667,5.177605523003473,0.13541666666666666,0.016981336805555552,0.13411458333333334,0.3619791666666667,0.017986721462673612,0.13102891710069445
2025,10,11,2025_10_11,production,2225.5,76,0,0,1,2135.8190762201943,1934.0128784179688,2137.74169921875,2320.2247802734373,54.39310910387172,1,76.50520833333333,3.334716796874999,0.3645833333333333,0.10313585069444442,0.10677083333333333,0.2552083333333333,0.011400010850694444,0.5547146267361113
2025,10,0,2025_10_0,ridge_swap,1928.780029296875,69,0,0,0,2095.5002784729004,1900.234228515625,2100.51904296875,2277.4488525390625,108.09250462386342,1,74.6484375,3.7525566948784714,0.12760416666666666,0.014411078559027762,0.049479166666666664,0.2109375,0.0024481879340277775,0.04449462890625
2025,10,1,2025_10_1,ridge_swap,2202.6201171875,83,0,0,0,2133.0681606928506,1957.428271484375,2130.822998046875,2301.37333984375,45.80602923946249,1,71.98177083333333,6.849982367621528,0.09635416666666667,0.008334689670138895,0.09895833333333333,0.2942708333333333,0.00979275173611111,0.08659532335069443
2025,10,2,2025_10_2,ridge_swap,1973.820068359375,64,0,0,0,2123.4725211461387,1943.629248046875,2123.373046875,2311.816650390625,89.44564983828201,1,77.0625,7.628472222222223,0.07291666666666667,0.004950629340277776,0.09895833333333333,0.2708333333333333,0.00979275173611111,0.07335069444444443
2025,10,3,2025_10_3,ridge_swap,2108.35986328125,89,0,0,0,1949.2867310841877,1783.7101806640626,1941.1633911132812,2120.857763671875,98.3027590993378,1,86.66145833333333,3.313964843749999,0.6015625,0.2657402886284722,0.0,0.044270833333333336,0.0,0.001959906684027778
2025,10,4,2025_10_4,ridge_swap,1950.6600341796875,63,0,0,0,2122.481781641642,1925.7934936523438,2138.441650390625,2291.929541015625,110.71019568708209,1,75.48697916666667,7.028055826822917,0.21354166666666666,0.04037814670138887,0.078125,0.2604166666666667,0.006103515625,0.06781684027777779
2025,10,5,2025_10_5,ridge_swap,2012.9000244140625,70,0,0,0,2090.1897452672324,1917.1800048828125,2086.8465576171875,2258.402099609375,49.5636221476727,1,74.80729166666667,3.5035536024305554,0.15104166666666666,0.019883897569444448,0.057291666666666664,0.19010416666666666,0.003282335069444444,0.036139594184027776
2025,10,6,2025_10_6,ridge_swap,1852.8800048828125,86,0,0,0,2164.119368871053,1977.857958984375,2165.9844970703125,2336.9599609375,234.20549841225147,0,80.47916666666667,3.9758572048611107,0.16666666666666666,0.023057725694444448,0.1484375,0.40625,0.02203369140625,0.1650390625
2025,10,7,2025_10_7,ridge_swap,2429.300048828125,77,0,1,1,2129.038792292277,1935.9830078125,2130.996337890625,2321.607373046875,217.27547915776574,0,76.21875,2.8569878472222223,0.1796875,0.02794731987847221,0.09895833333333333,0.28125,0.8118760850694444,0.5166015625
2025,10,8,2025_10_8,ridge_swap,2160.02001953125,52,0,0,0,2107.573117574056,1934.4124633789063,2107.1197509765625,2292.1256591796873,40.95454188519054,1,74.390625,14.721476236979166,0.18229166666666666,0.027248806423611105,0.078125,0.21875,0.006103515625,0.0478515625
2025,10,9,2025_10_9,ridge_swap,2299.02001953125,77,0,0,1,2068.8698959350586,1895.5530517578125,2064.92578125,2253.5080810546874,158.85583621097936,0,78.33072916666667,3.0726386176215286,0.07291666666666667,0.005316840277777776,0.052083333333333336,0.15104166666666666,0.0027126736111111114,0.7207302517361112
2025,10,10,2025_10_10,ridge_swap,1956.659912109375,80,0,0,0,2157.4586305618286,1969.015576171875,2156.3001708984375,2348.0212890625,129.70045796119507,0,71.48697916666667,5.165561252170139,0.1328125,0.01568603515625,0.1328125,0.3645833333333333,0.01763916015625,0.13292100694444442
2025,10,11,2025_10_11,ridge_swap,2225.5,76,0,0,1,2137.103670756022,1961.175244140625,2135.3837890625,2317.7551513671874,53.3950871295399,1,76.1953125,3.235005696614583,0.3255208333333333,0.08106146918402776,0.10677083333333333,0.3072916666666667,0.011400010850694444,0.47984483506944436
2025,11,0,2025_11_0,production,2141.02001953125,61,0,0,0,2154.7285585403442,1971.6801635742188,2156.676513671875,2334.1023681640627,32.772486359708836,1,79.046875,11.438300238715279,0.2994791666666667,0.08081732855902779,0.11979166666666667,0.3723958333333333,0.01435004340277778,0.13867865668402776
2025,11,1,2025_11_1,production,2510.139892578125,46,0,1,1,2163.458983103434,1972.2646850585938,2159.7412109375,2358.868017578125,266.32859926588003,0,68.95833333333333,16.123128255208332,0.1171875,0.012566460503472224,0.15625,0.3932291666666667,0.7119140625,0.3681708441840277
2025,11,2,2025_11_2,production,1914.9200439453125,75,0,0,0,2029.8883825937908,1852.8513061523438,2029.8674926757812,2217.295849609375,66.52555584576395,1,81.14583333333333,4.080091688368056,0.4322916666666667,0.1618109809027778,0.018229166666666668,0.109375,0.0003323025173611112,0.011962890625
2025,11,3,2025_11_3,production,1696.780029296875,85,0,0,0,2125.669994354248,1949.3543701171875,2126.5809326171875,2298.902099609375,353.4330751366085,0,72.00520833333333,8.17465549045139,0.20833333333333334,0.036471896701388895,0.09895833333333333,0.25,0.00979275173611111,0.0625
2025,11,4,2025_11_4,production,2051.47998046875,51,0,0,0,2068.213363647461,1888.5331420898438,2072.072021484375,2235.543505859375,34.42487476269403,1,78.14583333333333,20.29965549045139,0.2864583333333333,0.06849500868055552,0.033854166666666664,0.15364583333333334,0.0011461046006944443,0.023607042100694448
2025,11,5,2025_11_5,production,1810.9200439453125,92,0,0,0,2048.0724493662515,1895.9924682617188,2047.052001953125,2214.9701416015623,169.17602224813567,0,78.80208333333333,8.300211588541666,0.11458333333333333,0.010430230034722224,0.0234375,0.10677083333333333,0.00054931640625,0.011400010850694444
2025,11,6,2025_11_6,production,1964.39990234375,76,0,0,0,2021.9387095769246,1849.7847900390625,2023.3858642578125,2187.508447265625,41.92787193341388,1,83.09375,4.4454345703125,0.19270833333333334,0.030693901909722238,0.015625,0.0859375,0.000244140625,0.00738525390625
2025,11,7,2025_11_7,production,2155.66015625,72,0,0,1,2125.782125155131,1938.507958984375,2130.87939453125,2306.264453125,36.129504570530514,1,74.06510416666667,3.336934407552083,0.15625,0.0220947265625,0.08333333333333333,0.3203125,0.006944444444444444,0.46197509765625
2025,11,8,2025_11_8,production,2063.06005859375,79,0,0,0,2115.836342493693,1913.01416015625,2124.0604248046875,2302.9709228515626,42.72967193524043,1,72.12239583333333,4.728251139322917,0.125,0.014377170138888895,0.09635416666666667,0.2708333333333333,0.009284125434027778,0.07335069444444443
2025,11,9,2025_11_9,production,1915.97998046875,89,0,0,0,2115.7661129633584,1927.5130615234375,2117.1087646484375,2305.3122314453126,128.20830416099892,0,77.671875,7.114474826388889,0.1796875,0.028761121961805552,0.10416666666666667,0.2552083333333333,0.010850694444444446,0.06513129340277776
2025,11,10,2025_11_10,production,2443.4599609375,75,0,0,1,2159.1094303131104,1990.9957397460937,2152.708740234375,2337.221337890625,207.57043564981885,0,70.9375,3.9001193576388893,0.08333333333333333,0.006130642361111105,0.15625,0.3802083333333333,0.0244140625,0.38414171006944453
2025,11,11,2025_11_11,production,1804.320068359375,101,0,0,0,2125.5646584828696,1939.9528686523438,2130.610595703125,2294.838671875,243.67047052913244,0,76.3359375,17.40472412109375,0.13020833333333334,0.01565212673611112,0.09375,0.3020833333333333,0.0087890625,0.09125434027777776
2025,11,0,2025_11_0,ridge_swap,2141.02001953125,61,0,0,0,2159.554942766825,1974.573486328125,2161.9814453125,2331.47109375,35.57589674575462,1,78.40885416666667,10.903544108072914,0.296875,0.06914605034722221,0.14583333333333334,0.3880208333333333,0.021267361111111115,0.15056016710069442
2025,11,1,2025_11_1,ridge_swap,2510.139892578125,46,0,1,1,2150.4586350123086,1959.8622070312501,2155.4591064453125,2315.156884765625,281.70745743728344,0,69.515625,16.419542100694446,0.0859375,0.00738525390625,0.13802083333333334,0.3645833333333333,0.743008083767361,0.40375434027777785
2025,11,2,2025_11_2,ridge_swap,1914.9200439453125,75,0,0,0,2028.4386377334595,1833.431494140625,2026.8629150390625,2214.6728759765624,68.51831250306633,1,80.1953125,3.732767740885416,0.4791666666666667,0.21050347222222227,0.046875,0.12239583333333333,0.002197265625,0.01498074001736111
2025,11,3,2025_11_3,ridge_swap,1696.780029296875,85,0,0,0,2126.7017498016357,1941.3151733398438,2129.6051025390625,2309.1600830078123,351.48122642768755,0,72.23697916666667,8.19290500217014,0.21354166666666666,0.03583441840277776,0.10677083333333333,0.3255208333333333,0.011400010850694444,0.10596381293402776
2025,11,4,2025_11_4,ridge_swap,2051.47998046875,51,0,0,0,2060.9949277242026,1902.56826171875,2059.1353759765625,2224.513623046875,30.42527017162905,1,78.60677083333333,20.39929877387153,0.2578125,0.05649820963541666,0.033854166666666664,0.14322916666666666,0.0011461046006944443,0.020514594184027776
2025,11,5,2025_11_5,ridge_swap,1810.9200439453125,92,0,0,0,2038.844467163086,1869.4769775390625,2040.9237060546875,2200.5604248046875,158.61712409555912,0,79.13541666666667,7.963636610243054,0.13020833333333334,0.01565212673611112,0.015625,0.109375,0.000244140625,0.011962890625
2025,11,6,2025_11_6,ridge_swap,1964.39990234375,76,0,0,0,2023.8200756708782,1849.9036499023437,2018.441650390625,2199.281640625,42.260567750367855,1,81.99479166666667,4.083482530381945,0.19791666666666666,0.033474392361111105,0.028645833333333332,0.09375,0.000820583767361111,0.0087890625
2025,11,7,2025_11_7,ridge_swap,2155.66015625,72,0,0,1,2130.242414792379,1955.4588623046875,2132.380615234375,2298.755859375,32.89267105112472,1,73.3125,3.163140190972223,0.13802083333333334,0.018344455295138895,0.109375,0.3020833333333333,0.011962890625,0.4870876736111112
2025,11,8,2025_11_8,ridge_swap,2063.06005859375,79,0,0,0,2122.349650700887,1937.190869140625,2121.252685546875,2302.9231201171874,40.6801820629173,1,71.59114583333333,5.261562771267362,0.11458333333333333,0.012546115451388881,0.08072916666666667,0.2838541666666667,0.006517198350694445,0.08057318793402779
2025,11,9,2025_11_9,ridge_swap,1915.97998046875,89,0,0,0,2102.677536010742,1915.412255859375,2107.5491943359375,2286.6645263671876,119.37891909976801,1,78.41666666666667,6.677571614583333,0.19791666666666666,0.03620062934027776,0.07291666666666667,0.21875,0.005316840277777779,0.0478515625
2025,11,10,2025_11_10,ridge_swap,2443.4599609375,75,0,0,1,2152.5600547790527,1982.0667358398437,2156.1439208984375,2330.6294677734377,213.3192698326376,0,71.61197916666667,3.68682861328125,0.09635416666666667,0.008334689670138895,0.125,0.3697916666666667,0.015625,0.3971625434027777
2025,11,11,2025_11_11,ridge_swap,1804.320068359375,101,0,0,0,2111.151512781779,1937.7011962890624,2109.7791748046875,2292.8945068359376,228.63805962436726,0,77.140625,16.74456108940972,0.18489583333333334,0.028110080295138895,0.09635416666666667,0.2786458333333333,0.009284125434027778,0.07764350043402776
