period,method,pos,n,ppg_crps,ppg_mae_mean,ppg_bias,ppg_80_coverage,ppg_pit_mean,ppg_pit_ks,contribution_crps,contribution_mae_mean,contribution_bias,contribution_80_coverage,contribution_pit_mean,contribution_pit_ks,plus3_actual_rate,plus3_predicted_rate,plus3_brier,plus3_auc,plus5_actual_rate,plus5_predicted_rate,plus5_brier,plus5_auc,impact_actual_rate,impact_predicted_rate,impact_brier,impact_auc,zero_actual_rate,zero_predicted_rate,zero_brier,zero_auc,contribution_q90_spearman,tail_lift_surprise_spearman,raw_residual_mean,effective_sample_size,max_donor_probability,played_crps,played_mae_mean,played_bias,played_80_coverage,extended_absence_actual_rate,extended_absence_predicted_rate,extended_absence_brier,extended_absence_auc,weighted_season_gap,weight_last3_seasons,weight_10plus_seasons
all_2017_2025,component_rank_w150,QB,216.0,2.3905829257520064,3.3995797017132894,-1.402547576947347,0.7916666666666666,0.6266406010843242,0.22897938953717234,23.7656301393014,32.74573795339124,-14.095777897072573,0.7592592592592593,0.6100795432799581,0.17008969628346216,0.37037037037037035,0.19327568549473315,0.26478948176740175,0.5286764705882353,0.18518518518518517,0.08481399664590807,0.16111896872396353,0.5839488636363637,0.16203703703703703,0.09274411347104128,0.13935745958147147,0.5973954222573007,0.027777777777777776,0.03910148393723268,0.02184475973633184,0.8801587301587301,0.3769048121095583,-0.08873646983174364,0.49820825362760623,58.02130219213089,0.05000000000000002,1.334469821183499,2.0499435304082323,0.3289383549652881,0.9027777777777778,0.12037037037037036,0.10466260398284266,0.08660944568492418,0.6495951417004049,6.755431214373965,0.23729446263254733,0.238898349557584
all_2017_2025,component_rank_w150,RB,540.0,2.310293049570929,3.1531591171236744,-0.9875067348581003,0.825925925925926,0.5756857345554743,0.13178439174555406,26.84574838837649,36.69558108059592,-10.879150446299741,0.8092592592592592,0.5712384931897747,0.12162347362119202,0.2759259259259259,0.21911809088113837,0.2038413839192942,0.5146157675208981,0.15185185185185185,0.1227311164536707,0.1274208072985403,0.6127915645968687,0.15,0.11303466086958272,0.1176312167330903,0.7449366577906883,0.037037037037037035,0.048459317186541825,0.03504242757996824,0.6894230769230769,0.6116941547850232,0.08769226841579628,0.607202149989851,60.56588200245181,0.05000000000000002,1.6446905346419818,2.530573969642781,-0.07890553642088617,0.9185185185185185,0.14629629629629629,0.15688491680462813,0.12371170456279991,0.577226173151377,5.552612999434504,0.37642630402321087,0.16727118268411192
all_2017_2025,component_rank_w150,TE,216.0,2.0532926847935378,2.7726114761387994,-1.8581567359036963,0.7638888888888888,0.6712674486471365,0.2835077409566148,25.24164502827587,33.19030329395381,-20.274812027211755,0.7731481481481481,0.6553097529849384,0.2544103316043737,0.32407407407407407,0.1502789841988013,0.246392740759482,0.573679060665362,0.16203703703703703,0.0695949014287278,0.14178579712809947,0.6314127861089187,0.1712962962962963,0.08748040993325895,0.1386745043855376,0.7262569832402235,0.013888888888888888,0.026194917283157097,0.014332348964644496,0.5712050078247262,0.5368303760879166,0.19547267769323282,0.41831124440002926,60.60137930955257,0.05000000000000002,1.5398199415950442,2.260293618701919,0.27641897538855137,0.9027777777777778,0.1111111111111111,0.10480795206426886,0.10019667118193656,0.4774305555555556,5.829783727199832,0.35006425120537527,0.19029799639856917
all_2017_2025,component_rank_w150,WR,648.0,2.4533138460753783,3.437401968513166,-2.217333829125506,0.7345679012345679,0.6666722646961049,0.2466644359332339,28.215924317938562,38.45703872784865,-22.297286179117663,0.7299382716049383,0.6462017012223644,0.22012689304681926,0.42592592592592593,0.20091703035124778,0.295987248526933,0.5111812373383201,0.2175925925925926,0.09155151148062941,0.18594969025006727,0.5270748527704338,0.1867283950617284,0.07512309091009281,0.1456489430403165,0.8013627738485424,0.021604938271604937,0.04916699016744404,0.02173610874888529,0.798783235691753,0.6114825859892227,0.17434039660482434,1.1751822938068208,61.32500886122479,0.05000000000000002,1.4567579013154037,2.162171413814104,0.20111007472282286,0.904320987654321,0.12037037037037036,0.103232137792633,0.1051107284685592,0.6050607287449393,5.3618030370120975,0.3896956064814589,0.1479996099411975
all_2017_2025,ppg225_component_rank150,QB,216.0,2.404907533503232,3.400347331325975,-1.4079562036503512,0.7222222222222222,0.6312105593693766,0.23414579260149349,23.949351612348924,32.964277821608064,-14.37468460275882,0.7268518518518519,0.6113705589922018,0.17163083664424966,0.37037037037037035,0.18257322822596908,0.2696336473393386,0.5080882352941176,0.18518518518518517,0.07932731030550462,0.16177864762335706,0.5914772727272727,0.16203703703703703,0.08876484017240777,0.13989618372478477,0.6043409629044988,0.027777777777777776,0.03392145029569783,0.02217048708914596,0.8825396825396825,0.3716314134493667,-0.057159527977232394,0.6933705676933422,56.31624204688755,0.05000000000000002,1.3479787441087336,2.0671703203633456,0.35782445344968905,0.9027777777777778,0.12037037037037036,0.1027143837600791,0.08746874916232884,0.637246963562753,6.991876100927848,0.20948037646360446,0.25356705175415223
all_2017_2025,ppg225_component_rank150,RB,540.0,2.3095327787356372,3.153263855326424,-0.9877550581321964,0.8314814814814815,0.5756275057277433,0.13528555867027875,26.8510373934135,36.68600359621883,-10.886161035710703,0.8037037037037037,0.5710438410412916,0.12340280675269766,0.2759259259259259,0.21890251735730487,0.2030567739257141,0.5284333751008428,0.15185185185185185,0.12302284874231775,0.12735071620314342,0.6142027904995208,0.15,0.11295353772907565,0.11772310895599418,0.7424352457032195,0.037037037037037035,0.04818762842788263,0.03526896082123094,0.6652403846153846,0.6092367973040947,0.07853441045941707,0.6115627981079348,59.862491578990046,0.050000000000000024,1.6458748315539857,2.529129265297118,-0.07802240675818149,0.9185185185185185,0.14629629629629629,0.15660474013228876,0.12392876788051574,0.5681100524451522,5.489929047675714,0.38140604843962206,0.16225094529022135
all_2017_2025,ppg225_component_rank150,TE,216.0,2.0544653543082427,2.772577142662484,-1.858320155893091,0.7546296296296297,0.6717936077944998,0.27372711907809716,25.19314384936547,33.16388032684687,-20.209655204820105,0.7453703703703703,0.6554366628872645,0.2563934545232654,0.32407407407407407,0.14912377197481733,0.24622919384965858,0.5898238747553816,0.16203703703703703,0.06917425653641741,0.14133489182972825,0.6453038674033149,0.1712962962962963,0.08777514447057325,0.13869862215614365,0.7304846746187529,0.013888888888888888,0.02546038884386121,0.014299469695439262,0.5618153364632238,0.5399746304409273,0.2011169459031424,0.4286172358587401,61.102322344610855,0.05000000000000002,1.539868734441413,2.2623384652430674,0.2754478984699602,0.9120370370370371,0.1111111111111111,0.10348405600117919,0.09993400847884461,0.4858940972222222,5.790045418257798,0.3561244605314613,0.18793757075878278
all_2017_2025,ppg225_component_rank150,WR,648.0,2.4525376831406533,3.4376399483727824,-2.2183327805110404,0.7345679012345679,0.6669567932572629,0.24746357530468077,28.226836207985016,38.46444845796038,-22.30246000684559,0.7268518518518519,0.6463300571882573,0.2177255883141767,0.42592592592592593,0.20051392457553702,0.2959099464127814,0.5126032413900576,0.2175925925925926,0.09185406352316691,0.18568001115400937,0.5281239945724397,0.1867283950617284,0.0744383216815579,0.14574785444291488,0.8001160474853765,0.021604938271604937,0.04941439998517278,0.021720836735255468,0.8043037404236142,0.6123498768395271,0.17549749805532688,1.1870352333693077,60.119489664537966,0.050000000000000024,1.4598800836053063,2.1680155863038197,0.1751602496688868,0.9089506172839507,0.12037037037037036,0.10479329828653847,0.10548275154855796,0.5946918578497525,5.310432331056082,0.3964349986609241,0.14450677250866448
all_2017_2025,ppg225_component_rank150_raw100,QB,216.0,2.4175772348295648,3.399143572215351,-1.4106381919973685,0.7083333333333334,0.6327726587488811,0.23813140853604603,24.076735310341522,33.09698687249025,-14.527629318562353,0.7083333333333334,0.6135559946173967,0.184178550724935,0.37037037037037035,0.17418043714830697,0.27422155546943294,0.5211397058823529,0.18518518518518517,0.07841201266800583,0.16372664772785847,0.5521306818181818,0.16203703703703703,0.08324992863831528,0.14114264825640432,0.5990528808208366,0.027777777777777776,0.03051749365078659,0.022289335283149483,0.9333333333333333,0.3550973408747343,-0.11751390228509508,0.8749198830094582,55.11363401783251,0.05000000000000002,1.3586330570816718,2.0863805104272015,0.37678976063021324,0.8981481481481481,0.12037037037037036,0.09969324701074823,0.08854264883468456,0.6451417004048583,7.169064336932877,0.1940298086486343,0.2683033188579111
all_2017_2025,ppg225_component_rank150_raw100,RB,540.0,2.310228989191256,3.1532961654335057,-0.9877989928701189,0.8222222222222222,0.5749065270166349,0.13333849554196353,26.86115184217744,36.67226632009666,-10.958276669796224,0.8055555555555556,0.5719015291106924,0.1260836933967872,0.2759259259259259,0.2185014700099473,0.2028197672126548,0.5292572821366656,0.15185185185185185,0.1227640176109103,0.12657537592610726,0.6323090850995846,0.15,0.112402092439343,0.11760254681089825,0.7432959466365421,0.037037037037037035,0.04928861079871725,0.03563122503221844,0.6473076923076924,0.6095718170279595,0.0857687745461709,0.6251264508909673,58.75938926766706,0.050000000000000024,1.6479986882319393,2.5329178969082355,-0.0952091434848931,0.9166666666666666,0.14629629629629629,0.15690784672585095,0.12447705839103852,0.5551772426480683,5.435393001187288,0.3871319891290122,0.15844192348093927
all_2017_2025,ppg225_component_rank150_raw100,TE,216.0,2.056331803464426,2.772401594720199,-1.858319790464276,0.7546296296296297,0.672859558799638,0.27036161545619036,25.16404495723059,33.135722608261545,-20.151704712872043,0.7453703703703703,0.6556978917377797,0.25774502350778716,0.32407407407407407,0.14791390872815002,0.24749458887442474,0.5756360078277887,0.16203703703703703,0.06874627015339663,0.14228926510762957,0.6184688239936859,0.1712962962962963,0.08798452353231398,0.13932182045093228,0.7217273139060849,0.013888888888888888,0.023343021385515726,0.014250004280405048,0.5446009389671361,0.5353621444585804,0.19821860226961502,0.43585976803774396,61.24221190104524,0.05000000000000002,1.5418068446862838,2.268940047428919,0.27439379401257497,0.9074074074074074,0.1111111111111111,0.1024318286294439,0.09975204240289985,0.4924045138888889,5.7803564798406555,0.35936234087518054,0.18865692318925723
all_2017_2025,ppg225_component_rank150_raw100,WR,648.0,2.4529858901037818,3.43757359185016,-2.2190249819049512,0.7330246913580247,0.666972335173427,0.24696552447361597,28.23268619147553,38.44509905618847,-22.325004242784786,0.7237654320987654,0.645615042576107,0.21686108519203057,0.42592592592592593,0.19955173431905177,0.29538636800637647,0.5182328190743338,0.2175925925925926,0.09114734212590765,0.185636211845264,0.5366989802341684,0.1867283950617284,0.07285688368505837,0.14627099642444244,0.8001317295779948,0.021604938271604937,0.04887045824785182,0.021699323169708327,0.8023884632717441,0.6119616015022064,0.169204686690868,1.2016835304617624,59.07509686192347,0.050000000000000024,1.4614171119956223,2.1728180469360114,0.1542077602363312,0.9089506172839507,0.12037037037037036,0.10671141796529444,0.10580663602198163,0.5885739991003149,5.264752827390664,0.40207497316812696,0.14145724616947825
all_2017_2025,ppg300_component_rank200_raw150,QB,216.0,2.4271364691972,3.39818892585317,-1.4130394438700142,0.7083333333333334,0.6339840061096678,0.2571338069866779,24.114559760364912,33.105045161347206,-14.692923271999803,0.7222222222222222,0.6141801227547862,0.18158540695019632,0.37037037037037035,0.1716339998671973,0.2761660070332013,0.5237132352941176,0.18518518518518517,0.076840987676606,0.16403235053226983,0.5586647727272728,0.16203703703703703,0.08162526441170198,0.14130890778344576,0.6011049723756906,0.027777777777777776,0.028218438445909523,0.02259641744410379,0.9182539682539682,0.35449956597862586,-0.12575524833589347,0.950253280932998,53.979668889202145,0.05000000000000002,1.3675810019805665,2.104088453450105,0.38373980351867326,0.8981481481481481,0.12037037037037036,0.09825948786265759,0.09023593112628966,0.6089068825910932,7.232459895549362,0.18685831376149922,0.27265638891923877
all_2017_2025,ppg300_component_rank200_raw150,RB,540.0,2.3102610638551826,3.1536191466484587,-0.9880493728512194,0.8185185185185185,0.5753222180972841,0.13799398638351765,26.86291188502115,36.663543104079224,-10.997531199896306,0.8074074074074075,0.572246260334756,0.1253565361188958,0.2759259259259259,0.2186212980949015,0.20312606014063242,0.5258929950737226,0.15185185185185185,0.12258765009339985,0.1271621410745398,0.6161731813824688,0.15,0.11209280637540314,0.11787162739201577,0.7407407407407407,0.037037037037037035,0.048352153176889436,0.0356212016215299,0.6577884615384615,0.6061301676353893,0.07343196955026901,0.6195736330620798,57.338411543585835,0.050000000000000024,1.647130188154389,2.5341941162711312,-0.10137250517712104,0.9185185185185185,0.14629629629629629,0.15737257219395537,0.12450369006353618,0.5589390153491309,5.398118242457046,0.391287788709811,0.15585919261204173
all_2017_2025,ppg300_component_rank200_raw150,TE,216.0,2.0583989004982515,2.772132502996625,-1.858066594724784,0.7361111111111112,0.6730733186190397,0.2697591414555637,25.14444702342503,33.106553740137265,-20.118246348067995,0.7592592592592593,0.6552517488576912,0.2612634518980533,0.32407407407407407,0.14613786008541643,0.24912145473234765,0.5586105675146771,0.16203703703703703,0.068495755674093,0.14230312340406054,0.6203630623520127,0.1712962962962963,0.08724750161317762,0.14050891398387774,0.7014947908802658,0.013888888888888888,0.021887824546469842,0.014002877419607021,0.6009389671361502,0.5336486121677332,0.19331618618940447,0.4294096262736051,60.83417512631619,0.05000000000000002,1.5417212241942253,2.273724874183359,0.2627681167332825,0.9074074074074074,0.1111111111111111,0.10235163253598775,0.0988488464529029,0.5284288194444444,5.770027923101578,0.3627854057152082,0.18924038826337805
all_2017_2025,ppg300_component_rank200_raw150,WR,648.0,2.452663707025101,3.437597629478431,-2.219620689821431,0.7299382716049383,0.6662207197231244,0.24560983634794342,28.2200933927919,38.44599434784526,-22.30144108110915,0.7237654320987654,0.6458592197358287,0.21292095952543727,0.42592592592592593,0.19893449620690973,0.29523677232892226,0.5277972572853358,0.2175925925925926,0.09092497315295824,0.18621311219375217,0.5205002308111965,0.1867283950617284,0.07253078277918662,0.14623965206021322,0.7997396772625339,0.021604938271604937,0.04812197369973634,0.021459854322323748,0.8215412347904462,0.6083631085432091,0.1637798006435525,1.207624444199633,57.51067586654954,0.050000000000000024,1.463144838360096,2.174313833360691,0.1446829528329222,0.9027777777777778,0.12037037037037036,0.1070814967724177,0.1057334450094552,0.5942195231668916,5.244502527407845,0.40512125284817946,0.13998419876993554
all_2017_2025,ppg_w225,QB,216.0,2.40999225193222,3.3997262829489956,-1.4102380532147825,0.7175925925925926,0.6320746182752672,0.23713729009606044,24.023422041027498,33.040102834643136,-14.476700278234729,0.7175925925925926,0.6125834282725477,0.17423408522647177,0.37037037037037035,0.17957516256595374,0.27055805848941294,0.5181066176470588,0.18518518518518517,0.07984591996322801,0.16272345383627176,0.5761363636363637,0.16203703703703703,0.08699420957530421,0.14020401894050102,0.6041831097079716,0.027777777777777776,0.033517341687762846,0.022374150121890656,0.861904761904762,0.34830330766806766,-0.11733171388085115,0.7389883152260155,56.96977521900544,0.05000000000000002,1.3558481419123636,2.0758581898590895,0.36924531730531357,0.8981481481481481,0.12037037037037036,0.10193311009184977,0.08776508925617624,0.6216599190283401,7.03972970825093,0.20443267779897742,0.2563625927610783
all_2017_2025,ppg_w225,RB,540.0,2.3092547805262407,3.153249394451557,-0.9878696719382274,0.825925925925926,0.5754969742526481,0.13241460659570625,26.83739864547162,36.690557796555076,-10.89777987126043,0.8092592592592592,0.5709806358472048,0.12148367343839622,0.2759259259259259,0.21836844179579165,0.2038200222026746,0.5166240409207161,0.15185185185185185,0.12281988231643497,0.12713230899165323,0.6190755138992438,0.15,0.11313484464244185,0.11768518053639111,0.7405793593157428,0.037037037037037035,0.048644630788946666,0.03541802427114258,0.655625,0.6119078479846859,0.08755509373412727,0.6111883050315802,60.482915563282994,0.05000000000000002,1.6496461556138018,2.5322734528481003,-0.07307090275483635,0.9203703703703704,0.14629629629629629,0.1563202089711196,0.12428076518020235,0.56212416595733,5.480099966252229,0.38249394304802414,0.16175849239819065
all_2017_2025,ppg_w225,TE,216.0,2.052648006402246,2.772570343910854,-1.8583461769004739,0.7546296296296297,0.671659809986152,0.2665007323106883,25.16989705014146,33.16564748652972,-20.18103059540999,0.7407407407407407,0.6554683139534403,0.2509760223712631,0.32407407407407407,0.14811979633237926,0.24663237275597424,0.5897260273972603,0.16203703703703703,0.06899080590201863,0.14188576254340246,0.6315706393054459,0.1712962962962963,0.08785122349771068,0.13888540762596277,0.7264079722180281,0.013888888888888888,0.025482968980089834,0.014227802998458473,0.593114241001565,0.5360045702201595,0.19657176198811604,0.43029822006338037,61.46174754867611,0.05000000000000002,1.5407296649070605,2.2661912341729953,0.27330893097741144,0.9120370370370371,0.1111111111111111,0.10347219010931065,0.09972582009731445,0.4913194444444444,5.788398936393709,0.35584875071798877,0.18787435196537033
all_2017_2025,ppg_w225,WR,648.0,2.4516382567409494,3.437602344030391,-2.218508760104598,0.7345679012345679,0.6671876067700493,0.24791003264701572,28.2219751651663,38.460981753562336,-22.312191432475146,0.7268518518518519,0.6460622948307623,0.2164523558905343,0.42592592592592593,0.2009807786624577,0.2954788243115097,0.5156810035842294,0.2175925925925926,0.09123864498038277,0.18580823457453588,0.5324324702393443,0.1867283950617284,0.07417135899996205,0.14570306471478864,0.8022174478962473,0.021604938271604937,0.04936467409996393,0.02176432602157829,0.8046417305092384,0.6146091418304702,0.18157778238201575,1.1810227153047013,60.41971839455405,0.050000000000000024,1.45647846547218,2.164778073584735,0.16889916392986448,0.9104938271604939,0.12037037037037036,0.10547283952090307,0.10525730022246987,0.5990778227620333,5.315202408844942,0.39541409611781486,0.14467969295203403
all_2017_2025,ppg_w300,QB,216.0,2.4219094320050267,3.3987331254020257,-1.4119803115457175,0.7037037037037037,0.6322670744385148,0.23926296379424594,24.13116777132652,33.105421844817926,-14.539062743351325,0.7129629629629629,0.6131852645750776,0.18107667033120578,0.37037037037037035,0.17395211496636184,0.2753831112995514,0.5050551470588235,0.18518518518518517,0.0792347231403795,0.16369261405306942,0.5460227272727273,0.16203703703703703,0.08321529815465076,0.14164402746042534,0.601420678768745,0.027777777777777776,0.029986867509831774,0.022349595147047797,0.9023809523809524,0.3469976101111297,-0.10376522702104096,0.8410981429467653,55.319133084731305,0.05000000000000002,1.3645472263152112,2.082565498874581,0.39816731008285655,0.8981481481481481,0.12037037037037036,0.09937039374231961,0.08859068479416328,0.6281376518218623,7.159368747379771,0.18915304969100025,0.2636590073910753
all_2017_2025,ppg_w300,RB,540.0,2.3080105601646133,3.1534042161920324,-0.9880884845024015,0.8296296296296296,0.5761606420659331,0.13057961978287655,26.817317542322584,36.67554616028327,-10.919853822229221,0.8018518518518518,0.5714189592410104,0.1231446035481335,0.2759259259259259,0.21792878331009274,0.20337589961189992,0.5216876362450437,0.15185185185185185,0.12265696723389097,0.1275452014847236,0.6072797955053786,0.15,0.11250517499598653,0.11761876745886923,0.7416283385782296,0.037037037037037035,0.048104711376985215,0.035522279891931394,0.6487980769230769,0.6119835246420557,0.08030724080367599,0.6113686883267159,59.72209697609206,0.050000000000000024,1.6483968063365821,2.530534434965147,-0.07334758339444492,0.9203703703703704,0.14629629629629629,0.1565308247602454,0.12408936725292058,0.5659957714379856,5.43607612276347,0.38662019340053755,0.158048858123091
all_2017_2025,ppg_w300,TE,216.0,2.0560719137143373,2.7725562394128853,-1.8585702998553981,0.7546296296296297,0.6727629317615353,0.2712939569165771,25.126861603680087,33.127517953956044,-20.12324610943984,0.7407407407407407,0.6557502423992972,0.2547983758306797,0.32407407407407407,0.14732400491834696,0.24714350491765805,0.5899217221135029,0.16203703703703703,0.06825179889604407,0.1426373685111211,0.6131018153117601,0.1712962962962963,0.08736944793798206,0.13936435578240738,0.7187075343499925,0.013888888888888888,0.023313154986991602,0.014255445038821302,0.5477308294209703,0.5340320432988331,0.1872468117029257,0.43093336369976176,61.43550759973856,0.05000000000000002,1.5396671383939593,2.269011591779315,0.27398536186124134,0.9074074074074074,0.1111111111111111,0.1026064555916385,0.09923695686423342,0.51171875,5.771692112804165,0.35948279248698545,0.18779878749832402
all_2017_2025,ppg_w300,WR,648.0,2.452041344620859,3.437753469698008,-2.2190570656448614,0.7330246913580247,0.6667847958671435,0.2464471073105492,28.226493533696136,38.45411934308032,-22.305992970686873,0.7237654320987654,0.6457588699346458,0.21480388591249522,0.42592592592592593,0.20032102495521928,0.29516076813638753,0.5207651550568801,0.2175925925925926,0.09108075750868393,0.1856112739059498,0.537860030495055,0.1867283950617284,0.07328740644717921,0.1459258922280751,0.8040600937789139,0.021604938271604937,0.049297365247523865,0.021723901386806327,0.8086976115367283,0.6152576860118616,0.18236605967462854,1.186315899649097,59.28999357401496,0.050000000000000024,1.4608708395730947,2.168909834462917,0.15680796111430303,0.9058641975308642,0.12037037037037036,0.10619152081110811,0.10571979774669238,0.591340530814215,5.289491289213351,0.3989833403047028,0.1428496547293297
all_2017_2025,production,QB,216.0,2.3938801815600383,3.3993285356250627,-1.4030029333486258,0.7824074074074074,0.6269146865964225,0.22794472652587722,23.82462811680995,32.84453093252923,-14.109747772195028,0.75,0.6108550013628412,0.17316646699136323,0.37037037037037035,0.1919041108480721,0.26555933777313634,0.5191176470588236,0.18518518518518517,0.08455238801999918,0.1612729836394491,0.5995738636363637,0.16203703703703703,0.09197907230352736,0.13984651284945226,0.5942383583267561,0.027777777777777776,0.03867893803093937,0.02198148876740041,0.8674603174603175,0.3572562370632693,-0.09759106443277484,0.5350816970732715,58.88649813660167,0.05000000000000002,1.3404863395195379,2.0612080857712365,0.33900385907592745,0.8981481481481481,0.12037037037037036,0.10381728003173275,0.08639476317452423,0.6574898785425102,6.8077339880234256,0.23167043357335654,0.24205037421364922
all_2017_2025,production,RB,540.0,2.309665925507517,3.153136206457212,-0.9876720280560328,0.8203703703703704,0.5758786364546177,0.13195150622197982,26.838093347757965,36.687119467745056,-10.912166050249214,0.8092592592592592,0.5714582398044021,0.12678120410880966,0.2759259259259259,0.21846207795695205,0.20361681166406806,0.5230093204483427,0.15185185185185185,0.12231321295514454,0.12749636656872887,0.6106081584833316,0.15,0.11311567254658889,0.11800552414219592,0.7407407407407407,0.037037037037037035,0.04866577023958904,0.03544873764183777,0.666875,0.6086560380216305,0.07662585338846231,0.6139507340720373,61.257853182909,0.050000000000000024,1.645180629820211,2.528991732824738,-0.07646930600496388,0.9185185185185185,0.14629629629629629,0.15666935458814993,0.12391497890990777,0.5735742332299074,5.546737578077186,0.37682924155652014,0.16686972094106778
all_2017_2025,production,TE,216.0,2.0528821422299446,2.7726363041220328,-1.8582678725879074,0.7546296296296297,0.6709717493246544,0.27619495364207786,25.2198691094313,33.20144935246366,-20.24591868100697,0.7592592592592593,0.6557960419292387,0.2503309459236342,0.32407407407407407,0.14984063144558246,0.2466178564730421,0.5738747553816047,0.16203703703703703,0.06896462096887775,0.14163869959188513,0.6367797947908446,0.1712962962962963,0.08787423873920737,0.13860813626095272,0.7294277517741204,0.013888888888888888,0.02630540412261815,0.014368221831522894,0.5712050078247262,0.532155969550237,0.18529394253325235,0.4227637438019871,61.1044370487814,0.050000000000000024,1.5426174353174869,2.264365755568275,0.2772452423347596,0.9074074074074074,0.1111111111111111,0.10468427652808525,0.10011509832465826,0.4774305555555556,5.8168491688069,0.3516157720316447,0.1894300708931785
all_2017_2025,production,WR,648.0,2.4525933975890095,3.437544387537555,-2.2175268745886383,0.7345679012345679,0.6663168787117586,0.24802828128478865,28.217537441285188,38.46618309026157,-22.300990794385037,0.7299382716049383,0.6454461842871233,0.2227133540746552,0.42592592592592593,0.20187619562666564,0.29541516341273244,0.5154667290010908,0.2175925925925926,0.09171835949331017,0.18592480768600972,0.5252423517562633,0.1867283950617284,0.07520083401355696,0.1453522030289462,0.8038013392507096,0.021604938271604937,0.04924249757133325,0.021722389881188433,0.8039657503379901,0.6126409289849891,0.18180468663794574,1.1721925299489755,61.67441590717517,0.050000000000000024,1.4575206244617307,2.164669459720237,0.19443013058319908,0.9058641975308642,0.12037037037037036,0.10394307411778062,0.10506821938211991,0.602361673414305,5.361134811288398,0.38938009870838675,0.14767343863509683
all_2017_2025,raw_component_w100,QB,216.0,2.416805502517056,3.39945101890469,-1.4084080561030095,0.7129629629629629,0.6322889044505118,0.24264402545082786,24.02309376458502,33.01460941554013,-14.50642428324044,0.7268518518518519,0.6129703861039014,0.1751931406079429,0.37037037037037035,0.17854793037139013,0.2719843422949796,0.5153492647058824,0.18518518518518517,0.07966456046657354,0.16245579159480653,0.5791193181818182,0.16203703703703703,0.08688222596094229,0.14028722621112977,0.6009471191791633,0.027777777777777776,0.032546106268342395,0.02250889123667072,0.8738095238095238,0.3604624301066397,-0.08667762178639898,0.8312669472571643,56.735193988258246,0.05000000000000002,1.3515971589877493,2.082474175885573,0.3587377704185744,0.9027777777777778,0.12037037037037036,0.10108899741728151,0.08789007314534168,0.6506072874493927,7.106359173955781,0.20275683109546544,0.26487020417265783
all_2017_2025,raw_component_w100,RB,540.0,2.308642674798996,3.1531061430752843,-0.9876523195663826,0.8203703703703704,0.5752224620057202,0.12682018876742682,26.836321592976844,36.64654083907701,-10.947064629969335,0.8074074074074075,0.5714897111453956,0.12607082127915475,0.2759259259259259,0.21810638389139123,0.2034467511694034,0.5220480955732162,0.15185185185185185,0.12247209787156689,0.12677707994467052,0.6228565342421983,0.15,0.11258461848659686,0.11824389488750098,0.7379972565157751,0.037037037037037035,0.04968431423970154,0.03552247511145694,0.6599038461538461,0.604992007474775,0.07814582506951137,0.6281015108338711,59.843118526910445,0.05000000000000002,1.6508704777855356,2.5375905474270093,-0.0950067213161542,0.9111111111111111,0.14629629629629629,0.15716663722385749,0.12459925965923238,0.5525961723276311,5.4735431608305385,0.38402354244430703,0.16152272631926398
all_2017_2025,raw_component_w100,TE,216.0,2.0532740770655233,2.772488397226936,-1.8582556074758048,0.7546296296296297,0.6721942714430688,0.2716783595403658,25.162460612834995,33.16250507799865,-20.207843973207545,0.7453703703703703,0.6552423034285977,0.2602936618278752,0.32407407407407407,0.1480300477616916,0.24676876443108034,0.586692759295499,0.16203703703703703,0.06808270983538758,0.14222607855187364,0.6303078137332281,0.1712962962962963,0.08707429271000848,0.13903820651463702,0.7291257738185113,0.013888888888888888,0.024673973452704594,0.014220221686064247,0.5555555555555556,0.5423990583381928,0.20596577715857534,0.4357557706411383,61.544044284243284,0.05000000000000002,1.5425897227480678,2.269845882231197,0.2717236133799228,0.9166666666666666,0.1111111111111111,0.10386725461702934,0.09997927745551835,0.4806857638888889,5.786147213388439,0.3567130540206475,0.1879597904106626
all_2017_2025,raw_component_w100,WR,648.0,2.451652745422127,3.4377149316911177,-2.2187370770092882,0.7314814814814815,0.6671480268907938,0.24727374299490645,28.21892822651137,38.446726988261304,-22.342407966058733,0.7237654320987654,0.6459779884842348,0.2181658789004245,0.42592592592592593,0.2010386400170913,0.2954613228468195,0.5149018232819075,0.2175925925925926,0.0913315835866071,0.18515542970464768,0.547358260942549,0.1867283950617284,0.07419788131220906,0.14566061696468413,0.8011902708297395,0.021604938271604937,0.04933448268509535,0.021785107569449152,0.79799459215863,0.6119922745482204,0.17436690184443832,1.194840326539801,60.38574357307017,0.050000000000000024,1.4588838271694513,2.1696552537536897,0.1621709683213914,0.9089506172839507,0.12037037037037036,0.10646699931580023,0.10536393259210529,0.597323436797121,5.288236863146489,0.39895153154912383,0.14309125380445178
development_2017_2022,component_rank_w150,QB,144.0,2.5124856659942725,3.5667062123362663,-1.8785710614126603,0.7708333333333334,0.6578309469509508,0.2788415511833024,25.32076925381122,34.52146956497875,-18.845215996040693,0.7361111111111112,0.6421069303936052,0.23340497988650943,0.4166666666666667,0.18581965699471625,0.2920430658758012,0.5815476190476191,0.2222222222222222,0.08471365907128063,0.19128186571147188,0.5906808035714286,0.18055555555555555,0.08426564645681,0.15003864764180602,0.6734028683181226,0.020833333333333332,0.034774748153221964,0.017919176344169944,0.851063829787234,0.42592650273075217,-0.021577847439916406,0.8128966640955976,56.26897662618371,0.05000000000000002,1.1318240539930804,1.7881668135239523,0.060917836038477696,0.9305555555555556,0.08333333333333333,0.09990250112447437,0.05957116536752221,0.7607323232323232,5.622647058424685,0.2845437240917126,0.114844738039391
development_2017_2022,component_rank_w150,RB,360.0,2.225442544181021,2.992188078849564,-1.0087016613467175,0.8638888888888889,0.5807413108476742,0.1550283653036059,26.101758608040573,35.31796777839941,-9.807781042346802,0.8416666666666667,0.5726733447557204,0.1428372257385066,0.25555555555555554,0.2230896168591113,0.1910228857446659,0.5320408825438028,0.1388888888888889,0.13005029020155476,0.11708730865987832,0.6306451612903226,0.14444444444444443,0.12456078067067203,0.11155600445157536,0.7613011988011988,0.027777777777777776,0.04466517673546079,0.028191447112326875,0.6325714285714286,0.6274904994729611,0.08512308479746498,0.5591730521389678,60.403702456420824,0.05000000000000002,1.6747626144887788,2.5397397438506664,0.02959944764844905,0.9138888888888889,0.1527777777777778,0.15913250903768,0.13098992001879037,0.5006855439642325,5.141458474048753,0.3979110490568954,0.12498303576802902
development_2017_2022,component_rank_w150,TE,144.0,2.0465092166105885,2.781976728239422,-1.8202136372753688,0.7847222222222222,0.6640085804795569,0.2765423926504745,25.793215042779416,34.43713717735181,-20.03186903407882,0.8055555555555556,0.6488055836409923,0.27273116865225827,0.3125,0.15498410886355296,0.234889631585479,0.6244668911335578,0.14583333333333334,0.07142116013720354,0.12660009924277973,0.6987998451413086,0.1736111111111111,0.09368380638043282,0.1398758994318377,0.7220168067226891,0.006944444444444444,0.026697174397710036,0.008081936242353488,0.3916083916083916,0.5613500631164632,0.2545575114540632,0.4667035367855821,60.04353444330247,0.05000000000000002,1.5966142076035506,2.2909042277197837,0.3888529857944619,0.8888888888888888,0.13194444444444445,0.10293815866681653,0.11679761278600712,0.46989473684210525,5.372903712056145,0.37019553994561794,0.14705272459300636
development_2017_2022,component_rank_w150,WR,432.0,2.501898985275736,3.504927290483018,-2.325399539997417,0.7245370370370371,0.6785095366926579,0.27221356328408564,28.74247879763991,38.93798572801926,-23.236952516908854,0.7060185185185185,0.6566606417202959,0.23555899181225137,0.44675925925925924,0.2012046622105162,0.31060684466547955,0.465323996791467,0.22453703703703703,0.094011373863664,0.1920738469970347,0.5003231266348669,0.18981481481481483,0.07192533048811528,0.14763007986652465,0.8172473867595819,0.02546296296296296,0.049942437645532,0.02505634231370634,0.7648456057007126,0.5869834838785762,0.12723958640324792,1.062968203656959,61.31804150230305,0.05000000000000002,1.4725261273438892,2.170348869019851,0.3159851949577626,0.9074074074074074,0.12268518518518519,0.10193634955294269,0.10583468864822443,0.6327475481654802,4.921379357240245,0.4203847935915215,0.10988184393900381
development_2017_2022,ppg225_component_rank150,QB,144.0,2.520959259709933,3.568331239693398,-1.8849222209986398,0.7152777777777778,0.6623009208499848,0.28948523455527525,25.476580827917367,34.73091795228009,-19.011027966779857,0.7222222222222222,0.6429979549382304,0.23124428063830604,0.4166666666666667,0.17859654670245187,0.29492102191837205,0.578968253968254,0.2222222222222222,0.08059049056207618,0.19185082091706251,0.5940290178571429,0.18055555555555555,0.0814199485471997,0.1502414027307031,0.6815514993481095,0.020833333333333332,0.03085780761307397,0.017591762922643663,0.8747044917257684,0.4221305669340652,0.017844224740776467,0.929609426179565,54.74532375319747,0.05000000000000002,1.138178974380133,1.7933342652682696,0.0981186622982648,0.9236111111111112,0.08333333333333333,0.09695618924514544,0.05976396976249506,0.7588383838383839,5.7198979854853,0.2627031772034504,0.11385336231486415
development_2017_2022,ppg225_component_rank150,RB,360.0,2.224428717877636,2.99210683464313,-1.008853707507628,0.8666666666666667,0.5805469803688814,0.15122513847791327,26.106177898365754,35.32828157324502,-9.809837644991847,0.8361111111111111,0.5719259662157076,0.1455390060600248,0.25555555555555554,0.22280247615110116,0.19078609697753446,0.5352044127190136,0.1388888888888889,0.13043253116011225,0.11712487028407954,0.632,0.14444444444444443,0.12473043382244037,0.11178519289075302,0.7587412587412588,0.027777777777777776,0.04449874963197416,0.028683630624327057,0.5862857142857143,0.62048522030687,0.06664969122704135,0.5585074171091772,59.72488212032893,0.05000000000000002,1.6759836365581824,2.5382434672922676,0.02995659812255729,0.9138888888888889,0.1527777777777778,0.15901661301290998,0.1311557067540161,0.496274217585693,5.102176115440647,0.4029290055811957,0.12299831693104847
development_2017_2022,ppg225_component_rank150,TE,144.0,2.0466946025267174,2.781924049738723,-1.8204432200873641,0.7847222222222222,0.6644096567010879,0.2659827164024368,25.723545211670015,34.388307280525616,-19.964774386579286,0.7708333333333334,0.6485525635473501,0.27170679763506456,0.3125,0.15430405948784398,0.23430582831927993,0.6421997755331089,0.14583333333333334,0.07116388878042544,0.12556986146135563,0.7255129694154084,0.1736111111111111,0.0940092245600595,0.1393941672638135,0.7304201680672269,0.006944444444444444,0.026544412374037415,0.008068301035253118,0.36363636363636365,0.5617198112858197,0.24673659673659676,0.4856804387309733,60.50674672237218,0.05000000000000002,1.595461414142867,2.2934957631141697,0.38712688090946484,0.9027777777777778,0.13194444444444445,0.10192938710664144,0.11679518393272728,0.464,5.3490409842470354,0.3762112739005675,0.14836425342763734
development_2017_2022,ppg225_component_rank150,WR,432.0,2.5001298293049126,3.5050827657495316,-2.3261556713770606,0.7222222222222222,0.6782971024815169,0.2694633870384848,28.733913439102018,38.939339528752214,-23.242479840886837,0.7013888888888888,0.6562115275219279,0.23518061235710613,0.44675925925925924,0.20064385174841134,0.3097359344628447,0.4743425759316669,0.22453703703703703,0.09361338367415055,0.1916516046673394,0.5099553777504231,0.18981481481481483,0.07092330414771354,0.14725450910725107,0.8210104529616725,0.02546296296296296,0.050485935103455185,0.02519091660532284,0.7650615417836321,0.5901780113563512,0.1325628554775016,1.0693160033701876,60.012430963868425,0.050000000000000024,1.474942151902775,2.1770071988176563,0.28588893543418503,0.9120370370370371,0.12268518518518519,0.10382548049308703,0.10623819663385003,0.6204510379847663,4.877571696707247,0.42917577537555357,0.10855077129869503
development_2017_2022,ppg225_component_rank150_raw100,QB,144.0,2.53636544699952,3.567859763415013,-1.8875399926173995,0.7013888888888888,0.661916268376366,0.298013985366452,25.620704730487645,34.88543146121415,-19.133472089811782,0.7013888888888888,0.6452957305609645,0.2278299586268177,0.4166666666666667,0.17233605100715169,0.29986530497261576,0.5938492063492063,0.2222222222222222,0.07864480468555819,0.1939217579542746,0.5622209821428571,0.18055555555555555,0.07777131281317555,0.15097211227506988,0.678129074315515,0.020833333333333332,0.028382322092049328,0.017919979698362867,0.900709219858156,0.4110904021553471,-0.029471103609034644,1.068310004595447,53.75030836526993,0.05000000000000002,1.1511178247270628,1.8202190939556695,0.12442640933757963,0.9236111111111112,0.08333333333333333,0.09414316638699241,0.061331830576499886,0.7752525252525253,5.836515277327909,0.2473272149149262,0.11972286664966542
development_2017_2022,ppg225_component_rank150_raw100,RB,360.0,2.225937246307347,2.9921367174180205,-1.0089572842857644,0.8611111111111112,0.5794522012573309,0.15264800985582808,26.153008959938234,35.33459124769619,-9.900644972008802,0.8333333333333334,0.5732888790863742,0.14273527164264893,0.25555555555555554,0.22255713366125013,0.19084724005962844,0.5281878650227125,0.1388888888888889,0.1306744371013561,0.11642642737106623,0.6435483870967742,0.14444444444444443,0.12417059049139062,0.11170345333898675,0.7581793206793207,0.027777777777777776,0.04511422936142699,0.028995360608982945,0.5514285714285714,0.6232576503307831,0.07847385653695887,0.5829193565412436,58.613637658163064,0.050000000000000024,1.6817684563688948,2.548118717586547,0.01352714004232488,0.9083333333333333,0.1527777777777778,0.15876664139961036,0.1317021078534381,0.4760655737704918,5.048927785211974,0.40939274536619746,0.12011117246022103
development_2017_2022,ppg225_component_rank150_raw100,TE,144.0,2.048419046475726,2.7817705181032477,-1.8206428814561444,0.7847222222222222,0.6657194323950689,0.2688517305155783,25.69670997570322,34.34178477911736,-19.915525944990353,0.7777777777777778,0.6491950389783967,0.27331034482047967,0.3125,0.1536865725497525,0.2351593196522798,0.6300785634118967,0.14583333333333334,0.0708728137148622,0.12675060229063495,0.6848625629113434,0.1736111111111111,0.09394611835213398,0.1400986133886339,0.7159663865546219,0.006944444444444444,0.024148784240988017,0.007870428303249166,0.36363636363636365,0.5572647477452567,0.2328108672936259,0.5026409934879954,60.533490335098705,0.05000000000000002,1.5930820696986114,2.2925535489618465,0.3891258756485314,0.8958333333333334,0.13194444444444445,0.10100887054737455,0.11653084712872269,0.4770526315789474,5.3562396831571695,0.3782190483887457,0.1519384916817614
development_2017_2022,ppg225_component_rank150_raw100,WR,432.0,2.500447409862516,3.505063534914051,-2.3268176988821456,0.7245370370370371,0.6784031392746743,0.2715102901349776,28.734512089975766,38.925315870623294,-23.286573659996083,0.6990740740740741,0.6557903820657314,0.23229318395746268,0.44675925925925924,0.19941938118060018,0.3095046981916813,0.48073796258156826,0.22453703703703703,0.09277944098042498,0.19143248911489255,0.5228188952146484,0.18981481481481483,0.06933108883642414,0.14825325278878482,0.8166202090592335,0.02546296296296296,0.04966573391266428,0.025123820232380138,0.7680846469445044,0.5865278670390706,0.11021655661115966,1.082077521149529,58.87549169517228,0.050000000000000024,1.4750175952938123,2.181312793167162,0.2654152491280121,0.9120370370370371,0.12268518518518519,0.10527122727015462,0.10624773513980343,0.6219445412455817,4.835730361759306,0.43656447613524446,0.10738720947586308
development_2017_2022,ppg300_component_rank200_raw150,QB,144.0,2.544146480356604,3.5675774689236968,-1.8888931984193147,0.7013888888888888,0.6632210571672805,0.3035215161487202,25.649571583977504,34.906304510695975,-19.27057068182762,0.7222222222222222,0.646477766591416,0.23836426943302025,0.4166666666666667,0.17160189750437974,0.30191024384212967,0.5851190476190476,0.2222222222222222,0.07726242361453657,0.19361232556520555,0.5809151785714286,0.18055555555555555,0.07632821561292107,0.15106923586650758,0.6828552803129074,0.020833333333333332,0.026530122384026526,0.0179210142622514,0.9030732860520094,0.40867498932971563,-0.05565469013744876,1.1177795042671979,52.63439077819131,0.05000000000000002,1.1600151479262226,1.8406223145085931,0.1286959449379039,0.9305555555555556,0.08333333333333333,0.09339795679010095,0.06280438431553916,0.7329545454545454,5.86205021260144,0.24143792624078694,0.11928287668817456
development_2017_2022,ppg300_component_rank200_raw150,RB,360.0,2.226610083839904,2.9921230311068263,-1.008945335832141,0.8583333333333333,0.5797584322152035,0.15743843082796208,26.168626395004633,35.322048151018635,-9.961711447743646,0.8333333333333334,0.5735274072374739,0.13921054371456187,0.25555555555555554,0.22242893193521598,0.19086478699924478,0.529891304347826,0.1388888888888889,0.1306270922207218,0.11706344111582023,0.6250322580645161,0.14444444444444443,0.12363018305902101,0.1117965964212272,0.7586788211788211,0.027777777777777776,0.04466175611830732,0.029003709763547478,0.564,0.6210787245540339,0.06734105458632654,0.5815912028335682,57.199273352726465,0.05000000000000002,1.6804428253952064,2.549916137089048,0.007817361591019001,0.9111111111111111,0.1527777777777778,0.15893435631118463,0.13163329187663836,0.4823248882265276,5.02014828456512,0.41345769970321933,0.11886888452345334
development_2017_2022,ppg300_component_rank200_raw150,TE,144.0,2.0479074490985365,2.7815732788829948,-1.8203985793661543,0.7638888888888888,0.665857998825057,0.2742092651289325,25.631653976110606,34.28214157848355,-19.863721452731347,0.7847222222222222,0.6480882962752598,0.26533741675619843,0.3125,0.1514617983378103,0.23697689813525422,0.6083052749719416,0.14583333333333334,0.06996641613887321,0.1268504595285519,0.6794425087108014,0.1736111111111111,0.09262984759259793,0.14104480389132468,0.706890756302521,0.006944444444444444,0.023052521884914745,0.007208183259377893,0.8881118881118881,0.5575340208685925,0.24467486536452054,0.502219454192004,59.99126292098731,0.05000000000000002,1.5893713112059689,2.2894861329632192,0.37967696767558384,0.8958333333333334,0.13194444444444445,0.10082028351496902,0.11572969821846095,0.504,5.361495508918902,0.38107716739307534,0.15522939787660125
development_2017_2022,ppg300_component_rank200_raw150,WR,432.0,2.4991723829978874,3.505042879646717,-2.3272940544908574,0.7175925925925926,0.6781391263398553,0.2671077623950356,28.692802357522194,38.90709525889182,-23.261400973792885,0.7037037037037037,0.6559567867333423,0.2295091402704727,0.44675925925925924,0.19857343238492647,0.30889975231170863,0.5004227458971968,0.22453703703703703,0.09232395632523228,0.19201719539059264,0.5068472072626558,0.18981481481481483,0.06900408459428424,0.14802304902594787,0.8173867595818816,0.02546296296296296,0.04911010315596608,0.02486089355007546,0.7907579356510472,0.5843998193571327,0.10831298631167886,1.086712815744337,57.242952458411914,0.05000000000000002,1.475785233477613,2.18477528244568,0.25385045233301623,0.9027777777777778,0.12268518518518519,0.10558628968499867,0.10609462654682528,0.6288146562453328,4.810982516032503,0.4415629861954043,0.10668387040293593
development_2017_2022,ppg_w225,QB,144.0,2.527619882336678,3.5683898984579425,-1.8874452275692042,0.7083333333333334,0.6629361091755287,0.2941229740816325,25.578882967052664,34.809710001202745,-19.09752449830176,0.7152777777777778,0.6440521496057063,0.2356111376278489,0.4166666666666667,0.1778388527486263,0.2958483510083968,0.5805555555555556,0.2222222222222222,0.08067139580031929,0.1924049812212948,0.5856584821428571,0.18055555555555555,0.08071665378594214,0.15074771671449008,0.6753585397653195,0.020833333333333332,0.03049686496393014,0.017870022143187083,0.8297872340425532,0.40706337444938584,-0.03510569889880235,0.9491389888720746,55.37734828492348,0.05000000000000002,1.1461141993307973,1.8070635918957312,0.10980133243623882,0.9305555555555556,0.08333333333333333,0.09636738783058266,0.05980096028825583,0.7518939393939394,5.73010374872341,0.25968566112683256,0.11285932117272347
development_2017_2022,ppg_w225,RB,360.0,2.2230193249087256,2.9920736429690034,-1.008976420576787,0.8611111111111112,0.580377284030026,0.14926561139297853,26.081410411163642,35.33057059629972,-9.82220794461128,0.8388888888888889,0.5722347700534939,0.13992809249731758,0.25555555555555554,0.22193794187093263,0.19138309415947205,0.5276200519143414,0.1388888888888889,0.13011472858341022,0.11708752520633389,0.63,0.14444444444444443,0.12496143301285302,0.11194330828873807,0.7531218781218781,0.027777777777777776,0.04519709290234967,0.02888784250355704,0.5697142857142857,0.6248929699422533,0.07363045496750231,0.5572851365360576,60.35018117479475,0.05000000000000002,1.6780576943340373,2.539498055185609,0.03569510384570634,0.9166666666666666,0.1527777777777778,0.15878483465577375,0.13148613101831894,0.48912071535022356,5.09299077856372,0.4044953125779439,0.12327273825006446
development_2017_2022,ppg_w225,TE,144.0,2.0461808627064633,2.781894309728402,-1.8204794230136396,0.7847222222222222,0.6639882384197124,0.265705437767632,25.712466272235073,34.37855988363344,-19.928941265667053,0.7638888888888888,0.6484914899147658,0.26529763893056435,0.3125,0.15380032597523527,0.23433040036960642,0.6442199775533108,0.14583333333333334,0.07133819707439278,0.12606496712249274,0.710801393728223,0.1736111111111111,0.09426572766512613,0.13954177088442077,0.7247058823529412,0.006944444444444444,0.02629728578273891,0.008046397012300609,0.36363636363636365,0.5621277399726643,0.24282212040832732,0.48767526342908496,60.84798046674949,0.05000000000000002,1.5943359653743718,2.293909536002506,0.38625417347985397,0.9027777777777778,0.13194444444444445,0.10169496002224603,0.1166289951263682,0.4694736842105263,5.344613775575433,0.37607769842139765,0.14813453013950978
development_2017_2022,ppg_w225,WR,432.0,2.499161865641155,3.505210671706815,-2.3264228561002023,0.7222222222222222,0.678805708440634,0.271147213396324,28.73601998834765,38.95048141329067,-23.261880099901347,0.7013888888888888,0.6559795795551758,0.23444093869622779,0.44675925925925924,0.20058058975990545,0.30960279031024274,0.47518806772606065,0.22453703703703703,0.0930493471984774,0.19170064444195897,0.5145406985690106,0.18981481481481483,0.07047295222495277,0.14748654036046618,0.8217073170731707,0.02546296296296296,0.05032310601161063,0.025177874562163874,0.7693802634420212,0.5893543734009759,0.13238424226619677,1.0682544651529904,60.27682510251688,0.050000000000000024,1.471916787515931,2.1718839742477853,0.28315016394875087,0.9143518518518519,0.12268518518518519,0.10428140058602725,0.10601989693712019,0.6254293821874845,4.881204029570689,0.42785953835372226,0.10846493324422336
development_2017_2022,ppg_w300,QB,144.0,2.5436436497388075,3.5677514391306366,-1.8891105236478885,0.6944444444444444,0.6628937478190277,0.2949499644224241,25.677674314071943,34.85866949070372,-19.108421595873253,0.7083333333333334,0.6445992112557708,0.22944269991289123,0.4166666666666667,0.17314245521943208,0.3003529482000052,0.5759920634920634,0.2222222222222222,0.0797760612607723,0.193089962225464,0.5650111607142857,0.18055555555555555,0.07837689495523809,0.1514061329758524,0.6838331160365059,0.020833333333333332,0.027468100819104665,0.01800252264504902,0.8486997635933806,0.40323126774516016,-0.01066232617956756,1.0127963918461487,53.84139593165469,0.05000000000000002,1.1545345365181363,1.8091449545825056,0.14582173615350438,0.9236111111111112,0.08333333333333333,0.09349133801847163,0.06091638409735045,0.7424242424242424,5.777738542974754,0.24787116652084387,0.11167154152574937
development_2017_2022,ppg_w300,RB,360.0,2.2200545897097927,2.9922113977624423,-1.0090483562857295,0.8638888888888889,0.5809454744857153,0.15125214419445118,26.043796786689686,35.32252221170381,-9.833461325822363,0.8333333333333334,0.572797532992291,0.13918970071236286,0.25555555555555554,0.22160974185389393,0.1909293012999956,0.5322842310188189,0.1388888888888889,0.13024101085969245,0.11719840636122886,0.6268387096774194,0.14444444444444443,0.12422576967992234,0.11161137520976128,0.7588036963036963,0.027777777777777776,0.04467516590568411,0.02905234291937011,0.5517142857142857,0.6253087444235277,0.0680365332037027,0.5572712538871119,59.54963201544179,0.05000000000000002,1.679122963605249,2.5407214683662804,0.03958215285130346,0.9166666666666666,0.1527777777777778,0.1584340389303347,0.13151534194553538,0.48923994038748136,5.066490597009016,0.40845933246859323,0.12183262770351903
development_2017_2022,ppg_w300,TE,144.0,2.048244307986553,2.781830927735336,-1.8208480427573117,0.7847222222222222,0.6647946960384714,0.26610766698688415,25.660043704522323,34.32325690679151,-19.899740795531986,0.7638888888888888,0.6484838907720882,0.274434680524698,0.3125,0.15267322690229812,0.23464882857649266,0.6484848484848484,0.14583333333333334,0.07014626565870756,0.12707885465101773,0.6829268292682927,0.1736111111111111,0.0932993037091212,0.14005215192782744,0.7149579831932773,0.006944444444444444,0.024157844799127234,0.007884379206210799,0.38461538461538464,0.5588763674834306,0.236528414114621,0.49820633355364763,60.71752625212738,0.05000000000000002,1.5887426770102708,2.2911129130356778,0.3865507447630869,0.8958333333333334,0.13194444444444445,0.1008992037793291,0.11615666120790502,0.4896842105263158,5.345068512542174,0.3786022925057104,0.15048373538624554
development_2017_2022,ppg_w300,WR,432.0,2.4989461990364186,3.5053012665325096,-2.3268223377090234,0.7199074074074074,0.6789370295789546,0.2694892123537792,28.71788921292783,38.92702218223753,-23.248914876129234,0.6990740740740741,0.6558457259168041,0.23123552398032537,0.44675925925925924,0.1994297508012293,0.3089738089258954,0.4898866173824441,0.22453703703703703,0.09255342689708554,0.19159675645835356,0.5221418679796892,0.18981481481481483,0.06945431383095355,0.1477364973280703,0.8206097560975609,0.02546296296296296,0.050107444457843056,0.02501918577689289,0.780177067587994,0.5882872982221402,0.1254574730874544,1.0673147931227969,59.046793649610564,0.050000000000000024,1.4735865763358649,2.1741048364557094,0.26953121422998616,0.9074074074074074,0.12268518518518519,0.10498975120086945,0.1062477911170358,0.6232389107382884,4.855242663104188,0.4328076121711492,0.10743446039444116
development_2017_2022,production,QB,144.0,2.5140469752481596,3.567343497649279,-1.8794533057734322,0.7638888888888888,0.6575779074213417,0.2800127218589955,25.352185290543503,34.584923438079265,-18.818274981763594,0.7291666666666666,0.6424205765759935,0.22639704022037055,0.4166666666666667,0.18508982186495496,0.2911124278963032,0.5930555555555556,0.2222222222222222,0.08423189240470379,0.19168426839494185,0.5990513392857143,0.18055555555555555,0.08339009664528613,0.1500633617615877,0.6779661016949152,0.020833333333333332,0.03432550366326644,0.01807224390468173,0.8226950354609929,0.416333174253577,-0.02066956032473274,0.8333622188920154,57.08867427122206,0.05000000000000002,1.1395895701249072,1.7998854711081427,0.07758797861225382,0.9236111111111112,0.08333333333333333,0.09843924911385472,0.05924332244189994,0.7657828282828283,5.640475452018035,0.28066939851141803,0.11460037057527536
development_2017_2022,production,RB,360.0,2.2240890743888375,2.9921923315079044,-1.0089182346169963,0.8583333333333333,0.5803924800421729,0.1549136328351658,26.064713723687394,35.299971936860715,-9.822504809448969,0.8388888888888889,0.5717800595817992,0.14344787077547633,0.25555555555555554,0.22235905298521705,0.1905939351339824,0.5442083062946139,0.1388888888888889,0.12985168078464315,0.11724196277507448,0.6252258064516129,0.14444444444444443,0.12488924256752167,0.11180093661616755,0.7586788211788211,0.027777777777777776,0.04500562076304926,0.028637652989355562,0.6044285714285714,0.6236522052669259,0.070488969822298,0.5678682377592434,61.138593574364755,0.05000000000000002,1.6707094278449444,2.5338714035625993,0.03129292944088576,0.9138888888888889,0.1527777777777778,0.15923567246796463,0.1309919183968129,0.504441132637854,5.135970829850837,0.398969056609777,0.1252341729713134
development_2017_2022,production,TE,144.0,2.0459807992248056,2.781996683287594,-1.8203667051553465,0.7777777777777778,0.6631134407762675,0.2661386819296093,25.765268150505158,34.431759015536905,-20.014803677245638,0.7916666666666666,0.6491859753454182,0.27740130396602725,0.3125,0.15482144858203373,0.23478343603071858,0.6166105499438833,0.14583333333333334,0.070729745991004,0.1261434631863033,0.7166085946573751,0.1736111111111111,0.09455010988250957,0.13938614363981688,0.7253781512605042,0.006944444444444444,0.026691715292008016,0.008080411337525897,0.40559440559440557,0.5543288669005285,0.23631942769873807,0.47349848749282825,60.52507758622927,0.050000000000000024,1.5980054837206703,2.2915629280779797,0.38867373546347533,0.8888888888888888,0.13194444444444445,0.1027864062372011,0.11688944396858852,0.4665263157894737,5.361115137982929,0.37141976853957626,0.14622780306512473
development_2017_2022,production,WR,432.0,2.500689031025584,3.5050141085423863,-2.325523372021718,0.7222222222222222,0.6778076290779954,0.2711764294329368,28.75066873257083,38.95555100130344,-23.246705032059825,0.7083333333333334,0.6558366179355554,0.2366022429635441,0.44675925925925924,0.2022749949036247,0.3096841252911083,0.4703319097274915,0.22453703703703703,0.09411053774712431,0.19206666844749803,0.4997691952608094,0.18981481481481483,0.07213986111909089,0.14728684845982928,0.8208710801393728,0.02546296296296296,0.050076554233957064,0.02516018221871141,0.7646296696177931,0.5883873969887419,0.13951418397279838,1.0625670097733562,61.644170202090166,0.050000000000000024,1.471447032224218,2.1700416071992525,0.3083676330747256,0.9074074074074074,0.12268518518518519,0.10257665631713947,0.10568506030114803,0.6333947329118336,4.921113512099986,0.41995084985921477,0.10941931813006951
development_2017_2022,raw_component_w100,QB,144.0,2.5371687781722194,3.567612418188514,-1.8850267352045964,0.7083333333333334,0.6627041985244744,0.29291349147527584,25.558727429494656,34.787352041099105,-19.109908553215057,0.7291666666666666,0.6445568419463334,0.23806565213714254,0.4166666666666667,0.17486211921952727,0.29813538520009847,0.5888888888888889,0.2222222222222222,0.0806388126393833,0.19247596187675445,0.5825892857142857,0.18055555555555555,0.07954733836252237,0.15044394404252395,0.6808996088657105,0.020833333333333332,0.029636179507508503,0.01810019944989703,0.851063829787234,0.4248192710610992,0.005140262036813761,1.0596810051568144,55.44649283265499,0.05000000000000002,1.1471101502267858,1.8163699290943347,0.1087510860515472,0.9305555555555556,0.08333333333333333,0.09522923143728161,0.060687570881638835,0.7683080808080808,5.820954598765389,0.2535482737345773,0.12263953250008736
development_2017_2022,raw_component_w100,RB,360.0,2.224809340965023,2.9921261297792694,-1.0088530664687896,0.8583333333333333,0.5790149254404655,0.1508942628415009,26.110460405019754,35.28440985758349,-9.883524875436652,0.8416666666666667,0.5726925037197759,0.14385846855565254,0.25555555555555554,0.22218565424404457,0.19123058571838297,0.5259977287475666,0.1388888888888889,0.13012553761945167,0.11660137604154035,0.6370322580645161,0.14444444444444443,0.1244484896757095,0.11249031692089842,0.7500624375624375,0.027777777777777776,0.04582137575991873,0.02878745627760703,0.5835714285714285,0.6216775015366548,0.07766340789666587,0.588425650441404,59.636487358841094,0.05000000000000002,1.6815063891928326,2.5483863170602237,0.01510695790196108,0.9027777777777778,0.1527777777777778,0.15911224275370556,0.13181450597208602,0.47815201192250373,5.07456067368739,0.406477644216646,0.12172646028789955
development_2017_2022,raw_component_w100,TE,144.0,2.04631331027357,2.7819021950975684,-1.820474697374503,0.7847222222222222,0.6639335246005701,0.26692741008667903,25.709482593471037,34.379580463445976,-19.949557486622684,0.7638888888888888,0.6479654044297887,0.2718677359019493,0.3125,0.1539789373992789,0.23474879803747045,0.6377104377104377,0.14583333333333334,0.0704352185387705,0.12668520893038066,0.6941540843979869,0.1736111111111111,0.09347107270765796,0.13957871118806864,0.7300840336134454,0.006944444444444444,0.02547124116793082,0.007946093900296556,0.36363636363636365,0.5617117732821381,0.24135117755807414,0.4939753346868321,60.897565721593,0.05000000000000002,1.5943755596652995,2.2955767846414576,0.3873248688264117,0.9027777777777778,0.13194444444444445,0.10188911643550812,0.11663437707891948,0.46778947368421053,5.349573389501341,0.37619438686839246,0.14900949877200353
development_2017_2022,raw_component_w100,WR,432.0,2.4983624968253317,3.505235007620488,-2.3265814244083165,0.7245370370370371,0.6790274015869173,0.26979780111839063,28.722873378700704,38.93718091100418,-23.29506135835047,0.6990740740740741,0.6560972241143828,0.23727101414129853,0.44675925925925924,0.20082588964384887,0.3092794255870707,0.4797840744032779,0.22453703703703703,0.09342523682360991,0.19106235178739758,0.5268195106939529,0.18981481481481483,0.07030320147486487,0.14770603613208258,0.8181881533101045,0.02546296296296296,0.05016735268805203,0.025171614989035102,0.7633340531202764,0.5874962574859257,0.1235979607134288,1.0796542248017924,60.2411242381387,0.050000000000000024,1.47252683071671,2.1744742475142744,0.2768426167088194,0.9120370370370371,0.12268518518518519,0.10494992735890746,0.1059542626452523,0.6266241847961368,4.859678242273168,0.43159596219432206,0.10788449664305994
recent_2020_2025,component_rank_w150,QB,144.0,2.414941723951129,3.4810274979950537,-1.0569253331584438,0.8055555555555556,0.5990580670337756,0.19361208137688046,23.389672194842674,33.20126759464573,-9.830643010006938,0.7638888888888888,0.5733645879531304,0.11372976467214246,0.3541666666666667,0.20795493303632415,0.25056741974294755,0.5302551127978073,0.1875,0.09014023841646196,0.16249349945874378,0.5900601456157012,0.1527777777777778,0.1021975376131773,0.13179810814783707,0.5842026825633383,0.034722222222222224,0.043720877327395664,0.0255353729899604,0.9309352517985612,0.394292948655863,-0.06220159151193634,0.0751755987966357,58.841816067950475,0.05000000000000002,1.5015376342068272,2.191037965479946,0.639898883970159,0.8888888888888888,0.1527777777777778,0.11441885181056162,0.10156982362338127,0.6825633383010432,7.734907481170238,0.1691356933235261,0.33392042769626645
recent_2020_2025,component_rank_w150,RB,360.0,2.2736260663079366,3.1350555449905952,-0.8922698854332072,0.8194444444444444,0.5704640755337432,0.12590406599127818,26.114823434269162,36.00916872370509,-9.931413216056116,0.8055555555555556,0.5657503545586124,0.11978632810833528,0.2777777777777778,0.21527341531895194,0.20542699330743516,0.5161923076923077,0.1361111111111111,0.1152319820134632,0.11580886323658698,0.6227442745586981,0.14722222222222223,0.10556455664911533,0.11746937959191987,0.7406428615327884,0.04722222222222222,0.051518126479498515,0.042969317583641684,0.7367518435945807,0.625599952219108,0.10169522912985439,0.689747183721827,61.22738448935116,0.05000000000000002,1.6621988620180912,2.521998677675686,0.005499780358744961,0.9166666666666666,0.1527777777777778,0.15280654264410098,0.12505646390704755,0.6451862891207153,6.0199913618642125,0.3490899639407416,0.22151195815303232
recent_2020_2025,component_rank_w150,TE,144.0,1.9818530626089743,2.6688973818064587,-1.8391964055502905,0.7777777777777778,0.6751139839099762,0.29508181503068887,23.75895430926208,30.774578411968946,-19.393604081733795,0.7708333333333334,0.6604633666399969,0.2722962522401232,0.3333333333333333,0.14711995289269403,0.25618460734272464,0.5223524305555556,0.14583333333333334,0.07320602538552051,0.12904164318568453,0.5772357723577236,0.1597222222222222,0.09375896636950852,0.1283635914761901,0.743801652892562,0.013888888888888888,0.026708984827126747,0.01421955411025655,0.6514084507042254,0.5475517294834414,0.1599791013584117,0.41626459098604496,60.96294138674352,0.05000000000000002,1.4410687728920477,2.142540040353313,0.16562383737960598,0.9166666666666666,0.09027777777777778,0.10964789728442678,0.08311756218931127,0.5196711685261304,6.317798904377457,0.32280113027836893,0.24709618269850875
recent_2020_2025,component_rank_w150,WR,432.0,2.419210525217617,3.3928185159015065,-2.2306079234099183,0.7430555555555556,0.6665674986158494,0.24419145391643032,28.032073774818215,38.281815316196536,-22.002714798699717,0.7407407407407407,0.6421842975263096,0.21175863501769238,0.4212962962962963,0.2023116129538444,0.2918721111870201,0.5263956043956044,0.20833333333333334,0.08957075694716643,0.17811234789555655,0.5467836257309941,0.19444444444444445,0.07594035545943935,0.1511898803584203,0.7974822112753147,0.016203703703703703,0.04600641769496115,0.016844261556361713,0.8201680672268907,0.6236545031569399,0.19560691876135314,1.354682041043863,61.144936205522605,0.05000000000000002,1.4749430070170921,2.18479014499481,0.21669432050977047,0.8981481481481481,0.125,0.10312732082169235,0.10899369221999884,0.5973936899862826,5.7891336271796865,0.3588825531117256,0.19462205393348947
recent_2020_2025,ppg225_component_rank150,QB,144.0,2.42892283498656,3.4791799158668875,-1.0620392466657544,0.7222222222222222,0.6036540265078776,0.202273276820438,23.59015554316343,33.42633187069204,-10.11355894509737,0.7222222222222222,0.57380409367003,0.12713045871517947,0.3541666666666667,0.19616789695927325,0.2545250414819185,0.503057136833228,0.1875,0.08364953484588349,0.16311642998244363,0.6087369420702754,0.1527777777777778,0.0992944227096843,0.13176731036145503,0.5987332339791356,0.034722222222222224,0.038020843399369474,0.02626460021738303,0.9266187050359712,0.3833129032383776,-0.03290330359295877,0.3179811096042095,56.77350249085496,0.05000000000000002,1.522563183185252,2.2279602900287094,0.661149939704561,0.8888888888888888,0.1527777777777778,0.11351077136139291,0.10320628591459173,0.6616989567809239,8.078061019281929,0.13117018652260784,0.3572361922282035
recent_2020_2025,ppg225_component_rank150,RB,360.0,2.2734676261903917,3.135208766439954,-0.8925931114574278,0.8277777777777777,0.5706726684161353,0.1346795670587851,26.127167686535177,35.988783645262046,-9.951962527879603,0.7972222222222223,0.5657721496751883,0.11727109000480329,0.2777777777777778,0.21536019831535885,0.2040033749311781,0.5410769230769231,0.1361111111111111,0.11550135979876906,0.1155757317028619,0.6270096463022508,0.14722222222222223,0.10545117563185341,0.11716610101617182,0.7386147132935899,0.04722222222222222,0.051083555979481075,0.04323169277987881,0.7142857142857143,0.6229980705293462,0.08684763514121766,0.6974405226295259,60.47811653456625,0.050000000000000024,1.6622724674373546,2.5199119856074326,0.005519220084441617,0.9166666666666666,0.1527777777777778,0.1524399347252926,0.1251458556352208,0.6396423248882265,5.939493534167227,0.3541886052178188,0.2140874357914754
recent_2020_2025,ppg225_component_rank150,TE,144.0,1.9845918101093842,2.668970430129856,-1.8393182007980582,0.7708333333333334,0.6759172632668495,0.28761600796698605,23.7402780406093,30.747675087276676,-19.31684423957576,0.7569444444444444,0.6600930815505833,0.2740073366769451,0.3333333333333333,0.14533449818154487,0.2564728504489108,0.5421006944444444,0.14583333333333334,0.07332320296554024,0.1287039779484996,0.5869144405729771,0.1597222222222222,0.09450609449879943,0.12903526821198844,0.7394897592526051,0.013888888888888888,0.026238670811223292,0.014209640100013323,0.6443661971830986,0.5565864274662717,0.17752190338397236,0.4185593787083219,61.47112511998497,0.05000000000000002,1.4401047590631533,2.1436024159564675,0.16410398189529968,0.9305555555555556,0.09027777777777778,0.10845573762850019,0.08225069676608582,0.5783910745742806,6.2647603028959535,0.32878378653399615,0.24239823206773245
recent_2020_2025,ppg225_component_rank150,WR,432.0,2.41904034071107,3.3930901490312624,-2.231520634966721,0.7453703703703703,0.6666482701017034,0.24507644680309404,28.051109876396893,38.295185764308236,-22.01376586654669,0.7361111111111112,0.642273614022872,0.21372623127952517,0.4212962962962963,0.20121494785054775,0.29345293533135935,0.5124835164835165,0.20833333333333334,0.09052308315259631,0.1777401649264031,0.5482456140350878,0.19444444444444445,0.07483361260969065,0.15151342682634517,0.7965927750410509,0.016203703703703703,0.04606774403417097,0.016827682883943554,0.8319327731092437,0.6203808842630348,0.18304624236502945,1.3684268274501559,59.931448249705326,0.050000000000000024,1.4785352111484569,2.1902369069348637,0.19960121377043288,0.9004629629629629,0.125,0.10375784200803562,0.10926144749745294,0.5902410346854792,5.71761328769916,0.36589010185429177,0.1894676063200254
recent_2020_2025,ppg225_component_rank150_raw100,QB,144.0,2.447858094200438,3.4763230863807544,-1.0650110383660838,0.7013888888888888,0.605366152963891,0.21239409873344461,23.765222861769626,33.5323837748553,-10.251475890219302,0.7083333333333334,0.5757722412921473,0.13785509255427286,0.3541666666666667,0.1855860519363867,0.2605795014317453,0.5203457727176892,0.1875,0.08321216797736065,0.16530024143016736,0.5631528964862298,0.1527777777777778,0.09172084341866887,0.13358148246568202,0.580849478390462,0.034722222222222224,0.03314323843194924,0.026485885139003382,0.9640287769784173,0.3661314632091866,-0.11733381560967769,0.5489040031523397,55.4969590567781,0.05000000000000002,1.540405635781052,2.2635933095309713,0.6890608103816892,0.8819444444444444,0.1527777777777778,0.10916801210835533,0.10523806195159838,0.657973174366617,8.31750753818701,0.11110444162500925,0.37862441407635433
recent_2020_2025,ppg225_component_rank150_raw100,RB,360.0,2.2751956564715834,3.135208746932051,-0.8924870958185968,0.8111111111111111,0.5698141770363242,0.13241256961603765,26.11491219809063,35.948776568322494,-10.007602907342367,0.8027777777777778,0.5664497821999114,0.12262252167122922,0.2777777777777778,0.21390923835480374,0.2038247807898524,0.5445384615384615,0.1361111111111111,0.114661294279994,0.1149264517321928,0.6460397663888706,0.14722222222222223,0.10446524882864006,0.11700815002791363,0.7413803699834061,0.04722222222222222,0.05239486420398317,0.04366292123736064,0.6991939632996056,0.6232500148835671,0.09688423521786434,0.697274151452393,59.24651118227133,0.05000000000000002,1.6615502373164803,2.519780436271988,-0.01266037925048453,0.9166666666666666,0.1527777777777778,0.15331459323991362,0.12577578346985552,0.6304619970193741,5.882883427099764,0.3591450446112072,0.2091564205781436
recent_2020_2025,ppg225_component_rank150_raw100,TE,144.0,1.9871800643428712,2.6687313090913043,-1.8393395200377576,0.7708333333333334,0.6769653519208427,0.27962087471544966,23.715766824486025,30.71490177606018,-19.258848063889886,0.7569444444444444,0.6600599143090073,0.2689902603784357,0.3333333333333333,0.14370734895750326,0.25847720195122764,0.5230034722222222,0.14583333333333334,0.07250600450263987,0.12993778296647282,0.5509097948122338,0.1597222222222222,0.09497380776657106,0.12965670311754854,0.7272727272727273,0.013888888888888888,0.02383936163313024,0.014171628692116047,0.6302816901408451,0.5614072104869144,0.1973153283498111,0.4144057712990009,61.70000418343451,0.05000000000000002,1.4417039113669332,2.150795232186633,0.15915733570992713,0.9305555555555556,0.09027777777777778,0.10756984897349094,0.08196750753741577,0.5918966529653552,6.241567850166301,0.33277168260339374,0.24164559586416376
recent_2020_2025,ppg225_component_rank150_raw100,WR,432.0,2.420553616020869,3.3931528519492966,-2.231958667550721,0.7407407407407407,0.666396164748916,0.2448438204527214,28.070529064095968,38.29465708020626,-22.013768404229317,0.7337962962962963,0.6413430958353393,0.2165744632470592,0.4212962962962963,0.20047345354674728,0.2926359504998968,0.5183296703296704,0.20833333333333334,0.09019877477967439,0.17801593641992305,0.542040285899935,0.19444444444444445,0.07322775752708612,0.15206996432216074,0.7971401204159825,0.016203703703703703,0.045938373479739135,0.016914104458977383,0.8194957983193277,0.6229457784717679,0.18876930734392033,1.3856826257548949,58.91702633317199,0.050000000000000024,1.482693976229309,2.197462776159888,0.18095701586276147,0.9004629629629629,0.125,0.10581258692855716,0.10996507067485553,0.5734371938075642,5.656214902268889,0.37206801760447883,0.18511075890651046
recent_2020_2025,ppg300_component_rank200_raw150,QB,144.0,2.4604260729552205,3.4747206514362574,-1.0684424507738275,0.6944444444444444,0.6063565326407311,0.22472639957927054,23.801907075538058,33.5025759455336,-10.440243980722428,0.7291666666666666,0.5754642482798283,0.13978516727960155,0.3541666666666667,0.1821153210055885,0.2627006590412066,0.5283575795909762,0.1875,0.08162694355150626,0.16592208426629174,0.5615701171256727,0.1527777777777778,0.09014394949646204,0.13392737353879833,0.5819672131147541,0.034722222222222224,0.030388988103439787,0.02697499024204828,0.9496402877697842,0.3678475976869561,-0.12748975162768267,0.6505465686133329,54.464047520985055,0.05000000000000002,1.552461198025894,2.2887999010253823,0.7006478016403312,0.8819444444444444,0.1527777777777778,0.10691425459926557,0.10760858741801829,0.6322652757078987,8.419068661819741,0.1001188116110561,0.38637446213277427
recent_2020_2025,ppg300_component_rank200_raw150,RB,360.0,2.274971412881679,3.135652039138909,-0.8927783756488322,0.8055555555555556,0.5698540446064478,0.13172096137047828,26.12015530431989,35.95504761007334,-10.04628460261934,0.8027777777777778,0.5663892137731991,0.1262824620448217,0.2777777777777778,0.2141297850933054,0.20430233361447625,0.5366538461538461,0.1361111111111111,0.11454433308203568,0.11524088064829502,0.6349497998556336,0.14722222222222223,0.10428325238494406,0.11716588601025736,0.7387376313686927,0.04722222222222222,0.051444532260462306,0.043661484403768734,0.7103412793688905,0.6203610786768983,0.08184579613525823,0.6872070706475575,57.69681639128667,0.050000000000000024,1.661851303213049,2.5220761903712123,-0.018466504711812624,0.9138888888888889,0.1527777777777778,0.1539770713030592,0.1259969928774954,0.6281967213114754,5.835926588915303,0.3636058731752779,0.2053909452450259
recent_2020_2025,ppg300_component_rank200_raw150,TE,144.0,1.9904065189836346,2.6682591907907987,-1.838896635039083,0.75,0.6773539351619887,0.2747130688583102,23.73003638136836,30.683471846550738,-19.218540995770255,0.7708333333333334,0.6601022892683316,0.26839580766100724,0.3333333333333333,0.14229091055024665,0.2594003697233459,0.5177951388888888,0.14583333333333334,0.07270617635941264,0.12969545106851457,0.559427022841657,0.1597222222222222,0.09462211583156735,0.13077448408084383,0.7028386633129716,0.013888888888888888,0.022188584495153315,0.01437627659595138,0.45598591549295775,0.5656532773992188,0.19775741499879432,0.4033117098314414,61.34844403918078,0.05000000000000002,1.4424418421809722,2.1592456051529356,0.14476598111746072,0.9305555555555556,0.09027777777777778,0.10765754211364284,0.08088425211315994,0.6435701702877276,6.223079049559268,0.3363971186358011,0.2409803170372053
recent_2020_2025,ppg300_component_rank200_raw150,WR,432.0,2.4196071106344164,3.3931404985182705,-2.232239670294847,0.7407407407407407,0.6657027633930922,0.24098020671831383,28.067569959254662,38.310118903619916,-21.987897808536705,0.7268518518518519,0.6417183436265531,0.2159277771356094,0.4212962962962963,0.19996491913270445,0.2924089309336029,0.5258241758241758,0.20833333333333334,0.0904750524783938,0.1785077351737986,0.5269655620532814,0.19444444444444445,0.07287031454445483,0.15216165977955978,0.7945402298850575,0.016203703703703703,0.04521427250285659,0.01677630427452039,0.8366386554621849,0.6191931024741716,0.18730959087453197,1.395143194553052,57.40693830184436,0.050000000000000024,1.4855403185657021,2.2004443537564384,0.17562320773491114,0.8981481481481481,0.125,0.10571668010684908,0.1098186863377564,0.5776014109347443,5.624231911251169,0.37567367095967086,0.18291155291564007
recent_2020_2025,ppg_w225,QB,144.0,2.4317039346566327,3.4771402938793337,-1.0643539715903172,0.7222222222222222,0.6040984759165389,0.2141959867046319,23.628951169071172,33.473661435054716,-10.21374176683807,0.7083333333333334,0.5753483536403711,0.1348822333746199,0.3541666666666667,0.1913600880969824,0.25560748220629964,0.5232974910394266,0.1875,0.08404021524924943,0.1647011727508704,0.5881608103830326,0.1527777777777778,0.09634750237163013,0.13209749014264785,0.5983606557377049,0.034722222222222224,0.037517585829648974,0.02648151062293524,0.9237410071942446,0.3588891345699814,-0.10633791495860462,0.3753506097665554,57.34114383022687,0.05000000000000002,1.5339306875567067,2.239865053209842,0.6747540424463475,0.8819444444444444,0.1527777777777778,0.1123826414981137,0.10369897204888896,0.6408345752608048,8.151370862464468,0.12345388148737281,0.361938819677976
recent_2020_2025,ppg_w225,RB,360.0,2.274670596890286,3.135193088557268,-0.8927563927032706,0.8194444444444444,0.5705633233834416,0.13392103803237854,26.13463748617413,35.991438404559425,-9.960086767028379,0.8,0.5652286505477317,0.1184743781719349,0.2777777777777778,0.21460542311054834,0.20502826490862952,0.5259230769230769,0.1361111111111111,0.11572549468558427,0.11539594354918702,0.6298313537633703,0.14722222222222223,0.10547779280392938,0.11712737838034183,0.7381845000307296,0.04722222222222222,0.051578208928724244,0.04339945813552464,0.7055393586005831,0.6260814630216619,0.10463378061044709,0.6959959193948644,61.13756124418467,0.05000000000000002,1.668184404975189,2.525330920553242,0.009674288386808942,0.9166666666666666,0.1527777777777778,0.1523453052627604,0.12589586716391474,0.6278986587183308,5.925747818040803,0.3555558130224977,0.21318271634081098
recent_2020_2025,ppg_w225,TE,144.0,1.9823293476152226,2.6689732409372975,-1.8393624060051061,0.7708333333333334,0.6758114887983019,0.2812670770638759,23.71438032746705,30.75545028629809,-19.29400740305966,0.75,0.6595212268544355,0.27363399042590764,0.3333333333333333,0.14418076778111516,0.25710593986350294,0.5403645833333334,0.14583333333333334,0.07308793771727144,0.12929857441029763,0.5694928377855207,0.1597222222222222,0.09439373046866766,0.12944939319820495,0.7272727272727273,0.013888888888888888,0.026189127055235035,0.01409494381621936,0.6830985915492958,0.553761074849755,0.17976046941564183,0.41813262248239824,61.869077329725236,0.05000000000000002,1.440209712827988,2.145085518020263,0.16253693588890433,0.9305555555555556,0.09027777777777778,0.10842021174143203,0.08207123015798536,0.5795654726952437,6.265913678060945,0.32805704343079617,0.24235597003272488
recent_2020_2025,ppg_w225,WR,432.0,2.4185314905085256,3.3930119569948567,-2.231569716453671,0.7453703703703703,0.6667864753724149,0.24476342395653,28.04159538080223,38.2815937521848,-22.019461985881843,0.7314814814814815,0.6423519152301898,0.21062420346567634,0.4212962962962963,0.2020858858126495,0.29247344569741834,0.5207912087912088,0.20833333333333334,0.08979294526136361,0.17796080678264678,0.552956465237167,0.19444444444444445,0.07480313598811127,0.15149992631790762,0.7966611932129174,0.016203703703703703,0.04610024373614476,0.016897383213708296,0.8282352941176471,0.624858062498387,0.1957932718784811,1.358283564880806,60.27510640089494,0.050000000000000024,1.4744569807991363,2.1871017823342824,0.19121573506438044,0.9004629629629629,0.125,0.10454115456791105,0.10908609942275171,0.5925925925925926,5.725522085913703,0.36488155070408895,0.189990884124464
recent_2020_2025,ppg_w300,QB,144.0,2.446622560479706,3.475639977266264,-1.0669567787941046,0.6944444444444444,0.6045260060813479,0.21440475597661418,23.800124882493094,33.58580772792536,-10.305846188536988,0.7083333333333334,0.5759223743737445,0.13480057205137203,0.3541666666666667,0.18577175984255265,0.2609888860638676,0.5098039215686274,0.1875,0.08340314848723986,0.16605666969427282,0.5473251028806584,0.1527777777777778,0.09143177990540269,0.13433168064319562,0.5812220566318927,0.034722222222222224,0.03290089679888447,0.02651341954831136,0.9669064748201439,0.35080280536793873,-0.11037697934249659,0.5050503420076051,55.463810310582915,0.05000000000000002,1.5495337665889377,2.2618216185431077,0.7054066604341439,0.8819444444444444,0.1527777777777778,0.10964450697213507,0.10516507594651019,0.6456780923994039,8.331465226081242,0.10139421985072289,0.3736684887636891
recent_2020_2025,ppg_w300,RB,360.0,2.274881414484526,3.135359855565938,-0.8929866237252856,0.8222222222222222,0.5707978153345842,0.13120740082331034,26.122844537983624,35.97716706474392,-10.013532018826593,0.7972222222222223,0.5654741533632646,0.11734723003390418,0.2777777777777778,0.21428728525581411,0.20452456027163896,0.5328076923076923,0.1361111111111111,0.11521344857046574,0.1158354159130174,0.6148697421090623,0.14722222222222223,0.1050306288128898,0.11711421220657034,0.7380615819556265,0.04722222222222222,0.050833953692014155,0.04353985236816877,0.7015949236837592,0.6255858052671099,0.09497758470358568,0.698833279296475,60.39211086737935,0.050000000000000024,1.6667540608276505,2.524268481418008,0.005758132974862029,0.9138888888888889,0.1527777777777778,0.1529789025714716,0.12572864486817217,0.6295081967213115,5.86636762429238,0.3601534001448481,0.2075108463488282
recent_2020_2025,ppg_w300,TE,144.0,1.9859344345148071,2.6689916748945355,-1.839687374330318,0.7708333333333334,0.676563775545763,0.2830457796124928,23.66997116208994,30.70641463540766,-19.228016400928666,0.75,0.6606439133016635,0.26968930048119,0.3333333333333333,0.14352508296809444,0.25829019025660443,0.5290798611111112,0.14583333333333334,0.0722347069629557,0.13025830013516215,0.538133952768099,0.1597222222222222,0.0941328811353562,0.12964589189498946,0.7229608336327704,0.013888888888888888,0.02400773376058921,0.014188617547550075,0.6302816901408451,0.5551194947421912,0.17655735069528172,0.40991107274480065,61.9450499947483,0.05000000000000002,1.4383564854691433,2.149962229946248,0.16028904440879596,0.9305555555555556,0.09027777777777778,0.10797229410238565,0.08126635412534916,0.6265413975337639,6.237889004532927,0.33256385019066154,0.24125073568816557
recent_2020_2025,ppg_w300,WR,432.0,2.4195896087466644,3.393189761805942,-2.231996442883411,0.7453703703703703,0.6661985475952101,0.24171143457600142,28.05897502380805,38.29811408663892,-22.0134372207569,0.7291666666666666,0.6418693167353526,0.2206428192652476,0.4212962962962963,0.2016223053403124,0.29264046930723603,0.5155824175824176,0.20833333333333334,0.0900605870778649,0.17781945778162925,0.550454840805718,0.19444444444444445,0.07371242597216227,0.15201064062950256,0.7997742200328407,0.016203703703703703,0.04616596322825081,0.016979407158032252,0.8238655462184874,0.6249993162474636,0.19860910915470106,1.3686160349743615,59.18710466050263,0.050000000000000024,1.4819701395396099,2.1943329361518438,0.18441906695074695,0.8958333333333334,0.125,0.10497537805075209,0.10979377618711822,0.5776504017244758,5.69205146000185,0.3684292039459048,0.187590703011938
recent_2020_2025,production,QB,144.0,2.4170351909398704,3.4800345094741405,-1.056992128371789,0.7986111111111112,0.5997597631841658,0.1931622155259246,23.46426954485362,33.34132978525966,-9.85049737404091,0.75,0.5747146715886873,0.11551474724605915,0.3541666666666667,0.2055504759232175,0.2512181583225437,0.5220324689015391,0.1875,0.08970929793592072,0.16275768416397718,0.6119025007913896,0.1527777777777778,0.10132540543544787,0.132287935438365,0.5802906110283159,0.034722222222222224,0.043533221858341783,0.02566268943440472,0.9381294964028777,0.3623173844752211,-0.09426894944136323,0.11792196270137752,59.66918816329342,0.05000000000000002,1.5101312452913274,2.2093740468921306,0.6439892745351375,0.8819444444444444,0.1527777777777778,0.11414283699717516,0.10140476018729508,0.6851713859910581,7.808484255886223,0.16129383759121504,0.3386869434029037
recent_2020_2025,production,RB,360.0,2.2741530315244414,3.134898682395836,-0.8925430965754464,0.8111111111111111,0.5705904305559019,0.12862396936637693,26.13024346180265,35.9975755693965,-9.965451964817273,0.8027777777777778,0.5665131797910341,0.11844787077547636,0.2777777777777778,0.21438390724085213,0.2056064506120014,0.5168076923076923,0.1361111111111111,0.11488073059122897,0.11589490173412208,0.6197913248900847,0.14722222222222223,0.10529654339982433,0.11806251322621093,0.7335750722143691,0.04722222222222222,0.051535806313992655,0.04350402978707572,0.7142857142857143,0.6214298165960284,0.08693225513571348,0.6941066071266826,61.93639507833223,0.050000000000000024,1.6650761340773799,2.522558603780114,0.010239726975187916,0.9166666666666666,0.1527777777777778,0.1521145958261958,0.12533976525991392,0.6397019374068554,6.009412371368856,0.34964267232047674,0.22076197775103598
recent_2020_2025,production,TE,144.0,1.9811357611770457,2.6689415180464575,-1.8392939151401448,0.7777777777777778,0.6746814691944565,0.28674608504809446,23.73088462806925,30.79098410891739,-19.354085904722584,0.7638888888888888,0.660664637267685,0.2708361992468207,0.3333333333333333,0.1466642074211993,0.2565821617914767,0.5271267361111112,0.14583333333333334,0.07280562071789745,0.12850218658345117,0.5880758807588076,0.1597222222222222,0.09393740310049369,0.1287236650693539,0.7441609773625584,0.013888888888888888,0.027117255750304485,0.014278792664641339,0.6443661971830986,0.5563774397905124,0.17142110762800417,0.41934781257862797,61.49641463445664,0.05000000000000002,1.4451055517124576,2.1467355338042164,0.16820777394115127,0.9236111111111112,0.09027777777777778,0.10962195796652964,0.08294100271494614,0.5349383440986495,6.304411703854655,0.3243423589705809,0.24604830661320903
recent_2020_2025,production,WR,432.0,2.418966046788476,3.3930348013290152,-2.230877664512766,0.7453703703703703,0.6661521466628473,0.24382287735820524,28.032996821271308,38.27849724514712,-22.013422739190766,0.7384259259259259,0.6415501745436337,0.21598734521219054,0.4212962962962963,0.20312071514871802,0.29158707106564546,0.5312967032967033,0.20833333333333334,0.08973572579325798,0.17812554627921648,0.5445094217024041,0.19444444444444445,0.07553140508681505,0.15119194101410288,0.7973453749315819,0.016203703703703703,0.045904424763043364,0.01686646682090059,0.8265546218487395,0.6215036208586983,0.1879214899675936,1.3482600266162261,61.51796935825091,0.050000000000000024,1.475864278934791,2.1875381270552703,0.21103225740135828,0.9004629629629629,0.125,0.10392055887901036,0.10890350814385447,0.5963648834019204,5.79032775062824,0.3584213558872026,0.1944557646368049
recent_2020_2025,raw_component_w100,QB,144.0,2.444774584843842,3.4767751832205374,-1.0616567613303205,0.7083333333333334,0.6045583068155825,0.21486624767305007,23.669438144957706,33.43303512257293,-10.255672470661576,0.7152777777777778,0.5761886523610734,0.128533259709268,0.3541666666666667,0.19077526221670216,0.2581810927908693,0.5112797807294961,0.1875,0.08450343293912231,0.16377171929633252,0.5982905982905983,0.1527777777777778,0.09677939780493194,0.13240161871885392,0.5838301043219076,0.034722222222222224,0.0363348293857784,0.026724594925668803,0.9294964028776979,0.3698772180880652,-0.08260991881681537,0.49012406329741215,57.14027609244264,0.05000000000000002,1.527458955660302,2.2504062893934123,0.6622950167011538,0.8888888888888888,0.1527777777777778,0.11105778614654288,0.10397052982349315,0.676602086438152,8.214703977290185,0.12374287523428701,0.3720185759344662
recent_2020_2025,raw_component_w100,RB,360.0,2.2723441341458774,3.1348955491271466,-0.8924136808795191,0.8138888888888889,0.5705682473256751,0.12390599373869893,26.083001289224377,35.92413871635067,-9.966190362386316,0.8,0.5661452183804454,0.12391663837973149,0.2777777777777778,0.21363955373500648,0.20468568354997585,0.5344230769230769,0.1361111111111111,0.1146657105873411,0.11500799361878333,0.6370496751755365,0.14722222222222223,0.10418954977497095,0.1179306543978987,0.7352344662282588,0.04722222222222222,0.05270251866252232,0.04351640728029613,0.7086263076659235,0.6203064199987237,0.0931866758231159,0.7000455093505239,60.42076163412647,0.05000000000000002,1.6666033680061123,2.524103181008917,-0.006036515352710875,0.9055555555555556,0.1527777777777778,0.1529593552087255,0.12607407642660304,0.6200894187779433,5.934455965724632,0.3552274892551465,0.21377383097762248
recent_2020_2025,raw_component_w100,TE,144.0,1.9832431373783797,2.668862961487549,-1.839217691384083,0.7708333333333334,0.6770384560652424,0.28325243361443986,23.702514536342886,30.74635548124529,-19.319115607710746,0.7569444444444444,0.6599578842129827,0.26729345252611536,0.3333333333333333,0.14367326398009184,0.2574680848204232,0.5340711805555556,0.14583333333333334,0.07222445978724196,0.1297877811842307,0.5605884630274874,0.1597222222222222,0.09400348005566839,0.1295667479587058,0.7297879985627022,0.013888888888888888,0.025386685281471248,0.014109050654109494,0.6443661971830986,0.5610736340044523,0.18863033518205932,0.41873504554329055,61.97540072428981,0.05000000000000002,1.4435647999138246,2.151836001496781,0.15651887751040203,0.9375,0.09027777777777778,0.10908031290057578,0.08247701538625761,0.5654726952436876,6.25640035036465,0.32968137218422466,0.24205114464723185
recent_2020_2025,raw_component_w100,WR,432.0,2.4185843675564165,3.393194923684415,-2.2318203398528595,0.7384259259259259,0.6667737228589019,0.24573053311836324,28.03868162814762,38.2647791939558,-22.04124124570731,0.7291666666666666,0.6415616153354091,0.21330976215379827,0.4212962962962963,0.20210761090040266,0.2927081505141439,0.5155164835164835,0.20833333333333334,0.09011950051589916,0.17733484315823336,0.5645224171539961,0.19444444444444445,0.07505280311012494,0.15137614341255998,0.7972427476737821,0.016203703703703703,0.04626417618531468,0.01704120242797978,0.8073949579831933,0.6200314710112357,0.19359915742194456,1.375544615803066,60.22963007360703,0.050000000000000024,1.4775718247100995,2.192980050828542,0.1835254401320851,0.9004629629629629,0.125,0.10581019973499904,0.10929211721383118,0.5889182833627278,5.689479280316319,0.3691218581708275,0.18753475317427315
temporal_2023_2025,component_rank_w150,QB,72.0,2.1467774452674746,3.065326680467334,-0.45050060801672104,0.8333333333333334,0.564259909351071,0.1442829770578945,20.65535191028175,29.194274730216218,-4.5969016991363425,0.8055555555555556,0.5460247690526638,0.1023692603414797,0.2777777777777778,0.20818774249476688,0.21028231355060292,0.44134615384615383,0.1111111111111111,0.08501467179516295,0.10079317474894688,0.556640625,0.125,0.1097010474995038,0.11799508346080234,0.4074074074074074,0.041666666666666664,0.047754955505254125,0.029695926520655627,0.8888888888888888,0.28086310591104996,-0.21798829506720693,-0.13116856730837634,61.52595332402523,0.05000000000000002,1.7397613555643363,2.573496964176793,0.864979392818909,0.8472222222222222,0.19444444444444445,0.1141828096995792,0.14068600631972816,0.5258620689655172,9.020999526272528,0.14279593971421678,0.48700557259397
temporal_2023_2025,component_rank_w150,RB,180.0,2.4799940603507467,3.4751011936718945,-0.9451168818808657,0.75,0.5655745819710747,0.12646962373752213,28.33372794904832,39.450807684988966,-13.021889254205618,0.7444444444444445,0.5683687900578835,0.12365400650744529,0.31666666666666665,0.21117503892519254,0.22947838026855089,0.504207673655684,0.17777777777777778,0.10809276895790258,0.1480878045758642,0.6154983108108109,0.16111111111111112,0.08998242126740409,0.12978164129612016,0.7515414478191368,0.05555555555555555,0.056047598088703895,0.04874438851525099,0.7376470588235294,0.5913518597344922,0.10122328878463326,0.7032603456916171,60.89024109451375,0.05000000000000002,1.5845463749483877,2.5122424212270107,-0.29591550455955645,0.9277777777777778,0.13333333333333333,0.15238973233852435,0.10915527365081902,0.7200854700854701,6.374922050206002,0.3334568139558418,0.2518474765162777
temporal_2023_2025,component_rank_w150,TE,72.0,2.066859621159436,2.753880971937553,-1.9340429331603508,0.7222222222222222,0.6857851849822956,0.3020262594751333,24.138504999268775,30.69663552715781,-20.760698013477615,0.7083333333333334,0.6683180916728305,0.3019926867564947,0.3472222222222222,0.14086873486929796,0.26939895910748796,0.5148936170212766,0.19444444444444445,0.06594238401177632,0.1721571928987389,0.5467980295566502,0.16666666666666666,0.07507361703891119,0.1362717142929374,0.7472222222222222,0.027777777777777776,0.025190403054051205,0.026833174409226522,0.6642857142857143,0.5090160707009027,0.055919994854974606,0.3215266596289236,61.71706904205277,0.05000000000000002,1.4262314095780313,2.1990724006661893,0.05155095457673019,0.9305555555555556,0.06944444444444445,0.10854753885917355,0.06699478797379553,0.5223880597014925,6.743543757487204,0.3098016737248898,0.2767885400096948
temporal_2023_2025,component_rank_w150,WR,216.0,2.356143567674664,3.302351324573464,-2.001202407381684,0.7546296296296297,0.6429977207029983,0.21890975411530283,27.16281535853586,37.49514472750743,-20.41795350353528,0.7777777777777778,0.6252838202265016,0.19700873183992557,0.38425925925925924,0.20034176663271097,0.2667480562498398,0.596883775704321,0.2037037037037037,0.0866317867145602,0.17370137675613243,0.5794133192389006,0.18055555555555555,0.08151861175404786,0.14168666938790025,0.7756048095031146,0.013888888888888888,0.04761609521126812,0.015095641619243186,0.9092331768388107,0.6481715171505582,0.2645101751628383,1.3996104741065443,61.338943579068236,0.05000000000000002,1.425221449258432,2.1458165034026107,-0.028640165747056794,0.8981481481481481,0.11574074074074074,0.10582371427201356,0.10366280810922884,0.5489005235602095,6.242650396555802,0.32831723226133364,0.22423514194558486
temporal_2023_2025,ppg225_component_rank150,QB,72.0,2.172804081089831,3.0643795145911294,-0.45402416895377434,0.7361111111111112,0.5690298364081602,0.15237250994926688,20.89489318121205,29.430997560264018,-5.101997874716745,0.7361111111111112,0.5481157671001446,0.12070778562928997,0.2777777777777778,0.19052659127300345,0.21905889818127167,0.3663461538461538,0.1111111111111111,0.07680094979236148,0.10163430103594623,0.552734375,0.125,0.10345462342282391,0.11920574571294809,0.42416225749559083,0.041666666666666664,0.040048735660945564,0.03132793542215056,0.8888888888888888,0.26446281005409605,-0.21242523634960453,0.22089285072089623,59.45807863426772,0.05000000000000002,1.7675782835659346,2.6148424305534985,0.8772360357525378,0.8611111111111112,0.19444444444444445,0.11423077278994641,0.1428783079619964,0.479064039408867,9.53583233181294,0.10303477498391254,0.5329944306327283
temporal_2023_2025,ppg225_component_rank150,RB,180.0,2.4797409004516395,3.4755778966930113,-0.9455577593813332,0.7611111111111111,0.565788556445467,0.13163639936657423,28.340756383508992,39.40144764216644,-13.038807817148417,0.7388888888888889,0.5692795906924594,0.12953474712964386,0.31666666666666665,0.21110259976971232,0.2275981278220735,0.5297389816003423,0.17777777777777778,0.10820348390672876,0.14780240804127118,0.620777027027027,0.16111111111111112,0.08939974554234618,0.12959894108647652,0.7449189312628454,0.05555555555555555,0.055565386019699584,0.04843962121503869,0.7394117647058823,0.597328904366539,0.10822350484068437,0.7176735601054505,60.13771049631226,0.050000000000000024,1.5856572215455913,2.5109008613068173,-0.29398041651965895,0.9277777777777778,0.13333333333333333,0.1517809943710464,0.10947489013351498,0.7053952991452992,6.26543491214585,0.3383601341564749,0.24075620200856715
temporal_2023_2025,ppg225_component_rank150,TE,72.0,2.070006857871292,2.753883328510005,-1.9340740275045454,0.6944444444444444,0.6865615099813237,0.3015048968558749,24.132341124756376,30.715026419489384,-20.699416841301733,0.6944444444444444,0.6692048615670934,0.30026259091361357,0.3472222222222222,0.138763196948764,0.2700759249104159,0.5285106382978724,0.19444444444444445,0.06519499204840137,0.17286495256647344,0.5295566502463054,0.16666666666666666,0.0753069842916007,0.1373075319408039,0.7430555555555556,0.027777777777777776,0.02329234178350881,0.02676180701581155,0.6714285714285714,0.5281978311515371,0.08852659335005468,0.314490830114274,62.29347358908823,0.05000000000000002,1.4286833750385057,2.2000238695008636,0.05208993359095079,0.9305555555555556,0.06944444444444445,0.10659339379025466,0.06621165757107932,0.591044776119403,6.672054286279324,0.31595083379324884,0.2670842054210737
temporal_2023_2025,ppg225_component_rank150,WR,216.0,2.3573533908121367,3.3027543136192836,-2.002686998778999,0.7592592592592593,0.6442761748087549,0.21920661897947225,27.21268174575102,37.51466631637671,-20.4224203387631,0.7777777777777778,0.626567116520916,0.19844326432998938,0.38425925925925924,0.20025407022978847,0.26825797031265486,0.5820273575505027,0.2037037037037037,0.08833542322119962,0.17373682412734923,0.5638213530655392,0.18055555555555555,0.0814683567492466,0.14273454511424244,0.7634361871650007,0.013888888888888888,0.04727132974860796,0.014780676995120721,0.9217527386541471,0.6392311628764848,0.2484121030257564,1.4224736933675473,60.33360706587706,0.05000000000000002,1.4297559470103682,2.150032361276147,-0.04629712186170966,0.9027777777777778,0.11574074074074074,0.10672893387344133,0.10397186137797378,0.545759162303665,6.1761535997537536,0.330953445231665,0.21641877492860329
temporal_2023_2025,ppg225_component_rank150_raw100,QB,72.0,2.1800008104896538,3.0617111898160285,-0.4568345907573068,0.7222222222222222,0.5744854394939113,0.17072743206677798,20.988796470049277,29.520097695042473,-5.31594377606349,0.7222222222222222,0.5500765227302611,0.11764828416436868,0.2777777777777778,0.1778692094306175,0.22293405646306733,0.3605769230769231,0.1111111111111111,0.07794642863290109,0.10333642727502612,0.49609375,0.125,0.09420716028859467,0.12148372021907322,0.40299823633156967,0.041666666666666664,0.03478783676826111,0.031028046452722707,0.9710144927536232,0.24712994835429575,-0.28416618432053514,0.48813963983748043,57.84028532295767,0.05000000000000002,1.7736635217908894,2.6187033433702656,0.8815164632154806,0.8472222222222222,0.19444444444444445,0.11079340825825987,0.14296428535105388,0.4618226600985222,9.834162456142812,0.0874349961160506,0.5654642232744023
temporal_2023_2025,ppg225_component_rank150_raw100,RB,180.0,2.4788124749590734,3.475615061464478,-0.9454824100388276,0.7444444444444445,0.5658151785352429,0.13992706378310937,28.277437606655845,39.3476164648976,-13.073540065371065,0.75,0.5691268291593283,0.11560323746391499,0.31666666666666665,0.21039014270734163,0.22676482151870753,0.5454286121808587,0.17777777777777778,0.10694317863001869,0.14687327303618927,0.6490709459459459,0.16111111111111112,0.0888650963352478,0.12940073375472128,0.7483443708609272,0.05555555555555555,0.05763737367329779,0.04890295387868943,0.7311764705882353,0.5892250648895205,0.11302612220541786,0.7095406395904148,59.05089248667505,0.05000000000000002,1.580459151958028,2.5025162555516123,-0.3126817105393291,0.9333333333333333,0.13333333333333333,0.1531902573783322,0.11002695946623921,0.7019230769230769,6.208323433137917,0.34261047665464156,0.23510342552237568
temporal_2023_2025,ppg225_component_rank150_raw100,TE,72.0,2.072157317441826,2.753663747954104,-1.93367360848054,0.6944444444444444,0.687139811608776,0.2954843590106648,24.098714920285335,30.72359826654993,-20.624062248635433,0.6805555555555556,0.6687035972565454,0.2910949978782919,0.3472222222222222,0.13636858108494515,0.27216512731871456,0.5157446808510638,0.19444444444444445,0.0644931830304655,0.17336659074161875,0.5258620689655172,0.16666666666666666,0.076061333892674,0.13776823457552895,0.7402777777777778,0.027777777777777776,0.021731495674571152,0.027009156234716822,0.6357142857142857,0.5281817525593738,0.11322271528715676,0.30229731713724106,62.65965503293832,0.05000000000000002,1.4392563946616281,2.2217130443630637,0.04492963074066219,0.9305555555555556,0.06944444444444445,0.1052777447935826,0.0661944329512542,0.5701492537313433,6.628590073207629,0.3216489258480503,0.2620937862042488
temporal_2023_2025,ppg225_component_rank150_raw100,WR,216.0,2.358062850586314,3.3025937057223778,-2.003439547950564,0.75,0.6441107269709323,0.21024701565558812,27.22903439447505,37.484665427318824,-20.4018654083622,0.7731481481481481,0.6252643635968584,0.1975364233443211,0.38425925925925924,0.19981644059595485,0.2671497076357666,0.5901802699519884,0.2037037037037037,0.087883144416873,0.17404365730600696,0.5647463002114165,0.18055555555555555,0.07990847338232683,0.1423064836957577,0.7706794147472114,0.013888888888888888,0.04727990691822687,0.014850329044364695,0.9139280125195618,0.6496278375124644,0.2850855571035616,1.4408955490862285,59.47430719542585,0.05000000000000002,1.4342161453992428,2.155828554473711,-0.06820721754703069,0.9027777777777778,0.11574074074074074,0.10959179935557416,0.10492443778633803,0.5202094240837696,6.122797758653377,0.3330959672338921,0.20959731955670863
temporal_2023_2025,ppg300_component_rank200_raw150,QB,72.0,2.193116446878393,3.059411839712114,-0.46133193477141315,0.7222222222222222,0.575509903994442,0.17790933860315483,21.044536113139728,29.50252646264968,-5.537628452344165,0.7222222222222222,0.5495848350815267,0.13284072283515713,0.2777777777777778,0.17169820459283242,0.22467753341534472,0.37596153846153846,0.1111111111111111,0.07599811580074492,0.1048724004663984,0.455078125,0.125,0.0922193620092638,0.1217882516173221,0.3950617283950617,0.041666666666666664,0.031595070569675525,0.031947223807808574,0.9371980676328503,0.24931665446855628,-0.2721396874397068,0.6152008342645982,56.67022511122381,0.05000000000000002,1.7827127100892552,2.6310207313331295,0.893827520680212,0.8333333333333334,0.19444444444444445,0.10798255000777092,0.14509902474779066,0.458128078817734,9.97327926144521,0.07769908880292371,0.579403413381367
temporal_2023_2025,ppg300_component_rank200_raw150,RB,180.0,2.4775630238857413,3.4766113777317225,-0.9462574468893756,0.7388888888888889,0.5664497898614452,0.14006877353202984,28.251482865054175,39.34653301020042,-13.069170704201623,0.7555555555555555,0.5696839665293205,0.1184190889594211,0.31666666666666665,0.21100603041427246,0.2276486064234077,0.5328769077164456,0.17777777777777778,0.10650876583875593,0.1473595409919789,0.6307010135135135,0.16111111111111112,0.08901805300816737,0.13002168933359293,0.7430920301438685,0.05555555555555555,0.05573294729405368,0.04885618533749474,0.7435294117647059,0.5871970471636188,0.09842896385690916,0.6955384935191032,57.61668792530458,0.050000000000000024,1.5805049136727534,2.502750074635298,-0.3197522387134011,0.9333333333333333,0.13333333333333333,0.1542490039594967,0.11024448643733188,0.6984508547008547,6.154058158240898,0.3469479667229942,0.22983980878921847
temporal_2023_2025,ppg300_component_rank200_raw150,TE,72.0,2.079381803297681,2.753250951223885,-1.9334026254420438,0.6805555555555556,0.6875039582070052,0.30655739216199057,24.170033118053876,30.75537806344469,-20.627296138741297,0.7083333333333334,0.6695786540225545,0.298860819981536,0.3472222222222222,0.13548998358062878,0.2734105679265345,0.502127659574468,0.19444444444444445,0.06555443474453256,0.17320845115507785,0.5233990147783252,0.16666666666666666,0.07648280965433701,0.13943713416898376,0.7083333333333334,0.027777777777777776,0.019558429869580042,0.027592265740065278,0.4857142857142857,0.5253679989308231,0.08990931892726223,0.2837899704368075,62.51999953697393,0.05000000000000002,1.4464210501707382,2.242202356623639,0.028950414848679735,0.9305555555555556,0.06944444444444445,0.10541433057802523,0.0650871429217868,0.6298507462686567,6.587092751466934,0.3262018823594737,0.25726236903693167
temporal_2023_2025,ppg300_component_rank200_raw150,WR,216.0,2.359646355079527,3.3027071291418593,-2.0042739604825783,0.7546296296296297,0.6423839064896626,0.21320242894053604,27.274675463331306,37.523792525752114,-20.38152129574169,0.7638888888888888,0.6256640857408016,0.19859007167498044,0.38425925925925924,0.19965662385087626,0.26791081236334957,0.5813932421414983,0.2037037037037037,0.08812700680841014,0.17460494580007133,0.5453224101479915,0.18055555555555555,0.07958417914899138,0.14267285812874395,0.7650296972330871,0.013888888888888888,0.046145714787276845,0.014657775866820315,0.92018779342723,0.6429773475523286,0.2795734647947701,1.4494477011102247,58.0461226828248,0.050000000000000024,1.4378640481250626,2.1533909351907132,-0.07365204616726591,0.9027777777777778,0.11574074074074074,0.11007191094725573,0.10501108193471512,0.5206282722513089,6.111542550158527,0.3322377861537295,0.2065848555039347
temporal_2023_2025,ppg_w225,QB,72.0,2.1747369911233037,3.0623990519311013,-0.45582370450593973,0.7361111111111112,0.5703516364747444,0.16558487559352086,20.912500188977177,29.500888501523907,-5.235051838100669,0.7222222222222222,0.549645985606231,0.11965734916719312,0.2777777777777778,0.18304778220060852,0.2199774734514453,0.3721153846153846,0.1111111111111111,0.07819496828904553,0.10336039906622574,0.509765625,0.125,0.09954932115402834,0.11911662339252294,0.4365079365079365,0.041666666666666664,0.039558295135428245,0.03138240607929779,0.8840579710144928,0.22487699789740928,-0.27001736446073704,0.3186869679338973,60.15462908716935,0.05000000000000002,1.7753160270754962,2.613447385785805,0.8881332870434631,0.8333333333333334,0.19444444444444445,0.113064554614384,0.143693347192017,0.45689655172413796,9.658981627305975,0.09392671114326719,0.543369135937788
temporal_2023_2025,ppg_w225,RB,180.0,2.4817256917612722,3.475600897416664,-0.9456561746611079,0.7555555555555555,0.5657363546978923,0.13767303427046684,28.349375114087575,39.410532197065784,-13.04892372455873,0.75,0.5684723674346264,0.1222717184098383,0.31666666666666665,0.21122944164550977,0.2286938782890798,0.5114819569248324,0.17777777777777778,0.10823018978248448,0.14722187656229202,0.6361908783783784,0.16111111111111112,0.08948166790161949,0.12916892503169713,0.7490294587805435,0.05555555555555555,0.05553970656214064,0.04847838780631367,0.7370588235294118,0.5989278589814814,0.12477751370927084,0.7189946420226254,60.748384340259456,0.05000000000000002,1.5928230781733315,2.5178242481730835,-0.2906029159559217,0.9277777777777778,0.13333333333333333,0.15139095760181126,0.10987003350396919,0.6984508547008547,6.25431834162925,0.33849120398818433,0.2387300006944431
temporal_2023_2025,ppg_w225,TE,72.0,2.065582293793811,2.753922412275758,-1.9340796846741424,0.6944444444444444,0.6870029531190311,0.2882115215083203,24.084758605954246,30.739822692322278,-20.68520925489586,0.6944444444444444,0.6694219620307891,0.3028243306645469,0.3472222222222222,0.13675873704666727,0.2712363175287098,0.5242553191489362,0.19444444444444445,0.06429602355727033,0.1735273533852219,0.5098522167487685,0.16666666666666666,0.07502221516287985,0.13757268110904675,0.7402777777777778,0.027777777777777776,0.023854335374791688,0.026590614970774203,0.7142857142857143,0.5123443392786742,0.06643514052350635,0.3155441333319713,62.689281712529336,0.05000000000000002,1.4335170639724386,2.210754630513972,0.047418445972526375,0.9305555555555556,0.06944444444444445,0.10702665028343988,0.06591947003920696,0.5940298507462687,6.675969258030262,0.3153908553111713,0.26735399561709144
temporal_2023_2025,ppg_w225,WR,216.0,2.356591038940539,3.3023856886775422,-2.002680568113389,0.7592592592592593,0.6439514034288796,0.21288213752868745,27.193885518803594,37.48198243410566,-20.412814097622753,0.7777777777777778,0.6262277253819348,0.1946809104051742,0.38425925925925924,0.20178115646756214,0.2672308923140435,0.5877343962315427,0.2037037037037037,0.08761724054419352,0.17402341483968964,0.5732029598308668,0.18055555555555555,0.08156817254998058,0.14213611342343344,0.7696653628857019,0.013888888888888888,0.04744781027667053,0.014937228940407124,0.9139280125195618,0.651053197670438,0.27485323711880344,1.406559215608124,60.70550497862841,0.050000000000000024,1.4256018213846786,2.150566272258633,-0.05960283610790831,0.9027777777777778,0.11574074074074074,0.1078557173906547,0.10373210679316924,0.5497382198952879,6.183199167393445,0.3305232116460001,0.21710921236765537
temporal_2023_2025,ppg_w300,QB,72.0,2.1784409965374656,3.060696497944805,-0.45771988734137575,0.7222222222222222,0.5710137276774893,0.15964190058471228,21.038154685835682,29.59892655304634,-5.400345038307473,0.7222222222222222,0.550357371213691,0.14174501649581644,0.2777777777777778,0.17557143446022136,0.2254434374986437,0.3384615384615385,0.1111111111111111,0.07815204689959392,0.10489791770828022,0.44140625,0.125,0.09289210455347607,0.1221198164295712,0.3950617283950617,0.041666666666666664,0.035024400891286014,0.031043740151045347,0.966183574879227,0.22658134236881822,-0.2701459900958261,0.4977016451479987,58.27460739088454,0.05000000000000002,1.7845726059093607,2.6294065874587313,0.9028584579415609,0.8472222222222222,0.19444444444444445,0.11112850519001555,0.1439392861877889,0.45935960591133007,9.922629156189803,0.07171681603131287,0.5676339391217271
temporal_2023_2025,ppg_w300,RB,180.0,2.483922501074254,3.4757898530512135,-0.9461687409357457,0.7611111111111111,0.5665909772263684,0.13347791478512872,28.36435905358838,39.381594057442165,-13.092638815042942,0.7388888888888889,0.5686618117384495,0.11739941549035782,0.31666666666666665,0.21056686622249043,0.22826909623570846,0.5208957352731423,0.17777777777777778,0.107488879982288,0.1482387917317132,0.6100084459459459,0.16111111111111112,0.08906398562811489,0.12963355195708517,0.7440054807033569,0.05555555555555555,0.05496380231958741,0.04846215383705396,0.7423529411764705,0.6022368924703198,0.12048931551385329,0.7195635572059241,60.06702689739264,0.050000000000000024,1.586944491799249,2.51016036816288,-0.29920705588594154,0.9277777777777778,0.13333333333333333,0.15272439642006694,0.10923741786769105,0.7077991452991453,6.175247174272378,0.34294191526442613,0.23048131896223498
temporal_2023_2025,ppg_w300,TE,72.0,2.0717271251699065,2.7540068627679855,-1.9340148140515703,0.6944444444444444,0.6886994032076633,0.28989176082223256,24.06049740199562,30.736040048285126,-20.570256737255566,0.6944444444444444,0.6702829456537153,0.3082860096423925,0.3472222222222222,0.13662556095044465,0.2721328575999888,0.5097872340425532,0.19444444444444445,0.0644628653707171,0.17375439623132782,0.5073891625615764,0.16666666666666666,0.07550973639570373,0.13798876349156736,0.7361111111111112,0.027777777777777776,0.021623775362720324,0.026997576704042313,0.6571428571428571,0.521091093415426,0.09765901344137888,0.2963874239919902,62.871470294960936,0.05000000000000002,1.4415160611613373,2.2248089492665892,0.048854596057550236,0.9305555555555556,0.06944444444444445,0.10602095921625732,0.0653975481768902,0.6119402985074627,6.624939313328146,0.3212437924495355,0.2624288917224809
temporal_2023_2025,ppg_w300,WR,216.0,2.3582316357897404,3.302657876029003,-2.003526521516537,0.7592592592592593,0.6424803284435209,0.21623992704263917,27.24370217523273,37.508313664765915,-20.42014915980216,0.7731481481481481,0.6255851579703294,0.19593667323866448,0.38425925925925924,0.20210357326319933,0.267534686557372,0.5772261980251835,0.2037037037037037,0.08813541873188067,0.1736403088011423,0.5762420718816068,0.18055555555555555,0.08095359167963055,0.14230468202808472,0.7721280602636534,0.013888888888888888,0.04767720682688546,0.01513333260663321,0.9029733959311425,0.6533382988760781,0.29137641553245447,1.424318112701697,59.776393422823716,0.05000000000000002,1.435439366047555,2.158519830477332,-0.0686385451170632,0.9027777777777778,0.11574074074074074,0.10859506003158538,0.10466381100600552,0.5283769633507853,6.157988541431679,0.3313347965718102,0.21368004339910682
temporal_2023_2025,production,QB,72.0,2.1535465941837955,3.063298611576629,-0.45010218849901407,0.8194444444444444,0.565588244946584,0.1430310406235686,20.76951376934283,29.36374592142916,-4.692693353057897,0.7916666666666666,0.5477238509365371,0.110455737690838,0.2777777777777778,0.2055326888143064,0.21445315752680272,0.3855769230769231,0.1111111111111111,0.08519337925058995,0.10045041412846356,0.599609375,0.125,0.1091570236200099,0.11941281502518145,0.3932980599647266,0.041666666666666664,0.047385806766285246,0.029799978492837775,0.9082125603864735,0.24220985959720956,-0.22123609235320602,-0.06147934656421675,62.48214586736089,0.05000000000000002,1.7422798783087992,2.583853315097425,0.8618356200032746,0.8472222222222222,0.19444444444444445,0.11457334186748883,0.14069764463977277,0.5197044334975369,9.142251060034205,0.13367250369723369,0.4969503814903969
temporal_2023_2025,production,RB,180.0,2.480819627744876,3.475023956355829,-0.9451796149341053,0.7444444444444445,0.5668509492795075,0.1292531536361785,28.384852595899105,39.461414529513725,-13.09148853184971,0.75,0.5708146002496082,0.11945997818367071,0.31666666666666665,0.21066812790042205,0.22966256472423932,0.5007844815290258,0.17777777777777778,0.10723627729614739,0.14800517415603764,0.627956081081081,0.16111111111111112,0.08956853250472331,0.1304146991942527,0.7417218543046358,0.05555555555555555,0.05598606919266862,0.049070906946802176,0.7223529411764706,0.5882208308456442,0.0951387388499645,0.7061157266976246,61.49637239999746,0.050000000000000024,1.5941230337707437,2.5192323913490164,-0.2919937768966631,0.9277777777777778,0.13333333333333333,0.15153671882852052,0.10976109993609755,0.7035256410256411,6.368271074529886,0.3325496114500064,0.25014081688057654
temporal_2023_2025,production,TE,72.0,2.0666848282402217,2.75391554579091,-1.9340702074530296,0.7083333333333334,0.686688366421428,0.3039727314198556,24.129071027283583,30.740830026317173,-20.708148688529622,0.6944444444444444,0.66901617509688,0.2951567031609362,0.3472222222222222,0.1398789971726798,0.27028669735768923,0.5131914893617021,0.19444444444444445,0.06543437092462524,0.17262917240304887,0.5221674876847291,0.16666666666666666,0.07452249645260293,0.1370521215032244,0.7444444444444445,0.027777777777777776,0.025532781783838405,0.026943842819516887,0.6642857142857143,0.5203514781759212,0.06405556627435849,0.3212942564203049,62.263155973885645,0.05000000000000002,1.43184133851112,2.2099714105488655,0.05438825607732816,0.9444444444444444,0.06944444444444445,0.10848001710985353,0.06656640703679775,0.5671641791044776,6.728317230454841,0.3120077790157817,0.27583460654928604
temporal_2023_2025,production,WR,216.0,2.356402130715861,3.302604945527892,-2.001533879722478,0.7592592592592593,0.6433353779792849,0.21835991439524227,27.151274858713904,37.48744726817787,-20.409562319035448,0.7731481481481481,0.6246653169902592,0.19569303741714927,0.38425925925925924,0.20107859707274756,0.2668772396559808,0.602681402300933,0.2037037037037037,0.08693400298568188,0.17364108616303298,0.5743921775898521,0.18055555555555555,0.0813227798024891,0.14148291216718,0.7744458930899609,0.013888888888888888,0.04757438424608559,0.014846805206142481,0.9248826291079812,0.64715876124884,0.2604103406804082,1.391443570300214,61.734907317345154,0.050000000000000024,1.4296678089367558,2.153925164762206,-0.03344487439985391,0.9027777777777778,0.11574074074074074,0.10667590971906292,0.10383453754406373,0.5428272251308901,6.241177409665228,0.32823859640673086,0.22418167964515134
temporal_2023_2025,raw_component_w100,QB,72.0,2.1760789512067302,3.0631282203370414,-0.45517069789983533,0.7222222222222222,0.5714583163025864,0.1593106921174945,20.951826434765742,29.46912416442217,-5.299455743291212,0.7222222222222222,0.5497974744190377,0.11310026192985928,0.2777777777777778,0.18591955267511587,0.21968225648474182,0.3701923076923077,0.1111111111111111,0.07771605612095403,0.1024154510309106,0.53515625,0.125,0.10155200115778218,0.11997379054834129,0.41887125220458554,0.041666666666666664,0.038365959790010194,0.031326274810218116,0.8888888888888888,0.22802842729737297,-0.268087979934401,0.37443883145786405,59.312596299464786,0.05000000000000002,1.7605711765096765,2.61468266946805,0.8587111391526284,0.8472222222222222,0.19444444444444445,0.1128085293772813,0.14229507767274732,0.4938423645320197,9.677168324336568,0.10117394581724186,0.5493315475177987
temporal_2023_2025,raw_component_w100,RB,180.0,2.4763093424669416,3.475066169667315,-0.945250825761568,0.7444444444444445,0.5676375351362296,0.12702135845935725,28.28804396889103,39.37080280206406,-13.0741441390347,0.7388888888888889,0.5690841259966353,0.12116975981652278,0.31666666666666665,0.20994784318608453,0.2278790820714442,0.5391527599486521,0.17777777777777778,0.10716521837579739,0.14712848775093085,0.6334459459459459,0.16111111111111112,0.0888568761083716,0.1297510508207061,0.7467458323818223,0.05555555555555555,0.05741019119926714,0.04899251277915674,0.7223529411764706,0.5824742661580937,0.08880521003734684,0.7074532316188054,60.25638086304915,0.05000000000000002,1.5895986549709418,2.5159990081605805,-0.3152340797523848,0.9277777777777778,0.13333333333333333,0.15327542616416134,0.11016876703352511,0.6939102564102564,6.271508135116832,0.33911533889962897,0.24111525838199285
temporal_2023_2025,raw_component_w100,TE,72.0,2.067195610649431,2.7536608014856707,-1.9338174276784084,0.6944444444444444,0.688715765128066,0.29407659794308993,24.06841665156291,30.728354307104016,-20.724416946377257,0.7083333333333334,0.6697961014262156,0.301896341885679,0.3472222222222222,0.13613226848651705,0.27080869721830014,0.5421276595744681,0.19444444444444445,0.06337769242862179,0.17330781779485965,0.5357142857142857,0.16666666666666666,0.0742807327147095,0.13795719716777372,0.7402777777777778,0.027777777777777776,0.023079438022252156,0.02676847725759963,0.6571428571428571,0.5336484738948437,0.09881664415718054,0.3193166425497507,62.837001409543845,0.05000000000000002,1.4390180489136042,2.2183840774106764,0.040521102486944814,0.9444444444444444,0.06944444444444445,0.1078235309800718,0.0666690782087161,0.5462686567164179,6.659294861162634,0.31775038832515773,0.26586037368798077
temporal_2023_2025,raw_component_w100,WR,216.0,2.358233242615717,3.3026747798323752,-2.0030483822112313,0.7453703703703703,0.6433892774985465,0.21795275534058545,27.21103792213271,37.46581914277552,-20.437101181475263,0.7731481481481481,0.6257395172239386,0.19448518575965945,0.38425925925925924,0.2014641407635761,0.2678251173663169,0.5788567805054806,0.2037037037037037,0.08714427711260148,0.1733415855391478,0.5919661733615222,0.18055555555555555,0.08198724098689744,0.14156977862988723,0.7714037375054325,0.013888888888888888,0.04766874267918199,0.01501209273027725,0.9092331768388107,0.6476255458619777,0.2673430262327487,1.4252125300158185,60.67498224293312,0.05000000000000002,1.4315978200749337,2.16001726623252,-0.0671723284534644,0.9027777777777778,0.11574074074074074,0.10950114322958569,0.10418327248581122,0.5419895287958115,6.1453541048931255,0.33366267025872753,0.21350476812723546
