player_key,current_player,current_salary,current_std_dev,current_min_score,current_max_score,current_salary_resid_10,current_salary_resid_90,current_salary_method_version,current_salary_population_source,current_ensemble_uncertainty_feature_source,counterfactual_player,counterfactual_salary,counterfactual_std_dev,counterfactual_min_score,counterfactual_max_score,counterfactual_salary_resid_10,counterfactual_salary_resid_90,counterfactual_salary_method_version,counterfactual_salary_population_source,counterfactual_ensemble_uncertainty_feature_source,player,pos,pred_fp_per_game,salary_change,counterfactual_p10,counterfactual_p90,counterfactual_min,counterfactual_max,source_salary,current_is_keeper,counterfactual_is_keeper
f1e6dc08-0452-51b0-aeb1-d9ea3334ec60,Chase Brown,34.0,0.1,34.0,34.0,0.0,0.0,current_locked_spec_v6_v2_population_11f,model_inputs_projonly,joint_weekly_template_centered_active_ppg_residual,Chase Brown,72.16914676219288,9.394439559986715,59.622999882744985,90.5829258172211,-8.996017251329366,15.081931340916588,current_locked_spec_v6_v2_population_11f,model_inputs_projonly,joint_weekly_template_centered_active_ppg_residual,Chase Brown,RB,15.234660199659793,38.16914676219288,63.17312951086352,87.25107810310946,59.622999882744985,90.5829258172211,61.0,True,False
ab2bf058-accf-56da-b7c3-c7276db2dea6,Bhayshul Tuten,11.0,0.1,11.0,11.0,0.0,0.0,current_locked_spec_v6_v2_population_11f,model_inputs_projonly,joint_weekly_template_centered_active_ppg_residual,Bhayshul Tuten,30.311787685435366,6.851388100611787,22.401366156441956,44.815030514182396,-6.078929350403232,11.481178351464782,current_locked_spec_v6_v2_population_11f,model_inputs_projonly,joint_weekly_template_centered_active_ppg_residual,Bhayshul Tuten,RB,11.216096848570189,19.311787685435366,24.232858335032134,41.79296603690015,22.401366156441956,44.815030514182396,16.0,True,False
884ca6e3-0e2f-576e-be1c-53965f780a81,David Montgomery,33.60908800516329,7.036192331883925,25.59034801007406,48.44245737610818,-6.1258032617002485,11.907957684918253,current_locked_spec_v6_v2_population_11f,model_inputs_projonly,joint_weekly_template_centered_active_ppg_residual,David Montgomery,34.25097421075584,6.858289571135964,26.29834495156862,49.093113921764115,-5.977205379092209,11.60059079172927,current_locked_spec_v6_v2_population_11f,model_inputs_projonly,joint_weekly_template_centered_active_ppg_residual,David Montgomery,RB,11.438673060422843,0.6418862055925558,28.273768831663634,45.85156500248511,26.29834495156862,49.093113921764115,14.0,False,False
7f00be18-1c01-5107-833b-05171cde6db6,Kyren Williams,52.352525384007556,8.142905335297716,42.535410510156495,69.12362194146448,-7.27131133988459,13.598955034483458,current_locked_spec_v6_v2_population_11f,model_inputs_projonly,joint_weekly_template_centered_active_ppg_residual,Kyren Williams,52.921971314476984,8.060171425345061,42.90328334463413,69.66311392212526,-7.25601945875755,13.402199904401844,current_locked_spec_v6_v2_population_11f,model_inputs_projonly,joint_weekly_template_centered_active_ppg_residual,Kyren Williams,RB,14.237868720809935,0.5694459304694277,45.665951855719435,66.32417121887883,42.90328334463413,69.66311392212526,37.0,False,False
0eb15aa6-fd23-5111-937c-80a10908b1e3,D'Andre Swift,33.34497571082599,7.029371861097601,25.33003990279878,48.148988057764974,-6.13065743789762,11.88562264209553,current_locked_spec_v6_v2_population_11f,model_inputs_projonly,joint_weekly_template_centered_active_ppg_residual,D'Andre Swift,33.57714107881214,6.845078619708767,25.639944621846556,48.35157565267835,-5.991048266846104,11.552888235467465,current_locked_spec_v6_v2_population_11f,model_inputs_projonly,joint_weekly_template_centered_active_ppg_residual,D'Andre Swift,RB,11.897604890098116,0.2321653679861484,27.586092811966036,45.130029314279604,25.639944621846556,48.35157565267835,15.0,False,False
d35f2425-04a3-51b8-bc3a-8df2f5db9640,Josh Jacobs,56.11933961946745,8.369870898136739,45.86859494900994,73.2049862311609,-7.56384131897694,13.888137792947523,current_locked_spec_v6_v2_population_11f,model_inputs_projonly,joint_weekly_template_centered_active_ppg_residual,Josh Jacobs,56.325743257932885,8.299079627873489,45.85712488692495,73.36843176239505,-7.563877418038462,13.70666366820129,current_locked_spec_v6_v2_population_11f,model_inputs_projonly,joint_weekly_template_centered_active_ppg_residual,Josh Jacobs,RB,13.94281604290972,0.20640363846543153,48.761865839894426,70.03240692613417,45.85712488692495,73.36843176239505,47.0,False,False
8a36e587-1de7-599e-9b04-b5062bab98a7,Ladd McConkey,34.11680282523305,6.747122484666361,23.81452264062586,46.27656486415003,-8.670560643873472,8.622314284326416,current_locked_spec_v6_v2_population_11f,model_inputs_projonly,joint_weekly_template_centered_active_ppg_residual,Ladd McConkey,34.25088645498581,7.06368298954323,23.57708372901392,47.17995942852072,-8.895601002982625,9.208618499216676,current_locked_spec_v6_v2_population_11f,model_inputs_projonly,joint_weekly_template_centered_active_ppg_residual,Ladd McConkey,WR,11.32185735690519,0.13408362975275878,25.355285452003187,43.45950495420249,23.57708372901392,47.17995942852072,,False,False
51bb2433-979a-5852-ac56-36961a15bba9,DeVonta Smith,40.728618413342154,7.07294872092446,29.503803403499134,53.08623626530665,-9.412736950145543,8.71523062158385,current_locked_spec_v6_v2_population_11f,model_inputs_projonly,joint_weekly_template_centered_active_ppg_residual,DeVonta Smith,40.80137229602321,7.460821071315001,29.137056662211005,53.92677150778472,-9.729250880011328,9.392833525769023,current_locked_spec_v6_v2_population_11f,model_inputs_projonly,joint_weekly_template_centered_active_ppg_residual,DeVonta Smith,WR,11.931750641381448,0.07275388268105587,31.072121416011882,50.19420582179223,29.137056662211005,53.92677150778472,,False,False
15e3e7d5-976d-5bc4-839a-56bef8d70d28,Justin Jefferson,73.7930899989456,8.658342381168145,58.21506577036947,86.79089823967723,-13.148373532634993,9.042957990298966,current_locked_spec_v6_v2_population_11f,model_inputs_projonly,joint_weekly_template_centered_active_ppg_residual,Justin Jefferson,73.84989412161941,8.561773434923886,57.574043791225876,85.84856488909904,-13.68966477105039,8.254160542659532,current_locked_spec_v6_v2_population_11f,model_inputs_projonly,joint_weekly_template_centered_active_ppg_residual,Justin Jefferson,WR,14.028794786963074,0.0568041226738103,60.160229350569026,82.10405466427895,57.574043791225876,85.84856488909904,84.0,False,False
8710e4f8-b19a-5379-a7d4-41b89ce12907,Chris Godwin Jr.,8.09018361249662,3.780924403186805,2.706069317909612,15.278271303382548,-4.496287351688749,5.194221893679034,current_locked_spec_v6_v2_population_11f,model_inputs_projonly,joint_weekly_template_centered_active_ppg_residual,Chris Godwin Jr.,8.122946219795532,3.870320550550535,2.717967496093223,15.758651326205946,-4.541198375044782,5.37843319601624,current_locked_spec_v6_v2_population_11f,model_inputs_projonly,joint_weekly_template_centered_active_ppg_residual,Chris Godwin Jr.,WR,9.03263889375343,0.03276260729891156,3.5817478447507494,13.501379415811773,2.717967496093223,15.758651326205946,,False,False
e6bfb986-45c0-521f-a8e8-fd306ab4947d,Drake London,65.57524589379052,8.472681953831398,50.492728962425296,78.64951669684787,-12.697727759197749,9.017756088472126,current_locked_spec_v6_v2_population_11f,model_inputs_projonly,joint_weekly_template_centered_active_ppg_residual,Drake London,65.6061665207523,8.408759461816071,49.88975037195841,77.84359866025198,-13.186926898443478,8.364723602191114,current_locked_spec_v6_v2_population_11f,model_inputs_projonly,joint_weekly_template_centered_active_ppg_residual,Drake London,WR,14.124009037568385,0.030920626961773223,52.41923962230882,73.97089012294342,49.88975037195841,77.84359866025198,76.0,False,False
461cb2ab-2d3d-551b-9fc6-4919f5629027,Jaylen Warren,18.58405925722502,7.050969962794909,10.819988951374128,32.10436383997692,-6.397513455916528,11.674122558726824,current_locked_spec_v6_v2_population_11f,model_inputs_projonly,joint_weekly_template_centered_active_ppg_residual,Jaylen Warren,18.59332070615524,7.126002055502738,10.6899640220812,32.35162365792699,-6.423324738637121,11.840618529616398,current_locked_spec_v6_v2_population_11f,model_inputs_projonly,joint_weekly_template_centered_active_ppg_residual,Jaylen Warren,RB,10.465072542123535,0.009261448930217853,12.169995967518119,30.43393923577164,10.6899640220812,32.35162365792699,4.0,False,False
9916d928-6327-5a7f-9ae1-1ec039c6cb21,Aaron Rodgers,1.0,1.2702622547244067,1.0,3.718867161693082,-2.5683159512482705,0.6873662076103837,current_locked_spec_v6_v2_population_11f,model_inputs_projonly,joint_weekly_template_centered_active_ppg_residual,Aaron Rodgers,1.0,1.1803250789429918,1.0,3.5412397886491784,-2.435702112087763,0.5894710652431246,current_locked_spec_v6_v2_population_11f,model_inputs_projonly,joint_weekly_template_centered_active_ppg_residual,Aaron Rodgers,QB,13.752673016130165,0.0,1.0,1.5894710652431248,1.0,3.5412397886491784,,False,False
546d15cf-39ca-5577-af7d-d2aa57cfa617,Dyami Brown,1.0,1.7449714047475005,1.0,4.184395684221936,-2.4230812394561854,2.0492804709116585,current_locked_spec_v6_v2_population_11f,model_inputs_projonly,joint_weekly_template_centered_active_ppg_residual,Dyami Brown,1.0,0.9727927722718829,1.0,2.6041808178198496,-1.4643405342746019,1.0289273410582342,current_locked_spec_v6_v2_population_11f,model_inputs_projonly,joint_weekly_template_centered_active_ppg_residual,Dyami Brown,WR,3.431976669813505,0.0,1.0,2.0289273410582345,1.0,2.6041808178198496,,False,False
5fc4bb15-a2c7-535b-b6d4-7f34d942762c,Jahdae Walker,1.0,1.7449714047475005,1.0,4.184395684221936,-2.4230812394561854,2.0492804709116585,current_locked_spec_v6_v2_population_11f,model_inputs_projonly,joint_weekly_template_centered_active_ppg_residual,Jahdae Walker,1.0,0.9727927722718829,1.0,2.6041808178198496,-1.4643405342746019,1.0289273410582342,current_locked_spec_v6_v2_population_11f,model_inputs_projonly,joint_weekly_template_centered_active_ppg_residual,Jahdae Walker,WR,4.040275855928241,0.0,1.0,2.0289273410582345,1.0,2.6041808178198496,,False,False
86191256-69ae-5626-afe1-f6d285cb56c9,Elic Ayomanor,1.0,1.7449714047475005,1.0,4.184395684221936,-2.4230812394561854,2.0492804709116585,current_locked_spec_v6_v2_population_11f,model_inputs_projonly,joint_weekly_template_centered_active_ppg_residual,Elic Ayomanor,1.0,0.9727927722718829,1.0,2.6041808178198496,-1.4643405342746019,1.0289273410582342,current_locked_spec_v6_v2_population_11f,model_inputs_projonly,joint_weekly_template_centered_active_ppg_residual,Elic Ayomanor,WR,4.750919605745249,0.0,1.0,2.0289273410582345,1.0,2.6041808178198496,,False,False
f9c8f147-97e6-5b74-975b-cee18b7e98d3,T.J. Hockenson,1.0,4.112559346450374,1.0,7.057567126323343,-5.764900076590213,4.7755895283620955,current_locked_spec_v6_v2_population_11f,model_inputs_projonly,joint_weekly_template_centered_active_ppg_residual,T.J. Hockenson,1.0,3.8294262408743425,1.0,7.157525360464599,-5.010563015046121,4.80425644031482,current_locked_spec_v6_v2_population_11f,model_inputs_projonly,joint_weekly_template_centered_active_ppg_residual,T.J. Hockenson,TE,6.773763862333319,0.0,1.0,5.80425644031482,1.0,7.157525360464599,,False,False
57bbe9f3-d436-5ff5-b02f-54ba08796133,Konata Mumpfield,1.0,1.7449714047475005,1.0,4.184395684221936,-2.4230812394561854,2.0492804709116585,current_locked_spec_v6_v2_population_11f,model_inputs_projonly,joint_weekly_template_centered_active_ppg_residual,Konata Mumpfield,1.0,0.9727927722718829,1.0,2.6041808178198496,-1.4643405342746019,1.0289273410582342,current_locked_spec_v6_v2_population_11f,model_inputs_projonly,joint_weekly_template_centered_active_ppg_residual,Konata Mumpfield,WR,3.4004976626804484,0.0,1.0,2.0289273410582345,1.0,2.6041808178198496,,False,False
bcf48bd7-748b-5d6d-b5a0-68c2966dbc36,Mack Hollins,1.0,1.7449714047475005,1.0,4.184395684221936,-2.4230812394561854,2.0492804709116585,current_locked_spec_v6_v2_population_11f,model_inputs_projonly,joint_weekly_template_centered_active_ppg_residual,Mack Hollins,1.0,0.9727927722718829,1.0,2.6041808178198496,-1.4643405342746019,1.0289273410582342,current_locked_spec_v6_v2_population_11f,model_inputs_projonly,joint_weekly_template_centered_active_ppg_residual,Mack Hollins,WR,3.840827707517022,0.0,1.0,2.0289273410582345,1.0,2.6041808178198496,,False,False
63af1565-90e5-5f15-a775-1285bbe0c766,Trey Benson,1.0,1.3749797038851541,1.0,2.79388553930439,-2.715487337659596,0.8085856433980542,current_locked_spec_v6_v2_population_11f,model_inputs_projonly,joint_weekly_template_centered_active_ppg_residual,Trey Benson,1.0,1.2948691421313967,1.0,2.731433616304984,-2.6486373031567227,0.6701123081260468,current_locked_spec_v6_v2_population_11f,model_inputs_projonly,joint_weekly_template_centered_active_ppg_residual,Trey Benson,RB,4.222833967770492,0.0,1.0,1.670112308126047,1.0,2.731433616304984,,False,False
da6048ce-35b2-52d2-a3c0-956af54f730e,Trevor Etienne,1.0,1.3749797038851541,1.0,2.79388553930439,-2.715487337659596,0.8085856433980542,current_locked_spec_v6_v2_population_11f,model_inputs_projonly,joint_weekly_template_centered_active_ppg_residual,Trevor Etienne,1.0,1.2948691421313967,1.0,2.731433616304984,-2.6486373031567227,0.6701123081260468,current_locked_spec_v6_v2_population_11f,model_inputs_projonly,joint_weekly_template_centered_active_ppg_residual,Trevor Etienne,RB,3.2594483999797834,0.0,1.0,1.670112308126047,1.0,2.731433616304984,,False,False
396ffeda-b2c2-50d1-ba47-52a2776b9e1c,Seth McGowan,1.0,1.3749797038851541,1.0,2.79388553930439,-2.715487337659596,0.8085856433980542,current_locked_spec_v6_v2_population_11f,model_inputs_projonly,joint_weekly_template_centered_active_ppg_residual,Seth McGowan,1.0,1.2948691421313967,1.0,2.731433616304984,-2.6486373031567227,0.6701123081260468,current_locked_spec_v6_v2_population_11f,model_inputs_projonly,joint_weekly_template_centered_active_ppg_residual,Seth McGowan,RB,3.915564063215099,0.0,1.0,1.670112308126047,1.0,2.731433616304984,,False,False
4938974a-29cd-59f7-bd42-d0e32f7f48b2,Sean Tucker,1.0,1.3749797038851541,1.0,2.79388553930439,-2.715487337659596,0.8085856433980542,current_locked_spec_v6_v2_population_11f,model_inputs_projonly,joint_weekly_template_centered_active_ppg_residual,Sean Tucker,1.0,1.2948691421313967,1.0,2.731433616304984,-2.6486373031567227,0.6701123081260468,current_locked_spec_v6_v2_population_11f,model_inputs_projonly,joint_weekly_template_centered_active_ppg_residual,Sean Tucker,RB,5.442101203481322,0.0,1.0,1.670112308126047,1.0,2.731433616304984,,False,False
c7d6b991-01e0-5ca4-b20b-689206d992c5,Travis Etienne,20.0,0.1,20.0,20.0,0.0,0.0,current_locked_spec_v6_v2_population_11f,model_inputs_projonly,joint_weekly_template_centered_active_ppg_residual,Travis Etienne,20.0,0.1,20.0,20.0,0.0,0.0,current_locked_spec_v6_v2_population_11f,model_inputs_projonly,joint_weekly_template_centered_active_ppg_residual,Travis Etienne,RB,12.183577723178535,0.0,20.0,20.0,20.0,20.0,38.0,True,True
736dfc1c-7430-55de-a789-0c02d7c10e60,Carson Beck,1.0,1.2702622547244067,1.0,3.718867161693082,-2.5683159512482705,0.6873662076103837,current_locked_spec_v6_v2_population_11f,model_inputs_projonly,joint_weekly_template_centered_active_ppg_residual,Carson Beck,1.0,1.1803250789429918,1.0,3.5412397886491784,-2.435702112087763,0.5894710652431246,current_locked_spec_v6_v2_population_11f,model_inputs_projonly,joint_weekly_template_centered_active_ppg_residual,Carson Beck,QB,12.091873365477156,0.0,1.0,1.5894710652431248,1.0,3.5412397886491784,,False,False
08c78f15-3f4f-5727-881b-22b8b7ffcc99,Keon Coleman,1.0,1.7449714047475005,1.0,4.184395684221936,-2.4230812394561854,2.0492804709116585,current_locked_spec_v6_v2_population_11f,model_inputs_projonly,joint_weekly_template_centered_active_ppg_residual,Keon Coleman,1.0,0.9727927722718829,1.0,2.6041808178198496,-1.4643405342746019,1.0289273410582342,current_locked_spec_v6_v2_population_11f,model_inputs_projonly,joint_weekly_template_centered_active_ppg_residual,Keon Coleman,WR,5.1785575028141295,0.0,1.0,2.0289273410582345,1.0,2.6041808178198496,,False,False
bc125544-e1f4-5786-8d31-4ea82a452a7b,Kendrick Bourne,1.0,1.7449714047475005,1.0,4.184395684221936,-2.4230812394561854,2.0492804709116585,current_locked_spec_v6_v2_population_11f,model_inputs_projonly,joint_weekly_template_centered_active_ppg_residual,Kendrick Bourne,1.0,0.9727927722718829,1.0,2.6041808178198496,-1.4643405342746019,1.0289273410582342,current_locked_spec_v6_v2_population_11f,model_inputs_projonly,joint_weekly_template_centered_active_ppg_residual,Kendrick Bourne,WR,4.163451029847888,0.0,1.0,2.0289273410582345,1.0,2.6041808178198496,,False,False
86b66e8d-d4e2-5587-a69b-e416438ee28c,Keenan Allen,1.0,1.7449714047475005,1.0,4.184395684221936,-2.4230812394561854,2.0492804709116585,current_locked_spec_v6_v2_population_11f,model_inputs_projonly,joint_weekly_template_centered_active_ppg_residual,Keenan Allen,1.0,0.9727927722718829,1.0,2.6041808178198496,-1.4643405342746019,1.0289273410582342,current_locked_spec_v6_v2_population_11f,model_inputs_projonly,joint_weekly_template_centered_active_ppg_residual,Keenan Allen,WR,6.5459769245279205,0.0,1.0,2.0289273410582345,1.0,2.6041808178198496,0.0,False,False
8324873c-34ef-5270-a921-cee225958756,Will Shipley,1.0,1.3749797038851541,1.0,2.79388553930439,-2.715487337659596,0.8085856433980542,current_locked_spec_v6_v2_population_11f,model_inputs_projonly,joint_weekly_template_centered_active_ppg_residual,Will Shipley,1.0,1.2948691421313967,1.0,2.731433616304984,-2.6486373031567227,0.6701123081260468,current_locked_spec_v6_v2_population_11f,model_inputs_projonly,joint_weekly_template_centered_active_ppg_residual,Will Shipley,RB,3.1191849771189255,0.0,1.0,1.670112308126047,1.0,2.731433616304984,,False,False
dac04937-183f-50ee-9b1f-6798eee4b743,Ty Johnson,1.0,1.3749797038851541,1.0,2.79388553930439,-2.715487337659596,0.8085856433980542,current_locked_spec_v6_v2_population_11f,model_inputs_projonly,joint_weekly_template_centered_active_ppg_residual,Ty Johnson,1.0,1.2948691421313967,1.0,2.731433616304984,-2.6486373031567227,0.6701123081260468,current_locked_spec_v6_v2_population_11f,model_inputs_projonly,joint_weekly_template_centered_active_ppg_residual,Ty Johnson,RB,5.550103097224418,0.0,1.0,1.670112308126047,1.0,2.731433616304984,,False,False
9b030c9d-5325-5fdb-a8fa-a79631f2897c,Kirk Cousins,1.0,1.2702622547244067,1.0,3.718867161693082,-2.5683159512482705,0.6873662076103837,current_locked_spec_v6_v2_population_11f,model_inputs_projonly,joint_weekly_template_centered_active_ppg_residual,Kirk Cousins,1.0,1.1803250789429918,1.0,3.5412397886491784,-2.435702112087763,0.5894710652431246,current_locked_spec_v6_v2_population_11f,model_inputs_projonly,joint_weekly_template_centered_active_ppg_residual,Kirk Cousins,QB,12.647665863001018,0.0,1.0,1.5894710652431248,1.0,3.5412397886491784,,False,False
b482a4bd-ff7a-575a-bc28-7c948662ee32,Samaje Perine,1.0,1.3749797038851541,1.0,2.79388553930439,-2.715487337659596,0.8085856433980542,current_locked_spec_v6_v2_population_11f,model_inputs_projonly,joint_weekly_template_centered_active_ppg_residual,Samaje Perine,1.0,1.2948691421313967,1.0,2.731433616304984,-2.6486373031567227,0.6701123081260468,current_locked_spec_v6_v2_population_11f,model_inputs_projonly,joint_weekly_template_centered_active_ppg_residual,Samaje Perine,RB,5.394236842749669,0.0,1.0,1.670112308126047,1.0,2.731433616304984,,False,False
057fadd5-6d57-56c0-b4c5-f8c2147ff325,Roschon Johnson,1.0,1.3749797038851541,1.0,2.79388553930439,-2.715487337659596,0.8085856433980542,current_locked_spec_v6_v2_population_11f,model_inputs_projonly,joint_weekly_template_centered_active_ppg_residual,Roschon Johnson,1.0,1.2948691421313967,1.0,2.731433616304984,-2.6486373031567227,0.6701123081260468,current_locked_spec_v6_v2_population_11f,model_inputs_projonly,joint_weekly_template_centered_active_ppg_residual,Roschon Johnson,RB,3.8778313147043697,0.0,1.0,1.670112308126047,1.0,2.731433616304984,,False,False
e075f67b-e1d2-537a-a904-4d078d618783,Mike Gesicki,1.0,4.112559346450374,1.0,7.057567126323343,-5.764900076590213,4.7755895283620955,current_locked_spec_v6_v2_population_11f,model_inputs_projonly,joint_weekly_template_centered_active_ppg_residual,Mike Gesicki,1.0,3.8294262408743425,1.0,7.157525360464599,-5.010563015046121,4.80425644031482,current_locked_spec_v6_v2_population_11f,model_inputs_projonly,joint_weekly_template_centered_active_ppg_residual,Mike Gesicki,TE,5.569101210124942,0.0,1.0,5.80425644031482,1.0,7.157525360464599,,False,False
617a9148-7a79-57c1-b3da-0f04455377c4,Michael Mayer,1.0,4.112559346450374,1.0,7.057567126323343,-5.764900076590213,4.7755895283620955,current_locked_spec_v6_v2_population_11f,model_inputs_projonly,joint_weekly_template_centered_active_ppg_residual,Michael Mayer,1.0,3.8294262408743425,1.0,7.157525360464599,-5.010563015046121,4.80425644031482,current_locked_spec_v6_v2_population_11f,model_inputs_projonly,joint_weekly_template_centered_active_ppg_residual,Michael Mayer,TE,4.959647298814142,0.0,1.0,5.80425644031482,1.0,7.157525360464599,,False,False
78628dae-556c-57ef-954e-bbe9e5571cff,Mason Taylor,1.0,4.112559346450374,1.0,7.057567126323343,-5.764900076590213,4.7755895283620955,current_locked_spec_v6_v2_population_11f,model_inputs_projonly,joint_weekly_template_centered_active_ppg_residual,Mason Taylor,1.0,3.8294262408743425,1.0,7.157525360464599,-5.010563015046121,4.80425644031482,current_locked_spec_v6_v2_population_11f,model_inputs_projonly,joint_weekly_template_centered_active_ppg_residual,Mason Taylor,TE,5.2111116900019985,0.0,1.0,5.80425644031482,1.0,7.157525360464599,,False,False
49d0dba9-71d7-51d9-a6ff-1cb3233c2bb8,Luke Musgrave,1.0,4.112559346450374,1.0,7.057567126323343,-5.764900076590213,4.7755895283620955,current_locked_spec_v6_v2_population_11f,model_inputs_projonly,joint_weekly_template_centered_active_ppg_residual,Luke Musgrave,1.0,3.8294262408743425,1.0,7.157525360464599,-5.010563015046121,4.80425644031482,current_locked_spec_v6_v2_population_11f,model_inputs_projonly,joint_weekly_template_centered_active_ppg_residual,Luke Musgrave,TE,3.661926365521017,0.0,1.0,5.80425644031482,1.0,7.157525360464599,,False,False
9dd9dfd3-4f20-521e-ab11-b1396a8381b2,Jahan Dotson,1.0,1.7449714047475005,1.0,4.184395684221936,-2.4230812394561854,2.0492804709116585,current_locked_spec_v6_v2_population_11f,model_inputs_projonly,joint_weekly_template_centered_active_ppg_residual,Jahan Dotson,1.0,0.9727927722718829,1.0,2.6041808178198496,-1.4643405342746019,1.0289273410582342,current_locked_spec_v6_v2_population_11f,model_inputs_projonly,joint_weekly_template_centered_active_ppg_residual,Jahan Dotson,WR,4.768647170223254,0.0,1.0,2.0289273410582345,1.0,2.6041808178198496,,False,False
8ee8dd5e-fdfa-554b-92d8-19d0e9ff79e2,Jack Bech,1.0,1.7449714047475005,1.0,4.184395684221936,-2.4230812394561854,2.0492804709116585,current_locked_spec_v6_v2_population_11f,model_inputs_projonly,joint_weekly_template_centered_active_ppg_residual,Jack Bech,1.0,0.9727927722718829,1.0,2.6041808178198496,-1.4643405342746019,1.0289273410582342,current_locked_spec_v6_v2_population_11f,model_inputs_projonly,joint_weekly_template_centered_active_ppg_residual,Jack Bech,WR,4.966328469036564,0.0,1.0,2.0289273410582345,1.0,2.6041808178198496,,False,False
becba3ab-03de-503b-ab94-db1241230af8,Ja'Kobi Lane,1.0,1.7449714047475005,1.0,4.184395684221936,-2.4230812394561854,2.0492804709116585,current_locked_spec_v6_v2_population_11f,model_inputs_projonly,joint_weekly_template_centered_active_ppg_residual,Ja'Kobi Lane,1.0,0.9727927722718829,1.0,2.6041808178198496,-1.4643405342746019,1.0289273410582342,current_locked_spec_v6_v2_population_11f,model_inputs_projonly,joint_weekly_template_centered_active_ppg_residual,Ja'Kobi Lane,WR,6.655780432455944,0.0,1.0,2.0289273410582345,1.0,2.6041808178198496,,False,False
7f8d4a5b-7872-5aa0-a8fa-63615219ef15,Isaiah Williams,1.0,1.7449714047475005,1.0,4.184395684221936,-2.4230812394561854,2.0492804709116585,current_locked_spec_v6_v2_population_11f,model_inputs_projonly,joint_weekly_template_centered_active_ppg_residual,Isaiah Williams,1.0,0.9727927722718829,1.0,2.6041808178198496,-1.4643405342746019,1.0289273410582342,current_locked_spec_v6_v2_population_11f,model_inputs_projonly,joint_weekly_template_centered_active_ppg_residual,Isaiah Williams,WR,3.665759904273166,0.0,1.0,2.0289273410582345,1.0,2.6041808178198496,,False,False
1dead61c-057f-5d3e-908f-7923a67fdf4b,Isaiah Bond,1.0,1.7449714047475005,1.0,4.184395684221936,-2.4230812394561854,2.0492804709116585,current_locked_spec_v6_v2_population_11f,model_inputs_projonly,joint_weekly_template_centered_active_ppg_residual,Isaiah Bond,1.0,0.9727927722718829,1.0,2.6041808178198496,-1.4643405342746019,1.0289273410582342,current_locked_spec_v6_v2_population_11f,model_inputs_projonly,joint_weekly_template_centered_active_ppg_residual,Isaiah Bond,WR,3.407957712048703,0.0,1.0,2.0289273410582345,1.0,2.6041808178198496,,False,False
be928b00-888e-5aba-bef4-aab8a1204ee9,Adonai Mitchell,1.0,1.7449714047475005,1.0,4.184395684221936,-2.4230812394561854,2.0492804709116585,current_locked_spec_v6_v2_population_11f,model_inputs_projonly,joint_weekly_template_centered_active_ppg_residual,Adonai Mitchell,1.0,0.9727927722718829,1.0,2.6041808178198496,-1.4643405342746019,1.0289273410582342,current_locked_spec_v6_v2_population_11f,model_inputs_projonly,joint_weekly_template_centered_active_ppg_residual,Adonai Mitchell,WR,6.213651816642805,0.0,1.0,2.0289273410582345,1.0,2.6041808178198496,0.0,False,False
c3846c56-1c54-55a3-a8f6-660ad18946a0,Ray Davis,1.0,1.3749797038851541,1.0,2.79388553930439,-2.715487337659596,0.8085856433980542,current_locked_spec_v6_v2_population_11f,model_inputs_projonly,joint_weekly_template_centered_active_ppg_residual,Ray Davis,1.0,1.2948691421313967,1.0,2.731433616304984,-2.6486373031567227,0.6701123081260468,current_locked_spec_v6_v2_population_11f,model_inputs_projonly,joint_weekly_template_centered_active_ppg_residual,Ray Davis,RB,5.080384978861057,0.0,1.0,1.670112308126047,1.0,2.731433616304984,0.0,False,False
f7726e36-2f83-5b4e-94e4-7e50a809594c,Rasheen Ali,1.0,1.3749797038851541,1.0,2.79388553930439,-2.715487337659596,0.8085856433980542,current_locked_spec_v6_v2_population_11f,model_inputs_projonly,joint_weekly_template_centered_active_ppg_residual,Rasheen Ali,1.0,1.2948691421313967,1.0,2.731433616304984,-2.6486373031567227,0.6701123081260468,current_locked_spec_v6_v2_population_11f,model_inputs_projonly,joint_weekly_template_centered_active_ppg_residual,Rasheen Ali,RB,3.3739871177962524,0.0,1.0,1.670112308126047,1.0,2.731433616304984,,False,False
f42bafa4-f744-58bf-82cf-ca40d519298c,Raheim Sanders,1.0,1.3749797038851541,1.0,2.79388553930439,-2.715487337659596,0.8085856433980542,current_locked_spec_v6_v2_population_11f,model_inputs_projonly,joint_weekly_template_centered_active_ppg_residual,Raheim Sanders,1.0,1.2948691421313967,1.0,2.731433616304984,-2.6486373031567227,0.6701123081260468,current_locked_spec_v6_v2_population_11f,model_inputs_projonly,joint_weekly_template_centered_active_ppg_residual,Raheim Sanders,RB,3.683116209382152,0.0,1.0,1.670112308126047,1.0,2.731433616304984,,False,False
67603a88-cade-50e4-9720-302576eb2962,Quinshon Judkins,20.0,0.1,20.0,20.0,0.0,0.0,current_locked_spec_v6_v2_population_11f,model_inputs_projonly,joint_weekly_template_centered_active_ppg_residual,Quinshon Judkins,20.0,0.1,20.0,20.0,0.0,0.0,current_locked_spec_v6_v2_population_11f,model_inputs_projonly,joint_weekly_template_centered_active_ppg_residual,Quinshon Judkins,RB,11.86832758841687,0.0,20.0,20.0,20.0,20.0,37.0,True,True
dbddf1a9-f4f2-58d9-b145-32dd70ec0394,Kenny Pickett,1.0,1.2702622547244067,1.0,3.718867161693082,-2.5683159512482705,0.6873662076103837,current_locked_spec_v6_v2_population_11f,model_inputs_projonly,joint_weekly_template_centered_active_ppg_residual,Kenny Pickett,1.0,1.1803250789429918,1.0,3.5412397886491784,-2.435702112087763,0.5894710652431246,current_locked_spec_v6_v2_population_11f,model_inputs_projonly,joint_weekly_template_centered_active_ppg_residual,Kenny Pickett,QB,11.718586696169384,0.0,1.0,1.5894710652431248,1.0,3.5412397886491784,,False,False
f9b1a774-f2ec-541c-870e-a4373e3cc9ca,Justin Fields,1.0,1.2702622547244067,1.0,3.718867161693082,-2.5683159512482705,0.6873662076103837,current_locked_spec_v6_v2_population_11f,model_inputs_projonly,joint_weekly_template_centered_active_ppg_residual,Justin Fields,1.0,1.1803250789429918,1.0,3.5412397886491784,-2.435702112087763,0.5894710652431246,current_locked_spec_v6_v2_population_11f,model_inputs_projonly,joint_weekly_template_centered_active_ppg_residual,Justin Fields,QB,13.46868442461107,0.0,1.0,1.5894710652431248,1.0,3.5412397886491784,,False,False
4bce7997-6962-558d-a207-44e60c5fc456,Marquise Brown,1.0,1.7449714047475005,1.0,4.184395684221936,-2.4230812394561854,2.0492804709116585,current_locked_spec_v6_v2_population_11f,model_inputs_projonly,joint_weekly_template_centered_active_ppg_residual,Marquise Brown,1.0,0.9727927722718829,1.0,2.6041808178198496,-1.4643405342746019,1.0289273410582342,current_locked_spec_v6_v2_population_11f,model_inputs_projonly,joint_weekly_template_centered_active_ppg_residual,Marquise Brown,WR,4.46053557460325,0.0,1.0,2.0289273410582345,1.0,2.6041808178198496,,False,False
84d1a6c3-9e01-5bed-b78c-088680454c1a,Mike Evans,11.0,0.1,11.0,11.0,0.0,0.0,current_locked_spec_v6_v2_population_11f,model_inputs_projonly,joint_weekly_template_centered_active_ppg_residual,Mike Evans,11.0,0.1,11.0,11.0,0.0,0.0,current_locked_spec_v6_v2_population_11f,model_inputs_projonly,joint_weekly_template_centered_active_ppg_residual,Mike Evans,WR,10.495678417737942,0.0,11.0,11.0,11.0,11.0,8.0,True,True
f00adf10-26fe-5455-a7ff-e661f0ab38bb,Tank Bigsby,1.0,1.3749797038851541,1.0,2.79388553930439,-2.715487337659596,0.8085856433980542,current_locked_spec_v6_v2_population_11f,model_inputs_projonly,joint_weekly_template_centered_active_ppg_residual,Tank Bigsby,1.0,1.2948691421313967,1.0,2.731433616304984,-2.6486373031567227,0.6701123081260468,current_locked_spec_v6_v2_population_11f,model_inputs_projonly,joint_weekly_template_centered_active_ppg_residual,Tank Bigsby,RB,6.183084619914354,0.0,1.0,1.670112308126047,1.0,2.731433616304984,0.0,False,False
58b16be0-ad9d-509e-b708-df06c516ff5b,Tahj Brooks,1.0,1.3749797038851541,1.0,2.79388553930439,-2.715487337659596,0.8085856433980542,current_locked_spec_v6_v2_population_11f,model_inputs_projonly,joint_weekly_template_centered_active_ppg_residual,Tahj Brooks,1.0,1.2948691421313967,1.0,2.731433616304984,-2.6486373031567227,0.6701123081260468,current_locked_spec_v6_v2_population_11f,model_inputs_projonly,joint_weekly_template_centered_active_ppg_residual,Tahj Brooks,RB,3.3244472901404514,0.0,1.0,1.670112308126047,1.0,2.731433616304984,,False,False
fa1d6516-0109-538a-b5ed-632e817008c8,Hunter Henry,1.0,4.112559346450374,1.0,7.057567126323343,-5.764900076590213,4.7755895283620955,current_locked_spec_v6_v2_population_11f,model_inputs_projonly,joint_weekly_template_centered_active_ppg_residual,Hunter Henry,1.0,3.8294262408743425,1.0,7.157525360464599,-5.010563015046121,4.80425644031482,current_locked_spec_v6_v2_population_11f,model_inputs_projonly,joint_weekly_template_centered_active_ppg_residual,Hunter Henry,TE,7.499906785056278,0.0,1.0,5.80425644031482,1.0,7.157525360464599,2.0,False,False
4aee5f6d-c223-5918-bca1-1d7f3572d513,Gunnar Helm,1.0,4.112559346450374,1.0,7.057567126323343,-5.764900076590213,4.7755895283620955,current_locked_spec_v6_v2_population_11f,model_inputs_projonly,joint_weekly_template_centered_active_ppg_residual,Gunnar Helm,1.0,3.8294262408743425,1.0,7.157525360464599,-5.010563015046121,4.80425644031482,current_locked_spec_v6_v2_population_11f,model_inputs_projonly,joint_weekly_template_centered_active_ppg_residual,Gunnar Helm,TE,6.053426441566863,0.0,1.0,5.80425644031482,1.0,7.157525360464599,,False,False
7dae0c1c-6447-52e9-ae4a-649f4fd82c43,Dont'e Thornton Jr.,1.0,1.7449714047475005,1.0,4.184395684221936,-2.4230812394561854,2.0492804709116585,current_locked_spec_v6_v2_population_11f,model_inputs_projonly,joint_weekly_template_centered_active_ppg_residual,Dont'e Thornton Jr.,1.0,0.9727927722718829,1.0,2.6041808178198496,-1.4643405342746019,1.0289273410582342,current_locked_spec_v6_v2_population_11f,model_inputs_projonly,joint_weekly_template_centered_active_ppg_residual,Dont'e Thornton Jr.,WR,3.0936683182434983,0.0,1.0,2.0289273410582345,1.0,2.6041808178198496,,False,False
d9c5031a-1b60-5c91-b49e-d3721a9aa216,Dontayvion Wicks,1.0,1.7449714047475005,1.0,4.184395684221936,-2.4230812394561854,2.0492804709116585,current_locked_spec_v6_v2_population_11f,model_inputs_projonly,joint_weekly_template_centered_active_ppg_residual,Dontayvion Wicks,1.0,0.9727927722718829,1.0,2.6041808178198496,-1.4643405342746019,1.0289273410582342,current_locked_spec_v6_v2_population_11f,model_inputs_projonly,joint_weekly_template_centered_active_ppg_residual,Dontayvion Wicks,WR,5.9431129618567455,0.0,1.0,2.0289273410582345,1.0,2.6041808178198496,0.0,False,False
11092b99-31c6-504d-8390-0def87d4a8d5,Mac Jones,1.0,1.2702622547244067,1.0,3.718867161693082,-2.5683159512482705,0.6873662076103837,current_locked_spec_v6_v2_population_11f,model_inputs_projonly,joint_weekly_template_centered_active_ppg_residual,Mac Jones,1.0,1.1803250789429918,1.0,3.5412397886491784,-2.435702112087763,0.5894710652431246,current_locked_spec_v6_v2_population_11f,model_inputs_projonly,joint_weekly_template_centered_active_ppg_residual,Mac Jones,QB,13.057893295472338,0.0,1.0,1.5894710652431248,1.0,3.5412397886491784,,False,False
63bb3342-b397-59a1-8e96-925f297382a3,Kyler Murray,1.0,1.2702622547244067,1.0,3.718867161693082,-2.5683159512482705,0.6873662076103837,current_locked_spec_v6_v2_population_11f,model_inputs_projonly,joint_weekly_template_centered_active_ppg_residual,Kyler Murray,1.0,1.1803250789429918,1.0,3.5412397886491784,-2.435702112087763,0.5894710652431246,current_locked_spec_v6_v2_population_11f,model_inputs_projonly,joint_weekly_template_centered_active_ppg_residual,Kyler Murray,QB,16.017186443805286,0.0,1.0,1.5894710652431248,1.0,3.5412397886491784,0.0,False,False
da6fde27-09e6-5fc1-a727-9d63d7451839,Kenyon Sadiq,1.0,4.112559346450374,1.0,7.057567126323343,-5.764900076590213,4.7755895283620955,current_locked_spec_v6_v2_population_11f,model_inputs_projonly,joint_weekly_template_centered_active_ppg_residual,Kenyon Sadiq,1.0,3.8294262408743425,1.0,7.157525360464599,-5.010563015046121,4.80425644031482,current_locked_spec_v6_v2_population_11f,model_inputs_projonly,joint_weekly_template_centered_active_ppg_residual,Kenyon Sadiq,TE,7.050568741320781,0.0,1.0,5.80425644031482,1.0,7.157525360464599,2.0,False,False
d7bc9396-1066-506a-a354-10b0c70cf212,Najee Harris,1.0,1.3749797038851541,1.0,2.79388553930439,-2.715487337659596,0.8085856433980542,current_locked_spec_v6_v2_population_11f,model_inputs_projonly,joint_weekly_template_centered_active_ppg_residual,Najee Harris,1.0,1.2948691421313967,1.0,2.731433616304984,-2.6486373031567227,0.6701123081260468,current_locked_spec_v6_v2_population_11f,model_inputs_projonly,joint_weekly_template_centered_active_ppg_residual,Najee Harris,RB,5.085943744660251,0.0,1.0,1.670112308126047,1.0,2.731433616304984,,False,False
0d7ac08b-8c65-5007-be21-41eeecf0bc38,Mike Washington Jr.,1.0,1.3749797038851541,1.0,2.79388553930439,-2.715487337659596,0.8085856433980542,current_locked_spec_v6_v2_population_11f,model_inputs_projonly,joint_weekly_template_centered_active_ppg_residual,Mike Washington Jr.,1.0,1.2948691421313967,1.0,2.731433616304984,-2.6486373031567227,0.6701123081260468,current_locked_spec_v6_v2_population_11f,model_inputs_projonly,joint_weekly_template_centered_active_ppg_residual,Mike Washington Jr.,RB,5.455669861786429,0.0,1.0,1.670112308126047,1.0,2.731433616304984,,False,False
369c68b6-110b-5de9-be62-ccf0f556c31a,MarShawn Lloyd,1.0,1.3749797038851541,1.0,2.79388553930439,-2.715487337659596,0.8085856433980542,current_locked_spec_v6_v2_population_11f,model_inputs_projonly,joint_weekly_template_centered_active_ppg_residual,MarShawn Lloyd,1.0,1.2948691421313967,1.0,2.731433616304984,-2.6486373031567227,0.6701123081260468,current_locked_spec_v6_v2_population_11f,model_inputs_projonly,joint_weekly_template_centered_active_ppg_residual,MarShawn Lloyd,RB,6.043631833452942,0.0,1.0,1.670112308126047,1.0,2.731433616304984,,False,False
47ca7c0a-64a6-5491-810c-572a9a6963ff,Greg Dulcich,1.0,4.112559346450374,1.0,7.057567126323343,-5.764900076590213,4.7755895283620955,current_locked_spec_v6_v2_population_11f,model_inputs_projonly,joint_weekly_template_centered_active_ppg_residual,Greg Dulcich,1.0,3.8294262408743425,1.0,7.157525360464599,-5.010563015046121,4.80425644031482,current_locked_spec_v6_v2_population_11f,model_inputs_projonly,joint_weekly_template_centered_active_ppg_residual,Greg Dulcich,TE,6.428365532880804,0.0,1.0,5.80425644031482,1.0,7.157525360464599,,False,False
d6d5cd43-472b-5b92-ab62-43a6cc90e5fd,Malik Willis,1.0,1.2702622547244067,1.0,3.718867161693082,-2.5683159512482705,0.6873662076103837,current_locked_spec_v6_v2_population_11f,model_inputs_projonly,joint_weekly_template_centered_active_ppg_residual,Malik Willis,1.0,1.1803250789429918,1.0,3.5412397886491784,-2.435702112087763,0.5894710652431246,current_locked_spec_v6_v2_population_11f,model_inputs_projonly,joint_weekly_template_centered_active_ppg_residual,Malik Willis,QB,14.80504285440494,0.0,1.0,1.5894710652431248,1.0,3.5412397886491784,0.0,False,False
13ccc960-a67c-5444-84de-925e1b2c8693,Omar Cooper Jr.,1.0,1.7449714047475005,1.0,4.184395684221936,-2.4230812394561854,2.0492804709116585,current_locked_spec_v6_v2_population_11f,model_inputs_projonly,joint_weekly_template_centered_active_ppg_residual,Omar Cooper Jr.,1.0,0.9727927722718829,1.0,2.6041808178198496,-1.4643405342746019,1.0289273410582342,current_locked_spec_v6_v2_population_11f,model_inputs_projonly,joint_weekly_template_centered_active_ppg_residual,Omar Cooper Jr.,WR,6.014908056169973,0.0,1.0,2.0289273410582345,1.0,2.6041808178198496,,False,False
ad6b6c62-45ac-5341-be39-a7fe7c393a66,LeQuint Allen Jr.,1.0,1.3749797038851541,1.0,2.79388553930439,-2.715487337659596,0.8085856433980542,current_locked_spec_v6_v2_population_11f,model_inputs_projonly,joint_weekly_template_centered_active_ppg_residual,LeQuint Allen Jr.,1.0,1.2948691421313967,1.0,2.731433616304984,-2.6486373031567227,0.6701123081260468,current_locked_spec_v6_v2_population_11f,model_inputs_projonly,joint_weekly_template_centered_active_ppg_residual,LeQuint Allen Jr.,RB,3.785553968852508,0.0,1.0,1.670112308126047,1.0,2.731433616304984,,False,False
d821e4b7-8fe2-5617-b412-a387dc1a049a,KeAndre Lambert-Smith,1.0,1.7449714047475005,1.0,4.184395684221936,-2.4230812394561854,2.0492804709116585,current_locked_spec_v6_v2_population_11f,model_inputs_projonly,joint_weekly_template_centered_active_ppg_residual,KeAndre Lambert-Smith,1.0,0.9727927722718829,1.0,2.6041808178198496,-1.4643405342746019,1.0289273410582342,current_locked_spec_v6_v2_population_11f,model_inputs_projonly,joint_weekly_template_centered_active_ppg_residual,KeAndre Lambert-Smith,WR,3.4219548140349905,0.0,1.0,2.0289273410582345,1.0,2.6041808178198496,,False,False
dd950026-9269-5740-b106-2e5b095183b6,Olamide Zaccheaus,1.0,1.7449714047475005,1.0,4.184395684221936,-2.4230812394561854,2.0492804709116585,current_locked_spec_v6_v2_population_11f,model_inputs_projonly,joint_weekly_template_centered_active_ppg_residual,Olamide Zaccheaus,1.0,0.9727927722718829,1.0,2.6041808178198496,-1.4643405342746019,1.0289273410582342,current_locked_spec_v6_v2_population_11f,model_inputs_projonly,joint_weekly_template_centered_active_ppg_residual,Olamide Zaccheaus,WR,3.855491460706284,0.0,1.0,2.0289273410582345,1.0,2.6041808178198496,,False,False
e46c3203-ffb0-56b9-9955-20082151e676,Kayshon Boutte,1.0,1.7449714047475005,1.0,4.184395684221936,-2.4230812394561854,2.0492804709116585,current_locked_spec_v6_v2_population_11f,model_inputs_projonly,joint_weekly_template_centered_active_ppg_residual,Kayshon Boutte,1.0,0.9727927722718829,1.0,2.6041808178198496,-1.4643405342746019,1.0289273410582342,current_locked_spec_v6_v2_population_11f,model_inputs_projonly,joint_weekly_template_centered_active_ppg_residual,Kayshon Boutte,WR,5.715642765565032,0.0,1.0,2.0289273410582345,1.0,2.6041808178198496,,False,False
367ecb02-b7bc-57f9-b01f-8febdef8a118,KaVontae Turpin,1.0,1.7449714047475005,1.0,4.184395684221936,-2.4230812394561854,2.0492804709116585,current_locked_spec_v6_v2_population_11f,model_inputs_projonly,joint_weekly_template_centered_active_ppg_residual,KaVontae Turpin,1.0,0.9727927722718829,1.0,2.6041808178198496,-1.4643405342746019,1.0289273410582342,current_locked_spec_v6_v2_population_11f,model_inputs_projonly,joint_weekly_template_centered_active_ppg_residual,KaVontae Turpin,WR,4.852600763817387,0.0,1.0,2.0289273410582345,1.0,2.6041808178198496,,False,False
982518ba-c7c7-52da-98e4-41d1d4131987,Kalif Raymond,1.0,1.7449714047475005,1.0,4.184395684221936,-2.4230812394561854,2.0492804709116585,current_locked_spec_v6_v2_population_11f,model_inputs_projonly,joint_weekly_template_centered_active_ppg_residual,Kalif Raymond,1.0,0.9727927722718829,1.0,2.6041808178198496,-1.4643405342746019,1.0289273410582342,current_locked_spec_v6_v2_population_11f,model_inputs_projonly,joint_weekly_template_centered_active_ppg_residual,Kalif Raymond,WR,3.8173587156148923,0.0,1.0,2.0289273410582345,1.0,2.6041808178198496,,False,False
ab7af06e-aa31-5252-a689-7e8b2072cdbc,Nico Collins,42.0,0.1,42.0,42.0,0.0,0.0,current_locked_spec_v6_v2_population_11f,model_inputs_projonly,joint_weekly_template_centered_active_ppg_residual,Nico Collins,42.0,0.1,42.0,42.0,0.0,0.0,current_locked_spec_v6_v2_population_11f,model_inputs_projonly,joint_weekly_template_centered_active_ppg_residual,Nico Collins,WR,12.658070663146495,0.0,42.0,42.0,42.0,42.0,54.0,True,True
03b52b57-9d0c-5f61-8a0f-426cce0fc10f,Joe Milton III,1.0,1.2702622547244067,1.0,3.718867161693082,-2.5683159512482705,0.6873662076103837,current_locked_spec_v6_v2_population_11f,model_inputs_projonly,joint_weekly_template_centered_active_ppg_residual,Joe Milton III,1.0,1.1803250789429918,1.0,3.5412397886491784,-2.435702112087763,0.5894710652431246,current_locked_spec_v6_v2_population_11f,model_inputs_projonly,joint_weekly_template_centered_active_ppg_residual,Joe Milton III,QB,11.79706487948434,0.0,1.0,1.5894710652431248,1.0,3.5412397886491784,,False,False
df8422ce-da76-5999-80be-a47aead4fc59,J.J. McCarthy,1.0,1.2702622547244067,1.0,3.718867161693082,-2.5683159512482705,0.6873662076103837,current_locked_spec_v6_v2_population_11f,model_inputs_projonly,joint_weekly_template_centered_active_ppg_residual,J.J. McCarthy,1.0,1.1803250789429918,1.0,3.5412397886491784,-2.435702112087763,0.5894710652431246,current_locked_spec_v6_v2_population_11f,model_inputs_projonly,joint_weekly_template_centered_active_ppg_residual,J.J. McCarthy,QB,13.79550627314527,0.0,1.0,1.5894710652431248,1.0,3.5412397886491784,,False,False
35d5ce2f-914c-5098-8b03-22f5a120ba0c,Kyle Allen,1.0,1.2702622547244067,1.0,3.718867161693082,-2.5683159512482705,0.6873662076103837,current_locked_spec_v6_v2_population_11f,model_inputs_projonly,joint_weekly_template_centered_active_ppg_residual,Kyle Allen,1.0,1.1803250789429918,1.0,3.5412397886491784,-2.435702112087763,0.5894710652431246,current_locked_spec_v6_v2_population_11f,model_inputs_projonly,joint_weekly_template_centered_active_ppg_residual,Kyle Allen,QB,11.995712813684065,0.0,1.0,1.5894710652431248,1.0,3.5412397886491784,,False,False
05f0c678-2fe3-59ed-b840-9de13bf87cb8,Jake Tonges,1.0,4.112559346450374,1.0,7.057567126323343,-5.764900076590213,4.7755895283620955,current_locked_spec_v6_v2_population_11f,model_inputs_projonly,joint_weekly_template_centered_active_ppg_residual,Jake Tonges,1.0,3.8294262408743425,1.0,7.157525360464599,-5.010563015046121,4.80425644031482,current_locked_spec_v6_v2_population_11f,model_inputs_projonly,joint_weekly_template_centered_active_ppg_residual,Jake Tonges,TE,4.735196689948335,0.0,1.0,5.80425644031482,1.0,7.157525360464599,,False,False
9e5335bf-091e-5a42-b460-2029010a9cea,Malik Washington,1.0,1.7449714047475005,1.0,4.184395684221936,-2.4230812394561854,2.0492804709116585,current_locked_spec_v6_v2_population_11f,model_inputs_projonly,joint_weekly_template_centered_active_ppg_residual,Malik Washington,1.0,0.9727927722718829,1.0,2.6041808178198496,-1.4643405342746019,1.0289273410582342,current_locked_spec_v6_v2_population_11f,model_inputs_projonly,joint_weekly_template_centered_active_ppg_residual,Malik Washington,WR,6.569996601991563,0.0,1.0,2.0289273410582345,1.0,2.6041808178198496,,False,False
0436eb8c-723b-502f-8cf4-571d04c42cd9,Malachi Fields,1.0,1.7449714047475005,1.0,4.184395684221936,-2.4230812394561854,2.0492804709116585,current_locked_spec_v6_v2_population_11f,model_inputs_projonly,joint_weekly_template_centered_active_ppg_residual,Malachi Fields,1.0,0.9727927722718829,1.0,2.6041808178198496,-1.4643405342746019,1.0289273410582342,current_locked_spec_v6_v2_population_11f,model_inputs_projonly,joint_weekly_template_centered_active_ppg_residual,Malachi Fields,WR,5.008763183211077,0.0,1.0,2.0289273410582345,1.0,2.6041808178198496,,False,False
79e06226-ecc0-5f69-8a91-109b9e055cde,Jordan Love,1.0,1.2702622547244067,1.0,3.718867161693082,-2.5683159512482705,0.6873662076103837,current_locked_spec_v6_v2_population_11f,model_inputs_projonly,joint_weekly_template_centered_active_ppg_residual,Jordan Love,1.0,1.1803250789429918,1.0,3.5412397886491784,-2.435702112087763,0.5894710652431246,current_locked_spec_v6_v2_population_11f,model_inputs_projonly,joint_weekly_template_centered_active_ppg_residual,Jordan Love,QB,15.826891394955405,0.0,1.0,1.5894710652431248,1.0,3.5412397886491784,,False,False
c67b8c0d-554f-56c2-9d75-e8afe640cc7f,Tommy Tremble,1.0,4.112559346450374,1.0,7.057567126323343,-5.764900076590213,4.7755895283620955,current_locked_spec_v6_v2_population_11f,model_inputs_projonly,joint_weekly_template_centered_active_ppg_residual,Tommy Tremble,1.0,3.8294262408743425,1.0,7.157525360464599,-5.010563015046121,4.80425644031482,current_locked_spec_v6_v2_population_11f,model_inputs_projonly,joint_weekly_template_centered_active_ppg_residual,Tommy Tremble,TE,3.532585444165365,0.0,1.0,5.80425644031482,1.0,7.157525360464599,,False,False
a63b9d55-d72a-5713-8f85-b42d57fd5e1e,Juwan Johnson,1.0,4.112559346450374,1.0,7.057567126323343,-5.764900076590213,4.7755895283620955,current_locked_spec_v6_v2_population_11f,model_inputs_projonly,joint_weekly_template_centered_active_ppg_residual,Juwan Johnson,1.0,3.8294262408743425,1.0,7.157525360464599,-5.010563015046121,4.80425644031482,current_locked_spec_v6_v2_population_11f,model_inputs_projonly,joint_weekly_template_centered_active_ppg_residual,Juwan Johnson,TE,7.213386224283858,0.0,1.0,5.80425644031482,1.0,7.157525360464599,0.0,False,False
b3bbe5a4-9794-5449-b472-706cdf6aa453,Nicholas Singleton,1.0,1.3749797038851541,1.0,2.79388553930439,-2.715487337659596,0.8085856433980542,current_locked_spec_v6_v2_population_11f,model_inputs_projonly,joint_weekly_template_centered_active_ppg_residual,Nicholas Singleton,1.0,1.2948691421313967,1.0,2.731433616304984,-2.6486373031567227,0.6701123081260468,current_locked_spec_v6_v2_population_11f,model_inputs_projonly,joint_weekly_template_centered_active_ppg_residual,Nicholas Singleton,RB,4.690361660320286,0.0,1.0,1.670112308126047,1.0,2.731433616304984,,False,False
0cef180b-aa62-5659-b1d5-319c45738d0f,Ollie Gordon II,1.0,1.3749797038851541,1.0,2.79388553930439,-2.715487337659596,0.8085856433980542,current_locked_spec_v6_v2_population_11f,model_inputs_projonly,joint_weekly_template_centered_active_ppg_residual,Ollie Gordon II,1.0,1.2948691421313967,1.0,2.731433616304984,-2.6486373031567227,0.6701123081260468,current_locked_spec_v6_v2_population_11f,model_inputs_projonly,joint_weekly_template_centered_active_ppg_residual,Ollie Gordon II,RB,4.124337151558334,0.0,1.0,1.670112308126047,1.0,2.731433616304984,,False,False
d9d141c9-95cf-52d2-8d99-54e3a8ca1711,Rashod Bateman,1.0,1.7449714047475005,1.0,4.184395684221936,-2.4230812394561854,2.0492804709116585,current_locked_spec_v6_v2_population_11f,model_inputs_projonly,joint_weekly_template_centered_active_ppg_residual,Rashod Bateman,1.0,0.9727927722718829,1.0,2.6041808178198496,-1.4643405342746019,1.0289273410582342,current_locked_spec_v6_v2_population_11f,model_inputs_projonly,joint_weekly_template_centered_active_ppg_residual,Rashod Bateman,WR,6.261139421480338,0.0,1.0,2.0289273410582345,1.0,2.6041808178198496,0.0,False,False
badd855e-5f90-51f8-a2f3-3108065c0064,Kimani Vidal,1.0,1.3749797038851541,1.0,2.79388553930439,-2.715487337659596,0.8085856433980542,current_locked_spec_v6_v2_population_11f,model_inputs_projonly,joint_weekly_template_centered_active_ppg_residual,Kimani Vidal,1.0,1.2948691421313967,1.0,2.731433616304984,-2.6486373031567227,0.6701123081260468,current_locked_spec_v6_v2_population_11f,model_inputs_projonly,joint_weekly_template_centered_active_ppg_residual,Kimani Vidal,RB,5.1000912789280015,0.0,1.0,1.670112308126047,1.0,2.731433616304984,,False,False
5f75f821-b099-5514-afb2-ea5f3b57c5c6,Kyle Juszczyk,1.0,1.3749797038851541,1.0,2.79388553930439,-2.715487337659596,0.8085856433980542,current_locked_spec_v6_v2_population_11f,model_inputs_projonly,joint_weekly_template_centered_active_ppg_residual,Kyle Juszczyk,1.0,1.2948691421313967,1.0,2.731433616304984,-2.6486373031567227,0.6701123081260468,current_locked_spec_v6_v2_population_11f,model_inputs_projonly,joint_weekly_template_centered_active_ppg_residual,Kyle Juszczyk,RB,3.411495282713427,0.0,1.0,1.670112308126047,1.0,2.731433616304984,,False,False
f5959afc-af84-54ed-8249-a1ca568b5515,Mitchell Tinsley,1.0,1.7449714047475005,1.0,4.184395684221936,-2.4230812394561854,2.0492804709116585,current_locked_spec_v6_v2_population_11f,model_inputs_projonly,joint_weekly_template_centered_active_ppg_residual,Mitchell Tinsley,1.0,0.9727927722718829,1.0,2.6041808178198496,-1.4643405342746019,1.0289273410582342,current_locked_spec_v6_v2_population_11f,model_inputs_projonly,joint_weekly_template_centered_active_ppg_residual,Mitchell Tinsley,WR,3.0518635219096963,0.0,1.0,2.0289273410582345,1.0,2.6041808178198496,,False,False
2f721bed-8e17-5b45-97ae-69c039387004,Tank Dell,1.0,1.7449714047475005,1.0,4.184395684221936,-2.4230812394561854,2.0492804709116585,current_locked_spec_v6_v2_population_11f,model_inputs_projonly,joint_weekly_template_centered_active_ppg_residual,Tank Dell,1.0,0.9727927722718829,1.0,2.6041808178198496,-1.4643405342746019,1.0289273410582342,current_locked_spec_v6_v2_population_11f,model_inputs_projonly,joint_weekly_template_centered_active_ppg_residual,Tank Dell,WR,6.819446665369454,0.0,1.0,2.0289273410582345,1.0,2.6041808178198496,,False,False
cd23375c-f224-5388-bda7-06939896b396,Riley Leonard,1.0,1.2702622547244067,1.0,3.718867161693082,-2.5683159512482705,0.6873662076103837,current_locked_spec_v6_v2_population_11f,model_inputs_projonly,joint_weekly_template_centered_active_ppg_residual,Riley Leonard,1.0,1.1803250789429918,1.0,3.5412397886491784,-2.435702112087763,0.5894710652431246,current_locked_spec_v6_v2_population_11f,model_inputs_projonly,joint_weekly_template_centered_active_ppg_residual,Riley Leonard,QB,11.669998977078833,0.0,1.0,1.5894710652431248,1.0,3.5412397886491784,,False,False
beb14663-23e4-58d0-9a94-53892d6a2884,Quinn Ewers,1.0,1.2702622547244067,1.0,3.718867161693082,-2.5683159512482705,0.6873662076103837,current_locked_spec_v6_v2_population_11f,model_inputs_projonly,joint_weekly_template_centered_active_ppg_residual,Quinn Ewers,1.0,1.1803250789429918,1.0,3.5412397886491784,-2.435702112087763,0.5894710652431246,current_locked_spec_v6_v2_population_11f,model_inputs_projonly,joint_weekly_template_centered_active_ppg_residual,Quinn Ewers,QB,12.208454388129036,0.0,1.0,1.5894710652431248,1.0,3.5412397886491784,,False,False
21270a48-2c80-5b91-b05c-ee7bf19df53d,Michael Penix Jr.,1.0,1.2702622547244067,1.0,3.718867161693082,-2.5683159512482705,0.6873662076103837,current_locked_spec_v6_v2_population_11f,model_inputs_projonly,joint_weekly_template_centered_active_ppg_residual,Michael Penix Jr.,1.0,1.1803250789429918,1.0,3.5412397886491784,-2.435702112087763,0.5894710652431246,current_locked_spec_v6_v2_population_11f,model_inputs_projonly,joint_weekly_template_centered_active_ppg_residual,Michael Penix Jr.,QB,12.862126682261149,0.0,1.0,1.5894710652431248,1.0,3.5412397886491784,,False,False
61d0b949-1814-527f-8b26-2b02b1e53822,Dalton Schultz,1.0,4.112559346450374,1.0,7.057567126323343,-5.764900076590213,4.7755895283620955,current_locked_spec_v6_v2_population_11f,model_inputs_projonly,joint_weekly_template_centered_active_ppg_residual,Dalton Schultz,1.0,3.8294262408743425,1.0,7.157525360464599,-5.010563015046121,4.80425644031482,current_locked_spec_v6_v2_population_11f,model_inputs_projonly,joint_weekly_template_centered_active_ppg_residual,Dalton Schultz,TE,6.8856654221489615,0.0,1.0,5.80425644031482,1.0,7.157525360464599,,False,False
2e3787a6-b1ba-5d9f-9a61-8f79048010ff,Tyler Shough,1.0,1.2702622547244067,1.0,3.718867161693082,-2.5683159512482705,0.6873662076103837,current_locked_spec_v6_v2_population_11f,model_inputs_projonly,joint_weekly_template_centered_active_ppg_residual,Tyler Shough,1.0,1.1803250789429918,1.0,3.5412397886491784,-2.435702112087763,0.5894710652431246,current_locked_spec_v6_v2_population_11f,model_inputs_projonly,joint_weekly_template_centered_active_ppg_residual,Tyler Shough,QB,15.427996289803628,0.0,1.0,1.5894710652431248,1.0,3.5412397886491784,0.0,False,False
20d64dc9-bab5-5c79-a77e-7f89e8ab71fd,Josh Oliver,1.0,4.112559346450374,1.0,7.057567126323343,-5.764900076590213,4.7755895283620955,current_locked_spec_v6_v2_population_11f,model_inputs_projonly,joint_weekly_template_centered_active_ppg_residual,Josh Oliver,1.0,3.8294262408743425,1.0,7.157525360464599,-5.010563015046121,4.80425644031482,current_locked_spec_v6_v2_population_11f,model_inputs_projonly,joint_weekly_template_centered_active_ppg_residual,Josh Oliver,TE,3.711996630213252,0.0,1.0,5.80425644031482,1.0,7.157525360464599,,False,False
1a3572a5-079d-5862-ba66-3b32e370397c,Dawson Knox,1.0,4.112559346450374,1.0,7.057567126323343,-5.764900076590213,4.7755895283620955,current_locked_spec_v6_v2_population_11f,model_inputs_projonly,joint_weekly_template_centered_active_ppg_residual,Dawson Knox,1.0,3.8294262408743425,1.0,7.157525360464599,-5.010563015046121,4.80425644031482,current_locked_spec_v6_v2_population_11f,model_inputs_projonly,joint_weekly_template_centered_active_ppg_residual,Dawson Knox,TE,4.5054722138478995,0.0,1.0,5.80425644031482,1.0,7.157525360464599,,False,False
09ce39f6-1e27-5e3e-9a08-040ab263184f,Elijah Arroyo,1.0,4.112559346450374,1.0,7.057567126323343,-5.764900076590213,4.7755895283620955,current_locked_spec_v6_v2_population_11f,model_inputs_projonly,joint_weekly_template_centered_active_ppg_residual,Elijah Arroyo,1.0,3.8294262408743425,1.0,7.157525360464599,-5.010563015046121,4.80425644031482,current_locked_spec_v6_v2_population_11f,model_inputs_projonly,joint_weekly_template_centered_active_ppg_residual,Elijah Arroyo,TE,4.029578552205694,0.0,1.0,5.80425644031482,1.0,7.157525360464599,,False,False
88a768ba-296c-5c4d-bfed-6fdbe1425b62,Pat Bryant,1.0,1.7449714047475005,1.0,4.184395684221936,-2.4230812394561854,2.0492804709116585,current_locked_spec_v6_v2_population_11f,model_inputs_projonly,joint_weekly_template_centered_active_ppg_residual,Pat Bryant,1.0,0.9727927722718829,1.0,2.6041808178198496,-1.4643405342746019,1.0289273410582342,current_locked_spec_v6_v2_population_11f,model_inputs_projonly,joint_weekly_template_centered_active_ppg_residual,Pat Bryant,WR,5.489120294686693,0.0,1.0,2.0289273410582345,1.0,2.6041808178198496,,False,False
fd34090b-2e7a-5aa6-b044-971a40e2d86f,Kendre Miller,1.0,1.3749797038851541,1.0,2.79388553930439,-2.715487337659596,0.8085856433980542,current_locked_spec_v6_v2_population_11f,model_inputs_projonly,joint_weekly_template_centered_active_ppg_residual,Kendre Miller,1.0,1.2948691421313967,1.0,2.731433616304984,-2.6486373031567227,0.6701123081260468,current_locked_spec_v6_v2_population_11f,model_inputs_projonly,joint_weekly_template_centered_active_ppg_residual,Kendre Miller,RB,4.305003773183132,0.0,1.0,1.670112308126047,1.0,2.731433616304984,,False,False
e71a1290-d2df-5e35-8903-0366b36e8191,Kaleb Johnson,1.0,1.3749797038851541,1.0,2.79388553930439,-2.715487337659596,0.8085856433980542,current_locked_spec_v6_v2_population_11f,model_inputs_projonly,joint_weekly_template_centered_active_ppg_residual,Kaleb Johnson,1.0,1.2948691421313967,1.0,2.731433616304984,-2.6486373031567227,0.6701123081260468,current_locked_spec_v6_v2_population_11f,model_inputs_projonly,joint_weekly_template_centered_active_ppg_residual,Kaleb Johnson,RB,4.057851517560017,0.0,1.0,1.670112308126047,1.0,2.731433616304984,,False,False
52670c2a-a7b5-5b0a-98d1-d33b68ce8561,Kaytron Allen,1.0,1.3749797038851541,1.0,2.79388553930439,-2.715487337659596,0.8085856433980542,current_locked_spec_v6_v2_population_11f,model_inputs_projonly,joint_weekly_template_centered_active_ppg_residual,Kaytron Allen,1.0,1.2948691421313967,1.0,2.731433616304984,-2.6486373031567227,0.6701123081260468,current_locked_spec_v6_v2_population_11f,model_inputs_projonly,joint_weekly_template_centered_active_ppg_residual,Kaytron Allen,RB,4.373706297820007,0.0,1.0,1.670112308126047,1.0,2.731433616304984,,False,False
c0e36bab-0b9c-5ccc-952d-f89537c00441,Kaelon Black,1.0,1.3749797038851541,1.0,2.79388553930439,-2.715487337659596,0.8085856433980542,current_locked_spec_v6_v2_population_11f,model_inputs_projonly,joint_weekly_template_centered_active_ppg_residual,Kaelon Black,1.0,1.2948691421313967,1.0,2.731433616304984,-2.6486373031567227,0.6701123081260468,current_locked_spec_v6_v2_population_11f,model_inputs_projonly,joint_weekly_template_centered_active_ppg_residual,Kaelon Black,RB,4.9439625703995755,0.0,1.0,1.670112308126047,1.0,2.731433616304984,,False,False
0166d0f0-3b26-516c-8ee4-eb89adfdbfde,Justice Hill,1.0,1.3749797038851541,1.0,2.79388553930439,-2.715487337659596,0.8085856433980542,current_locked_spec_v6_v2_population_11f,model_inputs_projonly,joint_weekly_template_centered_active_ppg_residual,Justice Hill,1.0,1.2948691421313967,1.0,2.731433616304984,-2.6486373031567227,0.6701123081260468,current_locked_spec_v6_v2_population_11f,model_inputs_projonly,joint_weekly_template_centered_active_ppg_residual,Justice Hill,RB,6.190986810843406,0.0,1.0,1.670112308126047,1.0,2.731433616304984,,False,False
7ef7e954-1b6d-5399-b9e8-7abb6845b224,Jordan James,1.0,1.3749797038851541,1.0,2.79388553930439,-2.715487337659596,0.8085856433980542,current_locked_spec_v6_v2_population_11f,model_inputs_projonly,joint_weekly_template_centered_active_ppg_residual,Jordan James,1.0,1.2948691421313967,1.0,2.731433616304984,-2.6486373031567227,0.6701123081260468,current_locked_spec_v6_v2_population_11f,model_inputs_projonly,joint_weekly_template_centered_active_ppg_residual,Jordan James,RB,4.5349150212108595,0.0,1.0,1.670112308126047,1.0,2.731433616304984,,False,False
7985a604-6b63-5388-a36a-edfb2c2d357f,Ryan Flournoy,1.0,1.7449714047475005,1.0,4.184395684221936,-2.4230812394561854,2.0492804709116585,current_locked_spec_v6_v2_population_11f,model_inputs_projonly,joint_weekly_template_centered_active_ppg_residual,Ryan Flournoy,1.0,0.9727927722718829,1.0,2.6041808178198496,-1.4643405342746019,1.0289273410582342,current_locked_spec_v6_v2_population_11f,model_inputs_projonly,joint_weekly_template_centered_active_ppg_residual,Ryan Flournoy,WR,6.314581952458638,0.0,1.0,2.0289273410582345,1.0,2.6041808178198496,,False,False
ce246c60-9a12-5a83-8052-e4af200c2a16,Roman Wilson,1.0,1.7449714047475005,1.0,4.184395684221936,-2.4230812394561854,2.0492804709116585,current_locked_spec_v6_v2_population_11f,model_inputs_projonly,joint_weekly_template_centered_active_ppg_residual,Roman Wilson,1.0,0.9727927722718829,1.0,2.6041808178198496,-1.4643405342746019,1.0289273410582342,current_locked_spec_v6_v2_population_11f,model_inputs_projonly,joint_weekly_template_centered_active_ppg_residual,Roman Wilson,WR,4.378518449036491,0.0,1.0,2.0289273410582345,1.0,2.6041808178198496,,False,False
037357cd-607e-5ea4-acae-111ec15d5d83,Jonah Coleman,1.0,1.3749797038851541,1.0,2.79388553930439,-2.715487337659596,0.8085856433980542,current_locked_spec_v6_v2_population_11f,model_inputs_projonly,joint_weekly_template_centered_active_ppg_residual,Jonah Coleman,1.0,1.2948691421313967,1.0,2.731433616304984,-2.6486373031567227,0.6701123081260468,current_locked_spec_v6_v2_population_11f,model_inputs_projonly,joint_weekly_template_centered_active_ppg_residual,Jonah Coleman,RB,5.910717594903794,0.0,1.0,1.670112308126047,1.0,2.731433616304984,0.0,False,False
54396624-3b3a-59c2-ab16-6bdb35f17da8,Tai Felton,1.0,1.7449714047475005,1.0,4.184395684221936,-2.4230812394561854,2.0492804709116585,current_locked_spec_v6_v2_population_11f,model_inputs_projonly,joint_weekly_template_centered_active_ppg_residual,Tai Felton,1.0,0.9727927722718829,1.0,2.6041808178198496,-1.4643405342746019,1.0289273410582342,current_locked_spec_v6_v2_population_11f,model_inputs_projonly,joint_weekly_template_centered_active_ppg_residual,Tai Felton,WR,3.286529535782657,0.0,1.0,2.0289273410582345,1.0,2.6041808178198496,,False,False
3c58072a-0321-530d-a584-ee0ef902d169,Savion Williams,1.0,1.7449714047475005,1.0,4.184395684221936,-2.4230812394561854,2.0492804709116585,current_locked_spec_v6_v2_population_11f,model_inputs_projonly,joint_weekly_template_centered_active_ppg_residual,Savion Williams,1.0,0.9727927722718829,1.0,2.6041808178198496,-1.4643405342746019,1.0289273410582342,current_locked_spec_v6_v2_population_11f,model_inputs_projonly,joint_weekly_template_centered_active_ppg_residual,Savion Williams,WR,3.746457489126121,0.0,1.0,2.0289273410582345,1.0,2.6041808178198496,,False,False
c5e3e9a4-cc91-5fc7-83f6-2367cbd3793b,Brandon Aiyuk,1.0,1.7449714047475005,1.0,4.184395684221936,-2.4230812394561854,2.0492804709116585,current_locked_spec_v6_v2_population_11f,model_inputs_projonly,joint_weekly_template_centered_active_ppg_residual,Brandon Aiyuk,1.0,0.9727927722718829,1.0,2.6041808178198496,-1.4643405342746019,1.0289273410582342,current_locked_spec_v6_v2_population_11f,model_inputs_projonly,joint_weekly_template_centered_active_ppg_residual,Brandon Aiyuk,WR,4.835594537494242,0.0,1.0,2.0289273410582345,1.0,2.6041808178198496,,False,False
abfaa351-4b53-5eaa-a304-9825243dc5cc,Tua Tagovailoa,1.0,1.2702622547244067,1.0,3.718867161693082,-2.5683159512482705,0.6873662076103837,current_locked_spec_v6_v2_population_11f,model_inputs_projonly,joint_weekly_template_centered_active_ppg_residual,Tua Tagovailoa,1.0,1.1803250789429918,1.0,3.5412397886491784,-2.435702112087763,0.5894710652431246,current_locked_spec_v6_v2_population_11f,model_inputs_projonly,joint_weekly_template_centered_active_ppg_residual,Tua Tagovailoa,QB,13.305786841305158,0.0,1.0,1.5894710652431248,1.0,3.5412397886491784,,False,False
444c96a9-dd23-5918-b283-37b9ce8ded40,Shedeur Sanders,1.0,1.2702622547244067,1.0,3.718867161693082,-2.5683159512482705,0.6873662076103837,current_locked_spec_v6_v2_population_11f,model_inputs_projonly,joint_weekly_template_centered_active_ppg_residual,Shedeur Sanders,1.0,1.1803250789429918,1.0,3.5412397886491784,-2.435702112087763,0.5894710652431246,current_locked_spec_v6_v2_population_11f,model_inputs_projonly,joint_weekly_template_centered_active_ppg_residual,Shedeur Sanders,QB,11.789308009972055,0.0,1.0,1.5894710652431248,1.0,3.5412397886491784,,False,False
bfd0744c-5599-5c9a-a252-b1e6b4485153,David Njoku,1.0,4.112559346450374,1.0,7.057567126323343,-5.764900076590213,4.7755895283620955,current_locked_spec_v6_v2_population_11f,model_inputs_projonly,joint_weekly_template_centered_active_ppg_residual,David Njoku,1.0,3.8294262408743425,1.0,7.157525360464599,-5.010563015046121,4.80425644031482,current_locked_spec_v6_v2_population_11f,model_inputs_projonly,joint_weekly_template_centered_active_ppg_residual,David Njoku,TE,5.256905255000347,0.0,1.0,5.80425644031482,1.0,7.157525360464599,,False,False
f5b40ea8-4588-518a-a051-ee6486351f07,Caleb Douglas,1.0,1.7449714047475005,1.0,4.184395684221936,-2.4230812394561854,2.0492804709116585,current_locked_spec_v6_v2_population_11f,model_inputs_projonly,joint_weekly_template_centered_active_ppg_residual,Caleb Douglas,1.0,0.9727927722718829,1.0,2.6041808178198496,-1.4643405342746019,1.0289273410582342,current_locked_spec_v6_v2_population_11f,model_inputs_projonly,joint_weekly_template_centered_active_ppg_residual,Caleb Douglas,WR,6.302027753669129,0.0,1.0,2.0289273410582345,1.0,2.6041808178198496,0.0,False,False
d9cf6e45-7558-5c7c-9ecb-60a6b637f864,Calvin Austin III,1.0,1.7449714047475005,1.0,4.184395684221936,-2.4230812394561854,2.0492804709116585,current_locked_spec_v6_v2_population_11f,model_inputs_projonly,joint_weekly_template_centered_active_ppg_residual,Calvin Austin III,1.0,0.9727927722718829,1.0,2.6041808178198496,-1.4643405342746019,1.0289273410582342,current_locked_spec_v6_v2_population_11f,model_inputs_projonly,joint_weekly_template_centered_active_ppg_residual,Calvin Austin III,WR,3.747093474077735,0.0,1.0,2.0289273410582345,1.0,2.6041808178198496,,False,False
f8a96beb-1229-52d6-a202-418d45d258d5,Josh Palmer,1.0,1.7449714047475005,1.0,4.184395684221936,-2.4230812394561854,2.0492804709116585,current_locked_spec_v6_v2_population_11f,model_inputs_projonly,joint_weekly_template_centered_active_ppg_residual,Josh Palmer,1.0,0.9727927722718829,1.0,2.6041808178198496,-1.4643405342746019,1.0289273410582342,current_locked_spec_v6_v2_population_11f,model_inputs_projonly,joint_weekly_template_centered_active_ppg_residual,Josh Palmer,WR,4.557277458595192,0.0,1.0,2.0289273410582345,1.0,2.6041808178198496,,False,False
ab838654-7269-5096-8383-8d4761716bba,Will Howard,1.0,1.2702622547244067,1.0,3.718867161693082,-2.5683159512482705,0.6873662076103837,current_locked_spec_v6_v2_population_11f,model_inputs_projonly,joint_weekly_template_centered_active_ppg_residual,Will Howard,1.0,1.1803250789429918,1.0,3.5412397886491784,-2.435702112087763,0.5894710652431246,current_locked_spec_v6_v2_population_11f,model_inputs_projonly,joint_weekly_template_centered_active_ppg_residual,Will Howard,QB,11.314960636977169,0.0,1.0,1.5894710652431248,1.0,3.5412397886491784,,False,False
4e8d8218-4773-5457-9166-7f6a4f46f029,Jalen Tolbert,1.0,1.7449714047475005,1.0,4.184395684221936,-2.4230812394561854,2.0492804709116585,current_locked_spec_v6_v2_population_11f,model_inputs_projonly,joint_weekly_template_centered_active_ppg_residual,Jalen Tolbert,1.0,0.9727927722718829,1.0,2.6041808178198496,-1.4643405342746019,1.0289273410582342,current_locked_spec_v6_v2_population_11f,model_inputs_projonly,joint_weekly_template_centered_active_ppg_residual,Jalen Tolbert,WR,4.469921226857433,0.0,1.0,2.0289273410582345,1.0,2.6041808178198496,,False,False
0e029f6b-b119-5b84-a31f-ff4b7c9e319e,Tyson Bagent,1.0,1.2702622547244067,1.0,3.718867161693082,-2.5683159512482705,0.6873662076103837,current_locked_spec_v6_v2_population_11f,model_inputs_projonly,joint_weekly_template_centered_active_ppg_residual,Tyson Bagent,1.0,1.1803250789429918,1.0,3.5412397886491784,-2.435702112087763,0.5894710652431246,current_locked_spec_v6_v2_population_11f,model_inputs_projonly,joint_weekly_template_centered_active_ppg_residual,Tyson Bagent,QB,12.256885160572638,0.0,1.0,1.5894710652431248,1.0,3.5412397886491784,,False,False
74a040f9-d7fa-5d7f-b1db-635f481002ea,Tyrod Taylor,1.0,1.2702622547244067,1.0,3.718867161693082,-2.5683159512482705,0.6873662076103837,current_locked_spec_v6_v2_population_11f,model_inputs_projonly,joint_weekly_template_centered_active_ppg_residual,Tyrod Taylor,1.0,1.1803250789429918,1.0,3.5412397886491784,-2.435702112087763,0.5894710652431246,current_locked_spec_v6_v2_population_11f,model_inputs_projonly,joint_weekly_template_centered_active_ppg_residual,Tyrod Taylor,QB,11.800985270174797,0.0,1.0,1.5894710652431248,1.0,3.5412397886491784,,False,False
7b124555-7277-55eb-9dbe-e5c92cc500b8,Evan Engram,1.0,4.112559346450374,1.0,7.057567126323343,-5.764900076590213,4.7755895283620955,current_locked_spec_v6_v2_population_11f,model_inputs_projonly,joint_weekly_template_centered_active_ppg_residual,Evan Engram,1.0,3.8294262408743425,1.0,7.157525360464599,-5.010563015046121,4.80425644031482,current_locked_spec_v6_v2_population_11f,model_inputs_projonly,joint_weekly_template_centered_active_ppg_residual,Evan Engram,TE,5.53269219845095,0.0,1.0,5.80425644031482,1.0,7.157525360464599,,False,False
1098598a-3949-567e-9c62-23117bc73694,Devontez Walker,1.0,1.7449714047475005,1.0,4.184395684221936,-2.4230812394561854,2.0492804709116585,current_locked_spec_v6_v2_population_11f,model_inputs_projonly,joint_weekly_template_centered_active_ppg_residual,Devontez Walker,1.0,0.9727927722718829,1.0,2.6041808178198496,-1.4643405342746019,1.0289273410582342,current_locked_spec_v6_v2_population_11f,model_inputs_projonly,joint_weekly_template_centered_active_ppg_residual,Devontez Walker,WR,4.113418391322705,0.0,1.0,2.0289273410582345,1.0,2.6041808178198496,,False,False
815d1758-c720-5b24-a05b-7cb2caa7c8ed,Jalen McMillan,1.0,1.7449714047475005,1.0,4.184395684221936,-2.4230812394561854,2.0492804709116585,current_locked_spec_v6_v2_population_11f,model_inputs_projonly,joint_weekly_template_centered_active_ppg_residual,Jalen McMillan,1.0,0.9727927722718829,1.0,2.6041808178198496,-1.4643405342746019,1.0289273410582342,current_locked_spec_v6_v2_population_11f,model_inputs_projonly,joint_weekly_template_centered_active_ppg_residual,Jalen McMillan,WR,7.085251379610196,0.0,1.0,2.0289273410582345,1.0,2.6041808178198496,,False,False
d82ae6d6-8d2a-5517-b2cb-37189109af68,Jalen Nailor,1.0,1.7449714047475005,1.0,4.184395684221936,-2.4230812394561854,2.0492804709116585,current_locked_spec_v6_v2_population_11f,model_inputs_projonly,joint_weekly_template_centered_active_ppg_residual,Jalen Nailor,1.0,0.9727927722718829,1.0,2.6041808178198496,-1.4643405342746019,1.0289273410582342,current_locked_spec_v6_v2_population_11f,model_inputs_projonly,joint_weekly_template_centered_active_ppg_residual,Jalen Nailor,WR,6.581314165616342,0.0,1.0,2.0289273410582345,1.0,2.6041808178198496,0.0,False,False
72b2f3f3-b839-5cac-8e3c-3619f6ec239b,Christian Kirk,1.0,1.7449714047475005,1.0,4.184395684221936,-2.4230812394561854,2.0492804709116585,current_locked_spec_v6_v2_population_11f,model_inputs_projonly,joint_weekly_template_centered_active_ppg_residual,Christian Kirk,1.0,0.9727927722718829,1.0,2.6041808178198496,-1.4643405342746019,1.0289273410582342,current_locked_spec_v6_v2_population_11f,model_inputs_projonly,joint_weekly_template_centered_active_ppg_residual,Christian Kirk,WR,4.949152774838523,0.0,1.0,2.0289273410582345,1.0,2.6041808178198496,,False,False
01a8cb20-3790-541b-9b24-722ba60aa5a1,Chimere Dike,1.0,1.7449714047475005,1.0,4.184395684221936,-2.4230812394561854,2.0492804709116585,current_locked_spec_v6_v2_population_11f,model_inputs_projonly,joint_weekly_template_centered_active_ppg_residual,Chimere Dike,1.0,0.9727927722718829,1.0,2.6041808178198496,-1.4643405342746019,1.0289273410582342,current_locked_spec_v6_v2_population_11f,model_inputs_projonly,joint_weekly_template_centered_active_ppg_residual,Chimere Dike,WR,4.690126175038951,0.0,1.0,2.0289273410582345,1.0,2.6041808178198496,,False,False
ebfd08e8-ef59-5444-a972-78390e0d0b5d,Jeremy McNichols,1.0,1.3749797038851541,1.0,2.79388553930439,-2.715487337659596,0.8085856433980542,current_locked_spec_v6_v2_population_11f,model_inputs_projonly,joint_weekly_template_centered_active_ppg_residual,Jeremy McNichols,1.0,1.2948691421313967,1.0,2.731433616304984,-2.6486373031567227,0.6701123081260468,current_locked_spec_v6_v2_population_11f,model_inputs_projonly,joint_weekly_template_centered_active_ppg_residual,Jeremy McNichols,RB,3.8107276078835235,0.0,1.0,1.670112308126047,1.0,2.731433616304984,,False,False
a5ec6a3e-8cba-549c-ac03-00385e0c4848,Jaylen Wright,1.0,1.3749797038851541,1.0,2.79388553930439,-2.715487337659596,0.8085856433980542,current_locked_spec_v6_v2_population_11f,model_inputs_projonly,joint_weekly_template_centered_active_ppg_residual,Jaylen Wright,1.0,1.2948691421313967,1.0,2.731433616304984,-2.6486373031567227,0.6701123081260468,current_locked_spec_v6_v2_population_11f,model_inputs_projonly,joint_weekly_template_centered_active_ppg_residual,Jaylen Wright,RB,4.762399610463134,0.0,1.0,1.670112308126047,1.0,2.731433616304984,,False,False
ad6f00c4-5188-5b5f-91cf-af7806e1c3af,Jaydon Blue,1.0,1.3749797038851541,1.0,2.79388553930439,-2.715487337659596,0.8085856433980542,current_locked_spec_v6_v2_population_11f,model_inputs_projonly,joint_weekly_template_centered_active_ppg_residual,Jaydon Blue,1.0,1.2948691421313967,1.0,2.731433616304984,-2.6486373031567227,0.6701123081260468,current_locked_spec_v6_v2_population_11f,model_inputs_projonly,joint_weekly_template_centered_active_ppg_residual,Jaydon Blue,RB,5.243615998584551,0.0,1.0,1.670112308126047,1.0,2.731433616304984,,False,False
819ebb40-1f77-53ee-b62a-d07207926eb0,Jawhar Jordan,1.0,1.3749797038851541,1.0,2.79388553930439,-2.715487337659596,0.8085856433980542,current_locked_spec_v6_v2_population_11f,model_inputs_projonly,joint_weekly_template_centered_active_ppg_residual,Jawhar Jordan,1.0,1.2948691421313967,1.0,2.731433616304984,-2.6486373031567227,0.6701123081260468,current_locked_spec_v6_v2_population_11f,model_inputs_projonly,joint_weekly_template_centered_active_ppg_residual,Jawhar Jordan,RB,3.623772821466572,0.0,1.0,1.670112308126047,1.0,2.731433616304984,,False,False
68a8b38b-fadc-5a25-95a2-699a94e5f913,Javonte Williams,17.0,0.1,17.0,17.0,0.0,0.0,current_locked_spec_v6_v2_population_11f,model_inputs_projonly,joint_weekly_template_centered_active_ppg_residual,Javonte Williams,17.0,0.1,17.0,17.0,0.0,0.0,current_locked_spec_v6_v2_population_11f,model_inputs_projonly,joint_weekly_template_centered_active_ppg_residual,Javonte Williams,RB,13.64269256390377,0.0,17.0,17.0,17.0,17.0,46.0,True,True
c52fd5b1-43fe-54b2-8bc3-f59cff441066,James Cook,67.0,0.1,67.0,67.0,0.0,0.0,current_locked_spec_v6_v2_population_11f,model_inputs_projonly,joint_weekly_template_centered_active_ppg_residual,James Cook,67.0,0.1,67.0,67.0,0.0,0.0,current_locked_spec_v6_v2_population_11f,model_inputs_projonly,joint_weekly_template_centered_active_ppg_residual,James Cook,RB,15.793130062092523,0.0,67.0,67.0,67.0,67.0,81.0,True,True
c6c34bd1-90df-5391-9ca7-feee264df37d,James Conner,1.0,1.3749797038851541,1.0,2.79388553930439,-2.715487337659596,0.8085856433980542,current_locked_spec_v6_v2_population_11f,model_inputs_projonly,joint_weekly_template_centered_active_ppg_residual,James Conner,1.0,1.2948691421313967,1.0,2.731433616304984,-2.6486373031567227,0.6701123081260468,current_locked_spec_v6_v2_population_11f,model_inputs_projonly,joint_weekly_template_centered_active_ppg_residual,James Conner,RB,5.062139511242633,0.0,1.0,1.670112308126047,1.0,2.731433616304984,,False,False
15697d5e-11eb-5a6b-9192-3d3affa1dbfc,Tory Horton,1.0,1.7449714047475005,1.0,4.184395684221936,-2.4230812394561854,2.0492804709116585,current_locked_spec_v6_v2_population_11f,model_inputs_projonly,joint_weekly_template_centered_active_ppg_residual,Tory Horton,1.0,0.9727927722718829,1.0,2.6041808178198496,-1.4643405342746019,1.0289273410582342,current_locked_spec_v6_v2_population_11f,model_inputs_projonly,joint_weekly_template_centered_active_ppg_residual,Tory Horton,WR,4.81572962590914,0.0,1.0,2.0289273410582345,1.0,2.6041808178198496,,False,False
8992cee1-a7a1-5f70-8e5c-03c285e4cc2f,Tez Johnson,1.0,1.7449714047475005,1.0,4.184395684221936,-2.4230812394561854,2.0492804709116585,current_locked_spec_v6_v2_population_11f,model_inputs_projonly,joint_weekly_template_centered_active_ppg_residual,Tez Johnson,1.0,0.9727927722718829,1.0,2.6041808178198496,-1.4643405342746019,1.0289273410582342,current_locked_spec_v6_v2_population_11f,model_inputs_projonly,joint_weekly_template_centered_active_ppg_residual,Tez Johnson,WR,3.566755636328923,0.0,1.0,2.0289273410582345,1.0,2.6041808178198496,,False,False
8b2b29e1-0738-59f3-a0de-e71006128996,Isaiah Davis,1.0,1.3749797038851541,1.0,2.79388553930439,-2.715487337659596,0.8085856433980542,current_locked_spec_v6_v2_population_11f,model_inputs_projonly,joint_weekly_template_centered_active_ppg_residual,Isaiah Davis,1.0,1.2948691421313967,1.0,2.731433616304984,-2.6486373031567227,0.6701123081260468,current_locked_spec_v6_v2_population_11f,model_inputs_projonly,joint_weekly_template_centered_active_ppg_residual,Isaiah Davis,RB,4.029776696210478,0.0,1.0,1.670112308126047,1.0,2.731433616304984,,False,False
263cbee6-3271-50f7-8ef9-088c75c672ba,George Holani,1.0,1.3749797038851541,1.0,2.79388553930439,-2.715487337659596,0.8085856433980542,current_locked_spec_v6_v2_population_11f,model_inputs_projonly,joint_weekly_template_centered_active_ppg_residual,George Holani,1.0,1.2948691421313967,1.0,2.731433616304984,-2.6486373031567227,0.6701123081260468,current_locked_spec_v6_v2_population_11f,model_inputs_projonly,joint_weekly_template_centered_active_ppg_residual,George Holani,RB,4.695148736857159,0.0,1.0,1.670112308126047,1.0,2.731433616304984,,False,False
8f256c5f-b270-54c5-834b-7a129b5b53b6,Jordan Whittington,1.0,1.7449714047475005,1.0,4.184395684221936,-2.4230812394561854,2.0492804709116585,current_locked_spec_v6_v2_population_11f,model_inputs_projonly,joint_weekly_template_centered_active_ppg_residual,Jordan Whittington,1.0,0.9727927722718829,1.0,2.6041808178198496,-1.4643405342746019,1.0289273410582342,current_locked_spec_v6_v2_population_11f,model_inputs_projonly,joint_weekly_template_centered_active_ppg_residual,Jordan Whittington,WR,3.3473438370619064,0.0,1.0,2.0289273410582345,1.0,2.6041808178198496,,False,False
170e2e23-3c82-5154-86f3-e383f9f4ee0b,Jerry Jeudy,1.0,1.7449714047475005,1.0,4.184395684221936,-2.4230812394561854,2.0492804709116585,current_locked_spec_v6_v2_population_11f,model_inputs_projonly,joint_weekly_template_centered_active_ppg_residual,Jerry Jeudy,1.0,0.9727927722718829,1.0,2.6041808178198496,-1.4643405342746019,1.0289273410582342,current_locked_spec_v6_v2_population_11f,model_inputs_projonly,joint_weekly_template_centered_active_ppg_residual,Jerry Jeudy,WR,6.765121356602407,0.0,1.0,2.0289273410582345,1.0,2.6041808178198496,0.0,False,False
a1feaa71-a8f7-5a3f-9346-108bac317ca3,Jaylin Noel,1.0,1.7449714047475005,1.0,4.184395684221936,-2.4230812394561854,2.0492804709116585,current_locked_spec_v6_v2_population_11f,model_inputs_projonly,joint_weekly_template_centered_active_ppg_residual,Jaylin Noel,1.0,0.9727927722718829,1.0,2.6041808178198496,-1.4643405342746019,1.0289273410582342,current_locked_spec_v6_v2_population_11f,model_inputs_projonly,joint_weekly_template_centered_active_ppg_residual,Jaylin Noel,WR,6.123181905981403,0.0,1.0,2.0289273410582345,1.0,2.6041808178198496,0.0,False,False
02296688-4ead-509e-bd03-467e6221d8dc,Devin Duvernay,1.0,1.7449714047475005,1.0,4.184395684221936,-2.4230812394561854,2.0492804709116585,current_locked_spec_v6_v2_population_11f,model_inputs_projonly,joint_weekly_template_centered_active_ppg_residual,Devin Duvernay,1.0,0.9727927722718829,1.0,2.6041808178198496,-1.4643405342746019,1.0289273410582342,current_locked_spec_v6_v2_population_11f,model_inputs_projonly,joint_weekly_template_centered_active_ppg_residual,Devin Duvernay,WR,3.2100130079617295,0.0,1.0,2.0289273410582345,1.0,2.6041808178198496,,False,False
c1086e38-7579-5440-843c-5fca247378ae,Calvin Ridley,1.0,1.7449714047475005,1.0,4.184395684221936,-2.4230812394561854,2.0492804709116585,current_locked_spec_v6_v2_population_11f,model_inputs_projonly,joint_weekly_template_centered_active_ppg_residual,Calvin Ridley,1.0,0.9727927722718829,1.0,2.6041808178198496,-1.4643405342746019,1.0289273410582342,current_locked_spec_v6_v2_population_11f,model_inputs_projonly,joint_weekly_template_centered_active_ppg_residual,Calvin Ridley,WR,6.374887913675695,0.0,1.0,2.0289273410582345,1.0,2.6041808178198496,0.0,False,False
58ed66c2-a49e-5fcb-9677-c0abf43b81b8,Antonio Williams,1.0,1.7449714047475005,1.0,4.184395684221936,-2.4230812394561854,2.0492804709116585,current_locked_spec_v6_v2_population_11f,model_inputs_projonly,joint_weekly_template_centered_active_ppg_residual,Antonio Williams,1.0,0.9727927722718829,1.0,2.6041808178198496,-1.4643405342746019,1.0289273410582342,current_locked_spec_v6_v2_population_11f,model_inputs_projonly,joint_weekly_template_centered_active_ppg_residual,Antonio Williams,WR,5.478894173557755,0.0,1.0,2.0289273410582345,1.0,2.6041808178198496,,False,False
a0971c9e-35b5-59fd-b5c7-2a46c8577931,Andrei Iosivas,1.0,1.7449714047475005,1.0,4.184395684221936,-2.4230812394561854,2.0492804709116585,current_locked_spec_v6_v2_population_11f,model_inputs_projonly,joint_weekly_template_centered_active_ppg_residual,Andrei Iosivas,1.0,0.9727927722718829,1.0,2.6041808178198496,-1.4643405342746019,1.0289273410582342,current_locked_spec_v6_v2_population_11f,model_inputs_projonly,joint_weekly_template_centered_active_ppg_residual,Andrei Iosivas,WR,4.874526754387653,0.0,1.0,2.0289273410582345,1.0,2.6041808178198496,,False,False
9253375f-b718-5d18-a6ae-2dfe39cf7cb8,Sam Darnold,1.0,1.2702622547244067,1.0,3.718867161693082,-2.5683159512482705,0.6873662076103837,current_locked_spec_v6_v2_population_11f,model_inputs_projonly,joint_weekly_template_centered_active_ppg_residual,Sam Darnold,1.0,1.1803250789429918,1.0,3.5412397886491784,-2.435702112087763,0.5894710652431246,current_locked_spec_v6_v2_population_11f,model_inputs_projonly,joint_weekly_template_centered_active_ppg_residual,Sam Darnold,QB,15.080481362371074,0.0,1.0,1.5894710652431248,1.0,3.5412397886491784,,False,False
25543ffd-c3ff-5e3a-819d-21687a031f90,Charlie Kolar,1.0,4.112559346450374,1.0,7.057567126323343,-5.764900076590213,4.7755895283620955,current_locked_spec_v6_v2_population_11f,model_inputs_projonly,joint_weekly_template_centered_active_ppg_residual,Charlie Kolar,1.0,3.8294262408743425,1.0,7.157525360464599,-5.010563015046121,4.80425644031482,current_locked_spec_v6_v2_population_11f,model_inputs_projonly,joint_weekly_template_centered_active_ppg_residual,Charlie Kolar,TE,3.8555966997297233,0.0,1.0,5.80425644031482,1.0,7.157525360464599,,False,False
1344d63c-9c12-55bc-8522-23f8526d15b3,Chig Okonkwo,1.0,4.112559346450374,1.0,7.057567126323343,-5.764900076590213,4.7755895283620955,current_locked_spec_v6_v2_population_11f,model_inputs_projonly,joint_weekly_template_centered_active_ppg_residual,Chig Okonkwo,1.0,3.8294262408743425,1.0,7.157525360464599,-5.010563015046121,4.80425644031482,current_locked_spec_v6_v2_population_11f,model_inputs_projonly,joint_weekly_template_centered_active_ppg_residual,Chig Okonkwo,TE,6.581014303641389,0.0,1.0,5.80425644031482,1.0,7.157525360464599,,False,False
547b7d52-0442-5528-815d-0259b84ed30d,DeMario Douglas,1.0,1.7449714047475005,1.0,4.184395684221936,-2.4230812394561854,2.0492804709116585,current_locked_spec_v6_v2_population_11f,model_inputs_projonly,joint_weekly_template_centered_active_ppg_residual,DeMario Douglas,1.0,0.9727927722718829,1.0,2.6041808178198496,-1.4643405342746019,1.0289273410582342,current_locked_spec_v6_v2_population_11f,model_inputs_projonly,joint_weekly_template_centered_active_ppg_residual,DeMario Douglas,WR,4.5294169368056,0.0,1.0,2.0289273410582345,1.0,2.6041808178198496,,False,False
e1ec8db7-77f7-52da-a6a4-e1fda09e11d7,Devaughn Vele,1.0,1.7449714047475005,1.0,4.184395684221936,-2.4230812394561854,2.0492804709116585,current_locked_spec_v6_v2_population_11f,model_inputs_projonly,joint_weekly_template_centered_active_ppg_residual,Devaughn Vele,1.0,0.9727927722718829,1.0,2.6041808178198496,-1.4643405342746019,1.0289273410582342,current_locked_spec_v6_v2_population_11f,model_inputs_projonly,joint_weekly_template_centered_active_ppg_residual,Devaughn Vele,WR,5.908509021706266,0.0,1.0,2.0289273410582345,1.0,2.6041808178198496,,False,False
86efb1f0-e04a-5f4d-b8cb-048353f1d3f5,Darren Waller,1.0,4.112559346450374,1.0,7.057567126323343,-5.764900076590213,4.7755895283620955,current_locked_spec_v6_v2_population_11f,model_inputs_projonly,joint_weekly_template_centered_active_ppg_residual,Darren Waller,1.0,3.8294262408743425,1.0,7.157525360464599,-5.010563015046121,4.80425644031482,current_locked_spec_v6_v2_population_11f,model_inputs_projonly,joint_weekly_template_centered_active_ppg_residual,Darren Waller,TE,5.101102423990862,0.0,1.0,5.80425644031482,1.0,7.157525360464599,,False,False
5cfab8f1-6b12-52b5-b92f-e221a3ece63c,Cade Otton,1.0,4.112559346450374,1.0,7.057567126323343,-5.764900076590213,4.7755895283620955,current_locked_spec_v6_v2_population_11f,model_inputs_projonly,joint_weekly_template_centered_active_ppg_residual,Cade Otton,1.0,3.8294262408743425,1.0,7.157525360464599,-5.010563015046121,4.80425644031482,current_locked_spec_v6_v2_population_11f,model_inputs_projonly,joint_weekly_template_centered_active_ppg_residual,Cade Otton,TE,6.112512796410731,0.0,1.0,5.80425644031482,1.0,7.157525360464599,,False,False
cc2a7e3b-a37e-5cd4-89a9-f97e3049860e,Brenton Strange,1.0,4.112559346450374,1.0,7.057567126323343,-5.764900076590213,4.7755895283620955,current_locked_spec_v6_v2_population_11f,model_inputs_projonly,joint_weekly_template_centered_active_ppg_residual,Brenton Strange,1.0,3.8294262408743425,1.0,7.157525360464599,-5.010563015046121,4.80425644031482,current_locked_spec_v6_v2_population_11f,model_inputs_projonly,joint_weekly_template_centered_active_ppg_residual,Brenton Strange,TE,7.117249376590625,0.0,1.0,5.80425644031482,1.0,7.157525360464599,,False,False
d843f0e8-59f0-518f-9a7a-0f80c9960068,Braelon Allen,1.0,1.3749797038851541,1.0,2.79388553930439,-2.715487337659596,0.8085856433980542,current_locked_spec_v6_v2_population_11f,model_inputs_projonly,joint_weekly_template_centered_active_ppg_residual,Braelon Allen,1.0,1.2948691421313967,1.0,2.731433616304984,-2.6486373031567227,0.6701123081260468,current_locked_spec_v6_v2_population_11f,model_inputs_projonly,joint_weekly_template_centered_active_ppg_residual,Braelon Allen,RB,5.747899601298086,0.0,1.0,1.670112308126047,1.0,2.731433616304984,,False,False
b6a56bd2-63bf-5f16-b309-dda61c805e53,Treylon Burks,1.0,1.7449714047475005,1.0,4.184395684221936,-2.4230812394561854,2.0492804709116585,current_locked_spec_v6_v2_population_11f,model_inputs_projonly,joint_weekly_template_centered_active_ppg_residual,Treylon Burks,1.0,0.9727927722718829,1.0,2.6041808178198496,-1.4643405342746019,1.0289273410582342,current_locked_spec_v6_v2_population_11f,model_inputs_projonly,joint_weekly_template_centered_active_ppg_residual,Treylon Burks,WR,3.3373832307341096,0.0,1.0,2.0289273410582345,1.0,2.6041808178198496,,False,False
5e9b0b40-56fb-5c78-8b45-0bc4c4167188,Tre Tucker,1.0,1.7449714047475005,1.0,4.184395684221936,-2.4230812394561854,2.0492804709116585,current_locked_spec_v6_v2_population_11f,model_inputs_projonly,joint_weekly_template_centered_active_ppg_residual,Tre Tucker,1.0,0.9727927722718829,1.0,2.6041808178198496,-1.4643405342746019,1.0289273410582342,current_locked_spec_v6_v2_population_11f,model_inputs_projonly,joint_weekly_template_centered_active_ppg_residual,Tre Tucker,WR,7.009580650343186,0.0,1.0,2.0289273410582345,1.0,2.6041808178198496,0.0,False,False
edaf2c43-0bba-5e5e-abba-7714342a2b43,Tre Harris,1.0,1.7449714047475005,1.0,4.184395684221936,-2.4230812394561854,2.0492804709116585,current_locked_spec_v6_v2_population_11f,model_inputs_projonly,joint_weekly_template_centered_active_ppg_residual,Tre Harris,1.0,0.9727927722718829,1.0,2.6041808178198496,-1.4643405342746019,1.0289273410582342,current_locked_spec_v6_v2_population_11f,model_inputs_projonly,joint_weekly_template_centered_active_ppg_residual,Tre Harris,WR,6.408460460382657,0.0,1.0,2.0289273410582345,1.0,2.6041808178198496,,False,False
e36034a5-fc78-5b29-90e0-66619310bb0b,Travis Hunter,1.0,1.7449714047475005,1.0,4.184395684221936,-2.4230812394561854,2.0492804709116585,current_locked_spec_v6_v2_population_11f,model_inputs_projonly,joint_weekly_template_centered_active_ppg_residual,Travis Hunter,1.0,0.9727927722718829,1.0,2.6041808178198496,-1.4643405342746019,1.0289273410582342,current_locked_spec_v6_v2_population_11f,model_inputs_projonly,joint_weekly_template_centered_active_ppg_residual,Travis Hunter,WR,6.708514380320758,0.0,1.0,2.0289273410582345,1.0,2.6041808178198496,4.0,False,False
3d4429a7-6a56-5305-a02d-336b9888c6bb,Emmett Johnson,1.0,1.3749797038851541,1.0,2.79388553930439,-2.715487337659596,0.8085856433980542,current_locked_spec_v6_v2_population_11f,model_inputs_projonly,joint_weekly_template_centered_active_ppg_residual,Emmett Johnson,1.0,1.2948691421313967,1.0,2.731433616304984,-2.6486373031567227,0.6701123081260468,current_locked_spec_v6_v2_population_11f,model_inputs_projonly,joint_weekly_template_centered_active_ppg_residual,Emmett Johnson,RB,5.120130873122655,0.0,1.0,1.670112308126047,1.0,2.731433616304984,,False,False
1e351c61-4158-5d47-ab8f-02ae64c8ae4a,Cooper Kupp,1.0,1.7449714047475005,1.0,4.184395684221936,-2.4230812394561854,2.0492804709116585,current_locked_spec_v6_v2_population_11f,model_inputs_projonly,joint_weekly_template_centered_active_ppg_residual,Cooper Kupp,1.0,0.9727927722718829,1.0,2.6041808178198496,-1.4643405342746019,1.0289273410582342,current_locked_spec_v6_v2_population_11f,model_inputs_projonly,joint_weekly_template_centered_active_ppg_residual,Cooper Kupp,WR,6.096784206002929,0.0,1.0,2.0289273410582345,1.0,2.6041808178198496,,False,False
bde53080-8196-5edb-9337-4641045d8c3c,Tutu Atwell,1.0,1.7449714047475005,1.0,4.184395684221936,-2.4230812394561854,2.0492804709116585,current_locked_spec_v6_v2_population_11f,model_inputs_projonly,joint_weekly_template_centered_active_ppg_residual,Tutu Atwell,1.0,0.9727927722718829,1.0,2.6041808178198496,-1.4643405342746019,1.0289273410582342,current_locked_spec_v6_v2_population_11f,model_inputs_projonly,joint_weekly_template_centered_active_ppg_residual,Tutu Atwell,WR,3.9839749639134396,0.0,1.0,2.0289273410582345,1.0,2.6041808178198496,,False,False
a3775e06-f7bd-5607-8fec-ab678be8d182,Troy Franklin,1.0,1.7449714047475005,1.0,4.184395684221936,-2.4230812394561854,2.0492804709116585,current_locked_spec_v6_v2_population_11f,model_inputs_projonly,joint_weekly_template_centered_active_ppg_residual,Troy Franklin,1.0,0.9727927722718829,1.0,2.6041808178198496,-1.4643405342746019,1.0289273410582342,current_locked_spec_v6_v2_population_11f,model_inputs_projonly,joint_weekly_template_centered_active_ppg_residual,Troy Franklin,WR,5.314953148423933,0.0,1.0,2.0289273410582345,1.0,2.6041808178198496,,False,False
a5af3821-ea95-5730-bc3e-1cf6be5f6027,Dylan Sampson,1.0,1.3749797038851541,1.0,2.79388553930439,-2.715487337659596,0.8085856433980542,current_locked_spec_v6_v2_population_11f,model_inputs_projonly,joint_weekly_template_centered_active_ppg_residual,Dylan Sampson,1.0,1.2948691421313967,1.0,2.731433616304984,-2.6486373031567227,0.6701123081260468,current_locked_spec_v6_v2_population_11f,model_inputs_projonly,joint_weekly_template_centered_active_ppg_residual,Dylan Sampson,RB,6.443695334730702,0.0,1.0,1.670112308126047,1.0,2.731433616304984,0.0,False,False
f2a5e1ab-02a1-593e-bbc4-26d3d7fad71e,Emanuel Wilson,1.0,1.3749797038851541,1.0,2.79388553930439,-2.715487337659596,0.8085856433980542,current_locked_spec_v6_v2_population_11f,model_inputs_projonly,joint_weekly_template_centered_active_ppg_residual,Emanuel Wilson,1.0,1.2948691421313967,1.0,2.731433616304984,-2.6486373031567227,0.6701123081260468,current_locked_spec_v6_v2_population_11f,model_inputs_projonly,joint_weekly_template_centered_active_ppg_residual,Emanuel Wilson,RB,4.728585195244375,0.0,1.0,1.670112308126047,1.0,2.731433616304984,,False,False
5249c986-478c-54f3-b5a8-021e9c5b94bf,Emari Demercado,1.0,1.3749797038851541,1.0,2.79388553930439,-2.715487337659596,0.8085856433980542,current_locked_spec_v6_v2_population_11f,model_inputs_projonly,joint_weekly_template_centered_active_ppg_residual,Emari Demercado,1.0,1.2948691421313967,1.0,2.731433616304984,-2.6486373031567227,0.6701123081260468,current_locked_spec_v6_v2_population_11f,model_inputs_projonly,joint_weekly_template_centered_active_ppg_residual,Emari Demercado,RB,4.936469564813723,0.0,1.0,1.670112308126047,1.0,2.731433616304984,,False,False
64f25ddc-f70b-5cde-9d71-a8c24b2e8e24,DJ Giddens,1.0,1.3749797038851541,1.0,2.79388553930439,-2.715487337659596,0.8085856433980542,current_locked_spec_v6_v2_population_11f,model_inputs_projonly,joint_weekly_template_centered_active_ppg_residual,DJ Giddens,1.0,1.2948691421313967,1.0,2.731433616304984,-2.6486373031567227,0.6701123081260468,current_locked_spec_v6_v2_population_11f,model_inputs_projonly,joint_weekly_template_centered_active_ppg_residual,DJ Giddens,RB,3.669902050377118,0.0,1.0,1.670112308126047,1.0,2.731433616304984,,False,False
a30ada7c-95a6-5fec-8917-7930ebf39aac,Zachariah Branch,1.0,1.7449714047475005,1.0,4.184395684221936,-2.4230812394561854,2.0492804709116585,current_locked_spec_v6_v2_population_11f,model_inputs_projonly,joint_weekly_template_centered_active_ppg_residual,Zachariah Branch,1.0,0.9727927722718829,1.0,2.6041808178198496,-1.4643405342746019,1.0289273410582342,current_locked_spec_v6_v2_population_11f,model_inputs_projonly,joint_weekly_template_centered_active_ppg_residual,Zachariah Branch,WR,5.586923640268346,0.0,1.0,2.0289273410582345,1.0,2.6041808178198496,,False,False
64bdc3e5-fcaa-5cd7-8268-c92848fa4696,Xavier Legette,1.0,1.7449714047475005,1.0,4.184395684221936,-2.4230812394561854,2.0492804709116585,current_locked_spec_v6_v2_population_11f,model_inputs_projonly,joint_weekly_template_centered_active_ppg_residual,Xavier Legette,1.0,0.9727927722718829,1.0,2.6041808178198496,-1.4643405342746019,1.0289273410582342,current_locked_spec_v6_v2_population_11f,model_inputs_projonly,joint_weekly_template_centered_active_ppg_residual,Xavier Legette,WR,5.314244035767204,0.0,1.0,2.0289273410582345,1.0,2.6041808178198496,,False,False
c21d6ed2-17e6-5557-b8fb-68339dbd0650,Darnell Washington,1.0,4.112559346450374,1.0,7.057567126323343,-5.764900076590213,4.7755895283620955,current_locked_spec_v6_v2_population_11f,model_inputs_projonly,joint_weekly_template_centered_active_ppg_residual,Darnell Washington,1.0,3.8294262408743425,1.0,7.157525360464599,-5.010563015046121,4.80425644031482,current_locked_spec_v6_v2_population_11f,model_inputs_projonly,joint_weekly_template_centered_active_ppg_residual,Darnell Washington,TE,4.510543765131065,0.0,1.0,5.80425644031482,1.0,7.157525360464599,,False,False
dee1a53c-71e9-5f9c-bab1-9ab8bdebdc8e,Demond Claiborne,1.0,1.3749797038851541,1.0,2.79388553930439,-2.715487337659596,0.8085856433980542,current_locked_spec_v6_v2_population_11f,model_inputs_projonly,joint_weekly_template_centered_active_ppg_residual,Demond Claiborne,1.0,1.2948691421313967,1.0,2.731433616304984,-2.6486373031567227,0.6701123081260468,current_locked_spec_v6_v2_population_11f,model_inputs_projonly,joint_weekly_template_centered_active_ppg_residual,Demond Claiborne,RB,4.316066453087238,0.0,1.0,1.670112308126047,1.0,2.731433616304984,,False,False
d45f6473-c406-50e0-8a2a-3862bb31a711,Brian Robinson,1.0,1.3749797038851541,1.0,2.79388553930439,-2.715487337659596,0.8085856433980542,current_locked_spec_v6_v2_population_11f,model_inputs_projonly,joint_weekly_template_centered_active_ppg_residual,Brian Robinson,1.0,1.2948691421313967,1.0,2.731433616304984,-2.6486373031567227,0.6701123081260468,current_locked_spec_v6_v2_population_11f,model_inputs_projonly,joint_weekly_template_centered_active_ppg_residual,Brian Robinson,RB,6.384458793586368,0.0,1.0,1.670112308126047,1.0,2.731433616304984,0.0,False,False
2f82d513-7207-5697-bf4d-b56975fb8f12,Cam Skattebo,18.0,0.1,18.0,18.0,0.0,0.0,current_locked_spec_v6_v2_population_11f,model_inputs_projonly,joint_weekly_template_centered_active_ppg_residual,Cam Skattebo,18.0,0.1,18.0,18.0,0.0,0.0,current_locked_spec_v6_v2_population_11f,model_inputs_projonly,joint_weekly_template_centered_active_ppg_residual,Cam Skattebo,RB,12.900320873127546,0.0,18.0,18.0,18.0,18.0,35.0,True,True
5a23985e-f260-532c-8b20-e3e96da7075b,Colby Parkinson,1.0,4.112559346450374,1.0,7.057567126323343,-5.764900076590213,4.7755895283620955,current_locked_spec_v6_v2_population_11f,model_inputs_projonly,joint_weekly_template_centered_active_ppg_residual,Colby Parkinson,1.0,3.8294262408743425,1.0,7.157525360464599,-5.010563015046121,4.80425644031482,current_locked_spec_v6_v2_population_11f,model_inputs_projonly,joint_weekly_template_centered_active_ppg_residual,Colby Parkinson,TE,5.185163914020454,0.0,1.0,5.80425644031482,1.0,7.157525360464599,,False,False
21bad382-652a-5b7f-a892-8833d1752222,Cole Kmet,1.0,4.112559346450374,1.0,7.057567126323343,-5.764900076590213,4.7755895283620955,current_locked_spec_v6_v2_population_11f,model_inputs_projonly,joint_weekly_template_centered_active_ppg_residual,Cole Kmet,1.0,3.8294262408743425,1.0,7.157525360464599,-5.010563015046121,4.80425644031482,current_locked_spec_v6_v2_population_11f,model_inputs_projonly,joint_weekly_template_centered_active_ppg_residual,Cole Kmet,TE,4.53634931456492,0.0,1.0,5.80425644031482,1.0,7.157525360464599,,False,False
a0163b54-9746-56a6-951f-7dc7800e0b7e,Xavier Hutchinson,1.0,1.7449714047475005,1.0,4.184395684221936,-2.4230812394561854,2.0492804709116585,current_locked_spec_v6_v2_population_11f,model_inputs_projonly,joint_weekly_template_centered_active_ppg_residual,Xavier Hutchinson,1.0,0.9727927722718829,1.0,2.6041808178198496,-1.4643405342746019,1.0289273410582342,current_locked_spec_v6_v2_population_11f,model_inputs_projonly,joint_weekly_template_centered_active_ppg_residual,Xavier Hutchinson,WR,5.460536147075019,0.0,1.0,2.0289273410582345,1.0,2.6041808178198496,,False,False
b2493328-5a41-5357-aa2e-5dac8a68fb99,Tyquan Thornton,1.0,1.7449714047475005,1.0,4.184395684221936,-2.4230812394561854,2.0492804709116585,current_locked_spec_v6_v2_population_11f,model_inputs_projonly,joint_weekly_template_centered_active_ppg_residual,Tyquan Thornton,1.0,0.9727927722718829,1.0,2.6041808178198496,-1.4643405342746019,1.0289273410582342,current_locked_spec_v6_v2_population_11f,model_inputs_projonly,joint_weekly_template_centered_active_ppg_residual,Tyquan Thornton,WR,5.159694242294176,0.0,1.0,2.0289273410582345,1.0,2.6041808178198496,,False,False
e07d3f8d-4844-56f8-9663-65ceaa3310d8,Christian McCaffrey,72.0,0.1,72.0,72.0,0.0,0.0,current_locked_spec_v6_v2_population_11f,model_inputs_projonly,joint_weekly_template_centered_active_ppg_residual,Christian McCaffrey,72.0,0.1,72.0,72.0,0.0,0.0,current_locked_spec_v6_v2_population_11f,model_inputs_projonly,joint_weekly_template_centered_active_ppg_residual,Christian McCaffrey,RB,17.998181766370948,0.0,72.0,72.0,72.0,72.0,,False,False
c3939202-6e8a-5463-b80c-9afca0b39e90,Chris Brooks,1.0,1.3749797038851541,1.0,2.79388553930439,-2.715487337659596,0.8085856433980542,current_locked_spec_v6_v2_population_11f,model_inputs_projonly,joint_weekly_template_centered_active_ppg_residual,Chris Brooks,1.0,1.2948691421313967,1.0,2.731433616304984,-2.6486373031567227,0.6701123081260468,current_locked_spec_v6_v2_population_11f,model_inputs_projonly,joint_weekly_template_centered_active_ppg_residual,Chris Brooks,RB,3.8273726266927732,0.0,1.0,1.670112308126047,1.0,2.731433616304984,,False,False
fe9efc0d-16e6-5e1c-9a0e-91404e4399a4,Austin Hooper,1.0,4.112559346450374,1.0,7.057567126323343,-5.764900076590213,4.7755895283620955,current_locked_spec_v6_v2_population_11f,model_inputs_projonly,joint_weekly_template_centered_active_ppg_residual,Austin Hooper,1.0,3.8294262408743425,1.0,7.157525360464599,-5.010563015046121,4.80425644031482,current_locked_spec_v6_v2_population_11f,model_inputs_projonly,joint_weekly_template_centered_active_ppg_residual,Austin Hooper,TE,3.336730834858681,0.0,1.0,5.80425644031482,1.0,7.157525360464599,,False,False
21964917-6b9f-5c8c-9d0f-6ed97fe488ef,AJ Barner,1.0,4.112559346450374,1.0,7.057567126323343,-5.764900076590213,4.7755895283620955,current_locked_spec_v6_v2_population_11f,model_inputs_projonly,joint_weekly_template_centered_active_ppg_residual,AJ Barner,1.0,3.8294262408743425,1.0,7.157525360464599,-5.010563015046121,4.80425644031482,current_locked_spec_v6_v2_population_11f,model_inputs_projonly,joint_weekly_template_centered_active_ppg_residual,AJ Barner,TE,6.597300980477645,0.0,1.0,5.80425644031482,1.0,7.157525360464599,,False,False
d6a4da7c-fbd3-597b-974c-e696114f785f,Jaxon Smith-Njigba,42.0,0.1,42.0,42.0,0.0,0.0,current_locked_spec_v6_v2_population_11f,model_inputs_projonly,joint_weekly_template_centered_active_ppg_residual,Jaxon Smith-Njigba,42.0,0.1,42.0,42.0,0.0,0.0,current_locked_spec_v6_v2_population_11f,model_inputs_projonly,joint_weekly_template_centered_active_ppg_residual,Jaxon Smith-Njigba,WR,15.318179468965957,0.0,42.0,42.0,42.0,42.0,,False,False
4ac68f6d-7ae6-51c9-848b-437e486ab5d8,Jauan Jennings,1.0,1.7449714047475005,1.0,4.184395684221936,-2.4230812394561854,2.0492804709116585,current_locked_spec_v6_v2_population_11f,model_inputs_projonly,joint_weekly_template_centered_active_ppg_residual,Jauan Jennings,1.0,0.9727927722718829,1.0,2.6041808178198496,-1.4643405342746019,1.0289273410582342,current_locked_spec_v6_v2_population_11f,model_inputs_projonly,joint_weekly_template_centered_active_ppg_residual,Jauan Jennings,WR,6.561826425058875,0.0,1.0,2.0289273410582345,1.0,2.6041808178198496,,False,False
afd666e0-e97c-5447-8b7b-a416d009aeb7,Darnell Mooney,1.0,1.7449714047475005,1.0,4.184395684221936,-2.4230812394561854,2.0492804709116585,current_locked_spec_v6_v2_population_11f,model_inputs_projonly,joint_weekly_template_centered_active_ppg_residual,Darnell Mooney,1.0,0.9727927722718829,1.0,2.6041808178198496,-1.4643405342746019,1.0289273410582342,current_locked_spec_v6_v2_population_11f,model_inputs_projonly,joint_weekly_template_centered_active_ppg_residual,Darnell Mooney,WR,4.739214855294779,0.0,1.0,2.0289273410582345,1.0,2.6041808178198496,,False,False
2b735d2f-8117-583a-a2b9-8a7b1b7df1fc,Darius Slayton,1.0,1.7449714047475005,1.0,4.184395684221936,-2.4230812394561854,2.0492804709116585,current_locked_spec_v6_v2_population_11f,model_inputs_projonly,joint_weekly_template_centered_active_ppg_residual,Darius Slayton,1.0,0.9727927722718829,1.0,2.6041808178198496,-1.4643405342746019,1.0289273410582342,current_locked_spec_v6_v2_population_11f,model_inputs_projonly,joint_weekly_template_centered_active_ppg_residual,Darius Slayton,WR,4.746304996994564,0.0,1.0,2.0289273410582345,1.0,2.6041808178198496,,False,False
22795526-a499-5cc5-802c-acbaca550de6,Cyrus Allen,1.0,1.7449714047475005,1.0,4.184395684221936,-2.4230812394561854,2.0492804709116585,current_locked_spec_v6_v2_population_11f,model_inputs_projonly,joint_weekly_template_centered_active_ppg_residual,Cyrus Allen,1.0,0.9727927722718829,1.0,2.6041808178198496,-1.4643405342746019,1.0289273410582342,current_locked_spec_v6_v2_population_11f,model_inputs_projonly,joint_weekly_template_centered_active_ppg_residual,Cyrus Allen,WR,5.876828400623475,0.0,1.0,2.0289273410582345,1.0,2.6041808178198496,,False,False
e7e519e5-a3ec-546f-84c7-ac13364c9dde,Deshaun Watson,1.0,1.2702622547244067,1.0,3.718867161693082,-2.5683159512482705,0.6873662076103837,current_locked_spec_v6_v2_population_11f,model_inputs_projonly,joint_weekly_template_centered_active_ppg_residual,Deshaun Watson,1.0,1.1803250789429918,1.0,3.5412397886491784,-2.435702112087763,0.5894710652431246,current_locked_spec_v6_v2_population_11f,model_inputs_projonly,joint_weekly_template_centered_active_ppg_residual,Deshaun Watson,QB,12.838658978405405,0.0,1.0,1.5894710652431248,1.0,3.5412397886491784,,False,False
8b92ec52-c9fb-52b8-a198-cc461e55695d,Tyler Higbee,1.0,4.112559346450374,1.0,7.057567126323343,-5.764900076590213,4.7755895283620955,current_locked_spec_v6_v2_population_11f,model_inputs_projonly,joint_weekly_template_centered_active_ppg_residual,Tyler Higbee,1.0,3.8294262408743425,1.0,7.157525360464599,-5.010563015046121,4.80425644031482,current_locked_spec_v6_v2_population_11f,model_inputs_projonly,joint_weekly_template_centered_active_ppg_residual,Tyler Higbee,TE,3.9525533736999443,0.0,1.0,5.80425644031482,1.0,7.157525360464599,,False,False
1e3d359a-7008-5ebd-ac11-015d52bf3e12,C.J. Stroud,1.0,1.2702622547244067,1.0,3.718867161693082,-2.5683159512482705,0.6873662076103837,current_locked_spec_v6_v2_population_11f,model_inputs_projonly,joint_weekly_template_centered_active_ppg_residual,C.J. Stroud,1.0,1.1803250789429918,1.0,3.5412397886491784,-2.435702112087763,0.5894710652431246,current_locked_spec_v6_v2_population_11f,model_inputs_projonly,joint_weekly_template_centered_active_ppg_residual,C.J. Stroud,QB,14.826644901094554,0.0,1.0,1.5894710652431248,1.0,3.5412397886491784,,False,False
2d81dad5-0b57-5fc0-b5d9-88263ffa4cf4,Tucker Kraft,11.0,0.1,11.0,11.0,0.0,0.0,current_locked_spec_v6_v2_population_11f,model_inputs_projonly,joint_weekly_template_centered_active_ppg_residual,Tucker Kraft,11.0,0.1,11.0,11.0,0.0,0.0,current_locked_spec_v6_v2_population_11f,model_inputs_projonly,joint_weekly_template_centered_active_ppg_residual,Tucker Kraft,TE,9.255978798269751,0.0,11.0,11.0,11.0,11.0,2.0,True,True
05e08afe-7d4d-5caf-8cbe-6f2682c270d6,Daniel Jones,1.0,1.2702622547244067,1.0,3.718867161693082,-2.5683159512482705,0.6873662076103837,current_locked_spec_v6_v2_population_11f,model_inputs_projonly,joint_weekly_template_centered_active_ppg_residual,Daniel Jones,1.0,1.1803250789429918,1.0,3.5412397886491784,-2.435702112087763,0.5894710652431246,current_locked_spec_v6_v2_population_11f,model_inputs_projonly,joint_weekly_template_centered_active_ppg_residual,Daniel Jones,QB,14.931691741498852,0.0,1.0,1.5894710652431248,1.0,3.5412397886491784,0.0,False,False
21abb04f-3faa-5349-a5e7-44ae9d017d41,Davis Mills,1.0,1.2702622547244067,1.0,3.718867161693082,-2.5683159512482705,0.6873662076103837,current_locked_spec_v6_v2_population_11f,model_inputs_projonly,joint_weekly_template_centered_active_ppg_residual,Davis Mills,1.0,1.1803250789429918,1.0,3.5412397886491784,-2.435702112087763,0.5894710652431246,current_locked_spec_v6_v2_population_11f,model_inputs_projonly,joint_weekly_template_centered_active_ppg_residual,Davis Mills,QB,12.204832365401453,0.0,1.0,1.5894710652431248,1.0,3.5412397886491784,,False,False
b055b321-ac7c-55a9-9223-c84eb0ec14cc,Terrance Ferguson,1.0,4.112559346450374,1.0,7.057567126323343,-5.764900076590213,4.7755895283620955,current_locked_spec_v6_v2_population_11f,model_inputs_projonly,joint_weekly_template_centered_active_ppg_residual,Terrance Ferguson,1.0,3.8294262408743425,1.0,7.157525360464599,-5.010563015046121,4.80425644031482,current_locked_spec_v6_v2_population_11f,model_inputs_projonly,joint_weekly_template_centered_active_ppg_residual,Terrance Ferguson,TE,6.627610478996991,0.0,1.0,5.80425644031482,1.0,7.157525360464599,0.0,False,False
dc2643f4-c348-59a3-8fd3-2b1f9356dc5b,Theo Johnson,1.0,4.112559346450374,1.0,7.057567126323343,-5.764900076590213,4.7755895283620955,current_locked_spec_v6_v2_population_11f,model_inputs_projonly,joint_weekly_template_centered_active_ppg_residual,Theo Johnson,1.0,3.8294262408743425,1.0,7.157525360464599,-5.010563015046121,4.80425644031482,current_locked_spec_v6_v2_population_11f,model_inputs_projonly,joint_weekly_template_centered_active_ppg_residual,Theo Johnson,TE,4.515659817294611,0.0,1.0,5.80425644031482,1.0,7.157525360464599,,False,False
c63fef1b-16bd-5275-a03e-94cee125aaae,Baker Mayfield,1.0,1.2702622547244067,1.0,3.718867161693082,-2.5683159512482705,0.6873662076103837,current_locked_spec_v6_v2_population_11f,model_inputs_projonly,joint_weekly_template_centered_active_ppg_residual,Baker Mayfield,1.0,1.1803250789429918,1.0,3.5412397886491784,-2.435702112087763,0.5894710652431246,current_locked_spec_v6_v2_population_11f,model_inputs_projonly,joint_weekly_template_centered_active_ppg_residual,Baker Mayfield,QB,15.923404447364325,0.0,1.0,1.5894710652431248,1.0,3.5412397886491784,0.0,False,False
8178653b-a1c4-568f-b634-01452394fcc4,Isaac TeSlaa,1.0,1.7449714047475005,1.0,4.184395684221936,-2.4230812394561854,2.0492804709116585,current_locked_spec_v6_v2_population_11f,model_inputs_projonly,joint_weekly_template_centered_active_ppg_residual,Isaac TeSlaa,1.0,0.9727927722718829,1.0,2.6041808178198496,-1.4643405342746019,1.0289273410582342,current_locked_spec_v6_v2_population_11f,model_inputs_projonly,joint_weekly_template_centered_active_ppg_residual,Isaac TeSlaa,WR,5.97121210541319,0.0,1.0,2.0289273410582345,1.0,2.6041808178198496,,False,False
c0ea45eb-8a3c-5a29-80b4-d9017c71749e,Greg Dortch,1.0,1.7449714047475005,1.0,4.184395684221936,-2.4230812394561854,2.0492804709116585,current_locked_spec_v6_v2_population_11f,model_inputs_projonly,joint_weekly_template_centered_active_ppg_residual,Greg Dortch,1.0,0.9727927722718829,1.0,2.6041808178198496,-1.4643405342746019,1.0289273410582342,current_locked_spec_v6_v2_population_11f,model_inputs_projonly,joint_weekly_template_centered_active_ppg_residual,Greg Dortch,WR,3.5667261831582873,0.0,1.0,2.0289273410582345,1.0,2.6041808178198496,,False,False
8d6a86be-cf54-5830-bc35-07195fbdb709,Germie Bernard,1.0,1.7449714047475005,1.0,4.184395684221936,-2.4230812394561854,2.0492804709116585,current_locked_spec_v6_v2_population_11f,model_inputs_projonly,joint_weekly_template_centered_active_ppg_residual,Germie Bernard,1.0,0.9727927722718829,1.0,2.6041808178198496,-1.4643405342746019,1.0289273410582342,current_locked_spec_v6_v2_population_11f,model_inputs_projonly,joint_weekly_template_centered_active_ppg_residual,Germie Bernard,WR,5.740908140812024,0.0,1.0,2.0289273410582345,1.0,2.6041808178198496,,False,False
66c24f07-355a-51ad-805a-6010b844efe5,George Pickens,39.0,0.1,39.0,39.0,0.0,0.0,current_locked_spec_v6_v2_population_11f,model_inputs_projonly,joint_weekly_template_centered_active_ppg_residual,George Pickens,39.0,0.1,39.0,39.0,0.0,0.0,current_locked_spec_v6_v2_population_11f,model_inputs_projonly,joint_weekly_template_centered_active_ppg_residual,George Pickens,WR,12.399036540792283,0.0,39.0,39.0,39.0,39.0,44.0,True,True
4d52e389-fcf9-50ee-8ef0-6342a68e37ef,Garrett Wilson,37.0,0.1,37.0,37.0,0.0,0.0,current_locked_spec_v6_v2_population_11f,model_inputs_projonly,joint_weekly_template_centered_active_ppg_residual,Garrett Wilson,37.0,0.1,37.0,37.0,0.0,0.0,current_locked_spec_v6_v2_population_11f,model_inputs_projonly,joint_weekly_template_centered_active_ppg_residual,Garrett Wilson,WR,11.95425097627834,0.0,37.0,37.0,37.0,37.0,53.0,True,True
787ddae6-47c4-5245-84ff-c1d7d67a39a1,Cam Ward,1.0,1.2702622547244067,1.0,3.718867161693082,-2.5683159512482705,0.6873662076103837,current_locked_spec_v6_v2_population_11f,model_inputs_projonly,joint_weekly_template_centered_active_ppg_residual,Cam Ward,1.0,1.1803250789429918,1.0,3.5412397886491784,-2.435702112087763,0.5894710652431246,current_locked_spec_v6_v2_population_11f,model_inputs_projonly,joint_weekly_template_centered_active_ppg_residual,Cam Ward,QB,13.38642166912323,0.0,1.0,1.5894710652431248,1.0,3.5412397886491784,,False,False
d314a164-66a8-5d44-b902-6f75546abc63,Cade Klubnik,1.0,1.2702622547244067,1.0,3.718867161693082,-2.5683159512482705,0.6873662076103837,current_locked_spec_v6_v2_population_11f,model_inputs_projonly,joint_weekly_template_centered_active_ppg_residual,Cade Klubnik,1.0,1.1803250789429918,1.0,3.5412397886491784,-2.435702112087763,0.5894710652431246,current_locked_spec_v6_v2_population_11f,model_inputs_projonly,joint_weekly_template_centered_active_ppg_residual,Cade Klubnik,QB,11.295115571413843,0.0,1.0,1.5894710652431248,1.0,3.5412397886491784,,False,False
23c337f1-377c-5dc2-b5f1-e12efcdf1755,Bryce Young,1.0,1.2702622547244067,1.0,3.718867161693082,-2.5683159512482705,0.6873662076103837,current_locked_spec_v6_v2_population_11f,model_inputs_projonly,joint_weekly_template_centered_active_ppg_residual,Bryce Young,1.0,1.1803250789429918,1.0,3.5412397886491784,-2.435702112087763,0.5894710652431246,current_locked_spec_v6_v2_population_11f,model_inputs_projonly,joint_weekly_template_centered_active_ppg_residual,Bryce Young,QB,14.513968065644574,0.0,1.0,1.5894710652431248,1.0,3.5412397886491784,,False,False
beb784d7-8af2-5381-873e-2287a37d4f37,Jameis Winston,1.0,1.2702622547244067,1.0,3.718867161693082,-2.5683159512482705,0.6873662076103837,current_locked_spec_v6_v2_population_11f,model_inputs_projonly,joint_weekly_template_centered_active_ppg_residual,Jameis Winston,1.0,1.1803250789429918,1.0,3.5412397886491784,-2.435702112087763,0.5894710652431246,current_locked_spec_v6_v2_population_11f,model_inputs_projonly,joint_weekly_template_centered_active_ppg_residual,Jameis Winston,QB,13.241244529837402,0.0,1.0,1.5894710652431248,1.0,3.5412397886491784,,False,False
88b3e1bd-20b2-5dfc-9319-7355304eca86,Pat Freiermuth,1.0,4.112559346450374,1.0,7.057567126323343,-5.764900076590213,4.7755895283620955,current_locked_spec_v6_v2_population_11f,model_inputs_projonly,joint_weekly_template_centered_active_ppg_residual,Pat Freiermuth,1.0,3.8294262408743425,1.0,7.157525360464599,-5.010563015046121,4.80425644031482,current_locked_spec_v6_v2_population_11f,model_inputs_projonly,joint_weekly_template_centered_active_ppg_residual,Pat Freiermuth,TE,6.317759931225713,0.0,1.0,5.80425644031482,1.0,7.157525360464599,,False,False
3d7aecfa-c5f6-50ab-abb6-98bfdea74d3b,Oronde Gadsden II,1.0,4.112559346450374,1.0,7.057567126323343,-5.764900076590213,4.7755895283620955,current_locked_spec_v6_v2_population_11f,model_inputs_projonly,joint_weekly_template_centered_active_ppg_residual,Oronde Gadsden II,1.0,3.8294262408743425,1.0,7.157525360464599,-5.010563015046121,4.80425644031482,current_locked_spec_v6_v2_population_11f,model_inputs_projonly,joint_weekly_template_centered_active_ppg_residual,Oronde Gadsden II,TE,6.295901086611539,0.0,1.0,5.80425644031482,1.0,7.157525360464599,,False,False
997f64e4-2230-5165-8023-df45a27f4520,Noah Gray,1.0,4.112559346450374,1.0,7.057567126323343,-5.764900076590213,4.7755895283620955,current_locked_spec_v6_v2_population_11f,model_inputs_projonly,joint_weekly_template_centered_active_ppg_residual,Noah Gray,1.0,3.8294262408743425,1.0,7.157525360464599,-5.010563015046121,4.80425644031482,current_locked_spec_v6_v2_population_11f,model_inputs_projonly,joint_weekly_template_centered_active_ppg_residual,Noah Gray,TE,3.8084911883589556,0.0,1.0,5.80425644031482,1.0,7.157525360464599,,False,False
de7cc54e-8a8f-51f3-bbe4-d8e681ebdea8,Noah Fant,1.0,4.112559346450374,1.0,7.057567126323343,-5.764900076590213,4.7755895283620955,current_locked_spec_v6_v2_population_11f,model_inputs_projonly,joint_weekly_template_centered_active_ppg_residual,Noah Fant,1.0,3.8294262408743425,1.0,7.157525360464599,-5.010563015046121,4.80425644031482,current_locked_spec_v6_v2_population_11f,model_inputs_projonly,joint_weekly_template_centered_active_ppg_residual,Noah Fant,TE,3.955837727260756,0.0,1.0,5.80425644031482,1.0,7.157525360464599,,False,False
d2153ba6-e2e9-5c06-b349-4e078b8b8f01,Jacoby Brissett,1.0,1.2702622547244067,1.0,3.718867161693082,-2.5683159512482705,0.6873662076103837,current_locked_spec_v6_v2_population_11f,model_inputs_projonly,joint_weekly_template_centered_active_ppg_residual,Jacoby Brissett,1.0,1.1803250789429918,1.0,3.5412397886491784,-2.435702112087763,0.5894710652431246,current_locked_spec_v6_v2_population_11f,model_inputs_projonly,joint_weekly_template_centered_active_ppg_residual,Jacoby Brissett,QB,13.005071988183774,0.0,1.0,1.5894710652431248,1.0,3.5412397886491784,,False,False
47c508de-ee91-5f11-9d62-8e2f9db32ae1,Geno Smith,1.0,1.2702622547244067,1.0,3.718867161693082,-2.5683159512482705,0.6873662076103837,current_locked_spec_v6_v2_population_11f,model_inputs_projonly,joint_weekly_template_centered_active_ppg_residual,Geno Smith,1.0,1.1803250789429918,1.0,3.5412397886491784,-2.435702112087763,0.5894710652431246,current_locked_spec_v6_v2_population_11f,model_inputs_projonly,joint_weekly_template_centered_active_ppg_residual,Geno Smith,QB,12.473778532870341,0.0,1.0,1.5894710652431248,1.0,3.5412397886491784,,False,False
273a80eb-ada4-5170-8fd1-d529d007e09d,Fernando Mendoza,1.0,1.2702622547244067,1.0,3.718867161693082,-2.5683159512482705,0.6873662076103837,current_locked_spec_v6_v2_population_11f,model_inputs_projonly,joint_weekly_template_centered_active_ppg_residual,Fernando Mendoza,1.0,1.1803250789429918,1.0,3.5412397886491784,-2.435702112087763,0.5894710652431246,current_locked_spec_v6_v2_population_11f,model_inputs_projonly,joint_weekly_template_centered_active_ppg_residual,Fernando Mendoza,QB,12.984616614890173,0.0,1.0,1.5894710652431248,1.0,3.5412397886491784,,False,False
57780914-ba09-5ff4-b961-dd3b3d37eacb,DJ Moore,26.372729019104035,6.058935251511312,17.283652624046805,37.771792565676996,-7.702492005483182,7.826559044140311,current_locked_spec_v6_v2_population_11f,model_inputs_projonly,joint_weekly_template_centered_active_ppg_residual,DJ Moore,26.372694000482735,6.160835996087445,17.031831773891742,38.10869920968976,-7.827089827224988,7.963132830747135,current_locked_spec_v6_v2_population_11f,model_inputs_projonly,joint_weekly_template_centered_active_ppg_residual,DJ Moore,WR,10.625981965399175,-3.501862130050881e-05,18.545604173257747,34.335826831229866,17.031831773891742,38.10869920968976,,False,False
cdc6646d-dd60-5579-b686-092e2194beea,Christian Watson,17.752783739134664,5.636153599325872,10.115736138846527,28.81681749782156,-6.569022647042647,7.876439028029564,current_locked_spec_v6_v2_population_11f,model_inputs_projonly,joint_weekly_template_centered_active_ppg_residual,Christian Watson,17.750899918416007,5.665054604332837,9.940531224884266,28.881903862186654,-6.690586671996424,7.828948278908637,current_locked_spec_v6_v2_population_11f,model_inputs_projonly,joint_weekly_template_centered_active_ppg_residual,Christian Watson,WR,10.644692456765577,-0.0018838207186568923,11.060313246419582,25.579848197324644,9.940531224884266,28.881903862186654,8.0,False,False
04dfcee7-ee29-5205-8808-dbf021c4b127,Quentin Johnston,9.046884457541047,4.319873877476264,3.4374274498716764,17.610697677028696,-4.715209534782634,6.356627213189032,current_locked_spec_v6_v2_population_11f,model_inputs_projonly,joint_weekly_template_centered_active_ppg_residual,Quentin Johnston,9.026067710891263,4.418448148385106,3.3893367275494644,17.982837265393062,-4.7800970647848615,6.544385539526163,current_locked_spec_v6_v2_population_11f,model_inputs_projonly,joint_weekly_template_centered_active_ppg_residual,Quentin Johnston,WR,9.434701196056652,-0.020816746649783724,4.245970646106402,15.570453250417426,3.3893367275494644,17.982837265393062,2.0,False,False
a9ec369b-0e11-5182-afc5-1b507b5e12c1,Isiah Pacheco,1.0640785288671488,1.3749797038851541,1.0,2.8579640681715386,-2.715487337659596,0.8085856433980542,current_locked_spec_v6_v2_population_11f,model_inputs_projonly,joint_weekly_template_centered_active_ppg_residual,Isiah Pacheco,1.0,1.2948691421313967,1.0,2.731433616304984,-2.6486373031567227,0.6701123081260468,current_locked_spec_v6_v2_population_11f,model_inputs_projonly,joint_weekly_template_centered_active_ppg_residual,Isiah Pacheco,RB,6.804551726315807,-0.06407852886714882,1.0,1.670112308126047,1.0,2.731433616304984,0.0,False,False
5c527951-35b5-569b-ad11-27bc185db826,Chris Olave,48.831162656374076,7.512804385166281,36.36294020715932,61.4774742796491,-10.449674709781698,8.805642929399482,current_locked_spec_v6_v2_population_11f,model_inputs_projonly,joint_weekly_template_centered_active_ppg_residual,Chris Olave,48.76484822004564,7.752012017918689,35.81891764999851,61.6682574546509,-10.804692497187933,9.063714304737669,current_locked_spec_v6_v2_population_11f,model_inputs_projonly,joint_weekly_template_centered_active_ppg_residual,Chris Olave,WR,12.352369024155976,-0.06631443632843315,37.96015572285771,57.82856252478331,35.81891764999851,61.6682574546509,53.0,False,False
e2877123-a571-5cb8-9cdd-4dbd3d0de2a5,Michael Wilson,10.804278264342402,5.316794553988446,4.788646280937516,21.91120513191221,-5.084172900726212,8.542771541146175,current_locked_spec_v6_v2_population_11f,model_inputs_projonly,joint_weekly_template_centered_active_ppg_residual,Michael Wilson,10.720277915020866,5.431379203279656,4.6810232190837695,22.101399941292563,-5.167871805102579,8.752753092903179,current_locked_spec_v6_v2_population_11f,model_inputs_projonly,joint_weekly_template_centered_active_ppg_residual,Michael Wilson,WR,9.149881482119644,-0.08400034932153666,5.552406109918286,19.473031007924043,4.6810232190837695,22.101399941292563,7.0,False,False
b16c6494-1ca2-5425-a077-9e8748417278,Zay Flowers,40.341972897933275,7.057074635314792,29.16843438235871,52.68438654454207,-9.37009559121251,8.717186699099305,current_locked_spec_v6_v2_population_11f,model_inputs_projonly,joint_weekly_template_centered_active_ppg_residual,Zay Flowers,40.22502770524483,7.438676813018599,28.642809561941334,53.349768595497494,-9.660096390929715,9.405232280836955,current_locked_spec_v6_v2_population_11f,model_inputs_projonly,joint_weekly_template_centered_active_ppg_residual,Zay Flowers,WR,11.94976403540925,-0.11694519268844772,30.56493131431511,49.63025998608178,28.642809561941334,53.349768595497494,40.0,False,False
fbebdefe-755c-500d-968b-70e7c69e2414,Terry McLaurin,29.858678842779533,6.393952951667171,20.222110758725904,41.709904599294866,-8.132539968288661,8.255161446834299,current_locked_spec_v6_v2_population_11f,model_inputs_projonly,joint_weekly_template_centered_active_ppg_residual,Terry McLaurin,29.730943376888096,6.5775927821114255,19.82066754730883,42.10342692248547,-8.26912300426804,8.589247296283542,current_locked_spec_v6_v2_population_11f,model_inputs_projonly,joint_weekly_template_centered_active_ppg_residual,Terry McLaurin,WR,10.500381241562147,-0.12773546589143692,21.461820372620053,38.32019067317164,19.82066754730883,42.10342692248547,,False,False
360b8717-16a5-5e65-bbfa-7f7cd8553dde,Luther Burden III,25.392362897129843,5.96140516781332,16.46124914675785,36.655325491180605,-7.574256990450998,7.704824454654541,current_locked_spec_v6_v2_population_11f,model_inputs_projonly,joint_weekly_template_centered_active_ppg_residual,Luther Burden III,25.252381404993816,6.020057394714769,16.104422024585222,36.769150731342634,-7.673265446008429,7.756141656645524,current_locked_spec_v6_v2_population_11f,model_inputs_projonly,joint_weekly_template_centered_active_ppg_residual,Luther Burden III,WR,10.835503455284472,-0.13998149213602673,17.579115958985387,33.00852306163934,16.104422024585222,36.769150731342634,,False,False
8a0e43dc-602e-5ff8-8c17-2b70c2443cd5,Tee Higgins,33.224203919184795,6.68799746173726,23.065003320618743,45.35806610492814,-8.560485674386909,8.580851820045691,current_locked_spec_v6_v2_population_11f,model_inputs_projonly,joint_weekly_template_centered_active_ppg_residual,Tee Higgins,33.05908705017657,6.951564962891888,22.595075756226475,45.89668314930288,-8.721248920519104,9.095612079372808,current_locked_spec_v6_v2_population_11f,model_inputs_projonly,joint_weekly_template_centered_active_ppg_residual,Tee Higgins,WR,11.83035249597647,-0.16511686900822298,24.33783812965747,42.15469912954938,22.595075756226475,45.89668314930288,26.0,False,False
25e31c1c-f07c-50e5-86bc-4ea9618926b4,Emeka Egbuka,36.09066384753791,6.863208030272869,25.485048572102166,48.26137317938198,-8.905550776534259,8.684851405055106,current_locked_spec_v6_v2_population_11f,model_inputs_projonly,joint_weekly_template_centered_active_ppg_residual,Emeka Egbuka,35.92536341400886,7.205187437779252,24.968440123843813,48.927820310512544,-9.130030905054488,9.336864497973735,current_locked_spec_v6_v2_population_11f,model_inputs_projonly,joint_weekly_template_centered_active_ppg_residual,Emeka Egbuka,WR,11.814869867860471,-0.16530043352905466,26.795332508954367,45.26222791198259,24.968440123843813,48.927820310512544,33.0,False,False
dd3c2301-3637-5019-abd1-885c52d99df6,George Kittle,5.125142806071348,4.158519941518156,1.0,11.271715758252533,-5.831583156827606,4.826703453283427,current_locked_spec_v6_v2_population_11f,model_inputs_projonly,joint_weekly_template_centered_active_ppg_residual,George Kittle,4.958338715303059,3.8747356436455447,1.0,11.185331445909151,-5.078893166739812,4.8520542879237185,current_locked_spec_v6_v2_population_11f,model_inputs_projonly,joint_weekly_template_centered_active_ppg_residual,George Kittle,TE,8.890750405057032,-0.16680409076828884,1.0,9.810393003226778,1.0,11.185331445909151,2.0,False,False
f2c783c7-afa9-5c55-bc99-1d0967346747,Jalen Hurts,12.975978331346596,2.972158611531,6.899930818762064,18.129262543301593,-4.538000409687122,3.079642111666831,current_locked_spec_v6_v2_population_11f,model_inputs_projonly,joint_weekly_template_centered_active_ppg_residual,Jalen Hurts,12.775562842738115,2.869552501148934,6.99955799679004,17.7811615203212,-4.336210456310227,3.018452604134491,current_locked_spec_v6_v2_population_11f,model_inputs_projonly,joint_weekly_template_centered_active_ppg_residual,Jalen Hurts,QB,18.785031801608927,-0.20041548860848124,8.439352386427888,15.794015446872606,6.99955799679004,17.7811615203212,16.0,False,False
59dae946-695c-5535-9000-0d2006d854a1,Brian Thomas Jr.,13.633261441570829,5.920438677861271,6.959152500585081,26.01133492813483,-5.69683132197447,9.477253009383968,current_locked_spec_v6_v2_population_11f,model_inputs_projonly,joint_weekly_template_centered_active_ppg_residual,Brian Thomas Jr.,13.423404204435762,6.032677040794826,6.70883959885366,25.988682283050004,-5.774326640999225,9.687424614557916,current_locked_spec_v6_v2_population_11f,model_inputs_projonly,joint_weekly_template_centered_active_ppg_residual,Brian Thomas Jr.,WR,9.60869425745143,-0.20985723713506665,7.6490775634365376,23.110828818993678,6.70883959885366,25.988682283050004,,False,False
d0e529e4-2d5e-58ec-b87d-1a32b8954539,Jayden Daniels,13.68239860323461,3.090418185150991,7.4343185930567905,19.00511714997431,-4.673575578392902,3.2471662301490887,current_locked_spec_v6_v2_population_11f,model_inputs_projonly,joint_weekly_template_centered_active_ppg_residual,Jayden Daniels,13.469119589877954,2.987462774571851,7.523546481161989,18.646884860002945,-4.467635359346065,3.18923173188159,current_locked_spec_v6_v2_population_11f,model_inputs_projonly,joint_weekly_template_centered_active_ppg_residual,Jayden Daniels,QB,18.18858068048598,-0.21327901335665622,9.001484230531888,16.658351321759543,7.523546481161989,18.646884860002945,18.0,False,False
f6fcc1c4-e4ca-550a-a567-7c3b7446cdf8,Harold Fannin Jr.,10.747325244256567,4.273945440273871,3.2793750017806724,17.138598334750085,-5.9963371029815455,4.957785060440387,current_locked_spec_v6_v2_population_11f,model_inputs_projonly,joint_weekly_template_centered_active_ppg_residual,Harold Fannin Jr.,10.524333845047508,3.994706417082291,3.355099985952723,16.956795174167247,-5.256202615064143,4.982229931917769,current_locked_spec_v6_v2_population_11f,model_inputs_projonly,joint_weekly_template_centered_active_ppg_residual,Harold Fannin Jr.,TE,9.39275931190915,-0.22299139920905908,5.268131229983365,15.506563776965276,3.355099985952723,16.956795174167247,,False,False
db7d5e90-b154-5095-84a2-b527ee8684a2,Marvin Harrison Jr.,16.79195712994919,5.713054361934643,9.371413458623202,28.192307988254584,-6.369089223930924,8.273469105707566,current_locked_spec_v6_v2_population_11f,model_inputs_projonly,joint_weekly_template_centered_active_ppg_residual,Marvin Harrison Jr.,16.567550115787874,5.780980998920163,9.037319193959862,28.127001291062264,-6.450754964294723,8.365899335937657,current_locked_spec_v6_v2_population_11f,model_inputs_projonly,joint_weekly_template_centered_active_ppg_residual,Marvin Harrison Jr.,WR,9.795562651113613,-0.22440701416131503,10.11679515149315,24.93344945172553,9.037319193959862,28.127001291062264,,False,False
a5d14ee6-0701-5e08-9910-141cfa56cd61,Malik Nabers,48.10151455893017,7.4686287271518506,35.751918219897604,60.727201467405415,-10.348071448890401,8.794023978799794,current_locked_spec_v6_v2_population_11f,model_inputs_projonly,joint_weekly_template_centered_active_ppg_residual,Malik Nabers,47.86958097135867,7.714971276245107,35.07666229185595,60.80797746643656,-10.673088519038066,9.100382861978145,current_locked_spec_v6_v2_population_11f,model_inputs_projonly,joint_weekly_template_centered_active_ppg_residual,Malik Nabers,WR,12.623664080313006,-0.23193358757149696,37.196492452320605,56.96996383333682,35.07666229185595,60.80797746643656,49.0,False,False
19955737-99cd-505f-88b8-2bdbeb246712,Caleb Williams,7.070262048246172,1.9835014093622494,2.432416640966104,10.80706495342898,-3.404583783250432,1.679130328945013,current_locked_spec_v6_v2_population_11f,model_inputs_projonly,joint_weekly_template_centered_active_ppg_residual,Caleb Williams,6.825819567819396,1.8580478777206384,2.504472376350855,10.354470568999336,-3.2087692826514047,1.5534074279465921,current_locked_spec_v6_v2_population_11f,model_inputs_projonly,joint_weekly_template_centered_active_ppg_residual,Caleb Williams,QB,17.598543660863715,-0.24444248042677597,3.6170502851679913,8.379226995765988,2.504472376350855,10.354470568999336,5.0,False,False
2b73f2a2-0315-5f68-a4b2-42c808d40a8d,Tyler Allgeier,1.6522073745681072,1.3749797038851541,1.0,3.446092913872497,-2.715487337659596,0.8085856433980542,current_locked_spec_v6_v2_population_11f,model_inputs_projonly,joint_weekly_template_centered_active_ppg_residual,Tyler Allgeier,1.3828397820657774,1.2948691421313967,1.0,3.114273398370761,-2.6486373031567227,0.6701123081260468,current_locked_spec_v6_v2_population_11f,model_inputs_projonly,joint_weekly_template_centered_active_ppg_residual,Tyler Allgeier,RB,6.609292495002343,-0.2693675925023298,1.0,2.052952090191824,1.0,3.114273398370761,0.0,False,False
7817665b-fadf-5d07-970c-bd5d46b151a2,Colston Loveland,27.303699573344012,4.4860590222987335,19.29555099504157,34.11448297748189,-6.292000053004071,5.205769221147584,current_locked_spec_v6_v2_population_11f,model_inputs_projonly,joint_weekly_template_centered_active_ppg_residual,Colston Loveland,27.026210577095153,4.212002068227489,19.484629975163998,33.79930459175176,-5.566090904651459,5.229270396215595,current_locked_spec_v6_v2_population_11f,model_inputs_projonly,joint_weekly_template_centered_active_ppg_residual,Colston Loveland,TE,10.39138383042807,-0.27748899624885937,21.460119672443696,32.255480973310746,19.484629975163998,33.79930459175176,23.0,False,False
d9941072-d9df-57b5-91dd-0d0441d2b0d6,CeeDee Lamb,75.7007339080117,8.670714592938685,60.09100486803927,88.6851748297803,-13.176280230064458,9.046761271637394,current_locked_spec_v6_v2_population_11f,model_inputs_projonly,joint_weekly_template_centered_active_ppg_residual,CeeDee Lamb,75.4180556751994,8.574841742304104,59.10699286614255,87.39846986530405,-13.720924372609042,8.256395012916375,current_locked_spec_v6_v2_population_11f,model_inputs_projonly,joint_weekly_template_centered_active_ppg_residual,CeeDee Lamb,WR,14.464772725195795,-0.28267823281230164,61.69713130259036,83.67445068811577,59.10699286614255,87.39846986530405,,False,False
3b4bc94c-3a48-5ec8-98d9-7ab28a02dc05,Rhamondre Stevenson,21.92292933135029,7.048814234782591,14.051726145608091,35.71914156316317,-6.369393790450426,11.696717093297355,current_locked_spec_v6_v2_population_11f,model_inputs_projonly,joint_weekly_template_centered_active_ppg_residual,Rhamondre Stevenson,21.635625694701158,7.064879684293887,13.701393245948786,35.58652734037596,-6.36305730503618,11.744229325809055,current_locked_spec_v6_v2_population_11f,model_inputs_projonly,joint_weekly_template_centered_active_ppg_residual,Rhamondre Stevenson,RB,10.480758104588075,-0.2873036366491313,15.272568389664979,33.37985502051021,13.701393245948786,35.58652734037596,12.0,False,False
8d1930b0-0fdc-5f4c-b0c7-65e855feed4f,Rashid Shaheed,1.6981245043692512,1.4344288609134461,1.0,4.2358729898044825,-2.0928528363733623,1.5835883341478003,current_locked_spec_v6_v2_population_11f,model_inputs_projonly,joint_weekly_template_centered_active_ppg_residual,Rashid Shaheed,1.4030470522737688,0.9375814066137531,1.0,2.9419927221324187,-1.4146754323035255,0.9883457128475237,current_locked_spec_v6_v2_population_11f,model_inputs_projonly,joint_weekly_template_centered_active_ppg_residual,Rashid Shaheed,WR,7.755625765513275,-0.2950774520954824,1.0,2.3913927651212923,1.0,2.9419927221324187,0.0,False,False
7206cc5c-2225-5a6b-aa8d-8625f1219075,Kenneth Walker III,72.12231388247044,9.318183701183171,60.04045698793841,90.51444200767925,-8.804560430942892,15.07794439518958,current_locked_spec_v6_v2_population_11f,model_inputs_projonly,joint_weekly_template_centered_active_ppg_residual,Kenneth Walker III,71.8029099750314,9.370692856191944,59.30216396445624,90.18727019452153,-8.964239192862314,15.05284659755764,current_locked_spec_v6_v2_population_11f,model_inputs_projonly,joint_weekly_template_centered_active_ppg_residual,Kenneth Walker III,RB,14.374165215193571,-0.3194039074390389,62.83867078216908,86.85575657258903,59.30216396445624,90.18727019452153,,False,False
5e91a7bd-70d4-5d18-900f-ace9a2a4eb04,Isaiah Likely,3.577543256901708,4.126942084592793,1.0,9.657844392330828,-5.786560931463765,4.790791631347564,current_locked_spec_v6_v2_population_11f,model_inputs_projonly,joint_weekly_template_centered_active_ppg_residual,Isaiah Likely,3.25149180509778,3.8399934417377826,1.0,9.421763882748376,-5.027115481205575,4.814787709968361,current_locked_spec_v6_v2_population_11f,model_inputs_projonly,joint_weekly_template_centered_active_ppg_residual,Isaiah Likely,TE,7.994107868531802,-0.3260514518039277,1.0,8.066279515066142,1.0,9.421763882748376,2.0,False,False
b4e9327d-f002-5f05-9a32-9b2fbbcd707f,Trevor Lawrence,5.660507220901502,1.7474988321075962,1.3659753531580492,9.059181563122387,-3.134025652125144,1.3448138545666253,current_locked_spec_v6_v2_population_11f,model_inputs_projonly,joint_weekly_template_centered_active_ppg_residual,Trevor Lawrence,5.332118619856153,1.6041065990686303,1.3759676086358694,8.489977463728161,-2.9257217842885486,1.1856034291243511,current_locked_spec_v6_v2_population_11f,model_inputs_projonly,joint_weekly_template_centered_active_ppg_residual,Trevor Lawrence,QB,17.260891840153345,-0.32838860104534895,2.406396835567605,6.517722048980504,1.3759676086358694,8.489977463728161,6.0,False,False
9a0f1d93-a9c2-578b-9370-80b65ac1b56e,Keaton Mitchell,1.8747282861571812,1.3749797038851541,1.0,3.6686138254615708,-2.715487337659596,0.8085856433980542,current_locked_spec_v6_v2_population_11f,model_inputs_projonly,joint_weekly_template_centered_active_ppg_residual,Keaton Mitchell,1.5445033180552075,1.2948691421313967,1.0,3.275936934360191,-2.6486373031567227,0.6701123081260468,current_locked_spec_v6_v2_population_11f,model_inputs_projonly,joint_weekly_template_centered_active_ppg_residual,Keaton Mitchell,RB,6.795426550049906,-0.33022496810197377,1.0,2.214615626181254,1.0,3.275936934360191,0.0,False,False
3d9dd7dc-b646-5af6-8a50-cb31a1d2a598,Justin Herbert,4.749435025258415,1.5949791300528677,1.0,7.929589433167314,-2.9591739787758886,1.1287575315496117,current_locked_spec_v6_v2_population_11f,model_inputs_projonly,joint_weekly_template_centered_active_ppg_residual,Justin Herbert,4.412477959202098,1.4477838845752757,1.0,7.342051663558681,-2.751484969986185,0.9591851261802469,current_locked_spec_v6_v2_population_11f,model_inputs_projonly,joint_weekly_template_centered_active_ppg_residual,Justin Herbert,QB,16.660509259394324,-0.3369570660563168,1.660992989215913,5.371663085382345,1.0,7.342051663558681,4.0,False,False
c2d2f104-196b-5707-877c-50929e6fc8ee,Tyjae Spears,1.5007170653899362,1.3749797038851541,1.0,3.294602604694326,-2.715487337659596,0.8085856433980542,current_locked_spec_v6_v2_population_11f,model_inputs_projonly,joint_weekly_template_centered_active_ppg_residual,Tyjae Spears,1.1591492669752224,1.2948691421313967,1.0,2.890582883280206,-2.6486373031567227,0.6701123081260468,current_locked_spec_v6_v2_population_11f,model_inputs_projonly,joint_weekly_template_centered_active_ppg_residual,Tyjae Spears,RB,7.079630669026048,-0.34156779841471385,1.0,1.829261575101269,1.0,2.890582883280206,0.0,False,False
dce82837-9b56-5207-babe-53cfac54eb70,Joe Burrow,11.968188223307513,2.8034476710074254,6.137564937964369,16.8797547873504,-4.3445867728555445,2.840649607936488,current_locked_spec_v6_v2_population_11f,model_inputs_projonly,joint_weekly_template_centered_active_ppg_residual,Joe Burrow,11.621769269961913,2.6733982337430144,6.12785636895597,16.340953449033044,-4.117573395895452,2.734346277187894,current_locked_spec_v6_v2_population_11f,model_inputs_projonly,joint_weekly_template_centered_active_ppg_residual,Joe Burrow,QB,18.04069994803425,-0.3464189533455997,7.504195874066461,14.356115547149807,6.12785636895597,16.340953449033044,9.0,False,False
7d7f7fb5-f246-5159-b887-82ce308749fb,Tyrone Tracy Jr.,1.8066193404075646,1.3749797038851541,1.0,3.6005048797119543,-2.715487337659596,0.8085856433980542,current_locked_spec_v6_v2_population_11f,model_inputs_projonly,joint_weekly_template_centered_active_ppg_residual,Tyrone Tracy Jr.,1.4550018675700733,1.2948691421313967,1.0,3.186435483875057,-2.6486373031567227,0.6701123081260468,current_locked_spec_v6_v2_population_11f,model_inputs_projonly,joint_weekly_template_centered_active_ppg_residual,Tyrone Tracy Jr.,RB,6.829987584327146,-0.35161747283749123,1.0,2.1251141756961203,1.0,3.186435483875057,,False,False
45dca743-6e67-53db-b87c-97668a0c08d8,Breece Hall,60.521852014119624,8.635139807378826,49.76429696361231,77.97513303142794,-7.905739479666092,14.226123846645839,current_locked_spec_v6_v2_population_11f,model_inputs_projonly,joint_weekly_template_centered_active_ppg_residual,Breece Hall,60.16131063471534,8.568295228356225,49.18568462712079,77.54379852163777,-7.910789598089452,14.049751072187552,current_locked_spec_v6_v2_population_11f,model_inputs_projonly,joint_weekly_template_centered_active_ppg_residual,Breece Hall,RB,13.773209283559849,-0.36054137940428177,52.25052103662589,74.2110617069029,49.18568462712079,77.54379852163777,56.0,False,False
c24ecdca-4795-5e3e-bbeb-16c299707961,Tony Pollard,20.29625871563473,7.061820683508205,12.458271513012019,33.96431293871545,-6.395685378679499,11.703761033152029,current_locked_spec_v6_v2_population_11f,model_inputs_projonly,joint_weekly_template_centered_active_ppg_residual,Tony Pollard,19.93152147170917,7.11053099158373,12.000418417752211,33.78698615267072,-6.406912892111731,11.817378039317367,current_locked_spec_v6_v2_population_11f,model_inputs_projonly,joint_weekly_template_centered_active_ppg_residual,Tony Pollard,RB,10.29802593027736,-0.36473724392555695,13.524608579597441,31.748899511026536,12.000418417752211,33.78698615267072,4.0,False,False
0f2f039b-b633-555d-a142-c56f2752494e,Kyle Pitts,11.210693925862483,4.28345857183269,3.7162591263080103,17.62213469709657,-6.00991578344204,4.9685885361651465,current_locked_spec_v6_v2_population_11f,model_inputs_projonly,joint_weekly_template_centered_active_ppg_residual,Kyle Pitts,10.842893593221845,4.001572729122353,3.6599273571489537,17.287114549052443,-5.266350603319699,4.989680301420891,current_locked_spec_v6_v2_population_11f,model_inputs_projonly,joint_weekly_template_centered_active_ppg_residual,Kyle Pitts,TE,9.13942294814346,-0.3678003326406376,5.576542989902146,15.832573894642735,3.6599273571489537,17.287114549052443,10.0,False,False
567d5748-0794-500d-be04-33d6524f437c,Mark Andrews,2.346101096559711,4.114175769544697,1.0,8.4048123147167,-5.7677143256954695,4.77691817164759,current_locked_spec_v6_v2_population_11f,model_inputs_projonly,joint_weekly_template_centered_active_ppg_residual,Mark Andrews,1.9745734220919542,3.8300439535201343,1.0,8.132552717257026,-5.011486126403639,4.804916526468466,current_locked_spec_v6_v2_population_11f,model_inputs_projonly,joint_weekly_template_centered_active_ppg_residual,Mark Andrews,TE,8.045999356847176,-0.3715276744677567,1.0,6.779489948560419,1.0,8.132552717257026,2.0,False,False
478368e9-1d81-51c1-9521-d705a1d2e055,Jared Goff,1.9941164375030755,1.2729914172795043,1.0,4.716968801744892,-2.572090007817539,0.690586994669831,current_locked_spec_v6_v2_population_11f,model_inputs_projonly,joint_weekly_template_centered_active_ppg_residual,Jared Goff,1.6183507410463036,1.1803250789429918,1.0,4.159590529695482,-2.435702112087763,0.5894710652431246,current_locked_spec_v6_v2_population_11f,model_inputs_projonly,joint_weekly_template_centered_active_ppg_residual,Jared Goff,QB,16.603735420717204,-0.37576569645677194,1.0,2.207821806289428,1.0,4.159590529695482,0.0,False,False
f0dff315-6f30-55b6-bd8d-df05687e83cc,Ashton Jeanty,82.80676063716189,9.63836756428681,70.00776068006732,101.581733340291,-9.27544451307591,15.427691554191188,current_locked_spec_v6_v2_population_11f,model_inputs_projonly,joint_weekly_template_centered_active_ppg_residual,Ashton Jeanty,82.42344821887389,9.780994079905435,69.04698197424828,101.26013580129055,-9.55930871973047,15.509379107067161,current_locked_spec_v6_v2_population_11f,model_inputs_projonly,joint_weekly_template_centered_active_ppg_residual,Ashton Jeanty,RB,15.384318526538737,-0.3833124182879999,72.86413949914342,97.93282732594105,69.04698197424828,101.26013580129055,79.0,False,False
c9684bcb-19b7-55f7-8650-60fecdc8ab6a,Denzel Boston,1.9352507463878799,1.304514018347809,1.0,4.2037440226178795,-1.9822692542460658,1.3612001747793687,current_locked_spec_v6_v2_population_11f,model_inputs_projonly,joint_weekly_template_centered_active_ppg_residual,Denzel Boston,1.5512115547624201,0.9211348940528175,1.0,3.049290611935656,-1.411734022930511,0.9491347105268602,current_locked_spec_v6_v2_population_11f,model_inputs_projonly,joint_weekly_template_centered_active_ppg_residual,Denzel Boston,WR,7.1587432835157,-0.38403919162545974,1.0,2.5003462652892803,1.0,3.049290611935656,0.0,False,False
b3c78a9f-7349-53e9-bdfe-735ef63ed815,Alec Pierce,10.782730629036609,5.305187584853165,4.772123238007261,21.8606516264382,-5.079616095459648,8.517579684519013,current_locked_spec_v6_v2_population_11f,model_inputs_projonly,joint_weekly_template_centered_active_ppg_residual,Alec Pierce,10.398687646588419,5.242956140188405,4.436155292278389,21.337493096481108,-5.094256003663364,8.34344058363952,current_locked_spec_v6_v2_population_11f,model_inputs_projonly,joint_weekly_template_centered_active_ppg_residual,Alec Pierce,WR,9.234238158264569,-0.38404298244818946,5.304431642925055,18.74212823022794,4.436155292278389,21.337493096481108,10.0,False,False
f7ba9c4b-a090-5082-9d10-9ff125440c80,Alvin Kamara,2.03115346164427,1.3749797038851541,1.0,3.82503900094866,-2.715487337659596,0.8085856433980542,current_locked_spec_v6_v2_population_11f,model_inputs_projonly,joint_weekly_template_centered_active_ppg_residual,Alvin Kamara,1.6419691037190023,1.2948691421313967,1.0,3.373402720023986,-2.6486373031567227,0.6701123081260468,current_locked_spec_v6_v2_population_11f,model_inputs_projonly,joint_weekly_template_centered_active_ppg_residual,Alvin Kamara,RB,6.678812460532407,-0.38918435792526784,1.0,2.3120814118450492,1.0,3.373402720023986,0.0,False,False
1bb4ab30-961e-5ba9-8669-d56b9eaf5447,Davante Adams,31.514995365743566,6.551243988682408,21.622963495060525,43.53901403328307,-8.343446257182983,8.447392085810032,current_locked_spec_v6_v2_population_11f,model_inputs_projonly,joint_weekly_template_centered_active_ppg_residual,Davante Adams,31.125147401606906,6.747323740526802,20.981374416015836,43.7313230529135,-8.456402908318058,8.83698783865214,current_locked_spec_v6_v2_population_11f,model_inputs_projonly,joint_weekly_template_centered_active_ppg_residual,Davante Adams,WR,10.83921608772255,-0.3898479641366599,22.668744493288848,39.962135240259045,20.981374416015836,43.7313230529135,32.0,False,False
ce2a93ef-bc9a-5dd0-bf44-f11a2ef3a2f9,Jayden Reed,7.334916890161464,3.3650783429250994,2.1783732986433266,13.504758671331855,-4.282955837188494,4.341739955728537,current_locked_spec_v6_v2_population_11f,model_inputs_projonly,joint_weekly_template_centered_active_ppg_residual,Jayden Reed,6.944596750014178,3.188649226575777,1.9413981582776918,13.010817594664982,-4.138110357059439,4.0343976106542785,current_locked_spec_v6_v2_population_11f,model_inputs_projonly,joint_weekly_template_centered_active_ppg_residual,Jayden Reed,WR,9.081714394595389,-0.39032014014728666,2.8064863929547386,10.978994360668455,1.9413981582776918,13.010817594664982,4.0,False,False
cd0167c0-d9ce-5180-856c-d26959a81941,Bo Nix,2.93173718855263,1.3236925594048068,1.0,5.725142893004298,-2.6366772623086905,0.75594676744583,current_locked_spec_v6_v2_population_11f,model_inputs_projonly,joint_weekly_template_centered_active_ppg_residual,Bo Nix,2.512606399786416,1.198524126637328,1.0,5.081285448474652,-2.457063378503672,0.6147539580678003,current_locked_spec_v6_v2_population_11f,model_inputs_projonly,joint_weekly_template_centered_active_ppg_residual,Bo Nix,QB,17.138968883134353,-0.4191307887662141,1.0,3.127360357854216,1.0,5.081285448474652,5.0,False,False
b9915fb7-1942-5b96-9d04-49bd08a77a3b,RJ Harvey,12.56662566853872,5.619731992700969,5.95238856975753,23.30837733421466,-5.609393030421094,8.793980066871491,current_locked_spec_v6_v2_population_11f,model_inputs_projonly,joint_weekly_template_centered_active_ppg_residual,RJ Harvey,12.134167970631902,5.647150930178082,5.546751649208297,22.936800787635995,-5.538978348953399,8.934669485093025,current_locked_spec_v6_v2_population_11f,model_inputs_projonly,joint_weekly_template_centered_active_ppg_residual,RJ Harvey,RB,9.543270928324661,-0.432457697906818,6.595189621678503,21.068837455724925,5.546751649208297,22.936800787635995,,False,False
9c2efd5b-2c25-5e47-ab1a-f984a9847486,Jalen Coker,2.1919890379499836,1.1641426868592035,1.0,4.1694865003785955,-1.8632687337243539,1.120428972695785,current_locked_spec_v6_v2_population_11f,model_inputs_projonly,joint_weekly_template_centered_active_ppg_residual,Jalen Coker,1.7517509174713308,0.9284766088340667,1.0,3.2476930311687076,-1.4744509390911866,0.9052346093505266,current_locked_spec_v6_v2_population_11f,model_inputs_projonly,joint_weekly_template_centered_active_ppg_residual,Jalen Coker,WR,7.931625770815507,-0.44023812047865274,1.0,2.6569855268218574,1.0,3.2476930311687076,0.0,False,False
6bc52e10-146e-5657-86a7-a18757b656a6,Patrick Mahomes,3.5847671465032844,1.407989196485068,1.0,6.495465518882516,-2.74216717827012,0.8665091323211097,current_locked_spec_v6_v2_population_11f,model_inputs_projonly,joint_weekly_template_centered_active_ppg_residual,Patrick Mahomes,3.1345852311656235,1.253768812741936,1.0,5.781986913245642,-2.526177605783958,0.687231861273624,current_locked_spec_v6_v2_population_11f,model_inputs_projonly,joint_weekly_template_centered_active_ppg_residual,Patrick Mahomes,QB,17.424765172580063,-0.45018191533766094,1.0,3.8218170924392476,1.0,5.781986913245642,4.0,False,False
d2c96396-a051-5897-a6ff-06b4bb2848b6,TreVeyon Henderson,26.792885096453368,7.005163751265328,18.84142030604557,40.97738134735738,-6.271955527894861,11.682279166598173,current_locked_spec_v6_v2_population_11f,model_inputs_projonly,joint_weekly_template_centered_active_ppg_residual,TreVeyon Henderson,26.3391926242211,6.937175815169846,18.4099342197755,40.57284856007931,-6.217712897982288,11.56226871629803,current_locked_spec_v6_v2_population_11f,model_inputs_projonly,joint_weekly_template_centered_active_ppg_residual,TreVeyon Henderson,RB,11.066518495748836,-0.4536924722322695,20.12147972623881,37.90146134051913,18.4099342197755,40.57284856007931,,False,False
d1811d53-bfbe-5c37-bd13-be780edb43be,Dallas Goedert,3.0776166742139,4.120184436596409,1.0,9.146751465809581,-5.776095273572651,4.783937437423945,current_locked_spec_v6_v2_population_11f,model_inputs_projonly,joint_weekly_template_centered_active_ppg_residual,Dallas Goedert,2.6155042591648776,3.8324863664138262,1.0,8.775580924299502,-5.0149863280902585,4.807676229028377,current_locked_spec_v6_v2_population_11f,model_inputs_projonly,joint_weekly_template_centered_active_ppg_residual,Dallas Goedert,TE,8.068324986113769,-0.46211241504902256,1.0,7.423180488193255,1.0,8.775580924299502,2.0,False,False
6c1bf6bc-485d-546c-a596-0fa0f57886f6,Parker Washington,16.47028180098716,5.738799983333053,9.12222152250716,27.983228327044763,-6.3021534739890175,8.406390883293598,current_locked_spec_v6_v2_population_11f,model_inputs_projonly,joint_weekly_template_centered_active_ppg_residual,Parker Washington,16.007888652354065,5.83970692419383,8.611987357920569,27.780185359863076,-6.3377433158158105,8.629425530892979,current_locked_spec_v6_v2_population_11f,model_inputs_projonly,joint_weekly_template_centered_active_ppg_residual,Parker Washington,WR,9.567077407185439,-0.4623931486330939,9.670145336538255,24.637314183247042,8.611987357920569,27.780185359863076,11.0,False,False
1590cd29-104f-5e24-b733-43f57e85df1e,Sam LaPorta,10.736001726709127,4.273712964242552,3.2686986974755605,17.126781971881368,-5.99600527557808,4.957521051775583,current_locked_spec_v6_v2_population_11f,model_inputs_projonly,joint_weekly_template_centered_active_ppg_residual,Sam LaPorta,10.265903448024527,3.9891361472764966,3.1078099280807514,16.68882482422446,-5.247970097776891,4.97618584769277,current_locked_spec_v6_v2_population_11f,model_inputs_projonly,joint_weekly_template_centered_active_ppg_residual,Sam LaPorta,TE,8.861347055429274,-0.4700982786845991,5.017933350247636,15.242089295717298,3.1078099280807514,16.68882482422446,,False,False
eaf076f5-093e-54e2-93bb-2968c74ba14d,Blake Corum,10.05060820328706,4.489052411358579,4.182985788952989,18.705826109283834,-5.065152497236706,6.440288833075333,current_locked_spec_v6_v2_population_11f,model_inputs_projonly,joint_weekly_template_centered_active_ppg_residual,Blake Corum,9.571230617144039,4.489419182385924,3.8516094840727666,18.211600000729355,-4.928602353466363,6.57777901098876,current_locked_spec_v6_v2_population_11f,model_inputs_projonly,joint_weekly_template_centered_active_ppg_residual,Blake Corum,RB,8.693510730606409,-0.4793775861430216,4.6426282636776754,16.1490096281328,3.8516094840727666,18.211600000729355,2.0,False,False
a3ef6212-0d30-5a66-b471-9b901bd8dd8a,Jake Ferguson,2.435386035009062,4.1146241388109175,1.0,8.494459973131697,-5.768412156605072,4.777369511167311,current_locked_spec_v6_v2_population_11f,model_inputs_projonly,joint_weekly_template_centered_active_ppg_residual,Jake Ferguson,1.9551352806943698,3.8300119936539296,1.0,8.113091089708734,-5.011438365497853,4.804882374237169,current_locked_spec_v6_v2_population_11f,model_inputs_projonly,joint_weekly_template_centered_active_ppg_residual,Jake Ferguson,TE,7.967512924773648,-0.48025075431469233,1.0,6.76001765493154,1.0,8.113091089708734,2.0,False,False
5af468c0-1ac7-54a7-8432-ded308df6f3a,Kyle Monangai,9.441220284191587,4.206231889332111,3.7549248019514856,17.57669950754093,-4.931644534667955,5.848927797690245,current_locked_spec_v6_v2_population_11f,model_inputs_projonly,joint_weekly_template_centered_active_ppg_residual,Kyle Monangai,8.959741533119976,4.201496676669155,3.449348446156109,17.06279359900573,-4.78004033880479,5.988395643498255,current_locked_spec_v6_v2_population_11f,model_inputs_projonly,joint_weekly_template_centered_active_ppg_residual,Kyle Monangai,RB,8.856231670766235,-0.4814787510716112,4.179701194315186,14.948137176618232,3.449348446156109,17.06279359900573,2.0,False,False
ccda7d11-8596-5b2e-b55b-d640a79b3cc5,Josh Allen,36.53535337731522,4.599673067409929,28.14787580126278,43.96823981897985,-6.3716864597860186,5.417275611985632,current_locked_spec_v6_v2_population_11f,model_inputs_projonly,joint_weekly_template_centered_active_ppg_residual,Josh Allen,36.04716964194529,4.520255736679825,27.958503897754788,43.419359115668335,-6.133481584303446,5.451933868806946,current_locked_spec_v6_v2_population_11f,model_inputs_projonly,joint_weekly_template_centered_active_ppg_residual,Josh Allen,QB,21.57132039827739,-0.48818373536992965,29.913688057641842,41.499103510752235,27.958503897754788,43.419359115668335,39.0,False,False
d6609ec3-d6b5-5aa7-b18a-1e31e52f29e7,Deebo Samuel Sr.,3.4121718150431675,1.422842136336785,1.0,5.851188417646649,-2.2857961203872854,1.3609482750438948,current_locked_spec_v6_v2_population_11f,model_inputs_projonly,joint_weekly_template_centered_active_ppg_residual,Deebo Samuel Sr.,2.9168721096587262,1.206248134177422,1.0,4.886082048802743,-2.0928915885550827,0.9987223793416501,current_locked_spec_v6_v2_population_11f,model_inputs_projonly,joint_weekly_template_centered_active_ppg_residual,Deebo Samuel Sr.,WR,8.133654258353786,-0.49529970538444124,1.0,3.915594489000376,1.0,4.886082048802743,,False,False
a236279b-9c8b-5498-bb93-cbe6d6b799e5,Dalton Kincaid,3.2851611131023493,4.1226928659739945,1.0,9.35883637944118,-5.779996614505174,4.786465200986172,current_locked_spec_v6_v2_population_11f,model_inputs_projonly,joint_weekly_template_centered_active_ppg_residual,Dalton Kincaid,2.7854482101937106,3.8340664776396904,1.0,8.947844850911856,-5.017340523162063,4.809371859028464,current_locked_spec_v6_v2_population_11f,model_inputs_projonly,joint_weekly_template_centered_active_ppg_residual,Dalton Kincaid,TE,8.324832972674406,-0.4997129029086387,1.0,7.594820069222175,1.0,8.947844850911856,2.0,False,False
b33359fc-5f9d-5172-99c7-2b34ec01e3a4,Khalil Shakir,4.507360119811961,1.9368713038925003,1.0391798469890277,7.838064505170406,-2.884997112332868,2.079204039543611,current_locked_spec_v6_v2_population_11f,model_inputs_projonly,joint_weekly_template_centered_active_ppg_residual,Khalil Shakir,4.00490477612313,1.7150265955071715,1.0,7.011280819148993,-2.655016465416675,1.7405966988682058,current_locked_spec_v6_v2_population_11f,model_inputs_projonly,joint_weekly_template_centered_active_ppg_residual,Khalil Shakir,WR,7.963857702040099,-0.5024553436888306,1.3498883107064552,5.745501474991336,1.0,7.011280819148993,5.0,False,False
32510374-a4c9-53c3-93ee-b327a81f2724,Romeo Doubs,3.080425768013806,1.2588605399155504,1.0,5.213565637627392,-2.09217505293204,1.1342845108715158,current_locked_spec_v6_v2_population_11f,model_inputs_projonly,joint_weekly_template_centered_active_ppg_residual,Romeo Doubs,2.5609578918352023,1.0701956288239705,1.0,4.281070321795065,-1.8850863816598573,0.8578250150159793,current_locked_spec_v6_v2_population_11f,model_inputs_projonly,joint_weekly_template_centered_active_ppg_residual,Romeo Doubs,WR,8.040221874790063,-0.5194678761786036,1.0,3.4187829068511815,1.0,4.281070321795065,0.0,False,False
654683ca-12f1-5c78-80a0-be8919375a3e,Courtland Sutton,14.673193454356035,5.889676309182531,7.731771137747819,26.828961614334368,-5.934241129665849,9.160999250768977,current_locked_spec_v6_v2_population_11f,model_inputs_projonly,joint_weekly_template_centered_active_ppg_residual,Courtland Sutton,14.147056707882674,6.012080699536656,7.2262877409408475,26.571726440275395,-5.947681664200823,9.461281168711627,current_locked_spec_v6_v2_population_11f,model_inputs_projonly,joint_weekly_template_centered_active_ppg_residual,Courtland Sutton,WR,9.235555520248624,-0.5261367464733606,8.19937504368185,23.6083378765943,7.2262877409408475,26.571726440275395,12.0,False,False
cd5276ae-d480-590f-868c-a3d0b1d99134,Travis Kelce,3.794801937975931,4.131207548172094,1.0,9.883473070355878,-5.792598490257566,4.795686455707513,current_locked_spec_v6_v2_population_11f,model_inputs_projonly,joint_weekly_template_centered_active_ppg_residual,Travis Kelce,3.2660800863537203,3.8401877598692633,1.0,9.436605608851403,-5.0274393445127785,4.814961884032145,current_locked_spec_v6_v2_population_11f,model_inputs_projonly,joint_weekly_template_centered_active_ppg_residual,Travis Kelce,TE,8.201255285211339,-0.5287218516222105,1.0,8.081041970385865,1.0,9.436605608851403,2.0,False,False
34beb3fa-5005-5be2-b163-32949f96ec1b,Dak Prescott,7.256350653556263,2.0146539116265094,2.5731876232986064,11.037786761248196,-3.440297642355454,1.72326033314329,current_locked_spec_v6_v2_population_11f,model_inputs_projonly,joint_weekly_template_centered_active_ppg_residual,Dak Prescott,6.724320169911014,1.8407921566725873,2.42778865019001,10.227775243641606,-3.1895357468472825,1.5284145507045597,current_locked_spec_v6_v2_population_11f,model_inputs_projonly,joint_weekly_template_centered_active_ppg_residual,Dak Prescott,QB,18.10411481287279,-0.532030483645249,3.5347844230637313,8.252734720615573,2.42778865019001,10.227775243641606,6.0,False,False
922c769f-2f60-5de7-a75b-322112ec9540,Stefon Diggs,5.765101487686894,2.5289412788608026,1.4623074391394342,10.141069140573741,-3.5564138126481337,2.925262685072104,current_locked_spec_v6_v2_population_11f,model_inputs_projonly,joint_weekly_template_centered_active_ppg_residual,Stefon Diggs,5.22189812739817,2.2802682205424087,1.2720928259304127,9.34230690893705,-3.2709523655537978,2.5733750836963964,current_locked_spec_v6_v2_population_11f,model_inputs_projonly,joint_weekly_template_centered_active_ppg_residual,Stefon Diggs,WR,8.390589821324733,-0.5432033602887243,1.950945761844372,7.795273211094566,1.2720928259304127,9.34230690893705,1.0,False,False
5944c982-aadb-5aa6-b8a1-809cc5e6fce1,Matthew Stafford,4.730561228209583,1.5918195276456208,1.0,7.906188771056577,-2.9555517466276298,1.124281702728097,current_locked_spec_v6_v2_population_11f,model_inputs_projonly,joint_weekly_template_centered_active_ppg_residual,Matthew Stafford,4.185295523416746,1.409628342474209,1.0,7.058550993809488,-2.709020980746707,0.9038564610146913,current_locked_spec_v6_v2_population_11f,model_inputs_projonly,joint_weekly_template_centered_active_ppg_residual,Matthew Stafford,QB,16.585941878693827,-0.5452657047928362,1.4762745426700392,5.089151984431438,1.0,7.058550993809488,5.0,False,False
ea3d6b8e-ef38-5ab0-ae8a-8eb144518c4e,Jadarian Price,28.14183177616536,6.998860678147669,20.17701596932853,42.44138654415264,-6.23821450756118,11.699865410531295,current_locked_spec_v6_v2_population_11f,model_inputs_projonly,joint_weekly_template_centered_active_ppg_residual,Jadarian Price,27.595411525978108,6.909572930508345,19.67228556988442,41.91405385724324,-6.1739676420875185,11.53526777880537,current_locked_spec_v6_v2_population_11f,model_inputs_projonly,joint_weekly_template_centered_active_ppg_residual,Jadarian Price,RB,11.039585543797974,-0.5464202501872535,21.42144388389059,39.13067930478348,19.67228556988442,41.91405385724324,14.0,False,False
4e03bbdc-d05e-5e4e-9a6b-a8acf3c6430e,Drake Maye,15.8358057904441,3.447369068965484,9.072918190966917,21.66976497396932,-5.080531610774373,3.755075312984163,current_locked_spec_v6_v2_population_11f,model_inputs_projonly,joint_weekly_template_centered_active_ppg_residual,Drake Maye,15.279353072905584,3.293558510231595,8.895858699812567,20.903779054428316,-4.807804692374275,3.633585769349303,current_locked_spec_v6_v2_population_11f,model_inputs_projonly,joint_weekly_template_centered_active_ppg_residual,Drake Maye,QB,18.767027331507705,-0.5564527175385159,10.47154838053131,18.91293884225489,8.895858699812567,20.903779054428316,17.0,False,False
83d966f5-e6fc-5d52-a2fe-ff361de67e10,Woody Marks,2.66483071225531,1.4305847205646094,1.0,4.593789969785676,-2.7727606111374383,0.8938280276696561,current_locked_spec_v6_v2_population_11f,model_inputs_projonly,joint_weekly_template_centered_active_ppg_residual,Woody Marks,2.103285380346625,1.295136933061413,1.0,3.8349852996358917,-2.6494246359939075,0.6700113234424941,current_locked_spec_v6_v2_population_11f,model_inputs_projonly,joint_weekly_template_centered_active_ppg_residual,Woody Marks,RB,7.1473694460684705,-0.5615453319086852,1.0,2.773296703789119,1.0,3.8349852996358917,1.0,False,False
dc980e68-2edd-539e-b9bd-93deb3b8bf84,Kenny Gainwell,10.390124190562332,4.643455141976273,4.421933221424187,19.330905500264482,-5.138515491460592,6.762660037424596,current_locked_spec_v6_v2_population_11f,model_inputs_projonly,joint_weekly_template_centered_active_ppg_residual,Kenny Gainwell,9.828315615748982,4.608712699311782,4.02118407707307,18.691442050485342,-4.990648224236387,6.821482424099712,current_locked_spec_v6_v2_population_11f,model_inputs_projonly,joint_weekly_template_centered_active_ppg_residual,Kenny Gainwell,RB,8.846816701583052,-0.5618085748133499,4.837667391512595,16.649798039848694,4.02118407707307,18.691442050485342,,False,False
89818ea0-2db6-5bf2-abae-585ffca00144,Jeremiyah Love,70.49288025396558,9.228285643214145,58.588786556150694,88.76202035322174,-8.683319318993924,14.968776784563927,current_locked_spec_v6_v2_population_11f,model_inputs_projonly,joint_weekly_template_centered_active_ppg_residual,Jeremiyah Love,69.92783902934602,9.2475619586755,57.66273492350261,88.15993144264542,-8.799015466972577,14.902485833112728,current_locked_spec_v6_v2_population_11f,model_inputs_projonly,joint_weekly_template_centered_active_ppg_residual,Jeremiyah Love,RB,14.371171924050344,-0.5650412246195629,61.12882356237344,84.83032486245875,57.66273492350261,88.15993144264542,74.0,False,False
ca42cfb0-4498-54c3-a50c-601ada26ce69,Jaylen Waddle,30.549641061827856,6.460140083442144,20.804693726571216,42.47615552935668,-8.219620407867568,8.337718625994649,current_locked_spec_v6_v2_population_11f,model_inputs_projonly,joint_weekly_template_centered_active_ppg_residual,Jaylen Waddle,29.98191439877872,6.608473183865156,20.028481580626238,42.39726129493256,-8.302346786584165,8.635169983662232,current_locked_spec_v6_v2_population_11f,model_inputs_projonly,joint_weekly_template_centered_active_ppg_residual,Jaylen Waddle,WR,10.87843659010334,-0.567726663049136,21.679567612194553,38.61708438244095,20.028481580626238,42.39726129493256,26.0,False,False
0b790eb6-4476-5860-bd4f-af0056741cb1,Bucky Irving,39.38975676523106,7.330654817418712,31.0166074164097,54.92146371961726,-6.299479822656727,12.488988474387435,current_locked_spec_v6_v2_population_11f,model_inputs_projonly,joint_weekly_template_centered_active_ppg_residual,Bucky Irving,38.82100650287409,7.056901520349166,30.581806521091195,54.16515511656442,-6.072450790635838,12.014387806019075,current_locked_spec_v6_v2_population_11f,model_inputs_projonly,joint_weekly_template_centered_active_ppg_residual,Bucky Irving,RB,12.138359062244897,-0.5687502623569713,32.74855571223826,50.835394308893164,30.581806521091195,54.16515511656442,33.0,False,False
74cbf5f4-34b4-5d31-9f38-c4300bc6bd97,Josh Downs,6.594998613321828,2.970421521962645,1.7931726265340862,11.875581100739984,-3.97165505546158,3.64153530532868,current_locked_spec_v6_v2_population_11f,model_inputs_projonly,joint_weekly_template_centered_active_ppg_residual,Josh Downs,6.024293604095375,2.68318163727905,1.53834629252992,10.980652147783232,-3.693336901323926,3.183657635022279,current_locked_spec_v6_v2_population_11f,model_inputs_projonly,joint_weekly_template_centered_active_ppg_residual,Josh Downs,WR,8.62325792298862,-0.5707050092264536,2.3309567027714486,9.207951239117653,1.53834629252992,10.980652147783232,2.0,False,False
10e364a3-15e8-5ae5-9637-64b6684fd2b4,Jordan Addison,7.249879969376885,3.31975816402674,2.130629854514459,13.315825005516265,-4.249694387052543,4.258845787347992,current_locked_spec_v6_v2_population_11f,model_inputs_projonly,joint_weekly_template_centered_active_ppg_residual,Jordan Addison,6.678313279827021,3.0408076737727914,1.8139131815674094,12.41913640490095,-4.01460746975556,3.7789825981241045,current_locked_spec_v6_v2_population_11f,model_inputs_projonly,joint_weekly_template_centered_active_ppg_residual,Jordan Addison,WR,8.918416656202487,-0.5715666895498641,2.6637058100714617,10.457295877951125,1.8139131815674094,12.41913640490095,5.0,False,False
c3254b64-83c1-515c-a106-e1fe1f2a000a,Brock Purdy,3.584504704724718,1.4079512138074002,1.0,6.4951516553483915,-2.742120079858077,0.8664588811302898,current_locked_spec_v6_v2_population_11f,model_inputs_projonly,joint_weekly_template_centered_active_ppg_residual,Brock Purdy,3.0106142765063857,1.2388659624038474,1.0,5.63652454348638,-2.507818155768999,0.6673953058720623,current_locked_spec_v6_v2_population_11f,model_inputs_projonly,joint_weekly_template_centered_active_ppg_residual,Brock Purdy,QB,17.92371663419185,-0.5738904282183324,1.0,3.678009582378448,1.0,5.63652454348638,5.0,False,False
c16a5e67-fff0-57b9-838c-c8df91df7b9d,Tetairoa McMillan,38.524267340369384,6.982569909203879,27.59079739279339,50.792119094780354,-9.171266799853314,8.72505987743623,current_locked_spec_v6_v2_population_11f,model_inputs_projonly,joint_weekly_template_centered_active_ppg_residual,Tetairoa McMillan,37.94754273169711,7.3362878093012265,26.684677813975483,51.020699148391536,-9.390997367317224,9.411908287921822,current_locked_spec_v6_v2_population_11f,model_inputs_projonly,joint_weekly_template_centered_active_ppg_residual,Tetairoa McMillan,WR,11.748070389795727,-0.5767246086722722,28.556545364379886,47.35945101961893,26.684677813975483,51.020699148391536,,False,False
399f7c0a-f537-53b1-826c-cec23035d733,DK Metcalf,14.337136054222075,5.904297324513085,7.481775092179494,26.580289162850484,-5.860644752963813,9.272069289763227,current_locked_spec_v6_v2_population_11f,model_inputs_projonly,joint_weekly_template_centered_active_ppg_residual,DK Metcalf,13.75676501653637,6.02571876585029,6.947048816742609,26.2606684867972,-5.854538934956196,9.5893782619181,current_locked_spec_v6_v2_population_11f,model_inputs_projonly,joint_weekly_template_centered_active_ppg_residual,DK Metcalf,WR,9.574647726339649,-0.5803710376857047,7.902226081580174,23.34614327845447,6.947048816742609,26.2606684867972,,False,False
1ac267de-58c9-595e-bac0-858dfda9f6d4,Lamar Jackson,17.870648903010952,3.7779466089301006,10.639511190452247,24.177741524927356,-5.453092571896161,4.229784586791687,current_locked_spec_v6_v2_population_11f,model_inputs_projonly,joint_weekly_template_centered_active_ppg_residual,Lamar Jackson,17.28280704253111,3.6247999609211248,10.435813087884693,23.38928781816991,-5.171308958392608,4.119053341448235,current_locked_spec_v6_v2_population_11f,model_inputs_projonly,joint_weekly_template_centered_active_ppg_residual,Lamar Jackson,QB,18.822948032320916,-0.5878418604798412,12.111498084138503,21.401860383979347,10.435813087884693,23.38928781816991,17.0,False,False
63b10701-6328-57f6-a955-d01775177db6,Jakobi Meyers,7.233551194615606,3.311115857982171,2.1216765483927835,13.279726340172164,-4.2430650295445576,4.243324914463748,current_locked_spec_v6_v2_population_11f,model_inputs_projonly,joint_weekly_template_centered_active_ppg_residual,Jakobi Meyers,6.640966765711319,3.01995794092865,1.7966796169979906,12.335654062169088,-3.9973117318512,3.7428404707489302,current_locked_spec_v6_v2_population_11f,model_inputs_projonly,joint_weekly_template_centered_active_ppg_residual,Jakobi Meyers,WR,8.69185288204062,-0.5925844289042868,2.643655033860119,10.38380723646025,1.7966796169979906,12.335654062169088,6.0,False,False
726aa3d5-72b9-55e6-8fb7-21a5f6fa3576,Wan'Dale Robinson,8.088828630180723,3.780176962385488,2.7050345557292497,15.275025582829501,-4.495969546539749,5.192624008054258,current_locked_spec_v6_v2_population_11f,model_inputs_projonly,joint_weekly_template_centered_active_ppg_residual,Wan'Dale Robinson,7.495925344040614,3.5053214494158476,2.2576426915251764,14.261257166128098,-4.3611392967693545,4.622999578083463,current_locked_spec_v6_v2_population_11f,model_inputs_projonly,joint_weekly_template_centered_active_ppg_residual,Wan'Dale Robinson,WR,8.572800255460342,-0.5929032861401087,3.13478604727126,12.118924922124076,2.2576426915251764,14.261257166128098,5.0,False,False
ddf55e16-fa43-5d7e-92f4-f41e53fd6fb7,Jaxson Dart,5.497473733873625,1.7202059139553927,1.2426449424444863,8.857044625186495,-3.102736498362016,1.306151259105656,current_locked_spec_v6_v2_population_11f,model_inputs_projonly,joint_weekly_template_centered_active_ppg_residual,Jaxson Dart,4.899884537090992,1.5306232985431603,1.0494107942785402,7.950446797782113,-2.8438159811218147,1.0791715330443052,current_locked_spec_v6_v2_population_11f,model_inputs_projonly,joint_weekly_template_centered_active_ppg_residual,Jaxson Dart,QB,17.79348444109534,-0.597589196782633,2.0560685559691776,5.9790560701352975,1.0494107942785402,7.950446797782113,9.0,False,False
7874dae0-cc67-569b-8cf6-1c68b956320a,Chris Rodriguez Jr.,3.297966353432222,1.6263606131505017,1.0,5.695678427495778,-2.979146253935844,1.1892159975688923,current_locked_spec_v6_v2_population_11f,model_inputs_projonly,joint_weekly_template_centered_active_ppg_residual,Chris Rodriguez Jr.,2.69426438554171,1.3742270729419863,1.0,4.602860690438034,-2.7323996071601413,0.78974438079017,current_locked_spec_v6_v2_population_11f,model_inputs_projonly,joint_weekly_template_centered_active_ppg_residual,Chris Rodriguez Jr.,RB,6.905936205616623,-0.6037019678905118,1.0,3.48400876633188,1.0,4.602860690438034,,False,False
365679ea-18f0-5f48-bfa0-2f5b61050a92,Xavier Worthy,4.780465904422646,2.062504380602801,1.1282150959290225,8.325945494590712,-3.0322821569220957,2.2539165705628834,current_locked_spec_v6_v2_population_11f,model_inputs_projonly,joint_weekly_template_centered_active_ppg_residual,Xavier Worthy,4.17573659261118,1.789945669370738,1.0,7.3273339104590605,-2.736889541431264,1.850741209165938,current_locked_spec_v6_v2_population_11f,model_inputs_projonly,joint_weekly_template_centered_active_ppg_residual,Xavier Worthy,WR,8.499410722612925,-0.6047293118114654,1.4388470511799163,6.026477801777118,1.0,7.3273339104590605,4.0,False,False
cdc830cf-3f5f-5b70-9b57-2c24ef411203,Makai Lemon,7.059118495880965,3.2187941260283877,2.0260325474047525,12.894101104430575,-4.172246689656861,4.077522655353897,current_locked_spec_v6_v2_population_11f,model_inputs_projonly,joint_weekly_template_centered_active_ppg_residual,Makai Lemon,6.444872125517378,2.9100900470981204,1.7117100979883393,11.901294516149061,-3.9014018135227895,3.5571589771896934,current_locked_spec_v6_v2_population_11f,model_inputs_projonly,joint_weekly_template_centered_active_ppg_residual,Makai Lemon,WR,8.869752939368377,-0.6142463703635874,2.5434703119945885,10.002031102707072,1.7117100979883393,11.901294516149061,1.0,False,False
2759aac1-b92d-5019-af52-c5638f6486f4,Jonathon Brooks,15.315315610216693,6.621223295538704,7.942279972424983,27.881081633139424,-6.189744611930787,10.780450694534915,current_locked_spec_v6_v2_population_11f,model_inputs_projonly,joint_weekly_template_centered_active_ppg_residual,Jonathon Brooks,14.697033997768683,6.613754522801977,7.296329215672692,27.272658257917296,-6.1230951171346115,10.827957724806858,current_locked_spec_v6_v2_population_11f,model_inputs_projonly,joint_weekly_template_centered_active_ppg_residual,Jonathon Brooks,RB,9.470686004890622,-0.6182816124480102,8.57393888063407,25.524991722575542,7.296329215672692,27.272658257917296,3.0,False,False
180dc6f2-3c76-5e25-afdd-b4606749e353,KC Concepcion,4.394590571758854,1.8843707790015476,1.003116030287885,7.6357465819138906,-2.8237758266192907,2.005866479961676,current_locked_spec_v6_v2_population_11f,model_inputs_projonly,joint_weekly_template_centered_active_ppg_residual,KC Concepcion,3.7500701010279633,1.6023491543905894,1.0,6.538736458547186,-2.532217417644389,1.5746034650586922,current_locked_spec_v6_v2_population_11f,model_inputs_projonly,joint_weekly_template_centered_active_ppg_residual,KC Concepcion,WR,8.436059634955795,-0.6445204707308902,1.2178526833835743,5.3246735660866555,1.0,6.538736458547186,,False,False
8987f12e-ff79-572a-9971-d32a2cc90acd,Michael Pittman,11.62941798184341,5.672207929780459,5.4349771828857,23.61149961640033,-5.245708889404394,9.292160034622922,current_locked_spec_v6_v2_population_11f,model_inputs_projonly,joint_weekly_template_centered_active_ppg_residual,Michael Pittman,10.98477004060702,5.562341595921606,4.88051933580366,22.673650629628927,-5.228011580695341,9.028269929651737,current_locked_spec_v6_v2_population_11f,model_inputs_projonly,joint_weekly_template_centered_active_ppg_residual,Michael Pittman,WR,8.914147319371635,-0.644647941236391,5.756758459911678,20.013039970258756,4.88051933580366,22.673650629628927,12.0,False,False
80a2afa8-d753-5eba-a66f-72d5f5b93356,De'Zhaun Stribling,4.004255118463681,1.7030280303154728,1.0,6.933550119245433,-2.61131011818039,1.753550723518167,current_locked_spec_v6_v2_population_11f,model_inputs_projonly,joint_weekly_template_centered_active_ppg_residual,De'Zhaun Stribling,3.3587510091704535,1.4268332167773248,1.0,5.790057928521522,-2.343090115677777,1.3138834189225066,current_locked_spec_v6_v2_population_11f,model_inputs_projonly,joint_weekly_template_centered_active_ppg_residual,De'Zhaun Stribling,WR,8.240367470890982,-0.6455041092932277,1.0156608934926767,4.672634428092961,1.0,5.790057928521522,0.0,False,False
f5df2348-afd6-5f32-b7d9-1f083ba5b53a,Zach Charbonnet,4.166156493977443,1.9481073474511523,1.0,7.342796211957168,-3.3110683572643542,1.6819307742529495,current_locked_spec_v6_v2_population_11f,model_inputs_projonly,joint_weekly_template_centered_active_ppg_residual,Zach Charbonnet,3.5187145649847307,1.7010645300883491,1.0,6.1517690168791574,-3.0300200932450307,1.329808297371408,current_locked_spec_v6_v2_population_11f,model_inputs_projonly,joint_weekly_template_centered_active_ppg_residual,Zach Charbonnet,RB,7.706145979784687,-0.6474419289927122,1.0,4.8485228623561385,1.0,6.1517690168791574,0.0,False,False
bf9a1eb0-a5c2-541b-b440-dd77c833a1e1,Rashee Rice,56.13178876500719,7.954811927426746,42.47663129849351,68.98446470537964,-11.466284527286632,8.92189844270812,current_locked_spec_v6_v2_population_11f,model_inputs_projonly,joint_weekly_template_centered_active_ppg_residual,Rashee Rice,55.47681894581819,8.029712753803558,41.383732225989576,68.11792274211804,-11.791349889193082,8.788803898805435,current_locked_spec_v6_v2_population_11f,model_inputs_projonly,joint_weekly_template_centered_active_ppg_residual,Rashee Rice,WR,12.651060676425937,-0.6549698191889988,43.68546905662511,64.26562284462362,41.383732225989576,68.11792274211804,70.0,False,False
c73d42e2-8dd5-52c0-a050-48bd77bd2a0e,Chuba Hubbard,12.522617309569565,5.60105951161109,5.921591311255539,23.230303049837083,-5.599761072328391,8.755754455930832,current_locked_spec_v6_v2_population_11f,model_inputs_projonly,joint_weekly_template_centered_active_ppg_residual,Chuba Hubbard,11.839299746332719,5.519846636849315,5.351438163846044,22.40631291900236,-5.469553274040111,8.677813656204684,current_locked_spec_v6_v2_population_11f,model_inputs_projonly,joint_weekly_template_centered_active_ppg_residual,Chuba Hubbard,RB,9.422558352656383,-0.6833175632368462,6.369746472292608,20.517113402537404,5.351438163846044,22.40631291900236,2.0,False,False
293977a0-9c45-58e1-9754-083a6e254a09,Matthew Golden,6.249527425049758,2.782478842070213,1.6388914415262166,11.123115588326428,-3.8107723223395165,3.3207209498864403,current_locked_spec_v6_v2_population_11f,model_inputs_projonly,joint_weekly_template_centered_active_ppg_residual,Matthew Golden,5.563697468129831,2.4491407736422612,1.3819783344799275,10.02724765056535,-3.4533618846698517,2.8237859181752647,current_locked_spec_v6_v2_population_11f,model_inputs_projonly,joint_weekly_template_centered_active_ppg_residual,Matthew Golden,WR,8.520153362199254,-0.6858299569199264,2.1103355834599795,8.387483386305096,1.3819783344799275,10.02724765056535,7.0,False,False
c27144f9-c945-55c7-9034-cd9ddf95203f,Derrick Henry,72.56550255729478,9.342635020024018,60.43529595756004,90.99108212187963,-8.837536728227363,15.107636828094192,current_locked_spec_v6_v2_population_11f,model_inputs_projonly,joint_weekly_template_centered_active_ppg_residual,Derrick Henry,71.87853837701599,9.375596583297893,59.36841702436182,90.26897362664505,-8.970801405791999,15.058852637200506,current_locked_spec_v6_v2_population_11f,model_inputs_projonly,joint_weekly_template_centered_active_ppg_residual,Derrick Henry,RB,15.563063371145352,-0.6869641802787925,62.90773697122398,86.93739101421649,59.36841702436182,90.26897362664505,63.0,False,False
1fab18c4-ed4c-5dd1-9a39-eae05e4dffab,Jameson Williams,24.832188703073342,5.905154319328415,15.991422906860912,36.01632494164893,-7.500437415620079,7.63447310481865,current_locked_spec_v6_v2_population_11f,model_inputs_projonly,joint_weekly_template_centered_active_ppg_residual,Jameson Williams,24.14333687740478,5.879570439997261,15.18643440794074,35.44029978851643,-7.520176793479648,7.549162244233332,current_locked_spec_v6_v2_population_11f,model_inputs_projonly,joint_weekly_template_centered_active_ppg_residual,Jameson Williams,WR,11.350168915371151,-0.6888518256685607,16.623160083925132,31.692499121638114,15.18643440794074,35.44029978851643,21.0,False,False
9a6bd053-aab3-5c2f-aaff-c5d10a749e0b,Jordyn Tyson,7.384469122097407,3.392355134082926,2.2082505316034338,13.61756177604159,-4.30049496021142,4.394111248443119,current_locked_spec_v6_v2_population_11f,model_inputs_projonly,joint_weekly_template_centered_active_ppg_residual,Jordyn Tyson,6.684336538255195,3.044134033676223,1.8167623121534628,12.432500439811104,-4.01741225296116,3.784703275351,current_locked_spec_v6_v2_population_11f,model_inputs_projonly,joint_weekly_template_centered_active_ppg_residual,Jordyn Tyson,WR,8.50899735870199,-0.7001325838422119,2.6669242852940354,10.469039813606194,1.8167623121534628,12.432500439811104,0.0,False,False
d451985a-4675-56fc-86e6-4cc094695747,A.J. Brown,52.0153700984959,7.7055883580197095,39.02945954155447,64.75168863138556,-10.893074563227886,8.856348398376632,current_locked_spec_v6_v2_population_11f,model_inputs_projonly,joint_weekly_template_centered_active_ppg_residual,A.J. Brown,51.307820808647385,7.857224836633489,37.927265779864335,64.1118500598313,-11.178508594534156,8.95955866175748,current_locked_spec_v6_v2_population_11f,model_inputs_projonly,joint_weekly_template_centered_active_ppg_residual,A.J. Brown,WR,12.54175378757017,-0.7075492898485152,40.12931221411323,60.26737947040486,37.927265779864335,64.1118500598313,,False,False
6e4ef93f-1261-5bab-9ef2-a620679de8d6,Rico Dowdle,16.918467038828737,6.9410279681466385,9.275992502322591,30.113462069522427,-6.35768387378207,11.432170808577764,current_locked_spec_v6_v2_population_11f,model_inputs_projonly,joint_weekly_template_centered_active_ppg_residual,Rico Dowdle,16.20718891199624,6.976703868865108,8.472168625418119,29.478052931901995,-6.35420618198322,11.527085833918054,current_locked_spec_v6_v2_population_11f,model_inputs_projonly,joint_weekly_template_centered_active_ppg_residual,Rico Dowdle,RB,10.11535850804979,-0.7112781268324966,9.852982730013021,27.734274745914295,8.472168625418119,29.478052931901995,4.0,False,False
5b43f120-bdb8-504b-b689-649ef8b484b1,Tyler Warren,22.11433719062054,4.476590233384949,14.13214492722657,28.898662383118154,-6.2741932159926135,5.199307552173013,current_locked_spec_v6_v2_population_11f,model_inputs_projonly,joint_weekly_template_centered_active_ppg_residual,Tyler Warren,21.401162970480183,4.195855034940448,13.880271659677586,28.1462090932432,-5.538588060686847,5.215388393865522,current_locked_spec_v6_v2_population_11f,model_inputs_projonly,joint_weekly_template_centered_active_ppg_residual,Tyler Warren,TE,9.64377464414259,-0.7131742201403561,15.862574909793334,26.616551364345703,13.880271659677586,28.1462090932432,23.0,False,False
5b54568c-77ab-5d85-a2c9-4c3486c42d40,Carnell Tate,21.169983918042902,5.608435318672194,12.914268508967677,31.9673580859642,-7.056284484732047,7.318135237024787,current_locked_spec_v6_v2_population_11f,model_inputs_projonly,joint_weekly_template_centered_active_ppg_residual,Carnell Tate,20.45223116249733,5.5697564007490215,12.100203443349963,31.22960929274878,-7.091297426479087,7.183988228640655,current_locked_spec_v6_v2_population_11f,model_inputs_projonly,joint_weekly_template_centered_active_ppg_residual,Carnell Tate,WR,10.007248167194712,-0.7177527555455718,13.360933736018243,27.636219391137985,12.100203443349963,31.22960929274878,18.0,False,False
c7b359b9-58c6-569e-a338-59c41280cb3f,Jacory Croskey-Merritt,11.774254976208923,5.272920559940735,5.396068489954105,21.879214448756073,-5.4376000195484036,8.076895375579701,current_locked_spec_v6_v2_population_11f,model_inputs_projonly,joint_weekly_template_centered_active_ppg_residual,Jacory Croskey-Merritt,11.055497528649559,5.166370353472264,4.832893931793089,20.96223581998146,-5.283113403150683,7.958293812798729,current_locked_spec_v6_v2_population_11f,model_inputs_projonly,joint_weekly_template_centered_active_ppg_residual,Jacory Croskey-Merritt,RB,9.085028070304347,-0.7187574475593639,5.772384125498876,19.01379134144829,4.832893931793089,20.96223581998146,,False,False
470bce8b-05ac-5a15-9774-e2d825f72d9e,Saquon Barkley,74.24674807372669,9.42689699399471,61.95007225526659,92.78037638344165,-8.951594637497399,15.209542358111042,current_locked_spec_v6_v2_population_11f,model_inputs_projonly,joint_weekly_template_centered_active_ppg_residual,Saquon Barkley,73.51339556835859,9.481226145473558,60.80096666753885,92.03333140024628,-9.113505327408419,15.186877283440312,current_locked_spec_v6_v2_population_11f,model_inputs_projonly,joint_weekly_template_centered_active_ppg_residual,Saquon Barkley,RB,14.977205426615035,-0.7333525053681029,64.39989024095017,88.7002728517989,60.80096666753885,92.03333140024628,65.0,False,False
07813480-9729-5f2f-afcb-3ac1d8a5a45a,Ja'Marr Chase,93.26819042476687,8.672245184225897,77.65502840840878,106.25303571725844,-13.178481593349847,9.048482813821126,current_locked_spec_v6_v2_population_11f,model_inputs_projonly,joint_weekly_template_centered_active_ppg_residual,Ja'Marr Chase,92.51961524285628,8.578689485265887,76.19777463849584,104.49978710814747,-13.72931201368286,8.257869137053607,current_locked_spec_v6_v2_population_11f,model_inputs_projonly,joint_weekly_template_centered_active_ppg_residual,Ja'Marr Chase,WR,16.456899477758615,-0.7485751819105957,78.79030322917342,100.77748437990988,76.19777463849584,104.49978710814747,98.0,False,False
33d09db9-d16c-5fb8-adb5-7cff0591e1d3,Rome Odunze,25.11936392639504,5.9339915098792835,16.232280941372917,36.3439107666681,-7.538281274035026,7.670538965785579,current_locked_spec_v6_v2_population_11f,model_inputs_projonly,joint_weekly_template_centered_active_ppg_residual,Rome Odunze,24.359157171127194,5.90690923034972,15.365074987402815,35.698894455961856,-7.549967876824295,7.589440480562039,current_locked_spec_v6_v2_population_11f,model_inputs_projonly,joint_weekly_template_centered_active_ppg_residual,Rome Odunze,WR,10.677672738266928,-0.7602067552678449,16.8091892943029,31.948597651689234,15.365074987402815,35.698894455961856,25.0,False,False
b364cb25-e157-582a-97dc-f54354862a6b,Jordan Mason,11.872519648380827,5.31760868737873,5.465226031861151,22.06012852567206,-5.458833159804372,8.170197905947315,current_locked_spec_v6_v2_population_11f,model_inputs_projonly,joint_weekly_template_centered_active_ppg_residual,Jordan Mason,11.07700991974996,5.176146043148196,4.847123134221207,21.00204263522557,-5.288240292038069,7.978222016550759,current_locked_spec_v6_v2_population_11f,model_inputs_projonly,joint_weekly_template_centered_active_ppg_residual,Jordan Mason,RB,9.130801091749754,-0.7955097286308668,5.788769627711891,19.055231936300718,4.847123134221207,21.00204263522557,2.0,False,False
839e45a8-8159-53d2-bd45-9122fb57bf9b,Rachaad White,8.342267771608283,3.6771397797300747,2.993700249080158,15.490541453833632,-4.679468840066541,4.7450404153816415,current_locked_spec_v6_v2_population_11f,model_inputs_projonly,joint_weekly_template_centered_active_ppg_residual,Rachaad White,7.533684479998325,3.502513085180465,2.5228174464762043,14.247900644324602,-4.415014913216661,4.5619261241008715,current_locked_spec_v6_v2_population_11f,model_inputs_projonly,joint_weekly_template_centered_active_ppg_residual,Rachaad White,RB,8.656718463812417,-0.808583291609958,3.118669566781664,12.095610604099196,2.5228174464762043,14.247900644324602,2.0,False,False
02283248-8f01-5aee-963c-8276cf2485ea,Omarion Hampton,69.39091947955383,9.165279069572748,57.6114770111353,87.57449782484821,-8.597964193411451,14.892646061903505,current_locked_spec_v6_v2_population_11f,model_inputs_projonly,joint_weekly_template_centered_active_ppg_residual,Omarion Hampton,68.55136755581123,9.153678540396255,56.46754894666454,86.66835535821053,-8.672382850955085,14.78849524808052,current_locked_spec_v6_v2_population_11f,model_inputs_projonly,joint_weekly_template_centered_active_ppg_residual,Omarion Hampton,RB,15.011225351521597,-0.8395519237426043,59.87898470485614,83.33986280389175,56.46754894666454,86.66835535821053,58.0,False,False
cac30a97-fbab-5fa5-8062-9d7b8684d6b9,J.K. Dobbins,14.526293912496936,6.376842847051601,7.3505289823647,26.644460637690077,-6.038085143248562,10.305763073744693,current_locked_spec_v6_v2_population_11f,model_inputs_projonly,joint_weekly_template_centered_active_ppg_residual,J.K. Dobbins,13.671161288629605,6.260200745628321,6.5819400625788775,25.592993217722228,-5.896050953289758,10.14884355775563,current_locked_spec_v6_v2_population_11f,model_inputs_projonly,joint_weekly_template_centered_active_ppg_residual,J.K. Dobbins,RB,9.656782526435684,-0.8551326238673305,7.775110335339847,23.820004846385235,6.5819400625788775,25.592993217722228,,False,False
4303b4b0-9888-5467-88ff-431fa1962604,Puka Nacua,89.85842976979616,8.672245184225897,74.24526775343807,102.84327506228773,-13.178481593349847,9.048482813821126,current_locked_spec_v6_v2_population_11f,model_inputs_projonly,joint_weekly_template_centered_active_ppg_residual,Puka Nacua,88.98590368915883,8.578689485265887,72.66406308479841,100.96607555445004,-13.72931201368286,8.257869137053607,current_locked_spec_v6_v2_population_11f,model_inputs_projonly,joint_weekly_template_centered_active_ppg_residual,Puka Nacua,WR,15.800847394446087,-0.8725260806373285,75.25659167547597,97.24377282621244,72.66406308479841,100.96607555445004,97.0,False,False
62980c8d-83e9-5b00-be3a-d7b0d971438f,De'Von Achane,86.18237430793175,9.64424179532431,73.33335894925956,104.94936576638555,-9.300327074327505,15.417864647088702,current_locked_spec_v6_v2_population_11f,model_inputs_projonly,joint_weekly_template_centered_active_ppg_residual,De'Von Achane,85.29600266148871,9.799360599464729,71.85934150376171,104.13609616640984,-9.597059423577408,15.518701792850694,current_locked_spec_v6_v2_population_11f,model_inputs_projonly,joint_weekly_template_centered_active_ppg_residual,De'Von Achane,RB,15.899105191555085,-0.8863716464430382,75.69894323791131,100.8147044543394,71.85934150376171,104.13609616640984,,False,False
cc1b1fa6-6a71-51d7-9964-9e97713d44f6,Aaron Jones,7.216609732273891,3.145898278125995,2.2830369624517513,13.260203544433807,-4.36583533752788,3.6971019493090456,current_locked_spec_v6_v2_population_11f,model_inputs_projonly,joint_weekly_template_centered_active_ppg_residual,Aaron Jones,6.3223356238419885,2.9363372343446286,1.779085862953182,11.77155840110688,-4.055465882351105,3.470366449274178,current_locked_spec_v6_v2_population_11f,model_inputs_projonly,joint_weekly_template_centered_active_ppg_residual,Aaron Jones,RB,8.430984619098995,-0.8942741084319028,2.2668697414908836,9.792702073116168,1.779085862953182,11.77155840110688,2.0,False,False
a9a0b5f2-4264-5a43-9775-040772ff9b5b,Brock Bowers,51.137597062805064,4.4860590222987335,43.12944848450262,57.94838046694294,-6.292000053004071,5.205769221147584,current_locked_spec_v6_v2_population_11f,model_inputs_projonly,joint_weekly_template_centered_active_ppg_residual,Brock Bowers,50.14021084274378,4.212002068227489,42.59863024081262,56.913304857400384,-5.566090904651459,5.229270396215595,current_locked_spec_v6_v2_population_11f,model_inputs_projonly,joint_weekly_template_centered_active_ppg_residual,Brock Bowers,TE,12.316758744152727,-0.9973862200612871,44.574119938092316,55.369481238959374,42.59863024081262,56.913304857400384,56.0,False,False
be3fbf27-4e03-5e54-af4d-1062532086d2,Jonathan Taylor,96.1624419196828,9.643679265950146,83.28193486921023,114.90993604003681,-9.320870994525636,15.395878964104586,current_locked_spec_v6_v2_population_11f,model_inputs_projonly,joint_weekly_template_centered_active_ppg_residual,Jonathan Taylor,95.10814922677821,9.803496503105984,81.63281060672915,113.93126271220639,-9.62445147143642,15.501910066024218,current_locked_spec_v6_v2_population_11f,model_inputs_projonly,joint_weekly_template_centered_active_ppg_residual,Jonathan Taylor,RB,17.15065443752626,-1.0542926929045962,85.4836977553418,110.61005929280243,81.63281060672915,113.93126271220639,91.0,False,False
bc2788cb-fb66-5316-9f71-c219e1e169c2,Bijan Robinson,106.02614030103138,9.643679265950146,93.1456332505588,124.77363442138538,-9.320870994525636,15.395878964104586,current_locked_spec_v6_v2_population_11f,model_inputs_projonly,joint_weekly_template_centered_active_ppg_residual,Bijan Robinson,104.82697245599311,9.803496503105984,91.35163383594406,123.6500859414213,-9.62445147143642,15.501910066024218,current_locked_spec_v6_v2_population_11f,model_inputs_projonly,joint_weekly_template_centered_active_ppg_residual,Bijan Robinson,RB,18.77275413518894,-1.1991678450382608,95.2025209845567,120.32888252201734,91.35163383594406,123.6500859414213,98.0,False,False
1e94748b-f1d3-58f6-b4b0-c0db791cf8b1,Amon-Ra St. Brown,82.14372580228407,8.672245184225897,66.53056378592598,95.12857109477564,-13.178481593349847,9.048482813821126,current_locked_spec_v6_v2_population_11f,model_inputs_projonly,joint_weekly_template_centered_active_ppg_residual,Amon-Ra St. Brown,80.91751618227902,8.578689485265887,64.5956755779186,92.89768804757023,-13.72931201368286,8.257869137053607,current_locked_spec_v6_v2_population_11f,model_inputs_projonly,joint_weekly_template_centered_active_ppg_residual,Amon-Ra St. Brown,WR,15.55781231989834,-1.2262096200050507,67.18820416859616,89.17538531933262,64.5956755779186,92.89768804757023,,False,False
03a3aedb-9194-5a61-ac5f-19385bb64647,Trey McBride,53.0255200727254,4.4860590222987335,45.01737149442296,59.83630347686328,-6.292000053004071,5.205769221147584,current_locked_spec_v6_v2_population_11f,model_inputs_projonly,joint_weekly_template_centered_active_ppg_residual,Trey McBride,51.33329811401378,4.212002068227489,43.79171751208262,58.106392128670386,-5.566090904651459,5.229270396215595,current_locked_spec_v6_v2_population_11f,model_inputs_projonly,joint_weekly_template_centered_active_ppg_residual,Trey McBride,TE,12.250889691580833,-1.6922219587116203,45.76720720936232,56.562568510229376,43.79171751208262,58.106392128670386,,False,False
ab8371db-2c4c-57aa-a7e3-7e8206667929,Jahmyr Gibbs,109.85515978235746,9.643679265950146,96.9746527318849,128.60265390271147,-9.320870994525636,15.395878964104586,current_locked_spec_v6_v2_population_11f,model_inputs_projonly,joint_weekly_template_centered_active_ppg_residual,Jahmyr Gibbs,107.74656692329492,9.803496503105984,94.27122830324586,126.5696804087231,-9.62445147143642,15.501910066024218,current_locked_spec_v6_v2_population_11f,model_inputs_projonly,joint_weekly_template_centered_active_ppg_residual,Jahmyr Gibbs,RB,18.936177427962846,-2.10859285906254,98.1221154518585,123.24847698931914,94.27122830324586,126.5696804087231,100.0,False,False
