player_key,display_name,season,position,team,identity_status,expert_ppg_team_game_median,conditional_ppg_lasso,conditional_ppg_random_forest,conditional_ppg_lightgbm,conditional_ppg_primary_blend,participation_probability,publication_status,ridge_prediction,production,ridge_swap,ridge_swap_minus_production
0166d0f0-3b26-516c-8ee4-eb89adfdbfde,Justice Hill,2026,RB,BAL,confirmed,6.41485089300344,7.227534626274037,7.445331174165938,7.1632104489478925,7.27869208312929,0.9823241280763886,shadow,7.329450167096773,7.27869208312929,7.312663930070201,0.03397184694091138
01a8cb20-3790-541b-9b24-722ba60aa5a1,Chimere Dike,2026,WR,TEN,confirmed,3.8115000000000006,6.28100577149579,5.802192707538114,5.817278157511562,5.966825545515156,0.9671708117453357,shadow,6.112461991228481,5.966825545515156,5.910644285426052,-0.056181260089103624
02283248-8f01-5aee-963c-8276cf2485ea,Omarion Hampton,2026,RB,LAC,confirmed,14.840929788628548,15.48695780812647,16.067212388735495,15.988751761004227,15.847640652622063,0.993830919874719,shadow,15.327889001913535,15.847640652622063,15.794617717217752,-0.0530229354043108
02296688-4ead-509e-bd03-467e6221d8dc,Devin Duvernay,2026,WR,ARI,confirmed,0.1490724754065449,2.789521693105037,3.9290036806264097,3.871138406723096,3.5298879268181813,0.5787637527782905,shadow,2.849601013356388,3.5298879268181813,3.5499143669019646,0.020026440083783292
037357cd-607e-5ea4-acae-111ec15d5d83,Jonah Coleman,2026,RB,DEN,confirmed,2.922038997214485,6.0921854412826955,5.721529628359733,5.4542529554929216,5.755989341711783,0.9484519236558965,shadow,5.964266289599756,5.755989341711783,5.713349624484137,-0.04263971722764559
039542aa-04f9-507b-8064-8eaf6b8d9a04,Drew Allar,2026,QB,PIT,confirmed,0.5414117647058823,15.854386735679173,13.919853158992634,13.517048807438453,14.430429567370089,0.48561059204222573,shadow,16.245204850976087,14.430429567370089,14.560702272469058,0.13027270509896915
03a3aedb-9194-5a61-ac5f-19385bb64647,Trey McBride,2026,TE,ARI,confirmed,14.61164705882353,14.534731380273444,15.507277375900207,15.971047818501793,15.337685524891816,0.9950796407326021,shadow,14.48643866170584,15.337685524891816,15.321587952035948,-0.01609757285586788
03b52b57-9d0c-5f61-8a0f-426cce0fc10f,Joe Milton III,2026,QB,DAL,confirmed,1.3296078431372547,12.079103367728562,14.841604465540433,13.221425146074736,13.380710993114576,0.3570368237523098,shadow,12.21982369033677,13.380710993114576,13.427617767317313,0.04690677420273737
0436eb8c-723b-502f-8cf4-571d04c42cd9,Malachi Fields,2026,WR,NYG,confirmed,2.7058823529411766,6.443616085064175,5.752961748262459,5.75010929759009,5.982229043638907,0.9351937095673913,shadow,6.240545762908595,5.982229043638907,5.914538936253714,-0.06769010738519299
04491d56-9d89-57f3-8a5d-2a46571ff9a8,Oscar Delp,2026,TE,NO,confirmed,2.264205882352941,4.855243575299821,4.665331502366077,4.36174940690579,4.627441494857229,0.9306316249187854,shadow,4.6438796485129235,4.627441494857229,4.556986852594931,-0.07045464226229825
04dfcee7-ee29-5205-8808-dbf021c4b127,Quentin Johnston,2026,WR,LAC,confirmed,9.562828936588561,11.030332098429561,10.127402058189722,10.67729001036434,10.611674722327875,0.9936028770224555,shadow,10.958232359415822,10.611674722327875,10.587641475989962,-0.024033246337912928
057fadd5-6d57-56c0-b4c5-f8c2147ff325,Roschon Johnson,2026,RB,CHI,confirmed,1.2024926134837501,4.237765848339339,4.458133522889817,4.827714058885117,4.507871143371425,0.8030923113370922,shadow,4.269335495052362,4.507871143371425,4.518394358942431,0.010523215571006439
05d1fee5-084f-5fbd-a509-fe8c23fdc978,Tyler Huntley,2026,QB,BAL,confirmed,1.223585882352941,13.01062289635995,13.770262056315989,13.492194633083946,13.424359861919962,0.6127909266885737,shadow,13.389034576642779,13.424359861919962,13.550497088680904,0.1261372267609424
05e08afe-7d4d-5caf-8cbe-6f2682c270d6,Daniel Jones,2026,QB,IND,confirmed,14.109823513026374,17.40565074710622,15.760807291305625,16.34863917646828,16.505032404960044,0.989356335937516,shadow,17.597760105196993,16.505032404960044,16.56906885765697,0.06403645269692504
05f0c678-2fe3-59ed-b840-9de13bf87cb8,Jake Tonges,2026,TE,SF,confirmed,3.533735294117647,6.123665421342276,5.692156642078505,5.404473844812541,5.740098636077774,0.9660255533322957,shadow,6.152046932735886,5.740098636077774,5.749559139875643,0.009460503797869002
05f42ae8-7521-5ceb-9a93-7cab671300fd,Lewis Bond,2026,WR,HOU,confirmed,,,,,,0.55150346913379,shadow,,,,
05fed2ba-2680-5ac4-949c-5f953230b224,Chris Collier,2026,RB,LVR,confirmed,0.08382352941176473,4.908595549164715,4.020316380127655,4.5718902917190904,4.500267407003819,0.3641289380822595,shadow,3.9853163933092715,4.500267407003819,4.192507688385338,-0.30775971861848106
06084e55-82dc-5709-90f9-96fbea6c582b,Anthony Smith,2026,WR,DAL,confirmed,,,,,,0.5100661185830931,shadow,,,,
074bd5d6-f8e9-547c-b65d-c5889751748e,Jacob Saylors,2026,RB,DET,confirmed,0.1211764705882353,3.6460510687938372,3.817659146378256,4.354381893584189,3.939364036252094,0.6951245309942085,shadow,3.897474113698747,3.939364036252094,4.023171717887064,0.08380768163496999
07813480-9729-5f2f-afcb-3ac1d8a5a45a,Ja'Marr Chase,2026,WR,CIN,confirmed,19.24808823529412,19.42551791817116,20.1351520207694,21.17891896720486,20.24652963538181,0.9948345766580816,shadow,19.61865306239853,20.24652963538181,20.310908016790933,0.06437838140912433
07f9b213-c16b-5ebf-99a9-e9a23e207aa8,John Bates,2026,TE,WAS,confirmed,2.0941705571117333,2.773712805932762,3.9027975994928097,3.482450315440221,3.3863202402885975,0.8818408624880528,shadow,2.8277334926546995,3.3863202402885975,3.4043271358625766,0.018006895573979165
080dc486-47f0-511e-a876-388d5a4817c2,Dylan Laube,2026,RB,LVR,confirmed,0.7060617647058824,3.009214947019956,3.792048258877459,4.14110720534754,3.647456803748318,0.7415528556183977,shadow,3.1121523741422,3.647456803748318,3.681769279455733,0.03431247570741469
08b481fb-f1c4-5ecc-9dc3-6453f5bcf059,Jaren Kanak,2026,TE,TEN,confirmed,,,,,,0.3841777096308653,shadow,,,,
08c78f15-3f4f-5727-881b-22b8b7ffcc99,Keon Coleman,2026,WR,BUF,confirmed,3.471764705882353,7.089201656810525,5.721597005348195,5.456081769266854,6.088960143808525,0.9590134592566374,shadow,7.11078885624508,6.088960143808525,6.096155876953375,0.007195733144850003
08cf746b-bbc1-5d86-b3ee-5fff65fad3e2,Lil'Jordan Humphrey,2026,WR,DEN,confirmed,0.5,3.234504607435518,4.288340419070894,4.160962900981599,3.894602642496004,0.7140787027012041,shadow,3.520732826368997,3.894602642496004,3.9900120488071633,0.09540940631115946
09ce39f6-1e27-5e3e-9a08-040ab263184f,Elijah Arroyo,2026,TE,SEA,confirmed,3.298766999836145,4.501617797041781,4.920935914885731,4.958824469413799,4.793792727113771,0.9658494127104179,shadow,4.378568347300227,4.793792727113771,4.7527762438665855,-0.04101648324718532
0a2330c1-3de8-5011-a74d-924b2d41ee83,Jack Westover,2026,TE,NE,confirmed,0.36411764705882355,3.627474498689189,3.887843841156275,4.027190835055397,3.847503058300287,0.6130149959446526,shadow,3.663551624884251,3.847503058300287,3.859528767031975,0.012025708731687956
0a4cd164-59e9-5c85-8516-f2fab90268b9,Jonathan Mingo,2026,WR,DAL,confirmed,1.2037352941176471,3.4830867021016134,4.128645289335632,4.127169114673371,3.912967035370205,0.7464068387968043,shadow,3.554221288470835,3.912967035370205,3.9366785641599455,0.023711528789740477
0ac6cc9c-394d-5566-bf3c-d84bcdabaa10,Efton Chism III,2026,WR,NE,confirmed,0.0,6.375749372261154,5.1389672660659045,4.640729128260369,5.385148588862475,0.22450275458465593,shadow,6.418256206281697,5.385148588862475,5.3993175335359895,0.014168944673514261
0b6a4855-c151-53e6-bc55-569a4078864a,Skyler Bell,2026,WR,BUF,confirmed,2.0325882352941176,5.156255492371335,4.694195844735928,4.517590366286116,4.78934723446446,0.89465766204521,shadow,4.9543686035049825,4.78934723446446,4.722051604842343,-0.06729562962211677
0b790eb6-4476-5860-bd4f-af0056741cb1,Bucky Irving,2026,RB,TB,confirmed,13.38264705882353,13.8780563913819,13.906751127536948,13.98709069726802,13.92396607206229,0.9925307139594121,shadow,13.93218207421745,13.92396607206229,13.942007966340805,0.018041894278514548
0c370254-2acd-5345-a009-d0744ed3affe,Taysom Hill,2026,TE,NO,confirmed,,,,,,0.2667000744977799,shadow,,,,
0cef180b-aa62-5659-b1d5-319c45738d0f,Ollie Gordon II,2026,RB,MIA,confirmed,2.2951764705882356,4.499931214473139,4.309146824523017,4.4463726592915975,4.418483566095918,0.9484944409306917,shadow,4.570343583695726,4.418483566095918,4.44195435583678,0.023470789740862585
0d3bbec5-d16e-5b66-9d99-1bc3650362a5,Rivaldo Fairweather,2026,TE,,confirmed,1.7,2.7400190784067124,4.318157337718188,3.9338882385455585,3.6640215515568197,0.5830400058880904,shadow,2.620967753067905,3.6640215515568197,3.624337776443884,-0.03968377511293575
0d7ac08b-8c65-5007-be21-41eeecf0bc38,Mike Washington Jr.,2026,RB,LVR,confirmed,4.198315664427329,6.33452226381824,5.868499748678192,5.659590276698311,5.954204096398247,0.9556443999766895,shadow,6.237097401375241,5.954204096398247,5.921729142250581,-0.032474954147666324
0dacabcf-a2ae-56c0-9c2f-f1cf13dd41d6,Chris Oladokun,2026,QB,,confirmed,0.6894117647058824,12.070222846558618,12.706572450164742,12.86842956553517,12.54840828741951,0.35924934430258904,shadow,12.198004118634996,12.54840828741951,12.591002044778302,0.042593757358790896
0dafcd28-c0b2-5d95-bdee-ecc3840a5e63,Foster Moreau,2026,TE,HOU,confirmed,1.7797991391678631,2.8748327656126076,4.351320540337025,3.8943738978185007,3.706842401256045,0.860916604953753,shadow,2.1565485063380008,3.706842401256045,3.4674143148311756,-0.23942808642486924
0e029f6b-b119-5b84-a31f-ff4b7c9e319e,Tyson Bagent,2026,QB,CHI,confirmed,0.6994117647058824,14.922590159533486,13.980880254499134,13.318562241602356,14.074010885211658,0.3531233749507683,shadow,15.390163117784867,14.074010885211658,14.229868537962119,0.15585765275046093
0e9ad35c-c5da-593f-b849-dd0512a1648a,Britain Covey,2026,WR,PHI,confirmed,0.0,2.8350585207047576,3.989356459965219,3.6768152245032404,3.5004100683910724,0.19250429914817654,shadow,2.212171240432464,3.5004100683910724,3.2927809749669747,-0.20762909342409763
0eb15aa6-fd23-5111-937c-80a10908b1e3,D'Andre Swift,2026,RB,CHI,confirmed,12.36343208258235,13.046786377410053,12.939179417733916,12.840459853387769,12.942141882843913,0.9944938237736295,shadow,13.101316377942748,12.942141882843913,12.960318549688145,0.018176666844231804
0ee432f2-489b-5a1a-a684-0a560c7fa1c5,Audric Estimé,2026,RB,NO,confirmed,1.3882352941176472,3.500805139807178,4.509733920701975,4.732454570744587,4.247664543751246,0.7766286281787783,shadow,3.5570959376225826,4.247664543751246,4.266428143023048,0.018763599271801823
0f2f039b-b633-555d-a142-c56f2752494e,Kyle Pitts,2026,TE,ATL,confirmed,11.038235294117648,11.269512335123137,11.098813194241604,11.075383881469119,11.14790313694462,0.9940782101369658,shadow,11.277806975856224,11.14790313694462,11.150668017188982,0.0027648802443618337
0fa688b7-e967-5607-b807-0744832be8e7,Tyrell Shavers,2026,WR,BUF,confirmed,0.648235294117647,4.497565408233603,4.470186228979334,4.224984046757205,4.397578561323381,0.6930151635174393,shadow,3.701637368981803,4.397578561323381,4.132269214906114,-0.26530934641726667
0fa72b32-393b-5f55-bb48-0f21f5283baf,Kenny McIntosh,2026,RB,SEA,confirmed,,,,,,0.4633840711877028,shadow,,,,
1098598a-3949-567e-9c62-23117bc73694,Devontez Walker,2026,WR,BAL,confirmed,3.1836601307189527,5.749446020505589,5.483651418922368,5.601650388204114,5.61158260921069,0.9456413388661965,shadow,5.573568775200686,5.61158260921069,5.552956860775723,-0.058625748434967484
10e364a3-15e8-5ae5-9637-64b6684fd2b4,Jordan Addison,2026,WR,MIN,confirmed,9.64764705882353,11.225079904617019,10.144853969613171,10.613770576407825,10.661234816879338,0.9936028770224555,shadow,11.263614729951009,10.661234816879338,10.674079758657335,0.01284494177799722
11092b99-31c6-504d-8390-0def87d4a8d5,Mac Jones,2026,QB,SF,confirmed,1.6831189578895622,14.536212304708297,14.618971161861252,14.678798395171833,14.611327287247127,0.6491745585669197,shadow,14.95910989346299,14.611327287247127,14.752293150165357,0.14096586291823066
126770fe-1685-5215-82dd-aa8521ff1c94,Frank Gore Jr.,2026,RB,BUF,confirmed,0.6399784177085462,4.963381239877014,4.488161855000221,4.382088737316401,4.611210610731212,0.5072534065042562,shadow,4.468477812711871,4.611210610731212,4.446242801676164,-0.1649678090550477
12b61ef2-ae38-5199-ba3b-fc499bf65d37,Garrett Nussmeier,2026,QB,KC,confirmed,0.543529411764706,14.290574117125363,13.455516048931104,13.397232848371258,13.714441004809244,0.4258730224314431,shadow,14.420076453159648,13.714441004809244,13.757608450154004,0.04316744534476058
12c032f9-6411-530c-83ce-c078fa3b6cc5,Sam Roush,2026,TE,CHI,confirmed,1.2853658536585364,4.597398553598913,4.46061891910003,4.56035134528084,4.539456272659927,0.8370105997572261,shadow,4.430520542307914,4.539456272659927,4.483830268896262,-0.05562600376366511
1344d63c-9c12-55bc-8522-23f8526d15b3,Chig Okonkwo,2026,TE,WAS,confirmed,7.709747828936591,8.037669752220857,8.478668539164493,8.409006446049386,8.30844824581158,0.992883581909574,shadow,7.920164873120451,8.30844824581158,8.26927995277811,-0.03916829303346958
1354766f-f25c-5c4b-941d-b56fa295d201,Zavion Thomas,2026,WR,CHI,confirmed,1.7204117647058823,4.823165194288386,4.613927731704591,4.525768584479866,4.654287170157613,0.8354435728767896,shadow,4.804376657082926,4.654287170157613,4.648024324422461,-0.006262845735152567
13ccc960-a67c-5444-84de-925e1b2c8693,Omar Cooper Jr.,2026,WR,NYJ,confirmed,7.039120924135672,8.893324472560792,8.027601655170866,8.237742954190105,8.386223027307254,0.9805563804089644,shadow,8.825097478225588,8.386223027307254,8.363480695862187,-0.022742331445067876
13cf76af-bac9-5c77-8d62-e2301ba490d9,Jimmy Garoppolo,2026,QB,LAR,confirmed,,,,,,0.1875425346698012,shadow,,,,
15697d5e-11eb-5a6b-9192-3d3affa1dbfc,Tory Horton,2026,WR,SEA,confirmed,3.210294117647059,6.3513983886929095,5.555042041508054,5.359820143280403,5.755420191160455,0.9538495496952947,shadow,6.311090579470196,5.755420191160455,5.741984254752885,-0.01343593640756957
1590cd29-104f-5e24-b733-43f57e85df1e,Sam LaPorta,2026,TE,DET,confirmed,10.298442896935935,11.179272765194526,11.117168199608534,11.22419153877541,11.17354416785949,0.9918555087932049,shadow,11.188807394817141,11.17354416785949,11.176722377733695,0.003178209874205251
15a6e6c3-296d-5130-ae09-5b7d6c99d728,Isaac Guerendo,2026,RB,SF,confirmed,0.8735294117647059,5.045023925024597,4.517489634786698,4.4964271040918184,4.6863135546343715,0.6269656583532363,shadow,4.602242467307487,4.6863135546343715,4.538719735395335,-0.14759381923903625
15e3e7d5-976d-5bc4-839a-56bef8d70d28,Justin Jefferson,2026,WR,MIN,confirmed,15.719109454366716,15.885174128901546,16.51661679972591,16.224416366271775,16.20873576496641,0.9955728615962276,shadow,15.922755949571979,16.20873576496641,16.221263038523222,0.012527273556813157
170e2e23-3c82-5154-86f3-e383f9f4ee0b,Jerry Jeudy,2026,WR,CLE,confirmed,7.859999999999999,8.852175464354627,8.196878377307966,8.343794801296161,8.464282880986252,0.9892591222807359,shadow,8.847750086209881,8.464282880986252,8.462807754938003,-0.0014751260482483985
180dc6f2-3c76-5e25-afdd-b4606749e353,KC Concepcion,2026,WR,CLE,confirmed,8.686652941176472,9.89367166486232,9.581816779636021,9.950481980168634,9.808656808222324,0.9817804271319308,shadow,9.89031351832416,9.808656808222324,9.80753742604294,-0.0011193821793842318
18ce4dea-26cf-511f-8d80-41793a2849b4,Chris Manhertz,2026,TE,NYG,confirmed,0.23705882352941177,3.5920384324992014,3.7565941624590016,3.8105693294578487,3.719733974805351,0.6893189572585214,shadow,3.8415900083059817,3.719733974805351,3.802917833407611,0.08318385860225996
192ef118-42d0-5aad-ad2f-5de17ecdfd78,Brycen Tremayne,2026,WR,,confirmed,0.47941176470588237,2.48295701488635,4.045177655926334,4.077169226855611,3.5351012992227653,0.6367307414223778,shadow,2.4110725363079792,3.5351012992227653,3.511139806363308,-0.023961492859457145
19955737-99cd-505f-88b8-2bdbeb246712,Caleb Williams,2026,QB,CHI,confirmed,17.534379411764707,19.428393460575165,18.62903645386186,19.588615706566603,19.215348540334542,0.9943776223862081,shadow,19.404862646347357,19.215348540334542,19.207504935591942,-0.007843604742600263
19a9a0e8-ddfb-59e2-b261-080ace897de8,Stephen Carlson,2026,TE,CHI,confirmed,0.1511764705882353,7.735379265364007,4.33618088732892,4.44031212776791,5.503957426820279,0.4199658703901165,shadow,9.470657613319531,5.503957426820279,6.082383542805453,0.5784261159851738
1a3572a5-079d-5862-ba66-3b32e370397c,Dawson Knox,2026,TE,BUF,confirmed,4.6638205882352946,5.588517253383825,5.946114028405707,5.318730363269956,5.61778721501983,0.9640409940983883,shadow,5.546684819964628,5.61778721501983,5.6038430705467634,-0.0139441444730668
1ac267de-58c9-595e-bac0-858dfda9f6d4,Lamar Jackson,2026,QB,BAL,confirmed,19.149207058823528,21.51047581318017,20.195154445024805,19.763157445714864,20.489595901306615,0.9927611348118877,shadow,21.67043552080136,20.489595901306615,20.54291580384701,0.05331990254039454
1ac7486f-07f8-5bd3-a1d4-0229762c66a0,Payne Durham,2026,TE,TB,confirmed,0.9079088235294117,3.6742650041405884,3.7727858624491426,4.098050098896876,3.848366988495536,0.8197394702328461,shadow,3.8498180328524167,3.848366988495536,3.906884664732812,0.058517676237276106
1ad0c60d-db1e-5cbc-9b83-51a462eec8cc,Robbie Ouzts,2026,RB,SEA,confirmed,0.3151764705882353,3.3024080178147193,4.460899516949489,4.219275125862218,3.994194220208809,0.5293634383406526,shadow,3.501545925741466,3.994194220208809,4.060573522851057,0.06637930264224812
1af42b84-3a74-5634-8b54-5d318eae700f,Brayden Willis,2026,TE,SF,confirmed,0.3714338235294118,5.141110882358739,3.9345761357146225,4.328115185951321,4.467934068008227,0.6288433819393313,shadow,5.5404653981812935,4.467934068008227,4.601052239949079,0.1331181719408523
1b83d40f-8ec8-5c1e-8bba-03eaad6f67e3,Dylan Drummond,2026,WR,ATL,confirmed,0.38361764705882356,3.4271222491194093,4.047188317607696,4.312192228888933,3.928834265205346,0.6671145632297995,shadow,3.634814436821605,3.928834265205346,3.9980649944394115,0.0692307292340657
1bb4ab30-961e-5ba9-8669-d56b9eaf5447,Davante Adams,2026,WR,LAR,confirmed,13.036824102900214,13.431946260615273,13.877484703693366,13.268637019379751,13.526022661229463,0.9938111427057401,shadow,13.490462511692888,13.526022661229463,13.545528078255336,0.019505417025872163
1dead61c-057f-5d3e-908f-7923a67fdf4b,Isaiah Bond,2026,WR,CLE,confirmed,1.8653333333333328,3.717148667412058,4.309764450418058,4.491728183785039,4.172880433871718,0.8865491198320639,shadow,3.7021896583954135,4.172880433871718,4.1678940975328365,-0.004986336338881792
1e351c61-4158-5d47-ab8f-02ae64c8ae4a,Cooper Kupp,2026,WR,SEA,confirmed,7.244273103391776,8.15035775041283,7.403266587754434,7.689571730608929,7.747732022925398,0.987503423755144,shadow,7.865226816118735,7.747732022925398,7.6526883781607,-0.09504364476469807
1e3d359a-7008-5ebd-ac11-015d52bf3e12,C.J. Stroud,2026,QB,HOU,confirmed,15.018792352941178,17.56042324943141,16.459746701587928,16.47307421469165,16.83108138857033,0.9944819710074764,shadow,17.7336466515153,16.83108138857033,16.888822522598293,0.05774113402796388
1e94748b-f1d3-58f6-b4b0-c0db791cf8b1,Amon-Ra St. Brown,2026,WR,DET,confirmed,17.861271997378342,18.075452723164236,19.261521968435815,19.592519518304645,18.97649806996823,0.9958420409959263,shadow,18.18446843207559,18.97649806996823,19.01283663960535,0.036338569637120344
1f4b3d33-8102-5b0a-822a-0cb81cf8df84,Grant Calcaterra,2026,TE,PHI,confirmed,0.8343529411764706,3.6657958490136515,3.6792255406954126,3.9645872383317076,3.7698695426802575,0.8561025565773805,shadow,3.7195095870784645,3.7698695426802575,3.787774122035195,0.0179045793549375
1fab18c4-ed4c-5dd1-9a39-eae05e4dffab,Jameson Williams,2026,WR,DET,confirmed,12.855588235294118,13.457589879016732,13.921702868519606,13.845993172127384,13.741761973221243,0.9953108660004427,shadow,13.455247481410629,13.741761973221243,13.740981174019206,-0.0007807992020367749
1ff9fc6b-fb9c-579c-8e02-1072792c4427,Barion Brown,2026,WR,NO,confirmed,0.9450000000000001,4.178750986570565,4.4996963360933515,4.309095363656568,4.329180895440161,0.6909273931861704,shadow,4.034702391327453,4.329180895440161,4.28116469702579,-0.04801619841437077
2043383e-8993-56bf-b35f-16f6059d18f7,James Mitchell,2026,TE,CAR,confirmed,1.1902941176470587,2.872815134691952,3.8094404192294915,3.531404968794732,3.4045535075720585,0.6391948170231879,shadow,2.830338416596301,3.4045535075720585,3.3903946015401747,-0.014158906031883856
20d64dc9-bab5-5c79-a77e-7f89e8ab71fd,Josh Oliver,2026,TE,MIN,confirmed,2.946764705882353,3.372819205884892,4.637461067346467,4.2062122555284915,4.072164176253284,0.9398103038020289,shadow,3.431155255140096,4.072164176253284,4.091609526005018,0.019445349751734398
21270a48-2c80-5b91-b05c-ee7bf19df53d,Michael Penix Jr.,2026,QB,ATL,confirmed,7.169329411764706,15.124022226487197,14.572235501285054,14.63672135507002,14.777659694280757,0.9779633724042116,shadow,15.203187408830978,14.777659694280757,14.80404808839535,0.026388394114592373
218ac0fe-4309-546c-8f09-64d942ce9ed0,Ty Simpson,2026,QB,LAR,confirmed,1.5547058823529412,14.179966038120284,14.444140369256603,13.657738545807188,14.093948317728026,0.6006674898246654,shadow,14.40373386932228,14.093948317728026,14.168537594795358,0.0745892770673322
21956719-b1e4-5bb0-b10e-39ab15747174,Jonnu Smith,2026,TE,PIT,confirmed,5.977058823529411,5.07585923548608,6.629097442103951,5.941397592431763,5.882118090007264,0.9831403218618684,shadow,4.115814853651333,5.882118090007264,5.562103296062349,-0.3200147939449147
21964917-6b9f-5c8c-9d0f-6ed97fe488ef,AJ Barner,2026,TE,SEA,confirmed,7.40383077690996,8.07161884610961,8.020811276176103,8.155292724130971,8.082574282138895,0.9933578385738472,shadow,8.017973826997299,8.082574282138895,8.064692609101458,-0.017881673037436485
21abb04f-3faa-5349-a5e7-44ae9d017d41,Davis Mills,2026,QB,HOU,confirmed,1.3934335252175731,13.97361751248957,14.208157050184047,14.587786005926532,14.256520189533383,0.687195702521279,shadow,14.406709842336456,14.256520189533383,14.400884299482344,0.14436410994896143
21bad382-652a-5b7f-a892-8833d1752222,Cole Kmet,2026,TE,CHI,confirmed,4.509406398492544,5.521476611695111,5.6633229264375995,5.383874675511943,5.5228914045482185,0.9585141475705027,shadow,5.596334180510492,5.5228914045482185,5.547843927486678,0.02495252293845951
221f2f3d-914f-57ed-915e-e088de1901cb,Will Levis,2026,QB,TEN,confirmed,0.6440910022545598,16.032436498501276,14.317122644552056,14.06632067907942,14.805293274044251,0.4005164542446327,shadow,16.072134769132802,14.805293274044251,14.818526030921426,0.013232756877174623
22332b51-03ed-5c65-85e6-97f67445610c,Ameer Abdullah,2026,RB,,confirmed,,,,,,0.37889217771469996,shadow,,,,
22795526-a499-5cc5-802c-acbaca550de6,Cyrus Allen,2026,WR,KC,confirmed,2.5060000000000002,5.46089329207191,4.952255631613883,4.874261381727159,5.09580343513765,0.9229678717602806,shadow,5.239307068221116,5.09580343513765,5.02194136052072,-0.0738620746169305
22966a16-6954-5fd4-854b-bc57712263ef,Seydou Traore,2026,TE,MIA,confirmed,1.5567065997130562,3.6671588012689336,4.466665758724646,4.221728477088664,4.1185176790274145,0.7952176246958851,shadow,2.70225130147755,4.1185176790274145,3.79688184576362,-0.3216358332637945
23c337f1-377c-5dc2-b5f1-e12efcdf1755,Bryce Young,2026,QB,CAR,confirmed,14.501720588235294,17.051983596157406,15.946469429588529,15.867205455135148,16.28855282696036,0.9946895748761572,shadow,17.206903222956527,16.28855282696036,16.34019270256007,0.051639875599711615
24ccea0c-2922-57dd-a523-9dd2a236b107,Zavier Scott,2026,RB,MIN,confirmed,1.6474493073679997,3.043225040405008,4.47033133167124,4.0800801402606375,3.864545504112295,0.8394064836932448,shadow,2.276485781332738,3.864545504112295,3.608965751088205,-0.2555797530240902
25066cdf-3833-545f-9fea-48d5bb54840d,Marvin Mims Jr.,2026,WR,DEN,confirmed,4.0382,6.213106226145587,5.520789812840986,5.480857727231977,5.738251255406183,0.9664905252307388,shadow,6.300734245739132,5.738251255406183,5.767460595270698,0.029209339864515016
25543ffd-c3ff-5e3a-819d-21687a031f90,Charlie Kolar,2026,TE,LAC,confirmed,2.8176470588235296,4.0843254505440605,4.485225589524915,4.5567357731791285,4.375428937749368,0.9665206650348687,shadow,4.030405948807019,4.375428937749368,4.357455770503687,-0.017973167245680877
259d2b5d-f3b0-5389-a954-5e8bc03a3cb8,Joe Flacco,2026,QB,CIN,confirmed,1.7161754123871769,10.304069034415843,16.035829969953024,14.500216719094437,13.613371907821103,0.8033493387319953,shadow,10.318675410782228,13.613371907821103,13.61824069994323,0.004868792122127985
25e31c1c-f07c-50e5-86bc-4ea9618926b4,Emeka Egbuka,2026,WR,TB,confirmed,13.07205464525643,13.738515975332227,14.37765822061923,13.975980719093638,14.030718305015034,0.9948272512039293,shadow,13.575568740411471,14.030718305015034,13.976402560041445,-0.054315744973589375
263cbee6-3271-50f7-8ef9-088c75c672ba,George Holani,2026,RB,SEA,confirmed,2.972415563083873,5.607184122661607,5.059284514254427,5.296413356796357,5.320960664570797,0.9304611901108363,shadow,5.527834238757333,5.320960664570797,5.294510703269373,-0.02644996130142374
2656ae46-ec0a-5f7d-9b2d-234b2f563743,Adam Trautman,2026,TE,DEN,confirmed,2.0767058823529414,3.184921226099119,3.9971915378455076,3.764646948946759,3.6489199042971285,0.8942388747926522,shadow,3.0037349938873774,3.6489199042971285,3.588524493559881,-0.060395410737247524
26f708de-38b8-5ea9-aa4b-adf0ea5b57ce,Ben Sims,2026,TE,MIA,confirmed,1.9552213568354129,2.72173001126274,3.9455597869129653,3.7900072082755725,3.4857656688170926,0.8423066847044496,shadow,2.758425459967148,3.4857656688170926,3.4979974850518953,0.01223181623480274
273a80eb-ada4-5170-8fd1-d529d007e09d,Fernando Mendoza,2026,QB,LVR,confirmed,11.541845813534326,15.831922097098289,15.07448847624977,14.062417296232855,14.989609289860306,0.9832318027126282,shadow,15.86904347210339,14.989609289860306,15.001983081528673,0.012373791668366607
2759aac1-b92d-5019-af52-c5638f6486f4,Jonathon Brooks,2026,RB,CAR,confirmed,7.971432352941177,9.31764779318535,9.4591651103308,8.9049834317859,9.227265445100683,0.8856705781010505,shadow,9.019769887310254,9.227265445100683,9.127972809808986,-0.09929263529169674
293977a0-9c45-58e1-9754-083a6e254a09,Matthew Golden,2026,WR,GB,confirmed,8.902265279370798,9.83942547926752,9.2008208904797,9.74110019894723,9.593782189564818,0.9898712562104305,shadow,9.702064714756235,9.593782189564818,9.547995268061056,-0.045786921503761846
2a188917-7dff-5b64-9e14-c6241f8893ec,Julian Hill,2026,TE,NE,confirmed,0.9194117647058823,3.6675575780607197,3.744896485774044,3.8681369671673402,3.7601970103340343,0.810494550333232,shadow,3.0916156890841417,3.7601970103340343,3.568216380675175,-0.19198062965885931
2b735d2f-8117-583a-a2b9-8a7b1b7df1fc,Darius Slayton,2026,WR,NYG,confirmed,4.997058823529411,5.946700100649823,6.228399303210556,5.848894078001011,6.00799782728713,0.9834328902297569,shadow,5.802313604014819,6.00799782728713,5.959868995075461,-0.04812883221166864
2b73f2a2-0315-5f68-a4b2-42c808d40a8d,Tyler Allgeier,2026,RB,ARI,confirmed,5.37174705882353,7.07703833365618,6.89395121776125,6.734417100024774,6.901802217147401,0.983747901735023,shadow,7.030038064962787,6.901802217147401,6.886135460916271,-0.015666756231130563
2c047821-5db0-5c6a-8c18-1b40ac17be45,Lucas Krull,2026,TE,DEN,confirmed,0.7911764705882353,2.6748879216965866,3.752051452394404,3.4236831928340252,3.2835408556416716,0.7137875782622384,shadow,2.5911959275086343,3.2835408556416716,3.255643524245688,-0.027897331395983826
2c8f0364-64a5-5bec-a641-ec731330aed5,Teagan Quitoriano,2026,TE,ARI,confirmed,0.49235294117647066,5.1636265614849615,3.9199376415183727,4.107612313990732,4.397058838998022,0.45206961008188595,shadow,4.590437325716068,4.397058838998022,4.205995760408391,-0.19106307858963056
2cdb1bbf-1112-5b7b-b329-7ac0f77c8ee9,Dameon Pierce,2026,RB,PHI,confirmed,0.5560763988522239,4.3570106643611455,4.4049855390428725,4.70480673644832,4.488934313284112,0.7244362462251122,shadow,3.8695886820058574,4.488934313284112,4.326460319165683,-0.16247399411842878
2ced7322-3482-5285-afec-ecb2df53f435,Chris Bell,2026,WR,MIA,confirmed,5.252352941176471,6.9675587659187785,6.5157362118186715,6.658276527308933,6.713857168348795,0.971535214223497,shadow,6.886229052546234,6.713857168348795,6.68674726389128,-0.027109904457515377
2d81dad5-0b57-5fc0-b5d9-88263ffa4cf4,Tucker Kraft,2026,TE,GB,confirmed,10.038584029712162,10.848769420283107,11.077786827900445,11.300617478481493,11.075724575555014,0.9915817901043175,shadow,10.773891282103952,11.075724575555014,11.050765196161963,-0.02495937939305115
2dce8972-7a57-5e02-aad7-0ffcfc7ebf19,Eric Saubert,2026,TE,SEA,confirmed,0.9143382352941176,2.9415439241570853,3.610274562027162,3.7780054879152036,3.4432746580331504,0.8416771301646527,shadow,3.0772480772847537,3.4432746580331504,3.4885093757423733,0.04523471770922294
2e3787a6-b1ba-5d9f-9a61-8f79048010ff,Tyler Shough,2026,QB,NO,confirmed,16.51764705882353,17.818821666363995,17.406994523732564,17.73377613366016,17.653197441252242,0.990351930919823,shadow,17.483354418487657,17.653197441252242,17.541375025293462,-0.1118224159587804
2f414e0c-dfb8-5d05-9e79-65cce816e1a2,Will Kacmarek,2026,TE,MIA,confirmed,2.484764705882353,3.6625935864960537,4.725923403694833,4.513939929137638,4.300818973109508,0.941796334729825,shadow,3.491438142866908,4.300818973109508,4.24376715856646,-0.05705181454304853
2f721bed-8e17-5b45-97ae-69c039387004,Tank Dell,2026,WR,HOU,confirmed,4.78213205800426,8.37128662671817,6.664912837355209,7.173348327976601,7.403182597349994,0.8905674362296896,shadow,7.783955908157435,7.403182597349994,7.207405691163082,-0.19577690618691168
2f82d513-7207-5697-bf4d-b56975fb8f12,Cam Skattebo,2026,RB,NYG,confirmed,13.614037358676065,14.123120166625636,14.558707960677648,14.045821668676624,14.242549931993302,0.9930558484159205,shadow,13.907670594786724,14.242549931993302,14.170733408046999,-0.07181652394630333
31049618-4747-505d-98cf-b36d4d4db8b6,Quintin Morris,2026,TE,JAC,confirmed,0.3079411764705883,4.226230999936364,3.7543568068473805,3.9679240926142962,3.9828372997993466,0.6503738366529691,shadow,3.7457248109043206,3.9828372997993466,3.822668570121999,-0.16016872967734752
31c3fcf7-3f74-524e-8b8f-67177f592742,Myles Montgomery,2026,RB,NE,confirmed,,,,,,0.7237613978457604,shadow,,,,
322001dc-5860-53e0-a440-ff37e3ada059,Andrew Beck,2026,RB,NYJ,confirmed,0.6688910969793321,2.6981164558749926,3.6793579229371827,3.547351501195593,3.3082752933359227,0.8449403599416722,shadow,2.941672808251912,3.3082752933359227,3.389460744128229,0.08118545079230621
3235e3db-fa18-5a41-b217-b07f05853991,Kene Nwangwu,2026,RB,NYJ,confirmed,0.11188823529411765,3.6191717902142297,3.968698659364947,4.065732488408725,3.884534312662634,0.7384232809004397,shadow,3.8585674794304854,3.884534312662634,3.964332875734719,0.07979856307208522
32510374-a4c9-53c3-93ee-b327a81f2724,Romeo Doubs,2026,WR,NE,confirmed,9.397352941176472,10.149112677181764,9.493616078431874,9.687246377095395,9.776658377569678,0.9901007492267273,shadow,10.093880466044112,9.776658377569678,9.758247640523793,-0.01841073704588503
32a4c6de-3b8a-54d4-9f1a-978516b414c5,Zaire Mitchell-Paden,2026,TE,NO,confirmed,0.11588235294117648,4.873749066829058,4.038857631363648,4.028905809483333,4.3138375025586795,0.5938766504545535,shadow,4.330794451687819,4.3138375025586795,4.132852630844933,-0.1809848717137461
32b92c93-bc8a-58d6-9d2e-7b9d2a319b42,Davis Allen,2026,TE,LAR,confirmed,1.3807823529411767,3.418473642709926,4.024320177697508,4.0917136717386065,3.844835830715347,0.9093267086507592,shadow,3.4546642356993456,3.844835830715347,3.85689936171182,0.012063530996472949
33d09db9-d16c-5fb8-adb5-7cff0591e1d3,Rome Odunze,2026,WR,CHI,confirmed,12.054961699164346,12.88463683515344,12.155549210281324,12.574472225880523,12.538219423771764,0.9937195600895541,shadow,12.743532204258958,12.538219423771764,12.491184546806934,-0.047034876964829664
33e4327a-e56d-5df0-bed0-8226f80855d8,Jared Wayne,2026,WR,HOU,confirmed,0.05647058823529411,4.919357979771811,4.165127459752213,4.363557334062111,4.482680924528712,0.3407976655986798,shadow,4.342245296997264,4.482680924528712,4.29031003027053,-0.19237089425818166
34beb3fa-5005-5be2-b163-32949f96ec1b,Dak Prescott,2026,QB,DAL,confirmed,17.734117647058824,18.78588732532318,18.975534148389567,18.94211946795467,18.90118031388914,0.9921440740605565,shadow,18.950354694977797,18.90118031388914,18.956002770440676,0.05482245655153761
35d5ce2f-914c-5098-8b03-22f5a120ba0c,Kyle Allen,2026,QB,BUF,confirmed,0.9232376470588235,14.633757817260406,14.499803170461767,13.335709379675771,14.156423455799315,0.3719106615231924,shadow,16.541841531048732,14.156423455799315,14.792451360395424,0.6360279045961086
360b8717-16a5-5e65-bbfa-7f7cd8553dde,Luther Burden III,2026,WR,CHI,confirmed,11.939140586596757,12.67904123481119,12.714909096333725,12.860008503467137,12.75131961153735,0.9946521361304393,shadow,12.654064258078012,12.75131961153735,12.742993952626291,-0.008325658911058298
365679ea-18f0-5f48-bfa0-2f5b61050a92,Xavier Worthy,2026,WR,KC,confirmed,9.424705800426018,10.693026176338169,9.682458363024043,9.966293971655485,10.113926170339232,0.993435635336048,shadow,10.604171780404869,10.113926170339232,10.084308038361465,-0.029618131977766637
36574684-e541-548a-8211-87f865b7cb40,Tommy DeVito,2026,QB,NE,confirmed,0.9450517647058825,14.070192309052594,13.503876729613154,13.15458518807032,13.576218075578689,0.37232885633137347,shadow,13.919014400601181,13.576218075578689,13.525825439428218,-0.050392636150471404
366e3f43-dfe4-5527-8297-5c9004492763,Devin Singletary,2026,RB,NYG,confirmed,2.4001764705882356,4.166338341999655,4.900729833100561,4.42044633599599,4.495838170365402,0.9317875300637651,shadow,4.195851353132072,4.495838170365402,4.5056758407428745,0.00983767037747274
367ecb02-b7bc-57f9-b01f-8febdef8a118,KaVontae Turpin,2026,WR,DAL,confirmed,4.462784313725491,5.3828101069488845,5.620632612247783,5.5442245831191395,5.515889100771935,0.967277986631106,shadow,5.115768438808904,5.515889100771935,5.426875211391942,-0.08901388937999322
369c68b6-110b-5de9-be62-ccf0f556c31a,MarShawn Lloyd,2026,RB,GB,confirmed,2.8371392567498193,6.574811991694282,5.079677119916301,5.26740924461866,5.640632785409747,0.8311751692159404,shadow,6.297821473407433,5.640632785409747,5.548302612647465,-0.09233017276228228
380d2c7d-99ef-5ddc-a057-fab93f1480ba,DeAndre Hopkins,2026,WR,BAL,confirmed,,,,,,0.38524378181025953,shadow,,,,
38fe3416-16cf-584a-ad1f-a4234594f6cb,Jake Briningstool,2026,TE,KC,confirmed,0.15529411764705883,6.272434496779618,4.593732591879046,4.471592615978316,5.112586568212326,0.3507719241497654,shadow,5.957951958622616,5.112586568212326,5.0077590554933264,-0.10482751271899993
396ffeda-b2c2-50d1-ba47-52a2776b9e1c,Seth McGowan,2026,RB,IND,confirmed,1.202,3.741255669297871,4.424916097999344,4.056739399321937,4.074303722206384,0.700062961624494,shadow,3.545421672563837,4.074303722206384,4.009025723295039,-0.06527799891134478
399f7c0a-f537-53b1-826c-cec23035d733,DK Metcalf,2026,WR,PIT,confirmed,11.337970588235294,12.088044936460854,11.53101692145138,11.13095226548361,11.583338041131947,0.9924169787603451,shadow,12.089803353214716,11.583338041131947,11.5839241800499,0.0005861389179528942
39fe9091-68fb-59a6-b3d6-1613f8eb2194,Stone Smartt,2026,TE,PHI,confirmed,,,,,,0.2819593335231769,shadow,,,,
3a048c38-cc5d-5768-8d0f-61679819ecf5,Shane Buechele,2026,QB,BUF,confirmed,0.5330026644804262,12.842892497101204,13.530859722862326,13.22685523221644,13.200202484059991,0.26596739801756347,shadow,13.131573826787474,13.200202484059991,13.296429593955414,0.09622710989542327
3a162382-6d7d-5f57-82fa-0dd84728407a,Jaylin Lane,2026,WR,WAS,confirmed,2.8488235294117645,4.328699215617463,4.726798385635837,4.79148666406742,4.615661421773574,0.9555746752316833,shadow,4.079361112941816,4.615661421773574,4.5325487208816915,-0.08311270089188216
3ac59774-bdb7-5211-8556-9b5668519ae4,Carlos Washington,2026,RB,,confirmed,1.3470588235294116,3.3874453215348934,4.50569857424512,4.681441108920922,4.191528334900312,0.6195194881040743,shadow,3.460462164677681,4.191528334900312,4.215867282614574,0.024338947714261927
3b4bc94c-3a48-5ec8-98d9-7ab28a02dc05,Rhamondre Stevenson,2026,RB,NE,confirmed,11.195167343929214,11.87095565325969,11.34757045399399,11.14606421674307,11.45486344133225,0.9932182971658311,shadow,11.936417814834059,11.45486344133225,11.476684161857039,0.02182072052478823
3c58072a-0321-530d-a584-ee0ef902d169,Savion Williams,2026,WR,GB,confirmed,2.713856209150327,4.845921843209211,4.592692687843545,4.8128655799330415,4.750493370328599,0.9559788387899291,shadow,4.652954074356373,4.750493370328599,4.686170780710987,-0.06432258961761228
3c5b6408-d5b6-5f6e-934f-03c8a8163b81,Zach Horton,2026,TE,DET,confirmed,0.045294117647058825,6.317324853431084,4.616311717529327,4.471592615978316,5.135076395646242,0.3250663128185774,shadow,6.134446635123753,5.135076395646242,5.074116989543799,-0.06095940610244277
3d4429a7-6a56-5305-a02d-336b9888c6bb,Emmett Johnson,2026,RB,KC,confirmed,2.3841717188268055,5.847329757033599,5.151723075071246,5.660817403778255,5.5532900786276995,0.9184097789317222,shadow,5.8844345697459275,5.5532900786276995,5.565658349531809,0.012368270904109302
3d7aecfa-c5f6-50ab-abb6-98bfdea74d3b,Oronde Gadsden II,2026,TE,LAC,confirmed,7.19088603965263,8.667724791144934,8.36187767807208,8.473131919473765,8.500911462896926,0.9917337273397736,shadow,8.568123337827975,8.500911462896926,8.467710978457939,-0.03320048443898749
3d9dd7dc-b646-5af6-8a50-cb31a1d2a598,Justin Herbert,2026,QB,LAC,confirmed,17.52539294117647,19.171843388311935,18.929845939557513,18.980730541072344,19.027473289647265,0.9930313321087739,shadow,19.260703143371792,19.027473289647265,19.057093208000552,0.029619918353287034
3e3df6e1-701c-5127-9fe0-75e945b197ff,Jack Stoll,2026,TE,CLE,confirmed,1.2759981553597046,2.9060215203732227,3.6683687990081073,3.5891719552621075,3.3878540915478124,0.8771008087565877,shadow,3.060504830863236,3.3878540915478124,3.439348528377817,0.05149443683000454
3ee0adca-5ab8-503d-a484-3f8dd438cb75,Behren Morton,2026,QB,NE,confirmed,0.5788235294117647,13.033771614224456,13.69472693348319,13.14932845836717,13.292609002024939,0.2989142248067341,shadow,13.08201307882976,13.292609002024939,13.308689490226707,0.01608048820176755
3f0b675d-ef58-5606-8f9e-73bc2a9b4118,Kareem Hunt,2026,RB,KC,confirmed,,,,,,0.5360317222526846,shadow,,,,
3f113f57-6733-5e89-b03c-156c4a78ae10,Will Mallory,2026,TE,IND,confirmed,1.257654416888707,4.522484584259528,3.662151542933893,3.76215291079415,3.9822630126625236,0.8093905578247532,shadow,3.916340401570239,3.9822630126625236,3.7802149517660943,-0.20204806089642924
3f24e069-858c-5312-8373-d5740819f82c,Gregory Desrosiers,2026,RB,LAC,confirmed,,,,,,0.5697074756340126,shadow,,,,
3f38e21b-7f9c-55e0-bad4-b3c23976cc5f,Dontae Fleming,2026,WR,MIN,confirmed,0.055882352941176466,5.108879925635597,4.475209088836623,4.243454706357116,4.609181240276445,0.30008758148074804,shadow,4.661111898614253,4.609181240276445,4.459925231269331,-0.14925600900711444
3f62bef9-831d-53b7-a0aa-5a781fbe2151,Derius Davis,2026,WR,LAC,confirmed,0.6052941176470588,2.970362383687502,4.020421800892936,3.9568771499179145,3.649220444832784,0.7626899397299156,shadow,3.04306791672178,3.649220444832784,3.6734556225108768,0.02423517767809269
3f84e8f1-fa59-519f-8069-0885da369954,Dillon Gabriel,2026,QB,CLE,confirmed,1.4647058823529413,12.767651936283482,13.605085211203475,13.546845645871022,13.306527597785994,0.6535728103020507,shadow,12.173256016405363,13.306527597785994,13.108395624493285,-0.1981319732927087
3fa89aa9-d289-50a3-9210-77e92dbfee57,Odell Beckham Jr.,2026,WR,NYG,confirmed,1.4335588235294119,4.63524219188137,4.885158893724284,4.609266665449395,4.709889250351683,0.6766170262711297,shadow,4.369152057639649,4.709889250351683,4.621192538937776,-0.088696711413907
4303b4b0-9888-5467-88ff-431fa1962604,Puka Nacua,2026,WR,LAR,confirmed,19.517323529411765,19.52231603255545,20.342516484863893,21.225493695083355,20.363442070834235,0.9950536852252512,shadow,19.57758723583157,20.363442070834235,20.381865805259608,0.018423734425372373
43a2fa45-f095-5a7f-9a66-e17943909def,Bauer Sharp,2026,TE,TB,confirmed,1.6588235294117648,3.7661491949655757,4.381986831763214,3.9819831237450214,4.043373050157936,0.6262163818123766,shadow,3.6338345165103867,4.043373050157936,3.9992681573395408,-0.04410489281839558
43c73a03-207b-53e4-8c96-495ff4664cca,Ty Chandler,2026,RB,NO,confirmed,1.6747919655667163,2.814043669267128,4.519877411362997,4.136599911469927,3.823506997366684,0.7808780865218101,shadow,2.0157406765263604,3.823506997366684,3.5574059997864276,-0.2661009975802564
440ea11e-4a81-56c3-a4b3-c1b98e706346,Marcedes Lewis,2026,TE,,confirmed,,,,,,0.13130044801785662,shadow,,,,
444c96a9-dd23-5918-b283-37b9ce8ded40,Shedeur Sanders,2026,QB,CLE,confirmed,6.841109077502872,15.238651238846467,14.412390570020818,14.622265528326274,14.757769112397852,0.9684143217638067,shadow,15.618215117069079,14.757769112397852,14.884290405138723,0.1265212927408701
45731568-2797-5a5a-a9d9-9cda1aa204f6,Reggie Gilliam,2026,RB,NE,confirmed,0.25103580562659855,2.570007043830282,3.74089285950118,3.7606261894322417,3.357175364254568,0.6355160743133749,shadow,2.8445294535680166,3.357175364254568,3.4486828341671463,0.09150746991257819
45dca743-6e67-53db-b87c-97668a0c08d8,Breece Hall,2026,RB,NYJ,confirmed,14.255676470588236,14.76491834397546,14.86136906736665,15.006052900198547,14.877446770513552,0.9947120052105525,shadow,14.966265367125146,14.877446770513552,14.944562444896782,0.06711567438322952
461cb2ab-2d3d-551b-9fc6-4919f5629027,Jaylen Warren,2026,RB,PIT,confirmed,11.35984048828445,11.992785392723592,11.371175068185082,11.20664156915398,11.523534010020883,0.9934526887603066,shadow,11.990001453370049,11.523534010020883,11.52260603023637,-0.000927979784513866
4620a6eb-1924-57ea-a68b-f13a65195aec,Simi Fehoko,2026,WR,ARI,confirmed,0.27929411764705886,2.858098619744231,4.054580741145156,3.841858920070625,3.5848460936533377,0.27215533927052105,shadow,2.329329144269802,3.5848460936533377,3.4085896018285275,-0.17625649182481018
4676ac4c-4469-5112-88b3-e15f4ce3a519,Moliki Matavao,2026,TE,NO,confirmed,0.5273764705882353,2.782962957894493,3.911714304370757,3.76619246677844,3.4869565763478967,0.5493307202145344,shadow,2.74280029014741,3.4869565763478967,3.4735690204322025,-0.013387555915694183
470bce8b-05ac-5a15-9774-e2d825f72d9e,Saquon Barkley,2026,RB,PHI,confirmed,15.58735294117647,15.72934000356572,16.76804936174554,17.14604865505951,16.547812673456924,0.995898614249278,shadow,15.85880665584324,16.547812673456924,16.590968224216095,0.043155550759170325
478368e9-1d81-51c1-9521-d705a1d2e055,Jared Goff,2026,QB,DET,confirmed,16.791217647058822,18.71714079200708,17.985419626172945,18.282225587471977,18.328262001884003,0.9930313321087739,shadow,18.94334537778825,18.328262001884003,18.403663530477726,0.07540152859372284
47a8ced0-e6d2-5fa9-b6f2-b8d84500d710,Erick All,2026,TE,CIN,confirmed,3.443529411764706,5.6861103237107695,5.242433892676793,5.265227577072983,5.397923931153515,0.8699678789429695,shadow,5.199472705199062,5.397923931153515,5.2357113916496125,-0.16221253950390224
47c508de-ee91-5f11-9d62-8e2f9db32ae1,Geno Smith,2026,QB,NYJ,confirmed,13.671176470588236,14.610033829199581,14.919597358893606,14.692370779211616,14.740667322434936,0.9930584132643149,shadow,14.595342836456904,14.740667322434936,14.735770324854043,-0.004896997580893014
47ca7c0a-64a6-5491-810c-572a9a6963ff,Greg Dulcich,2026,TE,MIA,confirmed,7.6275441176470595,7.875370923363896,7.890742838492976,7.969741780086977,7.911951847314616,0.9859869260349299,shadow,7.863791152764281,7.911951847314616,7.908091923781412,-0.0038599235332039683
480fa0a0-d05f-581d-af0d-360cbb0d6dde,Isaiah Hodgins,2026,WR,NYG,confirmed,0.518029411764706,5.484891317847527,4.603708955715155,4.721088620576451,4.936562964713045,0.6722291894415622,shadow,4.861089991593087,4.936562964713045,4.728629189294898,-0.20793377541814717
487433fb-f520-51c0-ab74-7da0517f7ef2,Adam Randall,2026,RB,BAL,confirmed,2.4577847442680776,4.719031874831165,4.947571720851735,4.573714447049918,4.746772680910939,0.9332297358343992,shadow,4.701037487553229,4.746772680910939,4.740774551818293,-0.005998129092645854
49291e8e-9988-50c0-88e3-20e46052791d,Joshua Simon,2026,TE,ATL,confirmed,0.29117647058823537,4.907919446003807,4.549936429309416,4.4364485266009135,4.631434800638046,0.33740948586808667,shadow,4.301300872600306,4.631434800638046,4.429228609503546,-0.20220619113450056
4938974a-29cd-59f7-bd42-d0e32f7f48b2,Sean Tucker,2026,RB,TB,confirmed,2.807691141975044,6.224733295852648,5.452554821386753,5.969528362599117,5.882272159946173,0.9634060454705125,shadow,6.404996867227499,5.882272159946173,5.942360017071124,0.060087857124950794
49d0dba9-71d7-51d9-a6ff-1cb3233c2bb8,Luke Musgrave,2026,TE,GB,confirmed,2.9189324922169413,4.971353487621896,4.815002446373074,4.8710176197238555,4.885791184572942,0.9630087996462302,shadow,5.004895253205669,4.885791184572942,4.896971773100866,0.011180588527923696
4ac68f6d-7ae6-51c9-848b-437e486ab5d8,Jauan Jennings,2026,WR,MIN,confirmed,7.771918523676883,8.596049535891424,8.12261715663395,8.217418926709907,8.312028539745095,0.9871337864667219,shadow,8.470741027504214,8.312028539745095,8.270259036949357,-0.04176950279573788
4ada2b23-0b77-5a29-85ae-e5e2160e60d7,Max Bredeson,2026,RB,MIN,confirmed,0.5935294117647059,3.2810435726643856,4.456636898880906,4.043331915785699,3.92700412911033,0.7355110431257192,shadow,3.3129637292434584,3.92700412911033,3.9376441813033547,0.010640052193024552
4aee5f6d-c223-5918-bca1-1d7f3572d513,Gunnar Helm,2026,TE,TEN,confirmed,6.673473291823692,7.33845918872133,7.449138225370162,7.7974250377772485,7.528340817289581,0.9923180019802443,shadow,7.1043602348458395,7.528340817289581,7.450307832664417,-0.07803298462516395
4b2c6c5a-73d0-5278-af53-05fbb595256f,Kylen Granson,2026,TE,TEN,confirmed,0.8507058823529412,3.1205873732964777,3.6548815158257217,3.959248328157632,3.5782390724266104,0.795179700027312,shadow,3.246906049038948,3.5782390724266104,3.6203452976741004,0.04210622524748997
4bce7997-6962-558d-a207-44e60c5fc456,Marquise Brown,2026,WR,PHI,confirmed,3.2049941176470584,5.758197023816952,5.41684242988634,5.127952572129884,5.434330675277725,0.9488260561640633,shadow,5.701071347382717,5.434330675277725,5.41528878313298,-0.019041892144745276
4c65e8a3-5c30-5e41-94ca-70bf3c3e035d,Donovan Edwards,2026,RB,MIA,confirmed,0.753235294117647,4.1116991801197,4.44517293653561,4.3849160397118565,4.313929385455722,0.526606892975525,shadow,3.618796849197623,4.313929385455722,4.149628608481696,-0.16430077697402634
4c9df89a-ef03-5edb-b3bf-5cbbf24a3d48,Ko Kieft,2026,TE,TB,confirmed,0.2791176470588235,6.025822811838683,3.93908917225708,3.9565334987697587,4.640481827621841,0.42379302754774256,shadow,5.453871233541479,4.640481827621841,4.449831301522773,-0.19065052609906807
4d52e389-fcf9-50ee-8ef0-6342a68e37ef,Garrett Wilson,2026,WR,NYJ,confirmed,13.932002293953802,14.356537797594891,14.403564442315645,14.478002439291156,14.412701559733899,0.9907354062726932,shadow,14.310728834313007,14.412701559733899,14.397431905306604,-0.015269654427294554
4dc13d99-383e-5c98-ae60-366ec36841b7,John Metchie III,2026,WR,CAR,confirmed,3.405294117647059,4.967852645403849,5.338835242445399,5.311991593741617,5.206226493863622,0.9637450483625684,shadow,5.218377542633445,5.206226493863622,5.289734792940154,0.08350829907653168
4de87048-11a5-5f8c-bea4-eb0d1852d840,Kendrick Law,2026,WR,DET,confirmed,,,,,,0.4155959637122173,shadow,,,,
4e03bbdc-d05e-5e4e-9a6b-a8acf3c6430e,Drake Maye,2026,QB,NE,confirmed,18.94529411764706,20.99855540869009,20.211408395809947,20.082514826519482,20.43082621033984,0.9942454327834082,shadow,21.036963781933636,20.43082621033984,20.44362900142102,0.0128027910811781
4e8d8218-4773-5457-9166-7f6a4f46f029,Jalen Tolbert,2026,WR,MIA,confirmed,4.890470588235294,5.6764322710790545,5.986834012010613,5.880512832594716,5.847926371894794,0.9808642639082239,shadow,5.5447053100600705,5.847926371894794,5.804017384888467,-0.043908987006327393
4ee11f10-fc74-548e-ad8b-d8fce637a717,Mecole Hardman,2026,WR,BUF,confirmed,0.5947058823529412,3.192421384941409,4.141961092016203,3.768479151483142,3.7009538761469183,0.5387510472346534,shadow,2.5542140926182197,3.7009538761469183,3.4882181120391884,-0.21273576410772987
507c9477-886c-5087-9499-7df4bd676624,Skyy Moore,2026,WR,GB,confirmed,0.27628823529411767,3.5468625868423302,4.025459764879568,4.258360587516937,3.9435609797462785,0.49588830879257967,shadow,3.7734614893605656,3.9435609797462785,4.019093947252357,0.07553296750607874
50e85734-a6b9-5048-9a4f-8fb48c87c8ab,Tyler Goodson,2026,RB,ATL,confirmed,1.7439147058823532,3.5405994497724187,3.920112002279314,4.078903668257784,3.8465383734365055,0.7485467554931663,shadow,3.6901514226670065,3.8465383734365055,3.896389031068035,0.049850657631529405
51bb2433-979a-5852-ac56-36961a15bba9,DeVonta Smith,2026,WR,PHI,confirmed,13.583250040963467,14.105570011308174,14.285256801132473,13.63859120628459,14.009806006241746,0.9948048632808179,shadow,14.058111688430884,14.009806006241746,13.993986565282649,-0.015819440959097264
5249c986-478c-54f3-b5a8-021e9c5b94bf,Emari Demercado,2026,RB,KC,confirmed,3.6278117647058825,4.759580250733579,5.486155469427738,5.146888911399656,5.130874877186991,0.9525810556704183,shadow,4.766294824017741,5.130874877186991,5.133113068281712,0.0022381910947206762
52670c2a-a7b5-5b0a-98d1-d33b68ce8561,Kaytron Allen,2026,RB,WAS,confirmed,1.5689705882352944,5.408424422194651,5.014924831081727,5.4555081450016365,5.292952466092672,0.8283465300064687,shadow,5.526146721796823,5.292952466092672,5.332193232626729,0.03924076653405706
53033763-66a7-5ff0-b1d3-50a38e94b59b,Nate Adkins,2026,TE,DEN,confirmed,1.0792733142037307,3.643546436323378,3.8078298686965497,3.8727676148589274,3.7747146399596185,0.8262032783113303,shadow,2.854914036307031,3.7747146399596185,3.511837173287503,-0.26287746667211564
535126df-7e36-5618-aeb7-81f58de856ff,Brenden Bates,2026,TE,CLE,confirmed,0.7552941176470588,4.593565161713516,3.7769497973381503,4.154113490170708,4.174876149740792,0.6881112207666976,shadow,3.9399349178008443,4.174876149740792,3.956999401769901,-0.21787674797089052
54396624-3b3a-59c2-ab16-6bdb35f17da8,Tai Felton,2026,WR,MIN,confirmed,1.0235294117647058,3.3730847894188463,4.137401308774046,4.047411189046559,3.8526324290798173,0.772991425791521,shadow,3.2589691580926345,3.8526324290798173,3.8145938853044132,-0.038038543775404055
546d15cf-39ca-5577-af7d-d2aa57cfa617,Dyami Brown,2026,WR,WAS,confirmed,3.2943660130718966,4.890244654282284,5.071199024817312,5.215140537992778,5.058861405697457,0.9385611808129067,shadow,4.894046747642527,5.058861405697457,5.060128770150872,0.0012673644534144657
547b7d52-0442-5528-815d-0259b84ed30d,DeMario Douglas,2026,WR,NE,confirmed,3.1589607843137264,5.530232124121049,5.297988364882964,5.096186676834289,5.308135721946101,0.9676453194126189,shadow,5.429040222721924,5.308135721946101,5.274405088146392,-0.033730633799708976
54ab1d88-12aa-569b-be63-bbf531c9a5ef,Anthony Richardson,2026,QB,IND,confirmed,1.8129296987087498,13.384062252886888,15.954912024443132,14.53970474957603,14.626226342302017,0.45856838725794363,shadow,13.497515147491127,14.626226342302017,14.664043973836764,0.03781763153474671
54c11099-366b-54c6-aaf2-d2e3091d7b5d,Jam Miller,2026,RB,NE,confirmed,0.8951640705062498,4.102138163700809,4.542806722715229,4.523796284270441,4.389580390228827,0.7165773090527151,shadow,4.072351411252656,4.389580390228827,4.379651472746109,-0.009928917482717736
54c7a257-1db2-5c99-a135-d4a7f3d65fc7,Brittain Brown,2026,RB,CHI,confirmed,0.8090882352941176,4.873653585715917,4.649981443501331,4.31470044955439,4.612778492923879,0.6986855598145164,shadow,4.280498090114427,4.612778492923879,4.41505999439005,-0.1977184985338294
55dbf4a8-f43f-56cb-a6eb-b57ce69468fd,Elijah Mitchell,2026,RB,,confirmed,1.5352941176470587,3.148530282089305,4.1331662336081365,4.073518887632878,3.7850718011101065,0.7770931993350365,shadow,3.1852433964415727,3.7850718011101065,3.7973095058941957,0.012237704784089143
5627730f-9c9d-5f5f-acab-c4f0320d6431,Colson Yankoff,2026,TE,WAS,confirmed,0.30058823529411766,2.057317998882347,3.7472707468974407,3.5097373277465382,3.1047753578421085,0.5367780200016735,shadow,1.566224148111914,3.1047753578421085,2.9410774075852975,-0.163697950256811
5648f2e8-9ece-524c-b092-1f2f806f3229,Carter Runyon,2026,TE,LVR,confirmed,0.24294117647058827,4.8066585642152155,3.9627965878456703,4.092540285546464,4.2873318125357835,0.4997098626269976,shadow,4.339768508830534,4.2873318125357835,4.131701794074223,-0.15563001846156066
567d5748-0794-500d-be04-33d6524f437c,Mark Andrews,2026,TE,BAL,confirmed,9.557941176470589,9.522863614442725,9.578324725927278,9.539987135789833,9.547058492053278,0.9942284068783976,shadow,9.377240442745011,9.547058492053278,9.498517434820707,-0.04854105723257085
57451d55-8781-5197-84e6-3a8eafa3c140,Eric Gray,2026,RB,NYG,confirmed,0.1211764705882353,4.949235602779971,3.9530559209609084,4.12367721530914,4.341989579683339,0.45844444860423533,shadow,4.125738047204893,4.341989579683339,4.067490394491647,-0.2744991851916927
576419ae-8b54-5215-9594-31fd3176d3da,David Moore,2026,WR,CAR,confirmed,0.6247058823529411,2.747799813397359,4.329440434998775,3.98009691149005,3.685779053295395,0.6648696394508296,shadow,2.8148241046925673,3.685779053295395,3.708120483727131,0.022341430431735976
57780914-ba09-5ff4-b961-dd3b3d37eacb,DJ Moore,2026,WR,BUF,confirmed,12.248823529411766,12.456182867629783,12.245828705892842,11.953883376510252,12.218631650010957,0.9925310852318476,shadow,12.419378546020718,12.218631650010957,12.206363542807937,-0.012268107203020406
57bbe9f3-d436-5ff5-b02f-54ba08796133,Konata Mumpfield,2026,WR,LAR,confirmed,2.0108823529411763,4.305832168391166,4.2622372513027305,4.459063016585211,4.342377478759702,0.8905712691288973,shadow,4.130368424275787,4.342377478759702,4.283889564054576,-0.058487914705126265
57d55be3-aec4-52a9-a38e-8dc64129b5d3,CJ Dippre,2026,TE,NE,confirmed,0.5547058823529412,4.98578170285192,4.4390827287743395,4.4364485266009135,4.620437652742392,0.6855101994984479,shadow,5.444466771331301,4.620437652742392,4.773332675568851,0.15289502282645984
580bbb23-7803-587c-bf86-4bf17ab07000,Jimmy Horn Jr.,2026,WR,CAR,confirmed,1.3869235294117648,3.6213302210961666,4.1580617850863595,3.9921406082164053,3.9238442047996442,0.8722584932260657,shadow,3.487460137343053,3.9238442047996442,3.8792208435486057,-0.044623361251038496
585da9fb-bb4e-5527-b449-03c4617baa15,Brady Russell,2026,RB,SEA,confirmed,0.11435294117647059,2.240618886919912,3.923032688820174,3.663712493719358,3.2757880231531487,0.41233377106093444,shadow,2.157473028152485,3.2757880231531487,3.2480727368973397,-0.02771528625580899
58b16be0-ad9d-509e-b708-df06c516ff5b,Tahj Brooks,2026,RB,CIN,confirmed,1.4333823529411767,3.07062881833727,4.0692255441730465,4.525137681678971,3.888330681396429,0.8886012911206829,shadow,2.931253567627614,3.888330681396429,3.8418722644932104,-0.0464584169032185
58ed66c2-a49e-5fcb-9677-c0abf43b81b8,Antonio Williams,2026,WR,WAS,confirmed,6.658960388333607,8.421533314467533,7.684153269095346,7.837219281476822,7.980968621679899,0.9808928846854592,shadow,8.317095347333112,7.980968621679899,7.946155965968427,-0.034812655711472296
5944c982-aadb-5aa6-b8a1-809cc5e6fce1,Matthew Stafford,2026,QB,LAR,confirmed,16.717854117647057,18.35749679188524,18.077772543706313,18.50465657792262,18.31330863783806,0.9928770002234885,shadow,18.64884517056373,18.31330863783806,18.41042476406422,0.09711612622616173
59dae946-695c-5535-9000-0d2006d854a1,Brian Thomas Jr.,2026,WR,JAC,confirmed,10.369941176470588,11.845410242167379,11.236179008521528,11.742567882378907,11.60805237768927,0.9929116494031268,shadow,11.749621426406426,11.60805237768927,11.57612277243562,-0.031929605253651516
5a23985e-f260-532c-8b20-e3e96da7075b,Colby Parkinson,2026,TE,LAR,confirmed,5.641323529411764,6.561936937475144,6.795130057347163,6.778961773435271,6.712009589419193,0.9900519615312072,shadow,6.565005161760103,6.712009589419193,6.713032330847512,0.0010227414283194847
5ac63d55-0f02-5097-9962-595dcede5e49,Jake Browning,2026,QB,TB,confirmed,1.1699011764705882,14.06720546868234,15.153491910725503,14.573261903303285,14.597986427570376,0.5731336882308742,shadow,14.441640691849605,14.597986427570376,14.722798168626129,0.12481174105575299
5af468c0-1ac7-54a7-8432-ded308df6f3a,Kyle Monangai,2026,RB,CHI,confirmed,8.374911764705882,9.630134928031909,9.419549102549155,9.644200609942715,9.564628213507925,0.9895996597725096,shadow,9.500539556766014,9.564628213507925,9.521429756419295,-0.04319845708863035
5b43f120-bdb8-504b-b689-649ef8b484b1,Tyler Warren,2026,TE,IND,confirmed,11.480728439565242,11.655252281644273,11.80354610197953,12.395195029771527,11.951331137798443,0.9958997312021897,shadow,11.434272753123661,11.951331137798443,11.87767129495824,-0.07365984284020222
5b54568c-77ab-5d85-a2c9-4c3486c42d40,Carnell Tate,2026,WR,TEN,confirmed,10.752058823529412,11.94036525323631,12.137776434789533,11.852594116733947,11.976911934919931,0.987250539466261,shadow,11.970820927481359,11.976911934919931,11.987063826334946,0.010151891415015157
5c527951-35b5-569b-ad11-27bc185db826,Chris Olave,2026,WR,NO,confirmed,14.356176470588235,15.056728623310478,14.905395156909632,15.137119952901658,15.033081244373923,0.9947851265426084,shadow,14.940718160167991,15.033081244373923,14.994411089993093,-0.03867015438082966
5c6e89cd-0d55-588a-b2ac-b0504a3f4df0,Gavin Bartholomew,2026,TE,MIN,confirmed,0.1758823529411765,5.390172001645171,4.588900813502311,4.44159689470547,4.8068899032843175,0.3891459396513699,shadow,4.951529443822287,4.8068899032843175,4.660675717343356,-0.1462141859409618
5cfab8f1-6b12-52b5-b92f-e221a3ece63c,Cade Otton,2026,TE,TB,confirmed,7.366473529411764,7.951758979949025,7.891027500309139,7.777969528976452,7.873585336411538,0.9920213040839468,shadow,7.771708774616843,7.873585336411538,7.813568601300812,-0.06001673511072614
5d2a04ed-b38e-58ee-913b-0c1094918de7,Josh Williams,2026,RB,TB,confirmed,0.11667647058823531,4.387435980496186,4.236163357379746,4.449999114410722,4.357866150762217,0.5812349088211018,shadow,3.8659212042078046,4.357866150762217,4.184027891999424,-0.17383825876279335
5d56220a-e192-5f3d-991d-07c69120dd1d,Brazzell,2026,WR,,provisional,,,,,,0.5251521070852712,shadow,,,,
5e48e23c-6009-5a7c-a9a2-36af3ba98d98,JP Richardson,2026,WR,CHI,confirmed,0.6782941176470588,4.597284996168314,4.459777379889362,4.037342595303908,4.364801657120528,0.5767337912517176,shadow,4.143464181294569,4.364801657120528,4.213528052162613,-0.15127360495791464
5e91a7bd-70d4-5d18-900f-ace9a2a4eb04,Isaiah Likely,2026,TE,NYG,confirmed,9.435632180894642,9.141526522840353,9.963778443251481,10.025777646889312,9.710360870993716,0.9927215773801608,shadow,9.015362841056534,9.710360870993716,9.668306310399108,-0.04205456059460744
5e9b0b40-56fb-5c78-8b45-0bc4c4167188,Tre Tucker,2026,WR,LVR,confirmed,8.039021792561037,9.047950986603654,8.42128830420093,8.184851387806452,8.55136355953701,0.9917804485840853,shadow,8.996593364123218,8.55136355953701,8.534244352043535,-0.01711920749347584
5f181148-8039-5a5d-8853-1c5933eb3079,Casey Washington,2026,WR,CAR,confirmed,0.8964117647058824,2.9744882203558136,4.076236024830631,4.1227935084695035,3.7245059178853155,0.5761430862757351,shadow,2.7962643926235353,3.7245059178853155,3.6650979753078894,-0.0594079425774261
5f75f821-b099-5514-afb2-ea5f3b57c5c6,Kyle Juszczyk,2026,RB,SF,confirmed,2.977659184007866,2.3583604298511576,4.628606920191148,4.441668123836876,3.809545157959727,0.9521780171027608,shadow,2.345763194793312,3.809545157959727,3.805346079607112,-0.0041990783526149045
5f9ed7b0-164d-57be-83ca-a92c65ec627f,Malik Benson,2026,WR,LVR,confirmed,0.9619558823529413,3.969260933775849,4.485361005256517,4.219275125862218,4.224632354964862,0.7432181255885201,shadow,3.736638259797159,4.224632354964862,4.147091463638631,-0.07754089132623054
5fc4bb15-a2c7-535b-b6d4-7f34d942762c,Jahdae Walker,2026,WR,CHI,confirmed,1.7959352941176472,5.270790287495541,4.661862972917072,4.943400259324514,4.958684506579043,0.8144092809234738,shadow,5.2361294407285595,4.958684506579043,4.947130890990048,-0.011553615588994148
60a8c039-c151-55ee-a785-cdac6b5884bc,Terrell Jennings,2026,RB,NE,confirmed,2.0855647058823528,4.459023796251791,4.180349689656472,4.332350019590877,4.32390783516638,0.8602277545573526,shadow,4.434190168063731,4.32390783516638,4.315629959103693,-0.008277876062686929
60ca5001-d255-503d-8012-e65330795a48,Zach Ertz,2026,TE,WAS,confirmed,,,,,,0.3546054512938339,shadow,,,,
610c896f-05a0-55bd-881a-be3467fc1afb,Nick Mullens,2026,QB,JAC,confirmed,1.194494117647059,14.539966657501346,14.440177938560119,13.656821451928494,14.212322015996653,0.3971906023408531,shadow,14.998490939773838,14.212322015996653,14.365163443420817,0.15284142742416407
611de95b-347f-52d2-a347-03afea0c3eac,Tim Jones,2026,WR,JAC,confirmed,0.44823529411764707,3.4424539993258723,3.913007736245306,3.8821915615841585,3.7458844323851124,0.6647810981645828,shadow,2.8098077123374887,3.7458844323851124,3.535002336722318,-0.21088209566279437
617a9148-7a79-57c1-b3da-0f04455377c4,Michael Mayer,2026,TE,LVR,confirmed,5.432352941176472,6.270795884354379,6.440192007574491,6.014302599340776,6.241763497089882,0.9889558624290224,shadow,6.240306402166918,6.241763497089882,6.231600336360728,-0.010163160729153908
61d0b949-1814-527f-8b26-2b02b1e53822,Dalton Schultz,2026,TE,HOU,confirmed,8.333480337538914,8.48924922888856,8.375085752315872,8.53767255032591,8.467335843843449,0.9919843976275166,shadow,8.391986500985636,8.467335843843449,8.434914934542471,-0.03242090930097774
62980c8d-83e9-5b00-be3a-d7b0d971438f,De'Von Achane,2026,RB,MIA,confirmed,17.15208823529412,17.225144343608356,18.299345616048374,17.657745938157035,17.72741196593792,0.9964100067716363,shadow,17.365889250055773,17.72741196593792,17.774326934753727,0.04691496881580548
62b13392-e4f0-536b-88d3-67ff9554382a,Tylan Wallace,2026,WR,CLE,confirmed,0.6194117647058824,2.4535634232133168,3.987038115518562,4.04652364782583,3.495708395519236,0.7334150837942613,shadow,1.7198132393427263,3.495708395519236,3.251125000895706,-0.24458339462352985
63014afe-199b-5e17-b176-693b67b0d9a3,Ashton Dulin,2026,WR,IND,confirmed,4.41253336628769,4.409321361375679,5.559238107586263,4.7045569769166224,4.891038815292855,0.9570483308190959,shadow,4.450107620799832,4.891038815292855,4.904634235100906,0.013595419808051012
63af1565-90e5-5f15-a775-1285bbe0c766,Trey Benson,2026,RB,ARI,confirmed,1.0633331979058556,5.906701613612048,4.617290009868025,4.759463755116011,5.094485126198695,0.7465357564968972,shadow,5.227484306648736,5.094485126198695,4.868079357210925,-0.2264057689877701
63b10701-6328-57f6-a955-d01775177db6,Jakobi Meyers,2026,WR,JAC,confirmed,10.580882352941178,10.793581912425912,10.710610286615156,10.595586285193944,10.69992616141167,0.9931527646414389,shadow,10.773602412401306,10.69992616141167,10.693266328070136,-0.006659833341533528
63bb3342-b397-59a1-8e96-925f297382a3,Kyler Murray,2026,QB,MIN,confirmed,16.55025882352941,18.294758573945884,17.641161451220274,17.935691861850234,17.957203962338795,0.9854337895162536,shadow,18.27264731177291,17.957203962338795,17.94983354161447,-0.007370420724324589
640a0120-6db7-56de-864c-0c9202b28aa5,Max Klare,2026,TE,LAR,confirmed,1.888207801639175,5.0946675992579395,4.871072583740496,5.085695156871376,5.017145113289937,0.8462268653994459,shadow,4.967711618698371,5.017145113289937,4.974826453103414,-0.04231866018652308
648a438e-7b9e-5d04-b2aa-9188b13b2542,Aidan O'Connell,2026,QB,,confirmed,0.0,15.347691662801136,10.82617935376422,11.704676444300192,12.626182486955182,0.14766112341700696,shadow,14.883355227541744,12.626182486955182,12.471403675202053,-0.15477881175312902
64bdc3e5-fcaa-5cd7-8268-c92848fa4696,Xavier Legette,2026,WR,CAR,confirmed,5.360764705882353,6.0112051981509325,6.288202889200841,6.343151652222437,6.21418657985807,0.9867837963897138,shadow,5.743825846384796,6.21418657985807,6.125060129269357,-0.08912645058871238
64f25ddc-f70b-5cde-9d71-a8c24b2e8e24,DJ Giddens,2026,RB,IND,confirmed,2.9388823529411767,4.573952515819063,4.899099195633216,4.807945928360195,4.7603325466041575,0.9428726093247098,shadow,4.5588718473101455,4.7603325466041575,4.755305657101186,-0.005026889502971699
654683ca-12f1-5c78-80a0-be8919375a3e,Courtland Sutton,2026,WR,DEN,confirmed,11.166647058823528,11.873111144772283,11.324319909712676,11.067569905139445,11.421666986541467,0.9924169787603451,shadow,11.811485015940248,11.421666986541467,11.401124943597457,-0.020542042944009964
6574b4a8-8874-5229-984b-0f984a9a336e,Andrew Ogletree,2026,TE,IND,confirmed,0.8036411764705882,3.6551764706239487,3.6888196089999616,3.9645872383317076,3.7695277726518728,0.823470101895164,shadow,3.7964165345353127,3.7695277726518728,3.816607793955661,0.0470800213037883
66716a6f-266c-553a-90c5-f716aac7b801,Chris Brazzell II,2026,WR,CAR,confirmed,3.4018235294117654,6.003208127532459,5.591780703674589,5.87866891301807,5.824552581408373,0.9337511050673439,shadow,5.885922988139193,5.824552581408373,5.7854575349439505,-0.03909504646442219
66c24f07-355a-51ad-805a-6010b844efe5,George Pickens,2026,WR,DAL,confirmed,13.745588235294118,14.862762411400631,14.854901597276488,14.694884821700303,14.80418294345914,0.9945546936070264,shadow,14.911107613164061,14.80418294345914,14.82029801071362,0.01611506725448031
673c87a6-46ec-5e56-a981-a91c7a9a9754,Charlie Jones,2026,WR,CIN,confirmed,0.06,2.7577455874756875,3.925352291075204,3.7125574234130156,3.4652184339879692,0.42361114757742196,shadow,3.173830013271477,3.4652184339879692,3.603913242586566,0.13869480859859662
67603a88-cade-50e4-9720-302576eb2962,Quinshon Judkins,2026,RB,CLE,confirmed,12.446505816811396,12.802193969165696,12.334925151922956,13.02247306387193,12.719864061653526,0.9946298252107895,shadow,12.757372683737096,12.719864061653526,12.704923633177328,-0.014940428476197809
677b8fa5-8879-5913-8a35-9a71859ab8a3,Austin Ekeler,2026,RB,WAS,confirmed,,,,,,0.3895983136494996,shadow,,,,
67bb51a6-823c-52b7-9c2c-5dddf49766a5,Colbie Young,2026,WR,CIN,confirmed,1.783735294117647,4.192286627800459,4.682775255760847,4.246899106425282,4.373986996662196,0.8380354794321967,shadow,3.914437251625303,4.373986996662196,4.281370537937144,-0.0926164587250522
68994999-f557-5d42-8945-6914dabddbf2,Stetson Bennett,2026,QB,,confirmed,0.0,11.293426689405079,10.093814755455762,10.987778907674478,10.791673450845105,0.09543571989769478,shadow,10.990455749613286,10.791673450845105,10.690683137581175,-0.10099031326392982
68a8b38b-fadc-5a25-95a2-699a94e5f913,Javonte Williams,2026,RB,DAL,confirmed,13.848529411764707,14.198873437284712,14.69528391151093,14.410538806798082,14.434898718531242,0.9947120052105525,shadow,14.400684446768233,14.434898718531242,14.502169055025748,0.06727033649450576
692bc583-0422-5aae-899a-c54b8e81bbcb,Ke'Shawn Williams,2026,WR,CIN,confirmed,0.09367058823529412,5.183961802715096,4.121937755879638,4.231982648233177,4.512627402275971,0.5022344094480764,shadow,4.679320827017609,4.512627402275971,4.344413743710142,-0.16821365856582915
692ed3ce-f07d-5199-84d7-2a7b0f80a70e,Teddy Bridgewater,2026,QB,DET,confirmed,1.3924705882352941,11.136488861255454,14.124266221773587,12.283530093142463,12.5147617253905,0.6352244702462592,shadow,11.312174529141139,12.5147617253905,12.573323614685728,0.05856188929522865
692ed3f1-329a-55fe-8573-5c1dcc933ee5,Nick Westbrook-Ikhine,2026,WR,IND,confirmed,3.59237908496732,4.275560921592559,5.40605027646804,5.326625116294232,5.002745438118278,0.9428022745764207,shadow,4.137100660854163,5.002745438118278,4.956592017872144,-0.046153420246133336
69cbb5d7-4c1a-59c6-aaec-69ba1363fa3b,Julius Chestnut,2026,RB,TEN,confirmed,0.11400588235294118,3.9927142942491765,4.355474628161456,4.896427244070168,4.4148720554936,0.6890801304214147,shadow,4.285422487185019,4.4148720554936,4.512441453138881,0.09756939764528116
6a9a206f-e15c-53c7-a74e-1946694240b4,Robert Henry Jr.,2026,RB,WAS,confirmed,,,,,,0.7218493219213376,shadow,,,,
6ae06131-5a20-517e-91f1-41d290c88ecb,Mitchell Evans,2026,TE,CAR,confirmed,2.2270588235294118,4.491129136422208,4.292685659078834,4.373894260577167,4.385903018692736,0.9528457557078255,shadow,4.43735122243033,4.385903018692736,4.3679770473621105,-0.01792597133062568
6ae72ad2-b94f-5a80-9815-ce7d7b67d98b,Jarrett Stidham,2026,QB,DEN,confirmed,1.2941517647058824,14.685427825363167,14.683133532712503,13.534212570968295,14.300924643014655,0.3699496547332839,shadow,14.928419709035374,14.300924643014655,14.381921937572058,0.08099729455740245
6b29b0b2-3278-56db-a8d1-051278ac2156,Elijah Moore,2026,WR,PHI,confirmed,0.5361529411764705,4.566593801176248,4.410007535948505,4.32267964344704,4.433093660190598,0.555344689830163,shadow,4.066633546286701,4.433093660190598,4.266440241894082,-0.1666534182965158
6b29b830-4d95-5211-8add-69d72ec6fb08,Kyle Williams,2026,WR,NE,confirmed,1.328235294117647,4.882515911316611,4.257400080440486,4.6187453253489545,4.58622043903535,0.8808878161968968,shadow,4.706587397774715,4.58622043903535,4.527577601188052,-0.05864283784729807
6b7662c9-42db-5c90-a03a-f03f219dff8e,Taylen Green,2026,QB,CLE,confirmed,,,,,,0.480896411848734,shadow,,,,
6bb1842b-242c-5a2a-8c8f-643f8cd54285,Adrian Martinez,2026,QB,,confirmed,0.5447058823529412,12.301317780249203,12.789725767455657,13.0363849716467,12.709142839783853,0.23752890512246402,shadow,12.59131042363505,12.709142839783853,12.805807054245804,0.09666421446195095
6bc52e10-146e-5657-86a7-a18757b656a6,Patrick Mahomes,2026,QB,KC,confirmed,17.218898823529415,18.969619376367866,18.994816133245536,19.173083442165456,19.045839650592953,0.9930313321087739,shadow,19.048386929390688,19.045839650592953,19.07209550160056,0.0262558510076083
6c1bf6bc-485d-546c-a596-0fa0f57886f6,Parker Washington,2026,WR,JAC,confirmed,10.462558823529413,11.370126831342349,11.126204320183538,11.224758885692903,11.240363345739596,0.9936970180464071,shadow,11.455448849427674,11.240363345739596,11.268804018434706,0.02844067269511008
6c290e3c-12bd-594c-97ef-001b19bca16a,Devin Neal,2026,RB,NO,confirmed,1.093235294117647,4.838984509328192,4.5387322752372095,4.68889545299384,4.68887074585308,0.8326418932461342,shadow,4.9724102655721385,4.68887074585308,4.733345997934396,0.044475252081316086
6e4ef93f-1261-5bab-9ef2-a620679de8d6,Rico Dowdle,2026,RB,PIT,confirmed,10.448544117647058,10.761746177773572,10.697855752672705,10.765408113112155,10.741670014519476,0.9944458486637902,shadow,10.774440687784956,10.741670014519476,10.745901517856604,0.004231503337127407
6f7957a9-cee4-5157-91cd-ba2cee989882,Lan Larison,2026,RB,NE,confirmed,0.5046029411764706,4.873405019330738,4.537268675704901,4.406773666780406,4.605815787272015,0.5338477293171467,shadow,4.293714646643597,4.605815787272015,4.412585663042968,-0.19323012422904728
6fa42987-c7cb-5523-b13f-3edc75481002,Raheem Mostert,2026,RB,LVR,confirmed,,,,,,0.37803770718220875,shadow,,,,
7206cc5c-2225-5a6b-aa8d-8625f1219075,Kenneth Walker III,2026,RB,KC,confirmed,14.766731935113889,14.467235428104214,15.219773733340055,14.650954489209168,14.779321216884478,0.9960610045168269,shadow,14.506833240667602,14.779321216884478,14.792520487738942,0.013199270854464373
726aa3d5-72b9-55e6-8fb7-21a5f6fa3576,Wan'Dale Robinson,2026,WR,TEN,confirmed,10.490205882352942,10.991804821726246,10.833936552849163,10.82755614154078,10.884432505372063,0.9930239002215604,shadow,10.89874948654567,10.884432505372063,10.853414060311872,-0.031018445060190913
72b2f3f3-b839-5cac-8e3c-3619f6ec239b,Christian Kirk,2026,WR,SF,confirmed,4.955546821235457,6.630719421847777,6.254644736461388,5.856239608782306,6.247201255697157,0.9642774920337697,shadow,6.583558311863149,6.247201255697157,6.231480885702282,-0.015720369994875583
736dfc1c-7430-55de-a789-0c02d7c10e60,Carson Beck,2026,QB,ARI,confirmed,1.5669344111154395,13.65269172426489,14.01800347172484,13.326373659179088,13.665689618389607,0.5385721914644825,shadow,13.813449369773316,13.665689618389607,13.719275500225748,0.05358588183614188
74a040f9-d7fa-5d7f-b1db-635f481002ea,Tyrod Taylor,2026,QB,GB,confirmed,1.358832183257919,11.709350134240173,15.1189260091805,13.604326141343892,13.477534094921522,0.6213458883611312,shadow,11.964441585636504,13.477534094921522,13.562564578720298,0.08503048379877676
74cbf5f4-34b4-5d31-9f38-c4300bc6bd97,Josh Downs,2026,WR,IND,confirmed,9.964770588235293,10.615471049286928,10.779172432572334,10.79240235159802,10.729015277819094,0.9936651924209702,shadow,10.56693649646362,10.729015277819094,10.712837093544659,-0.016178184274435736
750dc39b-a105-5936-9444-2fd0d23430e2,British Brooks,2026,RB,HOU,confirmed,0.3394470588235294,2.6479735796070534,4.03846555100288,4.2925953690166345,3.6596781665421894,0.6686081913055304,shadow,2.6428132237089965,3.6596781665421894,3.657958047909504,-0.0017201186326851747
751ab553-97e0-5d8f-beaf-dc98d3031a43,Daniel Bellinger,2026,TE,TEN,confirmed,3.0429411764705883,3.924272878562922,4.731762504533459,4.386945417698112,4.347660266931498,0.971308822561497,shadow,3.9021934144629835,4.347660266931498,4.340300445564851,-0.007359821366646813
760b9558-a17e-533f-813d-7501cc43c036,Cole Turner,2026,TE,,confirmed,0.6970588235294118,3.0383905420394726,3.865821922672196,3.7264304475581103,3.5435476374232593,0.5087649214908473,shadow,3.0889681794407204,3.5435476374232593,3.560406849890342,0.016859212467082774
765f5e23-402c-5ca3-a8ec-3456ba22b54e,Keleki Latu,2026,TE,BUF,confirmed,0.811064705882353,4.760014720123799,3.9597888580033644,4.22665453934243,4.315486039156531,0.7265831333233281,shadow,4.196077499355629,4.315486039156531,4.127506965567141,-0.18797907358939003
77a88cea-dc92-5d67-8833-d0f7e2ef25d7,Bam Knight,2026,RB,ARI,confirmed,0.05382352941176471,5.7911093256409565,4.469764641095781,4.198099181863674,4.819657716200138,0.47419300458057234,shadow,5.467190231288008,4.819657716200138,4.711684684749155,-0.10797303145098258
77e71b05-da61-55ac-996d-1a2bc740d30f,Tyler Conklin,2026,TE,DET,confirmed,1.2084705882352944,3.5657421729626293,4.276166297180901,4.296374837568431,4.046094435903988,0.8523815371333247,shadow,3.5263461318232885,4.046094435903988,4.032962422190874,-0.0131320137131139
7817665b-fadf-5d07-970c-bd5d46b151a2,Colston Loveland,2026,TE,CHI,confirmed,11.539050466983447,11.799364263085568,12.483798852691196,12.78140053584823,12.354854550541665,0.9954187422193593,shadow,11.69993416759814,12.354854550541665,12.321711185379188,-0.03314336516247707
7848db1c-be4e-51a7-b0d9-839601ab8dab,Devin Culp,2026,TE,TB,confirmed,1.0076313793810194,4.619987074194924,4.2723660198284055,4.2389713625356364,4.377108152186322,0.6991260454844037,shadow,4.781531981201592,4.377108152186322,4.430956454521878,0.05384830233555604
78628dae-556c-57ef-954e-bbe9e5571cff,Mason Taylor,2026,TE,NYJ,confirmed,5.695171227265281,6.777031229986989,6.46704665652484,6.204929902528929,6.4830025963469184,0.9904641370959035,shadow,6.713431048453938,6.4830025963469184,6.4618025358359015,-0.02120006051101697
7874dae0-cc67-569b-8cf6-1c68b956320a,Chris Rodriguez Jr.,2026,RB,JAC,confirmed,5.687058823529411,7.109140467456676,7.3499515842238665,7.394674901015094,7.2845889842318785,0.9892790769600838,shadow,7.050057146055003,7.2845889842318785,7.264894543764655,-0.019694440467223906
787ddae6-47c4-5245-84ff-c1d7d67a39a1,Cam Ward,2026,QB,TEN,confirmed,13.769219411764706,15.956629399947232,15.594416311010788,15.105593864469329,15.552213191809116,0.9946644737794851,shadow,15.872174698561944,15.552213191809116,15.524061624680686,-0.0281515671284307
7985a604-6b63-5388-a36a-edfb2c2d357f,Ryan Flournoy,2026,WR,DAL,confirmed,6.2067941176470605,7.609983058367776,6.921897719240281,6.856826350253175,7.12956904262041,0.989592617775041,shadow,7.343121729477492,7.12956904262041,7.040615266323649,-0.08895377629676116
79e06226-ecc0-5f69-8a91-109b9e055cde,Jordan Love,2026,QB,GB,confirmed,15.947520588235292,18.501515875026612,16.7993788796865,17.152698411135123,17.484531055282744,0.9937653733550488,shadow,18.740719690598233,17.484531055282744,17.564265660473286,0.07973460519054143
7ae33581-c9ae-51b6-a8d5-fe24f3e5615a,Tyreek Hill,2026,WR,MIA,confirmed,,,,,,0.2336847196249641,shadow,,,,
7b124555-7277-55eb-9dbe-e5c92cc500b8,Evan Engram,2026,TE,DEN,confirmed,6.6690144191381275,7.06680779102007,7.2483178312132965,7.142917154194639,7.152680925476002,0.990775255811522,shadow,6.909198683182506,7.152680925476002,7.100144556196813,-0.05253636927918848
7b6a047c-f7fc-5d09-8354-393a340eb71e,Dallen Bentley,2026,TE,DEN,confirmed,1.6764705882352942,3.455968360965704,4.425352786472061,4.060201183586376,3.9805074436747137,0.4691390500178621,shadow,3.099911676195658,3.9805074436747137,3.861821882084698,-0.11868556159001553
7d4ded82-8ace-592d-9dcf-4e005e79fa8b,Bub Means,2026,WR,NO,confirmed,6.364705882352941,5.300134368002107,7.000449147024461,7.0670773924799555,6.455886969168841,0.8529975364714091,shadow,4.679207979908678,6.455886969168841,6.248911506471032,-0.20697546269780887
7d7f7fb5-f246-5159-b887-82ce308749fb,Tyrone Tracy Jr.,2026,RB,NYG,confirmed,6.629143044404394,8.370029172877725,7.933169148218103,8.028560933859142,8.110586418318322,0.9920507356101907,shadow,8.170512798789442,8.110586418318322,8.044080960288895,-0.06650545802942709
7dae0c1c-6447-52e9-ae4a-649f4fd82c43,Dont'e Thornton Jr.,2026,WR,LVR,confirmed,2.1177614379084964,3.7482317056596273,4.290500589707172,4.3397371089886665,4.126156468118489,0.9208098251072765,shadow,3.5824271487548422,4.126156468118489,4.07088828248356,-0.055268185634928635
7e86c37d-1b81-5d9e-a5b2-e9e32b19cc07,Jack Endries,2026,TE,CIN,confirmed,1.8411764705882354,4.610315350895698,4.634759233456794,4.726144139400524,4.657072907917672,0.7250541645953578,shadow,4.518689209654219,4.657072907917672,4.626530860837179,-0.030542047080492907
7ef7e954-1b6d-5399-b9e8-7abb6845b224,Jordan James,2026,RB,SF,confirmed,2.8399411764705884,5.804247248387428,5.3632446847518285,5.383481194829725,5.5169910426563264,0.8804053479884579,shadow,5.996940680587153,5.5169910426563264,5.5812221867229015,0.06423114406657504
7f00be18-1c01-5107-833b-05171cde6db6,Kyren Williams,2026,RB,LAR,confirmed,14.227647058823528,14.886410926621611,15.273473202227787,15.408853209714904,15.189579112854767,0.9949703412446353,shadow,14.97500382045194,15.189579112854767,15.219110077464878,0.02953096461011029
7f35b557-87ab-58c8-a8ca-50a990c9e541,Drew Lock,2026,QB,SEA,confirmed,1.2113882352941179,14.937003068910718,14.715489450323991,13.618346972733947,14.423613163989552,0.4194734047959176,shadow,15.013099028070766,14.423613163989552,14.448978483709567,0.025365319720014767
7f710bed-fe0b-56a9-b169-dc5e6647322d,Arian Smith,2026,WR,NYJ,confirmed,1.0611764705882352,3.3220223256752117,4.117452100259107,4.125484317862822,3.8549862479323806,0.7983107093303285,shadow,3.0962618169989806,3.8549862479323806,3.7797327450403038,-0.07525350289207688
7f8642e5-640e-573c-9911-4d8293781ab5,Carsen Ryan,2026,TE,CLE,confirmed,,,,,,0.34936181711436937,shadow,,,,
7f8d4a5b-7872-5aa0-a8fa-63615219ef15,Isaiah Williams,2026,WR,NYJ,confirmed,1.5132893960259663,3.4079693625633816,4.413675585176216,4.275266435562514,4.032303794434037,0.8625388769688224,shadow,3.1816670157885714,4.032303794434037,3.956869678842434,-0.0754341155916034
7ff22629-b2b9-58c7-b56d-8eea3366f94e,Sam Howell,2026,QB,DAL,confirmed,1.0018164705882353,15.100051388868643,15.369105242030551,14.050613676430519,14.83992343577657,0.44739801702053844,shadow,15.102208372667132,14.83992343577657,14.84064243037607,0.0007189945995005331
80070e8c-0dae-55b3-801f-2ba52b4bb6cd,Demarcus Robinson,2026,WR,SF,confirmed,1.1929999999999998,4.405643141974639,4.547533718133376,4.542356249667326,4.49851103659178,0.8110533449184225,shadow,4.370260310244621,4.49851103659178,4.4867167593484405,-0.01179427724333948
80a2afa8-d753-5eba-a66f-72d5f5b93356,De'Zhaun Stribling,2026,WR,SF,confirmed,5.083231771260037,7.341485192688787,6.746919757081706,6.627164973473498,6.905189974414664,0.9690000210857975,shadow,7.243521229099882,6.905189974414664,6.872535319885029,-0.0326546545296349
815d1758-c720-5b24-a05b-7cb2caa7c8ed,Jalen McMillan,2026,WR,TB,confirmed,7.113617892839589,9.03322315262694,7.959523943302057,8.24597236800595,8.412906487978317,0.9832379259392195,shadow,9.01450615867559,8.412906487978317,8.406667489994533,-0.006238997983784245
8178653b-a1c4-568f-b634-01452394fcc4,Isaac TeSlaa,2026,WR,DET,confirmed,5.263678313943963,7.318787094551464,6.749597103584295,6.852825976997461,6.973736725044407,0.985435922933431,shadow,7.21306237436421,6.973736725044407,6.938495151648656,-0.0352415733957514
819ebb40-1f77-53ee-b62a-d07207926eb0,Jawhar Jordan,2026,RB,HOU,confirmed,2.3623736234219717,4.121987049772547,5.036611664785548,4.237638276725477,4.465412330427857,0.91406153764216,shadow,3.8912465755831143,4.465412330427857,4.38849883903138,-0.07691349139647752
82ce32be-1b83-548a-8c12-000a876fe7d3,Feleipe Franks,2026,TE,CAR,confirmed,0.1,5.057484374388722,4.032543861345185,3.8793868012571586,4.323138345663689,0.5473740357020037,shadow,4.640300301842521,4.323138345663689,4.184076988148288,-0.13906135751540116
8324873c-34ef-5270-a921-cee225958756,Will Shipley,2026,RB,PHI,confirmed,1.7537647058823531,3.2149959621964053,4.04554394954363,3.9278772886422284,3.729472400127421,0.8859630455854575,shadow,3.2504451867970676,3.729472400127421,3.741288808327642,0.011816408200221229
839e45a8-8159-53d2-bd45-9122fb57bf9b,Rachaad White,2026,RB,WAS,confirmed,8.917450024578077,9.768618327134467,9.71469702130551,9.298513736431813,9.593943028290596,0.9912074905633788,shadow,9.643552120881203,9.593943028290596,9.552254292872844,-0.0416887354177522
83d966f5-e6fc-5d52-a2fe-ff361de67e10,Woody Marks,2026,RB,HOU,confirmed,6.771579411764707,8.239920748983888,7.863883364363449,7.622223940193586,7.908676017846974,0.9917321133840644,shadow,7.979557306417588,7.908676017846974,7.821888203658208,-0.08678781418876635
84d1a6c3-9e01-5bed-b78c-088680454c1a,Mike Evans,2026,WR,SF,confirmed,11.577078485990498,11.907497244515493,12.29627367215721,12.053958713593618,12.085909876755439,0.9871979311727709,shadow,11.91172293353415,12.085909876755439,12.08731843976166,0.001408563006220831
85505057-dc92-50e6-b9c1-4eb48eba7fca,Theo Wease Jr.,2026,WR,MIA,confirmed,4.451764705882353,7.644590464116485,5.774183383811418,5.3104052026774315,6.243059683535111,0.9018970813147743,shadow,7.096803765183637,6.243059683535111,6.060464117224162,-0.1825955663109493
86191256-69ae-5626-afe1-f6d285cb56c9,Elic Ayomanor,2026,WR,TEN,confirmed,3.3560147058823526,6.117021570089461,5.640294543358505,5.705537651732098,5.820951255060021,0.9649563427629179,shadow,5.999465266951432,5.820951255060021,5.781765820680678,-0.039185434379342965
862eb067-7abb-5156-9cf1-33c3ad11333c,Jaydn Ott,2026,RB,FA,confirmed,,,,,,0.7237613978457604,shadow,,,,
86b66e8d-d4e2-5587-a69b-e416438ee28c,Keenan Allen,2026,WR,LAC,confirmed,5.45764705882353,7.114799470139283,6.565230710360168,6.4639958672193085,6.714675349239587,0.9577363633085115,shadow,6.390745128176997,6.714675349239587,6.473323901918825,-0.24135144732076252
86bce4ec-ccab-5909-bae0-b4d1f7878f63,Sione Vaki,2026,RB,DET,confirmed,0.4088235294117647,3.8222685372808627,3.9128806045099305,4.118806993179332,3.951318711656709,0.7543693022491818,shadow,3.915838137377298,3.951318711656709,3.9825085783555196,0.031189866698810853
86efb1f0-e04a-5f4d-b8cb-048353f1d3f5,Darren Waller,2026,TE,MIA,confirmed,,,,,,0.3622023547461725,shadow,,,,
8710e4f8-b19a-5379-a7d4-41b89ce12907,Chris Godwin Jr.,2026,WR,TB,confirmed,10.412108823529412,11.16728680718607,10.832297525821792,10.80668529491662,10.93542320930816,0.9875265102852885,shadow,11.247475262432063,10.93542320930816,10.962152694390157,0.02672948508199724
877cadec-3157-5007-9ed6-10243e581135,Connor Heyward,2026,TE,LVR,confirmed,1.4904411764705883,2.478373058286322,3.594095544349958,3.331348636653491,3.1346057464299233,0.7645369185956857,shadow,2.352162809669406,3.1346057464299233,3.092535663557618,-0.04207008287230529
884ca6e3-0e2f-576e-be1c-53965f780a81,David Montgomery,2026,RB,HOU,confirmed,11.673918646567262,11.799715096047422,11.982307052220886,12.014287793985591,11.932103314084634,0.9947472843956875,shadow,11.839880460182012,11.932103314084634,11.945491768796165,0.013388454711531494
88a768ba-296c-5c4d-bfed-6fdbe1425b62,Pat Bryant,2026,WR,DEN,confirmed,4.532558823529412,6.4292805926736545,5.856633309822353,6.014976233685612,6.1002967120605405,0.9600996754172705,shadow,6.311930177630047,6.1002967120605405,6.061179907046004,-0.03911680501453674
88b3e1bd-20b2-5dfc-9319-7355304eca86,Pat Freiermuth,2026,TE,PIT,confirmed,7.89764705882353,8.087000778285946,8.035767010979622,7.863605653455064,7.99545781424021,0.9909679060307282,shadow,7.88435335349388,7.99545781424021,7.927908672642855,-0.0675491415973557
8912b32f-4a9a-5887-9a54-c338b3af72ae,Nate Carter,2026,RB,ATL,confirmed,0.7901911764705882,4.619742678280424,3.990676293289581,4.126185304082621,4.245534758550876,0.7327903993212569,shadow,4.169732486456606,4.245534758550876,4.09553136127627,-0.150003397274606
8927f0fb-abe9-5d61-a157-2c2792226f5a,Marquez Valdes-Scantling,2026,WR,DAL,confirmed,1.035705882352941,3.8245095086046987,4.325938018908627,4.111792875688973,4.087413467734099,0.6968644906983427,shadow,2.9696862754918554,4.087413467734099,3.8024723900298185,-0.2849410777042807
89818ea0-2db6-5bf2-abae-585ffca00144,Jeremiyah Love,2026,RB,ARI,confirmed,15.055323365557912,15.13990458303621,15.859975809127997,15.79003038993224,15.596636927365482,0.9922417883182372,shadow,15.289253051687135,15.596636927365482,15.646419750249123,0.049782822883640776
8987f12e-ff79-572a-9971-d32a2cc90acd,Michael Pittman,2026,WR,PIT,confirmed,10.647361953137803,11.009695351519062,10.770819321592315,10.565286767252537,10.781933813454637,0.9926309830012393,shadow,10.87452306778407,10.781933813454637,10.736876385542976,-0.04505742791166156
8992cee1-a7a1-5f70-8e5c-03c285e4cc2f,Tez Johnson,2026,WR,TB,confirmed,2.2725784313725494,4.335480426977658,4.7104236128139325,4.651379622906656,4.565761220899415,0.9366103235066017,shadow,4.152404275633248,4.565761220899415,4.504735837117946,-0.0610253837814696
89aacaaa-acba-5185-83b3-7b68130c4465,J'Mari Taylor,2026,RB,JAC,confirmed,,,,,,0.7218493219213376,shadow,,,,
89e6cf96-f16e-55f0-8a15-b67701ac1c7d,Scott Matlock,2026,RB,LAC,confirmed,0.8153764705882353,3.4605957472759004,3.9972126363999454,4.223076161095942,3.893628181590596,0.6994364292692485,shadow,3.465439358677343,3.893628181590596,3.89524271872441,0.0016145371338138759
8a0e43dc-602e-5ff8-8c17-2b70c2443cd5,Tee Higgins,2026,WR,CIN,confirmed,12.926470588235295,13.78349019929218,14.48201922482984,13.591716670847486,13.952408698323168,0.9943300585270675,shadow,13.82478710931217,13.952408698323168,13.9661743349965,0.013765636673332082
8a36e587-1de7-599e-9b04-b5062bab98a7,Ladd McConkey,2026,WR,LAC,confirmed,12.545307225954451,13.297613167699454,13.431841035302057,13.094077038522942,13.274510413841483,0.9954752126209456,shadow,13.197693259057036,13.274510413841483,13.241203777627346,-0.033306636214136986
8a53225a-f4b7-5a3f-8579-4e03ae9fe1e6,Bryce Lance,2026,WR,NO,confirmed,2.6913529411764707,5.2253412949051015,5.0196388369640506,4.802577363120848,5.01585249833,0.9388370707320018,shadow,5.012313897829248,5.01585249833,4.944843365971383,-0.0710091323586175
8a6e51a8-5094-5a05-b2b0-46c7ec71022b,A.T. Perry,2026,WR,PIT,confirmed,0.13647058823529412,5.63736280182531,4.467646406528876,4.408981177142925,4.8379967951657035,0.28643954213684697,shadow,4.900528991325522,4.8379967951657035,4.5923855249991075,-0.245611270166596
8affcf6a-6155-5fba-b1f3-1f53525875ec,Jackson Hawes,2026,TE,BUF,confirmed,2.308,3.897414676438503,4.174364262263025,3.9680053525312253,4.0132614304109175,0.9549033520312292,shadow,3.6388136137494627,4.0132614304109175,3.927061076181238,-0.08620035422967964
8b2b29e1-0738-59f3-a0de-e71006128996,Isaiah Davis,2026,RB,NYJ,confirmed,3.1833073078813694,4.784225704979649,5.293134101299581,5.27578723077401,5.1177156790177465,0.9678955169225598,shadow,4.864076940783802,5.1177156790177465,5.144332757619131,0.026617078601384847
8b390c2f-8be9-57ab-82e3-0fc0f593e754,Cameron Latu,2026,TE,PHI,confirmed,0.14823529411764705,2.611928797471087,4.23641771891254,3.89097704696112,3.5797745211149157,0.373259752121563,shadow,2.327538069863837,3.5797745211149157,3.4849776119124987,-0.09479690920241701
8b92ec52-c9fb-52b8-a198-cc461e55695d,Tyler Higbee,2026,TE,LAR,confirmed,4.060156480419465,3.8660319105219862,5.320797970344147,4.7439615774230095,4.643597152763047,0.9537276145300723,shadow,3.6980688307283707,4.643597152763047,4.587609459498509,-0.05598769326453823
8c34d5fa-b48c-5225-becc-b6d8c1308591,Cedric Tillman,2026,WR,CLE,confirmed,2.235535294117647,4.120379277280729,4.738954365040649,4.544495491377593,4.467943044566323,0.9412982488533074,shadow,3.946085544098258,4.467943044566323,4.4098451335055,-0.05809791106082329
8cd0af31-5f95-5435-a15b-9297e315aec6,Elijah Sarratt,2026,WR,BAL,confirmed,3.1277058823529407,6.4394783612031965,5.6789951808806745,5.439912527867105,5.852795356650326,0.9222699028186584,shadow,6.274151198611968,5.852795356650326,5.79768630245325,-0.05510905419707601
8d1930b0-0fdc-5f4c-b0c7-65e855feed4f,Rashid Shaheed,2026,WR,SEA,confirmed,8.280952605276095,9.067889529175309,8.655456935729845,8.662778555417276,8.795375006774144,0.9918601641699866,shadow,8.958883101154184,8.795375006774144,8.759039530767103,-0.03633547600704112
8d5300d8-e939-50a0-ae30-6124af36ef5b,Marcus Mariota,2026,QB,WAS,confirmed,1.7731058823529413,12.265337487241345,15.567898328260428,14.875851895377425,14.236362570293066,0.6933997609139725,shadow,12.545947539080094,14.236362570293066,14.329899254239315,0.09353668394624925
8d6a86be-cf54-5830-bc35-07195fbdb709,Germie Bernard,2026,WR,PIT,confirmed,6.616958872685563,8.003773997711344,7.628897228358337,7.618825993005452,7.750499073025044,0.9805563804089644,shadow,7.831173996328156,7.750499073025044,7.692965739230648,-0.05753333379439596
8e540d4c-b87e-5127-ab6b-b2d6f688fd21,Pierre Strong,2026,RB,GB,confirmed,1.2964323529411765,3.4136081989125593,3.989506770409522,4.033192545679949,3.8121025050006767,0.716274885140084,shadow,2.272375627751991,3.8121025050006767,3.431691647947154,-0.38041085705352273
8ee8dd5e-fdfa-554b-92d8-19d0e9ff79e2,Jack Bech,2026,WR,LVR,confirmed,4.967441741094346,6.213364222531377,6.392203822673794,6.289103466809439,6.298223837338203,0.9828574546425561,shadow,6.071229259101462,6.298223837338203,6.250845516194899,-0.04737832114330409
8f256c5f-b270-54c5-834b-7a129b5b53b6,Jordan Whittington,2026,WR,LAR,confirmed,2.4382352941176473,4.2399527924414215,4.397445890529598,4.5600613825512255,4.399153355174081,0.9559832229329387,shadow,4.098166326541348,4.399153355174081,4.351891199874057,-0.04726215530002431
9062049e-baa8-5701-a6af-a8b97c3b052d,Brady Cook,2026,QB,NYJ,confirmed,0.3099364623898341,14.558116080352248,13.603180620830097,13.268558003446909,13.80995156820975,0.43838172342059734,shadow,14.37267378606796,13.80995156820975,13.748137470114989,-0.061814098094760794
912013f0-3c80-5d6f-944c-dea6cc074bb5,Johnny Mundt,2026,TE,PHI,confirmed,0.6244117647058824,3.3328564842957595,3.6930951956391147,3.8704895988551082,3.632147092929994,0.7806417329200183,shadow,2.7665125830502433,3.632147092929994,3.443365792514822,-0.18878130041517194
91370612-7aa0-5556-bc55-1a0bce8300db,Nick Kallerup,2026,TE,SEA,confirmed,0.10470588235294119,5.01008089842812,4.078020731428855,4.13618083561197,4.4080941551563155,0.4997098626269976,shadow,4.564125945579415,4.4080941551563155,4.2594425042067465,-0.148651650949569
91895c62-971e-56dd-bac6-1a3320b9f4e5,Ian Thomas,2026,TE,LVR,confirmed,1.3152806927649132,2.8672429604588316,3.5847148205275645,3.2907470383655366,3.2475682731173108,0.8128121008261608,shadow,2.9106826132901844,3.2475682731173108,3.262048157394428,0.014479884277117439
922c769f-2f60-5de7-a75b-322112ec9540,Stefon Diggs,2026,WR,,confirmed,8.383529411764705,8.917463186979205,9.023006264141229,8.284216501524584,8.741561984215005,0.977343247787973,shadow,8.097819064197122,8.741561984215005,8.468347276620976,-0.273214707594029
9253375f-b718-5d18-a6ae-2dfe39cf7cb8,Sam Darnold,2026,QB,SEA,confirmed,15.510641176470589,17.817915247043793,16.665943355515928,16.866466245416255,17.116774949325325,0.9930313321087739,shadow,18.0147948331292,17.116774949325325,17.182401478020463,0.06562652869513741
926eb4a5-76b9-5300-9b33-d1158b3bc917,Brock Wright,2026,TE,DET,confirmed,2.9835294117647058,4.931358591383102,4.62512732016587,4.626477473040822,4.727654461529931,0.9694551132499154,shadow,4.96521858709149,4.727654461529931,4.73894112676606,0.011286665236129423
9288cfdc-a7b3-5751-833f-bee6c74640b0,Xavier Restrepo,2026,WR,,confirmed,,,,,,0.5205243585637704,shadow,,,,
9289898b-0b32-5ff7-9833-4a65474fcc4f,Tom Kennedy,2026,WR,DET,confirmed,0.6176764705882353,4.116185622888273,4.092707729721644,3.8966931702460728,4.0351955076186625,0.7068398371392719,shadow,3.4996216692253297,4.0351955076186625,3.8296741897310156,-0.20552131788764694
930d4dd4-0e6e-5fa9-9d56-aaadff803ef1,Justin Joly,2026,TE,DEN,confirmed,1.410970588235294,4.678179923001846,4.716424948996564,4.691130587589256,4.695245153195889,0.8460134600026151,shadow,4.598168777611081,4.695245153195889,4.6685747713989665,-0.02667038179692227
93246e69-576d-52d4-9e03-a8e511793993,Xavier Weaver,2026,WR,ARI,confirmed,1.1716941176470588,2.7559753291867404,4.042652649032321,3.950887829436124,3.583171935885062,0.7893180423709748,shadow,2.680816260332401,3.583171935885062,3.5581189129336153,-0.025053022951446735
935cb825-882c-591a-bd58-6dee86a978f5,Patrick Ricard,2026,RB,NYG,confirmed,0.3392647058823529,1.259442474871042,3.760367096052946,3.547351501195593,2.8557203573731935,0.65461853394857,shadow,1.7628258897701166,2.8557203573731935,3.0235148290062184,0.16779447163302486
9364e98b-a83a-550d-981f-0ad4d93780e5,Cole Payton,2026,QB,PHI,confirmed,0.5411764705882353,15.230371840020808,13.678015661553902,13.427228569644102,14.111872023739602,0.44852878993801404,shadow,15.451535399018116,14.111872023739602,14.18559321007204,0.0737211863324383
9644627f-b01f-5dcb-8fd8-ba0a11ac06e6,Ben VanSumeren,2026,RB,BUF,confirmed,0.067,3.124280267904335,4.128891452575113,4.389204018961666,3.880791913147038,0.2870584372180974,shadow,2.749617518721057,3.880791913147038,3.7559043300859454,-0.12488758306109249
9766344d-6267-5df0-ad94-f46dbc933abd,Jordan Watkins,2026,WR,SF,confirmed,,,,,,0.5411039121296912,shadow,,,,
976b9a2d-5e90-5207-8d87-954dafb93966,Kameron Johnson,2026,WR,TB,confirmed,0.2771647058823529,3.78936913963902,4.108176821783407,4.196218264480862,4.031254741967763,0.5802854625423043,shadow,3.9475130852906197,4.031254741967763,4.083969390518296,0.05271464855053232
981d5d92-3fd4-50f4-a5bf-daeed7e92197,Tanner Koziol,2026,TE,JAC,confirmed,0.9970532741398446,4.425171203084454,4.43423915676384,4.615027493697788,4.491479284515361,0.7937640373650433,shadow,4.412031249133621,4.491479284515361,4.487099299865083,-0.0043799846502778905
982518ba-c7c7-52da-98e4-41d1d4131987,Kalif Raymond,2026,WR,CHI,confirmed,3.5015261437908496,4.387292621116933,5.338682594327793,5.075819829690002,4.933931681711576,0.9424385354808312,shadow,4.407840357334646,4.933931681711576,4.94078092711748,0.006849245405903481
9826e78e-9937-5afa-93fe-ca487554f947,Ben Sinnott,2026,TE,WAS,confirmed,2.0347058823529416,4.574535478950019,4.154204978090932,4.160104387440065,4.296281614827006,0.9204228694113336,shadow,4.582883092471711,4.296281614827006,4.299064152667569,0.0027825378405630374
982d452c-93b0-5658-8663-053897bffcfb,Robert Lewis,2026,WR,,provisional,,,,,,0.5251521070852712,shadow,,,,
9916d928-6327-5a7f-9ae1-1ec039c6cb21,Aaron Rodgers,2026,QB,PIT,confirmed,13.977011764705884,14.873998113813027,15.439374157728336,15.421376036332532,15.24491610262463,0.9925008840740431,shadow,15.041726681084503,15.24491610262463,15.300825625048455,0.05590952242382485
997f64e4-2230-5165-8023-df45a27f4520,Noah Gray,2026,TE,KC,confirmed,3.569557168605604,3.988454677391145,5.23633394340972,5.090602302641922,4.771796974480929,0.959877728131045,shadow,3.9574861695991768,4.771796974480929,4.761474138550273,-0.01032283593065575
9a0f1d93-a9c2-578b-9370-80b65ac1b56e,Keaton Mitchell,2026,RB,LAC,confirmed,4.251559069310176,6.507998733211272,6.043637330310888,6.233089049315925,6.261575037612695,0.9675125753291645,shadow,6.720342382451827,6.261575037612695,6.332356254026213,0.07078121641351842
9a6b861d-e047-505d-b8da-28f095bad863,Ja'Lynn Polk,2026,WR,NO,confirmed,0.5994117647058824,3.784508102840336,4.176502467633405,4.083785760992166,4.014932110488636,0.46167164646828174,shadow,2.658793908680938,4.014932110488636,3.6396940457688363,-0.3752380647197997
9a6bd053-aab3-5c2f-aaff-c5d10a749e0b,Jordyn Tyson,2026,WR,NO,confirmed,9.90121124856628,11.38138490650583,11.7502769668034,11.831107324439925,11.654256399249718,0.9892912495303665,shadow,11.317246329615733,11.654256399249718,11.632876873619686,-0.021379525630031537
9ab14166-f366-5deb-8739-7219eec73555,Mason Tipton,2026,WR,NO,confirmed,0.7822483660130718,3.03783210108673,4.079431516015993,4.048202755815549,3.7218221243060903,0.8057583165422362,shadow,3.0309206538762243,3.7218221243060903,3.719518308569255,-0.0023038157368353573
9ad912a6-f5cd-5b4e-880c-fbbaa288c5a0,Tyler Badie,2026,RB,DEN,confirmed,1.0797737556561087,3.5521572897075666,3.8970416982665586,3.6998567418704704,3.716351909948198,0.7535498235453357,shadow,3.730758819532129,3.716351909948198,3.775885753223053,0.05953384327485489
9b030c9d-5325-5fdb-a8fa-a79631f2897c,Kirk Cousins,2026,QB,LVR,confirmed,3.4321923644109464,14.495876300755388,15.890692185793954,15.291591425620577,15.22605330405664,0.8563861366327805,shadow,14.796182252269922,15.22605330405664,15.326155287894816,0.10010198383817581
9b5f70d2-2f12-5454-9ee5-252004340d74,Emmanuel Henderson Jr.,2026,WR,SEA,confirmed,0.5356323529411765,3.4021347346085244,4.460376213486062,4.078476005163101,3.9803289844192293,0.6418172413892731,shadow,2.4956238556413606,3.9803289844192293,3.6781586914301747,-0.3021702929890546
9c2efd5b-2c25-5e47-ab1a-f984a9847486,Jalen Coker,2026,WR,CAR,confirmed,8.149260609536293,9.422021339620581,8.94966701433729,8.92878280605081,9.100157053336227,0.9882969925686056,shadow,9.355781111082283,9.100157053336227,9.078076977156796,-0.02208007617943153
9c3f2584-9f7e-53ac-bb98-d9725cbde550,Jaret Patterson,2026,RB,LAC,confirmed,0.6461882352941175,4.690222722087327,4.0835634576166475,4.104906861134075,4.29289768027935,0.7985179376629935,shadow,4.391639423304259,4.29289768027935,4.193369914018327,-0.09952776626102278
9d57fdbe-f058-5fa6-af0e-01265f3fe7d0,Cooper Rush,2026,QB,,confirmed,,,,,,0.47967318292908667,shadow,,,,
9dd9dfd3-4f20-521e-ab11-b1396a8381b2,Jahan Dotson,2026,WR,ATL,confirmed,4.324999999999999,5.325242109375898,5.601136677597044,5.493794897910877,5.473391228294606,0.9591782109796837,shadow,5.1694465363687305,5.473391228294606,5.421459370625551,-0.051931857669054615
9e5335bf-091e-5a42-b460-2029010a9cea,Malik Washington,2026,WR,MIA,confirmed,6.194529411764705,7.546354125369409,7.444493347835302,7.432164803061251,7.474337425421987,0.9915319764885052,shadow,7.338727428820837,7.474337425421987,7.405128526572464,-0.06920889884952253
9f08f3c3-af3e-508a-8b15-2cbfa4ad2f03,Carson Wentz,2026,QB,MIN,confirmed,0.9155560488346283,14.161807975092614,14.180704386358258,13.985961529011284,14.10949129682072,0.5793602280957332,shadow,14.264205392886335,14.10949129682072,14.143623769418625,0.034132472597905306
a0163b54-9746-56a6-951f-7dc7800e0b7e,Xavier Hutchinson,2026,WR,HOU,confirmed,3.5151161641127016,4.301875914963715,5.229677978180631,5.115610904312031,4.8823882658187925,0.9679248284792912,shadow,4.13136560659915,4.8823882658187925,4.825551496363938,-0.056836769454854164
a0971c9e-35b5-59fd-b5c7-2a46c8577931,Andrei Iosivas,2026,WR,CIN,confirmed,5.3732192288680185,6.035856183776355,6.036169065160947,6.279235352232966,6.117086867056756,0.9872534170683903,shadow,5.842703512599371,6.117086867056756,6.052702643331095,-0.06438422372566066
a0a54b86-6373-5b03-8774-0674f1ef9003,JuJu Smith-Schuster,2026,WR,,confirmed,0.07882352941176471,5.617439109555237,4.961219166494745,5.066789363170116,5.215149213073366,0.3036923514483624,shadow,6.024119528325931,5.215149213073366,5.350709352663597,0.13556013959023083
a0c09a4e-db08-5727-b907-d2863dbebbe3,Johnny Wilson,2026,WR,PHI,confirmed,0.25988235294117645,3.111491467683737,4.137670300480265,3.9777391966160622,3.742300321593355,0.280024620118976,shadow,2.617182430326614,3.742300321593355,3.5775306424743136,-0.16476967911904117
a1feaa71-a8f7-5a3f-9346-108bac317ca3,Jaylin Noel,2026,WR,HOU,confirmed,4.695392156862743,6.4372781362493985,5.9783770607329725,6.188214785828827,6.201289994270399,0.961203853802225,shadow,6.255580583911714,6.201289994270399,6.140724143491171,-0.060565850779228825
a236279b-9c8b-5498-bb93-cbe6d6b799e5,Dalton Kincaid,2026,TE,BUF,confirmed,8.80608866131411,9.830432951088568,9.67773766913569,9.712639333727235,9.740269984650498,0.9925070707521657,shadow,9.702964629720336,9.740269984650498,9.697780544194421,-0.04248944045607672
a252ec1e-f688-51a8-b527-22bde83819ac,Ben Skowronek,2026,WR,PIT,confirmed,1.1393235294117647,2.6501474525768858,3.9281297507793704,3.6336841379915485,3.403987113782602,0.8159857525039848,shadow,2.5628647184883704,3.403987113782602,3.37489286908643,-0.029094244696171945
a257622b-dcb0-5865-b34e-ac6630b12b52,C.J. Williams,2026,WR,JAC,confirmed,0.4111764705882353,3.4794987795849908,4.475071601754927,4.189279404589373,4.047949928643097,0.5947724258887872,shadow,2.556308965957955,4.047949928643097,3.740219990767418,-0.3077299378756786
a30ada7c-95a6-5fec-8917-7930ebf39aac,Zachariah Branch,2026,WR,ATL,confirmed,4.3567647058823535,7.151013354918074,6.250337970748448,6.5888602727317584,6.66340386613276,0.9520829420328307,shadow,7.049804814732271,6.66340386613276,6.6296676860708255,-0.03373618006193446
a3775e06-f7bd-5607-8fec-ab678be8d182,Troy Franklin,2026,WR,DEN,confirmed,5.0100123578843325,7.301685823718211,6.391003287676495,6.626311053149593,6.7730000548481,0.9860710220775837,shadow,7.235282941230851,6.7730000548481,6.750865760685646,-0.022134294162453827
a3a91767-a13a-50e6-a5c6-e58ef27af0ef,Salvon Ahmed,2026,RB,,confirmed,1.3764705882352943,4.385818533330296,4.587719968580058,4.785357008356437,4.586298503422264,0.7195126583122953,shadow,4.623804118475537,4.586298503422264,4.66562703180401,0.07932852838174576
a3b25d8b-bcb1-55bb-92e7-098388e69d44,Tim Patrick,2026,WR,NYJ,confirmed,1.694608823529412,4.2244939409695474,4.542001755317208,4.327751160045807,4.364748952110854,0.6641522678978827,shadow,3.4839678362382074,4.364748952110854,4.117906917200408,-0.2468420349104461
a3ef6212-0d30-5a66-b471-9b901bd8dd8a,Jake Ferguson,2026,TE,DAL,confirmed,9.57990947075209,9.911803436817276,9.90211523010532,9.815804574129311,9.876574413683969,0.9944174659939179,shadow,9.78639150079399,9.876574413683969,9.83477043500954,-0.04180397867442842
a4e3f29f-3947-5a63-8c4d-71307ce35b88,Nate Boerkircher,2026,TE,JAC,confirmed,2.248823529411765,3.8776157696153364,4.610520221555084,4.118475466065138,4.20220381907852,0.9215242138822914,shadow,3.564612394851906,4.20220381907852,4.097869360824043,-0.10433445825447674
a59c5681-9b75-503b-983b-796120efba59,Antonio Gibson,2026,RB,FA,confirmed,,,,,,0.25717418322232244,shadow,,,,
a5af3821-ea95-5730-bc3e-1cf6be5f6027,Dylan Sampson,2026,RB,CLE,confirmed,6.4203529411764695,7.721458749607914,7.685589316002487,7.507812315764245,7.638286793791548,0.9902122397617731,shadow,7.771903973110199,7.638286793791548,7.65510186829231,0.01681507450076225
a5d14ee6-0701-5e08-9910-141cfa56cd61,Malik Nabers,2026,WR,NYG,confirmed,13.315066360806147,14.712965079054932,14.778716780534042,14.810059932517023,14.767247264035332,0.9912785245174123,shadow,14.743374684924609,14.767247264035332,14.777383799325223,0.010136535289891668
a5ec6a3e-8cba-549c-ac03-00385e0c4848,Jaylen Wright,2026,RB,MIA,confirmed,3.6550476814681314,5.410377057455114,5.578520776312717,5.525449514599999,5.504782449455944,0.9596676824226248,shadow,5.466664934769727,5.504782449455944,5.5235450752274815,0.018762625771537422
a5ee1820-0e44-5fe7-9e47-018aae9a246c,Josh Cuevas,2026,TE,BAL,confirmed,0.4397647058823529,4.301505797017604,4.484916609163734,4.4364485266009135,4.40762364426075,0.7005270835742099,shadow,4.252704268234748,4.40762364426075,4.391356467999798,-0.016267176260951643
a5efc43f-7911-5ff3-bcc0-def8b7be0172,Mason Rudolph,2026,QB,PIT,confirmed,1.1956517647058824,12.846117697157764,13.624638042369895,13.414314827982684,13.295023522503449,0.6091278522289656,shadow,13.072041640365708,13.295023522503449,13.370331503572762,0.07530798106931336
a5fd7583-5ea9-5996-b929-aaf792e7d4b3,Michael Bandy,2026,WR,DEN,confirmed,0.3243735294117647,3.1429328117508097,4.159046493142724,4.144703402178431,3.8155609023573214,0.5040760244201928,shadow,3.1136259022031156,3.8155609023573214,3.80579193250809,-0.009768969849231368
a63b9d55-d72a-5713-8f85-b42d57fd5e1e,Juwan Johnson,2026,TE,NO,confirmed,8.626470588235295,8.932177778367523,8.820916558246521,8.559957847897103,8.771017394837049,0.9916930320665575,shadow,8.748973267404773,8.771017394837049,8.709949224516132,-0.06106817032091705
a7be06c2-0f33-5ff3-bb5b-2aad16a268d8,Roman Hemby,2026,RB,,confirmed,,,,,,0.7218493219213376,shadow,,,,
a817f7c6-937e-5c75-937f-70406c1ddec7,Athan Kaliakmanis,2026,QB,WAS,confirmed,,,,,,0.29716364414546936,shadow,,,,
a88e3bfe-8150-56b3-97e3-3d7a1bc77d34,Bryce Oliver,2026,WR,TEN,confirmed,0.2792970588235294,2.5868877025649253,4.009335609453881,3.9401165546355226,3.5121132888847764,0.425291022159977,shadow,2.3675248491180207,3.5121132888847764,3.438992337735808,-0.07312095114896833
a8da1d81-582a-5a09-be1b-39653fd739a0,Malik Davis,2026,RB,DAL,confirmed,2.874411764705882,4.224375680611346,5.120457818529195,4.574821708046354,4.639885069062299,0.9539623790359677,shadow,4.220914348329371,4.639885069062299,4.638731291634973,-0.0011537774273255863
a9a0b5f2-4264-5a43-9775-040772ff9b5b,Brock Bowers,2026,TE,LVR,confirmed,14.00873786116119,14.193122113532215,15.008080370273522,16.289059906428303,15.16342079674468,0.9966464164767731,shadow,14.163407588136074,15.16342079674468,15.153515954945966,-0.009904841798713093
a9ec369b-0e11-5182-afc5-1b507b5e12c1,Isiah Pacheco,2026,RB,DET,confirmed,6.729763231197772,8.06311279863214,7.457251732103247,7.490550974344357,7.670305168359914,0.988050782635469,shadow,7.980874182023784,7.670305168359914,7.642892296157129,-0.027412872202785543
aad1a2d3-a992-599f-bbc5-621a65409415,LaJohntay Wester,2026,WR,BAL,confirmed,0.0,4.2329925543284945,4.470700656288242,4.378112937242469,4.360602049286403,0.23654045537639037,shadow,4.32332690952015,4.360602049286403,4.390713501016954,0.03011145173055141
ab2bf058-accf-56da-b7c3-c7276db2dea6,Bhayshul Tuten,2026,RB,JAC,confirmed,12.223235294117647,11.900512904990356,11.548264900285254,11.791268229503576,11.74668201159306,0.9938182200886886,shadow,11.699060792389306,11.74668201159306,11.679531307392713,-0.06715070420034763
ab4bc0d3-bee5-5432-9684-c47cccb7a0ca,Miles Sanders,2026,RB,,confirmed,,,,,,0.3684491162523846,shadow,,,,
ab7493cc-5d07-54bf-a40a-d2dc1136acb2,Damien Martinez,2026,RB,GB,confirmed,0.15764705882352942,5.228776958611535,4.572753290975504,4.739444810260253,4.846991686615763,0.3273364880512663,shadow,4.747877689124048,4.846991686615763,4.686691930119935,-0.16029975649582884
ab7af06e-aa31-5252-a689-7e8b2072cdbc,Nico Collins,2026,WR,HOU,confirmed,14.248517122726517,14.72449160036523,15.094700314846921,15.12611941561272,14.98177044360829,0.9948638274507209,shadow,14.686529541263484,14.98177044360829,14.969116423907709,-0.012654019700581998
ab8371db-2c4c-57aa-a7e3-7e8206667929,Jahmyr Gibbs,2026,RB,DET,confirmed,21.064117647058822,20.701824080792466,20.802294556735895,21.656779506660612,21.05363271472966,0.995489639966645,shadow,20.94341565525673,21.05363271472966,21.13416323955108,0.08053052482141965
ab838654-7269-5096-8383-8d4761716bba,Will Howard,2026,QB,PIT,confirmed,0.6552941176470588,14.32135656708114,14.18480496837006,13.558419238622156,14.021526924691118,0.2683028618333364,shadow,14.750027461140789,14.021526924691118,14.164417222711002,0.14289029801988384
abfaa351-4b53-5eaa-a304-9825243dc5cc,Tua Tagovailoa,2026,QB,ATL,confirmed,8.747872357856792,15.418602854118552,15.663999661996282,15.130439887152058,15.40434746775563,0.9802785121958221,shadow,15.676704592650959,15.40434746775563,15.490381380599766,0.08603391284413675
ac1112e3-b2c9-5850-adbb-9a619039033d,Phil Mafah,2026,RB,DAL,confirmed,1.2859192457470794,4.896885564047829,4.612592259306332,4.278038133891897,4.5958386524153525,0.5269599460412702,shadow,4.160359805482212,4.5958386524153525,4.350330066226814,-0.24550858618853866
acce423a-2757-563b-8ea5-04427182a924,Blake Whiteheart,2026,TE,CLE,confirmed,0.3069147058823529,2.322920856631611,3.652516408420783,3.5134767229677824,3.1629713293400585,0.568355371586513,shadow,2.331442329993015,3.1629713293400585,3.1658118204605272,0.002840491120468691
aced33f3-b887-596d-8620-5ad359aa767e,Matt Hibner,2026,TE,,provisional,,,,,,0.5409853403551051,shadow,,,,
ad4b9a3e-ce64-59d9-9d10-ec1012528f13,Jeff Caldwell,2026,WR,,confirmed,,,,,,0.589148101566756,shadow,,,,
ad6b6c62-45ac-5341-be39-a7fe7c393a66,LeQuint Allen Jr.,2026,RB,JAC,confirmed,2.674513396981828,4.81392980715624,4.630300572675305,4.729789981780139,4.724673453870562,0.9443868390885215,shadow,4.953932259570973,4.724673453870562,4.771340938008805,0.04666748413824351
ad6f00c4-5188-5b5f-91cf-af7806e1c3af,Jaydon Blue,2026,RB,DAL,confirmed,2.746470588235294,5.51422287769061,4.776492081285901,4.975156070726344,5.088623676567619,0.9300241078973116,shadow,5.653044499945412,5.088623676567619,5.1348975506525525,0.04627387408493355
ad848f28-4066-522c-b352-43abce87fbcb,Ricky Pearsall,2026,WR,SF,confirmed,7.629411764705882,9.943985695754943,8.923648522036684,8.6408875254855,9.169507247759041,0.9846898078298733,shadow,9.805341992720596,9.169507247759041,9.123292680080926,-0.04621456767811516
ae104516-92b0-5032-a7e1-d459585265d8,Jack Strand,2026,QB,,confirmed,,,,,,0.5270828182222089,shadow,,,,
ae1f7559-0bf7-5b59-a474-69879707762a,Cade Stover,2026,TE,HOU,confirmed,1.9652941176470586,3.438007280222708,3.9911824621759973,3.983897864203375,3.8043625355340267,0.9089730381611996,shadow,3.2748003441675966,3.8043625355340267,3.749960223515656,-0.05440231201837076
af299ce7-1b73-5e7e-8da1-2754bee159ee,Beaux Collins,2026,WR,NYG,confirmed,0.2058823529411765,4.246362224006609,4.134160345445361,4.2546965568014175,4.211739708751129,0.48535138344008816,shadow,3.6175798013335854,4.211739708751129,4.002145567860121,-0.20959414089100736
afd666e0-e97c-5447-8b7b-a416d009aeb7,Darnell Mooney,2026,WR,NYG,confirmed,4.577382352941177,6.399638070339879,6.233502235426057,5.687516364070044,6.106885556611993,0.945383630681315,shadow,6.273673401712199,6.106885556611993,6.064897333736101,-0.04198822287589188
b008da3f-351c-5828-bc0b-d4971b8962ef,Hunter Long,2026,TE,JAC,confirmed,0.9088235294117647,5.076508896419221,3.702819416753875,3.8753204142946283,4.218216242489241,0.7682918612453045,shadow,4.585399045723837,4.218216242489241,4.054512958924113,-0.16370328356512776
b055b321-ac7c-55a9-9223-c84eb0ec14cc,Terrance Ferguson,2026,TE,LAR,confirmed,5.102836768802229,6.482861137431304,6.67329020631731,6.604256425872388,6.586802589873668,0.9854151981260216,shadow,6.319830009683546,6.586802589873668,6.532458880624414,-0.05434370924925336
b16c6494-1ca2-5425-a077-9e8748417278,Zay Flowers,2026,WR,BAL,confirmed,13.627735294117645,14.20896178757042,14.431842436123027,14.076375341032705,14.239059854908717,0.9951035499025668,shadow,14.121871892027134,14.239059854908717,14.210029889727622,-0.029029965181095463
b2493328-5a41-5357-aa2e-5dac8a68fb99,Tyquan Thornton,2026,WR,KC,confirmed,5.373364639973636,6.515501319846731,6.20366527719532,6.471356065707891,6.396840887583314,0.9865721935324463,shadow,6.48542526033363,6.396840887583314,6.386815534412281,-0.010025353171032592
b33359fc-5f9d-5172-99c7-2b34ec01e3a4,Khalil Shakir,2026,WR,BUF,confirmed,9.5775703752253,10.490326672732392,9.462575426692492,9.60103394191151,9.851312013778797,0.9932306573808789,shadow,10.4117519937025,9.851312013778797,9.825120454102167,-0.02619155967662934
b364cb25-e157-582a-97dc-f54354862a6b,Jordan Mason,2026,RB,MIN,confirmed,7.8359741110929075,9.13014386688705,8.454408222926633,8.781005143598614,8.788519077804098,0.9920961379132841,shadow,9.356628465772785,8.788519077804098,8.864013944099343,0.07549486629524438
b3bbe5a4-9794-5449-b472-706cdf6aa453,Nicholas Singleton,2026,RB,TEN,confirmed,1.5649833897957093,5.358732379912128,5.021387937799426,5.093995589358259,5.1580386356899375,0.8395008331659316,shadow,5.330674708528218,5.1580386356899375,5.148686078561968,-0.009352557127969341
b3c78a9f-7349-53e9-bdfe-735ef63ed815,Alec Pierce,2026,WR,IND,confirmed,11.925588235294118,12.213490892301431,11.646692483746213,11.785434472506234,11.881872616184625,0.9927168521978427,shadow,12.147498738134193,11.881872616184625,11.859875231462212,-0.02199738472241286
b482a4bd-ff7a-575a-bc28-7c948662ee32,Samaje Perine,2026,RB,CIN,confirmed,5.533441176470589,5.890800149920674,6.458793882044958,6.089984587660652,6.146526206542094,0.987856468181999,shadow,5.991353057449564,6.146526206542094,6.180043842385058,0.033517635842963855
b4e9327d-f002-5f05-9a32-9b2fbbcd707f,Trevor Lawrence,2026,QB,JAC,confirmed,17.439621176470588,19.320746973037398,18.306061385622858,19.04571613424115,18.8908414976338,0.9933070745571578,shadow,19.476995361386432,18.8908414976338,18.94292429375015,0.05208279611634836
b56670f7-b428-5dab-a014-12e764e1d46e,Josh Cameron,2026,WR,JAC,confirmed,1.6476882352941176,3.7360659025063656,4.52215104332643,4.07248668468131,4.110234543504702,0.7548732677105051,shadow,3.5037809421631927,4.110234543504702,4.032806223390311,-0.07742832011439127
b5862397-0d45-5560-8aa7-44b046621b96,Jayden Higgins,2026,WR,HOU,confirmed,8.13594277404555,9.428003558671074,8.992233621343262,9.324124364953988,9.248120514989441,0.9900733125475184,shadow,9.305306656916628,9.248120514989441,9.207221547737959,-0.04089896725148279
b5a58f0f-9cb2-5b4b-b707-11c2cbd89072,Matthew Hibner,2026,TE,BAL,confirmed,2.3157180774748936,4.218015188436266,4.630591598306464,4.118475466065138,4.322360750935956,0.9338391352934882,shadow,4.0622263867193045,4.322360750935956,4.270431150363636,-0.05192960057232021
b6803030-7a65-5f02-9006-617cbaf48d09,Tanner McKee,2026,QB,PHI,confirmed,1.05913443328551,12.338398126621582,14.242251826953334,13.140908785981761,13.240519579852226,0.3078409688943071,shadow,12.707120072534822,13.240519579852226,13.36342689515664,0.12290731530441512
b6a56bd2-63bf-5f16-b309-dda61c805e53,Treylon Burks,2026,WR,WAS,confirmed,3.929420588235294,5.004649833702137,5.470334267352851,5.374767624560831,5.283250575205273,0.936830490394356,shadow,4.870761985899774,5.283250575205273,5.238621292604486,-0.04462928260078769
b8ed3daf-5f4d-5440-837d-fa6127a71934,JJ Galbreath,2026,TE,PIT,confirmed,0.11764705882352941,5.982472278851884,4.606241038436361,4.4364485266009135,5.008387281296386,0.4223013721897879,shadow,5.673625534171676,5.008387281296386,4.905438366402983,-0.1029489148934033
b9053494-3945-5dbf-a41d-f2d3090a8459,Cam Grandy,2026,TE,CIN,confirmed,0.9258823529411765,4.794852996585986,3.854168733509269,3.913492491660782,4.187504740585346,0.7739943376595351,shadow,4.129375574476399,4.187504740585346,3.9656789332154836,-0.22182580736986202
b95b9621-7926-5153-bd19-c24fd2f8d394,Xavier Smith,2026,WR,LAR,confirmed,1.6854527837891005,3.0895294976863195,4.380350684614518,3.8144750642536835,3.7614517488515067,0.8693594049754543,shadow,2.916557924502948,3.7614517488515067,3.703794557790383,-0.05765719106112366
b9915fb7-1942-5b96-9d04-49bd08a77a3b,RJ Harvey,2026,RB,DEN,confirmed,9.90929411764706,11.17867396164985,10.749408287431862,11.149784292633454,11.025955513905055,0.9936846759605514,shadow,10.885285236524217,11.025955513905055,10.928159272196512,-0.09779624170854362
ba5d9692-01c7-56dc-b82c-998066f2f374,Jalen Royals,2026,WR,KC,confirmed,2.24231045751634,4.444579250013771,4.710571427112882,4.370801925105209,4.50865086741062,0.8218813393654663,shadow,4.384133849644039,4.50865086741062,4.4885024006207095,-0.020148466789910557
ba9a66c4-fffb-50fb-805b-2927f2615273,Myles Price,2026,WR,MIN,confirmed,0.40345000000000003,3.5575612553060028,4.4458430044848765,4.219275125862218,4.074226461884366,0.6931065237306437,shadow,3.7294174211523856,4.074226461884366,4.131511850499827,0.05728538861546095
badd855e-5f90-51f8-a2f3-3108065c0064,Kimani Vidal,2026,RB,LAC,confirmed,3.533235294117647,6.149581837017679,5.687944630587284,5.317514101486958,5.718346856363973,0.9674604760918463,shadow,6.113229287772469,5.718346856363973,5.706229339948904,-0.012117516415068863
bb1e45d3-127d-523e-99e9-69da9dcdad63,Riley Nowakowski,2026,TE,PIT,confirmed,1.343694117647059,3.4985675899543773,4.33814098572146,4.215051152405174,4.017253242693671,0.822812962928123,shadow,3.3339214477858317,4.017253242693671,3.9623711953041556,-0.054882047389515076
bb4a37b3-8afb-5612-b11b-7665cf567491,Hakeem Butler,2026,WR,,confirmed,,,,,,0.46410287660153643,shadow,,,,
bbf4d347-6bc2-5d09-a38d-3721a30bb430,Braxton Berrios,2026,WR,NYG,confirmed,0.0,2.409110709109494,4.287358087475812,3.8488765317640175,3.515115109449775,0.13154810879142995,shadow,2.299536375167448,3.515115109449775,3.4785903314690927,-0.0365247779806821
bc125544-e1f4-5786-8d31-4ea82a452a7b,Kendrick Bourne,2026,WR,ARI,confirmed,3.9777088235294116,5.088793373237456,5.533242026519074,5.436915684072415,5.352983694609648,0.9540190198599929,shadow,5.072439179436645,5.352983694609648,5.347532296676044,-0.005451397933604163
bc2788cb-fb66-5316-9f71-c219e1e169c2,Bijan Robinson,2026,RB,ATL,confirmed,20.786470588235293,20.402462994688776,20.392683109624063,21.552144719381143,20.78243027456466,0.995489639966645,shadow,20.48853661640341,20.78243027456466,20.81112148180287,0.028691207238210836
bcdca427-ca54-552b-8c30-e321d850e9b7,Luke McCaffrey,2026,WR,WAS,confirmed,3.83764705882353,5.179643679703367,5.431018040560808,5.473225121974886,5.361295614079687,0.9605140910808557,shadow,5.028423031612714,5.361295614079687,5.310888731382803,-0.0504068826968842
bce2d34d-ab67-50d6-b69c-958571fdfd63,Ted Hurst III,2026,WR,TB,confirmed,3.731992580816113,6.6258836350517605,5.873517747976932,5.628668385481151,6.042689922836614,0.9553630150270617,shadow,6.6421204809421095,6.042689922836614,6.048102204800064,0.005412281963449672
bcf48bd7-748b-5d6d-b5a0-68c2966dbc36,Mack Hollins,2026,WR,NE,confirmed,2.9425522875816985,4.292437409264969,5.084714732551477,4.951330104406278,4.7761607487409075,0.9351503284007665,shadow,4.157516623055745,4.7761607487409075,4.731187153337833,-0.04497359540307411
bd12dd60-2446-5e63-b279-7d99c3ec768d,Albert Okwuegbunam,2026,TE,LVR,confirmed,0.3958823529411765,5.656781720130284,4.332622965550255,4.132301463607704,4.707235383096081,0.7042401796494914,shadow,5.165354106390328,4.707235383096081,4.543426178516095,-0.1638092045799855
bde53080-8196-5edb-9337-4641045d8c3c,Tutu Atwell,2026,WR,MIA,confirmed,3.716456215994253,4.102126827376866,5.495173048839177,5.213390644758869,4.9368968403249704,0.9462166082576273,shadow,3.965070237288389,4.9368968403249704,4.8912113102954775,-0.04568553002949294
be3fbf27-4e03-5e54-af4d-1062532086d2,Jonathan Taylor,2026,RB,IND,confirmed,18.445,18.271769311741753,18.82163046069315,18.57389243162657,18.555764068020494,0.9957171718742853,shadow,18.42133835280677,18.555764068020494,18.605620415042164,0.04985634702167019
be928b00-888e-5aba-bef4-aab8a1204ee9,Adonai Mitchell,2026,WR,NYJ,confirmed,6.7820059542141475,7.739697408141189,7.595429471145689,7.352088184197006,7.562405021161294,0.9904102549853557,shadow,7.644016804328016,7.562405021161294,7.530511486556904,-0.03189353460439026
beb14663-23e4-58d0-9a94-53892d6a2884,Quinn Ewers,2026,QB,MIA,confirmed,1.1614,13.788947295096984,13.964195980754488,13.325532706801857,13.692891994217776,0.5172711560671249,shadow,14.148603953940706,13.692891994217776,13.812777547165682,0.11988555294790615
beb784d7-8af2-5381-873e-2287a37d4f37,Jameis Winston,2026,QB,NYG,confirmed,1.2794412583975092,13.926221760350149,14.926046000806064,14.62103957271527,14.491102444623827,0.6790085419585744,shadow,14.265199300080795,14.491102444623827,14.604094957867376,0.1129925132435492
becba3ab-03de-503b-ab94-db1241230af8,Ja'Kobi Lane,2026,WR,BAL,confirmed,4.655303989841061,6.4908685527134145,5.968714281464196,5.745863128918873,6.068481987698828,0.9497795260691113,shadow,6.431432053127895,6.068481987698828,6.048669821170321,-0.01981216652850648
bf1ebdf8-1cd3-5924-8593-4dd46f984b81,Jake Bobo,2026,WR,SEA,confirmed,0.43076470588235294,3.348433489032181,3.9377825343254873,3.947450741155493,3.7445555881710537,0.6877657431578188,shadow,3.266245732338257,3.7445555881710537,3.717159669273079,-0.02739591889797488
bf9a1eb0-a5c2-541b-b440-dd77c833a1e1,Rashee Rice,2026,WR,KC,confirmed,15.110408815336719,15.594839081687294,16.213835968980344,16.276086498535257,16.0282538497343,0.9928894216428275,shadow,15.483023941016828,16.0282538497343,15.990982136177477,-0.03727171355682124
bfd0744c-5599-5c9a-a252-b1e6b4485153,David Njoku,2026,TE,LAC,confirmed,4.953529411764706,6.3737625634343225,6.619545280114435,6.318906869716604,6.437404904421787,0.9820836829655308,shadow,6.432539683425556,6.437404904421787,6.4569972777521984,0.019592373330411306
c001d58a-1cd3-52c1-84c8-e2ba9beeb5a0,Cody White,2026,WR,SEA,confirmed,0.0,3.384592249058149,4.250036992934851,4.10111856414138,3.911915935378127,0.14901508375547914,shadow,3.504703676493679,3.911915935378127,3.9519530778566367,0.04003714247850976
c0e36bab-0b9c-5ccc-952d-f89537c00441,Kaelon Black,2026,RB,SF,confirmed,2.8597320989677213,5.235939541911941,5.281500671053775,4.789453830164047,5.102298014376587,0.9398208104024196,shadow,5.079153019005412,5.102298014376587,5.050035840074411,-0.052262174302176057
c0ea45eb-8a3c-5a29-80b4-d9017c71749e,Greg Dortch,2026,WR,DET,confirmed,1.8421993464052289,4.288816065246818,4.673221389831948,4.340394621637896,4.434144025572221,0.8778750105680163,shadow,4.303507366356506,4.434144025572221,4.439041125942116,0.004897100369895213
c1086e38-7579-5440-843c-5fca247378ae,Calvin Ridley,2026,WR,TEN,confirmed,6.911029411764706,8.152736823754656,7.437310157076954,7.397219610585955,7.662422197139189,0.9802069672557887,shadow,7.930141359276739,7.662422197139189,7.588223708979882,-0.07419848815930674
c16a5e67-fff0-57b9-838c-c8df91df7b9d,Tetairoa McMillan,2026,WR,CAR,confirmed,13.279705882352943,13.993125167204429,14.415589455018731,14.354095313283327,14.25426997850216,0.9953012686864176,shadow,13.88160895501734,14.25426997850216,14.217097907773132,-0.03717207072902795
c21d6ed2-17e6-5557-b8fb-68339dbd0650,Darnell Washington,2026,TE,PIT,confirmed,4.133098066524658,5.372696819876605,5.295593342365868,5.0341264574069955,5.23413887321649,0.9759742299886045,shadow,5.4032717905419165,5.23413887321649,5.244330530104926,0.01019165688843593
c24ecdca-4795-5e3e-bbeb-16c299707961,Tony Pollard,2026,RB,TEN,confirmed,11.337828936588572,11.665029664314766,11.293565903765975,11.028959274923515,11.329184947668084,0.993082111084071,shadow,11.698557894381578,11.329184947668084,11.340361024357023,0.011176076688938608
c260102b-090c-5a7a-9adb-735d75ccb48f,Adam Prentice,2026,RB,DEN,confirmed,0.5977159157977571,1.8316157820174714,3.8486658312512296,3.4218407358711507,3.034040783046617,0.8353636634096193,shadow,2.2055422465024623,3.034040783046617,3.1586829378749477,0.12464215482833074
c27144f9-c945-55c7-9034-cd9ddf95203f,Derrick Henry,2026,RB,BAL,confirmed,15.101411764705883,15.08054853870334,16.45163452564457,17.220577160783176,16.250920075043695,0.9939898052341845,shadow,15.197817407244242,16.250920075043695,16.290009697890664,0.03908962284696926
c2d2f104-196b-5707-877c-50929e6fc8ee,Tyjae Spears,2026,RB,TEN,confirmed,7.046908815336717,8.569932870285395,7.8243926191468525,7.530972732999393,7.975099407477214,0.9914452630952076,shadow,8.600879468218812,7.975099407477214,7.985414940121686,0.010315532644471936
c3176b58-04cb-5082-bd9b-4fe5dc7ae6dc,Justin Watson,2026,WR,HOU,confirmed,0.49764705882352944,4.256618240971451,4.242990928122144,4.120001885317706,4.206537018137101,0.6547285014233138,shadow,3.699895255363132,4.206537018137101,4.020962689600994,-0.18557432853610667
c3254b64-83c1-515c-a106-e1fe1f2a000a,Brock Purdy,2026,QB,SF,confirmed,17.28331647058824,19.813128127330337,18.90647166289586,19.300929368980302,19.340176386402167,0.9826592272653276,shadow,19.9455015850237,19.340176386402167,19.384300872299956,0.04412448589778961
c346e7f8-fe06-57e2-a5a1-925e5c9e43ee,Derek Carr,2026,QB,NO,confirmed,,,,,,0.1875425346698012,shadow,,,,
c3846c56-1c54-55a3-a8f6-660ad18946a0,Ray Davis,2026,RB,BUF,confirmed,3.164204907093729,5.378061293612147,5.442062426799368,5.788049965634559,5.536057895348692,0.9714402616945381,shadow,5.221666694897485,5.536057895348692,5.483926362443804,-0.05213153290488748
c3939202-6e8a-5463-b80c-9afca0b39e90,Chris Brooks,2026,RB,GB,confirmed,3.561767647058823,4.715213118104951,5.476491345620643,5.294579338215187,5.1620946006469275,0.9687147128513268,shadow,4.857377611066575,5.1620946006469275,5.209482764967468,0.04738816432054094
c448106a-5832-5239-86c5-dcb2a8c9032e,Mason Kinsey,2026,WR,TEN,confirmed,0.15411764705882353,3.5518581516195757,3.9190868212316525,3.938426888887144,3.8031239539127903,0.5385084078979361,shadow,3.819511825244822,3.8031239539127903,3.8923418451212064,0.08921789120841606
c52fd5b1-43fe-54b2-8bc3-f59cff441066,James Cook,2026,RB,BUF,confirmed,16.18294117647059,16.621593490559604,17.457809129217733,17.506051141772485,17.195151253849943,0.9958870787972699,shadow,16.85241900321623,17.195151253849943,17.27209309140215,0.07694183755220863
c5e3e9a4-cc91-5fc7-83f6-2367cbd3793b,Brandon Aiyuk,2026,WR,SF,confirmed,1.3529411764705883,7.215535647058648,5.781141184074977,5.662786996845901,6.2198212759931755,0.5983203556031945,shadow,7.016497877671581,6.2198212759931755,6.153475352864153,-0.06634592312902221
c5e7dc6b-1533-5600-b241-82f27e3aef6b,Tip Reiman,2026,TE,ARI,confirmed,1.432405882352941,3.357304005641499,3.8232882625106543,3.8324647115407724,3.6710189932309754,0.848764514495714,shadow,3.4125596702173056,3.6710189932309754,3.6894375480895776,0.01841855485860222
c63fef1b-16bd-5275-a03e-94cee125aaae,Baker Mayfield,2026,QB,TB,confirmed,16.07660823529412,18.30483801563782,16.965445277682164,17.582661710536954,17.61764833461898,0.9930313321087739,shadow,18.3480586215762,17.61764833461898,17.632055203265107,0.014406868646126725
c67b8c0d-554f-56c2-9d75-e8afe640cc7f,Tommy Tremble,2026,TE,CAR,confirmed,3.675588235294118,3.9587337768432427,5.233602223405166,4.922576990888636,4.704970997045682,0.96970539534294,shadow,3.9131186794288872,4.704970997045682,4.68976596457423,-0.015205032471452107
c6c34bd1-90df-5391-9ca7-feee264df37d,James Conner,2026,RB,ARI,confirmed,3.389082352941177,5.97274330266226,5.923789453494869,5.264483075282815,5.720338610479981,0.9388153563741453,shadow,6.030445761908019,5.720338610479981,5.739572763561902,0.019234153081920446
c6f2468f-cee8-50a7-8f6d-a391e883055a,AJ Dillon,2026,RB,CAR,confirmed,1.5363414634146337,3.2621848236952102,4.589695690877846,4.8576837101507415,4.236521408241266,0.8062478995342579,shadow,3.34735505083626,4.236521408241266,4.26491148395495,0.028390075713683238
c73d42e2-8dd5-52c0-a050-48bd77bd2a0e,Chuba Hubbard,2026,RB,CAR,confirmed,10.935323529411765,11.343587043660328,11.080467452955006,10.92099980914481,11.115018101920048,0.9933558577083462,shadow,11.48064483936306,11.115018101920048,11.160704033820958,0.04568593190090908
c7b359b9-58c6-569e-a338-59c41280cb3f,Jacory Croskey-Merritt,2026,RB,WAS,confirmed,7.605370588235294,9.111172080656267,8.285393421252031,8.240141377062418,8.545568959656906,0.9881472388566341,shadow,8.999179856884545,8.545568959656906,8.508238218399665,-0.03733074125724123
c7d6b991-01e0-5ca4-b20b-689206d992c5,Travis Etienne,2026,RB,NO,confirmed,13.55735294117647,13.71103906786555,14.421320513903726,13.621733697908406,13.918031093225894,0.9950309176898379,shadow,13.585169544217779,13.918031093225894,13.876074585343304,-0.04195650788259009
c9684bcb-19b7-55f7-8650-60fecdc8ab6a,Denzel Boston,2026,WR,CLE,confirmed,6.39830672620023,8.232036730217942,7.8618106686307065,8.251039213898629,8.114962204249093,0.9805563804089644,shadow,8.11500891157694,8.114962204249093,8.075952931368759,-0.03900927288033351
ca42cfb0-4498-54c3-a50c-601ada26ce69,Jaylen Waddle,2026,WR,DEN,confirmed,12.32355726691791,12.657748516138371,12.919238017959538,12.110457317776245,12.56248128395805,0.9950996508887744,shadow,12.577538984330788,12.56248128395805,12.535744773355523,-0.02673651060252702
cac30a97-fbab-5fa5-8062-9d7b8684d6b9,J.K. Dobbins,2026,RB,DEN,confirmed,9.093075454694413,10.58161325702833,9.609047719593049,9.589912213502053,9.926857730041144,0.9813668340075111,shadow,10.62770697032057,9.926857730041144,9.942222301138557,0.015364571097412849
cc1b1fa6-6a71-51d7-9964-9e97713d44f6,Aaron Jones,2026,RB,MIN,confirmed,9.17606144519089,9.834976741465839,9.558450245792839,8.9809294560944,9.458118814451026,0.9874255278114953,shadow,9.739043401101815,9.458118814451026,9.426141034329683,-0.031977780121343
cc2059a6-d96d-5bdf-9d9d-7d819ea9226b,DeeJay Dallas,2026,RB,JAC,confirmed,0.3374117647058824,2.782660921750961,3.816448419911032,3.737002122218614,3.4453704879602025,0.6157397172076476,shadow,3.0878007921641704,3.4453704879602025,3.5470837780979387,0.10171329013773622
cc2a7e3b-a37e-5cd4-89a9-f97e3049860e,Brenton Strange,2026,TE,JAC,confirmed,8.69362854333934,8.961825163106823,8.906208856563403,8.966251885495897,8.944761968388708,0.9925070707521657,shadow,8.815589358452508,8.944761968388708,8.896016700170602,-0.048745268218105764
cc91e5d6-69c8-5ff1-8f3d-656805722ab6,Brevyn Spann-Ford,2026,TE,DAL,confirmed,1.3326823529411764,3.413589449339172,3.7727054714342168,3.8439573866724426,3.6767507691486103,0.8960854564474697,shadow,3.398840951874888,3.6767507691486103,3.6718346033271825,-0.0049161658214278425
ccd22510-248d-5fa0-a292-412d841e3f68,Eli Heidenreich,2026,RB,PIT,confirmed,0.9562352941176471,4.722349410749472,4.550077287273168,4.443252747892717,4.571893148638452,0.8006980876692312,shadow,4.764716983632688,4.571893148638452,4.5860156729328585,0.014122524294406524
ccda7d11-8596-5b2e-b55b-d640a79b3cc5,Josh Allen,2026,QB,BUF,confirmed,21.26293882352941,23.270524302965782,22.682933576609514,22.62590872320519,22.859788867593494,0.9943032739732981,shadow,23.389887039477074,22.859788867593494,22.89957644643059,0.03978757883709605
cd0167c0-d9ce-5180-856c-d26959a81941,Bo Nix,2026,QB,DEN,confirmed,17.174242352941178,18.745358789255185,18.4694155216297,18.71839738800314,18.644390566296007,0.9946115223380599,shadow,18.55461408167664,18.644390566296007,18.58080899710316,-0.06358156919284852
cd23375c-f224-5388-bda7-06939896b396,Riley Leonard,2026,QB,IND,confirmed,0.9597058823529412,17.029340106520767,13.81776313163757,13.723059650764961,14.856720962974434,0.5512259084939533,shadow,16.937629056771904,14.856720962974434,14.826150613058145,-0.03057034991628882
cd5276ae-d480-590f-868c-a3d0b1d99134,Travis Kelce,2026,TE,KC,confirmed,10.384493281992466,10.037391790724305,10.909448123642646,10.78340434973807,10.576748088035007,0.9928175163073444,shadow,9.861637135791918,10.576748088035007,10.518163203057545,-0.058584884977461726
cdc6646d-dd60-5579-b686-092e2194beea,Christian Watson,2026,WR,GB,confirmed,11.506061477961659,12.405492435774406,11.74698700974019,12.105813923444758,12.086097789653117,0.989057914323763,shadow,12.380481107485094,12.086097789653117,12.077760680223347,-0.008337109429769285
cdc830cf-3f5f-5b70-9b57-2c24ef411203,Makai Lemon,2026,WR,PHI,confirmed,9.514337620842209,11.022926560157893,10.538357755267967,11.194674906551251,10.918653073992369,0.9876774434806349,shadow,11.002289818070187,10.918653073992369,10.911774159963135,-0.00687891402923313
ce1142cb-3442-5c39-bea7-d138056cd2f8,Gary Brightwell,2026,RB,CIN,confirmed,0.08352941176470588,5.640468188024122,3.887472085070587,4.104057555177908,4.543999276090872,0.3881153855959892,shadow,5.182606837062492,4.543999276090872,4.391378825770329,-0.15262045032054328
ce246c60-9a12-5a83-8052-e4af200c2a16,Roman Wilson,2026,WR,PIT,confirmed,2.8082352941176474,5.34178200637661,4.840241409303041,5.23662671394868,5.139550043209444,0.9465192344204335,shadow,5.27901459506651,5.139550043209444,5.118627572772744,-0.020922470436699925
ce2a93ef-bc9a-5dd0-bf44-f11a2ef3a2f9,Jayden Reed,2026,WR,GB,confirmed,9.910614451908897,10.890822930049335,10.690175962173482,10.762654034755812,10.78121764232621,0.9872380760108652,shadow,10.808805948120792,10.78121764232621,10.75387864835003,-0.027338993976179893
cec3e8c3-e26f-517b-be6b-2859e87221ac,Kevin Coleman Jr.,2026,WR,MIA,confirmed,2.116794117647059,4.793695558823254,4.709298043795592,4.443281719382007,4.648758440666951,0.8963735873340667,shadow,4.577050082191279,4.648758440666951,4.576543281789626,-0.07221515887732455
d0e529e4-2d5e-58ec-b87d-1a32b8954539,Jayden Daniels,2026,QB,WAS,confirmed,18.311764705882354,20.696013329747892,19.16713622337765,19.877113704011364,19.9134210857123,0.9910680358428303,shadow,20.49756336717659,19.9134210857123,19.847271098188532,-0.06614998752376877
d1180fff-b381-5bf2-b3cc-6d9fe3cac314,Jelani Woods,2026,TE,NYJ,confirmed,0.27058823529411763,4.139081437813427,4.208139762276395,3.916843041106521,4.088021413732115,0.5594811092229418,shadow,3.4464165685475434,4.088021413732115,3.8571331239768196,-0.23088828975529507
d14b7df0-a8f3-58f0-b68e-123490eda472,Eli Raridon,2026,TE,NE,confirmed,2.5682352941176467,5.109108379851243,4.985287029863547,4.835954827384538,4.976783412366442,0.9511722417174538,shadow,5.085100144405002,4.976783412366442,4.968780667217696,-0.00800274514874566
d1811d53-bfbe-5c37-bd13-be780edb43be,Dallas Goedert,2026,TE,PHI,confirmed,9.448676470588236,9.744783724665872,9.709196986182038,9.58145806956589,9.678479593471266,0.9937083371398259,shadow,9.613427915337713,9.678479593471266,9.634694323695214,-0.043785269776051905
d1a1d84a-5e0f-5fd7-a4c9-2acb09b0745d,Ahmani Marshall,2026,RB,CLE,confirmed,0.07705882352941176,4.9226613453461265,4.410943648266523,4.173919601368777,4.502508198327142,0.4245001882618445,shadow,4.630669924439405,4.502508198327142,4.405177724691568,-0.09733047363557379
d2153ba6-e2e9-5c06-b349-4e078b8b8f01,Jacoby Brissett,2026,QB,ARI,confirmed,14.02182,15.669444369491256,15.32557156562131,15.404332764819289,15.466449566643952,0.9908002761135541,shadow,15.653985782855969,15.466449566643952,15.461296704432188,-0.005152862211764031
d2c96396-a051-5897-a6ff-06b4bb2848b6,TreVeyon Henderson,2026,RB,NE,confirmed,11.786470588235295,12.69546203323256,12.251262966883028,12.414604702450898,12.453776567522162,0.994976728553485,shadow,12.620815655390635,12.453776567522162,12.428894441574855,-0.024882125947307543
d314a164-66a8-5d44-b902-6f75546abc63,Cade Klubnik,2026,QB,NYJ,confirmed,0.82338436744561,14.310342004444927,14.492617628109787,13.260563993936906,14.021174542163871,0.6216229478497424,shadow,14.672081513169799,14.021174542163871,14.141754378405496,0.1205798362416246
d35f2425-04a3-51b8-bc3a-8df2f5db9640,Josh Jacobs,2026,RB,GB,confirmed,14.773000983123056,14.973580730354836,15.176799886164883,14.597637026066414,14.916005880862045,0.9944938237736295,shadow,15.049390848319094,14.916005880862045,14.941275920183465,0.0252700393214198
d3b5fd11-b421-5bc0-a249-aa9d312aaa76,Jerome Ford,2026,RB,WAS,confirmed,1.497529411764706,3.1761598034351577,4.5461831184872885,4.072588333427996,3.9316437517834806,0.8843992147820723,shadow,3.04339707050546,3.9316437517834806,3.8873895074735816,-0.044254244309898993
d43eb9ce-1eef-5fb2-bf7c-f61b2a569d31,Dareke Young,2026,WR,LVR,confirmed,0.0,3.64688331309617,3.919420108007479,4.433024419911926,3.9997759470051917,0.19945607173620966,shadow,3.725736589273694,3.9997759470051917,4.0260603723977,0.026284425392508748
d44345a2-9f8d-53ff-9840-a44c89da3abc,Mo Alie-Cox,2026,TE,IND,confirmed,1.7842352941176471,2.757642537909634,3.7896457993437793,3.6457118410097173,3.39766672608771,0.889278429595775,shadow,2.843087206576408,3.39766672608771,3.4261482823099683,0.02848155622225823
d451985a-4675-56fc-86e6-4cc094695747,A.J. Brown,2026,WR,NE,confirmed,14.393500000000001,14.557743853418776,15.364119110146198,15.004974034059602,14.975612332541525,0.9944903725231714,shadow,14.590244552169453,14.975612332541525,14.98644589879175,0.010833566250225246
d45f6473-c406-50e0-8a2a-3862bb31a711,Brian Robinson,2026,RB,ATL,confirmed,5.455588235294118,6.810111322727064,6.837155813346152,6.852552694862696,6.8332732769786375,0.9880325893191468,shadow,6.805555759235327,6.8332732769786375,6.831754755814725,-0.0015185211639128227
d4b9f622-031a-51c4-90e4-51d0d4a81c61,Laquon Treadwell,2026,WR,IND,confirmed,0.47882352941176476,5.22102024810189,4.35971851222317,4.252054730273825,4.610931163532961,0.4390362740025416,shadow,6.1401877639317135,4.610931163532961,4.917320335476236,0.306389171943275
d50b12b8-bbba-55bf-a332-0c01801664cc,Ja'Tavion Sanders,2026,TE,CAR,confirmed,4.024399475667702,4.91177075620808,5.2984701791387785,5.25243846370727,5.154226466351376,0.970127655724105,shadow,4.813760350755162,5.154226466351376,5.121556331200403,-0.03267013515097261
d5bb6fc0-d848-5b92-9507-ac2ecf75fd5c,Eli Stowers,2026,TE,PHI,confirmed,3.2323529411764707,5.6051799351991995,5.485170206120776,5.346929825107536,5.4790933221425036,0.9520217347668415,shadow,5.477080540767348,5.4790933221425036,5.436393523998554,-0.04269979814394986
d62b75af-e76b-5adf-8ac7-8ca4dd3921fc,Princeton Fant,2026,TE,DAL,confirmed,0.2423529411764706,5.59746493246016,4.5432170898723525,4.394922491456058,4.84520150459619,0.31139402670333677,shadow,5.091910863889858,4.84520150459619,4.676683481739423,-0.16851802285676687
d6609ec3-d6b5-5aa7-b18a-1e31e52f29e7,Deebo Samuel Sr.,2026,WR,,confirmed,7.483823529411764,8.46541523168986,8.02308762660556,8.054694689137538,8.18106584914432,0.9888294425328821,shadow,8.291131572880786,8.18106584914432,8.122971296207961,-0.05809455293635857
d671cd75-b8c4-58d5-849d-460d7ef95c3e,Josh Johnson,2026,QB,CIN,confirmed,0.9773529411764705,12.389658593258108,14.299842437163809,13.341566801589567,13.34368927733716,0.5176963295016638,shadow,12.1884037762667,13.34368927733716,13.276604338340023,-0.0670849389971373
d6a4da7c-fbd3-597b-974c-e696114f785f,Jaxon Smith-Njigba,2026,WR,SEA,confirmed,18.343852941176472,18.336608419441664,19.42307749650401,20.16900329989476,19.309563071946812,0.9961919493397968,shadow,18.442154402824148,19.309563071946812,19.34474506640764,0.03518199446082804
d6d5cd43-472b-5b92-ab62-43a6cc90e5fd,Malik Willis,2026,QB,MIA,confirmed,15.83223705882353,18.727573410136173,17.015342901839603,17.970652096254675,17.904522802743482,0.9839621852927621,shadow,18.775567298559626,17.904522802743482,17.9205207655513,0.01599796280781618
d756b81b-46dd-500c-8819-40916788e6fd,Jacob Cowing,2026,WR,SF,confirmed,0.0,5.172537453491556,4.350979109202353,4.682931446450349,4.735482669714752,0.22200583296036927,shadow,4.777180898979516,4.735482669714752,4.603697151544073,-0.13178551817067952
d7bc9396-1066-506a-a354-10b0c70cf212,Najee Harris,2026,RB,LAC,confirmed,1.3176470588235296,4.7618609083790675,4.883205896103162,5.523632454517401,5.056233086333211,0.7618509460847507,shadow,4.729562527511544,5.056233086333211,5.045466959377369,-0.01076612695584167
d821e4b7-8fe2-5617-b412-a387dc1a049a,KeAndre Lambert-Smith,2026,WR,LAC,confirmed,1.3058235294117648,3.4074221622418923,4.07613508057792,3.950887829436124,3.811481690751979,0.8646336114021882,shadow,3.1660093351171135,3.811481690751979,3.7310107483770523,-0.08047094237492658
d82ae6d6-8d2a-5517-b2cb-37189109af68,Jalen Nailor,2026,WR,LVR,confirmed,7.368868589218416,7.785637299434577,8.040669525112712,7.8322115767523846,7.886172800433225,0.9894995509163633,shadow,7.68738915259612,7.886172800433225,7.853423418153739,-0.032749382279486206
d843f0e8-59f0-518f-9a7a-0f80c9960068,Braelon Allen,2026,RB,NYJ,confirmed,4.207688235294118,6.285896732650025,5.728747086001226,5.888366861096465,5.967670226582572,0.9558347157489598,shadow,6.492028079047374,5.967670226582572,6.036380675381689,0.06871044879911636
d8da4fc8-4a05-588a-a4cf-f1ef6ee15d8b,Durham Smythe,2026,TE,BAL,confirmed,1.5363529411764678,2.586371905521136,3.7481124589410633,3.4096202155177777,3.2480348599933255,0.8818496025311444,shadow,2.688386457026425,3.2480348599933255,3.282039710495089,0.034004850501763606
d956fdde-9f76-5168-80c0-cb1c8e7c9c9c,Kalel Mullings,2026,RB,TEN,confirmed,0.17470588235294118,4.27432802485094,4.182035888781333,4.497855234118439,4.318073049250238,0.6282578844298089,shadow,3.7525354455847646,4.318073049250238,4.144142189494846,-0.1739308597553917
d9941072-d9df-57b5-91dd-0d0441d2b0d6,CeeDee Lamb,2026,WR,DAL,confirmed,15.184061117483214,16.177035509556507,17.323272951034912,17.55288263385017,17.01773036481386,0.9950879160717196,shadow,16.29264071415634,17.01773036481386,17.05626543301381,0.03853506819994834
d9c5031a-1b60-5c91-b49e-d3721a9aa216,Dontayvion Wicks,2026,WR,PHI,confirmed,4.43085294117647,6.3596468610645545,5.729751253720156,6.005349477860404,6.031582530881704,0.9587473745257769,shadow,6.57377014051783,6.031582530881704,6.102956957366129,0.07137442648442516
d9cf6e45-7558-5c7c-9ecb-60a6b637f864,Calvin Austin III,2026,WR,NYG,confirmed,3.1408823529411762,3.855277115062597,5.378492492286623,4.918483814093662,4.717417807147627,0.9675218647039197,shadow,3.6317991141501693,4.717417807147627,4.642925140176818,-0.07449266697080947
d9d141c9-95cf-52d2-8d99-54e3a8ca1711,Rashod Bateman,2026,WR,BAL,confirmed,6.786606524962927,7.624146015545417,7.526301960231299,7.337112877429354,7.4958536177353565,0.9890070594843866,shadow,7.552740330504792,7.4958536177353565,7.472051722721815,-0.02380189501354124
da238bb4-f764-5fd7-aded-e381937ed327,Michael Trigg,2026,TE,DAL,confirmed,,,,,,0.6162125351005154,shadow,,,,
da6048ce-35b2-52d2-a3c0-956af54f730e,Trevor Etienne,2026,RB,CAR,confirmed,1.2715204496458257,3.8849878500180353,4.2036230990944805,4.305121081056083,4.1312440100562,0.8712429805702311,shadow,3.917023889628716,4.1312440100562,4.141922689926427,0.010678679870227192
da6fde27-09e6-5fc1-a727-9d63d7451839,Kenyon Sadiq,2026,TE,NYJ,confirmed,7.919376470588236,8.884383271487545,8.652577464363732,8.654145120013975,8.730368618621752,0.9862493848256576,shadow,8.969396621616886,8.730368618621752,8.758706401998198,0.02833778337644688
dac04937-183f-50ee-9b1f-6798eee4b743,Ty Johnson,2026,RB,BUF,confirmed,5.812941176470588,6.174739344015042,6.6139768358368825,6.123755561819887,6.304157247223937,0.9899565105558717,shadow,6.286069777208205,6.304157247223937,6.341267391621659,0.037110144397721534
dae120b1-c58d-5502-9d9f-9b88d7e4191d,Jared Wiley,2026,TE,KC,confirmed,0.7534323529411765,4.1347019170910695,3.827125751512211,4.181299014848989,4.0477088944840895,0.7044694384286861,shadow,4.289554232038968,4.0477088944840895,4.099326332800056,0.05161743831596688
db0eda74-3c4b-5743-87c4-c93270f4edc1,Spencer Rattler,2026,QB,NO,confirmed,1.456705882352941,14.468306960612162,14.115477694185522,13.677251129760831,14.087011928186172,0.6313513673708356,shadow,14.821183083501884,14.087011928186172,14.204637302482746,0.11762537429657449
db7d5e90-b154-5095-84a2-b527ee8684a2,Marvin Harrison Jr.,2026,WR,ARI,confirmed,11.009823529411765,12.244852624520231,11.831550012390121,11.62824057693287,11.90154773794774,0.9933174678738663,shadow,12.09850280340601,11.90154773794774,11.852764464243,-0.048783273704739116
dbddf1a9-f4f2-58d9-b145-32dd70ec0394,Kenny Pickett,2026,QB,CAR,confirmed,1.111400107440236,12.336430910926026,13.977429606960976,13.38275714999097,13.232205889292658,0.5361422237491467,shadow,12.547165747486575,13.232205889292658,13.30245083481284,0.0702449455201819
dbee73e8-4c53-5352-adb1-75e935248793,Joe Royer,2026,TE,CLE,confirmed,1.3610588235294117,3.9995363221634923,4.373047170115529,4.239230732900071,4.203938075059697,0.8358745903680149,shadow,3.798973190932788,4.203938075059697,4.1370836979827965,-0.06685437707690056
dc145fd3-cd5f-52e5-a81a-94f83f705b4a,Brenen Thompson,2026,WR,LAC,confirmed,2.2919882352941174,5.142998644024344,4.696589476140751,4.5527344556635185,4.797440858609538,0.925516411139606,shadow,4.944084452897467,4.797440858609538,4.731136128233913,-0.06630473037562545
dc2643f4-c348-59a3-8fd3-2b1f9356dc5b,Theo Johnson,2026,TE,NYG,confirmed,4.318294117647059,6.054740752462868,5.4280718455417984,5.378141886909752,5.6203181616381395,0.9740725236547727,shadow,5.935433677985078,5.6203181616381395,5.580549136812209,-0.039769024825930366
dc5206de-00ba-54a5-8070-31e369af08ca,Kevin Austin Jr.,2026,WR,NO,confirmed,0.38411764705882356,4.717430513631649,4.3114335356375,4.391761759135073,4.47354193613474,0.6809302278978933,shadow,4.001675522925925,4.47354193613474,4.234956939232833,-0.23858499690190715
dc646c86-7085-5235-aea4-836e38a990dd,Jaleel McLaughlin,2026,RB,DEN,confirmed,0.9916823529411765,5.460622238005882,4.6512339820968815,5.209192310251689,5.107016176784818,0.8534135667627939,shadow,5.719378919031541,5.107016176784818,5.193268403793371,0.08625222700855328
dc6afbc2-8794-5b6d-8fad-645785585c6c,Brashard Smith,2026,RB,KC,confirmed,2.327058823529412,3.908138590269706,4.32120276338728,4.245272861993068,4.158204738550018,0.9334707162639992,shadow,4.014484946795363,4.158204738550018,4.193653524058571,0.035448785508553016
dc980e68-2edd-539e-b9bd-93deb3b8bf84,Kenny Gainwell,2026,RB,TB,confirmed,9.524012780599705,9.944996736975126,9.769782132287961,9.679625306931666,9.798134725398251,0.9926292018610953,shadow,9.949888849146358,9.798134725398251,9.799765429455329,0.0016307040570779918
dce82837-9b56-5207-babe-53cfac54eb70,Joe Burrow,2026,QB,CIN,confirmed,17.97384117647059,19.240649579415184,19.198175893312783,19.159000922035677,19.199275464921215,0.9913955931674711,shadow,19.249289134585787,19.199275464921215,19.20215531664475,0.0028798517235344434
dd3c2301-3637-5019-abd1-885c52d99df6,George Kittle,2026,TE,SF,confirmed,9.452610462067835,10.839394984152705,10.47269152332426,10.261646662413142,10.524577723296701,0.9835383808093278,shadow,11.01814170997229,10.524577723296701,10.584159965236564,0.05958224193986261
dd5c1241-2d4b-5c25-80fe-9f10b285c601,Drake Dabney,2026,TE,GB,confirmed,0.9305882352941177,5.068501974021844,4.257986588064909,4.239230732900071,4.521906431662274,0.6581433438307317,shadow,4.7100337624089486,4.521906431662274,4.4024170277913095,-0.11948940387096485
dd950026-9269-5740-b106-2e5b095183b6,Olamide Zaccheaus,2026,WR,ATL,confirmed,4.178091118800463,3.9347526648930495,5.509820774845793,5.020255506828969,4.8216096488559375,0.9550794261847977,shadow,3.8641311217504004,4.8216096488559375,4.798069134475054,-0.023540514380883337
ddf55e16-fa43-5d7e-92f4-f41e53fd6fb7,Jaxson Dart,2026,QB,NYG,confirmed,17.47246823529412,19.997465468974074,19.248740229237214,19.932501982549294,19.72623589358686,0.9930480633710578,shadow,19.945568227556564,19.72623589358686,19.70893681311436,-0.01729908047250106
de62f6fc-b2f4-5dbc-a549-cf3a6a20ee4e,Malachi Corley,2026,WR,CLE,confirmed,0.5482941176470588,2.9304825098878533,4.222368380238072,4.297622404032455,3.816824431386127,0.6566374776940523,shadow,3.007750717250465,3.816824431386127,3.8425805005069975,0.025756069120870695
de7cc54e-8a8f-51f3-bbe4-d8e681ebdea8,Noah Fant,2026,TE,NO,confirmed,3.7067202359495317,4.254216049779332,5.248851686317774,4.863863793713959,4.788977176603688,0.9477801873060865,shadow,4.255034283366539,4.788977176603688,4.7892499211327575,0.00027274452906933533
dee1a53c-71e9-5f9c-bab1-9ab8bdebdc8e,Demond Claiborne,2026,RB,MIN,confirmed,1.5111764705882353,5.246012526736157,4.839108136455808,4.995717341338886,5.026946001510283,0.8370877811805165,shadow,5.392018270411969,5.026946001510283,5.075614582735554,0.048668581225270735
dee2587d-ce48-5d4d-a3c5-c22d5c959256,David Martin-Robinson,2026,TE,TEN,confirmed,0.3064705882352941,4.112162819368334,3.9702047176862396,4.097410507676273,4.059926014910282,0.5373350338584354,shadow,3.4133986414937265,4.059926014910282,3.827004622285413,-0.23292139262486877
df8422ce-da76-5999-80be-a47aead4fc59,J.J. McCarthy,2026,QB,MIN,confirmed,1.6186,15.435299293011777,16.549201106060327,15.721647355811596,15.9020492516279,0.6523524490154662,shadow,15.884557772126877,15.9020492516279,16.0518020779996,0.1497528263716994
df9c20f9-8747-55fa-ae71-b580aa4727ea,Joshua Dobbs,2026,QB,FA,confirmed,0.6574758560140483,13.472563762487454,13.028224692754394,12.252250324429932,12.917679593223925,0.3133486754738079,shadow,13.39184406578552,12.917679593223925,12.890773027656614,-0.026906565567310636
e034f337-1957-5829-a966-1ad15436b528,Jeshaun Jones,2026,WR,MIN,confirmed,0.055882352941176466,4.960310325276746,4.45516762013967,4.216269181678835,4.543915709031751,0.30932845021634736,shadow,4.431496984128361,4.543915709031751,4.367644595315622,-0.1762711137161288
e075f67b-e1d2-537a-a904-4d078d618783,Mike Gesicki,2026,TE,CIN,confirmed,6.6046616418154995,6.7226445095917775,7.122605499264202,6.8669377715518785,6.904062593469287,0.9878353623927861,shadow,6.586246130709487,6.904062593469287,6.85859646717519,-0.04546612629409719
e07d3f8d-4844-56f8-9663-65ceaa3310d8,Christian McCaffrey,2026,RB,SF,confirmed,19.493617647058826,19.57421107046953,20.16007907683357,20.62332782449858,20.11920599060056,0.9947768190394773,shadow,19.642782450920294,20.11920599060056,20.142063117417482,0.022857126816923312
e1ec8db7-77f7-52da-a6a4-e1fda09e11d7,Devaughn Vele,2026,WR,NO,confirmed,4.9082786539406875,6.113293356163771,6.026041809160057,6.032785608692632,6.05737359133882,0.9748458770454219,shadow,5.678163450350632,6.05737359133882,5.912330289401107,-0.14504330193771242
e1fc4185-09b7-5874-b8e4-34276bef2a4a,Scott Miller,2026,WR,CHI,confirmed,0.20647058823529413,4.1906241117638725,4.026548592022986,3.9068790956254578,4.0413505998041055,0.4328609854679812,shadow,3.6904478700391,4.0413505998041055,3.874625185895848,-0.16672541390825746
e2877123-a571-5cb8-9cdd-4dbd3d0de2a5,Michael Wilson,2026,WR,ARI,confirmed,10.276470588235293,11.237709452177763,10.872325811086565,11.096542301436426,11.068859188233583,0.994004715456077,shadow,11.130807600849648,11.068859188233583,11.033225237790878,-0.03563395044270479
e36034a5-fc78-5b29-90e0-66619310bb0b,Travis Hunter,2026,WR,JAC,confirmed,5.52552658864593,8.682495811887613,6.591034535222401,7.0184810393174395,7.430670462142484,0.9781862782972625,shadow,7.957777646518014,7.430670462142484,7.189097740352619,-0.24157272178986577
e3640a49-e4df-5e1d-a699-7c70108146cc,Gardner Minshew,2026,QB,ARI,confirmed,0.8913082352941176,13.279458984449487,15.272630178313559,13.475211743646057,14.009100302136368,0.43487041616288713,shadow,13.092410695629049,14.009100302136368,13.946750872529554,-0.062349429606813445
e36cf9b5-cc57-5027-bb2d-829f8f55351f,Ben Yurosek,2026,TE,MIN,confirmed,0.607764705882353,3.9532009880019885,3.872405594119218,4.181299014848989,4.002301865656732,0.7240030668445675,shadow,4.128152685607663,4.002301865656732,4.060619098191957,0.058317232535224584
e3e5c0e8-f56e-5bbc-b947-f7318a6eb879,Michael Carter,2026,RB,TEN,confirmed,0.25771176470588236,5.305923299327438,4.812849784383175,4.739131917145028,4.9526350002852135,0.607391500616366,shadow,5.638066495388894,4.9526350002852135,5.063349398972366,0.11071439868715238
e436a9b9-2e45-5fb8-8fa6-ef09405ba0a7,Nick Vannett,2026,TE,,confirmed,1.8529411764705883,2.7684759122679514,3.8658810276060653,3.734004812077279,3.456120583983765,0.5167624532911465,shadow,2.3788859722600924,3.456120583983765,3.326257270647812,-0.12986331333595302
e46c3203-ffb0-56b9-9955-20082151e676,Kayshon Boutte,2026,WR,NE,confirmed,4.535147058823529,7.288979285407107,6.351932234122489,6.436855311233965,6.692588943587854,0.9686036001417934,shadow,7.263179777173276,6.692588943587854,6.68398910750991,-0.008599836077944012
e492c31b-21c9-55b9-b007-4dd0d8fd1ad4,Nick Chubb,2026,RB,HOU,confirmed,,,,,,0.5288789173852206,shadow,,,,
e63926eb-062c-512b-8913-6ffdd601e5ad,Van Jefferson,2026,WR,WAS,confirmed,2.2458823529411767,2.8328969371044765,4.387322445435021,3.9261698132439795,3.7154630652611593,0.8278752013305177,shadow,1.8461689233018275,3.7154630652611593,3.3865537273269424,-0.32890933793421695
e6bfb986-45c0-521f-a8e8-fd306ab4947d,Drake London,2026,WR,ATL,confirmed,16.259394491779993,16.387787173497983,16.841919238973336,17.221212012112435,16.81697280819458,0.9953005309387306,shadow,16.526298986631865,16.81697280819458,16.863143412572544,0.04617060437796283
e71a1290-d2df-5e35-8903-0366b36e8191,Kaleb Johnson,2026,RB,PIT,confirmed,1.2453220066386064,4.648333026175936,4.193161599639088,4.77474507849573,4.538746568103584,0.8733865847148014,shadow,4.690680153640791,4.538746568103584,4.552862277258536,0.014115709154951972
e7521c88-cfc0-5d9d-a164-29f159e23ac2,Ulysses Bentley IV,2026,RB,IND,confirmed,0.07117647058823529,4.695997390098199,4.0024291742862275,4.405746998757367,4.368057854380598,0.4802229981582936,shadow,4.318038723896387,4.368057854380598,4.242071632313327,-0.1259862220672705
e7b2c519-8ada-5b40-9b93-23904f8fd20a,Trey Lance,2026,QB,LAC,confirmed,0.7817302725968425,16.377856327060183,16.14219706559212,14.226032003247813,15.582028465300036,0.3510019953696698,shadow,18.316474648151974,15.582028465300036,16.228234572330635,0.6462061070305989
e7e519e5-a3ec-546f-84c7-ac13364c9dde,Deshaun Watson,2026,QB,CLE,confirmed,8.32035294117647,15.187012560782993,15.240979389633711,14.34395719403481,14.923983048150504,0.9014570182753155,shadow,15.304223789091857,14.923983048150504,14.963053457586794,0.03907040943628992
e8289749-67ed-5069-883d-320c3a400a98,Gage Larvadain,2026,WR,,confirmed,0.0,2.7088995595458485,4.136653949714231,4.115325201599988,3.6536262369533556,0.24372622450352968,shadow,2.9184539505467617,3.6536262369533556,3.7234777006203266,0.06985146366697093
e8588db5-a29d-5d60-8e8c-2d5472aff746,Alec Ingold,2026,RB,LAC,confirmed,0.8416299429470786,1.5324634894792633,3.7274145704033774,3.3530232640718403,2.870967107984827,0.8108224426990713,shadow,1.9584853267467146,2.870967107984827,3.0129743870739776,0.14200727908915045
e86ced99-27c6-5f49-bcc3-88346ad82582,Hunter Luepke,2026,RB,DAL,confirmed,1.5084117647058823,1.8998088644165527,3.936507969055817,3.8295179487152677,3.2219449273958793,0.8966420698755679,shadow,2.05258264973304,3.2219449273958793,3.272869522501375,0.05092459510549574
ea3d6b8e-ef38-5ab0-ae8a-8eb144518c4e,Jadarian Price,2026,RB,SEA,confirmed,10.90035588235294,11.698189986485037,11.950609764237997,11.48036956969608,11.709723106806372,0.9840739332451841,shadow,11.709944353962838,11.709723106806372,11.713641229298972,0.003918122492599707
eaf076f5-093e-54e2-93bb-2968c74ba14d,Blake Corum,2026,RB,LAR,confirmed,8.260882352941177,9.248313979942795,9.158420305452065,9.428680878165666,9.278471721186841,0.9924757310817832,shadow,9.136497268801534,9.278471721186841,9.241199484139756,-0.03727223704708571
ebfd08e8-ef59-5444-a972-78390e0d0b5d,Jeremy McNichols,2026,RB,WAS,confirmed,2.047800832661833,3.3134899687337755,4.338947966034526,4.139975829355862,3.9308045880413878,0.8657016263277416,shadow,3.4952051474150156,3.9308045880413878,3.991376314268468,0.06057172622708018
ec761cea-1114-5f0f-985b-13f2f946d7eb,Jalen Milroe,2026,QB,SEA,confirmed,0.4144496823119491,15.940240590158695,14.31019463470021,13.54288901911448,14.59777474799113,0.3856932095164822,shadow,16.366705827805077,14.59777474799113,14.73992982720659,0.14215507921545978
ed52cc6f-11a4-516a-9105-bbafc7acdd2b,Alexander Mattison,2026,RB,MIA,confirmed,,,,,,0.26003253189299697,shadow,,,,
edaf2c43-0bba-5e5e-abba-7714342a2b43,Tre Harris,2026,WR,LAC,confirmed,5.171764705882353,7.10226143352905,6.656712508301546,6.797436027246219,6.852136656358939,0.9846463585669324,shadow,6.829925309097815,6.852136656358939,6.761357948215195,-0.09077870814374478
edbc89b6-a572-5f5a-9bf0-487351d2ae99,Josh Whyle,2026,TE,GB,confirmed,1.5317647058823531,2.793690995457502,3.7650077908245145,3.6644056469281123,3.4077014777367096,0.8593329832476173,shadow,2.773251954358191,3.4077014777367096,3.400888464036939,-0.006813013699770831
eeac9ed6-b8d2-56ab-8aba-8461afb6bfea,Dominic Lovett,2026,WR,DET,confirmed,0.49211764705882355,3.884187805918028,4.458283277619386,4.185745294156824,4.17607212589808,0.4927451877042541,shadow,4.0206608446953975,4.17607212589808,4.221563138823869,0.04549101292578861
ef8a582d-67ea-55aa-8a3a-0c70ba488fd5,Anthony Gould,2026,WR,IND,confirmed,0.7923529411764707,2.9632249863394984,4.060827918018459,3.950887829436124,3.6583135779313607,0.6937887621929241,shadow,2.9608953852893247,3.6583135779313607,3.657537044247969,-0.0007765336833918113
f00adf10-26fe-5455-a7ff-e661f0ab38bb,Tank Bigsby,2026,RB,PHI,confirmed,3.9461092905128634,5.898607223954016,5.892827509592433,6.252021372797904,6.01448536878145,0.9631128395193589,shadow,6.045281116038581,6.01448536878145,6.063376666142972,0.048891297361521424
f0dff315-6f30-55b6-bd8d-df05687e83cc,Ashton Jeanty,2026,RB,LVR,confirmed,15.978470588235295,16.204386689405183,16.979417690399213,16.25439690935394,16.479400429719448,0.9963306091077858,shadow,16.22770401629522,16.479400429719448,16.487172872016128,0.007772442296680282
f1e6dc08-0452-51b0-aeb1-d9ea3334ec60,Chase Brown,2026,RB,CIN,confirmed,15.327470588235295,15.213238572685032,16.652884819268262,16.827285175488267,16.23113618914719,0.9962286196384483,shadow,15.065346143870032,16.23113618914719,16.18183871287552,-0.04929747627166847
f1ecfaef-aaf9-5bed-b5bb-c4726f4652b1,Thomas Fidone II,2026,TE,NYG,confirmed,0.8670588235294119,5.4480440010494515,4.31425291425234,4.4952115346305925,4.752502816644128,0.5456429917159747,shadow,4.983792137227968,4.752502816644128,4.5977521953703,-0.15475062127382788
f1f19188-07e6-5423-bc0c-551ed04f06a0,Hayden Rucci,2026,TE,SF,confirmed,0.03058823529411765,6.1319324649845335,4.606241038436361,4.4364485266009135,5.0582073433406025,0.30386228702387535,shadow,5.86100738850139,5.0582073433406025,4.967898984512888,-0.09030835882771449
f2a5e1ab-02a1-593e-bbc4-26d3d7fad71e,Emanuel Wilson,2026,RB,SEA,confirmed,2.972742094052104,4.865760300703786,5.319502551599434,5.194446404665533,5.126569752322918,0.9697632252226057,shadow,4.909739316334809,5.126569752322918,5.141229424199925,0.014659671877007341
f2c783c7-afa9-5c55-bc99-1d0967346747,Jalen Hurts,2026,QB,PHI,confirmed,18.459117647058825,20.609572947581995,19.869898144429204,19.89971930417236,20.126396798727853,0.9919544620854802,shadow,20.63858104152054,20.126396798727853,20.136066163374036,0.009669364646182288
f33368f5-f7cf-5322-8b13-c1a30fce6f3d,Messiah Swinson,2026,TE,GB,confirmed,0.16294117647058823,5.509967488266897,4.580205021684172,4.409263001922633,4.833145170624568,0.4127741882842839,shadow,5.113816161225723,4.833145170624568,4.70109472827751,-0.1320504423470581
f400c9f8-898a-5de1-836d-40d00de7404e,Jason Brownlee,2026,WR,KC,confirmed,0.5647058823529412,3.5401253139171667,4.068214264698762,3.9919657423790555,3.8667684403316613,0.6881687818340698,shadow,3.593698837808857,3.8667684403316613,3.8846262816288912,0.017857841297229893
f42bafa4-f744-58bf-82cf-ca40d519298c,Raheim Sanders,2026,RB,CLE,confirmed,1.5117647058823531,3.14601979010844,4.435179591633983,4.06892775213887,3.8833757112937644,0.8105643009909339,shadow,3.1191797952411964,3.8833757112937644,3.8744290463380167,-0.008946664955747696
f5959afc-af84-54ed-8249-a1ca568b5515,Mitchell Tinsley,2026,WR,CIN,confirmed,1.4433333333333334,3.33954160280034,4.089111521485282,4.098917540652284,3.8425235549793015,0.8689258841147147,shadow,3.1974614385202482,3.8425235549793015,3.795163500219271,-0.04736005476003058
f5b40ea8-4588-518a-a051-ee6486351f07,Caleb Douglas,2026,WR,MIA,confirmed,5.307470588235295,6.432955058462889,6.578770473563779,6.633100079683031,6.548275203903233,0.9722747520678826,shadow,6.243022065036235,6.548275203903233,6.484964206094349,-0.06331099780888394
f5d6a9ec-402a-5deb-b3c5-fa5129dee194,Jarquez Hunter,2026,RB,LAR,confirmed,1.1952941176470588,4.939476796040936,4.491257147319238,4.259144220238753,4.563292721199642,0.5976901898975222,shadow,4.3066915002523025,4.563292721199642,4.352364289270098,-0.2109284319295437
f5df2348-afd6-5f32-b7d9-1f083ba5b53a,Zach Charbonnet,2026,RB,SEA,confirmed,6.899117647058824,9.890710922728626,7.749981516453482,7.877548448180087,8.506080295787397,0.9791023038612063,shadow,10.137930547593305,8.506080295787397,8.588486837408958,0.08240654162156069
f5f17b26-7bf5-5dd5-8ee1-1a08075880a5,Charlie Woerner,2026,TE,ATL,confirmed,1.0241176470588236,3.006746065921143,3.6162043010606277,3.613351535757005,3.4121006342462583,0.8562400978428933,shadow,3.181756163220893,3.4121006342462583,3.4704373333461755,0.05833669909991723
f624bc0e-d5a1-523c-b7ad-f9aa76e97237,Austin Trammell,2026,WR,JAC,confirmed,0.6523529411764706,3.4411846299635656,3.905459439726746,3.6689168733475093,3.671853647679274,0.6944461941834036,shadow,2.808914969908873,3.671853647679274,3.4610970943277093,-0.2107565533515645
f6d909ba-7b69-5cd1-a342-cd76ee7a505b,Israel Abanikanda,2026,RB,,confirmed,1.3588235294117648,4.416785575724077,4.265329430772492,4.555277705066084,4.412464237187551,0.692361512045208,shadow,4.633954877484196,4.412464237187551,4.4848540044409235,0.0723897672533722
f6fcc1c4-e4ca-550a-a567-7c3b7446cdf8,Harold Fannin Jr.,2026,TE,CLE,confirmed,11.156176470588235,11.475836259612336,11.663312356990467,11.626879479163133,11.588676031921977,0.9935790813138009,shadow,11.42879208457136,11.588676031921977,11.572994640241653,-0.015681391680324452
f70e5060-8905-541f-8790-b07f352827ea,Donald Parham,2026,TE,PIT,confirmed,,,,,,0.20897590108602596,shadow,,,,
f7726e36-2f83-5b4e-94e4-7e50a809594c,Rasheen Ali,2026,RB,BAL,confirmed,1.064183898815499,3.713558420798292,3.990519152491128,3.943577372232562,3.8825516485073273,0.8459272366402467,shadow,3.8109901565299893,3.8825516485073273,3.9150288937512268,0.0324772452438995
f7ba9c4b-a090-5082-9d10-9ff125440c80,Alvin Kamara,2026,RB,NO,confirmed,6.186030695000514,8.168158413499947,7.589446624572934,7.090806223380768,7.616137087151216,0.9862429644801258,shadow,8.102856508817988,7.616137087151216,7.594369785590563,-0.02176730156065343
f8910582-4eb9-5ccb-9c1f-f3d2fce67d30,Ronnie Rivers,2026,RB,LAR,confirmed,0.3138823529411765,3.8930632410715633,3.7373242793603456,3.8677759056136782,3.8327211420151954,0.6569821895991426,shadow,4.2672061383974516,3.8327211420151954,3.9574354411238253,0.12471429910862986
f8a96beb-1229-52d6-a202-418d45d258d5,Josh Palmer,2026,WR,BUF,confirmed,4.321470588235294,5.080524446838519,5.532741758258058,5.317825700182675,5.310363968426417,0.9458498809932383,shadow,5.013480685828764,5.310363968426417,5.288016048089832,-0.022347920336584615
f911b2d2-de2b-56cb-8460-37ee3e9e8fdd,Andy Dalton,2026,QB,PHI,confirmed,0.882935437589671,13.176043645102197,14.429545142872003,13.383024527516987,13.66287110516373,0.5548011914780436,shadow,13.222103905208842,13.66287110516373,13.678224525199278,0.015353420035548737
f913f810-06b2-51df-a166-18a992dad4da,Nikko Remigio,2026,WR,KC,confirmed,0.40402058823529413,3.5117956439228912,3.970527552526105,4.136976992994493,3.8731000631478296,0.6337920258854909,shadow,3.613637605749666,3.8731000631478296,3.9070473837567548,0.033947320608925136
f91490fa-a6d9-50d0-88d0-75688def9253,Jeremy Ruckert,2026,TE,NYJ,confirmed,2.032819225251077,3.169202734257345,3.9889721067224113,3.932553019228142,3.6969092867359663,0.9415706684944846,shadow,3.2461495362207895,3.6969092867359663,3.7225582207237813,0.02564893398781498
f93486d7-837d-52d9-8342-aa5269695223,Kaden Wetjen,2026,WR,PIT,confirmed,0.3996735294117647,3.9424392610740107,4.453382433407574,4.219275125862218,4.205032273447935,0.6277545707773219,shadow,3.732408324878774,4.205032273447935,4.135021961382855,-0.07001031206507946
f973b1c8-3470-57f5-bc68-42e35a830411,Joe Mixon,2026,RB,HOU,confirmed,,,,,,0.2995125529081856,shadow,,,,
f9b1a774-f2ec-541c-870e-a4373e3cc9ca,Justin Fields,2026,QB,KC,confirmed,1.6555594101261684,14.086030031593296,16.044473361332248,15.460111227597467,15.196871540174337,0.6414708203223285,shadow,14.360850999916208,15.196871540174337,15.288478529615306,0.09160698944096879
f9bda95b-a01c-5631-a6c0-a085304dcf4e,Drew Sample,2026,TE,CIN,confirmed,2.301764705882353,2.635721070006255,3.9492649231859076,3.6224514660497977,3.4024791530806535,0.89880396204585,shadow,2.651855341786021,3.4024791530806535,3.407857243673909,0.005378090593255447
f9c8f147-97e6-5b74-975b-cee18b7e98d3,T.J. Hockenson,2026,TE,MIN,confirmed,7.8660000000000005,8.505309676833718,8.32433728560364,8.31347316290248,8.381040041779945,0.9909590271661318,shadow,8.400433336273615,8.381040041779945,8.346081261593245,-0.03495878018670062
f9fefdd6-a14b-58bd-ad4c-410812cd04ab,Deion Burks,2026,WR,IND,confirmed,1.6199999999999999,3.807062359918511,4.5452865180856605,4.131249692710989,4.16119952357172,0.7236220821527766,shadow,3.5990021084577997,4.16119952357172,4.09184610641815,-0.06935341715356991
fa1d6516-0109-538a-b5ed-632e817008c8,Hunter Henry,2026,TE,NE,confirmed,8.583147058823531,8.83932294656655,8.87979194466321,8.737970140969312,8.819028344066359,0.990775255811522,shadow,8.800791056382819,8.819028344066359,8.80618438067178,-0.012843963394578495
fa5d6a11-e40a-56ae-aba2-e5edd2cea340,Bo Melton,2026,WR,GB,confirmed,0.7794999999999999,2.917858147335468,4.093083640680916,4.0689218193794385,3.693287869131941,0.7629936000128134,shadow,2.9278273866901774,3.693287869131941,3.696610948916844,0.0033230797849030935
fa89381e-7f1e-50a0-a27c-efea596bd502,Deven Thompkins,2026,WR,LVR,confirmed,0.3900588235294118,2.990677787180891,3.97200725533047,4.077856646474347,3.680180562995236,0.5688522902210543,shadow,3.1741742810266604,3.680180562995236,3.741346060943826,0.06116549794858983
fb41fc6f-3f63-5aaf-a1ae-98398cab8108,Luke Schoonmaker,2026,TE,DAL,confirmed,2.0047058823529413,2.9995037291545668,3.863850148153585,3.547709495011557,3.470354457439903,0.9317635440760784,shadow,2.936390572332794,3.470354457439903,3.4493167384993115,-0.021037718940591255
fb9dbc69-0c54-5812-bf0d-05467df7ab69,Michael Burton,2026,RB,CLE,confirmed,1.0,3.0684869700274398,3.7598632340854024,3.6609301515928774,3.49642678523524,0.6021138377710819,shadow,2.7665183973314322,3.49642678523524,3.3957705943365704,-0.10065619089866962
fbdfc391-0458-5281-9440-4a27b06c4135,Elijah Higgins,2026,TE,ARI,confirmed,2.73,3.977118102793309,4.33846199248092,4.152309991878071,4.1559633623840995,0.9689201583930539,shadow,3.978493823994812,4.1559633623840995,4.156421936117934,0.0004585737338347329
fbebdefe-755c-500d-968b-70e7c69e2414,Terry McLaurin,2026,WR,WAS,confirmed,12.197072587252169,12.497602012555813,12.357908997853823,12.194557455334214,12.350022821914616,0.9905395082579167,shadow,12.259102571780353,12.350022821914616,12.270523008322797,-0.07949981359181812
fc5dc367-45b8-59e7-8e8d-8333a27713be,Travis Vokolek,2026,TE,ARI,confirmed,,,,,,0.21606206203904738,shadow,,,,
fcec11ba-a699-5241-83cd-e5dcce4e258d,Luke Farrell,2026,TE,SF,confirmed,1.055294117647059,3.299294717536964,3.6331243162137485,3.6864868816415326,3.539635305130748,0.8755455731969396,shadow,3.402714274714363,3.539635305130748,3.5741084908565477,0.034473185725799826
fceee187-a044-5155-ba8c-1b17347ba226,CJ Daniels,2026,WR,LAR,confirmed,1.1876470588235297,4.750162864521038,4.530770947037607,4.408108658515315,4.56301415669132,0.6968381070319742,shadow,3.660786844777017,4.56301415669132,4.199888816776646,-0.3631253399146743
fd1020a2-7720-5794-8bb2-eef4a5394a32,Darius Cooper,2026,WR,PHI,confirmed,0.5234117647058825,3.1581401353487877,4.089820148838156,4.022136329489251,3.756698871225398,0.7535225116134795,shadow,3.1382465043377863,3.756698871225398,3.750067660888398,-0.006631210337000315
fd34090b-2e7a-5aa6-b044-971a40e2d86f,Kendre Miller,2026,RB,NO,confirmed,1.0441764705882353,5.003510859066594,4.3966732460621145,4.462855837591544,4.621013314240084,0.7719197066858908,shadow,5.264252945698427,4.621013314240084,4.707927343117362,0.08691402887727762
fd8c9932-9363-551f-82a7-32a992f68a96,Marlin Klein,2026,TE,HOU,confirmed,2.994852941176471,3.8109911190272596,4.9913424211241235,4.47313936858562,4.425157636245668,0.948106383229302,shadow,3.568251343066029,4.425157636245668,4.344244377591924,-0.08091325865374444
fe9efc0d-16e6-5e1c-9a0e-91404e4399a4,Austin Hooper,2026,TE,ATL,confirmed,3.2597005571030655,2.5652561407404804,5.000620452463678,4.502759350910907,4.022878648038355,0.9311210682791174,shadow,2.541181085428814,4.022878648038355,4.0148536296011335,-0.008025018437221476
feaf4d80-7c9b-5d4d-8515-11cbc1eeeb85,Tanner Hudson,2026,TE,CIN,confirmed,2.0524117647058824,2.880233080604083,4.39001115350001,3.980748746558075,3.7503309935540563,0.9318381011636555,shadow,2.938860610224607,3.7503309935540563,3.7698735034275637,0.019542509873507363
feafc016-8c00-5d21-a5e3-770f92ff1714,Jalen Brooks,2026,WR,ARI,confirmed,0.1923529411764706,3.7692497986716003,4.038728943472797,4.2289530091998415,4.012310583781413,0.4057271876545269,shadow,3.119635086784995,4.012310583781413,3.7957723464858777,-0.21653823729553512
fee7be21-ff73-5a39-948d-5ea1fc9b885e,Mitchell Trubisky,2026,QB,TEN,confirmed,0.7855647058823529,15.326417776331034,15.00387155241705,13.911941412047698,14.747410246931928,0.29567844379256314,shadow,15.719049711356057,14.747410246931928,14.878287558606935,0.1308773116750075
ff27651d-3665-549b-a01b-2fc8ecaf250c,Reggie Virgil,2026,WR,ARI,confirmed,1.6576470588235295,3.4251002229035556,4.571590886817084,4.10179986234256,4.032830324021067,0.7969000849646742,shadow,3.385836206558664,4.032830324021067,4.01974231857277,-0.013088005448296691
ffc8d08e-a9dd-51af-af68-8b032b066512,Brandin Cooks,2026,WR,,confirmed,,,,,,0.3241618337363107,shadow,,,,
