year,player,pos_v1,actual_salary_v1,pred_salary_v1,pred_salary_raw_v1,base_salary_v1,pos_v5,actual_salary_v5,pred_salary_v5,pred_salary_raw_v5,base_salary_v5,residual_normalized_v1,absolute_error_normalized_v1,residual_normalized_v5,absolute_error_normalized_v5,absolute_error_improvement_normalized_v5,residual_raw_v1,absolute_error_raw_v1,residual_raw_v5,absolute_error_raw_v5,absolute_error_improvement_raw_v5
2021.0,Aaron Jones,RB,87.0,90.21103135324219,88.8817579942132,79.0,RB,87.0,89.24892941634765,88.81652709013437,79.0,-3.2110313532421912,3.2110313532421912,-2.24892941634765,2.24892941634765,0.9621019368945412,-1.8817579942132028,1.8817579942132028,-1.8165270901343717,1.8165270901343717,0.06523090407883103
2021.0,Aaron Rodgers,QB,15.0,9.498354274655426,9.371726034161723,7.0,QB,15.0,10.95930275826174,10.526900432048468,7.0,5.501645725344574,5.501645725344574,4.040697241738259,4.040697241738259,1.4609484836063142,5.628273965838277,5.628273965838277,4.473099567951532,4.473099567951532,1.1551743978867446
2021.0,Adam Thielen,WR,33.0,37.84110712187092,37.29216265310533,37.0,WR,33.0,35.794471980696066,35.362069654482795,37.0,-4.84110712187092,4.84110712187092,-2.7944719806960663,2.7944719806960663,2.0466351411748533,-4.292162653105329,4.292162653105329,-2.362069654482795,2.362069654482795,1.9300929986225341
2021.0,Aj Brown,WR,65.0,62.42436203422237,61.50911907817873,61.0,WR,65.0,61.60444267386813,61.17204034765486,61.0,2.5756379657776307,2.5756379657776307,3.395557326131872,3.395557326131872,-0.8199193603542412,3.4908809218212724,3.4908809218212724,3.827959652345143,3.827959652345143,-0.3370787305238707
2021.0,Aj Dillon,RB,10.0,8.842796020272736,8.725935810813132,2.0,RB,10.0,6.789241904076245,6.356839577862972,2.0,1.1572039797272637,1.1572039797272637,3.2107580959237554,3.2107580959237554,-2.0535541161964916,1.274064189186868,1.274064189186868,3.6431604221370284,3.6431604221370284,-2.3690962329501604
2021.0,Aj Green,WR,1.0,1.8661357857786995,1.853230081093161,0.0,WR,1.0,1.4324023262132735,1.0,0.0,-0.8661357857786995,0.8661357857786995,-0.43240232621327346,0.43240232621327346,0.4337334595654261,-0.853230081093161,0.853230081093161,0.0,0.0,0.853230081093161
2021.0,Alexander Mattison,RB,1.0,2.3216395064363047,2.301946648283038,0.0,RB,1.0,2.0339743264012577,1.6015720001879843,0.0,-1.3216395064363047,1.3216395064363047,-1.0339743264012577,1.0339743264012577,0.28766518003504693,-1.301946648283038,1.301946648283038,-0.6015720001879843,0.6015720001879843,0.7003746480950537
2021.0,Allen Robinson,WR,50.0,54.7489411572572,53.94806446664418,53.0,WR,50.0,53.56428672993138,53.13188440371811,53.0,-4.7489411572572,4.7489411572572,-3.564286729931382,3.564286729931382,1.1846544273258175,-3.9480644666441833,3.9480644666441833,-3.131884403718111,3.131884403718111,0.8161800629260725
2021.0,Alvin Kamara,RB,90.0,111.92396978529678,110.27116658734369,102.0,RB,90.0,114.81562782787128,114.383225501658,102.0,-21.923969785296777,21.923969785296777,-24.815627827871282,24.815627827871282,-2.8916580425745053,-20.271166587343686,20.271166587343686,-24.383225501658004,24.383225501658004,-4.112058914314318
2021.0,Amari Cooper,WR,44.0,44.97166019015387,44.31646816337855,39.0,WR,44.0,41.48875260612838,41.05635027991511,39.0,-0.9716601901538695,0.9716601901538695,2.5112473938716207,2.5112473938716207,-1.5395872037177512,-0.316468163378552,0.316468163378552,2.943649720084892,2.943649720084892,-2.62718155670634
2021.0,Antonio Brown,WR,6.0,9.716897723877354,9.587013114967835,4.0,WR,6.0,9.673986477570933,9.24158415135766,4.0,-3.716897723877354,3.716897723877354,-3.673986477570933,3.673986477570933,0.042911246306420736,-3.587013114967835,3.587013114967835,-3.24158415135766,3.24158415135766,0.34542896361017483
2021.0,Antonio Gibson,RB,74.0,82.37988994539901,81.1673031383169,76.0,RB,74.0,83.01392236310528,82.581520036892,76.0,-8.379889945399015,8.379889945399015,-9.01392236310528,9.01392236310528,-0.6340324177062655,-7.167303138316896,7.167303138316896,-8.581520036892002,8.581520036892002,-1.4142168985751056
2021.0,Brandin Cooks,WR,7.0,15.513884252683432,15.297622660585816,9.0,WR,7.0,13.619833366286906,13.187431040073633,9.0,-8.513884252683432,8.513884252683432,-6.619833366286906,6.619833366286906,1.894050886396526,-8.297622660585816,8.297622660585816,-6.187431040073633,6.187431040073633,2.1101916205121825
2021.0,Brandon Aiyuk,WR,25.0,30.298268834919487,29.861715107906527,30.0,WR,25.0,30.28061360689179,29.848211280678516,30.0,-5.298268834919487,5.298268834919487,-5.280613606891791,5.280613606891791,0.017655228027695813,-4.861715107906527,4.861715107906527,-4.848211280678516,4.848211280678516,0.013503827228010579
2021.0,Calvin Ridley,WR,75.0,69.62694922168023,68.60438537584146,65.0,WR,75.0,68.4598757337036,68.02747340749032,65.0,5.373050778319765,5.373050778319765,6.540124266296402,6.540124266296402,-1.1670734879766371,6.39561462415854,6.39561462415854,6.972526592509681,6.972526592509681,-0.5769119683511406
2021.0,Chase Claypool,WR,19.0,20.29723913258755,20.009703998281225,12.0,WR,19.0,18.578454602831258,18.146052276617983,12.0,-1.2972391325875492,1.2972391325875492,0.4215453971687424,0.4215453971687424,0.8756937354188068,-1.0097039982812248,1.0097039982812248,0.8539477233820172,0.8539477233820172,0.15575627489920763
2021.0,Chase Edmonds,RB,40.0,32.41436096829382,31.946276780804425,21.0,RB,40.0,29.882204844019043,29.449802517805768,21.0,7.5856390317061795,7.5856390317061795,10.117795155980957,10.117795155980957,-2.5321561242747777,8.053723219195575,8.053723219195575,10.550197482194232,10.550197482194232,-2.4964742629986567
2021.0,Chris Carson,RB,61.0,48.594052454614356,47.884885605890915,26.0,RB,61.0,46.01663077696434,45.58422845075107,26.0,12.405947545385644,12.405947545385644,14.983369223035659,14.983369223035659,-2.5774216776500154,13.115114394109085,13.115114394109085,15.41577154924893,15.41577154924893,-2.300657155139845
2021.0,Chris Godwin,WR,40.0,43.2841592514092,42.65411153702646,37.0,WR,40.0,40.650273410785466,40.217871084572195,37.0,-3.2841592514092,3.2841592514092,-0.6502734107854664,0.6502734107854664,2.6338858406237335,-2.654111537026459,2.654111537026459,-0.21787108457219517,0.21787108457219517,2.436240452454264
2021.0,Christian Mccaffrey,RB,115.0,123.09545991263995,121.27619788127049,109.0,RB,115.0,126.07687632598045,125.64447399976717,109.0,-8.095459912639953,8.095459912639953,-11.07687632598045,11.07687632598045,-2.9814164133404972,-6.276197881270491,6.276197881270491,-10.644473999767172,10.644473999767172,-4.368276118496681
2021.0,Chuba Hubbard,RB,1.0,1.0,1.0,0.0,RB,1.0,2.524679600323524,2.0922772741102507,0.0,0.0,0.0,-1.5246796003235241,1.5246796003235241,-1.5246796003235241,0.0,0.0,-1.0922772741102507,1.0922772741102507,-1.0922772741102507
2021.0,Clyde Edwards Helaire,RB,68.0,65.992380938843,65.02397334158313,56.0,RB,68.0,67.16853431569251,66.73613198947923,56.0,2.0076190611570013,2.0076190611570013,0.8314656843074886,0.8314656843074886,1.1761533768495127,2.9760266584168704,2.9760266584168704,1.263868010520767,1.263868010520767,1.7121586478961035
2021.0,Cooper Kupp,WR,40.0,38.084621749088825,37.532048833240125,33.0,WR,40.0,36.02401269903578,35.59161037282251,33.0,1.915378250911175,1.915378250911175,3.9759873009642206,3.9759873009642206,-2.0606090500530456,2.4679511667598746,2.4679511667598746,4.408389627177492,4.408389627177492,-1.9404384604176173
2021.0,Corey Davis,WR,7.0,11.275512610968866,11.122404133721888,5.0,WR,7.0,10.107511782983,9.675109456769727,5.0,-4.275512610968866,4.275512610968866,-3.107511782983,3.107511782983,1.1680008279858658,-4.122404133721888,4.122404133721888,-2.675109456769727,2.675109456769727,1.4472946769521613
2021.0,Courtland Sutton,WR,12.0,21.772528263635436,21.463010841835967,16.0,WR,12.0,20.024805960860146,19.59240363464687,16.0,-9.772528263635436,9.772528263635436,-8.024805960860146,8.024805960860146,1.7477223027752906,-9.463010841835967,9.463010841835967,-7.592403634646871,7.592403634646871,1.8706072071890958
2021.0,Curtis Samuel,WR,5.0,8.095672857727669,7.989945026190614,4.0,WR,5.0,7.035301037605471,6.602898711392198,4.0,-3.095672857727669,3.095672857727669,-2.035301037605471,2.035301037605471,1.0603718201221977,-2.9899450261906138,2.9899450261906138,-1.6028987113921982,1.6028987113921982,1.3870463147984156
2021.0,Dak Prescott,QB,9.0,14.115976014201008,13.920543709150014,12.0,QB,9.0,14.072866215048595,13.640463888835322,12.0,-5.115976014201008,5.115976014201008,-5.072866215048595,5.072866215048595,0.043109799152412975,-4.920543709150014,4.920543709150014,-4.640463888835322,4.640463888835322,0.2800798203146915
2021.0,Dallas Goedert,TE,1.0,5.157030978242836,5.095089865712075,2.0,TE,1.0,4.667090803039536,4.234688476826263,2.0,-4.157030978242836,4.157030978242836,-3.667090803039536,3.667090803039536,0.4899401752032997,-4.095089865712075,4.095089865712075,-3.234688476826263,3.234688476826263,0.860401388885812
2021.0,Darnell Mooney,WR,1.0,6.40844324092108,6.327855678991548,0.0,WR,1.0,4.92913839498081,4.496736068767537,0.0,-5.40844324092108,5.40844324092108,-3.92913839498081,3.92913839498081,1.4793048459402698,-5.327855678991548,5.327855678991548,-3.496736068767537,3.496736068767537,1.831119610224011
2021.0,Darrell Henderson,RB,26.0,30.520860211060246,30.080989800204883,21.0,RB,26.0,29.545928001705445,29.11352567549217,21.0,-4.520860211060246,4.520860211060246,-3.5459280017054446,3.5459280017054446,0.974932209354801,-4.080989800204883,4.080989800204883,-3.11352567549217,3.11352567549217,0.9674641247127127
2021.0,Davante Adams,WR,79.0,93.31177479419856,91.93629935021747,90.0,WR,79.0,94.39811386994778,93.9657115437345,90.0,-14.311774794198556,14.311774794198556,-15.398113869947778,15.398113869947778,-1.0863390757492226,-12.936299350217467,12.936299350217467,-14.9657115437345,14.9657115437345,-2.0294121935170324
2021.0,David Johnson,RB,2.0,4.708675887746113,4.653415411770515,1.0,RB,2.0,7.189479713631212,6.757077387417939,1.0,-2.7086758877461126,2.7086758877461126,-5.189479713631212,5.189479713631212,-2.4808038258850997,-2.6534154117705153,2.6534154117705153,-4.757077387417939,4.757077387417939,-2.103661975647424
2021.0,Deandre Hopkins,WR,75.0,70.35454712565165,69.3211418345884,67.0,WR,75.0,70.41725604852941,69.98485372231613,67.0,4.645452874348351,4.645452874348351,4.58274395147059,4.58274395147059,0.06270892287776064,5.678858165411597,5.678858165411597,5.0151462776838684,5.0151462776838684,0.6637118877277288
2021.0,Deebo Samuel,WR,5.0,14.730786489331091,14.526193308399105,7.0,WR,5.0,13.014426911127316,12.582024584914043,7.0,-9.730786489331091,9.730786489331091,-8.014426911127316,8.014426911127316,1.7163595782037753,-9.526193308399105,9.526193308399105,-7.582024584914043,7.582024584914043,1.9441687234850615
2021.0,Devante Parker,WR,2.0,6.572805746346954,6.48976912967193,2.0,WR,2.0,5.131316603329925,4.698914277116652,2.0,-4.572805746346954,4.572805746346954,-3.1313166033299247,3.1313166033299247,1.4414891430170291,-4.48976912967193,4.48976912967193,-2.6989142771166517,2.6989142771166517,1.7908548525552783
2021.0,Devin Singletary,RB,1.0,5.6212067284808755,5.552349246423396,1.0,RB,1.0,7.412289183382806,6.979886857169533,1.0,-4.6212067284808755,4.6212067284808755,-6.412289183382806,6.412289183382806,-1.7910824549019306,-4.552349246423396,4.552349246423396,-5.979886857169533,5.979886857169533,-1.4275376107461373
2021.0,Devonta Smith,WR,14.0,14.512430194780327,14.311090593598733,8.0,WR,14.0,15.349821007446693,14.91741868123342,8.0,-0.5124301947803271,0.5124301947803271,-1.3498210074466925,1.3498210074466925,-0.8373908126663654,-0.3110905935987329,0.3110905935987329,-0.9174186812334195,0.9174186812334195,-0.6063280876346866
2021.0,Diontae Johnson,WR,24.0,35.89422473399015,35.37428944550323,33.0,WR,24.0,34.19189069889447,33.7594883726812,33.0,-11.89422473399015,11.89422473399015,-10.191890698894468,10.191890698894468,1.7023340350956815,-11.37428944550323,11.37428944550323,-9.759488372681197,9.759488372681197,1.6148010728220328
2021.0,Dj Moore,WR,30.0,33.918875715381176,33.428373769221885,30.0,WR,30.0,33.365876017005526,32.933473690792255,30.0,-3.9188757153811764,3.9188757153811764,-3.365876017005526,3.365876017005526,0.5529996983756504,-3.428373769221885,3.428373769221885,-2.9334736907922547,2.9334736907922547,0.49490007842963024
2021.0,Elijah Moore,WR,1.0,5.1833297418451565,5.120996769190129,0.0,WR,1.0,6.477317790130185,6.044915463916912,0.0,-4.1833297418451565,4.1833297418451565,-5.477317790130185,5.477317790130185,-1.2939880482850281,-4.120996769190129,4.120996769190129,-5.044915463916912,5.044915463916912,-0.9239186947267823
2021.0,Ezekiel Elliott,RB,93.0,99.85643031306259,98.38343737496352,88.0,RB,93.0,100.99390195030627,100.56149962409299,88.0,-6.856430313062589,6.856430313062589,-7.993901950306267,7.993901950306267,-1.137471637243678,-5.3834373749635205,5.3834373749635205,-7.561499624092988,7.561499624092988,-2.178062249129468
2021.0,George Kittle,TE,36.0,41.3108052391799,40.71016114088139,49.0,TE,36.0,48.36414368352377,47.9317413573105,49.0,-5.310805239179899,5.310805239179899,-12.364143683523771,12.364143683523771,-7.053338444343872,-4.7101611408813895,4.7101611408813895,-11.9317413573105,11.9317413573105,-7.2215802164291105
2021.0,Gus Edwards,RB,24.0,27.64273562223091,27.245750203084118,20.0,RB,24.0,29.674222514219615,29.24182018800634,20.0,-3.6427356222309086,3.6427356222309086,-5.674222514219615,5.674222514219615,-2.031486891988706,-3.2457502030841177,3.2457502030841177,-5.24182018800634,5.24182018800634,-1.9960699849222223
2021.0,Henry Ruggs,WR,5.0,7.069013752782876,6.978583475553919,4.0,WR,5.0,5.6334591967466805,5.2010568705334075,4.0,-2.069013752782876,2.069013752782876,-0.6334591967466805,0.6334591967466805,1.4355545560361955,-1.9785834755539193,1.9785834755539193,-0.20105687053340748,0.20105687053340748,1.7775266050205119
2021.0,Ja'Marr Chase,WR,17.0,19.734964397316915,19.455807339294573,12.0,WR,17.0,20.023138229581466,19.59073590336819,12.0,-2.734964397316915,2.734964397316915,-3.023138229581466,3.023138229581466,-0.28817383226455107,-2.455807339294573,2.455807339294573,-2.5907359033681914,2.5907359033681914,-0.13492856407361842
2021.0,Jakobi Meyers,WR,1.0,4.83622291781043,4.779061949636548,2.0,WR,1.0,3.4548132095482496,3.022410883334976,2.0,-3.8362229178104297,3.8362229178104297,-2.4548132095482496,2.4548132095482496,1.3814097082621801,-3.7790619496365476,3.7790619496365476,-2.022410883334976,2.022410883334976,1.7566510663015715
2021.0,Jalen Reagor,WR,2.0,3.462491714792328,3.4257997879795785,2.0,WR,2.0,2.3003726676995475,1.8679703414862743,2.0,-1.462491714792328,1.462491714792328,-0.3003726676995475,0.3003726676995475,1.1621190470927805,-1.4257997879795785,1.4257997879795785,0.13202965851372572,0.13202965851372572,1.2937701294658528
2021.0,Jamaal Williams,RB,3.0,7.561420299314397,7.463653004519484,2.0,RB,3.0,7.111110042420107,6.678707716206834,2.0,-4.561420299314397,4.561420299314397,-4.111110042420107,4.111110042420107,0.4503102568942907,-4.463653004519484,4.463653004519484,-3.6787077162068336,3.6787077162068336,0.7849452883126506
2021.0,Jameis Winston,QB,1.0,1.0,1.0,0.0,QB,1.0,1.4324023262132735,1.0,0.0,0.0,0.0,-0.43240232621327346,0.43240232621327346,-0.43240232621327346,0.0,0.0,0.0,0.0,0.0
2021.0,James Conner,RB,3.0,7.978031267488392,7.874056333877152,2.0,RB,3.0,8.516686327792401,8.084284001579128,2.0,-4.978031267488392,4.978031267488392,-5.516686327792401,5.516686327792401,-0.5386550603040092,-4.874056333877152,4.874056333877152,-5.084284001579128,5.084284001579128,-0.2102276677019761
2021.0,Jarvis Landry,WR,5.0,10.324562311464627,10.18562330272078,5.0,WR,5.0,9.604155144998668,9.171752818785395,5.0,-5.324562311464627,5.324562311464627,-4.604155144998668,4.604155144998668,0.720407166465959,-5.18562330272078,5.18562330272078,-4.171752818785395,4.171752818785395,1.013870483935385
2021.0,Javonte Williams,RB,31.0,29.753813730978163,29.325372561951344,19.0,RB,31.0,32.23401692295534,31.80161459674207,19.0,1.2461862690218375,1.2461862690218375,-1.234016922955341,1.234016922955341,0.012169346066496445,1.674627438048656,1.674627438048656,-0.8016145967420698,0.8016145967420698,0.8730128413065863
2021.0,Jaylen Waddle,WR,6.0,8.015886485300449,7.911347496641594,4.0,WR,6.0,9.595393248637935,9.162990922424662,4.0,-2.015886485300449,2.015886485300449,-3.5953932486379347,3.5953932486379347,-1.579506763337486,-1.9113474966415938,1.9113474966415938,-3.1629909224246617,3.1629909224246617,-1.251643425783068
2021.0,Jd Mckissic,RB,1.0,4.8059333200976635,4.749223676773237,0.0,RB,1.0,3.4752337028610785,3.042831376647805,0.0,-3.8059333200976635,3.8059333200976635,-2.4752337028610785,2.4752337028610785,1.330699617236585,-3.749223676773237,3.749223676773237,-2.042831376647805,2.042831376647805,1.7063923001254322
2021.0,Jerry Jeudy,WR,22.0,19.905905315732266,19.62420118247303,12.0,WR,22.0,18.068738452913284,17.63633612670001,12.0,2.094094684267734,2.094094684267734,3.9312615470867165,3.9312615470867165,-1.8371668628189823,2.37579881752697,2.37579881752697,4.363663873299991,4.363663873299991,-1.987865055773021
2021.0,Joe Burrow,QB,1.0,4.3882124581416715,4.337726991411618,0.0,QB,1.0,2.9801166895242384,2.547714363310965,0.0,-3.3882124581416715,3.3882124581416715,-1.9801166895242384,1.9801166895242384,1.4080957686174331,-3.3377269914116177,3.3377269914116177,-1.547714363310965,1.547714363310965,1.7900126281006528
2021.0,Joe Mixon,RB,72.0,70.95122576186336,69.9089297652115,58.0,RB,72.0,72.91749325373394,72.48509092752066,58.0,1.0487742381366445,1.0487742381366445,-0.9174932537339373,0.9174932537339373,0.1312809844027072,2.0910702347885035,2.0910702347885035,-0.48509092752065897,0.48509092752065897,1.6059793072678445
2021.0,Jonnu Smith,TE,1.0,3.1519701793970665,3.11990512437522,2.0,TE,1.0,1.7954095333867761,1.3630072071735027,2.0,-2.1519701793970665,2.1519701793970665,-0.7954095333867761,0.7954095333867761,1.3565606460102904,-2.11990512437522,2.11990512437522,-0.36300720717350266,0.36300720717350266,1.7568979172017174
2021.0,Josh Jacobs,RB,47.0,45.305682259093956,44.6455131949407,25.0,RB,47.0,42.193537275066056,41.761134948852785,25.0,1.694317740906044,1.694317740906044,4.806462724933944,4.806462724933944,-3.1121449840279,2.3544868050593024,2.3544868050593024,5.238865051147215,5.238865051147215,-2.8843782460879126
2021.0,Juju Smith Schuster,WR,15.0,23.107500645969765,22.77809170183322,17.0,WR,15.0,21.08298549106786,20.650583164854584,17.0,-8.107500645969765,8.107500645969765,-6.082985491067859,6.082985491067859,2.0245151549019056,-7.778091701833219,7.778091701833219,-5.650583164854584,5.650583164854584,2.1275085369786346
2021.0,Julio Jones,WR,54.0,34.670961470445064,34.16925320212195,32.0,WR,54.0,33.98756989110812,33.55516756489485,32.0,19.329038529554936,19.329038529554936,20.012430108891877,20.012430108891877,-0.6833915793369414,19.83074679787805,19.83074679787805,20.44483243510515,20.44483243510515,-0.6140856372270989
2021.0,Justin Fields,QB,2.0,2.775661498474821,2.7492035650917845,0.0,QB,2.0,2.6498806138035254,2.217478287590252,0.0,-0.7756614984748209,0.7756614984748209,-0.6498806138035254,0.6498806138035254,0.12578088467129556,-0.7492035650917845,0.7492035650917845,-0.2174782875902519,0.2174782875902519,0.5317252775015326
2021.0,Justin Herbert,QB,7.0,8.721171783178532,8.606123814377165,6.0,QB,7.0,8.717187619993632,8.28478529378036,6.0,-1.7211717831785318,1.7211717831785318,-1.7171876199936325,1.7171876199936325,0.003984163184899359,-1.606123814377165,1.606123814377165,-1.2847852937803594,1.2847852937803594,0.32133852059680557
2021.0,Keenan Allen,WR,45.0,55.962980330227374,55.14401406139777,53.0,WR,45.0,55.638143774712766,55.205741448499495,53.0,-10.962980330227374,10.962980330227374,-10.638143774712766,10.638143774712766,0.324836555514608,-10.144014061397769,10.144014061397769,-10.205741448499495,10.205741448499495,-0.061727387101726094
2021.0,Kenny Golladay,WR,15.0,22.54037818328329,22.219419548144643,18.0,WR,15.0,21.129629233623383,20.69722690741011,18.0,-7.540378183283291,7.540378183283291,-6.129629233623383,6.129629233623383,1.410748949659908,-7.219419548144643,7.219419548144643,-5.6972269074101085,5.6972269074101085,1.5221926407345343
2021.0,Kenyan Drake,RB,4.0,8.58887415316173,8.475797462041793,3.0,RB,4.0,6.715322567119555,6.282920240906282,3.0,-4.588874153161729,4.588874153161729,-2.7153225671195553,2.7153225671195553,1.8735515860421739,-4.475797462041793,4.475797462041793,-2.2829202409062823,2.2829202409062823,2.192877221135511
2021.0,Kyle Pitts,TE,26.0,20.84833448749125,20.552587853301493,14.0,TE,26.0,22.228473093822323,21.79607076760905,14.0,5.15166551250875,5.15166551250875,3.7715269061776766,3.7715269061776766,1.380138606331073,5.4474121466985075,5.4474121466985075,4.203929232390951,4.203929232390951,1.243482914307556
2021.0,Kyler Murray,QB,30.0,19.112513104026746,18.8426307725591,14.0,QB,30.0,18.15814649774654,17.725744171533265,14.0,10.887486895973254,10.887486895973254,11.84185350225346,11.84185350225346,-0.9543666062802068,11.157369227440899,11.157369227440899,12.274255828466735,12.274255828466735,-1.1168866010258363
2021.0,Lamar Jackson,QB,22.0,14.87471057781403,14.667972881191092,11.0,QB,22.0,14.785115561995143,14.35271323578187,11.0,7.12528942218597,7.12528942218597,7.214884438004857,7.214884438004857,-0.08959501581888674,7.332027118808908,7.332027118808908,7.64728676421813,7.64728676421813,-0.31525964540922224
2021.0,Laviska Shenault,WR,11.0,14.513371185998725,14.312017563742174,9.0,WR,11.0,12.631166397027446,12.198764070814173,9.0,-3.513371185998725,3.513371185998725,-1.631166397027446,1.631166397027446,1.8822047889712792,-3.312017563742174,3.312017563742174,-1.198764070814173,1.198764070814173,2.113253492928001
2021.0,Leonard Fournette,RB,15.0,12.605845700996499,12.432914828375496,4.0,RB,15.0,12.44447344513188,12.012071118918607,4.0,2.3941542990035014,2.3941542990035014,2.55552655486812,2.55552655486812,-0.16137225586461845,2.5670851716245036,2.5670851716245036,2.987928881081393,2.987928881081393,-0.4208437094568893
2021.0,Logan Thomas,TE,15.0,9.694286035226275,9.56473834782602,8.0,TE,15.0,9.657449520618902,9.22504719440563,8.0,5.305713964773725,5.305713964773725,5.342550479381098,5.342550479381098,-0.036836514607372806,5.435261652173979,5.435261652173979,5.774952805594371,5.774952805594371,-0.33969115342039125
2021.0,Mark Andrews,TE,25.0,18.245486535874218,17.988523182038968,15.0,TE,25.0,19.60998814059589,19.177585814382613,15.0,6.7545134641257825,6.7545134641257825,5.390011859404112,5.390011859404112,1.3645016047216707,7.011476817961032,7.011476817961032,5.8224141856173866,5.8224141856173866,1.1890626323436457
2021.0,Mark Ingram,RB,1.0,1.0,1.0,0.0,RB,1.0,1.4324023262132735,1.0,0.0,0.0,0.0,-0.43240232621327346,0.43240232621327346,-0.43240232621327346,0.0,0.0,0.0,0.0,0.0
2021.0,Marquez Callaway,WR,9.0,5.971018505634931,5.896948714415771,2.0,WR,9.0,5.015827548514523,4.58342522230125,2.0,3.028981494365069,3.028981494365069,3.9841724514854766,3.9841724514854766,-0.9551909571204078,3.103051285584229,3.103051285584229,4.41657477769875,4.41657477769875,-1.3135234921145207
2021.0,Marquise Brown,WR,3.0,8.78793746731511,8.671894668122548,5.0,WR,3.0,7.458868633361664,7.026466307148391,5.0,-5.7879374673151105,5.7879374673151105,-4.458868633361664,4.458868633361664,1.3290688339534462,-5.6718946681225475,5.6718946681225475,-4.026466307148391,4.026466307148391,1.6454283609741562
2021.0,Marvin Jones,WR,3.0,8.54379099857299,8.431386061107581,5.0,WR,3.0,7.388949440045256,6.9565471138319825,5.0,-5.543790998572989,5.543790998572989,-4.388949440045256,4.388949440045256,1.1548415585277336,-5.431386061107581,5.431386061107581,-3.9565471138319825,3.9565471138319825,1.4748389472755985
2021.0,Matthew Stafford,QB,3.0,4.786171647954301,4.729756459966974,2.0,QB,3.0,4.702772896574753,4.27037057036148,2.0,-1.7861716479543013,1.7861716479543013,-1.7027728965747526,1.7027728965747526,0.08339875137954866,-1.729756459966974,1.729756459966974,-1.2703705703614796,1.2703705703614796,0.4593858896054943
2021.0,Mecole Hardman,WR,2.0,4.582680488571553,4.529297384989733,0.0,WR,2.0,4.130497418356104,3.6980950921428306,0.0,-2.582680488571553,2.582680488571553,-2.1304974183561036,2.1304974183561036,0.45218307021544923,-2.529297384989733,2.529297384989733,-1.6980950921428306,1.6980950921428306,0.8312022928469025
2021.0,Melvin Gordon,RB,11.0,12.871698890019807,12.694806718485195,2.0,RB,11.0,13.135289400238847,12.702887074025574,2.0,-1.8716988900198075,1.8716988900198075,-2.1352894002388467,2.1352894002388467,-0.26359051021903923,-1.6948067184851947,1.6948067184851947,-1.7028870740255737,1.7028870740255737,-0.008080355540379003
2021.0,Michael Carter,RB,14.0,11.590344549204026,11.432544973763033,2.0,RB,14.0,15.86038625421055,15.427983927997277,2.0,2.4096554507959738,2.4096554507959738,-1.8603862542105496,1.8603862542105496,0.5492691965854242,2.567455026236967,2.567455026236967,-1.4279839279972766,1.4279839279972766,1.1394710982396905
2021.0,Michael Gallup,WR,5.0,11.95954583009707,11.79624503558747,9.0,WR,5.0,10.147801314191717,9.715398987978444,9.0,-6.9595458300970705,6.9595458300970705,-5.147801314191717,5.147801314191717,1.8117445159053531,-6.79624503558747,6.79624503558747,-4.715398987978444,4.715398987978444,2.0808460476090254
2021.0,Michael Pittman,WR,4.0,8.137614533823456,8.031261757682337,2.0,WR,4.0,7.040539326091742,6.608136999878469,2.0,-4.137614533823456,4.137614533823456,-3.040539326091742,3.040539326091742,1.0970752077317139,-4.031261757682337,4.031261757682337,-2.608136999878469,2.608136999878469,1.4231247578038682
2021.0,Michael Thomas,WR,17.0,13.78967232481257,13.599102050775873,6.0,WR,17.0,13.492552728534545,13.060150402321272,6.0,3.210327675187431,3.210327675187431,3.5074472714654554,3.5074472714654554,-0.29711959627802464,3.4008979492241274,3.4008979492241274,3.9398495976787284,3.9398495976787284,-0.5389516484546011
2021.0,Mike Davis,RB,39.0,29.33248629084005,28.910323037594583,11.0,RB,39.0,30.151651585758756,29.71924925954548,11.0,9.667513709159952,9.667513709159952,8.848348414241244,8.848348414241244,0.819165294918708,10.089676962405417,10.089676962405417,9.280750740454518,9.280750740454518,0.8089262219508981
2021.0,Mike Evans,WR,44.0,46.865066559308076,46.18166216231179,40.0,WR,44.0,43.539084734194695,43.106682407981424,40.0,-2.865066559308076,2.865066559308076,0.46091526580530484,0.46091526580530484,2.404151293502771,-2.1816621623117882,2.1816621623117882,0.8933175920185761,0.8933175920185761,1.2883445702932121
2021.0,Mike Gesicki,TE,2.0,4.295685721291402,4.246578933009824,2.0,TE,2.0,3.059653681516348,2.6272513553030747,2.0,-2.2956857212914024,2.2956857212914024,-1.0596536815163482,1.0596536815163482,1.2360320397750542,-2.2465789330098236,2.2465789330098236,-0.6272513553030747,0.6272513553030747,1.6193275777067488
2021.0,Mike Williams,WR,3.0,7.717743785518214,7.617647219976744,4.0,WR,3.0,6.654267076947187,6.221864750733914,4.0,-4.717743785518214,4.717743785518214,-3.654267076947187,3.654267076947187,1.0634767085710264,-4.617647219976744,4.617647219976744,-3.221864750733914,3.221864750733914,1.39578246924283
2021.0,Miles Sanders,RB,47.0,51.14561730399011,50.398431309801566,44.0,RB,47.0,54.56418311357788,54.13178078736461,44.0,-4.145617303990107,4.145617303990107,-7.564183113577883,7.564183113577883,-3.4185658095877756,-3.398431309801566,3.398431309801566,-7.131780787364612,7.131780787364612,-3.7333494775630456
2021.0,Myles Gaskin,RB,51.0,28.074543461308515,27.671123965030244,11.0,RB,51.0,28.349700114911737,27.917297788698463,11.0,22.925456538691485,22.925456538691485,22.650299885088263,22.650299885088263,0.27515665360322217,23.328876034969756,23.328876034969756,23.082702211301537,23.082702211301537,0.24617382366821872
2021.0,Najee Harris,RB,73.0,80.39327970863556,79.21029403969126,74.0,RB,73.0,84.15162072105605,83.71921839484277,74.0,-7.393279708635561,7.393279708635561,-11.151620721056048,11.151620721056048,-3.7583410124204875,-6.210294039691263,6.210294039691263,-10.71921839484277,10.71921839484277,-4.508924355151507
2021.0,Noah Fant,TE,8.0,7.335650633868109,7.241247380459136,6.0,TE,8.0,7.648251635211507,7.215849308998234,6.0,0.6643493661318907,0.6643493661318907,0.35174836478849336,0.35174836478849336,0.3126010013433973,0.7587526195408643,0.7587526195408643,0.7841506910017664,0.7841506910017664,-0.025398071460902116
2021.0,Nyheim Hines,RB,1.0,6.4297481213673375,6.348843109795481,2.0,RB,1.0,3.9973577227693458,3.5649553965560723,2.0,-5.4297481213673375,5.4297481213673375,-2.9973577227693458,2.9973577227693458,2.4323903985979918,-5.348843109795481,5.348843109795481,-2.5649553965560723,2.5649553965560723,2.7838877132394084
2021.0,Parris Campbell,WR,1.0,1.0,1.0,0.0,WR,1.0,1.4324023262132735,1.0,0.0,0.0,0.0,-0.43240232621327346,0.43240232621327346,-0.43240232621327346,0.0,0.0,0.0,0.0,0.0
2021.0,Patrick Mahomes,QB,42.0,30.30992011745796,29.873192782548735,23.0,QB,42.0,28.653163156280655,28.22076083006738,23.0,11.69007988254204,11.69007988254204,13.346836843719345,13.346836843719345,-1.6567569611773045,12.126807217451265,12.126807217451265,13.77923916993262,13.77923916993262,-1.6524319524813542
2021.0,Phillip Lindsay,RB,2.0,3.498913409475308,3.4616787875754333,2.0,RB,2.0,6.6156907399928615,6.1832884137795885,2.0,-1.4989134094753078,1.4989134094753078,-4.6156907399928615,4.6156907399928615,-3.1167773305175537,-1.4616787875754333,1.4616787875754333,-4.1832884137795885,4.1832884137795885,-2.721609626204155
2021.0,Rashaad Penny,RB,3.0,1.0,1.0,0.0,RB,3.0,1.4324023262132735,1.0,0.0,2.0,2.0,1.5675976737867265,1.5675976737867265,0.43240232621327346,2.0,2.0,2.0,2.0,0.0
2021.0,Rob Gronkowski,TE,1.0,3.3764667509871065,3.34105662409151,0.0,TE,1.0,2.6571495150855027,2.224747188872229,0.0,-2.3764667509871065,2.3764667509871065,-1.6571495150855027,1.6571495150855027,0.7193172359016038,-2.34105662409151,2.34105662409151,-1.2247471888722292,1.2247471888722292,1.1163094352192808
2021.0,Robert Tonyan,TE,1.0,5.954294581409167,5.880473982095924,2.0,TE,1.0,4.31411097700491,3.881708650791637,2.0,-4.954294581409167,4.954294581409167,-3.31411097700491,3.31411097700491,1.6401836044042568,-4.880473982095924,4.880473982095924,-2.881708650791637,2.881708650791637,1.9987653313042868
2021.0,Ronald Jones,RB,4.0,10.844180006499768,10.697498525234161,2.0,RB,4.0,12.781832420913773,12.3494300947005,2.0,-6.8441800064997675,6.8441800064997675,-8.781832420913773,8.781832420913773,-1.9376524144140053,-6.6974985252341614,6.6974985252341614,-8.3494300947005,8.3494300947005,-1.6519315694663383
2021.0,Rondale Moore,WR,1.0,2.170635071797971,2.1531922287943464,0.0,WR,1.0,4.896532472080941,4.464130145867668,0.0,-1.170635071797971,1.170635071797971,-3.896532472080941,3.896532472080941,-2.72589740028297,-1.1531922287943464,1.1531922287943464,-3.464130145867668,3.464130145867668,-2.3109379170733217
2021.0,Russell Gage,WR,1.0,3.4682668847243123,3.4314889060027576,0.0,WR,1.0,3.887943971799267,3.4555416455859937,0.0,-2.4682668847243123,2.4682668847243123,-2.887943971799267,2.887943971799267,-0.4196770870749549,-2.4314889060027576,2.4314889060027576,-2.4555416455859937,2.4555416455859937,-0.02405273958323617
2021.0,Russell Wilson,QB,10.0,9.87481903761931,9.742581349813655,7.0,QB,10.0,10.656705145707159,10.224302819493886,7.0,0.1251809623806892,0.1251809623806892,-0.6567051457071589,0.6567051457071589,-0.5315241833264697,0.25741865018634513,0.25741865018634513,-0.22430281949388586,0.22430281949388586,0.03311583069245927
2021.0,Ryan Tannehill,QB,1.0,4.264378088816844,4.2157377944335135,2.0,QB,1.0,4.069421974029016,3.6370196478157424,2.0,-3.2643780888168443,3.2643780888168443,-3.069421974029016,3.069421974029016,0.19495611478782848,-3.2157377944335135,3.2157377944335135,-2.6370196478157424,2.6370196478157424,0.5787181466177711
2021.0,Sony Michel,RB,11.0,7.865182257338075,7.762888810651828,5.0,RB,11.0,8.067334345072341,7.634932018859067,5.0,3.134817742661925,3.134817742661925,2.932665654927659,2.932665654927659,0.20215208773426596,3.2371111893481723,3.2371111893481723,3.3650679811409328,3.3650679811409328,-0.12795679179276043
2021.0,Terrace Marshall,WR,1.0,1.588018484530095,1.579256818015923,0.0,WR,1.0,4.693689831164591,4.261287504951318,0.0,-0.5880184845300951,0.5880184845300951,-3.6936898311645914,3.6936898311645914,-3.1056713466344963,-0.579256818015923,0.579256818015923,-3.2612875049513184,3.2612875049513184,-2.6820306869353954
2021.0,Tj Hockenson,TE,21.0,17.108018624466006,16.868003912165886,14.0,TE,21.0,17.9599252546035,17.527522928390226,14.0,3.8919813755339945,3.8919813755339945,3.040074745396499,3.040074745396499,0.8519066301374956,4.131996087834114,4.131996087834114,3.4724770716097737,3.4724770716097737,0.6595190162243405
2021.0,Tom Brady,QB,5.0,5.4463613681975565,5.3801091388296705,2.0,QB,5.0,6.281563503993468,5.849161177780195,2.0,-0.44636136819755645,0.44636136819755645,-1.2815635039934676,1.2815635039934676,-0.8352021357959112,-0.38010913882967046,0.38010913882967046,-0.8491611777801946,0.8491611777801946,-0.46905203895052416
2021.0,Tony Pollard,RB,1.0,1.0728531816341185,1.0717676455518903,0.0,RB,1.0,4.498753940411203,4.06635161419793,0.0,-0.07285318163411847,0.07285318163411847,-3.498753940411203,3.498753940411203,-3.425900758777084,-0.0717676455518903,0.0717676455518903,-3.06635161419793,3.06635161419793,-2.9945839686460394
2021.0,Travis Kelce,TE,55.0,80.36376518128208,79.181219288387,93.0,TE,55.0,90.33007182875613,89.89766950254285,93.0,-25.363765181282076,25.363765181282076,-35.33007182875613,35.33007182875613,-9.966306647474056,-24.181219288387,24.181219288387,-34.897669502542854,34.897669502542854,-10.716450214155856
2021.0,Trey Sermon,RB,14.0,13.782567281266967,13.592102874688102,2.0,RB,14.0,17.61510180142399,17.182699475210715,2.0,0.21743271873303271,0.21743271873303271,-3.6151018014239895,3.6151018014239895,-3.397669082690957,0.4078971253118979,0.4078971253118979,-3.1826994752107147,3.1826994752107147,-2.774802349898817
2021.0,Ty Hilton,WR,1.0,1.0,1.0,0.0,WR,1.0,1.4324023262132735,1.0,0.0,0.0,0.0,-0.43240232621327346,0.43240232621327346,-0.43240232621327346,0.0,0.0,0.0,0.0,0.0
2021.0,Ty Johnson,RB,2.0,1.0,1.0,0.0,RB,2.0,1.4324023262132735,1.0,0.0,1.0,1.0,0.5675976737867265,0.5675976737867265,0.43240232621327346,1.0,1.0,1.0,1.0,0.0
2021.0,Tyler Boyd,WR,6.0,15.82364747064021,15.602770305927963,9.0,WR,6.0,14.262619051254772,13.830216725041499,9.0,-9.82364747064021,9.82364747064021,-8.262619051254772,8.262619051254772,1.5610284193854387,-9.602770305927963,9.602770305927963,-7.830216725041499,7.830216725041499,1.7725535808864645
2021.0,Tyler Higbee,TE,2.0,6.995957184483662,6.90661547386434,0.0,TE,2.0,4.630344944348786,4.197942618135513,0.0,-4.995957184483662,4.995957184483662,-2.630344944348786,2.630344944348786,2.365612240134876,-4.90661547386434,4.90661547386434,-2.197942618135513,2.197942618135513,2.7086728557288273
2021.0,Tyler Lockett,WR,40.0,39.38942240357715,38.81740753394151,35.0,WR,40.0,36.778581721853975,36.3461793956407,35.0,0.6105775964228499,0.6105775964228499,3.221418278146025,3.221418278146025,-2.6108406817231753,1.1825924660584874,1.1825924660584874,3.6538206043592965,3.6538206043592965,-2.471228138300809
2021.0,Tyreek Hill,WR,88.0,82.13827955134744,80.92929281765541,77.0,WR,88.0,82.80318176448208,82.3707794382688,77.0,5.861720448652562,5.861720448652562,5.196818235517924,5.196818235517924,0.6649022131346385,7.0707071823445915,7.0707071823445915,5.629220561731202,5.629220561731202,1.4414866206133894
2021.0,Zack Moss,RB,10.0,11.92244790308274,11.759699879741763,3.0,RB,10.0,12.257156920353461,11.824754594140188,3.0,-1.9224479030827393,1.9224479030827393,-2.257156920353461,2.257156920353461,-0.3347090172707219,-1.7596998797417633,1.7596998797417633,-1.8247545941401881,1.8247545941401881,-0.0650547143984248
2022.0,Aaron Jones,RB,67.0,73.15714462627719,67.0249039572842,56.0,RB,67.0,66.00402119272977,65.15125842604334,56.0,-6.157144626277187,6.157144626277187,0.9959788072702338,0.9959788072702338,5.161165819006953,-0.024903957284195144,0.024903957284195144,1.8487415739566586,1.8487415739566586,-1.8238376166724635
2022.0,Aaron Rodgers,QB,2.0,5.383343069587101,5.01082674044619,4.0,QB,2.0,6.483448068434121,5.6306853017476906,4.0,-3.3833430695871014,3.3833430695871014,-4.483448068434121,4.483448068434121,-1.1001049988470193,-3.0108267404461904,3.0108267404461904,-3.6306853017476906,3.6306853017476906,-0.6198585613015002
2022.0,Adam Thielen,WR,20.0,19.700117500596747,18.110896895401865,10.0,WR,20.0,17.984759488517213,17.131996721830784,10.0,0.2998824994032532,0.2998824994032532,2.015240511482787,2.015240511482787,-1.715358012079534,1.889103104598135,1.889103104598135,2.8680032781692155,2.8680032781692155,-0.9789001735710805
2022.0,Aj Brown,WR,45.0,55.21179592160347,50.604632190119816,46.0,WR,45.0,50.87910451262009,50.02634174593366,46.0,-10.211795921603468,10.211795921603468,-5.8791045126200885,5.8791045126200885,4.332691408983379,-5.6046321901198155,5.6046321901198155,-5.026341745933657,5.026341745933657,0.5782904441861589
2022.0,Aj Dillon,RB,36.0,20.345024646668048,18.70099691392751,2.0,RB,36.0,19.24992546487105,18.397162698184623,2.0,15.654975353331952,15.654975353331952,16.75007453512895,16.75007453512895,-1.0950991817969964,17.29900308607249,17.29900308607249,17.602837301815377,17.602837301815377,-0.3038342157428886
2022.0,Alec Pierce,WR,1.0,1.9857631134028901,1.9019885033443737,0.0,WR,1.0,2.6876953434479773,1.8349325767615476,0.0,-0.9857631134028901,0.9857631134028901,-1.6876953434479773,1.6876953434479773,-0.7019322300450872,-0.9019885033443737,0.9019885033443737,-0.8349325767615476,0.8349325767615476,0.06705592658282611
2022.0,Alexander Mattison,RB,6.0,3.083034006268645,2.9060083504684537,0.0,RB,6.0,3.1426133900724547,2.289850623386025,0.0,2.916965993731355,2.916965993731355,2.8573866099275453,2.8573866099275453,0.05957938380380945,3.0939916495315463,3.0939916495315463,3.710149376613975,3.710149376613975,-0.6161577270824288
2022.0,Allen Lazard,WR,25.0,12.416724006516572,11.446479138568538,4.0,WR,25.0,12.240210625882359,11.387447859195929,4.0,12.583275993483428,12.583275993483428,12.759789374117641,12.759789374117641,-0.17651338063421385,13.553520861431462,13.553520861431462,13.612552140804071,13.612552140804071,-0.059031279372609546
2022.0,Alvin Kamara,RB,85.0,91.1746996800346,83.51124565124584,81.0,RB,85.0,85.72635600151607,84.87359323482964,81.0,-6.174699680034607,6.174699680034607,-0.7263560015160664,0.7263560015160664,5.44834367851854,1.4887543487541564,1.4887543487541564,0.12640676517035843,0.12640676517035843,1.362347583583798
2022.0,Amari Cooper,WR,10.0,19.144113458097085,17.602144592410465,12.0,WR,10.0,17.6017958497668,16.74903308308037,12.0,-9.144113458097085,9.144113458097085,-7.601795849766798,7.601795849766798,1.5423176083302863,-7.602144592410465,7.602144592410465,-6.74903308308037,6.74903308308037,0.8531115093300947
2022.0,Antonio Gibson,RB,27.0,19.73270863591406,18.140718288561608,5.0,RB,27.0,23.35126376363792,22.498500996951492,5.0,7.2672913640859385,7.2672913640859385,3.6487362363620797,3.6487362363620797,3.618555127723859,8.859281711438392,8.859281711438392,4.501499003048508,4.501499003048508,4.357782708389884
2022.0,Brandin Cooks,WR,35.0,39.688223830652056,36.400323501250284,38.0,WR,35.0,37.23655897397876,36.38379620729233,38.0,-4.688223830652056,4.688223830652056,-2.2365589739787595,2.2365589739787595,2.451664856673297,-1.4003235012502842,1.4003235012502842,-1.3837962072923276,1.3837962072923276,0.0165272939579566
2022.0,Brandon Aiyuk,WR,5.0,11.728032687911286,10.81631592461882,4.0,WR,5.0,11.605015497618515,10.752252730932085,4.0,-6.728032687911286,6.728032687911286,-6.605015497618515,6.605015497618515,0.1230171902927708,-5.81631592461882,5.81631592461882,-5.752252730932085,5.752252730932085,0.06406319368673508
2022.0,Breece Hall,RB,54.0,47.65035429952277,43.685796093400405,33.0,RB,54.0,46.364866915282775,45.51210414859634,33.0,6.349645700477232,6.349645700477232,7.635133084717225,7.635133084717225,-1.2854873842399925,10.314203906599595,10.314203906599595,8.487895851403657,8.487895851403657,1.8263080551959376
2022.0,Brian Robinson,RB,3.0,1.8112617400449422,1.7423170463314117,0.0,RB,3.0,4.066149538245209,3.2133867715587785,0.0,1.1887382599550578,1.1887382599550578,-1.0661495382452086,1.0661495382452086,0.12258872170984914,1.2576829536685883,1.2576829536685883,-0.2133867715587785,0.2133867715587785,1.0442961821098098
2022.0,Chase Claypool,WR,2.0,6.193891853360428,5.752491420756151,2.0,WR,2.0,6.135337714192638,5.282574947506208,2.0,-4.193891853360428,4.193891853360428,-4.135337714192638,4.135337714192638,0.058554139167790176,-3.752491420756151,3.752491420756151,-3.282574947506208,3.282574947506208,0.4699164732499428
2022.0,Chase Edmonds,RB,23.0,19.801360051468844,18.203535396167684,6.0,RB,23.0,18.383499980942602,17.530737214256174,6.0,3.198639948531156,3.198639948531156,4.616500019057398,4.616500019057398,-1.4178600705262419,4.796464603832316,4.796464603832316,5.469262785743826,5.469262785743826,-0.6727981819115101
2022.0,Chris Godwin,WR,27.0,29.399934250068522,26.98637932481479,23.0,WR,27.0,27.18615226131268,26.333389494626253,23.0,-2.3999342500685223,2.3999342500685223,-0.1861522613126816,0.1861522613126816,2.2137819887558408,0.013620675185208597,0.013620675185208597,0.6666105053737468,0.6666105053737468,-0.6529898301885382
2022.0,Chris Olave,WR,16.0,8.29558057171145,7.6755691214596915,2.0,WR,16.0,9.462915365883871,8.610152599197441,2.0,7.704419428288549,7.704419428288549,6.537084634116129,6.537084634116129,1.1673347941724206,8.324430878540308,8.324430878540308,7.389847400802559,7.389847400802559,0.9345834777377497
2022.0,Christian Kirk,WR,11.0,17.7711442756032,16.345856543874547,12.0,WR,11.0,16.437506884400896,15.584744117714468,12.0,-6.7711442756031985,6.7711442756031985,-5.4375068844008965,5.4375068844008965,1.333637391202302,-5.345856543874547,5.345856543874547,-4.584744117714468,4.584744117714468,0.7611124261600786
2022.0,Christian Mccaffrey,RB,111.0,120.97521556900465,110.7791788495094,104.0,RB,111.0,115.53432070084382,114.6815579341574,104.0,-9.975215569004646,9.975215569004646,-4.534320700843821,4.534320700843821,5.440894868160825,0.22082115049059325,0.22082115049059325,-3.6815579341573965,3.6815579341573965,-3.4607367836668033
2022.0,Christian Watson,WR,1.0,1.3040529138540287,1.2782131213633694,0.0,WR,1.0,2.497513290538944,1.6447505238525142,0.0,-0.30405291385402866,0.30405291385402866,-1.497513290538944,1.497513290538944,-1.1934603766849154,-0.2782131213633694,0.2782131213633694,-0.6447505238525142,0.6447505238525142,-0.3665374024891448
2022.0,Clyde Edwards Helaire,RB,46.0,26.10162067114388,23.96837135904225,17.0,RB,46.0,30.50836066600667,29.65559789932024,17.0,19.89837932885612,19.89837932885612,15.49163933399333,15.49163933399333,4.4067399948627894,22.03162864095775,22.03162864095775,16.34440210067976,16.34440210067976,5.68722654027799
2022.0,Cole Kmet,TE,1.0,3.309668400620811,3.113382328444154,2.0,TE,1.0,2.7463233410601258,1.893560574373696,2.0,-2.309668400620811,2.309668400620811,-1.7463233410601258,1.7463233410601258,0.5633450595606853,-2.113382328444154,2.113382328444154,-0.8935605743736961,0.8935605743736961,1.2198217540704581
2022.0,Cordarrelle Patterson,RB,12.0,15.937974402710923,14.668477742066713,5.0,RB,12.0,18.572018287693055,17.719255521006627,5.0,-3.937974402710923,3.937974402710923,-6.572018287693055,6.572018287693055,-2.634043884982132,-2.668477742066713,2.668477742066713,-5.719255521006627,5.719255521006627,-3.0507777789399135
2022.0,Dak Prescott,QB,6.0,8.459975043457131,7.825992607094187,5.0,QB,6.0,9.391190040674031,8.538427273987601,5.0,-2.4599750434571312,2.4599750434571312,-3.391190040674031,3.391190040674031,-0.9312149972168999,-1.8259926070941868,1.8259926070941868,-2.538427273987601,2.538427273987601,-0.7124346668934143
2022.0,Dallas Goedert,TE,5.0,8.539337957100507,7.898610901210635,5.0,TE,5.0,9.229121366606638,8.376358599920207,5.0,-3.539337957100507,3.539337957100507,-4.229121366606638,4.229121366606638,-0.6897834095061306,-2.8986109012106347,2.8986109012106347,-3.3763585999202075,3.3763585999202075,-0.4777476987095728
2022.0,Dalton Schultz,TE,19.0,13.239836518147097,12.199639824290205,8.0,TE,19.0,12.510305572803134,11.657542806116703,8.0,5.760163481852903,5.760163481852903,6.489694427196866,6.489694427196866,-0.7295309453439636,6.800360175709795,6.800360175709795,7.3424571938832965,7.3424571938832965,-0.5420970181735019
2022.0,Dalvin Cook,RB,96.0,100.35291488144131,91.90945459245002,86.0,RB,96.0,96.03369365521404,95.18093088852761,86.0,-4.352914881441308,4.352914881441308,-0.03369365521403722,0.03369365521403722,4.3192212262272704,4.090545407549982,4.090545407549982,0.8190691114723876,0.8190691114723876,3.2714762960775943
2022.0,Dameon Pierce,RB,34.0,24.23135704000078,22.2570511944129,7.0,RB,34.0,28.237084960697576,27.384322194011148,7.0,9.76864295999922,9.76864295999922,5.762915039302424,5.762915039302424,4.0057279206967955,11.742948805587101,11.742948805587101,6.615677805988852,6.615677805988852,5.127270999598249
2022.0,Damien Harris,RB,27.0,16.09777157983841,14.81469463198291,6.0,RB,27.0,16.125192776654913,15.272430009968485,6.0,10.902228420161592,10.902228420161592,10.874807223345087,10.874807223345087,0.02742119681650479,12.18530536801709,12.18530536801709,11.727569990031515,11.727569990031515,0.45773537798557484
2022.0,Darnell Mooney,WR,18.0,27.958834817429704,25.66775104308779,21.0,WR,18.0,25.45715817901247,24.604395412326042,21.0,-9.958834817429704,9.958834817429704,-7.45715817901247,7.45715817901247,2.5016766384172335,-7.66775104308779,7.66775104308779,-6.604395412326042,6.604395412326042,1.0633556307617482
2022.0,Darrell Henderson,RB,1.0,2.703280642732113,2.5585281461890794,0.0,RB,1.0,5.003461971824352,4.150699205137922,0.0,-1.7032806427321132,1.7032806427321132,-4.003461971824352,4.003461971824352,-2.300181329092239,-1.5585281461890794,1.5585281461890794,-3.150699205137922,3.150699205137922,-1.5921710589488427
2022.0,Darren Waller,TE,26.0,22.004811365873458,20.219727447025754,15.0,TE,26.0,20.853240280961227,20.0004775142748,15.0,3.995188634126542,3.995188634126542,5.146759719038773,5.146759719038773,-1.1515710849122307,5.780272552974246,5.780272552974246,5.999522485725201,5.999522485725201,-0.21924993275095517
2022.0,Davante Adams,WR,88.0,85.82336265777361,78.61468946449821,79.0,WR,88.0,80.88100486628909,80.02824209960266,79.0,2.1766373422263854,2.1766373422263854,7.118995133710911,7.118995133710911,-4.942357791484525,9.385310535501787,9.385310535501787,7.971757900397336,7.971757900397336,1.4135526351044518
2022.0,David Bell,WR,1.0,1.0,1.0,0.0,WR,1.0,1.8527627666864297,1.0,0.0,0.0,0.0,-0.8527627666864297,0.8527627666864297,-0.8527627666864297,0.0,0.0,0.0,0.0,0.0
2022.0,Dawson Knox,TE,2.0,4.761262835378073,4.441613699518589,1.0,TE,2.0,3.3450115172753776,2.492248750588948,1.0,-2.761262835378073,2.761262835378073,-1.3450115172753776,1.3450115172753776,1.4162513181026952,-2.441613699518589,2.441613699518589,-0.4922487505889479,0.4922487505889479,1.9493649489296412
2022.0,Deandre Hopkins,WR,13.0,10.318178916804037,9.526277906716537,3.0,WR,13.0,10.45131195186528,9.59854918517885,3.0,2.6818210831959632,2.6818210831959632,2.5486880481347196,2.5486880481347196,0.13313303506124363,3.473722093283463,3.473722093283463,3.4014508148211497,3.4014508148211497,0.0722712784623134
2022.0,Derek Carr,QB,1.0,3.952263429820416,3.7013667242524324,2.0,QB,1.0,3.7636462325640374,2.9108834658776077,2.0,-2.952263429820416,2.952263429820416,-2.7636462325640374,2.7636462325640374,0.1886171972563786,-2.7013667242524324,2.7013667242524324,-1.9108834658776077,1.9108834658776077,0.7904832583748247
2022.0,Derrick Henry,RB,87.0,103.0158537134965,94.34608483247948,91.0,RB,87.0,101.3516563435668,100.49889357688038,91.0,-16.015853713496497,16.015853713496497,-14.351656343566802,14.351656343566802,1.6641973699296955,-7.346084832479477,7.346084832479477,-13.498893576880377,13.498893576880377,-6.1528087444009
2022.0,Devin Singletary,RB,22.0,23.172983848442804,21.28862334592328,16.0,RB,22.0,24.25834192163529,23.40557915494886,16.0,-1.1729838484428043,1.1729838484428043,-2.2583419216352887,2.2583419216352887,-1.0853580731924843,0.7113766540767195,0.7113766540767195,-1.4055791549488603,1.4055791549488603,-0.6942025008721409
2022.0,Devonta Smith,WR,11.0,14.648111195603077,13.488232947065269,9.0,WR,11.0,14.267411817541456,13.414649050855026,9.0,-3.648111195603077,3.648111195603077,-3.267411817541456,3.267411817541456,0.380699378061621,-2.488232947065269,2.488232947065269,-2.414649050855026,2.414649050855026,0.07358389621024308
2022.0,Diontae Johnson,WR,35.0,45.18465567062101,41.42964369152778,40.0,WR,35.0,41.69419307569067,40.84143030900424,40.0,-10.184655670621012,10.184655670621012,-6.69419307569067,6.69419307569067,3.4904625949303423,-6.4296436915277795,6.4296436915277795,-5.841430309004238,5.841430309004238,0.5882133825235414
2022.0,Dj Chark,WR,1.0,3.3351769467907655,3.136723042931737,2.0,WR,1.0,3.7997382781813833,2.9469755114949536,2.0,-2.3351769467907655,2.3351769467907655,-2.7997382781813833,2.7997382781813833,-0.46456133139061784,-2.136723042931737,2.136723042931737,-1.9469755114949536,1.9469755114949536,0.18974753143678358
2022.0,Dj Moore,WR,48.0,55.30605841561683,50.69088383084424,53.0,WR,48.0,51.97967009473235,51.12690732804592,53.0,-7.306058415616832,7.306058415616832,-3.9796700947323487,3.9796700947323487,3.326388320884483,-2.6908838308442427,2.6908838308442427,-3.1269073280459168,3.1269073280459168,-0.4360234972016741
2022.0,Dk Metcalf,WR,21.0,35.30600206578748,32.390522771977274,30.0,WR,21.0,32.913090622892334,32.0603278562059,30.0,-14.306002065787482,14.306002065787482,-11.913090622892334,11.913090622892334,2.392911442895148,-11.390522771977274,11.390522771977274,-11.060327856205902,11.060327856205902,0.33019491577137217
2022.0,Drake London,WR,12.0,15.03703864086054,13.844107578087248,9.0,WR,12.0,15.88795495919524,15.03519219250881,9.0,-3.0370386408605405,3.0370386408605405,-3.8879549591952394,3.8879549591952394,-0.8509163183346988,-1.8441075780872485,1.8441075780872485,-3.0351921925088092,3.0351921925088092,-1.1910846144215608
2022.0,Elijah Mitchell,RB,39.0,32.50195919464329,29.824780152611186,17.0,RB,39.0,36.734001678131406,35.881238911444974,17.0,6.498040805356709,6.498040805356709,2.2659983218685937,2.2659983218685937,4.232042483488115,9.175219847388814,9.175219847388814,3.1187610885550257,3.1187610885550257,6.056458758833788
2022.0,Elijah Moore,WR,20.0,15.645757696776709,14.40109493411405,9.0,WR,20.0,15.638582731531129,14.785819964844698,9.0,4.354242303223291,4.354242303223291,4.3614172684688715,4.3614172684688715,-0.007174965245580367,5.598905065885949,5.598905065885949,5.214180035155302,5.214180035155302,0.3847250307306478
2022.0,Ezekiel Elliott,RB,45.0,54.117499307409346,49.60333385400693,35.0,RB,45.0,49.32040586111686,48.46764309443043,35.0,-9.117499307409346,9.117499307409346,-4.3204058611168605,4.3204058611168605,4.797093446292486,-4.603333854006927,4.603333854006927,-3.4676430944304286,3.4676430944304286,1.135690759576498
2022.0,Gabriel Davis,WR,21.0,29.956014610252527,27.495201459668372,19.0,WR,21.0,28.20383595603843,27.351073189352,19.0,-8.956014610252527,8.956014610252527,-7.203835956038429,7.203835956038429,1.7521786542140987,-6.4952014596683725,6.4952014596683725,-6.351073189352,6.351073189352,0.1441282703163722
2022.0,Garrett Wilson,WR,9.0,5.329021141628278,4.961121335737733,2.0,WR,9.0,6.265121668352535,5.412358901666105,2.0,3.670978858371722,3.670978858371722,2.734878331647465,2.734878331647465,0.9361005267242568,4.038878664262267,4.038878664262267,3.5876410983338953,3.5876410983338953,0.4512375659283716
2022.0,George Kittle,TE,17.0,21.163376890493378,19.44980188094278,14.0,TE,17.0,22.104636057672533,21.251873290986104,14.0,-4.163376890493378,4.163376890493378,-5.104636057672533,5.104636057672533,-0.9412591671791546,-2.449801880942779,2.449801880942779,-4.251873290986104,4.251873290986104,-1.8020714100433253
2022.0,George Pickens,WR,3.0,4.237713752913377,3.9625581871962847,0.0,WR,3.0,6.822435470424393,5.969672703737963,0.0,-1.2377137529133773,1.2377137529133773,-3.8224354704243932,3.8224354704243932,-2.584721717511016,-0.9625581871962847,0.9625581871962847,-2.969672703737963,2.969672703737963,-2.0071145165416784
2022.0,Hunter Henry,TE,1.0,1.6349089227467934,1.5809514894622652,1.0,TE,1.0,1.8527627666864297,1.0,1.0,-0.6349089227467934,0.6349089227467934,-0.8527627666864297,0.8527627666864297,-0.21785384393963625,-0.5809514894622652,0.5809514894622652,0.0,0.0,0.5809514894622652
2022.0,Hunter Renfrow,WR,16.0,17.42097192188,16.025443421337396,11.0,WR,16.0,16.18992393794443,15.337161171258002,11.0,-1.4209719218799997,1.4209719218799997,-0.18992393794443174,0.18992393794443174,1.231047983935568,-0.025443421337396188,0.025443421337396188,0.6628388287419984,0.6628388287419984,-0.6373954074046022
2022.0,Irv Smith,TE,3.0,1.0193084707563285,1.0176675495385992,0.0,TE,3.0,1.8527627666864297,1.0,0.0,1.9806915292436715,1.9806915292436715,1.1472372333135703,1.1472372333135703,0.8334542959301012,1.9823324504614008,1.9823324504614008,2.0,2.0,-0.01766754953859917
2022.0,Isaiah Mckenzie,WR,1.0,1.0,1.0,0.0,WR,1.0,1.8527627666864297,1.0,0.0,0.0,0.0,-0.8527627666864297,0.8527627666864297,-0.8527627666864297,0.0,0.0,0.0,0.0,0.0
2022.0,Jahan Dotson,WR,2.0,2.5348653126605014,2.404425512963996,0.0,WR,2.0,4.91684853421335,4.06408576752692,0.0,-0.5348653126605014,0.5348653126605014,-2.91684853421335,2.91684853421335,-2.3819832215528485,-0.404425512963996,0.404425512963996,-2.0640857675269197,2.0640857675269197,-1.6596602545629238
2022.0,Jakobi Meyers,WR,3.0,3.8030659886952463,3.5648487568081584,2.0,WR,3.0,4.162925888423362,3.310163121736932,2.0,-0.8030659886952463,0.8030659886952463,-1.162925888423362,1.162925888423362,-0.3598598997281157,-0.5648487568081584,0.5648487568081584,-0.31016312173693183,0.31016312173693183,0.25468563507122655
2022.0,Jalen Hurts,QB,12.0,16.20832907505895,14.915856450975337,8.0,QB,12.0,15.012095000356057,14.159332233669627,8.0,-4.208329075058948,4.208329075058948,-3.012095000356057,3.012095000356057,1.1962340747028914,-2.915856450975337,2.915856450975337,-2.159332233669627,2.159332233669627,0.7565242173057101
2022.0,Jamaal Williams,RB,1.0,1.0,1.0,0.0,RB,1.0,3.71889575254726,2.86613298586083,0.0,0.0,0.0,-2.71889575254726,2.71889575254726,-2.71889575254726,0.0,0.0,-1.8661329858608302,1.8661329858608302,-1.8661329858608302
2022.0,James Cook,RB,14.0,4.677876915740255,4.365314292661631,0.0,RB,14.0,10.072118027707738,9.219355261021308,0.0,9.322123084259745,9.322123084259745,3.927881972292262,3.927881972292262,5.394241111967483,9.63468570733837,9.63468570733837,4.780644738978692,4.780644738978692,4.854040968359678
2022.0,James Robinson,RB,6.0,5.160023543843575,4.80648591854464,2.0,RB,6.0,7.1048838035809405,6.25212103689451,2.0,0.8399764561564247,0.8399764561564247,-1.1048838035809405,1.1048838035809405,-0.2649073474245158,1.1935140814553602,1.1935140814553602,-0.2521210368945104,0.2521210368945104,0.9413930445608498
2022.0,Jameson Williams,WR,1.0,1.0,1.0,0.0,WR,1.0,2.3764781538513198,1.52371538716489,0.0,0.0,0.0,-1.3764781538513198,1.3764781538513198,-1.3764781538513198,0.0,0.0,-0.5237153871648901,0.5237153871648901,-0.5237153871648901
2022.0,Jaylen Waddle,WR,38.0,44.16914398577942,40.50043478496097,39.0,WR,38.0,41.45646522462324,40.603702457936805,39.0,-6.169143985779421,6.169143985779421,-3.456465224623237,3.456465224623237,2.712678761156184,-2.500434784960973,2.500434784960973,-2.603702457936805,2.603702457936805,-0.10326767297583217
2022.0,Jerry Jeudy,WR,29.0,30.729663730495034,28.20310237682921,26.0,WR,29.0,28.76953444955231,27.916771682865882,26.0,-1.7296637304950337,1.7296637304950337,0.2304655504476898,0.2304655504476898,1.499198180047344,0.7968976231707892,0.7968976231707892,1.0832283171341182,1.0832283171341182,-0.286330693963329
2022.0,Joe Burrow,QB,12.0,9.919425388735732,9.161412257865038,4.0,QB,12.0,10.507787041989408,9.655024275302978,4.0,2.080574611264268,2.080574611264268,1.492212958010592,1.492212958010592,0.588361653253676,2.838587742134962,2.838587742134962,2.344975724697022,2.344975724697022,0.4936120174379397
2022.0,Joe Mixon,RB,96.0,89.22889313819613,81.73080255431161,76.0,RB,96.0,88.92056110015841,88.06779833347198,76.0,6.771106861803872,6.771106861803872,7.079438899841591,7.079438899841591,-0.3083320380377188,14.269197445688391,14.269197445688391,7.932201666528016,7.932201666528016,6.336995779160375
2022.0,Josh Allen,QB,41.0,38.82063314465932,35.60646459769211,32.0,QB,41.0,38.4836385717826,37.63087580509617,32.0,2.1793668553406818,2.1793668553406818,2.516361428217401,2.516361428217401,-0.3369945728767192,5.39353540230789,5.39353540230789,3.369124194903833,3.369124194903833,2.0244112074040572
2022.0,Josh Jacobs,RB,37.0,32.50466970702083,29.827260313381526,18.0,RB,37.0,34.632787743688,33.78002497700157,18.0,4.495330292979169,4.495330292979169,2.3672122563120013,2.3672122563120013,2.1281180366671677,7.172739686618474,7.172739686618474,3.219975022998433,3.219975022998433,3.952764663620041
2022.0,Juju Smith Schuster,WR,22.0,22.387556495295502,20.569945163387636,11.0,WR,22.0,20.132139932685856,19.279377165999428,11.0,-0.3875564952955024,0.3875564952955024,1.867860067314144,1.867860067314144,-1.4803035720186415,1.4300548366123635,1.4300548366123635,2.7206228340005723,2.7206228340005723,-1.2905679973882087
2022.0,Julio Jones,WR,2.0,1.0,1.0,0.0,WR,2.0,3.0453779049536815,2.192615138267252,0.0,1.0,1.0,-1.0453779049536815,1.0453779049536815,-0.04537790495368155,1.0,1.0,-0.19261513826725185,0.19261513826725185,0.8073848617327481
2022.0,Justin Herbert,QB,29.0,27.526147756871982,25.27183568689062,18.0,QB,29.0,26.316235530022112,25.463472763335684,18.0,1.473852243128018,1.473852243128018,2.6837644699778878,2.6837644699778878,-1.2099122268498697,3.7281643131093816,3.7281643131093816,3.536527236664316,3.536527236664316,0.19163707644506545
2022.0,Kadarius Toney,WR,5.0,8.333641022136536,7.710395022580121,4.0,WR,5.0,8.294464528186422,7.441701761499992,4.0,-3.3336410221365362,3.3336410221365362,-3.294464528186422,3.294464528186422,0.03917649395011402,-2.710395022580121,2.710395022580121,-2.441701761499992,2.441701761499992,0.2686932610801289
2022.0,Kareem Hunt,RB,27.0,16.21153800331333,14.918792669985928,7.0,RB,27.0,13.75500578979361,12.90224302310718,7.0,10.78846199668667,10.78846199668667,13.24499421020639,13.24499421020639,-2.4565322135197185,12.081207330014072,12.081207330014072,14.09775697689282,14.09775697689282,-2.0165496468787474
2022.0,Keenan Allen,WR,53.0,59.81243224049126,54.81428561626637,56.0,WR,53.0,55.75590735891163,54.903144592225196,56.0,-6.812432240491262,6.812432240491262,-2.755907358911628,2.755907358911628,4.056524881579634,-1.8142856162663676,1.8142856162663676,-1.9031445922251962,1.9031445922251962,-0.08885897595882852
2022.0,Kenneth Gainwell,RB,1.0,1.0,1.0,0.0,RB,1.0,4.1179127964094615,3.2651500297230314,0.0,0.0,0.0,-3.1179127964094615,3.1179127964094615,-3.1179127964094615,0.0,0.0,-2.2651500297230314,2.2651500297230314,-2.2651500297230314
2022.0,Kenneth Walker,RB,17.0,8.618282662445473,7.97084652826231,2.0,RB,17.0,12.574141415050699,11.721378648364269,2.0,8.381717337554527,8.381717337554527,4.425858584949301,4.425858584949301,3.9558587526052253,9.02915347173769,9.02915347173769,5.278621351635731,5.278621351635731,3.7505321201019584
2022.0,Kenny Golladay,WR,1.0,1.0,1.0,0.0,WR,1.0,1.8527627666864297,1.0,0.0,0.0,0.0,-0.8527627666864297,0.8527627666864297,-0.8527627666864297,0.0,0.0,0.0,0.0,0.0
2022.0,Kirk Cousins,QB,2.0,3.3097294819287324,3.1134382187861287,1.0,QB,2.0,3.8832947201352157,3.030531953448786,1.0,-1.3097294819287324,1.3097294819287324,-1.8832947201352157,1.8832947201352157,-0.5735652382064833,-1.1134382187861287,1.1134382187861287,-1.030531953448786,1.030531953448786,0.08290626533734269
2022.0,Kj Hamler,WR,1.0,1.0,1.0,0.0,WR,1.0,1.8527627666864297,1.0,0.0,0.0,0.0,-0.8527627666864297,0.8527627666864297,-0.8527627666864297,0.0,0.0,0.0,0.0,0.0
2022.0,Kyle Pitts,TE,38.0,39.55691671293151,36.28017545657212,37.0,TE,38.0,40.90665837358553,40.0538956068991,37.0,-1.5569167129315105,1.5569167129315105,-2.906658373585529,2.906658373585529,-1.3497416606540185,1.7198245434278832,1.7198245434278832,-2.053895606899097,2.053895606899097,-0.33407106347121385
2022.0,Kyler Murray,QB,12.0,17.963588722539335,16.521946190878733,14.0,QB,12.0,19.285896006032075,18.433133239345647,14.0,-5.963588722539335,5.963588722539335,-7.285896006032075,7.285896006032075,-1.3223072834927407,-4.521946190878733,4.521946190878733,-6.433133239345647,6.433133239345647,-1.911187048466914
2022.0,Lamar Jackson,QB,22.0,22.225010653462526,20.42121320273062,14.0,QB,22.0,22.151057714577913,21.298294947891485,14.0,-0.22501065346252602,0.22501065346252602,-0.15105771457791306,0.15105771457791306,0.07395293888461296,1.5787867972693803,1.5787867972693803,0.7017050521085153,0.7017050521085153,0.877081745160865
2022.0,Mark Andrews,TE,50.0,58.97205185579993,54.04532455947554,63.0,TE,50.0,57.975678016941416,57.122915250254984,63.0,-8.972051855799933,8.972051855799933,-7.975678016941416,7.975678016941416,0.996373838858517,-4.045324559475539,4.045324559475539,-7.122915250254984,7.122915250254984,-3.077590690779445
2022.0,Marquez Valdes Scantling,WR,7.0,4.5204623390836804,4.221277519046811,2.0,WR,7.0,4.921631487578125,4.068868720891695,2.0,2.4795376609163196,2.4795376609163196,2.078368512421875,2.078368512421875,0.4011691484944446,2.7787224809531894,2.7787224809531894,2.931131279108305,2.931131279108305,-0.15240879815511565
2022.0,Marquise Brown,WR,20.0,33.966245646923426,31.164624916126687,30.0,WR,20.0,32.12739748730446,31.274634720618025,30.0,-13.966245646923426,13.966245646923426,-12.127397487304457,12.127397487304457,1.8388481596189692,-11.164624916126687,11.164624916126687,-11.274634720618025,11.274634720618025,-0.11000980449133735
2022.0,Marvin Jones,WR,2.0,1.0,1.0,0.0,WR,2.0,1.8527627666864297,1.0,0.0,1.0,1.0,0.1472372333135703,0.1472372333135703,0.8527627666864297,1.0,1.0,1.0,1.0,0.0
2022.0,Matthew Stafford,QB,1.0,5.306574268830378,4.9405820997646535,4.0,QB,1.0,6.462011747845698,5.609248981159268,4.0,-4.306574268830378,4.306574268830378,-5.462011747845698,5.462011747845698,-1.15543747901532,-3.9405820997646535,3.9405820997646535,-4.609248981159268,4.609248981159268,-0.6686668813946142
2022.0,Mecole Hardman,WR,2.0,1.0,1.0,0.0,WR,2.0,2.7638043326177564,1.9110415659313265,0.0,1.0,1.0,-0.7638043326177564,0.7638043326177564,0.23619566738224362,1.0,1.0,0.08895843406867354,0.08895843406867354,0.9110415659313265
2022.0,Melvin Gordon,RB,22.0,8.364190358518893,7.738348138117751,2.0,RB,22.0,9.732920241852865,8.880157475166435,2.0,13.635809641481107,13.635809641481107,12.267079758147135,12.267079758147135,1.3687298833339714,14.26165186188225,14.26165186188225,13.119842524833565,13.119842524833565,1.1418093370486844
2022.0,Michael Carter,RB,7.0,6.466417198855796,6.001856329185533,2.0,RB,7.0,6.980419506814128,6.127656740127698,2.0,0.5335828011442043,0.5335828011442043,0.019580493185872072,0.019580493185872072,0.5140023079583322,0.9981436708144669,0.9981436708144669,0.8723432598723022,0.8723432598723022,0.12580041094216465
2022.0,Michael Gallup,WR,3.0,3.7021773356049223,3.472534077989193,2.0,WR,3.0,4.189267173472346,3.3365044067859158,2.0,-0.7021773356049223,0.7021773356049223,-1.189267173472346,1.189267173472346,-0.48708983786742355,-0.4725340779891929,0.4725340779891929,-0.33650440678591576,0.33650440678591576,0.13602967120327714
2022.0,Michael Pittman,WR,52.0,54.09948767828642,49.58685293463138,46.0,WR,52.0,50.09804535587431,49.24528258918788,46.0,-2.0994876782864225,2.0994876782864225,1.9019546441256878,1.9019546441256878,0.19753303416073464,2.4131470653686193,2.4131470653686193,2.7547174108121197,2.7547174108121197,-0.3415703454435004
2022.0,Mike Davis,RB,2.0,1.0,1.0,0.0,RB,2.0,1.8527627666864297,1.0,0.0,1.0,1.0,0.1472372333135703,0.1472372333135703,0.8527627666864297,1.0,1.0,1.0,1.0,0.0
2022.0,Mike Evans,WR,57.0,58.36723640651678,53.49190906392585,53.0,WR,57.0,55.34731319036302,54.494550423676586,53.0,-1.3672364065167812,1.3672364065167812,1.6526868096369824,1.6526868096369824,-0.2854504031202012,3.5080909360741472,3.5080909360741472,2.5054495763234144,2.5054495763234144,1.0026413597507329
2022.0,Mike Williams,WR,37.0,46.451391219645664,42.58872632148502,39.0,WR,37.0,43.19861201075054,42.345849244064105,39.0,-9.451391219645664,9.451391219645664,-6.198612010750537,6.198612010750537,3.2527792088951273,-5.588726321485019,5.588726321485019,-5.345849244064105,5.345849244064105,0.24287707742091413
2022.0,Miles Sanders,RB,20.0,22.06697183874187,20.27660524162715,16.0,RB,20.0,24.5566006582308,23.70383789154437,16.0,-2.066971838741871,2.066971838741871,-4.556600658230799,4.556600658230799,-2.489628819488928,-0.2766052416271485,0.2766052416271485,-3.703837891544371,3.703837891544371,-3.4272326499172223
2022.0,Najee Harris,RB,92.0,101.51250930100824,92.97050143095571,88.0,RB,92.0,97.47894272168045,96.62617995499403,88.0,-9.512509301008237,9.512509301008237,-5.478942721680454,5.478942721680454,4.033566579327783,-0.9705014309557072,0.9705014309557072,-4.626179954994029,4.626179954994029,-3.655678524038322
2022.0,Nick Chubb,RB,81.0,63.16389563248701,57.88092648348675,42.0,RB,81.0,59.270893467747584,58.41813070106115,42.0,17.836104367512988,17.836104367512988,21.729106532252416,21.729106532252416,-3.8930021647394284,23.119073516513247,23.119073516513247,22.581869298938848,22.581869298938848,0.5372042175743985
2022.0,Nyheim Hines,RB,1.0,4.938326822465773,4.603629987750453,2.0,RB,1.0,3.9932521185713443,3.1404893518849146,2.0,-3.938326822465773,3.938326822465773,-2.9932521185713443,2.9932521185713443,0.9450747038944285,-3.6036299877504527,3.6036299877504527,-2.1404893518849146,2.1404893518849146,1.463140635865538
2022.0,Pat Freiermuth,TE,4.0,2.7080594837535656,2.562900859675772,2.0,TE,4.0,2.296583779330764,1.4438210126443343,2.0,1.2919405162464344,1.2919405162464344,1.703416220669236,1.703416220669236,-0.4114757044228017,1.4370991403242281,1.4370991403242281,2.5561789873556657,2.5561789873556657,-1.1190798470314376
2022.0,Patrick Mahomes,QB,29.0,28.522437599809873,26.183456310659555,19.0,QB,29.0,26.657439481156835,25.804676714470407,19.0,0.4775624001901271,0.4775624001901271,2.3425605188431646,2.3425605188431646,-1.8649981186530376,2.8165436893404454,2.8165436893404454,3.195323285529593,3.195323285529593,-0.3787795961891476
2022.0,Rashaad Penny,RB,27.0,11.586833898431383,10.68711684720826,2.0,RB,27.0,13.684911241100227,12.832148474413797,2.0,15.413166101568617,15.413166101568617,13.315088758899773,13.315088758899773,2.0980773426688444,16.31288315279174,16.31288315279174,14.167851525586203,14.167851525586203,2.1450316272055385
2022.0,Rashod Bateman,WR,21.0,19.17106690260564,17.62680741123752,10.0,WR,21.0,18.15494927022587,17.302186503539442,10.0,1.8289330973943585,1.8289330973943585,2.8450507297741296,2.8450507297741296,-1.0161176323797712,3.3731925887624783,3.3731925887624783,3.697813496460558,3.697813496460558,-0.3246209076980797
2022.0,Rhamondre Stevenson,RB,25.0,17.91885353121104,16.481012798540952,6.0,RB,25.0,16.48146241643079,15.62869964974436,6.0,7.081146468788958,7.081146468788958,8.51853758356921,8.51853758356921,-1.437391114780251,8.518987201459048,8.518987201459048,9.37130035025564,9.37130035025564,-0.8523131487965916
2022.0,Robert Woods,WR,2.0,8.508304101890346,7.870214443447685,3.0,WR,2.0,8.933298160483428,8.080535393796998,3.0,-6.508304101890346,6.508304101890346,-6.933298160483428,6.933298160483428,-0.42499405859308226,-5.870214443447685,5.870214443447685,-6.080535393796998,6.080535393796998,-0.2103209503493133
2022.0,Romeo Doubs,WR,1.0,1.0,1.0,0.0,WR,1.0,3.8718155726620407,3.019052805975611,0.0,0.0,0.0,-2.8718155726620407,2.8718155726620407,-2.8718155726620407,0.0,0.0,-2.019052805975611,2.019052805975611,-2.019052805975611
2022.0,Rondale Moore,WR,1.0,1.0,1.0,0.0,WR,1.0,3.0434533995469697,2.19069063286054,0.0,0.0,0.0,-2.0434533995469697,2.0434533995469697,-2.0434533995469697,0.0,0.0,-1.19069063286054,1.19069063286054,-1.19069063286054
2022.0,Russell Gage,WR,1.0,3.9554177198842706,3.704252948473167,2.0,WR,1.0,4.385393383646499,3.532630616960069,2.0,-2.9554177198842706,2.9554177198842706,-3.385393383646499,3.385393383646499,-0.4299756637622285,-2.704252948473167,2.704252948473167,-2.532630616960069,2.532630616960069,0.17162233151309803
2022.0,Russell Wilson,QB,3.0,7.455982148542713,6.907323571562809,4.0,QB,3.0,8.355185444980568,7.502422678294139,4.0,-4.455982148542713,4.455982148542713,-5.3551854449805685,5.3551854449805685,-0.8992032964378556,-3.9073235715628094,3.9073235715628094,-4.502422678294139,4.502422678294139,-0.5950991067313298
2022.0,Skyy Moore,WR,4.0,5.822342737046386,5.412518229645219,2.0,WR,4.0,7.666439487205524,6.813676720519094,2.0,-1.8223427370463856,1.8223427370463856,-3.6664394872055244,3.6664394872055244,-1.8440967501591388,-1.4125182296452188,1.4125182296452188,-2.8136767205190942,2.8136767205190942,-1.4011584908738755
2022.0,Tee Higgins,WR,49.0,58.27851802568091,53.410730372553395,54.0,WR,49.0,54.595274048116764,53.74251128143033,54.0,-9.27851802568091,9.27851802568091,-5.595274048116764,5.595274048116764,3.683243977564146,-4.410730372553395,4.410730372553395,-4.742511281430332,4.742511281430332,-0.33178090887693656
2022.0,Tj Hockenson,TE,5.0,9.69858246798473,8.95933756785685,7.0,TE,5.0,10.32390741286821,9.471144646181779,7.0,-4.69858246798473,4.69858246798473,-5.323907412868209,5.323907412868209,-0.625324944883479,-3.959337567856849,3.959337567856849,-4.471144646181779,4.471144646181779,-0.5118070783249298
2022.0,Tom Brady,QB,7.0,8.549372521982956,7.907792683361915,5.0,QB,7.0,10.3336586407717,9.48089587408527,5.0,-1.5493725219829564,1.5493725219829564,-3.3336586407717004,3.3336586407717004,-1.784286118788744,-0.9077926833619152,0.9077926833619152,-2.4808958740852702,2.4808958740852702,-1.573103190723355
2022.0,Tony Pollard,RB,26.0,16.959271074253593,15.60298000098707,5.0,RB,26.0,14.870110830481076,14.017348063794646,5.0,9.040728925746407,9.040728925746407,11.129889169518924,11.129889169518924,-2.0891602437725165,10.39701999901293,10.39701999901293,11.982651936205354,11.982651936205354,-1.5856319371924243
2022.0,Travis Etienne,RB,56.0,50.491518034444184,46.28550487756414,33.0,RB,56.0,47.32537754718037,46.47261478049394,33.0,5.508481965555816,5.508481965555816,8.674622452819627,8.674622452819627,-3.16614048726381,9.714495122435864,9.714495122435864,9.527385219506058,9.527385219506058,0.18710990292980512
2022.0,Travis Kelce,TE,55.0,61.396148650645806,56.26341063940302,60.0,TE,55.0,62.10137896064919,61.24861619396276,60.0,-6.396148650645806,6.396148650645806,-7.101378960649193,7.101378960649193,-0.7052303100033868,-1.2634106394030198,1.2634106394030198,-6.248616193962761,6.248616193962761,-4.985205554559741
2022.0,Treylon Burks,WR,5.0,2.062922091665701,1.972590162481937,0.0,WR,5.0,7.93294165078552,7.08017888409909,0.0,2.937077908334299,2.937077908334299,-2.93294165078552,2.93294165078552,0.004136257548778666,3.027409837518063,3.027409837518063,-2.08017888409909,2.08017888409909,0.9472309534189729
2022.0,Tyler Boyd,WR,4.0,4.801429660921668,4.478366966468389,2.0,WR,4.0,5.160489455986479,4.307726689300049,2.0,-0.8014296609216682,0.8014296609216682,-1.160489455986479,1.160489455986479,-0.35905979506481067,-0.47836696646838917,0.47836696646838917,-0.30772668930004876,0.30772668930004876,0.1706402771683404
2022.0,Tyler Lockett,WR,9.0,11.163840612334905,10.300071444653272,9.0,WR,9.0,11.956889319692529,11.104126553006099,9.0,-2.163840612334905,2.163840612334905,-2.9568893196925288,2.9568893196925288,-0.7930487073576238,-1.3000714446532715,1.3000714446532715,-2.1041265530060986,2.1041265530060986,-0.8040551083528271
2022.0,Tyreek Hill,WR,58.0,70.6889652147561,64.76648160092503,67.0,WR,58.0,66.98944796711663,66.13668520043021,67.0,-12.688965214756095,12.688965214756095,-8.989447967116632,8.989447967116632,3.699517247639463,-6.766481600925033,6.766481600925033,-8.136685200430207,8.136685200430207,-1.3702035995051745
2022.0,Tyrion Davis Price,RB,1.0,1.0,1.0,0.0,RB,1.0,1.8527627666864297,1.0,0.0,0.0,0.0,-0.8527627666864297,0.8527627666864297,-0.8527627666864297,0.0,0.0,0.0,0.0,0.0
2022.0,Van Jefferson,WR,1.0,1.0,1.0,0.0,WR,1.0,1.8527627666864297,1.0,0.0,0.0,0.0,-0.8527627666864297,0.8527627666864297,-0.8527627666864297,0.0,0.0,0.0,0.0,0.0
2022.0,Zach Ertz,TE,3.0,5.823892229144261,5.413936038893002,5.0,TE,3.0,5.96445137994485,5.11168861325842,5.0,-2.8238922291442607,2.8238922291442607,-2.96445137994485,2.96445137994485,-0.14055915080058945,-2.4139360388930022,2.4139360388930022,-2.11168861325842,2.11168861325842,0.3022474256345822
2023.0,Aaron Jones,RB,65.0,50.88473784784696,50.166151156743744,42.0,RB,65.0,48.01606552050039,48.42063544213006,42.0,14.115262152153043,14.115262152153043,16.98393447949961,16.98393447949961,-2.868672327346566,14.833848843256256,14.833848843256256,16.579364557869937,16.579364557869937,-1.7455157146136813
2023.0,Aaron Rodgers,QB,4.0,2.31711670308456,2.298143715066599,1.0,QB,4.0,1.0,1.1818047699602463,1.0,1.6828832969154401,1.6828832969154401,3.0,3.0,-1.3171167030845599,1.7018562849334011,1.7018562849334011,2.8181952300397537,2.8181952300397537,-1.1163389451063526
2023.0,Adam Thielen,WR,1.0,3.6953683809073303,3.6565417591849108,2.0,WR,1.0,2.6917294831300973,3.096299404759768,2.0,-2.6953683809073303,2.6953683809073303,-1.6917294831300973,1.6917294831300973,1.003638897777233,-2.6565417591849108,2.6565417591849108,-2.096299404759768,2.096299404759768,0.5602423544251427
2023.0,Aj Dillon,RB,11.0,15.487885305052648,15.279188176199439,5.0,RB,11.0,13.22836160583378,13.63293152746345,5.0,-4.487885305052648,4.487885305052648,-2.228361605833779,2.228361605833779,2.259523699218869,-4.279188176199439,4.279188176199439,-2.63293152746345,2.63293152746345,1.6462566487359886
2023.0,Alexander Mattison,RB,40.0,33.26294253385656,32.79819675948024,18.0,RB,40.0,36.555297126026176,36.95986704765585,18.0,6.73705746614344,6.73705746614344,3.4447028739738244,3.4447028739738244,3.292354592169616,7.201803240519759,7.201803240519759,3.040132952344152,3.040132952344152,4.161670288175607
2023.0,Allen Lazard,WR,1.0,2.284552388194701,2.2660484872020366,0.0,WR,1.0,2.079645077592989,2.48421499922266,0.0,-1.284552388194701,1.284552388194701,-1.079645077592989,1.079645077592989,0.20490731060171186,-1.2660484872020366,1.2660484872020366,-1.4842149992226599,1.4842149992226599,-0.21816651202062332
2023.0,Alvin Kamara,RB,27.0,29.723683939304596,29.309920975145204,23.0,RB,27.0,28.75894081980841,29.163510741438078,23.0,-2.723683939304596,2.723683939304596,-1.7589408198084087,1.7589408198084087,0.9647431194961875,-2.3099209751452037,2.3099209751452037,-2.1635107414380776,2.1635107414380776,0.14641023370712603
2023.0,Antonio Gibson,RB,7.0,14.494860658469925,14.300467990775724,4.0,RB,7.0,13.516612584572751,13.921182506202422,4.0,-7.494860658469925,7.494860658469925,-6.516612584572751,6.516612584572751,0.9782480738971735,-7.300467990775724,7.300467990775724,-6.921182506202422,6.921182506202422,0.3792854845733018
2023.0,Austin Ekeler,RB,99.0,106.61084889314981,105.08953087636071,102.0,RB,99.0,104.55170793522983,104.9562778568595,102.0,-7.610848893149807,7.610848893149807,-5.551707935229828,5.551707935229828,2.059140957919979,-6.089530876360712,6.089530876360712,-5.956277856859501,5.956277856859501,0.13325301950121116
2023.0,Bijan Robinson,RB,100.0,95.57762289247898,94.21523784208532,90.0,RB,100.0,93.79799788930367,94.20256781093335,90.0,4.422377107521015,4.422377107521015,6.202002110696327,6.202002110696327,-1.7796250031753118,5.784762157914685,5.784762157914685,5.7974321890666545,5.7974321890666545,-0.012670031151969852
2023.0,Brandin Cooks,WR,11.0,13.785774467055939,13.601596143908345,6.0,WR,11.0,12.447816885969134,12.852386807598805,6.0,-2.785774467055939,2.785774467055939,-1.447816885969134,1.447816885969134,1.3379575810868047,-2.6015961439083455,2.6015961439083455,-1.8523868075988048,1.8523868075988048,0.7492093363095407
2023.0,Brandon Aiyuk,WR,14.0,23.508813900978463,23.18457577125037,11.0,WR,14.0,21.89095384918903,22.2955237708187,11.0,-9.508813900978463,9.508813900978463,-7.890953849189032,7.890953849189032,1.6178600517894317,-9.184575771250369,9.184575771250369,-8.2955237708187,8.2955237708187,0.8890520004316684
2023.0,Breece Hall,RB,34.0,42.96546868807359,42.360958599694726,26.0,RB,34.0,40.76745341034731,41.17202333197698,26.0,-8.965468688073592,8.965468688073592,-6.767453410347308,6.767453410347308,2.1980152777262845,-8.360958599694726,8.360958599694726,-7.17202333197698,7.17202333197698,1.1889352677177456
2023.0,Brian Robinson,RB,12.0,14.28862504239494,14.097203186522883,5.0,RB,12.0,17.519815100793167,17.924385022422836,5.0,-2.2886250423949406,2.2886250423949406,-5.519815100793167,5.519815100793167,-3.2311900583982265,-2.097203186522883,2.097203186522883,-5.924385022422836,5.924385022422836,-3.827181835899953
2023.0,Calvin Ridley,WR,41.0,45.953471690662745,45.30591959618602,39.0,WR,41.0,42.86042225541459,43.26499217704426,39.0,-4.953471690662745,4.953471690662745,-1.8604222554145906,1.8604222554145906,3.0930494352481546,-4.305919596186023,4.305919596186023,-2.264992177044263,2.264992177044263,2.0409274191417595
2023.0,Cam Akers,RB,27.0,27.023847238996584,26.648975262435656,14.0,RB,27.0,30.533499567003602,30.938069488633275,14.0,-0.023847238996584252,0.023847238996584252,-3.5334995670036022,3.5334995670036022,-3.509652328007018,0.3510247375643445,0.3510247375643445,-3.9380694886332748,3.9380694886332748,-3.5870447510689303
2023.0,Chris Godwin,WR,20.0,30.072822549763824,29.654030264620697,30.0,WR,20.0,28.564347645604542,28.968917567234215,30.0,-10.072822549763824,10.072822549763824,-8.564347645604542,8.564347645604542,1.5084749041592822,-9.654030264620697,9.654030264620697,-8.968917567234215,8.968917567234215,0.685112697386483
2023.0,Chris Olave,WR,65.0,56.11037589886927,55.316514201461715,56.0,WR,65.0,53.59541759138815,53.99998751301782,56.0,8.889624101130728,8.889624101130728,11.404582408611851,11.404582408611851,-2.5149583074811233,9.683485798538285,9.683485798538285,11.000012486982179,11.000012486982179,-1.3165266884438935
2023.0,Christian Kirk,WR,15.0,17.82559235866445,17.583220698303283,7.0,WR,15.0,16.615754615499156,17.020324537128825,7.0,-2.8255923586644514,2.8255923586644514,-1.6157546154991564,1.6157546154991564,1.209837743165295,-2.5832206983032826,2.5832206983032826,-2.0203245371288254,2.0203245371288254,0.5628961611744572
2023.0,Christian Mccaffrey,RB,105.0,109.29131633036829,107.73138633906716,100.0,RB,105.0,107.56866326650231,107.97323318813199,100.0,-4.291316330368289,4.291316330368289,-2.5686632665023126,2.5686632665023126,1.7226530638659767,-2.731386339067157,2.731386339067157,-2.973233188131985,2.973233188131985,-0.241846849064828
2023.0,Christian Watson,WR,28.0,31.606109178112334,31.165229989994224,33.0,WR,28.0,29.55514474065229,29.959714662281957,33.0,-3.606109178112334,3.606109178112334,-1.5551447406522882,1.5551447406522882,2.0509644374600455,-3.1652299899942236,3.1652299899942236,-1.9597146622819572,1.9597146622819572,1.2055153277122663
2023.0,Cole Kmet,TE,1.0,2.4894986287916034,2.4680424893541115,4.0,TE,1.0,1.0,1.2894097790648906,4.0,-1.4894986287916034,1.4894986287916034,0.0,0.0,1.4894986287916034,-1.4680424893541115,1.4680424893541115,-0.2894097790648906,0.2894097790648906,1.178632710289221
2023.0,Courtland Sutton,WR,9.0,11.189992330302585,11.043206094934702,6.0,WR,9.0,9.53771932358035,9.94228924521002,6.0,-2.1899923303025854,2.1899923303025854,-0.5377193235803492,0.5377193235803492,1.6522730067222362,-2.0432060949347015,2.0432060949347015,-0.94228924521002,0.94228924521002,1.1009168497246815
2023.0,Curtis Samuel,WR,1.0,1.0,1.0,0.0,WR,1.0,1.0,1.0,0.0,0.0,0.0,0.0,0.0,0.0,0.0,0.0,0.0,0.0,0.0
2023.0,D'Andre Swift,RB,22.0,21.722051054157834,21.42355113730357,5.0,RB,22.0,21.784872361721526,22.189442283351195,5.0,0.2779489458421658,0.2779489458421658,0.21512763827847436,0.21512763827847436,0.06282130756369142,0.5764488626964308,0.5764488626964308,-0.18944228335119462,0.18944228335119462,0.3870065793452362
2023.0,Dak Prescott,QB,6.0,6.42392999733078,6.34579860729631,2.0,QB,6.0,5.2374986091853435,5.642068530815014,2.0,-0.42392999733077996,0.42392999733077996,0.7625013908146565,0.7625013908146565,-0.33857139348387655,-0.3457986072963104,0.3457986072963104,0.35793146918498575,0.35793146918498575,-0.01213286188867535
2023.0,Dallas Goedert,TE,6.0,13.055275203060058,12.881619678500066,9.0,TE,6.0,13.004261766866318,13.408831688495988,9.0,-7.055275203060058,7.055275203060058,-7.004261766866318,7.004261766866318,0.05101343619373999,-6.881619678500066,6.881619678500066,-7.408831688495988,7.408831688495988,-0.5272120099959228
2023.0,Dalton Kincaid,TE,5.0,4.37826313160201,4.3295994514836895,0.0,TE,5.0,4.123364633343904,4.527934554973575,0.0,0.6217368683979902,0.6217368683979902,0.876635366656096,0.876635366656096,-0.25489849825810573,0.6704005485163105,0.6704005485163105,0.4720654450264252,0.4720654450264252,0.19833510348988526
2023.0,Dalton Schultz,TE,1.0,3.0379198985668907,3.0085637832534013,2.0,TE,1.0,1.7503730194020037,2.1549429410316745,2.0,-2.0379198985668907,2.0379198985668907,-0.7503730194020037,0.7503730194020037,1.287546879164887,-2.0085637832534013,2.0085637832534013,-1.1549429410316745,1.1549429410316745,0.8536208422217268
2023.0,Dalvin Cook,RB,22.0,17.940987149922563,17.696953234434915,7.0,RB,22.0,19.40247130318945,19.807041224819123,7.0,4.059012850077437,4.059012850077437,2.5975286968105493,2.5975286968105493,1.4614841532668876,4.303046765565085,4.303046765565085,2.192958775180877,2.192958775180877,2.1100879903842085
2023.0,Dameon Pierce,RB,31.0,40.4971754308587,39.928220960508426,26.0,RB,31.0,40.55951005508561,40.96407997671528,26.0,-9.497175430858697,9.497175430858697,-9.55951005508561,9.55951005508561,-0.062334624226913604,-8.928220960508426,8.928220960508426,-9.964079976715283,9.964079976715283,-1.0358590162068566
2023.0,Damien Harris,RB,1.0,2.4525987881357088,2.4316741887151263,0.0,RB,1.0,4.896503575316262,5.301073496945933,0.0,-1.4525987881357088,1.4525987881357088,-3.8965035753162622,3.8965035753162622,-2.4439047871805535,-1.4316741887151263,1.4316741887151263,-4.301073496945933,4.301073496945933,-2.8693993082308067
2023.0,Daniel Jones,QB,1.0,3.3262301572603685,3.292720949763904,2.0,QB,1.0,1.2635103693334322,1.668080290963103,2.0,-2.3262301572603685,2.3262301572603685,-0.2635103693334322,0.2635103693334322,2.0627197879269366,-2.292720949763904,2.292720949763904,-0.668080290963103,0.668080290963103,1.624640658800801
2023.0,Darnell Mooney,WR,2.0,2.759398921838147,2.7340548846813233,2.0,WR,2.0,1.8473383531460246,2.2519082747756953,2.0,-0.7593989218381472,0.7593989218381472,0.15266164685397543,0.15266164685397543,0.6067372749841717,-0.7340548846813233,0.7340548846813233,-0.25190827477569533,0.25190827477569533,0.48214660990562797
2023.0,Darren Waller,TE,26.0,17.40106027520238,17.16480397433358,12.0,TE,26.0,16.906207630629005,17.310777552258674,12.0,8.59893972479762,8.59893972479762,9.093792369370995,9.093792369370995,-0.4948526445733741,8.83519602566642,8.83519602566642,8.689222447741326,8.689222447741326,0.14597357792509413
2023.0,Davante Adams,WR,95.0,75.84740761245243,74.76923514339119,81.0,WR,95.0,72.76716847342749,73.17173839505716,81.0,19.15259238754757,19.15259238754757,22.23283152657251,22.23283152657251,-3.0802391390249397,20.230764856608815,20.230764856608815,21.82826160494284,21.82826160494284,-1.5974967483340237
2023.0,David Montgomery,RB,16.0,23.696848010693042,23.369901260762784,9.0,RB,16.0,23.818179113659866,24.222749035289535,9.0,-7.696848010693042,7.696848010693042,-7.818179113659866,7.818179113659866,-0.12133110296682403,-7.369901260762784,7.369901260762784,-8.222749035289535,8.222749035289535,-0.8528477745267509
2023.0,David Njoku,TE,6.0,6.021397904550072,5.949064965446554,4.0,TE,6.0,4.9447350410840185,5.349304962713689,4.0,-0.021397904550071623,0.021397904550071623,1.0552649589159815,1.0552649589159815,-1.0338670543659099,0.05093503455344628,0.05093503455344628,0.6506950372863107,0.6506950372863107,-0.5997600027328645
2023.0,Deandre Hopkins,WR,41.0,33.71036491437868,33.23917404713798,32.0,WR,41.0,32.237013292906774,32.641583214536446,32.0,7.28963508562132,7.28963508562132,8.762986707093226,8.762986707093226,-1.473351621471906,7.760825952862021,7.760825952862021,8.358416785463554,8.358416785463554,-0.5975908326015329
2023.0,Deebo Samuel,WR,44.0,45.88577911141812,45.23920212453202,39.0,WR,44.0,43.35654318028934,43.761113101919015,39.0,-1.8857791114181168,1.8857791114181168,0.6434568197106572,0.6434568197106572,1.2423222917074597,-1.2392021245320208,1.2392021245320208,0.23888689808098462,0.23888689808098462,1.0003152264510362
2023.0,Derrick Henry,RB,91.0,83.66815381207373,82.47732395768784,84.0,RB,91.0,84.80063836616209,85.20520828779176,84.0,7.331846187926274,7.331846187926274,6.19936163383791,6.19936163383791,1.1324845540883643,8.522676042312156,8.522676042312156,5.794791712208237,5.794791712208237,2.727884330103919
2023.0,Deshaun Watson,QB,2.0,9.390924099131624,9.270053334969566,9.0,QB,2.0,6.596328640271457,7.000898561901128,9.0,-7.390924099131624,7.390924099131624,-4.596328640271457,4.596328640271457,2.794595458860167,-7.270053334969566,7.270053334969566,-5.000898561901128,5.000898561901128,2.269154773068438
2023.0,Deuce Vaughn,RB,1.0,1.0,1.0,0.0,RB,1.0,1.0,1.3813380351197606,0.0,0.0,0.0,0.0,0.0,0.0,0.0,0.0,-0.3813380351197606,0.3813380351197606,-0.3813380351197606
2023.0,Devante Parker,WR,1.0,1.0,1.0,0.0,WR,1.0,1.0,1.0,0.0,0.0,0.0,0.0,0.0,0.0,0.0,0.0,0.0,0.0,0.0
2023.0,Devin Singletary,RB,1.0,2.007525195723109,1.9930118550134508,0.0,RB,1.0,3.360497202946915,3.7650671245765857,0.0,-1.007525195723109,1.007525195723109,-2.360497202946915,2.360497202946915,-1.3529720072238058,-0.9930118550134508,0.9930118550134508,-2.7650671245765857,2.7650671245765857,-1.7720552695631349
2023.0,Devon Achane,RB,2.0,7.03010545153437,6.943242140021376,0.0,RB,2.0,12.64907132587485,13.05364124750452,0.0,-5.03010545153437,5.03010545153437,-10.64907132587485,10.64907132587485,-5.61896587434048,-4.943242140021376,4.943242140021376,-11.05364124750452,11.05364124750452,-6.110399107483144
2023.0,Diontae Johnson,WR,24.0,26.59790354178219,26.229167258926044,30.0,WR,24.0,25.147745836133808,25.552315757763477,30.0,-2.597903541782191,2.597903541782191,-1.147745836133808,1.147745836133808,1.4501577056483832,-2.2291672589260436,2.2291672589260436,-1.552315757763477,1.552315757763477,0.6768515011625666
2023.0,Dj Chark,WR,2.0,1.6936818621389103,1.6836894160422082,2.0,WR,2.0,1.0,1.3338959912808672,2.0,0.30631813786108975,0.30631813786108975,1.0,1.0,-0.6936818621389103,0.31631058395779177,0.31631058395779177,0.6661040087191328,0.6661040087191328,-0.349793424761341
2023.0,Dj Moore,WR,28.0,27.385471961376588,27.00539080212999,17.0,WR,28.0,25.001667511545662,25.406237433175335,17.0,0.614528038623412,0.614528038623412,2.998332488454338,2.998332488454338,-2.383804449830926,0.9946091978700089,0.9946091978700089,2.5937625668246653,2.5937625668246653,-1.5991533689546564
2023.0,Dk Metcalf,WR,52.0,54.90799391780074,54.131452461542956,58.0,WR,52.0,51.856336154445934,52.26090607607561,58.0,-2.907993917800738,2.907993917800738,0.14366384555406597,0.14366384555406597,2.764330072246672,-2.131452461542956,2.131452461542956,-0.26090607607560656,0.26090607607560656,1.8705463854673496
2023.0,Drake London,WR,24.0,21.3896133770609,21.09590220523546,11.0,WR,24.0,20.56658589277822,20.97115581440789,11.0,2.6103866229390995,2.6103866229390995,3.433414107221779,3.433414107221779,-0.8230274842826795,2.9040977947645388,2.9040977947645388,3.02884418559211,3.02884418559211,-0.12474639082757122
2023.0,Elijah Mitchell,RB,1.0,3.3765610660711474,3.3423268448173116,0.0,RB,1.0,5.145002080714234,5.549572002343905,0.0,-2.3765610660711474,2.3765610660711474,-4.145002080714234,4.145002080714234,-1.768441014643087,-2.3423268448173116,2.3423268448173116,-4.549572002343905,4.549572002343905,-2.2072451575265934
2023.0,Elijah Moore,WR,4.0,5.846405639644923,5.776593453742322,2.0,WR,4.0,5.075292551841404,5.479862473471075,2.0,-1.8464056396449227,1.8464056396449227,-1.0752925518414038,1.0752925518414038,0.7711130878035188,-1.776593453742322,1.776593453742322,-1.4798624734710746,1.4798624734710746,0.29673098027124745
2023.0,Evan Engram,TE,3.0,6.349070272532596,6.272017232395518,4.0,TE,3.0,5.294508541247114,5.699078462876785,4.0,-3.349070272532596,3.349070272532596,-2.2945085412471142,2.2945085412471142,1.0545617312854816,-3.272017232395518,3.272017232395518,-2.699078462876785,2.699078462876785,0.5729387695187329
2023.0,Ezekiel Elliott,RB,7.0,1.4242694258781041,1.4181578499526597,0.0,RB,7.0,3.991086479324478,4.395656400954149,0.0,5.575730574121896,5.575730574121896,3.008913520675522,3.008913520675522,2.566817053446374,5.58184215004734,5.58184215004734,2.604343599045851,2.604343599045851,2.9774985510014886
2023.0,Gabriel Davis,WR,5.0,10.534048344052978,10.396710942917036,2.0,WR,5.0,10.675531556945964,11.080101478575635,2.0,-5.534048344052978,5.534048344052978,-5.675531556945964,5.675531556945964,-0.14148321289298593,-5.396710942917036,5.396710942917036,-6.080101478575635,6.080101478575635,-0.6833905356585994
2023.0,George Kittle,TE,35.0,18.45071227941913,18.19933580366196,10.0,TE,35.0,17.64885196192646,18.053421883556133,10.0,16.54928772058087,16.54928772058087,17.35114803807354,17.35114803807354,-0.8018603174926682,16.80066419633804,16.80066419633804,16.946578116443867,16.946578116443867,-0.14591392010582638
2023.0,George Pickens,WR,19.0,14.497506816285476,14.303076030844828,6.0,WR,19.0,13.367593621368119,13.77216354299779,6.0,4.502493183714524,4.502493183714524,5.632406378631881,5.632406378631881,-1.129913194917357,4.696923969155172,4.696923969155172,5.22783645700221,5.22783645700221,-0.5309124878470382
2023.0,Gus Edwards,RB,2.0,1.0,1.0,0.0,RB,2.0,3.6928154143605045,4.097385335990175,0.0,1.0,1.0,-1.6928154143605045,1.6928154143605045,-0.6928154143605045,1.0,1.0,-2.0973853359901753,2.0973853359901753,-1.0973853359901753
2023.0,Isiah Pacheco,RB,17.0,23.5362379138935,23.211604742885296,8.0,RB,17.0,28.040848132243312,28.44541805387298,8.0,-6.536237913893501,6.536237913893501,-11.040848132243312,11.040848132243312,-4.504610218349811,-6.211604742885296,6.211604742885296,-11.44541805387298,11.44541805387298,-5.233813310987685
2023.0,Jahan Dotson,WR,12.0,13.395605068382267,13.21704711228998,5.0,WR,12.0,12.185502708210414,12.590072629840085,5.0,-1.3956050683822667,1.3956050683822667,-0.18550270821041437,0.18550270821041437,1.2101023601718524,-1.2170471122899809,1.2170471122899809,-0.5900726298400851,0.5900726298400851,0.6269744824498957
2023.0,Jahmyr Gibbs,RB,58.0,56.70593478756246,55.90349409967312,44.0,RB,58.0,54.39577839647456,54.800348318104234,44.0,1.2940652124375376,1.2940652124375376,3.6042216035254384,3.6042216035254384,-2.310156391087901,2.096505900326882,2.096505900326882,3.199651681895766,3.199651681895766,-1.1031457815688839
2023.0,Jakobi Meyers,WR,2.0,4.683418093340026,4.630358674090073,3.0,WR,2.0,3.6941783307390237,4.0987482523686944,3.0,-2.683418093340026,2.683418093340026,-1.6941783307390237,1.6941783307390237,0.9892397626010023,-2.630358674090073,2.630358674090073,-2.0987482523686944,2.0987482523686944,0.5316104217213784
2023.0,Jalin Hyatt,WR,2.0,1.0,1.0,0.0,WR,2.0,1.3823998254520726,1.7869697470817434,0.0,1.0,1.0,0.6176001745479274,0.6176001745479274,0.38239982545207263,1.0,1.0,0.2130302529182566,0.2130302529182566,0.7869697470817434
2023.0,Jamaal Williams,RB,4.0,7.831123015217818,7.732721093191154,2.0,RB,4.0,9.700694879541048,10.10526480117072,2.0,-3.831123015217818,3.831123015217818,-5.700694879541048,5.700694879541048,-1.8695718643232304,-3.732721093191154,3.732721093191154,-6.105264801170719,6.105264801170719,-2.372543707979565
2023.0,James Cook,RB,30.0,30.386835937718015,29.96352030833881,14.0,RB,30.0,31.203543772812694,31.608113694442366,14.0,-0.38683593771801483,0.38683593771801483,-1.2035437728126936,1.2035437728126936,-0.8167078350946788,0.036479691661188696,0.036479691661188696,-1.6081136944423662,1.6081136944423662,-1.5716340027811775
2023.0,Jameson Williams,WR,2.0,1.0,1.0,0.0,WR,2.0,2.3241556943614388,2.7287256159911095,0.0,1.0,1.0,-0.32415569436143876,0.32415569436143876,0.6758443056385612,1.0,1.0,-0.7287256159911095,0.7287256159911095,0.2712743840088905
2023.0,Jared Goff,QB,1.0,2.5341275849509106,2.512028568045931,0.0,QB,1.0,1.0,1.1093890100300523,0.0,-1.5341275849509106,1.5341275849509106,0.0,0.0,1.5341275849509106,-1.512028568045931,1.512028568045931,-0.1093890100300523,0.1093890100300523,1.4026395580158788
2023.0,Jaxon Smith Njigba,WR,24.0,12.263679159034185,12.101426528555784,5.0,WR,24.0,12.392816399575358,12.797386321205028,5.0,11.736320840965815,11.736320840965815,11.607183600424642,11.607183600424642,0.12913724054117282,11.898573471444216,11.898573471444216,11.202613678794972,11.202613678794972,0.6959597926492442
2023.0,Jaylen Warren,RB,2.0,2.323017466554388,2.3039594783884922,0.0,RB,2.0,3.965090760573741,4.369660682203412,0.0,-0.3230174665543881,0.3230174665543881,-1.9650907605737409,1.9650907605737409,-1.6420732940193528,-0.30395947838849224,0.30395947838849224,-2.3696606822034116,2.3696606822034116,-2.0657012038149194
2023.0,Jeff Wilson,RB,3.0,2.3609490635419292,2.3413446729703384,2.0,RB,3.0,3.6231003396099615,4.027670261239632,2.0,0.6390509364580708,0.6390509364580708,-0.6231003396099615,0.6231003396099615,0.01595059684810929,0.6586553270296616,0.6586553270296616,-1.0276702612396322,1.0276702612396322,-0.36901493420997067
2023.0,Jerick Mckinnon,RB,1.0,7.661184811743024,7.565230839462021,2.0,RB,1.0,6.584365261827483,6.988935183457154,2.0,-6.661184811743024,6.661184811743024,-5.584365261827483,5.584365261827483,1.076819549915541,-6.565230839462021,6.565230839462021,-5.988935183457154,5.988935183457154,0.5762956560048673
2023.0,Jerry Jeudy,WR,8.0,19.30625069608438,19.0425502401588,12.0,WR,8.0,17.82205172916239,18.22662165079206,12.0,-11.30625069608438,11.30625069608438,-9.82205172916239,9.82205172916239,1.4841989669219906,-11.0425502401588,11.0425502401588,-10.226621650792062,10.226621650792062,0.8159285893667381
2023.0,Joe Burrow,QB,15.0,32.34284175846077,31.891349981202566,35.0,QB,15.0,31.42570479601745,31.830274717647118,35.0,-17.34284175846077,17.34284175846077,-16.42570479601745,16.42570479601745,0.9171369624433225,-16.891349981202566,16.891349981202566,-16.830274717647118,16.830274717647118,0.061075263555448345
2023.0,Joe Mixon,RB,66.0,59.42863509646429,58.58697407205023,49.0,RB,66.0,59.91305584341636,60.31762576504603,49.0,6.571364903535709,6.571364903535709,6.086944156583641,6.086944156583641,0.48442074695206827,7.413025927949768,7.413025927949768,5.6823742349539685,5.6823742349539685,1.7306516929957994
2023.0,Jonathan Taylor,RB,78.0,55.76246702017915,54.9736169295421,61.0,RB,78.0,59.67147474177809,60.076044663407764,61.0,22.23753297982085,22.23753297982085,18.32852525822191,18.32852525822191,3.9090077215989396,23.026383070457896,23.026383070457896,17.923955336592236,17.923955336592236,5.10242773386566
2023.0,Jordan Addison,WR,16.0,12.053146713310753,11.893926790230829,4.0,WR,16.0,12.550749895206629,12.9553198168363,4.0,3.9468532866892474,3.9468532866892474,3.4492501047933715,3.4492501047933715,0.49760318189587593,4.106073209769171,4.106073209769171,3.0446801831637007,3.0446801831637007,1.0613930266054705
2023.0,Josh Allen,QB,50.0,51.70764307243283,50.977202480358336,53.0,QB,50.0,50.821595952601086,51.22616587423076,53.0,-1.7076430724328304,1.7076430724328304,-0.8215959526010863,0.8215959526010863,0.8860471198317441,-0.9772024803583363,0.9772024803583363,-1.2261658742307588,1.2261658742307588,-0.2489633938724225
2023.0,Josh Jacobs,RB,69.0,73.06249329908857,72.02443735559774,63.0,RB,69.0,74.20052158823962,74.6050915098693,63.0,-4.0624932990885725,4.0624932990885725,-5.200521588239624,5.200521588239624,-1.1380282891510518,-3.0244373555977404,3.0244373555977404,-5.605091509869297,5.605091509869297,-2.5806541542715564
2023.0,Juju Smith Schuster,WR,5.0,4.870781116979778,4.815022744482781,2.0,WR,5.0,4.8750127027295065,5.279582624359177,2.0,0.1292188830202221,0.1292188830202221,0.12498729727049351,0.12498729727049351,0.004231585749728595,0.18497725551721889,0.18497725551721889,-0.27958262435917725,0.27958262435917725,-0.09460536884195836
2023.0,Justin Fields,QB,20.0,21.863258893317195,21.562724885911848,17.0,QB,20.0,19.454649680175457,19.859219601805126,17.0,-1.8632588933171945,1.8632588933171945,0.5453503198245429,0.5453503198245429,1.3179085734926517,-1.562724885911848,1.562724885911848,0.14078039819487387,0.14078039819487387,1.4219444877169742
2023.0,Justin Herbert,QB,25.0,23.932091976601768,23.601756551289874,18.0,QB,25.0,21.995038516590498,22.399608438220167,18.0,1.0679080233982319,1.0679080233982319,3.0049614834095024,3.0049614834095024,-1.9370534600112705,1.3982434487101258,1.3982434487101258,2.6003915617798334,2.6003915617798334,-1.2021481130697076
2023.0,Kadarius Toney,WR,3.0,2.535338794983508,2.51322233066982,0.0,WR,3.0,4.39267740609179,4.797247327721461,0.0,0.4646612050164922,0.4646612050164922,-1.3926774060917904,1.3926774060917904,-0.9280162010752981,0.4867776693301802,0.4867776693301802,-1.7972473277214611,1.7972473277214611,-1.310469658391281
2023.0,Keenan Allen,WR,37.0,42.67327725344264,42.072976165356025,38.0,WR,37.0,39.83152245228352,40.236092373913195,38.0,-5.673277253442642,5.673277253442642,-2.8315224522835223,2.8315224522835223,2.8417548011591194,-5.072976165356025,5.072976165356025,-3.236092373913195,3.236092373913195,1.8368837914428298
2023.0,Kenneth Gainwell,RB,3.0,1.0,1.0,0.0,RB,3.0,3.228848002908784,3.633417924538455,0.0,2.0,2.0,-0.22884800290878404,0.22884800290878404,1.771151997091216,2.0,2.0,-0.6334179245384548,0.6334179245384548,1.3665820754615452
2023.0,Khalil Herbert,RB,17.0,14.343782643811132,14.15156624596089,5.0,RB,17.0,15.891693916766569,16.29626383839624,5.0,2.6562173561888685,2.6562173561888685,1.1083060832334315,1.1083060832334315,1.547911272955437,2.8484337540391103,2.8484337540391103,0.7037361616037607,0.7037361616037607,2.1446975924353495
2023.0,Kirk Cousins,QB,2.0,3.4575222185388474,3.4221217566837856,2.0,QB,2.0,3.0085483307806187,3.4131182524102894,2.0,-1.4575222185388474,1.4575222185388474,-1.0085483307806187,1.0085483307806187,0.4489738877582288,-1.4221217566837856,1.4221217566837856,-1.4131182524102894,1.4131182524102894,0.009003504273496166
2023.0,Kyle Pitts,TE,14.0,12.860872641063553,12.69001747388327,10.0,TE,14.0,12.992891544352217,13.397461465981888,10.0,1.139127358936447,1.139127358936447,1.0071084556477832,1.0071084556477832,0.13201890328866384,1.3099825261167304,1.3099825261167304,0.6025385340181124,0.6025385340181124,0.707443992098618
2023.0,Kyren Williams,RB,1.0,1.0,1.0,0.0,RB,1.0,1.2043579287478503,1.608927850377521,0.0,0.0,0.0,-0.2043579287478503,0.2043579287478503,-0.2043579287478503,0.0,0.0,-0.6089278503775211,0.6089278503775211,-0.6089278503775211
2023.0,Lamar Jackson,QB,32.0,38.96677114848515,38.41986206108698,37.0,QB,32.0,36.58448506555578,36.989054987185455,37.0,-6.966771148485151,6.966771148485151,-4.584485065555782,4.584485065555782,2.382286082929369,-6.419862061086981,6.419862061086981,-4.989054987185455,4.989054987185455,1.4308070739015264
2023.0,Mark Andrews,TE,43.0,35.63884944764787,35.13987887504253,37.0,TE,43.0,35.13954521552933,35.544115137159004,37.0,7.361150552352129,7.361150552352129,7.860454784470669,7.860454784470669,-0.4993042321185399,7.860121124957473,7.860121124957473,7.455884862840996,7.455884862840996,0.404236262116477
2023.0,Marquise Brown,WR,7.0,15.723748352842346,15.511653630769711,12.0,WR,7.0,14.152550965307837,14.557120886937508,12.0,-8.723748352842346,8.723748352842346,-7.152550965307837,7.152550965307837,1.571197387534509,-8.511653630769711,8.511653630769711,-7.557120886937508,7.557120886937508,0.9545327438322033
2023.0,Marvin Mims,WR,1.0,1.0,1.0,0.0,WR,1.0,2.377805574925006,2.782375496554677,0.0,0.0,0.0,-1.3778055749250062,1.3778055749250062,-1.3778055749250062,0.0,0.0,-1.782375496554677,1.782375496554677,-1.782375496554677
2023.0,Matthew Stafford,QB,1.0,1.0,1.0,0.0,QB,1.0,1.0,1.0,0.0,0.0,0.0,0.0,0.0,0.0,0.0,0.0,0.0,0.0,0.0
2023.0,Mecole Hardman,WR,1.0,1.0,1.0,0.0,WR,1.0,1.0,1.0,0.0,0.0,0.0,0.0,0.0,0.0,0.0,0.0,0.0,0.0,0.0
2023.0,Michael Gallup,WR,1.0,2.972765022855529,2.944347459663722,2.0,WR,1.0,2.4327310116055543,2.837300933235225,2.0,-1.972765022855529,1.972765022855529,-1.4327310116055543,1.4327310116055543,0.5400340112499746,-1.9443474596637218,1.9443474596637218,-1.837300933235225,1.837300933235225,0.10704652642849677
2023.0,Michael Pittman,WR,10.0,15.664845399779734,15.453599171253693,7.0,WR,10.0,14.511502250327561,14.916072171957232,7.0,-5.664845399779734,5.664845399779734,-4.5115022503275615,4.5115022503275615,1.1533431494521729,-5.453599171253693,5.453599171253693,-4.916072171957232,4.916072171957232,0.5375269992964604
2023.0,Michael Thomas,WR,8.0,7.007984131295145,6.921439476088656,3.0,WR,8.0,6.265050560471842,6.669620482101513,3.0,0.992015868704855,0.992015868704855,1.7349494395281582,1.7349494395281582,-0.7429335708233031,1.078560523911344,1.078560523911344,1.3303795178984874,1.3303795178984874,-0.25181899398714336
2023.0,Mike Evans,WR,22.0,21.801259008060484,21.501618105326376,16.0,WR,22.0,20.00432375201614,20.40889367364581,16.0,0.19874099193951622,0.19874099193951622,1.9956762479838588,1.9956762479838588,-1.7969352560443426,0.49838189467362426,0.49838189467362426,1.5911063263541898,1.5911063263541898,-1.0927244316805655
2023.0,Miles Sanders,RB,29.0,32.16953018882711,31.720534954454088,21.0,RB,29.0,34.805115400244915,35.20968532187459,21.0,-3.1695301888271104,3.1695301888271104,-5.805115400244915,5.805115400244915,-2.635585211417805,-2.720534954454088,2.720534954454088,-6.209685321874588,6.209685321874588,-3.4891503674204998
2023.0,Najee Harris,RB,66.0,54.900640286203,54.1242047585724,46.0,RB,66.0,53.38052539276714,53.78509531439681,46.0,11.099359713797,11.099359713797,12.61947460723286,12.61947460723286,-1.52011489343586,11.875795241427603,11.875795241427603,12.214904685603187,12.214904685603187,-0.339109444175584
2023.0,Nico Collins,WR,2.0,5.441044660845402,5.377071675809134,2.0,WR,2.0,4.901939686640258,5.306509608269929,2.0,-3.441044660845402,3.441044660845402,-2.901939686640258,2.901939686640258,0.5391049742051441,-3.377071675809134,3.377071675809134,-3.306509608269929,3.306509608269929,0.07056206753920513
2023.0,Odell Beckham,WR,5.0,6.057589028657623,5.984734758557057,2.0,WR,5.0,5.9391840092271835,6.343753930856854,2.0,-1.057589028657623,1.057589028657623,-0.9391840092271835,0.9391840092271835,0.11840501943043957,-0.9847347585570567,0.9847347585570567,-1.3437539308568542,1.3437539308568542,-0.3590191722997975
2023.0,Parris Campbell,WR,1.0,1.0,1.0,0.0,WR,1.0,1.0,1.0,0.0,0.0,0.0,0.0,0.0,0.0,0.0,0.0,0.0,0.0,0.0
2023.0,Pat Freiermuth,TE,5.0,5.266393265348479,5.204936123309511,4.0,TE,5.0,4.292729223374096,4.697299145003766,4.0,-0.26639326534847907,0.26639326534847907,0.7072707766259043,0.7072707766259043,-0.44087751127742525,-0.20493612330951105,0.20493612330951105,0.30270085499623356,0.30270085499623356,-0.0977647316867225
2023.0,Quentin Johnston,WR,5.0,6.369206975207558,6.2918638670623235,2.0,WR,5.0,7.281972903650454,7.6865428252801244,2.0,-1.3692069752075584,1.3692069752075584,-2.2819729036504537,2.2819729036504537,-0.9127659284428953,-1.2918638670623235,1.2918638670623235,-2.6865428252801244,2.6865428252801244,-1.394678958217801
2023.0,Rachaad White,RB,35.0,35.63995534780325,35.140968844771734,25.0,RB,35.0,37.91701212197583,38.3215820436055,25.0,-0.6399553478032516,0.6399553478032516,-2.91701212197583,2.91701212197583,-2.2770567741725785,-0.14096884477173433,0.14096884477173433,-3.3215820436055026,3.3215820436055026,-3.1806131988337683
2023.0,Romeo Doubs,WR,1.0,1.0,1.0,0.0,WR,1.0,2.413116724790131,2.817686646419802,0.0,0.0,0.0,-1.413116724790131,1.413116724790131,-1.413116724790131,0.0,0.0,-1.8176866464198018,1.8176866464198018,-1.8176866464198018
2023.0,Rondale Moore,WR,2.0,1.6933184334878226,1.6833312225592925,2.0,WR,2.0,1.149095640844861,1.5536655624745317,2.0,0.3066815665121774,0.3066815665121774,0.8509043591551391,0.8509043591551391,-0.5442227926429617,0.31666877744070754,0.31666877744070754,0.4463344375254683,0.4463344375254683,-0.12966566008476077
2023.0,Roschon Johnson,RB,1.0,1.0,1.0,0.0,RB,1.0,4.313747776267519,4.71831769789719,0.0,0.0,0.0,-3.313747776267519,3.313747776267519,-3.313747776267519,0.0,0.0,-3.7183176978971897,3.7183176978971897,-3.7183176978971897
2023.0,Sam Laporta,TE,1.0,3.1366803063765025,3.1059015532438794,0.0,TE,1.0,3.449932535958865,3.8545024575885356,0.0,-2.1366803063765025,2.1366803063765025,-2.449932535958865,2.449932535958865,-0.3132522295823623,-2.1059015532438794,2.1059015532438794,-2.8545024575885356,2.8545024575885356,-0.7486009043446562
2023.0,Samaje Perine,RB,7.0,9.460894128215353,9.339015449932766,2.0,RB,7.0,9.147461752506572,9.552031674136243,2.0,-2.4608941282153527,2.4608941282153527,-2.1474617525065725,2.1474617525065725,0.31343237570878024,-2.3390154499327664,2.3390154499327664,-2.552031674136243,2.552031674136243,-0.21301622420347677
2023.0,Skyy Moore,WR,12.0,7.257856550157722,7.167712497572098,5.0,WR,12.0,6.323257162556792,6.727827084186463,5.0,4.742143449842278,4.742143449842278,5.676742837443208,5.676742837443208,-0.9345993876009304,4.832287502427902,4.832287502427902,5.272172915813537,5.272172915813537,-0.43988541338563536
2023.0,Stefon Diggs,WR,84.0,77.6301700316592,76.52631697564674,76.0,WR,84.0,75.34389022543779,75.74846014706746,76.0,6.369829968340795,6.369829968340795,8.65610977456221,8.65610977456221,-2.2862798062214154,7.473683024353264,7.473683024353264,8.251539852932538,8.251539852932538,-0.7778568285792744
2023.0,Tank Bigsby,RB,4.0,1.0,1.0,0.0,RB,4.0,6.218926492936762,6.623496414566433,0.0,3.0,3.0,-2.2189264929367623,2.2189264929367623,0.7810735070632377,3.0,3.0,-2.623496414566433,2.623496414566433,0.376503585433567
2023.0,Tee Higgins,WR,44.0,52.642669152948656,51.89875956562069,56.0,WR,44.0,50.48519795747127,50.889767879100944,56.0,-8.642669152948656,8.642669152948656,-6.4851979574712715,6.4851979574712715,2.1574711954773846,-7.8987595656206935,7.8987595656206935,-6.889767879100944,6.889767879100944,1.0089916865197495
2023.0,Terry Mclaurin,WR,25.0,22.642358512688727,22.33060162145804,15.0,WR,25.0,21.394427222676413,21.79899714430608,15.0,2.357641487311273,2.357641487311273,3.6055727773235873,3.6055727773235873,-1.247931290012314,2.6693983785419597,2.6693983785419597,3.2010028556939183,3.2010028556939183,-0.5316044771519586
2023.0,Tj Hockenson,TE,21.0,26.097559791288273,25.73603093049332,23.0,TE,21.0,23.922473713902427,24.327043635532096,23.0,-5.097559791288273,5.097559791288273,-2.922473713902427,2.922473713902427,2.1750860773858456,-4.736030930493321,4.736030930493321,-3.327043635532096,3.327043635532096,1.408987294961225
2023.0,Travis Etienne,RB,69.0,56.39600619619984,55.59803001129385,46.0,RB,69.0,55.70029313686785,56.10486305849752,46.0,12.603993803800158,12.603993803800158,13.299706863132151,13.299706863132151,-0.6957130593319931,13.40196998870615,13.40196998870615,12.895136941502479,12.895136941502479,0.5068330472036706
2023.0,Trevor Lawrence,QB,6.0,12.802297964667614,12.632286562228005,9.0,QB,6.0,11.664605386425448,12.069175308055119,9.0,-6.8022979646676145,6.8022979646676145,-5.664605386425448,5.664605386425448,1.1376925782421665,-6.632286562228005,6.632286562228005,-6.069175308055119,6.069175308055119,0.5631112541728864
2023.0,Treylon Burks,WR,4.0,7.5525533616914835,7.458164219007869,4.0,WR,4.0,6.83550601473393,7.240075936363601,4.0,-3.5525533616914835,3.5525533616914835,-2.83550601473393,2.83550601473393,0.7170473469575533,-3.4581642190078687,3.4581642190078687,-3.240075936363601,3.240075936363601,0.21808828264426783
2023.0,Tua Tagovailoa,QB,15.0,5.373056041660322,5.310062428652467,2.0,QB,15.0,3.6486137690999367,4.0531836907296075,2.0,9.626943958339677,9.626943958339677,11.351386230900063,11.351386230900063,-1.7244422725603865,9.689937571347533,9.689937571347533,10.946816309270393,10.946816309270393,-1.2568787379228592
2023.0,Tyjae Spears,RB,1.0,1.0,1.0,0.0,RB,1.0,3.115802565473185,3.520372487102856,0.0,0.0,0.0,-2.115802565473185,2.115802565473185,-2.115802565473185,0.0,0.0,-2.520372487102856,2.520372487102856,-2.520372487102856
2023.0,Tyler Allgeier,RB,3.0,1.0,1.0,0.0,RB,3.0,3.137431319510937,3.542001241140608,0.0,2.0,2.0,-0.13743131951093712,0.13743131951093712,1.8625686804890629,2.0,2.0,-0.5420012411406079,0.5420012411406079,1.4579987588593921
2023.0,Tyler Boyd,WR,3.0,1.0,1.0,0.0,WR,3.0,1.494913829609602,1.8994837512392728,0.0,2.0,2.0,1.505086170390398,1.505086170390398,0.49491382960960206,2.0,2.0,1.1005162487607272,1.1005162487607272,0.8994837512392728
2023.0,Tyler Higbee,TE,1.0,1.1047041905507997,1.1031959328936778,0.0,TE,1.0,1.3522616403062184,1.7568315619358892,0.0,-0.10470419055079971,0.10470419055079971,-0.3522616403062184,0.3522616403062184,-0.2475574497554187,-0.10319593289367779,0.10319593289367779,-0.7568315619358892,0.7568315619358892,-0.6536356290422114
2023.0,Tyler Lockett,WR,19.0,19.501844231566892,19.23532626235915,12.0,WR,19.0,17.72968862528316,18.134258546912832,12.0,-0.5018442315668921,0.5018442315668921,1.2703113747168402,1.2703113747168402,-0.7684671431499481,-0.23532626235914833,0.23532626235914833,0.8657414530871677,0.8657414530871677,-0.6304151907280193
2023.0,Tyreek Hill,WR,88.0,89.99951321963641,88.71748050836186,93.0,WR,88.0,89.15150883614626,89.55607875777594,93.0,-1.9995132196364125,1.9995132196364125,-1.151508836146263,1.151508836146263,0.8480043834901494,-0.7174805083618594,0.7174805083618594,-1.5560787577759356,1.5560787577759356,-0.8385982494140762
2023.0,Zach Charbonnet,RB,6.0,1.8476115417548602,1.8354017477495619,0.0,RB,6.0,10.227729367172085,10.632299288801756,0.0,4.15238845824514,4.15238845824514,-4.227729367172085,4.227729367172085,-0.075340908926945,4.164598252250438,4.164598252250438,-4.632299288801756,4.632299288801756,-0.46770103655131745
2023.0,Zay Flowers,WR,14.0,11.07477986010714,10.929653253541638,2.0,WR,14.0,12.881825440589319,13.28639536221899,2.0,2.9252201398928595,2.9252201398928595,1.1181745594106811,1.1181745594106811,1.8070455804821783,3.0703467464583625,3.0703467464583625,0.7136046377810104,0.7136046377810104,2.356742108677352
2023.0,Zay Jones,WR,1.0,1.0,1.0,0.0,WR,1.0,1.7571136321059284,2.161683553735599,0.0,0.0,0.0,-0.7571136321059284,0.7571136321059284,-0.7571136321059284,0.0,0.0,-1.1616835537355992,1.1616835537355992,-1.1616835537355992
2024.0,Aaron Jones,RB,32.0,29.259577955923568,28.77845331969562,12.0,RB,32.0,27.51228399755868,27.276594188134244,12.0,2.740422044076432,2.740422044076432,4.487716002441321,4.487716002441321,-1.7472939583648888,3.2215466803043817,3.2215466803043817,4.7234058118657565,4.7234058118657565,-1.5018591315613747
2024.0,Aaron Rodgers,QB,3.0,1.0,1.0,2.0,QB,3.0,1.235689809424434,1.0,2.0,2.0,2.0,1.764310190575566,1.764310190575566,0.23568980942443396,2.0,2.0,2.0,2.0,0.0
2024.0,Adam Thielen,WR,2.0,1.0,1.0,0.0,WR,2.0,1.3697744851013072,1.1340846756768732,0.0,1.0,1.0,0.6302255148986928,0.6302255148986928,0.36977448510130717,1.0,1.0,0.8659153243231268,0.8659153243231268,0.1340846756768732
2024.0,Adonai Mitchell,WR,2.0,2.1743380570727977,2.1543447305128955,0.0,WR,2.0,3.306831105642054,3.07114129621762,0.0,-0.1743380570727977,0.1743380570727977,-1.306831105642054,1.306831105642054,-1.1324930485692564,-0.15434473051289554,0.15434473051289554,-1.07114129621762,1.07114129621762,-0.9167965657047246
2024.0,Aj Brown,WR,66.0,81.61869785924972,80.2461493469825,84.0,WR,66.0,79.1060567253877,78.87036691596327,84.0,-15.618697859249721,15.618697859249721,-13.106056725387702,13.106056725387702,2.5126411338620187,-14.246149346982506,14.246149346982506,-12.870366915963274,12.870366915963274,1.375782431019232
2024.0,Alvin Kamara,RB,46.0,56.67743795792223,55.72951909213484,51.0,RB,46.0,53.86796721094917,53.63227740152473,51.0,-10.67743795792223,10.67743795792223,-7.867967210949168,7.867967210949168,2.809470746973062,-9.729519092134836,9.729519092134836,-7.632277401524732,7.632277401524732,2.0972416906101046
2024.0,Amari Cooper,WR,20.0,23.63920632226607,23.253769571466805,17.0,WR,20.0,24.17489119016249,23.939201380738055,17.0,-3.6392063222660695,3.6392063222660695,-4.174891190162491,4.174891190162491,-0.5356848678964212,-3.2537695714668047,3.2537695714668047,-3.939201380738055,3.939201380738055,-0.6854318092712504
2024.0,Anthony Richardson,QB,17.0,16.810222091394323,16.54105008308375,16.0,QB,17.0,15.49062696436845,15.254937154944017,16.0,0.18977790860567723,0.18977790860567723,1.5093730356315493,1.5093730356315493,-1.3195951270258721,0.4589499169162501,0.4589499169162501,1.7450628450559833,1.7450628450559833,-1.2861129281397332
2024.0,Antonio Gibson,RB,1.0,1.2962578629700352,1.2912140170649957,0.0,RB,1.0,2.0232842053042264,1.7875943958797924,0.0,-0.2962578629700352,0.2962578629700352,-1.0232842053042264,1.0232842053042264,-0.7270263423341912,-0.2912140170649957,0.2912140170649957,-0.7875943958797924,0.7875943958797924,-0.4963803788147967
2024.0,Austin Ekeler,RB,7.0,14.083384955634395,13.860637863047673,5.0,RB,7.0,12.028718325354106,11.793028515929672,5.0,-7.083384955634395,7.083384955634395,-5.028718325354106,5.028718325354106,2.0546666302802894,-6.860637863047673,6.860637863047673,-4.793028515929672,4.793028515929672,2.067609347118001
2024.0,Bijan Robinson,RB,96.0,104.24209926862741,102.48438308717905,98.0,RB,96.0,99.20635934627686,98.97066953685243,98.0,-8.242099268627413,8.242099268627413,-3.206359346276855,3.206359346276855,5.035739922350558,-6.484383087179054,6.484383087179054,-2.9706695368524265,2.9706695368524265,3.513713550326628
2024.0,Blake Corum,RB,9.0,8.09211617076489,7.971371557449447,2.0,RB,9.0,7.293821065266616,7.0581312558421825,2.0,0.9078838292351108,0.9078838292351108,1.7061789347333836,1.7061789347333836,-0.7982951054982728,1.028628442550553,1.028628442550553,1.9418687441578175,1.9418687441578175,-0.9132403016072645
2024.0,Brandin Cooks,WR,1.0,1.4340718224252977,1.4266816679089456,0.0,WR,1.0,2.247546133804241,2.011856324379807,0.0,-0.43407182242529774,0.43407182242529774,-1.2475461338042408,1.2475461338042408,-0.8134743113789431,-0.42668166790894557,0.42668166790894557,-1.0118563243798069,1.0118563243798069,-0.5851746564708613
2024.0,Brian Robinson,RB,20.0,19.204166932273253,18.89423756224574,8.0,RB,20.0,19.74422767356126,19.508537864136823,8.0,0.7958330677267469,0.7958330677267469,0.25577232643874126,0.25577232643874126,0.5400607412880056,1.1057624377542616,1.1057624377542616,0.491462135863177,0.491462135863177,0.6143003018910846
2024.0,Brian Thomas,WR,3.0,8.724318500567351,8.592810523537734,2.0,WR,3.0,10.563256651709098,10.327566842284664,2.0,-5.724318500567351,5.724318500567351,-7.563256651709098,7.563256651709098,-1.8389381511417469,-5.592810523537734,5.592810523537734,-7.327566842284664,7.327566842284664,-1.7347563187469301
2024.0,Brock Bowers,TE,11.0,6.052626085750711,5.966604175186647,2.0,TE,11.0,7.3357634039445365,7.100073594520103,2.0,4.947373914249289,4.947373914249289,3.6642365960554635,3.6642365960554635,1.283137318193826,5.033395824813353,5.033395824813353,3.8999264054798974,3.8999264054798974,1.1334694193334558
2024.0,Brock Purdy,QB,3.0,4.006686538991981,3.9554971344799874,4.0,QB,3.0,3.379272144344881,3.1435823349204473,4.0,-1.006686538991981,1.006686538991981,-0.3792721443448812,0.3792721443448812,0.6274143946470998,-0.9554971344799874,0.9554971344799874,-0.14358233492044725,0.14358233492044725,0.8119147995595402
2024.0,Bucky Irving,RB,2.0,1.2854195620783488,1.2805602402869383,0.0,RB,2.0,2.9478452138300533,2.7121554044056193,0.0,0.7145804379216512,0.7145804379216512,-0.9478452138300533,0.9478452138300533,-0.2332647759084021,0.7194397597130617,0.7194397597130617,-0.7121554044056193,0.7121554044056193,0.007284355307442425
2024.0,Caleb Williams,QB,3.0,4.035756053991598,3.984071735512689,0.0,QB,3.0,3.7109265090870753,3.4752366996626414,0.0,-1.035756053991598,1.035756053991598,-0.7109265090870753,0.7109265090870753,0.32482954490452265,-0.9840717355126891,0.9840717355126891,-0.47523669966264137,0.47523669966264137,0.5088350358500477
2024.0,Calvin Ridley,WR,28.0,24.02523846590949,23.633229445171427,26.0,WR,28.0,23.955312394690665,23.71962258526623,26.0,3.9747615340905114,3.9747615340905114,4.044687605309335,4.044687605309335,-0.06992607121882344,4.366770554828573,4.366770554828573,4.2803774147337705,4.2803774147337705,0.08639314009480259
2024.0,Ceedee Lamb,WR,88.0,96.84384552451765,95.21208600621934,97.0,WR,88.0,95.90291068526635,95.66722087584192,97.0,-8.843845524517647,8.843845524517647,-7.902910685266349,7.902910685266349,0.9409348392512982,-7.212086006219337,7.212086006219337,-7.66722087584192,7.66722087584192,-0.455134869622583
2024.0,Chase Brown,RB,9.0,11.943211640303794,11.756901401424129,2.0,RB,9.0,12.455102311106169,12.219412501681735,2.0,-2.943211640303794,2.943211640303794,-3.4551023111061685,3.4551023111061685,-0.5118906708023747,-2.7569014014241287,2.7569014014241287,-3.2194125016817345,3.2194125016817345,-0.4625111002576059
2024.0,Chris Godwin,WR,10.0,21.26891646415008,20.923834344531773,19.0,WR,10.0,20.854438604024388,20.618748794599952,19.0,-11.268916464150081,11.268916464150081,-10.854438604024388,10.854438604024388,0.4144778601256931,-10.923834344531773,10.923834344531773,-10.618748794599952,10.618748794599952,0.305085549931821
2024.0,Chris Olave,WR,47.0,61.579278216406784,60.54790459715883,65.0,WR,47.0,58.054850676383346,57.81916086695891,65.0,-14.579278216406784,14.579278216406784,-11.054850676383346,11.054850676383346,3.5244275400234386,-13.547904597158833,13.547904597158833,-10.81916086695891,10.81916086695891,2.7287437301999233
2024.0,Christian Kirk,WR,11.0,16.814397167180267,16.545154077418232,10.0,WR,11.0,16.90105864735634,16.665368837931904,10.0,-5.8143971671802674,5.8143971671802674,-5.90105864735634,5.90105864735634,-0.08666148017607256,-5.545154077418232,5.545154077418232,-5.665368837931904,5.665368837931904,-0.1202147605136723
2024.0,Christian Mccaffrey,RB,108.0,116.85820192517401,114.88569422027429,100.0,RB,108.0,114.81823153599385,114.58254172656942,100.0,-8.858201925174015,8.858201925174015,-6.818231535993846,6.818231535993846,2.0399703891801693,-6.885694220274289,6.885694220274289,-6.582541726569417,6.582541726569417,0.3031524937048715
2024.0,Christian Watson,WR,13.0,10.853815854137428,10.686052783660104,6.0,WR,13.0,10.838939133009955,10.603249323585521,6.0,2.1461841458625717,2.1461841458625717,2.161060866990045,2.161060866990045,-0.014876721127473402,2.313947216339896,2.313947216339896,2.396750676414479,2.396750676414479,-0.08280346007458306
2024.0,Chuba Hubbard,RB,3.0,4.809423552970101,4.744567399632654,2.0,RB,3.0,6.4042478768058215,6.168558067381388,2.0,-1.8094235529701006,1.8094235529701006,-3.4042478768058215,3.4042478768058215,-1.594824323835721,-1.744567399632654,1.744567399632654,-3.1685580673813876,3.1685580673813876,-1.4239906677487335
2024.0,Cj Stroud,QB,21.0,16.197309442508107,15.938572387461694,16.0,QB,21.0,14.432700416030873,14.197010606606439,16.0,4.802690557491893,4.802690557491893,6.5672995839691275,6.5672995839691275,-1.7646090264772347,5.061427612538306,5.061427612538306,6.8029893933935615,6.8029893933935615,-1.741561780855255
2024.0,Cole Kmet,TE,2.0,1.0,1.0,0.0,TE,2.0,1.235689809424434,1.0,0.0,1.0,1.0,0.764310190575566,0.764310190575566,0.23568980942443396,1.0,1.0,1.0,1.0,0.0
2024.0,Cooper Kupp,WR,62.0,38.94513607275457,38.29911298571136,30.0,WR,62.0,38.682026394531015,38.44633658510658,30.0,23.054863927245428,23.054863927245428,23.317973605468985,23.317973605468985,-0.26310967822355735,23.70088701428864,23.70088701428864,23.55366341489342,23.55366341489342,0.14722359939521823
2024.0,Courtland Sutton,WR,4.0,8.162702468921577,8.040756110587992,5.0,WR,4.0,8.583113515888419,8.347423706463985,5.0,-4.162702468921577,4.162702468921577,-4.583113515888419,4.583113515888419,-0.4204110469668425,-4.040756110587992,4.040756110587992,-4.347423706463985,4.347423706463985,-0.306667595875993
2024.0,Curtis Samuel,WR,2.0,1.9275298179769504,1.9117384481638284,0.0,WR,2.0,2.950517631475844,2.71482782205141,0.0,0.07247018202304956,0.07247018202304956,-0.9505176314758441,0.9505176314758441,-0.8780474494527946,0.08826155183617157,0.08826155183617157,-0.7148278220514102,0.7148278220514102,-0.6265662702152386
2024.0,D'Andre Swift,RB,32.0,28.220801947870942,27.757362668790794,14.0,RB,32.0,28.109285295289016,27.87359548586458,14.0,3.7791980521290576,3.7791980521290576,3.890714704710984,3.890714704710984,-0.11151665258192622,4.242637331209206,4.242637331209206,4.1264045141354195,4.1264045141354195,0.11623281707378652
2024.0,Dak Prescott,QB,7.0,11.978104226420445,11.791199934691562,14.0,QB,7.0,12.18142156637936,11.945731756954926,14.0,-4.978104226420445,4.978104226420445,-5.18142156637936,5.18142156637936,-0.20331733995891454,-4.791199934691562,4.791199934691562,-4.945731756954926,4.945731756954926,-0.1545318222633636
2024.0,Dallas Goedert,TE,1.0,3.106389295921166,3.0705276215063826,2.0,TE,1.0,2.9700454357328967,2.7343556263084627,2.0,-2.106389295921166,2.106389295921166,-1.9700454357328967,1.9700454357328967,0.13634386018826916,-2.0705276215063826,2.0705276215063826,-1.7343556263084627,1.7343556263084627,0.33617199519791985
2024.0,Dalton Schultz,TE,1.0,1.0,1.0,0.0,TE,1.0,1.235689809424434,1.0,0.0,0.0,0.0,-0.23568980942443396,0.23568980942443396,-0.23568980942443396,0.0,0.0,0.0,0.0,0.0
2024.0,Darnell Mooney,WR,1.0,1.0,1.0,0.0,WR,1.0,1.235689809424434,1.0,0.0,0.0,0.0,-0.23568980942443396,0.23568980942443396,-0.23568980942443396,0.0,0.0,0.0,0.0,0.0
2024.0,Davante Adams,WR,39.0,61.00481854064798,59.98322520555566,63.0,WR,39.0,58.18567129668425,57.94998148725981,63.0,-22.00481854064798,22.00481854064798,-19.185671296684248,19.185671296684248,2.8191472439637337,-20.983225205555662,20.983225205555662,-18.949981487259812,18.949981487259812,2.03324371829585
2024.0,David Montgomery,RB,37.0,23.906573488164188,23.516584761017906,7.0,RB,37.0,22.628639010328435,22.392949200904,7.0,13.093426511835812,13.093426511835812,14.371360989671565,14.371360989671565,-1.2779344778357533,13.483415238982094,13.483415238982094,14.607050799096001,14.607050799096001,-1.1236355601139074
2024.0,David Njoku,TE,10.0,4.783432454006381,4.719018804023145,2.0,TE,10.0,5.260184731898403,5.024494922473969,2.0,5.216567545993619,5.216567545993619,4.739815268101597,4.739815268101597,0.4767522778920217,5.280981195976855,5.280981195976855,4.975505077526031,4.975505077526031,0.3054761184508239
2024.0,Deandre Hopkins,WR,9.0,7.673122446032635,7.559511279780981,4.0,WR,9.0,8.731382573205295,8.49569276378086,4.0,1.326877553967365,1.326877553967365,0.26861742679470524,0.26861742679470524,1.0582601271726597,1.4404887202190189,1.4404887202190189,0.5043072362191392,0.5043072362191392,0.9361814839998797
2024.0,Deebo Samuel,WR,55.0,48.40156928930461,47.59454864601966,44.0,WR,55.0,46.121052248905706,45.88536243948127,44.0,6.598430710695389,6.598430710695389,8.878947751094294,8.878947751094294,-2.2805170403989052,7.4054513539803395,7.4054513539803395,9.11463756051873,9.11463756051873,-1.7091862065383907
2024.0,Derrick Henry,RB,78.0,68.67396914676115,67.5218070784309,56.0,RB,78.0,69.51307050306461,69.27738069364018,56.0,9.326030853238848,9.326030853238848,8.486929496935389,8.486929496935389,0.8391013563034591,10.478192921569104,10.478192921569104,8.722619306359817,8.722619306359817,1.7555736152092862
2024.0,Devin Singletary,RB,16.0,14.925935290144427,14.688843619452994,4.0,RB,16.0,18.314605100813925,18.07891529138949,4.0,1.0740647098555733,1.0740647098555733,-2.3146051008139246,2.3146051008139246,-1.2405403909583512,1.311156380547006,1.311156380547006,-2.078915291389489,2.078915291389489,-0.7677589108424829
2024.0,Devon Achane,RB,72.0,57.05320478148587,56.09888841476709,33.0,RB,72.0,52.390943986851475,52.15525417742704,33.0,14.946795218514133,14.946795218514133,19.609056013148525,19.609056013148525,-4.662260794634392,15.901111585232911,15.901111585232911,19.84474582257296,19.84474582257296,-3.9436342373400493
2024.0,Devonta Smith,WR,40.0,38.081666737998006,37.45034437897793,33.0,WR,40.0,36.63932099562053,36.403631186196094,33.0,1.918333262001994,1.918333262001994,3.3606790043794703,3.3606790043794703,-1.4423457423774764,2.549655621022069,2.549655621022069,3.596368813803906,3.596368813803906,-1.0467131927818372
2024.0,Diontae Johnson,WR,8.0,15.962824964871835,15.708080052212676,12.0,WR,8.0,15.473032999892007,15.237343190467573,12.0,-7.962824964871835,7.962824964871835,-7.473032999892007,7.473032999892007,0.4897919649798279,-7.708080052212676,7.708080052212676,-7.237343190467573,7.237343190467573,0.47073686174510243
2024.0,Dj Moore,WR,30.0,42.73304157927248,42.022528687684705,42.0,WR,30.0,40.999174378599676,40.76348456917524,42.0,-12.73304157927248,12.73304157927248,-10.999174378599676,10.999174378599676,1.7338672006728046,-12.022528687684705,12.022528687684705,-10.76348456917524,10.76348456917524,1.2590441185094647
2024.0,Dk Metcalf,WR,48.0,46.27105036821214,45.500302210754334,46.0,WR,48.0,43.82005619426668,43.58436638484224,46.0,1.728949631787863,1.728949631787863,4.179943805733323,4.179943805733323,-2.4509941739454604,2.4996977892456655,2.4996977892456655,4.415633615157759,4.415633615157759,-1.9159358259120935
2024.0,Dontayvion Wicks,WR,1.0,1.0,1.0,0.0,WR,1.0,1.6827918018580132,1.4471019924335793,0.0,0.0,0.0,-0.6827918018580132,0.6827918018580132,-0.6827918018580132,0.0,0.0,-0.4471019924335793,0.4471019924335793,-0.4471019924335793
2024.0,Drake London,WR,49.0,57.0812748516196,56.12648058667095,56.0,WR,49.0,55.0104149619929,54.774725152568465,56.0,-8.081274851619597,8.081274851619597,-6.0104149619929,6.0104149619929,2.0708598896266963,-7.126480586670951,7.126480586670951,-5.774725152568465,5.774725152568465,1.3517554341024862
2024.0,Evan Engram,TE,9.0,17.790599544959544,17.504736425888282,17.0,TE,9.0,16.466247151955024,16.230557342530588,17.0,-8.790599544959544,8.790599544959544,-7.466247151955024,7.466247151955024,1.3243523930045207,-8.504736425888282,8.504736425888282,-7.230557342530588,7.230557342530588,1.2741790833576943
2024.0,Ezekiel Elliott,RB,8.0,8.784237128617573,8.651709025662193,2.0,RB,8.0,11.40375319592109,11.168063386496655,2.0,-0.7842371286175727,0.7842371286175727,-3.403753195921089,3.403753195921089,-2.6195160673035165,-0.6517090256621927,0.6517090256621927,-3.168063386496655,3.168063386496655,-2.5163543608344625
2024.0,George Kittle,TE,16.0,15.2089937099224,14.967082916331844,10.0,TE,16.0,14.942402959656278,14.706713150231844,10.0,0.7910062900776005,0.7910062900776005,1.0575970403437225,1.0575970403437225,-0.266590750266122,1.0329170836681563,1.0329170836681563,1.2932868497681564,1.2932868497681564,-0.2603697661000002
2024.0,Gus Edwards,RB,7.0,7.4583221792512875,7.348368027990375,2.0,RB,7.0,12.212909253704087,11.977219444279653,2.0,-0.4583221792512875,0.4583221792512875,-5.212909253704087,5.212909253704087,-4.754587074452799,-0.34836802799037514,0.34836802799037514,-4.977219444279653,4.977219444279653,-4.628851416289278
2024.0,Isiah Pacheco,RB,61.0,73.81043057634282,72.57081928493285,70.0,RB,61.0,71.30941056537283,71.0737207559484,70.0,-12.810430576342824,12.810430576342824,-10.30941056537283,10.30941056537283,2.501020010969995,-11.570819284932853,11.570819284932853,-10.0737207559484,10.0737207559484,1.497098528984452
2024.0,Jake Ferguson,TE,8.0,5.926084101812159,5.842216592353623,2.0,TE,8.0,5.909197067835172,5.673507258410738,2.0,2.073915898187841,2.073915898187841,2.090802932164828,2.090802932164828,-0.016887033976987098,2.1577834076463773,2.1577834076463773,2.326492741589262,2.326492741589262,-0.16870933394288468
2024.0,Jakobi Meyers,WR,3.0,3.6435983088229014,3.59859054980226,2.0,WR,3.0,3.8452887940570726,3.6095989846326386,2.0,-0.6435983088229014,0.6435983088229014,-0.8452887940570726,0.8452887940570726,-0.2016904852341712,-0.5985905498022599,0.5985905498022599,-0.6095989846326386,0.6095989846326386,-0.011008434830378722
2024.0,Jaleel Mclaughlin,RB,1.0,1.0,1.0,0.0,RB,1.0,2.076267575385438,1.840577765961004,0.0,0.0,0.0,-1.076267575385438,1.076267575385438,-1.076267575385438,0.0,0.0,-0.8405777659610041,0.8405777659610041,-0.8405777659610041
2024.0,Jalen Hurts,QB,27.0,33.590747472948145,33.035883860095346,37.0,QB,27.0,34.51890269572406,34.28321288629962,37.0,-6.590747472948145,6.590747472948145,-7.518902695724059,7.518902695724059,-0.9281552227759136,-6.035883860095346,6.035883860095346,-7.283212886299623,7.283212886299623,-1.2473290262042767
2024.0,James Cook,RB,44.0,58.03995217097822,57.06883624414007,49.0,RB,44.0,55.21767438194132,54.981984572516886,49.0,-14.039952170978218,14.039952170978218,-11.217674381941322,11.217674381941322,2.822277789036896,-13.068836244140073,13.068836244140073,-10.981984572516886,10.981984572516886,2.0868516716231866
2024.0,Jameson Williams,WR,7.0,5.867754280109263,5.78487984684924,2.0,WR,7.0,5.887172998972105,5.651483189547671,2.0,1.1322457198907374,1.1322457198907374,1.1128270010278953,1.1128270010278953,0.019418718862842077,1.2151201531507603,1.2151201531507603,1.3485168104523293,1.3485168104523293,-0.13339665730156902
2024.0,Javonte Williams,RB,17.0,19.784938530387052,19.465121414537226,6.0,RB,17.0,21.653624418705586,21.41793460928115,6.0,-2.784938530387052,2.784938530387052,-4.653624418705586,4.653624418705586,-1.8686858883185344,-2.4651214145372258,2.4651214145372258,-4.417934609281151,4.417934609281151,-1.952813194743925
2024.0,Jaxon Smith Njigba,WR,17.0,12.474179948964451,12.278829874643813,9.0,WR,17.0,12.165005038851486,11.929315229427052,9.0,4.525820051035549,4.525820051035549,4.834994961148514,4.834994961148514,-0.30917491011296505,4.721170125356187,4.721170125356187,5.070684770572948,5.070684770572948,-0.349514645216761
2024.0,Jayden Daniels,QB,3.0,5.348511114192203,5.274476893609996,2.0,QB,3.0,4.973538979004613,4.737849169580179,2.0,-2.3485111141922026,2.3485111141922026,-1.973538979004613,1.973538979004613,0.37497213518758965,-2.2744768936099957,2.2744768936099957,-1.737849169580179,1.737849169580179,0.5366277240298167
2024.0,Jayden Reed,WR,8.0,13.633702023165961,13.418610867183785,7.0,WR,8.0,13.512513609783843,13.27682380035941,7.0,-5.633702023165961,5.633702023165961,-5.512513609783843,5.512513609783843,0.12118841338211794,-5.418610867183785,5.418610867183785,-5.276823800359409,5.276823800359409,0.14178706682437614
2024.0,Jaylen Waddle,WR,40.0,36.70088968429589,36.09307531462762,30.0,WR,40.0,36.60942769542894,36.373737886004506,30.0,3.2991103157041124,3.2991103157041124,3.3905723045710587,3.3905723045710587,-0.09146198886694634,3.906924685372381,3.906924685372381,3.6262621139954945,3.6262621139954945,0.28066257137688666
2024.0,Jaylen Warren,RB,11.0,19.219323001556198,18.90913559659512,7.0,RB,11.0,15.195229969277703,14.959540159853269,7.0,-8.219323001556198,8.219323001556198,-4.195229969277703,4.195229969277703,4.024093032278495,-7.909135596595121,7.909135596595121,-3.959540159853269,3.959540159853269,3.949595436741852
2024.0,Jaylen Wright,RB,1.0,1.0,1.0,0.0,RB,1.0,1.235689809424434,1.0,0.0,0.0,0.0,-0.23568980942443396,0.23568980942443396,-0.23568980942443396,0.0,0.0,0.0,0.0,0.0
2024.0,Jerome Ford,RB,14.0,6.818232145001132,6.7191756471079405,2.0,RB,14.0,9.742116796615566,9.506426987191132,2.0,7.181767854998868,7.181767854998868,4.257883203384434,4.257883203384434,2.9238846516144337,7.2808243528920595,7.2808243528920595,4.493573012808868,4.493573012808868,2.7872513400831913
2024.0,Jerry Jeudy,WR,3.0,2.35387557244705,2.3308255858794005,1.0,WR,3.0,2.3018691689726802,2.0661793595482463,1.0,0.6461244275529499,0.6461244275529499,0.6981308310273198,0.6981308310273198,-0.05200640347436991,0.6691744141205995,0.6691744141205995,0.9338206404517537,0.9338206404517537,-0.2646462263311542
2024.0,Jk Dobbins,RB,7.0,3.972270053433569,3.921666596069136,2.0,RB,7.0,5.2493718633516595,5.0136820539272255,2.0,3.027729946566431,3.027729946566431,1.7506281366483405,1.7506281366483405,1.2771018099180904,3.078333403930864,3.078333403930864,1.9863179460727745,1.9863179460727745,1.0920154578580896
2024.0,Joe Burrow,QB,17.0,13.547546711699704,13.333922366119047,15.0,QB,17.0,12.539871018469297,12.304181209044863,15.0,3.452453288300296,3.452453288300296,4.460128981530703,4.460128981530703,-1.0076756932304072,3.6660776338809526,3.6660776338809526,4.695818790955137,4.695818790955137,-1.0297411570741843
2024.0,Joe Mixon,RB,52.0,53.76805020058443,52.86966420922915,47.0,RB,52.0,54.17414172957688,53.938451920152445,47.0,-1.7680502005844332,1.7680502005844332,-2.1741417295768812,2.1741417295768812,-0.40609152899244805,-0.8696642092291498,0.8696642092291498,-1.9384519201524455,1.9384519201524455,-1.0687877109232957
2024.0,Jonathan Taylor,RB,102.0,94.24387677278146,92.65638221207857,90.0,RB,102.0,92.37106591432476,92.13537610490033,90.0,7.756123227218538,7.756123227218538,9.62893408567524,9.62893408567524,-1.8728108584567025,9.343617787921431,9.343617787921431,9.864623895099669,9.864623895099669,-0.5210061071782377
2024.0,Jordan Addison,WR,5.0,8.699624304294396,8.56853675060646,6.0,WR,5.0,9.144907025782516,8.909217216358082,6.0,-3.699624304294396,3.699624304294396,-4.144907025782516,4.144907025782516,-0.44528272148811965,-3.5685367506064605,3.5685367506064605,-3.9092172163580816,3.9092172163580816,-0.34068046575162114
2024.0,Jordan Love,QB,6.0,6.431443739205958,6.338972386757105,4.0,QB,6.0,5.556712761502428,5.321022952077994,4.0,-0.4314437392059576,0.4314437392059576,0.4432872384975717,0.4432872384975717,-0.011843499291614101,-0.3389723867571046,0.3389723867571046,0.6789770479220056,0.6789770479220056,-0.340004661164901
2024.0,Josh Allen,QB,36.0,36.82161980385132,36.211749981163074,38.0,QB,36.0,37.732052856645595,37.49636304722116,38.0,-0.8216198038513198,0.8216198038513198,-1.7320528566455948,1.7320528566455948,-0.910433052794275,-0.21174998116307364,0.21174998116307364,-1.496363047221159,1.496363047221159,-1.2846130660580855
2024.0,Josh Jacobs,RB,47.0,52.68756224074263,51.807571760369086,37.0,RB,47.0,52.504364349011475,52.26867453958704,37.0,-5.687562240742629,5.687562240742629,-5.504364349011475,5.504364349011475,0.18319789173115453,-4.807571760369086,4.807571760369086,-5.268674539587039,5.268674539587039,-0.46110277921795273
2024.0,Joshua Palmer,WR,2.0,1.0,1.0,0.0,WR,2.0,3.1597767511001207,2.9240869416756867,0.0,1.0,1.0,-1.1597767511001207,1.1597767511001207,-0.15977675110012068,1.0,1.0,-0.9240869416756867,0.9240869416756867,0.07591305832431328
2024.0,Justice Hill,RB,4.0,1.0,1.0,0.0,RB,4.0,1.235689809424434,1.0,0.0,3.0,3.0,2.764310190575566,2.764310190575566,0.23568980942443396,3.0,3.0,3.0,3.0,0.0
2024.0,Justin Herbert,QB,1.0,1.2887551116287579,1.2838390014781382,2.0,QB,1.0,1.235689809424434,1.0,2.0,-0.2887551116287579,0.2887551116287579,-0.23568980942443396,0.23568980942443396,0.05306530220432393,-0.28383900147813823,0.28383900147813823,0.0,0.0,0.28383900147813823
2024.0,Justin Jefferson,WR,74.0,87.46072288332131,85.98871279491432,91.0,WR,74.0,85.5453934722536,85.30970366282916,91.0,-13.46072288332131,13.46072288332131,-11.545393472253593,11.545393472253593,1.9153294110677166,-11.98871279491432,11.98871279491432,-11.309703662829165,11.309703662829165,0.6790091320851559
2024.0,Keenan Allen,WR,19.0,16.63039828120739,16.364287807127663,11.0,WR,19.0,17.218133354956137,16.9824435455317,11.0,2.369601718792609,2.369601718792609,1.7818666450438627,1.7818666450438627,0.5877350737487461,2.6357121928723366,2.6357121928723366,2.0175564544682985,2.0175564544682985,0.6181557384040381
2024.0,Keon Coleman,WR,11.0,8.986654287814961,8.850679994607306,4.0,WR,11.0,10.561466630160636,10.325776820736202,4.0,2.013345712185039,2.013345712185039,0.4385333698393641,0.4385333698393641,1.574812342345675,2.1493200053926937,2.1493200053926937,0.674223179263798,0.674223179263798,1.4750968261288957
2024.0,Khalil Herbert,RB,1.0,1.0,1.0,0.0,RB,1.0,1.397083204628004,1.16139339520357,0.0,0.0,0.0,-0.39708320462800395,0.39708320462800395,-0.39708320462800395,0.0,0.0,-0.16139339520357,0.16139339520357,-0.16139339520357
2024.0,Khalil Shakir,WR,4.0,1.0,1.0,0.0,WR,4.0,3.86142972116397,3.625739911739536,0.0,3.0,3.0,0.1385702788360299,0.1385702788360299,2.86142972116397,3.0,3.0,0.37426008826046386,0.37426008826046386,2.625739911739536
2024.0,Kirk Cousins,QB,1.0,1.2150627961389218,1.2114013115364308,2.0,QB,1.0,1.235689809424434,1.0,2.0,-0.21506279613892176,0.21506279613892176,-0.23568980942443396,0.23568980942443396,-0.020627013285512197,-0.21140131153643082,0.21140131153643082,0.0,0.0,0.21140131153643082
2024.0,Kyle Pitts,TE,10.0,13.856834205677469,13.637944182270271,9.0,TE,10.0,13.908195824062757,13.672506014638323,9.0,-3.856834205677469,3.856834205677469,-3.908195824062757,3.908195824062757,-0.051361618385287855,-3.637944182270271,3.637944182270271,-3.672506014638323,3.672506014638323,-0.03456183236805188
2024.0,Kyler Murray,QB,13.0,8.85277098749555,8.719076082687241,5.0,QB,13.0,8.043961616009224,7.80827180658479,5.0,4.14722901250445,4.14722901250445,4.9560383839907765,4.9560383839907765,-0.8088093714863263,4.280923917312759,4.280923917312759,5.19172819341521,5.19172819341521,-0.9108042761024517
2024.0,Ladd Mcconkey,WR,9.0,9.318154048341261,9.17653590928631,4.0,WR,9.0,11.270842169726663,11.035152360302229,4.0,-0.3181540483412615,0.3181540483412615,-2.270842169726663,2.270842169726663,-1.9526881213854015,-0.1765359092863097,0.1765359092863097,-2.035152360302229,2.035152360302229,-1.8586164510159193
2024.0,Lamar Jackson,QB,39.0,25.332238112570348,24.9179771767283,23.0,QB,39.0,24.676384673705165,24.44069486428073,23.0,13.667761887429652,13.667761887429652,14.323615326294835,14.323615326294835,-0.6558534388651829,14.0820228232717,14.0820228232717,14.55930513571927,14.55930513571927,-0.4772823124475707
2024.0,Malik Nabers,WR,40.0,49.95528846298116,49.12181545818531,53.0,WR,40.0,48.54844140505218,48.312751595627745,53.0,-9.955288462981159,9.955288462981159,-8.54844140505218,8.54844140505218,1.406847057928978,-9.12181545818531,9.12181545818531,-8.312751595627745,8.312751595627745,0.809063862557565
2024.0,Mark Andrews,TE,28.0,24.56145756320731,24.160319311362958,21.0,TE,28.0,23.871592183868724,23.63590237444429,21.0,3.438542436792691,3.438542436792691,4.128407816131276,4.128407816131276,-0.6898653793385847,3.839680688637042,3.839680688637042,4.364097625555711,4.364097625555711,-0.5244169369186693
2024.0,Marvin Harrison,WR,63.0,63.08119088786702,62.024246922564025,58.0,WR,63.0,62.04023308061078,61.80454327118635,58.0,-0.08119088786701667,0.08119088786701667,0.9597669193892173,0.9597669193892173,-0.8785760315222007,0.9757530774359751,0.9757530774359751,1.195456728813653,1.195456728813653,-0.219703651377678
2024.0,Matthew Stafford,QB,1.0,1.0,1.0,0.0,QB,1.0,1.235689809424434,1.0,0.0,0.0,0.0,-0.23568980942443396,0.23568980942443396,-0.23568980942443396,0.0,0.0,0.0,0.0,0.0
2024.0,Mike Evans,WR,44.0,54.06058670766489,53.15722022718935,60.0,WR,44.0,51.792813598582306,51.55712378915787,60.0,-10.06058670766489,10.06058670766489,-7.792813598582306,7.792813598582306,2.267773109082583,-9.157220227189349,9.157220227189349,-7.55712378915787,7.55712378915787,1.6000964380314784
2024.0,Mike Williams,WR,1.0,2.359455296197197,2.3363103137819894,2.0,WR,1.0,2.7032407500926103,2.4675509406681764,2.0,-1.359455296197197,1.359455296197197,-1.7032407500926103,1.7032407500926103,-0.34378545389541326,-1.3363103137819894,1.3363103137819894,-1.4675509406681764,1.4675509406681764,-0.13124062688618698
2024.0,Miles Sanders,RB,1.0,1.0,1.0,0.0,RB,1.0,1.235689809424434,1.0,0.0,0.0,0.0,-0.23568980942443396,0.23568980942443396,-0.23568980942443396,0.0,0.0,0.0,0.0,0.0
2024.0,Najee Harris,RB,28.0,23.560853807936873,23.17675102344853,8.0,RB,28.0,24.900038966010623,24.664349156586187,8.0,4.439146192063127,4.439146192063127,3.099961033989377,3.099961033989377,1.3391851580737502,4.823248976551469,4.823248976551469,3.335650843413813,3.335650843413813,1.4875981331376558
2024.0,Nathaniel Dell,WR,21.0,23.34762169896976,22.967149231290076,18.0,WR,21.0,23.172192599703965,22.93650279027953,18.0,-2.3476216989697605,2.3476216989697605,-2.1721925997039655,2.1721925997039655,0.17542909926579497,-1.967149231290076,1.967149231290076,-1.9365027902795298,1.9365027902795298,0.030646441010546255
2024.0,Nick Chubb,RB,10.0,5.959613019379956,5.875174673786037,2.0,RB,10.0,10.913218539671231,10.677528730246797,2.0,4.040386980620044,4.040386980620044,-0.9132185396712309,0.9132185396712309,3.1271684409488127,4.124825326213963,4.124825326213963,-0.6775287302467969,0.6775287302467969,3.447296595967166
2024.0,Pat Freiermuth,TE,2.0,1.0,1.0,0.0,TE,2.0,1.235689809424434,1.0,0.0,1.0,1.0,0.764310190575566,0.764310190575566,0.23568980942443396,1.0,1.0,1.0,1.0,0.0
2024.0,Patrick Mahomes,QB,33.0,26.000601684012413,25.574961732507795,23.0,QB,33.0,25.778037821282005,25.54234801185757,23.0,6.999398315987587,6.999398315987587,7.221962178717995,7.221962178717995,-0.22256386273040718,7.425038267492205,7.425038267492205,7.45765198814243,7.45765198814243,-0.032613720650225275
2024.0,Puka Nacua,WR,57.0,76.91726324648243,75.62475754381927,81.0,WR,57.0,73.90580210511537,73.67011229569094,81.0,-19.917263246482435,19.917263246482435,-16.90580210511537,16.90580210511537,3.0114611413670644,-18.62475754381927,18.62475754381927,-16.67011229569094,16.67011229569094,1.9546452481283296
2024.0,Rachaad White,RB,40.0,60.89610763195742,59.876365120556784,54.0,RB,40.0,58.35791086694537,58.12222105752093,54.0,-20.89610763195742,20.89610763195742,-18.357910866945367,18.357910866945367,2.538196765012053,-19.876365120556784,19.876365120556784,-18.12222105752093,18.12222105752093,1.7541440630358522
2024.0,Rashid Shaheed,WR,1.0,1.0,1.0,0.0,WR,1.0,2.1260772972809794,1.8903874878565454,0.0,0.0,0.0,-1.1260772972809794,1.1260772972809794,-1.1260772972809794,0.0,0.0,-0.8903874878565454,0.8903874878565454,-0.8903874878565454
2024.0,Rico Dowdle,RB,2.0,1.0,1.0,0.0,RB,2.0,5.455237169567212,5.219547360142778,0.0,1.0,1.0,-3.455237169567212,3.455237169567212,-2.455237169567212,1.0,1.0,-3.219547360142778,3.219547360142778,-2.219547360142778
2024.0,Rome Odunze,WR,13.0,12.079047514635818,11.890424644416555,5.0,WR,13.0,13.81298819494723,13.577298385522797,5.0,0.9209524853641824,0.9209524853641824,-0.8129881949472306,0.8129881949472306,0.10796429041695177,1.1095753555834449,1.1095753555834449,-0.5772983855227967,0.5772983855227967,0.5322769700606482
2024.0,Romeo Doubs,WR,2.0,1.0,1.0,0.0,WR,2.0,3.6293752910364163,3.3936854816119824,0.0,1.0,1.0,-1.6293752910364163,1.6293752910364163,-0.6293752910364163,1.0,1.0,-1.3936854816119824,1.3936854816119824,-0.39368548161198236
2024.0,Saquon Barkley,RB,97.0,89.6242822480587,88.1154371540497,88.0,RB,97.0,88.6421722410764,88.40648243165197,88.0,7.375717751941295,7.375717751941295,8.357827758923605,8.357827758923605,-0.9821100069823103,8.884562845950299,8.884562845950299,8.593517568348034,8.593517568348034,0.2910452776022652
2024.0,Stefon Diggs,WR,37.0,36.78308198433008,36.17386827527619,32.0,WR,37.0,34.803193183898166,34.56750337447373,32.0,0.21691801566991842,0.21691801566991842,2.1968068161018337,2.1968068161018337,-1.9798888004319153,0.8261317247238082,0.8261317247238082,2.4324966255262694,2.4324966255262694,-1.6063649008024612
2024.0,Taysom Hill,TE,1.0,1.0,1.0,0.0,TE,1.0,1.235689809424434,1.0,0.0,0.0,0.0,-0.23568980942443396,0.23568980942443396,-0.23568980942443396,0.0,0.0,0.0,0.0,0.0
2024.0,Tee Higgins,WR,40.0,26.31873062698837,25.88767447032309,25.0,WR,40.0,26.71658391669045,26.480894107266014,25.0,13.68126937301163,13.68126937301163,13.28341608330955,13.28341608330955,0.39785328970208056,14.112325529676909,14.112325529676909,13.519105892733986,13.519105892733986,0.5932196369429228
2024.0,Terry Mclaurin,WR,21.0,18.369357740684084,18.073641154345324,11.0,WR,21.0,18.99605915938444,18.760369349960005,11.0,2.630642259315916,2.630642259315916,2.0039408406155594,2.0039408406155594,0.6267014187003568,2.9263588456546756,2.9263588456546756,2.239630650039995,2.239630650039995,0.6867281956146805
2024.0,Tj Hockenson,TE,1.0,1.5273930164605591,1.518414051042551,2.0,TE,1.0,1.5628946563192305,1.3272048468947966,2.0,-0.5273930164605591,0.5273930164605591,-0.5628946563192305,0.5628946563192305,-0.035501639858671385,-0.518414051042551,0.518414051042551,-0.32720484689479656,0.32720484689479656,0.19120920414775444
2024.0,Tony Pollard,RB,18.0,18.00784785172421,17.718286039320503,5.0,RB,18.0,17.77654847120105,17.540858661776614,5.0,-0.007847851724211097,0.007847851724211097,0.22345152879895025,0.22345152879895025,-0.21560367707473915,0.2817139606794967,0.2817139606794967,0.459141338223386,0.459141338223386,-0.17742737754388926
2024.0,Travis Kelce,TE,46.0,37.76626355053058,37.14031099017035,39.0,TE,46.0,38.43555962563619,38.19986981621175,39.0,8.233736449469419,8.233736449469419,7.564440374363812,7.564440374363812,0.6692960751056063,8.859689009829651,8.859689009829651,7.800130183788248,7.800130183788248,1.0595588260414033
2024.0,Trevor Lawrence,QB,1.0,1.0,1.0,0.0,QB,1.0,1.235689809424434,1.0,0.0,0.0,0.0,-0.23568980942443396,0.23568980942443396,-0.23568980942443396,0.0,0.0,0.0,0.0,0.0
2024.0,Trey Benson,RB,9.0,5.455631749388367,5.379773779820183,1.0,RB,9.0,6.479154013355705,6.243464203931271,1.0,3.544368250611633,3.544368250611633,2.5208459866442947,2.5208459866442947,1.0235222639673385,3.620226220179817,3.620226220179817,2.7565357960687287,2.7565357960687287,0.8636904241110885
2024.0,Ty Chandler,RB,1.0,1.0,1.0,0.0,RB,1.0,3.479475504018866,3.243785694594432,0.0,0.0,0.0,-2.479475504018866,2.479475504018866,-2.479475504018866,0.0,0.0,-2.243785694594432,2.243785694594432,-2.243785694594432
2024.0,Tyjae Spears,RB,25.0,15.308718893556465,15.065110259935407,5.0,RB,25.0,13.959372612421411,13.723682802996978,5.0,9.691281106443535,9.691281106443535,11.040627387578589,11.040627387578589,-1.3493462811350536,9.934889740064593,9.934889740064593,11.276317197003022,11.276317197003022,-1.3414274569384297
2024.0,Tyler Allgeier,RB,2.0,1.0,1.0,0.0,RB,2.0,1.8832434057223861,1.6475535962979522,0.0,1.0,1.0,0.11675659427761387,0.11675659427761387,0.8832434057223861,1.0,1.0,0.35244640370204783,0.35244640370204783,0.6475535962979522
2024.0,Tyler Lockett,WR,2.0,3.152209694608291,3.1155679192774732,2.0,WR,2.0,3.713569654398677,3.477879844974243,2.0,-1.152209694608291,1.152209694608291,-1.7135696543986771,1.7135696543986771,-0.5613599597903862,-1.1155679192774732,1.1155679192774732,-1.4778798449742432,1.4778798449742432,-0.36231192569676995
2024.0,Tyreek Hill,WR,104.0,95.27640593233572,93.67133236825704,95.0,WR,104.0,93.54563739699132,93.3099475875669,95.0,8.72359406766428,8.72359406766428,10.454362603008676,10.454362603008676,-1.7307685353443958,10.32866763174296,10.32866763174296,10.690052412433104,10.690052412433104,-0.3613847806901447
2024.0,Xavier Legette,WR,1.0,1.0,1.0,0.0,WR,1.0,2.496099683753601,2.260409874329167,0.0,0.0,0.0,-1.496099683753601,1.496099683753601,-1.496099683753601,0.0,0.0,-1.260409874329167,1.260409874329167,-1.260409874329167
2024.0,Xavier Worthy,WR,26.0,13.101674763215307,12.895641471519227,5.0,WR,26.0,15.002133237166877,14.766443427742443,5.0,12.898325236784693,12.898325236784693,10.997866762833123,10.997866762833123,1.90045847395157,13.104358528480773,13.104358528480773,11.233556572257557,11.233556572257557,1.8708019562232163
2024.0,Zach Charbonnet,RB,3.0,3.325063184163418,3.285478545623084,1.0,RB,3.0,2.955105564887867,2.719415755463433,1.0,-0.32506318416341795,0.32506318416341795,0.0448944351121332,0.0448944351121332,0.28016874905128475,-0.28547854562308395,0.28547854562308395,0.28058424453656716,0.28058424453656716,0.0048943010865167835
2024.0,Zack Moss,RB,14.0,12.420632660462621,12.226194238812154,3.0,RB,14.0,12.36634248171166,12.130652672287226,3.0,1.579367339537379,1.579367339537379,1.6336575182883397,1.6336575182883397,-0.05429017875096065,1.7738057611878464,1.7738057611878464,1.8693473277127737,1.8693473277127737,-0.09554156652492729
2024.0,Zamir White,RB,21.0,25.2224895566856,24.81009711067411,12.0,RB,21.0,25.529638224559157,25.29394841513472,12.0,-4.2224895566855984,4.2224895566855984,-4.529638224559157,4.529638224559157,-0.3071486678735589,-3.8100971106741106,3.8100971106741106,-4.293948415134722,4.293948415134722,-0.483851304460611
2024.0,Zay Flowers,WR,25.0,27.079950996078562,26.635934919285,26.0,WR,25.0,27.384725734958685,27.14903592553425,26.0,-2.079950996078562,2.079950996078562,-2.3847257349586855,2.3847257349586855,-0.3047747388801234,-1.635934919284999,1.635934919284999,-2.1490359255342497,2.1490359255342497,-0.5131010062492507
2025.0,Aaron Jones,RB,23.0,28.326510392074404,27.04836702756149,11.0,RB,23.0,25.6270945824512,25.01363709501478,11.0,-5.326510392074404,5.326510392074404,-2.6270945824511998,2.6270945824511998,2.699415809623204,-4.04836702756149,4.04836702756149,-2.0136370950147793,2.0136370950147793,2.0347299325467105
2025.0,Adam Thielen,WR,1.0,1.0,1.0,0.0,WR,1.0,1.6134574874364223,1.0,0.0,0.0,0.0,-0.6134574874364223,0.6134574874364223,-0.6134574874364223,0.0,0.0,0.0,0.0,0.0
2025.0,Aj Brown,WR,56.0,66.34810941734587,63.29158111435884,74.0,WR,56.0,65.14603487788362,64.5325773904472,74.0,-10.348109417345867,10.348109417345867,-9.146034877883622,9.146034877883622,1.2020745394622452,-7.291581114358841,7.291581114358841,-8.532577390447202,8.532577390447202,-1.2409962760883602
2025.0,Alvin Kamara,RB,52.0,51.48894513416261,49.12742479078196,37.0,RB,52.0,50.14457220235012,49.5311147149137,37.0,0.5110548658373872,0.5110548658373872,1.855427797649881,1.855427797649881,-1.3443729318124937,2.8725752092180414,2.8725752092180414,2.4688852850863015,2.4688852850863015,0.40368992413174
2025.0,Amon Ra St Brown,WR,83.0,80.65119575869518,76.92566893972665,88.0,WR,83.0,79.58214223917255,78.96868475173613,88.0,2.348804241304819,2.348804241304819,3.417857760827445,3.417857760827445,-1.069053519522626,6.074331060273352,6.074331060273352,4.031315248263866,4.031315248263866,2.043015812009486
2025.0,Ashton Jeanty,RB,100.0,93.11705957401884,88.80846668148759,84.0,RB,100.0,92.14686303265725,91.53340554522083,84.0,6.882940425981161,6.882940425981161,7.853136967342749,7.853136967342749,-0.9701965413615881,11.191533318512413,11.191533318512413,8.46659445477917,8.46659445477917,2.724938863733243
2025.0,Baker Mayfield,QB,11.0,14.463188642742622,13.833474676999744,14.0,QB,11.0,11.321343942480908,10.707886455044486,14.0,-3.4631886427426224,3.4631886427426224,-0.32134394248090814,0.32134394248090814,3.1418447002617143,-2.833474676999744,2.833474676999744,0.2921135449555141,0.2921135449555141,2.54136113204423
2025.0,Bhayshul Tuten,RB,1.0,3.067831492282259,2.971112772516344,0.0,RB,1.0,5.476793349465976,4.863335862029554,0.0,-2.067831492282259,2.067831492282259,-4.476793349465976,4.476793349465976,-2.408961857183717,-1.971112772516344,1.971112772516344,-3.8633358620295537,3.8633358620295537,-1.8922230895132097
2025.0,Bijan Robinson,RB,103.0,113.63402558762654,108.36579227288334,98.0,RB,103.0,106.76126031152795,106.14780282409153,98.0,-10.634025587626539,10.634025587626539,-3.7612603115279484,3.7612603115279484,6.8727652760985904,-5.36579227288334,5.36579227288334,-3.147802824091528,3.147802824091528,2.217989448791812
2025.0,Bo Nix,QB,5.0,4.554247441378423,4.3880045615575,0.0,QB,5.0,3.9470991767038477,3.3336416892674254,0.0,0.44575255862157714,0.44575255862157714,1.0529008232961523,1.0529008232961523,-0.6071482646745752,0.6119954384425004,0.6119954384425004,1.6663583107325746,1.6663583107325746,-1.0543628722900742
2025.0,Braelon Allen,RB,1.0,1.7860519034062787,1.7492858835198584,0.0,RB,1.0,4.04330876800767,3.4298512805712473,0.0,-0.7860519034062787,0.7860519034062787,-3.0433087680076696,3.0433087680076696,-2.257256864601391,-0.7492858835198584,0.7492858835198584,-2.4298512805712473,2.4298512805712473,-1.680565397051389
2025.0,Brandon Aiyuk,WR,2.0,1.0,1.0,0.0,WR,2.0,1.8610207447025267,1.2475632572661044,0.0,1.0,1.0,0.13897925529747335,0.13897925529747335,0.8610207447025267,1.0,1.0,0.7524367427338956,0.7524367427338956,0.2475632572661044
2025.0,Breece Hall,RB,43.0,44.43523383476059,42.40363685748728,21.0,RB,43.0,42.55062770245347,41.93717021501705,21.0,-1.435233834760588,1.435233834760588,0.44937229754653174,0.44937229754653174,0.9858615372140562,0.5963631425127218,0.5963631425127218,1.0628297849829522,1.0628297849829522,-0.4664666424702304
2025.0,Brian Robinson,RB,1.0,4.8826253406327185,4.70102323539433,0.0,RB,1.0,5.723845858563149,5.110388371126727,0.0,-3.8826253406327185,3.8826253406327185,-4.723845858563149,4.723845858563149,-0.8412205179304308,-3.70102323539433,3.70102323539433,-4.110388371126727,4.110388371126727,-0.4093651357323971
2025.0,Brock Purdy,QB,4.0,5.637152573074294,5.420258951954346,5.0,QB,4.0,4.423133769624194,3.809676282187772,5.0,-1.6371525730742942,1.6371525730742942,-0.4231337696241937,0.4231337696241937,1.2140188034501005,-1.420258951954346,1.420258951954346,0.19032371781222812,0.19032371781222812,1.229935234142118
2025.0,Caleb Williams,QB,1.0,3.064313481116016,2.96775930934997,2.0,QB,1.0,1.9502584955141342,1.336801008077712,2.0,-2.064313481116016,2.064313481116016,-0.9502584955141342,0.9502584955141342,1.114054985601882,-1.9677593093499701,1.9677593093499701,-0.33680100807771196,0.33680100807771196,1.6309583012722582
2025.0,Calvin Ridley,WR,43.0,23.086283699193196,22.053241552506915,18.0,WR,43.0,22.161495385039743,21.54803789760332,18.0,19.913716300806804,19.913716300806804,20.838504614960257,20.838504614960257,-0.924788314153453,20.946758447493085,20.946758447493085,21.45196210239668,21.45196210239668,-0.5052036549035961
2025.0,Cam Skattebo,RB,8.0,8.904541096676141,8.534821853081596,2.0,RB,8.0,10.824737125168687,10.211279637732265,2.0,-0.9045410966761409,0.9045410966761409,-2.824737125168687,2.824737125168687,-1.920196028492546,-0.5348218530815956,0.5348218530815956,-2.2112796377322645,2.2112796377322645,-1.676457784650669
2025.0,Cedric Tillman,WR,1.0,1.0,1.0,0.0,WR,1.0,1.6134574874364223,1.0,0.0,0.0,0.0,-0.6134574874364223,0.6134574874364223,-0.6134574874364223,0.0,0.0,0.0,0.0,0.0
2025.0,Ceedee Lamb,WR,82.0,91.59752189454407,87.36000236536152,93.0,WR,82.0,89.04595913806735,88.43250165063093,93.0,-9.597521894544073,9.597521894544073,-7.045959138067346,7.045959138067346,2.551562756476727,-5.360002365361524,5.360002365361524,-6.432501650630925,6.432501650630925,-1.0724992852694015
2025.0,Chris Godwin,WR,7.0,10.8687243674497,10.407134344227373,9.0,WR,7.0,10.318095208985168,9.704637721548746,9.0,-3.8687243674496994,3.8687243674496994,-3.3180952089851683,3.3180952089851683,0.5506291584645311,-3.407134344227373,3.407134344227373,-2.704637721548746,2.704637721548746,0.7024966226786269
2025.0,Chris Olave,WR,12.0,14.905423784351537,14.255025146336498,9.0,WR,12.0,14.644319455224252,14.03086196778783,9.0,-2.9054237843515374,2.9054237843515374,-2.6443194552242524,2.6443194552242524,0.261104329127285,-2.2550251463364983,2.2550251463364983,-2.03086196778783,2.03086196778783,0.22416317854866818
2025.0,Colston Loveland,TE,3.0,3.865546404333964,3.7315161505674395,1.0,TE,3.0,4.22732186376465,3.6138643763282277,1.0,-0.8655464043339638,0.8655464043339638,-1.22732186376465,1.22732186376465,-0.3617754594306861,-0.7315161505674395,0.7315161505674395,-0.6138643763282277,0.6138643763282277,0.1176517742392118
2025.0,Cooper Kupp,WR,10.0,9.605850374869075,9.20332877972899,7.0,WR,10.0,9.519773135930862,8.90631564849444,7.0,0.39414962513092533,0.39414962513092533,0.48022686406913806,0.48022686406913806,-0.08607723893821273,0.7966712202710102,0.7966712202710102,1.0936843515055603,1.0936843515055603,-0.2970131312345501
2025.0,D'Andre Swift,RB,39.0,34.91246314956692,33.32627489768243,19.0,RB,39.0,34.5990729566096,33.985615469173176,19.0,4.087536850433082,4.087536850433082,4.4009270433904035,4.4009270433904035,-0.3133901929573213,5.673725102317569,5.673725102317569,5.014384530826824,5.014384530826824,0.6593405714907448
2025.0,Dak Prescott,QB,3.0,4.018635463984901,3.877444772864139,2.0,QB,3.0,4.107925855725617,3.494468368289195,2.0,-1.018635463984901,1.018635463984901,-1.1079258557256173,1.1079258557256173,-0.0892903917407164,-0.877444772864139,0.877444772864139,-0.49446836828919505,0.49446836828919505,0.382976404574944
2025.0,Dallas Goedert,TE,2.0,1.0,1.0,0.0,TE,2.0,1.6134574874364223,1.0,0.0,1.0,1.0,0.38654251256357774,0.38654251256357774,0.6134574874364223,1.0,1.0,1.0,1.0,0.0
2025.0,Dalton Kincaid,TE,1.0,1.0,1.0,0.0,TE,1.0,1.6134574874364223,1.0,0.0,0.0,0.0,-0.6134574874364223,0.6134574874364223,-0.6134574874364223,0.0,0.0,0.0,0.0,0.0
2025.0,Darnell Mooney,WR,2.0,3.1333025583235083,3.033521559202214,2.0,WR,2.0,3.278232165144455,2.664774677708033,2.0,-1.1333025583235083,1.1333025583235083,-1.278232165144455,1.278232165144455,-0.1449296068209467,-1.0335215592022138,1.0335215592022138,-0.6647746777080328,0.6647746777080328,0.368746881494181
2025.0,Darren Waller,TE,1.0,1.0,1.0,0.0,TE,1.0,1.6134574874364223,1.0,0.0,0.0,0.0,-0.6134574874364223,0.6134574874364223,-0.6134574874364223,0.0,0.0,0.0,0.0,0.0
2025.0,David Montgomery,RB,32.0,29.220309644872042,27.900360591752023,12.0,RB,32.0,24.449599604357836,23.836142116921415,12.0,2.7796903551279577,2.7796903551279577,7.550400395642164,7.550400395642164,-4.770710040514206,4.0996394082479775,4.0996394082479775,8.163857883078585,8.163857883078585,-4.064218474830607
2025.0,David Njoku,TE,8.0,6.183918273795677,5.941450770672743,5.0,TE,8.0,6.79429199656703,6.180834509130608,5.0,1.816081726204323,1.816081726204323,1.20570800343297,1.20570800343297,0.610373722771353,2.058549229327257,2.058549229327257,1.8191654908693922,1.8191654908693922,0.23938373845786476
2025.0,Deebo Samuel,WR,7.0,10.43278913395315,9.99158911728697,3.0,WR,7.0,11.222277012043346,10.608819524606924,3.0,-3.4327891339531504,3.4327891339531504,-4.222277012043346,4.222277012043346,-0.7894878780901955,-2.9915891172869706,2.9915891172869706,-3.6088195246069237,3.6088195246069237,-0.617230407319953
2025.0,Devon Achane,RB,98.0,87.93385168875861,83.86769307233449,81.0,RB,98.0,82.3285386016483,81.71508111421188,81.0,10.066148311241392,10.066148311241392,15.671461398351695,15.671461398351695,-5.605313087110304,14.13230692766551,14.13230692766551,16.284918885788116,16.284918885788116,-2.1526119581226055
2025.0,Devonta Smith,WR,25.0,24.060516609990692,22.981906649757786,17.0,WR,25.0,23.86372772435768,23.25027023692126,17.0,0.9394833900093076,0.9394833900093076,1.1362722756423196,1.1362722756423196,-0.196788885633012,2.0180933502422143,2.0180933502422143,1.74972976307874,1.74972976307874,0.2683635871634742
2025.0,Dj Moore,WR,26.0,30.489245752791795,29.1099447281592,23.0,WR,26.0,28.26036136807206,27.646903880635637,23.0,-4.4892457527917955,4.4892457527917955,-2.2603613680720613,2.2603613680720613,2.228884384719734,-3.109944728159199,3.109944728159199,-1.6469038806356373,1.6469038806356373,1.463040847523562
2025.0,Dk Metcalf,WR,41.0,30.982129023361033,29.579774360604915,25.0,WR,41.0,28.40775887399272,27.7943013865563,25.0,10.017870976638967,10.017870976638967,12.59224112600728,12.59224112600728,-2.5743701493683133,11.420225639395085,11.420225639395085,13.205698613443701,13.205698613443701,-1.7854729740486164
2025.0,Drake London,WR,62.0,66.8982245348734,63.81596568755057,70.0,WR,62.0,64.87979824834264,64.26634076090622,70.0,-4.898224534873407,4.898224534873407,-2.879798248342638,2.879798248342638,2.0184262865307687,-1.8159656875505732,1.8159656875505732,-2.2663407609062176,2.2663407609062176,-0.4503750733556444
2025.0,Drake Maye,QB,1.0,2.1618084207517714,2.107467134487507,2.0,QB,1.0,1.6134574874364223,1.0,2.0,-1.1618084207517714,1.1618084207517714,-0.6134574874364223,0.6134574874364223,0.5483509333153491,-1.107467134487507,1.107467134487507,0.0,0.0,1.107467134487507
2025.0,Dylan Sampson,RB,1.0,1.5707518283796045,1.5440560427940955,0.0,RB,1.0,6.212190966570418,5.598733479133996,0.0,-0.5707518283796045,0.5707518283796045,-5.212190966570418,5.212190966570418,-4.6414391381908136,-0.5440560427940955,0.5440560427940955,-4.598733479133996,4.598733479133996,-4.0546774363399
2025.0,Elic Ayomanor,WR,1.0,1.0,1.0,0.0,WR,1.0,1.6134574874364223,1.0,0.0,0.0,0.0,-0.6134574874364223,0.6134574874364223,-0.6134574874364223,0.0,0.0,0.0,0.0,0.0
2025.0,Emeka Egbuka,WR,27.0,12.434635096070924,11.899802702033945,4.0,WR,27.0,13.36287313905765,12.749415651621227,4.0,14.565364903929076,14.565364903929076,13.63712686094235,13.63712686094235,0.9282380429867256,15.100197297966055,15.100197297966055,14.250584348378773,14.250584348378773,0.8496129495872822
2025.0,Evan Engram,TE,3.0,6.445797340474404,6.191080963032071,5.0,TE,3.0,6.521669030780244,5.908211543343822,5.0,-3.445797340474404,3.445797340474404,-3.5216690307802443,3.5216690307802443,-0.07587169030584029,-3.1910809630320713,3.1910809630320713,-2.908211543343822,2.908211543343822,0.2828694196882493
2025.0,Garrett Wilson,WR,27.0,44.13603298971593,42.11843053897614,39.0,WR,27.0,41.41821813696621,40.80476064952979,39.0,-17.13603298971593,17.13603298971593,-14.41821813696621,14.41821813696621,2.7178148527497186,-15.118430538976142,15.118430538976142,-13.80476064952979,13.80476064952979,1.313669889446352
2025.0,George Kittle,TE,40.0,36.53880173857942,34.87654472247393,35.0,TE,40.0,35.18567106668211,34.57221357924569,35.0,3.461198261420577,3.461198261420577,4.8143289333178885,4.8143289333178885,-1.3531306718973113,5.1234552775260696,5.1234552775260696,5.427786420754309,5.427786420754309,-0.3043311432282394
2025.0,George Pickens,WR,29.0,21.62565538797353,20.66093123568973,15.0,WR,29.0,20.990142433268772,20.37668494583235,15.0,7.374344612026469,7.374344612026469,8.009857566731228,8.009857566731228,-0.6355129547047582,8.33906876431027,8.33906876431027,8.623315054167652,8.623315054167652,-0.2842462898573821
2025.0,Isiah Pacheco,RB,26.0,24.190805082095384,23.106101136801676,9.0,RB,26.0,27.730459847391323,27.1170023599549,9.0,1.809194917904616,1.809194917904616,-1.730459847391323,1.730459847391323,0.07873507051329298,2.8938988631983236,2.8938988631983236,-1.117002359954899,1.117002359954899,1.7768965032434245
2025.0,Ja'Marr Chase,WR,106.0,103.64993097294914,98.84868389608722,100.0,WR,106.0,102.03818095082109,101.42472346338467,100.0,2.350069027050864,2.350069027050864,3.9618190491789136,3.9618190491789136,-1.6117500221280494,7.151316103912777,7.151316103912777,4.575276536615334,4.575276536615334,2.5760395672974425
2025.0,Jacory Croskey Merritt,RB,19.0,10.009133126330758,9.587748779766958,6.0,RB,19.0,15.47717154635275,14.863714058916328,6.0,8.990866873669242,8.990866873669242,3.52282845364725,3.52282845364725,5.468038420021992,9.412251220233042,9.412251220233042,4.136285941083672,4.136285941083672,5.27596527914937
2025.0,Jahmyr Gibbs,RB,106.0,108.33075913492668,103.3105755978356,95.0,RB,106.0,99.73188542200104,99.11842793456462,95.0,-2.33075913492668,2.33075913492668,6.268114577998958,6.268114577998958,-3.9373554430722777,2.6894244021644056,2.6894244021644056,6.881572065435378,6.881572065435378,-4.192147663270973
2025.0,Jake Ferguson,TE,1.0,1.0,1.0,0.0,TE,1.0,1.6134574874364223,1.0,0.0,0.0,0.0,-0.6134574874364223,0.6134574874364223,-0.6134574874364223,0.0,0.0,0.0,0.0,0.0
2025.0,Jakobi Meyers,WR,14.0,13.227833915049366,12.655901218314725,9.0,WR,14.0,13.590846448842878,12.977388961406456,9.0,0.7721660849506335,0.7721660849506335,0.4091535511571216,0.4091535511571216,0.36301253379351195,1.3440987816852754,1.3440987816852754,1.0226110385935439,1.0226110385935439,0.32148774309173156
2025.0,Jalen Hurts,QB,37.0,36.914825719441765,35.23498092688252,46.0,QB,37.0,36.85887120923949,36.24541372180307,46.0,0.08517428055823473,0.08517428055823473,0.14112879076051144,0.14112879076051144,-0.05595451020227671,1.7650190731174789,1.7650190731174789,0.7545862781969319,0.7545862781969319,1.010432794920547
2025.0,James Cook,RB,57.0,57.253417711322456,54.62227558789372,42.0,RB,57.0,53.2972679048528,52.68381041741638,42.0,-0.25341771132245583,0.25341771132245583,3.702732095147198,3.702732095147198,-3.449314383824742,2.377724412106282,2.377724412106282,4.316189582583618,4.316189582583618,-1.9384651704773361
2025.0,Jameson Williams,WR,21.0,22.488514305980182,21.483431637927723,16.0,WR,21.0,21.900726115335345,21.28726862789892,16.0,-1.488514305980182,1.488514305980182,-0.9007261153353454,0.9007261153353454,0.5877881906448366,-0.4834316379277226,0.4834316379277226,-0.2872686278989214,0.2872686278989214,0.1961630100288012
2025.0,Jared Goff,QB,1.0,2.950942245649567,2.8596907887292518,2.0,QB,1.0,3.099567246539118,2.4861097591026957,2.0,-1.9509422456495669,1.9509422456495669,-2.099567246539118,2.099567246539118,-0.1486250008895511,-1.8596907887292518,1.8596907887292518,-1.4861097591026957,1.4861097591026957,0.37358102962655604
2025.0,Jauan Jennings,WR,3.0,9.015413909084792,8.640508809431358,3.0,WR,3.0,9.126769038915098,8.513311551478676,3.0,-6.015413909084792,6.015413909084792,-6.126769038915098,6.126769038915098,-0.11135512983030615,-5.640508809431358,5.640508809431358,-5.513311551478676,5.513311551478676,0.1271972579526821
2025.0,Javonte Williams,RB,7.0,9.06694589032444,8.689630484381011,4.0,RB,7.0,11.05804157482487,10.444584087388447,4.0,-2.0669458903244404,2.0669458903244404,-4.05804157482487,4.05804157482487,-1.9910956845004293,-1.689630484381011,1.689630484381011,-3.4445840873884475,3.4445840873884475,-1.7549536030074364
2025.0,Jayden Daniels,QB,37.0,39.21165640592557,37.42438191015071,47.0,QB,37.0,37.551937082492216,36.938479595055796,47.0,-2.2116564059255666,2.2116564059255666,-0.5519370824922163,0.5519370824922163,1.6597193234333503,-0.42438191015070714,0.42438191015070714,0.06152040494420419,0.06152040494420419,0.36286150520650295
2025.0,Jayden Higgins,WR,4.0,4.806645460406955,4.628597163479752,2.0,WR,4.0,5.531123549532248,4.917666062095826,2.0,-0.8066454604069548,0.8066454604069548,-1.5311235495322482,1.5311235495322482,-0.7244780891252933,-0.6285971634797516,0.6285971634797516,-0.9176660620958259,0.9176660620958259,-0.2890688986160743
2025.0,Jayden Reed,WR,4.0,6.093739211743243,5.855489655519732,2.0,WR,4.0,6.6152224893715,6.001765001935078,2.0,-2.0937392117432427,2.0937392117432427,-2.6152224893715,2.6152224893715,-0.5214832776282572,-1.8554896555197322,1.8554896555197322,-2.0017650019350777,2.0017650019350777,-0.14627534641534545
2025.0,Jaydon Blue,RB,6.0,1.614302273948664,1.5855695025853507,0.0,RB,6.0,7.735574694264656,7.122117206828234,0.0,4.385697726051336,4.385697726051336,-1.7355746942646562,1.7355746942646562,2.6501230317866797,4.414430497414649,4.414430497414649,-1.122117206828234,1.122117206828234,3.2923132905864154
2025.0,Jaylen Waddle,WR,19.0,20.44316531973789,19.53374979678995,17.0,WR,19.0,20.12187208027278,19.508414592836356,17.0,-1.44316531973789,1.44316531973789,-1.1218720802727802,1.1218720802727802,0.3212932394651098,-0.5337497967899516,0.5337497967899516,-0.5084145928363561,0.5084145928363561,0.025335203953595453
2025.0,Jaylen Warren,RB,12.0,18.474367537039974,17.657038628369463,6.0,RB,12.0,15.79250922749775,15.179051740061327,6.0,-6.474367537039974,6.474367537039974,-3.7925092274977494,3.7925092274977494,2.681858309542225,-5.657038628369463,5.657038628369463,-3.179051740061327,3.179051740061327,2.477986888308136
2025.0,Jerome Ford,RB,1.0,1.0,1.0,0.0,RB,1.0,3.3538300814834527,2.7403725940470305,0.0,0.0,0.0,-2.3538300814834527,2.3538300814834527,-2.3538300814834527,0.0,0.0,-1.7403725940470305,1.7403725940470305,-1.7403725940470305
2025.0,Jj Mccarthy,QB,1.0,1.0,1.0,1.0,QB,1.0,1.6134574874364223,1.0,1.0,0.0,0.0,-0.6134574874364223,0.6134574874364223,-0.6134574874364223,0.0,0.0,0.0,0.0,0.0
2025.0,Jk Dobbins,RB,5.0,10.185571190740939,9.755934303401249,4.0,RB,5.0,10.254105597369605,9.640648109933183,4.0,-5.185571190740939,5.185571190740939,-5.254105597369605,5.254105597369605,-0.06853440662866639,-4.755934303401249,4.755934303401249,-4.640648109933183,4.640648109933183,0.11528619346806579
2025.0,Joe Burrow,QB,36.0,31.47260482715414,30.04730913076154,37.0,QB,36.0,30.41310285133944,29.799645363903018,37.0,4.527395172845861,4.527395172845861,5.586897148660562,5.586897148660562,-1.059501975814701,5.9526908692384595,5.9526908692384595,6.200354636096982,6.200354636096982,-0.24766376685852265
2025.0,Joe Mixon,RB,12.0,14.876020778189508,14.226997407513164,4.0,RB,12.0,18.702835827036708,18.089378339600287,4.0,-2.876020778189508,2.876020778189508,-6.702835827036708,6.702835827036708,-3.8268150488472,-2.2269974075131636,2.2269974075131636,-6.089378339600287,6.089378339600287,-3.862380932087124
2025.0,Jonathan Taylor,RB,94.0,76.32502657910625,72.80184774937295,67.0,RB,94.0,73.98959224625895,73.37613475882253,67.0,17.67497342089375,17.67497342089375,20.01040775374105,20.01040775374105,-2.3354343328472993,21.198152250627047,21.198152250627047,20.62386524117747,20.62386524117747,0.5742870094495771
2025.0,Jordan Addison,WR,12.0,10.531522016351154,10.085703964791913,4.0,WR,12.0,10.756266094276391,10.142808606839969,4.0,1.468477983648846,1.468477983648846,1.2437339057236088,1.2437339057236088,0.2247440779252372,1.9142960352080873,1.9142960352080873,1.857191393160031,1.857191393160031,0.05710464204805632
2025.0,Jordan Love,QB,1.0,1.127804999087271,1.1218271735548038,2.0,QB,1.0,1.6134574874364223,1.0,2.0,-0.12780499908727094,0.12780499908727094,-0.6134574874364223,0.6134574874364223,-0.4856524883491513,-0.12182717355480377,0.12182717355480377,0.0,0.0,0.12182717355480377
2025.0,Jordan Mason,RB,7.0,10.883286309838509,10.421015180621614,2.0,RB,7.0,12.082723884579593,11.469266397143171,2.0,-3.8832863098385086,3.8832863098385086,-5.082723884579593,5.082723884579593,-1.1994375747410846,-3.4210151806216142,3.4210151806216142,-4.469266397143171,4.469266397143171,-1.0482512165215567
2025.0,Josh Allen,QB,46.0,46.1057825722744,43.9960489887051,51.0,QB,46.0,44.24480196709917,43.63134447966275,51.0,-0.10578257227439991,0.10578257227439991,1.7551980329008288,1.7551980329008288,-1.6494154606264289,2.0039510112949017,2.0039510112949017,2.3686555203372492,2.3686555203372492,-0.3647045090423475
2025.0,Josh Downs,WR,2.0,5.512012164338247,5.300971737818105,2.0,WR,2.0,6.022731255782294,5.409273768345872,2.0,-3.5120121643382474,3.5120121643382474,-4.022731255782294,4.022731255782294,-0.5107190914440469,-3.300971737818105,3.300971737818105,-3.409273768345872,3.409273768345872,-0.1083020305277671
2025.0,Josh Jacobs,RB,57.0,74.56979598787049,71.128714590308,65.0,RB,57.0,72.92908920543344,72.31563171799702,65.0,-17.569795987870492,17.569795987870492,-15.929089205433442,15.929089205433442,1.64070678243705,-14.128714590307993,14.128714590307993,-15.315631717997022,15.315631717997022,-1.1869171276890285
2025.0,Joshua Palmer,WR,1.0,1.0,1.0,0.0,WR,1.0,1.6134574874364223,1.0,0.0,0.0,0.0,-0.6134574874364223,0.6134574874364223,-0.6134574874364223,0.0,0.0,0.0,0.0,0.0
2025.0,Justice Hill,RB,1.0,1.0,1.0,0.0,RB,1.0,1.6134574874364223,1.0,0.0,0.0,0.0,-0.6134574874364223,0.6134574874364223,-0.6134574874364223,0.0,0.0,0.0,0.0,0.0
2025.0,Justin Fields,QB,1.0,2.4674479571837638,2.398810987357333,2.0,QB,1.0,2.9902590543298833,2.376801566893461,2.0,-1.4674479571837638,1.4674479571837638,-1.9902590543298833,1.9902590543298833,-0.5228110971461195,-1.398810987357333,1.398810987357333,-1.376801566893461,1.376801566893461,0.022009420463871887
2025.0,Justin Herbert,QB,1.0,1.809368091155902,1.7715115027984132,2.0,QB,1.0,1.6134574874364223,1.0,2.0,-0.809368091155902,0.809368091155902,-0.6134574874364223,0.6134574874364223,0.19591060371947977,-0.7715115027984132,0.7715115027984132,0.0,0.0,0.7715115027984132
2025.0,Justin Jefferson,WR,91.0,92.98953165196828,88.68690362524025,97.0,WR,91.0,89.71560792055743,89.10215043312101,97.0,-1.989531651968278,1.989531651968278,1.2843920794425685,1.2843920794425685,0.7051395725257095,2.313096374759752,2.313096374759752,1.897849566878989,1.897849566878989,0.41524680788076296
2025.0,Kaleb Johnson,RB,11.0,21.182261192275107,20.238275924721346,5.0,RB,11.0,23.84166764349569,23.228210156059266,5.0,-10.182261192275107,10.182261192275107,-12.84166764349569,12.84166764349569,-2.6594064512205833,-9.238275924721346,9.238275924721346,-12.228210156059266,12.228210156059266,-2.9899342313379194
2025.0,Keenan Allen,WR,2.0,2.4394562424704973,2.3721285296223185,2.0,WR,2.0,3.046799645990298,2.433342158553876,2.0,-0.4394562424704973,0.4394562424704973,-1.0467996459902982,1.0467996459902982,-0.6073434035198009,-0.37212852962231846,0.37212852962231846,-0.4333421585538759,0.4333421585538759,-0.06121362893155746
2025.0,Kenneth Walker,RB,53.0,48.242507889609676,46.03283321414996,30.0,RB,53.0,46.1173751808937,45.50391769345728,30.0,4.757492110390324,4.757492110390324,6.882624819106297,6.882624819106297,-2.1251327087159737,6.96716678585004,6.96716678585004,7.496082306542718,7.496082306542718,-0.5289155206926779
2025.0,Keon Coleman,WR,5.0,4.892298954266624,4.710244384922881,2.0,WR,5.0,5.300451742688002,4.686994255251579,2.0,0.1077010457333758,0.1077010457333758,-0.30045174268800157,0.30045174268800157,-0.19275069695462577,0.28975561507711944,0.28975561507711944,0.3130057447484207,0.3130057447484207,-0.023250129671301245
2025.0,Khalil Shakir,WR,7.0,8.307681185157712,7.965878880993247,4.0,WR,7.0,8.239301180199934,7.625843692763513,4.0,-1.307681185157712,1.307681185157712,-1.2393011801999343,1.2393011801999343,0.06838000495777763,-0.9658788809932473,0.9658788809932473,-0.6258436927635129,0.6258436927635129,0.34003518822973433
2025.0,Kyle Pitts,TE,4.0,1.0,1.0,0.0,TE,4.0,1.6134574874364223,1.0,0.0,3.0,3.0,2.3865425125635777,2.3865425125635777,0.6134574874364223,3.0,3.0,3.0,3.0,0.0
2025.0,Kyler Murray,QB,3.0,5.972485904570597,5.7399077314752045,5.0,QB,3.0,5.241967690982753,4.62851020354633,5.0,-2.972485904570597,2.972485904570597,-2.2419676909827526,2.2419676909827526,0.7305182135878443,-2.7399077314752045,2.7399077314752045,-1.6285102035463304,1.6285102035463304,1.1113975279288741
2025.0,Lamar Jackson,QB,41.0,44.685462514912885,42.64216158705976,49.0,QB,41.0,43.44342698506595,42.82996949762953,49.0,-3.685462514912885,3.685462514912885,-2.4434269850659476,2.4434269850659476,1.2420355298469374,-1.6421615870597606,1.6421615870597606,-1.829969497629527,1.829969497629527,-0.18780791056976653
2025.0,Malik Nabers,WR,73.0,81.59470775683397,77.8250500341219,90.0,WR,73.0,79.5045004887876,78.89104300135118,90.0,-8.59470775683397,8.59470775683397,-6.504500488787599,6.504500488787599,2.0902072680463704,-4.825050034121901,4.825050034121901,-5.8910430013511785,5.8910430013511785,-1.0659929672292776
2025.0,Mark Andrews,TE,4.0,7.511809662132456,7.207232671100346,5.0,TE,4.0,9.589246528962015,8.975789041525593,5.0,-3.511809662132456,3.511809662132456,-5.589246528962015,5.589246528962015,-2.077436866829559,-3.2072326711003463,3.2072326711003463,-4.9757890415255925,4.9757890415255925,-1.7685563704252463
2025.0,Marvin Harrison,WR,36.0,36.00782610644349,34.37040442317762,26.0,WR,36.0,34.67123453135366,34.05777704391724,26.0,-0.007826106443488356,0.007826106443488356,1.3287654686463384,1.3287654686463384,-1.32093936220285,1.629595576822382,1.629595576822382,1.9422229560827589,1.9422229560827589,-0.31262737926037687
2025.0,Marvin Mims,WR,4.0,1.0,1.0,0.0,WR,4.0,2.291002487986167,1.6775450005497448,0.0,3.0,3.0,1.7089975120138332,1.7089975120138332,1.2910024879861668,3.0,3.0,2.3224549994502555,2.3224549994502555,0.6775450005497445
2025.0,Matthew Golden,WR,30.0,13.872375130365818,13.270295295716679,8.0,WR,30.0,14.495393742779727,13.881936255343305,8.0,16.127624869634182,16.127624869634182,15.504606257220273,15.504606257220273,0.6230186124139099,16.72970470428332,16.72970470428332,16.118063744656695,16.118063744656695,0.6116409596266266
2025.0,Michael Pittman,WR,8.0,8.915696654984298,8.54545563225936,8.0,WR,8.0,8.854849107608743,8.24139162017232,8.0,-0.9156966549842984,0.9156966549842984,-0.854849107608743,0.854849107608743,0.06084754737555542,-0.54545563225936,0.54545563225936,-0.24139162017232074,0.24139162017232074,0.30406401208703926
2025.0,Mike Evans,WR,31.0,38.39566223698096,36.646554251219776,30.0,WR,31.0,36.1458539776185,35.53239649018208,30.0,-7.395662236980961,7.395662236980961,-5.145853977618501,5.145853977618501,2.24980825936246,-5.646554251219776,5.646554251219776,-4.53239649018208,4.53239649018208,1.1141577610376956
2025.0,Nick Chubb,RB,1.0,1.0,1.0,0.0,RB,1.0,5.012684929347711,4.399227441911289,0.0,0.0,0.0,-4.012684929347711,4.012684929347711,-4.012684929347711,0.0,0.0,-3.3992274419112887,3.3992274419112887,-3.3992274419112887
2025.0,Ollie Gordon,RB,1.0,1.0,1.0,0.0,RB,1.0,1.6134574874364223,1.0,0.0,0.0,0.0,-0.6134574874364223,0.6134574874364223,-0.6134574874364223,0.0,0.0,0.0,0.0,0.0
2025.0,Omarion Hampton,RB,57.0,57.01487427384436,54.39488954692862,38.0,RB,57.0,58.12164845778125,57.50819097034483,38.0,-0.014874273844363017,0.014874273844363017,-1.121648457781248,1.121648457781248,-1.106774183936885,2.605110453071383,2.605110453071383,-0.5081909703448275,0.5081909703448275,2.0969194827265554
2025.0,Patrick Mahomes,QB,22.0,14.460994588216137,13.831383245025286,14.0,QB,22.0,15.034606538279634,14.421149050843212,14.0,7.539005411783863,7.539005411783863,6.965393461720366,6.965393461720366,0.5736119500634977,8.168616754974714,8.168616754974714,7.578850949156788,7.578850949156788,0.589765805817926
2025.0,Puka Nacua,WR,65.0,81.31900562420236,77.56224332232337,91.0,WR,65.0,78.66846664338738,78.05500915595096,91.0,-16.31900562420236,16.31900562420236,-13.668466643387376,13.668466643387376,2.6505389808149857,-12.562243322323368,12.562243322323368,-13.055009155950955,13.055009155950955,-0.49276583362758686
2025.0,Quinshon Judkins,RB,20.0,9.249896150479588,8.864023608710976,2.0,RB,20.0,16.27619660214681,15.662739114710387,2.0,10.750103849520412,10.750103849520412,3.723803397853189,3.723803397853189,7.026300451667224,11.135976391289024,11.135976391289024,4.337260885289613,4.337260885289613,6.798715505999411
2025.0,Rachaad White,RB,1.0,4.160862223616695,4.013019157696834,2.0,RB,1.0,3.3889660938940653,2.775508606457643,2.0,-3.1608622236166948,3.1608622236166948,-2.3889660938940653,2.3889660938940653,0.7718961297226294,-3.013019157696834,3.013019157696834,-1.775508606457643,1.775508606457643,1.237510551239191
2025.0,Rashee Rice,WR,16.0,25.566778548899258,24.41771617177112,23.0,WR,16.0,24.222707632066466,23.609250144630046,23.0,-9.566778548899258,9.566778548899258,-8.222707632066466,8.222707632066466,1.3440709168327913,-8.417716171771119,8.417716171771119,-7.609250144630046,7.609250144630046,0.8084660271410726
2025.0,Rashid Shaheed,WR,2.0,3.0829002609526426,2.98547672939733,2.0,WR,2.0,3.7513572569874207,3.1378997695509985,2.0,-1.0829002609526426,1.0829002609526426,-1.7513572569874207,1.7513572569874207,-0.6684569960347782,-0.9854767293973299,0.9854767293973299,-1.1378997695509985,1.1378997695509985,-0.1524230401536686
2025.0,Ray Davis,RB,2.0,1.0,1.0,0.0,RB,2.0,3.0764768919629666,2.4630194045265443,0.0,1.0,1.0,-1.0764768919629666,1.0764768919629666,-0.07647689196296659,1.0,1.0,-0.46301940452654433,0.46301940452654433,0.5369805954734557
2025.0,Rhamondre Stevenson,RB,6.0,8.047132256606464,7.717516612186717,4.0,RB,6.0,10.264357409004173,9.650899921567751,4.0,-2.0471322566064636,2.0471322566064636,-4.264357409004173,4.264357409004173,-2.2172251523977096,-1.7175166121867171,1.7175166121867171,-3.650899921567751,3.650899921567751,-1.9333833093810338
2025.0,Ricky Pearsall,WR,16.0,9.517478524185915,9.119090347215211,2.0,WR,16.0,10.655081391044744,10.041623903608322,2.0,6.482521475814085,6.482521475814085,5.344918608955256,5.344918608955256,1.1376028668588294,6.880909652784789,6.880909652784789,5.958376096391678,5.958376096391678,0.9225335563931107
2025.0,Rj Harvey,RB,29.0,29.665390455910416,28.32462362997057,10.0,RB,29.0,33.29649400382657,32.683036516390146,10.0,-0.6653904559104156,0.6653904559104156,-4.296494003826567,4.296494003826567,-3.631103547916151,0.6753763700294293,0.6753763700294293,-3.683036516390146,3.683036516390146,-3.007660146360717
2025.0,Rome Odunze,WR,13.0,17.082164350966057,16.32995298708276,12.0,WR,13.0,16.85464949353522,16.2411920060988,12.0,-4.082164350966057,4.082164350966057,-3.85464949353522,3.85464949353522,0.22751485743083677,-3.329952987082759,3.329952987082759,-3.2411920060987995,3.2411920060987995,0.08876098098395957
2025.0,Sam Laporta,TE,14.0,18.56837809823014,17.74665203188178,14.0,TE,14.0,16.95263713842708,16.33917965099066,14.0,-4.568378098230141,4.568378098230141,-2.952637138427079,2.952637138427079,1.6157409598030625,-3.74665203188178,3.74665203188178,-2.3391796509906584,2.3391796509906584,1.4074723808911216
2025.0,Saquon Barkley,RB,109.0,107.8986775994816,102.89870381985804,97.0,RB,109.0,105.58903999172631,104.97558250428989,97.0,1.1013224005183986,1.1013224005183986,3.4109600082736904,3.4109600082736904,-2.309637607755292,6.101296180141958,6.101296180141958,4.024417495710111,4.024417495710111,2.076878684431847
2025.0,Tank Bigsby,RB,9.0,5.5035683114144165,5.292922829379709,2.0,RB,9.0,9.645859683672994,9.032402196236571,2.0,3.4964316885855835,3.4964316885855835,-0.6458596836729935,0.6458596836729935,2.85057200491259,3.707077170620291,3.707077170620291,-0.03240219623657126,0.03240219623657126,3.67467497438372
2025.0,Tee Higgins,WR,69.0,53.50221068315123,51.046523833856654,56.0,WR,69.0,51.07267439331425,50.45921690587783,56.0,15.497789316848767,15.497789316848767,17.92732560668575,17.92732560668575,-2.4295362898369817,17.953476166143346,17.953476166143346,18.54078309412217,18.54078309412217,-0.5873069279788226
2025.0,Terry Mclaurin,WR,36.0,39.42259945760726,37.625458518663166,39.0,WR,36.0,36.771843609125916,36.158386121689496,39.0,-3.4225994576072623,3.4225994576072623,-0.7718436091259164,0.7718436091259164,2.650755848481346,-1.6254585186631658,1.6254585186631658,-0.15838612168949595,0.15838612168949595,1.4670723969736699
2025.0,Tet Mcmillan,WR,25.0,22.553795353939933,21.545659294251255,12.0,WR,25.0,23.60132614392316,22.98786865648674,12.0,2.4462046460600675,2.4462046460600675,1.3986738560768401,1.3986738560768401,1.0475307899832274,3.454340705748745,3.454340705748745,2.0121313435132606,2.0121313435132606,1.4422093622354843
2025.0,Tj Hockenson,TE,10.0,13.002451398067155,12.441060521873258,11.0,TE,10.0,12.675879654781678,12.062422167345256,11.0,-3.002451398067155,3.002451398067155,-2.675879654781678,2.675879654781678,0.3265717432854771,-2.4410605218732577,2.4410605218732577,-2.0624221673452556,2.0624221673452556,0.3786383545280021
2025.0,Tony Pollard,RB,27.0,26.93710288366581,25.72394630165813,10.0,RB,27.0,27.24733810492088,26.633880617484454,10.0,0.0628971163341916,0.0628971163341916,-0.24733810492087827,0.24733810492087827,-0.18444098858668667,1.2760536983418689,1.2760536983418689,0.36611938251554577,0.36611938251554577,0.9099343158263231
2025.0,Tory Horton,WR,1.0,1.0,1.0,0.0,WR,1.0,1.6134574874364223,1.0,0.0,0.0,0.0,-0.6134574874364223,0.6134574874364223,-0.6134574874364223,0.0,0.0,0.0,0.0,0.0
2025.0,Travis Etienne,RB,10.0,8.949208861184125,8.577400371432848,2.0,RB,10.0,11.002973351928556,10.389515864492134,2.0,1.0507911388158746,1.0507911388158746,-1.0029733519285564,1.0029733519285564,0.04781778688731819,1.422599628567152,1.422599628567152,-0.38951586449213416,0.38951586449213416,1.033083764075018
2025.0,Travis Hunter,WR,27.0,18.945390779018147,18.106030691736542,12.0,WR,27.0,19.652090804183736,19.038633316747315,12.0,8.054609220981853,8.054609220981853,7.347909195816264,7.347909195816264,0.7067000251655884,8.893969308263458,8.893969308263458,7.961366683252685,7.961366683252685,0.9326026250107731
2025.0,Travis Kelce,TE,11.0,11.351692695367948,10.867512785813936,6.0,TE,11.0,12.42354632920989,11.810088841773467,6.0,-0.351692695367948,0.351692695367948,-1.4235463292098895,1.4235463292098895,-1.0718536338419415,0.1324872141860638,0.1324872141860638,-0.8100888417734673,0.8100888417734673,-0.6776016275874035
2025.0,Treveyon Henderson,RB,43.0,45.57070677831761,43.48600030453089,32.0,RB,43.0,44.48887737870228,43.87541989126586,32.0,-2.570706778317607,2.570706778317607,-1.488877378702277,1.488877378702277,1.08182939961533,-0.48600030453089005,0.48600030453089005,-0.8754198912658566,0.8754198912658566,-0.38941958673496657
2025.0,Trevor Lawrence,QB,2.0,1.0,1.0,0.0,QB,2.0,1.6134574874364223,1.0,0.0,1.0,1.0,0.38654251256357774,0.38654251256357774,0.6134574874364223,1.0,1.0,1.0,1.0,0.0
2025.0,Trey Benson,RB,1.0,1.0,1.0,0.0,RB,1.0,3.9243094935423133,3.310852006105891,0.0,0.0,0.0,-2.9243094935423133,2.9243094935423133,-2.9243094935423133,0.0,0.0,-2.310852006105891,2.310852006105891,-2.310852006105891
2025.0,Trey Mcbride,TE,32.0,50.6000096050107,48.28006745920315,60.0,TE,32.0,48.3232254792178,47.709767991781376,60.0,-18.600009605010698,18.600009605010698,-16.323225479217797,16.323225479217797,2.2767841257929007,-16.280067459203153,16.280067459203153,-15.709767991781376,15.709767991781376,0.5702994674217763
2025.0,Tucker Kraft,TE,1.0,2.7577921575752624,2.67557491321576,1.0,TE,1.0,2.3040108438126428,1.6905533563762207,1.0,-1.7577921575752624,1.7577921575752624,-1.3040108438126428,1.3040108438126428,0.45378131376261965,-1.67557491321576,1.67557491321576,-0.6905533563762207,0.6905533563762207,0.9850215568395393
2025.0,Tyjae Spears,RB,3.0,4.555424970996228,4.389127014561206,2.0,RB,3.0,4.395898074408472,3.78244058697205,2.0,-1.5554249709962278,1.5554249709962278,-1.3958980744084721,1.3958980744084721,0.15952689658775565,-1.3891270145612058,1.3891270145612058,-0.7824405869720499,0.7824405869720499,0.6066864275891559
2025.0,Tyler Allgeier,RB,1.0,1.0,1.0,0.0,RB,1.0,1.6134574874364223,1.0,0.0,0.0,0.0,-0.6134574874364223,0.6134574874364223,-0.6134574874364223,0.0,0.0,0.0,0.0,0.0
2025.0,Tyler Warren,TE,8.0,6.131654320173028,5.891631359897591,2.0,TE,8.0,7.8790640797478355,7.265606592311413,2.0,1.8683456798269722,1.8683456798269722,0.12093592025216449,0.12093592025216449,1.7474097595748077,2.108368640102409,2.108368640102409,0.7343934076885867,0.7343934076885867,1.3739752324138221
2025.0,Tyreek Hill,WR,51.0,51.223361230266335,48.874263047623224,54.0,WR,51.0,50.33603187417933,49.722574386742906,54.0,-0.2233612302663346,0.2233612302663346,0.6639681258206735,0.6639681258206735,-0.44060689555433896,2.1257369523767764,2.1257369523767764,1.277425613257094,1.277425613257094,0.8483113391196824
2025.0,Tyrone Tracy,RB,12.0,20.498297753040635,19.586303519793272,7.0,RB,12.0,21.4744677807601,20.86101029332368,7.0,-8.498297753040635,8.498297753040635,-9.4744677807601,9.4744677807601,-0.9761700277194656,-7.586303519793272,7.586303519793272,-8.86101029332368,8.86101029332368,-1.2747067735304078
2025.0,Will Shipley,RB,1.0,1.0,1.0,0.0,RB,1.0,1.6134574874364223,1.0,0.0,0.0,0.0,-0.6134574874364223,0.6134574874364223,-0.6134574874364223,0.0,0.0,0.0,0.0,0.0
2025.0,Xavier Legette,WR,1.0,1.0,1.0,0.0,WR,1.0,1.6134574874364223,1.0,0.0,0.0,0.0,-0.6134574874364223,0.6134574874364223,-0.6134574874364223,0.0,0.0,0.0,0.0,0.0
2025.0,Xavier Worthy,WR,28.0,30.034502892509533,28.67647156390069,26.0,WR,28.0,28.75624556039127,28.14278807295485,26.0,-2.0345028925095328,2.0345028925095328,-0.756245560391271,0.756245560391271,1.2782573321182618,-0.6764715639006909,0.6764715639006909,-0.14278807295485052,0.14278807295485052,0.5336834909458403
2025.0,Zach Charbonnet,RB,7.0,1.2595657023288303,1.2474250310419852,0.0,RB,7.0,7.385684609352968,6.772227121916546,0.0,5.74043429767117,5.74043429767117,-0.38568460935296844,0.38568460935296844,5.3547496883182015,5.752574968958015,5.752574968958015,0.2277728780834538,0.2277728780834538,5.524802090874561
2025.0,Zay Flowers,WR,20.0,23.478475601602835,22.427089455976024,19.0,WR,20.0,22.296895032359984,21.68343754492356,19.0,-3.4784756016028346,3.4784756016028346,-2.296895032359984,2.296895032359984,1.1815805692428505,-2.4270894559760237,2.4270894559760237,-1.6834375449235601,1.6834375449235601,0.7436519110524635
