lock_version,model_run_id,target_name,method,slice_type,slice_value,metric,n_rows,n_seasons,value
v2_conditional_ppg_2026_candidate_nffc_v1,v2_locked_final_nffc_20260826T211223Z_8be6a307,conditional_ppg,conditional_ppg_history_gap_no_history_route,pooled,all,rmse,3696,9,3.082785109394134
v2_conditional_ppg_2026_candidate_nffc_v1,v2_locked_final_nffc_20260826T211223Z_8be6a307,conditional_ppg,conditional_ppg_history_gap_no_history_route,pooled,all,mae,3696,9,2.403498226278502
v2_conditional_ppg_2026_candidate_nffc_v1,v2_locked_final_nffc_20260826T211223Z_8be6a307,conditional_ppg,conditional_ppg_history_gap_no_history_route,pooled,all,bias,3696,9,0.1662229103306878
v2_conditional_ppg_2026_candidate_nffc_v1,v2_locked_final_nffc_20260826T211223Z_8be6a307,conditional_ppg,conditional_ppg_history_gap_no_history_route,pooled,all,spearman,3696,9,0.8119744878258969
v2_conditional_ppg_2026_candidate_nffc_v1,v2_locked_final_nffc_20260826T211223Z_8be6a307,conditional_ppg,conditional_ppg_history_gap_no_history_route,provider_era,2023_2025,rmse,1237,3,3.0532981617996913
v2_conditional_ppg_2026_candidate_nffc_v1,v2_locked_final_nffc_20260826T211223Z_8be6a307,conditional_ppg,conditional_ppg_history_gap_no_history_route,provider_era,2023_2025,mae,1237,3,2.384688933295586
v2_conditional_ppg_2026_candidate_nffc_v1,v2_locked_final_nffc_20260826T211223Z_8be6a307,conditional_ppg,conditional_ppg_history_gap_no_history_route,provider_era,2023_2025,bias,1237,3,0.30479281078581044
v2_conditional_ppg_2026_candidate_nffc_v1,v2_locked_final_nffc_20260826T211223Z_8be6a307,conditional_ppg,conditional_ppg_history_gap_no_history_route,provider_era,2023_2025,spearman,1237,3,0.8192298678211674
v2_conditional_ppg_2026_candidate_nffc_v1,v2_locked_final_nffc_20260826T211223Z_8be6a307,conditional_ppg,conditional_ppg_history_gap_no_history_route,season,2017,rmse,407,1,3.0655904220018924
v2_conditional_ppg_2026_candidate_nffc_v1,v2_locked_final_nffc_20260826T211223Z_8be6a307,conditional_ppg,conditional_ppg_history_gap_no_history_route,season,2017,mae,407,1,2.40243442753794
v2_conditional_ppg_2026_candidate_nffc_v1,v2_locked_final_nffc_20260826T211223Z_8be6a307,conditional_ppg,conditional_ppg_history_gap_no_history_route,season,2017,bias,407,1,0.39283679428227614
v2_conditional_ppg_2026_candidate_nffc_v1,v2_locked_final_nffc_20260826T211223Z_8be6a307,conditional_ppg,conditional_ppg_history_gap_no_history_route,season,2017,spearman,407,1,0.7968651492482295
v2_conditional_ppg_2026_candidate_nffc_v1,v2_locked_final_nffc_20260826T211223Z_8be6a307,conditional_ppg,conditional_ppg_history_gap_no_history_route,season,2018,rmse,405,1,3.306549480440157
v2_conditional_ppg_2026_candidate_nffc_v1,v2_locked_final_nffc_20260826T211223Z_8be6a307,conditional_ppg,conditional_ppg_history_gap_no_history_route,season,2018,mae,405,1,2.5204046729827385
v2_conditional_ppg_2026_candidate_nffc_v1,v2_locked_final_nffc_20260826T211223Z_8be6a307,conditional_ppg,conditional_ppg_history_gap_no_history_route,season,2018,bias,405,1,-0.49586864213825443
v2_conditional_ppg_2026_candidate_nffc_v1,v2_locked_final_nffc_20260826T211223Z_8be6a307,conditional_ppg,conditional_ppg_history_gap_no_history_route,season,2018,spearman,405,1,0.8036323517391915
v2_conditional_ppg_2026_candidate_nffc_v1,v2_locked_final_nffc_20260826T211223Z_8be6a307,conditional_ppg,conditional_ppg_history_gap_no_history_route,season,2019,rmse,388,1,3.070053538746403
v2_conditional_ppg_2026_candidate_nffc_v1,v2_locked_final_nffc_20260826T211223Z_8be6a307,conditional_ppg,conditional_ppg_history_gap_no_history_route,season,2019,mae,388,1,2.4238089843536206
v2_conditional_ppg_2026_candidate_nffc_v1,v2_locked_final_nffc_20260826T211223Z_8be6a307,conditional_ppg,conditional_ppg_history_gap_no_history_route,season,2019,bias,388,1,-0.03670780995001741
v2_conditional_ppg_2026_candidate_nffc_v1,v2_locked_final_nffc_20260826T211223Z_8be6a307,conditional_ppg,conditional_ppg_history_gap_no_history_route,season,2019,spearman,388,1,0.7998713933052854
v2_conditional_ppg_2026_candidate_nffc_v1,v2_locked_final_nffc_20260826T211223Z_8be6a307,conditional_ppg,conditional_ppg_history_gap_no_history_route,season,2020,rmse,414,1,3.2840904095803123
v2_conditional_ppg_2026_candidate_nffc_v1,v2_locked_final_nffc_20260826T211223Z_8be6a307,conditional_ppg,conditional_ppg_history_gap_no_history_route,season,2020,mae,414,1,2.511832157251962
v2_conditional_ppg_2026_candidate_nffc_v1,v2_locked_final_nffc_20260826T211223Z_8be6a307,conditional_ppg,conditional_ppg_history_gap_no_history_route,season,2020,bias,414,1,-0.26670126761083063
v2_conditional_ppg_2026_candidate_nffc_v1,v2_locked_final_nffc_20260826T211223Z_8be6a307,conditional_ppg,conditional_ppg_history_gap_no_history_route,season,2020,spearman,414,1,0.7996593678740422
v2_conditional_ppg_2026_candidate_nffc_v1,v2_locked_final_nffc_20260826T211223Z_8be6a307,conditional_ppg,conditional_ppg_history_gap_no_history_route,season,2021,rmse,419,1,3.0342177201873155
v2_conditional_ppg_2026_candidate_nffc_v1,v2_locked_final_nffc_20260826T211223Z_8be6a307,conditional_ppg,conditional_ppg_history_gap_no_history_route,season,2021,mae,419,1,2.3546838000863404
v2_conditional_ppg_2026_candidate_nffc_v1,v2_locked_final_nffc_20260826T211223Z_8be6a307,conditional_ppg,conditional_ppg_history_gap_no_history_route,season,2021,bias,419,1,0.291642952552463
v2_conditional_ppg_2026_candidate_nffc_v1,v2_locked_final_nffc_20260826T211223Z_8be6a307,conditional_ppg,conditional_ppg_history_gap_no_history_route,season,2021,spearman,419,1,0.8134560920149484
v2_conditional_ppg_2026_candidate_nffc_v1,v2_locked_final_nffc_20260826T211223Z_8be6a307,conditional_ppg,conditional_ppg_history_gap_no_history_route,season,2022,rmse,426,1,2.808683196651222
v2_conditional_ppg_2026_candidate_nffc_v1,v2_locked_final_nffc_20260826T211223Z_8be6a307,conditional_ppg,conditional_ppg_history_gap_no_history_route,season,2022,mae,426,1,2.272219760575257
v2_conditional_ppg_2026_candidate_nffc_v1,v2_locked_final_nffc_20260826T211223Z_8be6a307,conditional_ppg,conditional_ppg_history_gap_no_history_route,season,2022,bias,426,1,0.6589951933457513
v2_conditional_ppg_2026_candidate_nffc_v1,v2_locked_final_nffc_20260826T211223Z_8be6a307,conditional_ppg,conditional_ppg_history_gap_no_history_route,season,2022,spearman,426,1,0.8348979655039489
v2_conditional_ppg_2026_candidate_nffc_v1,v2_locked_final_nffc_20260826T211223Z_8be6a307,conditional_ppg,conditional_ppg_history_gap_no_history_route,season,2023,rmse,413,1,3.1413402879207393
v2_conditional_ppg_2026_candidate_nffc_v1,v2_locked_final_nffc_20260826T211223Z_8be6a307,conditional_ppg,conditional_ppg_history_gap_no_history_route,season,2023,mae,413,1,2.4212421650763223
v2_conditional_ppg_2026_candidate_nffc_v1,v2_locked_final_nffc_20260826T211223Z_8be6a307,conditional_ppg,conditional_ppg_history_gap_no_history_route,season,2023,bias,413,1,0.4822053498833861
v2_conditional_ppg_2026_candidate_nffc_v1,v2_locked_final_nffc_20260826T211223Z_8be6a307,conditional_ppg,conditional_ppg_history_gap_no_history_route,season,2023,spearman,413,1,0.8168837139817765
v2_conditional_ppg_2026_candidate_nffc_v1,v2_locked_final_nffc_20260826T211223Z_8be6a307,conditional_ppg,conditional_ppg_history_gap_no_history_route,season,2024,rmse,407,1,3.1006444553064703
v2_conditional_ppg_2026_candidate_nffc_v1,v2_locked_final_nffc_20260826T211223Z_8be6a307,conditional_ppg,conditional_ppg_history_gap_no_history_route,season,2024,mae,407,1,2.4959617767029947
v2_conditional_ppg_2026_candidate_nffc_v1,v2_locked_final_nffc_20260826T211223Z_8be6a307,conditional_ppg,conditional_ppg_history_gap_no_history_route,season,2024,bias,407,1,0.23436579825112624
v2_conditional_ppg_2026_candidate_nffc_v1,v2_locked_final_nffc_20260826T211223Z_8be6a307,conditional_ppg,conditional_ppg_history_gap_no_history_route,season,2024,spearman,407,1,0.8231455767375209
v2_conditional_ppg_2026_candidate_nffc_v1,v2_locked_final_nffc_20260826T211223Z_8be6a307,conditional_ppg,conditional_ppg_history_gap_no_history_route,season,2025,rmse,417,1,2.9151488650685047
v2_conditional_ppg_2026_candidate_nffc_v1,v2_locked_final_nffc_20260826T211223Z_8be6a307,conditional_ppg,conditional_ppg_history_gap_no_history_route,season,2025,mae,417,1,2.239881902139087
v2_conditional_ppg_2026_candidate_nffc_v1,v2_locked_final_nffc_20260826T211223Z_8be6a307,conditional_ppg,conditional_ppg_history_gap_no_history_route,season,2025,bias,417,1,0.19782018597602072
v2_conditional_ppg_2026_candidate_nffc_v1,v2_locked_final_nffc_20260826T211223Z_8be6a307,conditional_ppg,conditional_ppg_history_gap_no_history_route,season,2025,spearman,417,1,0.8281881537613713
v2_conditional_ppg_2026_candidate_nffc_v1,v2_locked_final_nffc_20260826T211223Z_8be6a307,conditional_ppg,conditional_ppg_history_gap_no_history_route,position,QB,rmse,380,9,4.251396352382691
v2_conditional_ppg_2026_candidate_nffc_v1,v2_locked_final_nffc_20260826T211223Z_8be6a307,conditional_ppg,conditional_ppg_history_gap_no_history_route,position,QB,mae,380,9,3.3536810187496813
v2_conditional_ppg_2026_candidate_nffc_v1,v2_locked_final_nffc_20260826T211223Z_8be6a307,conditional_ppg,conditional_ppg_history_gap_no_history_route,position,QB,bias,380,9,-0.053182609760020566
v2_conditional_ppg_2026_candidate_nffc_v1,v2_locked_final_nffc_20260826T211223Z_8be6a307,conditional_ppg,conditional_ppg_history_gap_no_history_route,position,QB,spearman,380,9,0.5947361742304311
v2_conditional_ppg_2026_candidate_nffc_v1,v2_locked_final_nffc_20260826T211223Z_8be6a307,conditional_ppg,conditional_ppg_history_gap_no_history_route,position,RB,rmse,1011,9,3.3121784588475567
v2_conditional_ppg_2026_candidate_nffc_v1,v2_locked_final_nffc_20260826T211223Z_8be6a307,conditional_ppg,conditional_ppg_history_gap_no_history_route,position,RB,mae,1011,9,2.61605518098229
v2_conditional_ppg_2026_candidate_nffc_v1,v2_locked_final_nffc_20260826T211223Z_8be6a307,conditional_ppg,conditional_ppg_history_gap_no_history_route,position,RB,bias,1011,9,0.04740341864902135
v2_conditional_ppg_2026_candidate_nffc_v1,v2_locked_final_nffc_20260826T211223Z_8be6a307,conditional_ppg,conditional_ppg_history_gap_no_history_route,position,RB,spearman,1011,9,0.7457774249905218
v2_conditional_ppg_2026_candidate_nffc_v1,v2_locked_final_nffc_20260826T211223Z_8be6a307,conditional_ppg,conditional_ppg_history_gap_no_history_route,position,TE,rmse,802,9,2.2138490707886103
v2_conditional_ppg_2026_candidate_nffc_v1,v2_locked_final_nffc_20260826T211223Z_8be6a307,conditional_ppg,conditional_ppg_history_gap_no_history_route,position,TE,mae,802,9,1.7498287793376215
v2_conditional_ppg_2026_candidate_nffc_v1,v2_locked_final_nffc_20260826T211223Z_8be6a307,conditional_ppg,conditional_ppg_history_gap_no_history_route,position,TE,bias,802,9,0.27922659239710723
v2_conditional_ppg_2026_candidate_nffc_v1,v2_locked_final_nffc_20260826T211223Z_8be6a307,conditional_ppg,conditional_ppg_history_gap_no_history_route,position,TE,spearman,802,9,0.7135531013765495
v2_conditional_ppg_2026_candidate_nffc_v1,v2_locked_final_nffc_20260826T211223Z_8be6a307,conditional_ppg,conditional_ppg_history_gap_no_history_route,position,WR,rmse,1503,9,2.96744426167093
v2_conditional_ppg_2026_candidate_nffc_v1,v2_locked_final_nffc_20260826T211223Z_8be6a307,conditional_ppg,conditional_ppg_history_gap_no_history_route,position,WR,mae,1503,9,2.3690859535586144
v2_conditional_ppg_2026_candidate_nffc_v1,v2_locked_final_nffc_20260826T211223Z_8be6a307,conditional_ppg,conditional_ppg_history_gap_no_history_route,position,WR,bias,1503,9,0.24132048232494316
v2_conditional_ppg_2026_candidate_nffc_v1,v2_locked_final_nffc_20260826T211223Z_8be6a307,conditional_ppg,conditional_ppg_history_gap_no_history_route,position,WR,spearman,1503,9,0.7512938285987607
v2_conditional_ppg_2026_candidate_nffc_v1,v2_locked_final_nffc_20260826T211223Z_8be6a307,conditional_ppg,conditional_ppg_history_gap_no_history_route,history_depth,other_no_history,rmse,27,8,2.5113407678101045
v2_conditional_ppg_2026_candidate_nffc_v1,v2_locked_final_nffc_20260826T211223Z_8be6a307,conditional_ppg,conditional_ppg_history_gap_no_history_route,history_depth,other_no_history,mae,27,8,1.9974389236578223
v2_conditional_ppg_2026_candidate_nffc_v1,v2_locked_final_nffc_20260826T211223Z_8be6a307,conditional_ppg,conditional_ppg_history_gap_no_history_route,history_depth,other_no_history,bias,27,8,0.42372156748549805
v2_conditional_ppg_2026_candidate_nffc_v1,v2_locked_final_nffc_20260826T211223Z_8be6a307,conditional_ppg,conditional_ppg_history_gap_no_history_route,history_depth,other_no_history,spearman,27,8,0.3937728937728938
v2_conditional_ppg_2026_candidate_nffc_v1,v2_locked_final_nffc_20260826T211223Z_8be6a307,conditional_ppg,conditional_ppg_history_gap_no_history_route,history_depth,rookie,rmse,531,9,3.453915254379373
v2_conditional_ppg_2026_candidate_nffc_v1,v2_locked_final_nffc_20260826T211223Z_8be6a307,conditional_ppg,conditional_ppg_history_gap_no_history_route,history_depth,rookie,mae,531,9,2.7375706577190426
v2_conditional_ppg_2026_candidate_nffc_v1,v2_locked_final_nffc_20260826T211223Z_8be6a307,conditional_ppg,conditional_ppg_history_gap_no_history_route,history_depth,rookie,bias,531,9,0.20279315760202374
v2_conditional_ppg_2026_candidate_nffc_v1,v2_locked_final_nffc_20260826T211223Z_8be6a307,conditional_ppg,conditional_ppg_history_gap_no_history_route,history_depth,rookie,spearman,531,9,0.6562087275265274
v2_conditional_ppg_2026_candidate_nffc_v1,v2_locked_final_nffc_20260826T211223Z_8be6a307,conditional_ppg,conditional_ppg_history_gap_no_history_route,history_depth,second_year,rmse,567,9,3.20059564601779
v2_conditional_ppg_2026_candidate_nffc_v1,v2_locked_final_nffc_20260826T211223Z_8be6a307,conditional_ppg,conditional_ppg_history_gap_no_history_route,history_depth,second_year,mae,567,9,2.441898273659633
v2_conditional_ppg_2026_candidate_nffc_v1,v2_locked_final_nffc_20260826T211223Z_8be6a307,conditional_ppg,conditional_ppg_history_gap_no_history_route,history_depth,second_year,bias,567,9,0.11239909431092143
v2_conditional_ppg_2026_candidate_nffc_v1,v2_locked_final_nffc_20260826T211223Z_8be6a307,conditional_ppg,conditional_ppg_history_gap_no_history_route,history_depth,second_year,spearman,567,9,0.7698411560730284
v2_conditional_ppg_2026_candidate_nffc_v1,v2_locked_final_nffc_20260826T211223Z_8be6a307,conditional_ppg,conditional_ppg_history_gap_no_history_route,history_depth,veteran_with_history,rmse,2571,9,2.978730889616682
v2_conditional_ppg_2026_candidate_nffc_v1,v2_locked_final_nffc_20260826T211223Z_8be6a307,conditional_ppg,conditional_ppg_history_gap_no_history_route,history_depth,veteran_with_history,mae,2571,9,2.330296481125149
v2_conditional_ppg_2026_candidate_nffc_v1,v2_locked_final_nffc_20260826T211223Z_8be6a307,conditional_ppg,conditional_ppg_history_gap_no_history_route,history_depth,veteran_with_history,bias,2571,9,0.16783583862277196
v2_conditional_ppg_2026_candidate_nffc_v1,v2_locked_final_nffc_20260826T211223Z_8be6a307,conditional_ppg,conditional_ppg_history_gap_no_history_route,history_depth,veteran_with_history,spearman,2571,9,0.843928384739028
v2_conditional_ppg_2026_candidate_nffc_v1,v2_locked_final_nffc_20260826T211223Z_8be6a307,conditional_ppg,conditional_ppg_lasso,pooled,all,rmse,3696,9,3.1303847912297593
v2_conditional_ppg_2026_candidate_nffc_v1,v2_locked_final_nffc_20260826T211223Z_8be6a307,conditional_ppg,conditional_ppg_lasso,pooled,all,mae,3696,9,2.420173121603046
v2_conditional_ppg_2026_candidate_nffc_v1,v2_locked_final_nffc_20260826T211223Z_8be6a307,conditional_ppg,conditional_ppg_lasso,pooled,all,bias,3696,9,0.04709004300818674
v2_conditional_ppg_2026_candidate_nffc_v1,v2_locked_final_nffc_20260826T211223Z_8be6a307,conditional_ppg,conditional_ppg_lasso,pooled,all,spearman,3696,9,0.8047267060323477
v2_conditional_ppg_2026_candidate_nffc_v1,v2_locked_final_nffc_20260826T211223Z_8be6a307,conditional_ppg,conditional_ppg_lasso,provider_era,2023_2025,rmse,1237,3,3.0926356677774396
v2_conditional_ppg_2026_candidate_nffc_v1,v2_locked_final_nffc_20260826T211223Z_8be6a307,conditional_ppg,conditional_ppg_lasso,provider_era,2023_2025,mae,1237,3,2.381498056383
v2_conditional_ppg_2026_candidate_nffc_v1,v2_locked_final_nffc_20260826T211223Z_8be6a307,conditional_ppg,conditional_ppg_lasso,provider_era,2023_2025,bias,1237,3,0.14524503431847977
v2_conditional_ppg_2026_candidate_nffc_v1,v2_locked_final_nffc_20260826T211223Z_8be6a307,conditional_ppg,conditional_ppg_lasso,provider_era,2023_2025,spearman,1237,3,0.815534703222354
v2_conditional_ppg_2026_candidate_nffc_v1,v2_locked_final_nffc_20260826T211223Z_8be6a307,conditional_ppg,conditional_ppg_lasso,season,2017,rmse,407,1,3.123352797515632
v2_conditional_ppg_2026_candidate_nffc_v1,v2_locked_final_nffc_20260826T211223Z_8be6a307,conditional_ppg,conditional_ppg_lasso,season,2017,mae,407,1,2.426055346030507
v2_conditional_ppg_2026_candidate_nffc_v1,v2_locked_final_nffc_20260826T211223Z_8be6a307,conditional_ppg,conditional_ppg_lasso,season,2017,bias,407,1,0.22971226474489653
v2_conditional_ppg_2026_candidate_nffc_v1,v2_locked_final_nffc_20260826T211223Z_8be6a307,conditional_ppg,conditional_ppg_lasso,season,2017,spearman,407,1,0.7864356115258233
v2_conditional_ppg_2026_candidate_nffc_v1,v2_locked_final_nffc_20260826T211223Z_8be6a307,conditional_ppg,conditional_ppg_lasso,season,2018,rmse,405,1,3.419673478324307
v2_conditional_ppg_2026_candidate_nffc_v1,v2_locked_final_nffc_20260826T211223Z_8be6a307,conditional_ppg,conditional_ppg_lasso,season,2018,mae,405,1,2.5676040488695935
v2_conditional_ppg_2026_candidate_nffc_v1,v2_locked_final_nffc_20260826T211223Z_8be6a307,conditional_ppg,conditional_ppg_lasso,season,2018,bias,405,1,-0.7609581450955583
v2_conditional_ppg_2026_candidate_nffc_v1,v2_locked_final_nffc_20260826T211223Z_8be6a307,conditional_ppg,conditional_ppg_lasso,season,2018,spearman,405,1,0.7966379791928189
v2_conditional_ppg_2026_candidate_nffc_v1,v2_locked_final_nffc_20260826T211223Z_8be6a307,conditional_ppg,conditional_ppg_lasso,season,2019,rmse,388,1,3.172071023735681
v2_conditional_ppg_2026_candidate_nffc_v1,v2_locked_final_nffc_20260826T211223Z_8be6a307,conditional_ppg,conditional_ppg_lasso,season,2019,mae,388,1,2.4876594370568483
v2_conditional_ppg_2026_candidate_nffc_v1,v2_locked_final_nffc_20260826T211223Z_8be6a307,conditional_ppg,conditional_ppg_lasso,season,2019,bias,388,1,-0.23067989266723146
v2_conditional_ppg_2026_candidate_nffc_v1,v2_locked_final_nffc_20260826T211223Z_8be6a307,conditional_ppg,conditional_ppg_lasso,season,2019,spearman,388,1,0.7936933413423243
v2_conditional_ppg_2026_candidate_nffc_v1,v2_locked_final_nffc_20260826T211223Z_8be6a307,conditional_ppg,conditional_ppg_lasso,season,2020,rmse,414,1,3.320568034029759
v2_conditional_ppg_2026_candidate_nffc_v1,v2_locked_final_nffc_20260826T211223Z_8be6a307,conditional_ppg,conditional_ppg_lasso,season,2020,mae,414,1,2.5609162024011574
v2_conditional_ppg_2026_candidate_nffc_v1,v2_locked_final_nffc_20260826T211223Z_8be6a307,conditional_ppg,conditional_ppg_lasso,season,2020,bias,414,1,-0.25388766543172503
v2_conditional_ppg_2026_candidate_nffc_v1,v2_locked_final_nffc_20260826T211223Z_8be6a307,conditional_ppg,conditional_ppg_lasso,season,2020,spearman,414,1,0.7863777252093502
v2_conditional_ppg_2026_candidate_nffc_v1,v2_locked_final_nffc_20260826T211223Z_8be6a307,conditional_ppg,conditional_ppg_lasso,season,2021,rmse,419,1,3.049387386436904
v2_conditional_ppg_2026_candidate_nffc_v1,v2_locked_final_nffc_20260826T211223Z_8be6a307,conditional_ppg,conditional_ppg_lasso,season,2021,mae,419,1,2.3645728585738977
v2_conditional_ppg_2026_candidate_nffc_v1,v2_locked_final_nffc_20260826T211223Z_8be6a307,conditional_ppg,conditional_ppg_lasso,season,2021,bias,419,1,0.3597778599062365
v2_conditional_ppg_2026_candidate_nffc_v1,v2_locked_final_nffc_20260826T211223Z_8be6a307,conditional_ppg,conditional_ppg_lasso,season,2021,spearman,419,1,0.806598714153044
v2_conditional_ppg_2026_candidate_nffc_v1,v2_locked_final_nffc_20260826T211223Z_8be6a307,conditional_ppg,conditional_ppg_lasso,season,2022,rmse,426,1,2.7897550319953144
v2_conditional_ppg_2026_candidate_nffc_v1,v2_locked_final_nffc_20260826T211223Z_8be6a307,conditional_ppg,conditional_ppg_lasso,season,2022,mae,426,1,2.243134739337757
v2_conditional_ppg_2026_candidate_nffc_v1,v2_locked_final_nffc_20260826T211223Z_8be6a307,conditional_ppg,conditional_ppg_lasso,season,2022,bias,426,1,0.5937516832435066
v2_conditional_ppg_2026_candidate_nffc_v1,v2_locked_final_nffc_20260826T211223Z_8be6a307,conditional_ppg,conditional_ppg_lasso,season,2022,spearman,426,1,0.8303031399001742
v2_conditional_ppg_2026_candidate_nffc_v1,v2_locked_final_nffc_20260826T211223Z_8be6a307,conditional_ppg,conditional_ppg_lasso,season,2023,rmse,413,1,3.143863300965827
v2_conditional_ppg_2026_candidate_nffc_v1,v2_locked_final_nffc_20260826T211223Z_8be6a307,conditional_ppg,conditional_ppg_lasso,season,2023,mae,413,1,2.38536627495319
v2_conditional_ppg_2026_candidate_nffc_v1,v2_locked_final_nffc_20260826T211223Z_8be6a307,conditional_ppg,conditional_ppg_lasso,season,2023,bias,413,1,0.35629075093504303
v2_conditional_ppg_2026_candidate_nffc_v1,v2_locked_final_nffc_20260826T211223Z_8be6a307,conditional_ppg,conditional_ppg_lasso,season,2023,spearman,413,1,0.8152366312295382
v2_conditional_ppg_2026_candidate_nffc_v1,v2_locked_final_nffc_20260826T211223Z_8be6a307,conditional_ppg,conditional_ppg_lasso,season,2024,rmse,407,1,3.1301312470852993
v2_conditional_ppg_2026_candidate_nffc_v1,v2_locked_final_nffc_20260826T211223Z_8be6a307,conditional_ppg,conditional_ppg_lasso,season,2024,mae,407,1,2.4942581683882343
v2_conditional_ppg_2026_candidate_nffc_v1,v2_locked_final_nffc_20260826T211223Z_8be6a307,conditional_ppg,conditional_ppg_lasso,season,2024,bias,407,1,0.08971154812139721
v2_conditional_ppg_2026_candidate_nffc_v1,v2_locked_final_nffc_20260826T211223Z_8be6a307,conditional_ppg,conditional_ppg_lasso,season,2024,spearman,407,1,0.8192543994123063
v2_conditional_ppg_2026_candidate_nffc_v1,v2_locked_final_nffc_20260826T211223Z_8be6a307,conditional_ppg,conditional_ppg_lasso,season,2025,rmse,417,1,3.003372764433933
v2_conditional_ppg_2026_candidate_nffc_v1,v2_locked_final_nffc_20260826T211223Z_8be6a307,conditional_ppg,conditional_ppg_lasso,season,2025,mae,417,1,2.267610910446265
v2_conditional_ppg_2026_candidate_nffc_v1,v2_locked_final_nffc_20260826T211223Z_8be6a307,conditional_ppg,conditional_ppg_lasso,season,2025,bias,417,1,-0.009574515035064589
v2_conditional_ppg_2026_candidate_nffc_v1,v2_locked_final_nffc_20260826T211223Z_8be6a307,conditional_ppg,conditional_ppg_lasso,season,2025,spearman,417,1,0.8222247496455224
v2_conditional_ppg_2026_candidate_nffc_v1,v2_locked_final_nffc_20260826T211223Z_8be6a307,conditional_ppg,conditional_ppg_lasso,position,QB,rmse,380,9,4.334773148950213
v2_conditional_ppg_2026_candidate_nffc_v1,v2_locked_final_nffc_20260826T211223Z_8be6a307,conditional_ppg,conditional_ppg_lasso,position,QB,mae,380,9,3.4039413042414197
v2_conditional_ppg_2026_candidate_nffc_v1,v2_locked_final_nffc_20260826T211223Z_8be6a307,conditional_ppg,conditional_ppg_lasso,position,QB,bias,380,9,-0.0732947406011422
v2_conditional_ppg_2026_candidate_nffc_v1,v2_locked_final_nffc_20260826T211223Z_8be6a307,conditional_ppg,conditional_ppg_lasso,position,QB,spearman,380,9,0.5879034606802493
v2_conditional_ppg_2026_candidate_nffc_v1,v2_locked_final_nffc_20260826T211223Z_8be6a307,conditional_ppg,conditional_ppg_lasso,position,RB,rmse,1011,9,3.370595309247627
v2_conditional_ppg_2026_candidate_nffc_v1,v2_locked_final_nffc_20260826T211223Z_8be6a307,conditional_ppg,conditional_ppg_lasso,position,RB,mae,1011,9,2.6304212488081675
v2_conditional_ppg_2026_candidate_nffc_v1,v2_locked_final_nffc_20260826T211223Z_8be6a307,conditional_ppg,conditional_ppg_lasso,position,RB,bias,1011,9,-0.11115340619536083
v2_conditional_ppg_2026_candidate_nffc_v1,v2_locked_final_nffc_20260826T211223Z_8be6a307,conditional_ppg,conditional_ppg_lasso,position,RB,spearman,1011,9,0.7331326834151859
v2_conditional_ppg_2026_candidate_nffc_v1,v2_locked_final_nffc_20260826T211223Z_8be6a307,conditional_ppg,conditional_ppg_lasso,position,TE,rmse,802,9,2.232225812032376
v2_conditional_ppg_2026_candidate_nffc_v1,v2_locked_final_nffc_20260826T211223Z_8be6a307,conditional_ppg,conditional_ppg_lasso,position,TE,mae,802,9,1.7376575642032013
v2_conditional_ppg_2026_candidate_nffc_v1,v2_locked_final_nffc_20260826T211223Z_8be6a307,conditional_ppg,conditional_ppg_lasso,position,TE,bias,802,9,-0.06684739423150185
v2_conditional_ppg_2026_candidate_nffc_v1,v2_locked_final_nffc_20260826T211223Z_8be6a307,conditional_ppg,conditional_ppg_lasso,position,TE,spearman,802,9,0.6986623811606412
v2_conditional_ppg_2026_candidate_nffc_v1,v2_locked_final_nffc_20260826T211223Z_8be6a307,conditional_ppg,conditional_ppg_lasso,position,WR,rmse,1503,9,3.007623227101303
v2_conditional_ppg_2026_candidate_nffc_v1,v2_locked_final_nffc_20260826T211223Z_8be6a307,conditional_ppg,conditional_ppg_lasso,position,WR,mae,1503,9,2.394214845507048
v2_conditional_ppg_2026_candidate_nffc_v1,v2_locked_final_nffc_20260826T211223Z_8be6a307,conditional_ppg,conditional_ppg_lasso,position,WR,bias,1503,9,0.24476680254415606
v2_conditional_ppg_2026_candidate_nffc_v1,v2_locked_final_nffc_20260826T211223Z_8be6a307,conditional_ppg,conditional_ppg_lasso,position,WR,spearman,1503,9,0.7472449499442115
v2_conditional_ppg_2026_candidate_nffc_v1,v2_locked_final_nffc_20260826T211223Z_8be6a307,conditional_ppg,conditional_ppg_lasso,history_depth,other_no_history,rmse,27,8,2.4774898546076685
v2_conditional_ppg_2026_candidate_nffc_v1,v2_locked_final_nffc_20260826T211223Z_8be6a307,conditional_ppg,conditional_ppg_lasso,history_depth,other_no_history,mae,27,8,1.969597695432427
v2_conditional_ppg_2026_candidate_nffc_v1,v2_locked_final_nffc_20260826T211223Z_8be6a307,conditional_ppg,conditional_ppg_lasso,history_depth,other_no_history,bias,27,8,0.0951565256784092
v2_conditional_ppg_2026_candidate_nffc_v1,v2_locked_final_nffc_20260826T211223Z_8be6a307,conditional_ppg,conditional_ppg_lasso,history_depth,other_no_history,spearman,27,8,0.38583638583638585
v2_conditional_ppg_2026_candidate_nffc_v1,v2_locked_final_nffc_20260826T211223Z_8be6a307,conditional_ppg,conditional_ppg_lasso,history_depth,rookie,rmse,531,9,3.515097390145876
v2_conditional_ppg_2026_candidate_nffc_v1,v2_locked_final_nffc_20260826T211223Z_8be6a307,conditional_ppg,conditional_ppg_lasso,history_depth,rookie,mae,531,9,2.801619147819007
v2_conditional_ppg_2026_candidate_nffc_v1,v2_locked_final_nffc_20260826T211223Z_8be6a307,conditional_ppg,conditional_ppg_lasso,history_depth,rookie,bias,531,9,0.22052197706882332
v2_conditional_ppg_2026_candidate_nffc_v1,v2_locked_final_nffc_20260826T211223Z_8be6a307,conditional_ppg,conditional_ppg_lasso,history_depth,rookie,spearman,531,9,0.6442987914637764
v2_conditional_ppg_2026_candidate_nffc_v1,v2_locked_final_nffc_20260826T211223Z_8be6a307,conditional_ppg,conditional_ppg_lasso,history_depth,second_year,rmse,567,9,3.2395581815457835
v2_conditional_ppg_2026_candidate_nffc_v1,v2_locked_final_nffc_20260826T211223Z_8be6a307,conditional_ppg,conditional_ppg_lasso,history_depth,second_year,mae,567,9,2.44570096855673
v2_conditional_ppg_2026_candidate_nffc_v1,v2_locked_final_nffc_20260826T211223Z_8be6a307,conditional_ppg,conditional_ppg_lasso,history_depth,second_year,bias,567,9,-0.012051227705461898
v2_conditional_ppg_2026_candidate_nffc_v1,v2_locked_final_nffc_20260826T211223Z_8be6a307,conditional_ppg,conditional_ppg_lasso,history_depth,second_year,spearman,567,9,0.7607547347432373
v2_conditional_ppg_2026_candidate_nffc_v1,v2_locked_final_nffc_20260826T211223Z_8be6a307,conditional_ppg,conditional_ppg_lasso,history_depth,veteran_with_history,rmse,2571,9,3.0259487780810574
v2_conditional_ppg_2026_candidate_nffc_v1,v2_locked_final_nffc_20260826T211223Z_8be6a307,conditional_ppg,conditional_ppg_lasso,history_depth,veteran_with_history,mae,2571,9,2.340493388955513
v2_conditional_ppg_2026_candidate_nffc_v1,v2_locked_final_nffc_20260826T211223Z_8be6a307,conditional_ppg,conditional_ppg_lasso,history_depth,veteran_with_history,bias,2571,9,0.02380842047856589
v2_conditional_ppg_2026_candidate_nffc_v1,v2_locked_final_nffc_20260826T211223Z_8be6a307,conditional_ppg,conditional_ppg_lasso,history_depth,veteran_with_history,spearman,2571,9,0.8380309969889591
v2_conditional_ppg_2026_candidate_nffc_v1,v2_locked_final_nffc_20260826T211223Z_8be6a307,conditional_ppg,conditional_ppg_lightgbm,pooled,all,rmse,3696,9,3.1118767422985387
v2_conditional_ppg_2026_candidate_nffc_v1,v2_locked_final_nffc_20260826T211223Z_8be6a307,conditional_ppg,conditional_ppg_lightgbm,pooled,all,mae,3696,9,2.4357863754275146
v2_conditional_ppg_2026_candidate_nffc_v1,v2_locked_final_nffc_20260826T211223Z_8be6a307,conditional_ppg,conditional_ppg_lightgbm,pooled,all,bias,3696,9,0.21279634704872794
v2_conditional_ppg_2026_candidate_nffc_v1,v2_locked_final_nffc_20260826T211223Z_8be6a307,conditional_ppg,conditional_ppg_lightgbm,pooled,all,spearman,3696,9,0.8100504465747066
v2_conditional_ppg_2026_candidate_nffc_v1,v2_locked_final_nffc_20260826T211223Z_8be6a307,conditional_ppg,conditional_ppg_lightgbm,provider_era,2023_2025,rmse,1237,3,3.0805832270867275
v2_conditional_ppg_2026_candidate_nffc_v1,v2_locked_final_nffc_20260826T211223Z_8be6a307,conditional_ppg,conditional_ppg_lightgbm,provider_era,2023_2025,mae,1237,3,2.423693895316912
v2_conditional_ppg_2026_candidate_nffc_v1,v2_locked_final_nffc_20260826T211223Z_8be6a307,conditional_ppg,conditional_ppg_lightgbm,provider_era,2023_2025,bias,1237,3,0.3543913546544925
v2_conditional_ppg_2026_candidate_nffc_v1,v2_locked_final_nffc_20260826T211223Z_8be6a307,conditional_ppg,conditional_ppg_lightgbm,provider_era,2023_2025,spearman,1237,3,0.8167886706226474
v2_conditional_ppg_2026_candidate_nffc_v1,v2_locked_final_nffc_20260826T211223Z_8be6a307,conditional_ppg,conditional_ppg_lightgbm,season,2017,rmse,407,1,3.0941911463004774
v2_conditional_ppg_2026_candidate_nffc_v1,v2_locked_final_nffc_20260826T211223Z_8be6a307,conditional_ppg,conditional_ppg_lightgbm,season,2017,mae,407,1,2.434713907538578
v2_conditional_ppg_2026_candidate_nffc_v1,v2_locked_final_nffc_20260826T211223Z_8be6a307,conditional_ppg,conditional_ppg_lightgbm,season,2017,bias,407,1,0.4494628845573692
v2_conditional_ppg_2026_candidate_nffc_v1,v2_locked_final_nffc_20260826T211223Z_8be6a307,conditional_ppg,conditional_ppg_lightgbm,season,2017,spearman,407,1,0.7886441208624864
v2_conditional_ppg_2026_candidate_nffc_v1,v2_locked_final_nffc_20260826T211223Z_8be6a307,conditional_ppg,conditional_ppg_lightgbm,season,2018,rmse,405,1,3.343951855529349
v2_conditional_ppg_2026_candidate_nffc_v1,v2_locked_final_nffc_20260826T211223Z_8be6a307,conditional_ppg,conditional_ppg_lightgbm,season,2018,mae,405,1,2.552705380418501
v2_conditional_ppg_2026_candidate_nffc_v1,v2_locked_final_nffc_20260826T211223Z_8be6a307,conditional_ppg,conditional_ppg_lightgbm,season,2018,bias,405,1,-0.3745570303394215
v2_conditional_ppg_2026_candidate_nffc_v1,v2_locked_final_nffc_20260826T211223Z_8be6a307,conditional_ppg,conditional_ppg_lightgbm,season,2018,spearman,405,1,0.7939384387270609
v2_conditional_ppg_2026_candidate_nffc_v1,v2_locked_final_nffc_20260826T211223Z_8be6a307,conditional_ppg,conditional_ppg_lightgbm,season,2019,rmse,388,1,3.101633848543909
v2_conditional_ppg_2026_candidate_nffc_v1,v2_locked_final_nffc_20260826T211223Z_8be6a307,conditional_ppg,conditional_ppg_lightgbm,season,2019,mae,388,1,2.4553057577932633
v2_conditional_ppg_2026_candidate_nffc_v1,v2_locked_final_nffc_20260826T211223Z_8be6a307,conditional_ppg,conditional_ppg_lightgbm,season,2019,bias,388,1,0.03603847769544563
v2_conditional_ppg_2026_candidate_nffc_v1,v2_locked_final_nffc_20260826T211223Z_8be6a307,conditional_ppg,conditional_ppg_lightgbm,season,2019,spearman,388,1,0.7945206759947986
v2_conditional_ppg_2026_candidate_nffc_v1,v2_locked_final_nffc_20260826T211223Z_8be6a307,conditional_ppg,conditional_ppg_lightgbm,season,2020,rmse,414,1,3.31472106994111
v2_conditional_ppg_2026_candidate_nffc_v1,v2_locked_final_nffc_20260826T211223Z_8be6a307,conditional_ppg,conditional_ppg_lightgbm,season,2020,mae,414,1,2.5347271753712395
v2_conditional_ppg_2026_candidate_nffc_v1,v2_locked_final_nffc_20260826T211223Z_8be6a307,conditional_ppg,conditional_ppg_lightgbm,season,2020,bias,414,1,-0.23666103107190758
v2_conditional_ppg_2026_candidate_nffc_v1,v2_locked_final_nffc_20260826T211223Z_8be6a307,conditional_ppg,conditional_ppg_lightgbm,season,2020,spearman,414,1,0.805829534226675
v2_conditional_ppg_2026_candidate_nffc_v1,v2_locked_final_nffc_20260826T211223Z_8be6a307,conditional_ppg,conditional_ppg_lightgbm,season,2021,rmse,419,1,3.0556002367429618
v2_conditional_ppg_2026_candidate_nffc_v1,v2_locked_final_nffc_20260826T211223Z_8be6a307,conditional_ppg,conditional_ppg_lightgbm,season,2021,mae,419,1,2.377948272080137
v2_conditional_ppg_2026_candidate_nffc_v1,v2_locked_final_nffc_20260826T211223Z_8be6a307,conditional_ppg,conditional_ppg_lightgbm,season,2021,bias,419,1,0.27456047210849344
v2_conditional_ppg_2026_candidate_nffc_v1,v2_locked_final_nffc_20260826T211223Z_8be6a307,conditional_ppg,conditional_ppg_lightgbm,season,2021,spearman,419,1,0.8107969885411617
v2_conditional_ppg_2026_candidate_nffc_v1,v2_locked_final_nffc_20260826T211223Z_8be6a307,conditional_ppg,conditional_ppg_lightgbm,season,2022,rmse,426,1,2.838913567265457
v2_conditional_ppg_2026_candidate_nffc_v1,v2_locked_final_nffc_20260826T211223Z_8be6a307,conditional_ppg,conditional_ppg_lightgbm,season,2022,mae,426,1,2.3037249882777537
v2_conditional_ppg_2026_candidate_nffc_v1,v2_locked_final_nffc_20260826T211223Z_8be6a307,conditional_ppg,conditional_ppg_lightgbm,season,2022,bias,426,1,0.6709654834779007
v2_conditional_ppg_2026_candidate_nffc_v1,v2_locked_final_nffc_20260826T211223Z_8be6a307,conditional_ppg,conditional_ppg_lightgbm,season,2022,spearman,426,1,0.8326819020940498
v2_conditional_ppg_2026_candidate_nffc_v1,v2_locked_final_nffc_20260826T211223Z_8be6a307,conditional_ppg,conditional_ppg_lightgbm,season,2023,rmse,413,1,3.1906854244275453
v2_conditional_ppg_2026_candidate_nffc_v1,v2_locked_final_nffc_20260826T211223Z_8be6a307,conditional_ppg,conditional_ppg_lightgbm,season,2023,mae,413,1,2.4768276827550664
v2_conditional_ppg_2026_candidate_nffc_v1,v2_locked_final_nffc_20260826T211223Z_8be6a307,conditional_ppg,conditional_ppg_lightgbm,season,2023,bias,413,1,0.5065258886339786
v2_conditional_ppg_2026_candidate_nffc_v1,v2_locked_final_nffc_20260826T211223Z_8be6a307,conditional_ppg,conditional_ppg_lightgbm,season,2023,spearman,413,1,0.8118351042310022
v2_conditional_ppg_2026_candidate_nffc_v1,v2_locked_final_nffc_20260826T211223Z_8be6a307,conditional_ppg,conditional_ppg_lightgbm,season,2024,rmse,407,1,3.1254093256383513
v2_conditional_ppg_2026_candidate_nffc_v1,v2_locked_final_nffc_20260826T211223Z_8be6a307,conditional_ppg,conditional_ppg_lightgbm,season,2024,mae,407,1,2.5264847138940003
v2_conditional_ppg_2026_candidate_nffc_v1,v2_locked_final_nffc_20260826T211223Z_8be6a307,conditional_ppg,conditional_ppg_lightgbm,season,2024,bias,407,1,0.2933178540379747
v2_conditional_ppg_2026_candidate_nffc_v1,v2_locked_final_nffc_20260826T211223Z_8be6a307,conditional_ppg,conditional_ppg_lightgbm,season,2024,spearman,407,1,0.8207719877001991
v2_conditional_ppg_2026_candidate_nffc_v1,v2_locked_final_nffc_20260826T211223Z_8be6a307,conditional_ppg,conditional_ppg_lightgbm,season,2025,rmse,417,1,2.921406625883948
v2_conditional_ppg_2026_candidate_nffc_v1,v2_locked_final_nffc_20260826T211223Z_8be6a307,conditional_ppg,conditional_ppg_lightgbm,season,2025,mae,417,1,2.270743973559519
v2_conditional_ppg_2026_candidate_nffc_v1,v2_locked_final_nffc_20260826T211223Z_8be6a307,conditional_ppg,conditional_ppg_lightgbm,season,2025,bias,417,1,0.26332505301755005
v2_conditional_ppg_2026_candidate_nffc_v1,v2_locked_final_nffc_20260826T211223Z_8be6a307,conditional_ppg,conditional_ppg_lightgbm,season,2025,spearman,417,1,0.8260438225822775
v2_conditional_ppg_2026_candidate_nffc_v1,v2_locked_final_nffc_20260826T211223Z_8be6a307,conditional_ppg,conditional_ppg_lightgbm,position,QB,rmse,380,9,4.317294514268772
v2_conditional_ppg_2026_candidate_nffc_v1,v2_locked_final_nffc_20260826T211223Z_8be6a307,conditional_ppg,conditional_ppg_lightgbm,position,QB,mae,380,9,3.4046330290229148
v2_conditional_ppg_2026_candidate_nffc_v1,v2_locked_final_nffc_20260826T211223Z_8be6a307,conditional_ppg,conditional_ppg_lightgbm,position,QB,bias,380,9,-0.1522196075031734
v2_conditional_ppg_2026_candidate_nffc_v1,v2_locked_final_nffc_20260826T211223Z_8be6a307,conditional_ppg,conditional_ppg_lightgbm,position,QB,spearman,380,9,0.5824255004022583
v2_conditional_ppg_2026_candidate_nffc_v1,v2_locked_final_nffc_20260826T211223Z_8be6a307,conditional_ppg,conditional_ppg_lightgbm,position,RB,rmse,1011,9,3.3245234105325596
v2_conditional_ppg_2026_candidate_nffc_v1,v2_locked_final_nffc_20260826T211223Z_8be6a307,conditional_ppg,conditional_ppg_lightgbm,position,RB,mae,1011,9,2.63561868388828
v2_conditional_ppg_2026_candidate_nffc_v1,v2_locked_final_nffc_20260826T211223Z_8be6a307,conditional_ppg,conditional_ppg_lightgbm,position,RB,bias,1011,9,0.10566698323137087
v2_conditional_ppg_2026_candidate_nffc_v1,v2_locked_final_nffc_20260826T211223Z_8be6a307,conditional_ppg,conditional_ppg_lightgbm,position,RB,spearman,1011,9,0.7461265233613251
v2_conditional_ppg_2026_candidate_nffc_v1,v2_locked_final_nffc_20260826T211223Z_8be6a307,conditional_ppg,conditional_ppg_lightgbm,position,TE,rmse,802,9,2.2526203781042846
v2_conditional_ppg_2026_candidate_nffc_v1,v2_locked_final_nffc_20260826T211223Z_8be6a307,conditional_ppg,conditional_ppg_lightgbm,position,TE,mae,802,9,1.7942195445506868
v2_conditional_ppg_2026_candidate_nffc_v1,v2_locked_final_nffc_20260826T211223Z_8be6a307,conditional_ppg,conditional_ppg_lightgbm,position,TE,bias,802,9,0.37161164754851905
v2_conditional_ppg_2026_candidate_nffc_v1,v2_locked_final_nffc_20260826T211223Z_8be6a307,conditional_ppg,conditional_ppg_lightgbm,position,TE,spearman,802,9,0.7067885503377189
v2_conditional_ppg_2026_candidate_nffc_v1,v2_locked_final_nffc_20260826T211223Z_8be6a307,conditional_ppg,conditional_ppg_lightgbm,position,WR,rmse,1503,9,2.9930932656856
v2_conditional_ppg_2026_candidate_nffc_v1,v2_locked_final_nffc_20260826T211223Z_8be6a307,conditional_ppg,conditional_ppg_lightgbm,position,WR,mae,1503,9,2.398756705529398
v2_conditional_ppg_2026_candidate_nffc_v1,v2_locked_final_nffc_20260826T211223Z_8be6a307,conditional_ppg,conditional_ppg_lightgbm,position,WR,bias,1503,9,0.2923997925232709
v2_conditional_ppg_2026_candidate_nffc_v1,v2_locked_final_nffc_20260826T211223Z_8be6a307,conditional_ppg,conditional_ppg_lightgbm,position,WR,spearman,1503,9,0.7473603281244998
v2_conditional_ppg_2026_candidate_nffc_v1,v2_locked_final_nffc_20260826T211223Z_8be6a307,conditional_ppg,conditional_ppg_lightgbm,history_depth,other_no_history,rmse,27,8,2.6576826563476956
v2_conditional_ppg_2026_candidate_nffc_v1,v2_locked_final_nffc_20260826T211223Z_8be6a307,conditional_ppg,conditional_ppg_lightgbm,history_depth,other_no_history,mae,27,8,2.1738735844042165
v2_conditional_ppg_2026_candidate_nffc_v1,v2_locked_final_nffc_20260826T211223Z_8be6a307,conditional_ppg,conditional_ppg_lightgbm,history_depth,other_no_history,bias,27,8,0.731665695984602
v2_conditional_ppg_2026_candidate_nffc_v1,v2_locked_final_nffc_20260826T211223Z_8be6a307,conditional_ppg,conditional_ppg_lightgbm,history_depth,other_no_history,spearman,27,8,0.41856205647174854
v2_conditional_ppg_2026_candidate_nffc_v1,v2_locked_final_nffc_20260826T211223Z_8be6a307,conditional_ppg,conditional_ppg_lightgbm,history_depth,rookie,rmse,531,9,3.4690428770314634
v2_conditional_ppg_2026_candidate_nffc_v1,v2_locked_final_nffc_20260826T211223Z_8be6a307,conditional_ppg,conditional_ppg_lightgbm,history_depth,rookie,mae,531,9,2.7603682528209976
v2_conditional_ppg_2026_candidate_nffc_v1,v2_locked_final_nffc_20260826T211223Z_8be6a307,conditional_ppg,conditional_ppg_lightgbm,history_depth,rookie,bias,531,9,0.3072972362619625
v2_conditional_ppg_2026_candidate_nffc_v1,v2_locked_final_nffc_20260826T211223Z_8be6a307,conditional_ppg,conditional_ppg_lightgbm,history_depth,rookie,spearman,531,9,0.6504475165533047
v2_conditional_ppg_2026_candidate_nffc_v1,v2_locked_final_nffc_20260826T211223Z_8be6a307,conditional_ppg,conditional_ppg_lightgbm,history_depth,second_year,rmse,567,9,3.2650694722848663
v2_conditional_ppg_2026_candidate_nffc_v1,v2_locked_final_nffc_20260826T211223Z_8be6a307,conditional_ppg,conditional_ppg_lightgbm,history_depth,second_year,mae,567,9,2.5003781799492373
v2_conditional_ppg_2026_candidate_nffc_v1,v2_locked_final_nffc_20260826T211223Z_8be6a307,conditional_ppg,conditional_ppg_lightgbm,history_depth,second_year,bias,567,9,0.20979706983847995
v2_conditional_ppg_2026_candidate_nffc_v1,v2_locked_final_nffc_20260826T211223Z_8be6a307,conditional_ppg,conditional_ppg_lightgbm,history_depth,second_year,spearman,567,9,0.7657866746766034
v2_conditional_ppg_2026_candidate_nffc_v1,v2_locked_final_nffc_20260826T211223Z_8be6a307,conditional_ppg,conditional_ppg_lightgbm,history_depth,veteran_with_history,rmse,2571,9,3.00173259551064
v2_conditional_ppg_2026_candidate_nffc_v1,v2_locked_final_nffc_20260826T211223Z_8be6a307,conditional_ppg,conditional_ppg_lightgbm,history_depth,veteran_with_history,mae,2571,9,2.3572547205453183
v2_conditional_ppg_2026_candidate_nffc_v1,v2_locked_final_nffc_20260826T211223Z_8be6a307,conditional_ppg,conditional_ppg_lightgbm,history_depth,veteran_with_history,bias,2571,9,0.18849107500855464
v2_conditional_ppg_2026_candidate_nffc_v1,v2_locked_final_nffc_20260826T211223Z_8be6a307,conditional_ppg,conditional_ppg_lightgbm,history_depth,veteran_with_history,spearman,2571,9,0.8428649210791112
v2_conditional_ppg_2026_candidate_nffc_v1,v2_locked_final_nffc_20260826T211223Z_8be6a307,conditional_ppg,conditional_ppg_log_lasso_tree_blend,pooled,all,rmse,3696,9,3.084241087824528
v2_conditional_ppg_2026_candidate_nffc_v1,v2_locked_final_nffc_20260826T211223Z_8be6a307,conditional_ppg,conditional_ppg_log_lasso_tree_blend,pooled,all,mae,3696,9,2.4089618765818344
v2_conditional_ppg_2026_candidate_nffc_v1,v2_locked_final_nffc_20260826T211223Z_8be6a307,conditional_ppg,conditional_ppg_log_lasso_tree_blend,pooled,all,bias,3696,9,0.18973598651693993
v2_conditional_ppg_2026_candidate_nffc_v1,v2_locked_final_nffc_20260826T211223Z_8be6a307,conditional_ppg,conditional_ppg_log_lasso_tree_blend,pooled,all,spearman,3696,9,0.8123744634703521
v2_conditional_ppg_2026_candidate_nffc_v1,v2_locked_final_nffc_20260826T211223Z_8be6a307,conditional_ppg,conditional_ppg_log_lasso_tree_blend,provider_era,2023_2025,rmse,1237,3,3.057841784585987
v2_conditional_ppg_2026_candidate_nffc_v1,v2_locked_final_nffc_20260826T211223Z_8be6a307,conditional_ppg,conditional_ppg_log_lasso_tree_blend,provider_era,2023_2025,mae,1237,3,2.396536506908453
v2_conditional_ppg_2026_candidate_nffc_v1,v2_locked_final_nffc_20260826T211223Z_8be6a307,conditional_ppg,conditional_ppg_log_lasso_tree_blend,provider_era,2023_2025,bias,1237,3,0.33525557207602114
v2_conditional_ppg_2026_candidate_nffc_v1,v2_locked_final_nffc_20260826T211223Z_8be6a307,conditional_ppg,conditional_ppg_log_lasso_tree_blend,provider_era,2023_2025,spearman,1237,3,0.8187521482163003
v2_conditional_ppg_2026_candidate_nffc_v1,v2_locked_final_nffc_20260826T211223Z_8be6a307,conditional_ppg,conditional_ppg_log_lasso_tree_blend,season,2017,rmse,407,1,3.071949383322451
v2_conditional_ppg_2026_candidate_nffc_v1,v2_locked_final_nffc_20260826T211223Z_8be6a307,conditional_ppg,conditional_ppg_log_lasso_tree_blend,season,2017,mae,407,1,2.412447486922416
v2_conditional_ppg_2026_candidate_nffc_v1,v2_locked_final_nffc_20260826T211223Z_8be6a307,conditional_ppg,conditional_ppg_log_lasso_tree_blend,season,2017,bias,407,1,0.43909202605418646
v2_conditional_ppg_2026_candidate_nffc_v1,v2_locked_final_nffc_20260826T211223Z_8be6a307,conditional_ppg,conditional_ppg_log_lasso_tree_blend,season,2017,spearman,407,1,0.794942300291993
v2_conditional_ppg_2026_candidate_nffc_v1,v2_locked_final_nffc_20260826T211223Z_8be6a307,conditional_ppg,conditional_ppg_log_lasso_tree_blend,season,2018,rmse,405,1,3.3111309871042534
v2_conditional_ppg_2026_candidate_nffc_v1,v2_locked_final_nffc_20260826T211223Z_8be6a307,conditional_ppg,conditional_ppg_log_lasso_tree_blend,season,2018,mae,405,1,2.5177307212449462
v2_conditional_ppg_2026_candidate_nffc_v1,v2_locked_final_nffc_20260826T211223Z_8be6a307,conditional_ppg,conditional_ppg_log_lasso_tree_blend,season,2018,bias,405,1,-0.4378232680124287
v2_conditional_ppg_2026_candidate_nffc_v1,v2_locked_final_nffc_20260826T211223Z_8be6a307,conditional_ppg,conditional_ppg_log_lasso_tree_blend,season,2018,spearman,405,1,0.8036176294064513
v2_conditional_ppg_2026_candidate_nffc_v1,v2_locked_final_nffc_20260826T211223Z_8be6a307,conditional_ppg,conditional_ppg_log_lasso_tree_blend,season,2019,rmse,388,1,3.0750860389980317
v2_conditional_ppg_2026_candidate_nffc_v1,v2_locked_final_nffc_20260826T211223Z_8be6a307,conditional_ppg,conditional_ppg_log_lasso_tree_blend,season,2019,mae,388,1,2.4289305638861913
v2_conditional_ppg_2026_candidate_nffc_v1,v2_locked_final_nffc_20260826T211223Z_8be6a307,conditional_ppg,conditional_ppg_log_lasso_tree_blend,season,2019,bias,388,1,-0.0343349396443656
v2_conditional_ppg_2026_candidate_nffc_v1,v2_locked_final_nffc_20260826T211223Z_8be6a307,conditional_ppg,conditional_ppg_log_lasso_tree_blend,season,2019,spearman,388,1,0.8004679968867047
v2_conditional_ppg_2026_candidate_nffc_v1,v2_locked_final_nffc_20260826T211223Z_8be6a307,conditional_ppg,conditional_ppg_log_lasso_tree_blend,season,2020,rmse,414,1,3.2789950576070837
v2_conditional_ppg_2026_candidate_nffc_v1,v2_locked_final_nffc_20260826T211223Z_8be6a307,conditional_ppg,conditional_ppg_log_lasso_tree_blend,season,2020,mae,414,1,2.511396570593141
v2_conditional_ppg_2026_candidate_nffc_v1,v2_locked_final_nffc_20260826T211223Z_8be6a307,conditional_ppg,conditional_ppg_log_lasso_tree_blend,season,2020,bias,414,1,-0.2598559533327938
v2_conditional_ppg_2026_candidate_nffc_v1,v2_locked_final_nffc_20260826T211223Z_8be6a307,conditional_ppg,conditional_ppg_log_lasso_tree_blend,season,2020,spearman,414,1,0.8032646533373615
v2_conditional_ppg_2026_candidate_nffc_v1,v2_locked_final_nffc_20260826T211223Z_8be6a307,conditional_ppg,conditional_ppg_log_lasso_tree_blend,season,2021,rmse,419,1,3.0294838088024965
v2_conditional_ppg_2026_candidate_nffc_v1,v2_locked_final_nffc_20260826T211223Z_8be6a307,conditional_ppg,conditional_ppg_log_lasso_tree_blend,season,2021,mae,419,1,2.3603030785207637
v2_conditional_ppg_2026_candidate_nffc_v1,v2_locked_final_nffc_20260826T211223Z_8be6a307,conditional_ppg,conditional_ppg_log_lasso_tree_blend,season,2021,bias,419,1,0.2905347943880004
v2_conditional_ppg_2026_candidate_nffc_v1,v2_locked_final_nffc_20260826T211223Z_8be6a307,conditional_ppg,conditional_ppg_log_lasso_tree_blend,season,2021,spearman,419,1,0.8118167683448534
v2_conditional_ppg_2026_candidate_nffc_v1,v2_locked_final_nffc_20260826T211223Z_8be6a307,conditional_ppg,conditional_ppg_log_lasso_tree_blend,season,2022,rmse,426,1,2.8022187773899065
v2_conditional_ppg_2026_candidate_nffc_v1,v2_locked_final_nffc_20260826T211223Z_8be6a307,conditional_ppg,conditional_ppg_log_lasso_tree_blend,season,2022,mae,426,1,2.268427555411907
v2_conditional_ppg_2026_candidate_nffc_v1,v2_locked_final_nffc_20260826T211223Z_8be6a307,conditional_ppg,conditional_ppg_log_lasso_tree_blend,season,2022,bias,426,1,0.6674396123539196
v2_conditional_ppg_2026_candidate_nffc_v1,v2_locked_final_nffc_20260826T211223Z_8be6a307,conditional_ppg,conditional_ppg_log_lasso_tree_blend,season,2022,spearman,426,1,0.8364407242045524
v2_conditional_ppg_2026_candidate_nffc_v1,v2_locked_final_nffc_20260826T211223Z_8be6a307,conditional_ppg,conditional_ppg_log_lasso_tree_blend,season,2023,rmse,413,1,3.147139525354783
v2_conditional_ppg_2026_candidate_nffc_v1,v2_locked_final_nffc_20260826T211223Z_8be6a307,conditional_ppg,conditional_ppg_log_lasso_tree_blend,season,2023,mae,413,1,2.4413098597641585
v2_conditional_ppg_2026_candidate_nffc_v1,v2_locked_final_nffc_20260826T211223Z_8be6a307,conditional_ppg,conditional_ppg_log_lasso_tree_blend,season,2023,bias,413,1,0.5366662241158385
v2_conditional_ppg_2026_candidate_nffc_v1,v2_locked_final_nffc_20260826T211223Z_8be6a307,conditional_ppg,conditional_ppg_log_lasso_tree_blend,season,2023,spearman,413,1,0.8183474184546905
v2_conditional_ppg_2026_candidate_nffc_v1,v2_locked_final_nffc_20260826T211223Z_8be6a307,conditional_ppg,conditional_ppg_log_lasso_tree_blend,season,2024,rmse,407,1,3.1111637026273784
v2_conditional_ppg_2026_candidate_nffc_v1,v2_locked_final_nffc_20260826T211223Z_8be6a307,conditional_ppg,conditional_ppg_log_lasso_tree_blend,season,2024,mae,407,1,2.5113748066457844
v2_conditional_ppg_2026_candidate_nffc_v1,v2_locked_final_nffc_20260826T211223Z_8be6a307,conditional_ppg,conditional_ppg_log_lasso_tree_blend,season,2024,bias,407,1,0.2867943130663793
v2_conditional_ppg_2026_candidate_nffc_v1,v2_locked_final_nffc_20260826T211223Z_8be6a307,conditional_ppg,conditional_ppg_log_lasso_tree_blend,season,2024,spearman,407,1,0.8232315469887881
v2_conditional_ppg_2026_candidate_nffc_v1,v2_locked_final_nffc_20260826T211223Z_8be6a307,conditional_ppg,conditional_ppg_log_lasso_tree_blend,season,2025,rmse,417,1,2.912141086576396
v2_conditional_ppg_2026_candidate_nffc_v1,v2_locked_final_nffc_20260826T211223Z_8be6a307,conditional_ppg,conditional_ppg_log_lasso_tree_blend,season,2025,mae,417,1,2.240108250979196
v2_conditional_ppg_2026_candidate_nffc_v1,v2_locked_final_nffc_20260826T211223Z_8be6a307,conditional_ppg,conditional_ppg_log_lasso_tree_blend,season,2025,bias,417,1,0.1830760352042697
v2_conditional_ppg_2026_candidate_nffc_v1,v2_locked_final_nffc_20260826T211223Z_8be6a307,conditional_ppg,conditional_ppg_log_lasso_tree_blend,season,2025,spearman,417,1,0.8271037705877712
v2_conditional_ppg_2026_candidate_nffc_v1,v2_locked_final_nffc_20260826T211223Z_8be6a307,conditional_ppg,conditional_ppg_log_lasso_tree_blend,position,QB,rmse,380,9,4.2602759922111355
v2_conditional_ppg_2026_candidate_nffc_v1,v2_locked_final_nffc_20260826T211223Z_8be6a307,conditional_ppg,conditional_ppg_log_lasso_tree_blend,position,QB,mae,380,9,3.358664996109429
v2_conditional_ppg_2026_candidate_nffc_v1,v2_locked_final_nffc_20260826T211223Z_8be6a307,conditional_ppg,conditional_ppg_log_lasso_tree_blend,position,QB,bias,380,9,-0.08382122941935251
v2_conditional_ppg_2026_candidate_nffc_v1,v2_locked_final_nffc_20260826T211223Z_8be6a307,conditional_ppg,conditional_ppg_log_lasso_tree_blend,position,QB,spearman,380,9,0.5941626536170123
v2_conditional_ppg_2026_candidate_nffc_v1,v2_locked_final_nffc_20260826T211223Z_8be6a307,conditional_ppg,conditional_ppg_log_lasso_tree_blend,position,RB,rmse,1011,9,3.3079120056640097
v2_conditional_ppg_2026_candidate_nffc_v1,v2_locked_final_nffc_20260826T211223Z_8be6a307,conditional_ppg,conditional_ppg_log_lasso_tree_blend,position,RB,mae,1011,9,2.6193687763381055
v2_conditional_ppg_2026_candidate_nffc_v1,v2_locked_final_nffc_20260826T211223Z_8be6a307,conditional_ppg,conditional_ppg_log_lasso_tree_blend,position,RB,bias,1011,9,0.07892314915113677
v2_conditional_ppg_2026_candidate_nffc_v1,v2_locked_final_nffc_20260826T211223Z_8be6a307,conditional_ppg,conditional_ppg_log_lasso_tree_blend,position,RB,spearman,1011,9,0.7469380781280202
v2_conditional_ppg_2026_candidate_nffc_v1,v2_locked_final_nffc_20260826T211223Z_8be6a307,conditional_ppg,conditional_ppg_log_lasso_tree_blend,position,TE,rmse,802,9,2.2216024256979154
v2_conditional_ppg_2026_candidate_nffc_v1,v2_locked_final_nffc_20260826T211223Z_8be6a307,conditional_ppg,conditional_ppg_log_lasso_tree_blend,position,TE,mae,802,9,1.761764269813751
v2_conditional_ppg_2026_candidate_nffc_v1,v2_locked_final_nffc_20260826T211223Z_8be6a307,conditional_ppg,conditional_ppg_log_lasso_tree_blend,position,TE,bias,802,9,0.33689160345016606
v2_conditional_ppg_2026_candidate_nffc_v1,v2_locked_final_nffc_20260826T211223Z_8be6a307,conditional_ppg,conditional_ppg_log_lasso_tree_blend,position,TE,spearman,802,9,0.716103094148556
v2_conditional_ppg_2026_candidate_nffc_v1,v2_locked_final_nffc_20260826T211223Z_8be6a307,conditional_ppg,conditional_ppg_log_lasso_tree_blend,position,WR,rmse,1503,9,2.9680541092655317
v2_conditional_ppg_2026_candidate_nffc_v1,v2_locked_final_nffc_20260826T211223Z_8be6a307,conditional_ppg,conditional_ppg_log_lasso_tree_blend,position,WR,mae,1503,9,2.37266375253255
v2_conditional_ppg_2026_candidate_nffc_v1,v2_locked_final_nffc_20260826T211223Z_8be6a307,conditional_ppg,conditional_ppg_log_lasso_tree_blend,position,WR,bias,1503,9,0.2549154381817242
v2_conditional_ppg_2026_candidate_nffc_v1,v2_locked_final_nffc_20260826T211223Z_8be6a307,conditional_ppg,conditional_ppg_log_lasso_tree_blend,position,WR,spearman,1503,9,0.750915696341111
v2_conditional_ppg_2026_candidate_nffc_v1,v2_locked_final_nffc_20260826T211223Z_8be6a307,conditional_ppg,conditional_ppg_log_lasso_tree_blend,history_depth,other_no_history,rmse,27,8,2.6103937775658115
v2_conditional_ppg_2026_candidate_nffc_v1,v2_locked_final_nffc_20260826T211223Z_8be6a307,conditional_ppg,conditional_ppg_log_lasso_tree_blend,history_depth,other_no_history,mae,27,8,2.0918835854996067
v2_conditional_ppg_2026_candidate_nffc_v1,v2_locked_final_nffc_20260826T211223Z_8be6a307,conditional_ppg,conditional_ppg_log_lasso_tree_blend,history_depth,other_no_history,bias,27,8,0.5723872948697449
v2_conditional_ppg_2026_candidate_nffc_v1,v2_locked_final_nffc_20260826T211223Z_8be6a307,conditional_ppg,conditional_ppg_log_lasso_tree_blend,history_depth,other_no_history,spearman,27,8,0.4438339438339438
v2_conditional_ppg_2026_candidate_nffc_v1,v2_locked_final_nffc_20260826T211223Z_8be6a307,conditional_ppg,conditional_ppg_log_lasso_tree_blend,history_depth,rookie,rmse,531,9,3.461130911395645
v2_conditional_ppg_2026_candidate_nffc_v1,v2_locked_final_nffc_20260826T211223Z_8be6a307,conditional_ppg,conditional_ppg_log_lasso_tree_blend,history_depth,rookie,mae,531,9,2.7501848141280254
v2_conditional_ppg_2026_candidate_nffc_v1,v2_locked_final_nffc_20260826T211223Z_8be6a307,conditional_ppg,conditional_ppg_log_lasso_tree_blend,history_depth,rookie,bias,531,9,0.24545244558932836
v2_conditional_ppg_2026_candidate_nffc_v1,v2_locked_final_nffc_20260826T211223Z_8be6a307,conditional_ppg,conditional_ppg_log_lasso_tree_blend,history_depth,rookie,spearman,531,9,0.6553418734615954
v2_conditional_ppg_2026_candidate_nffc_v1,v2_locked_final_nffc_20260826T211223Z_8be6a307,conditional_ppg,conditional_ppg_log_lasso_tree_blend,history_depth,second_year,rmse,567,9,3.21309696266019
v2_conditional_ppg_2026_candidate_nffc_v1,v2_locked_final_nffc_20260826T211223Z_8be6a307,conditional_ppg,conditional_ppg_log_lasso_tree_blend,history_depth,second_year,mae,567,9,2.4546242469731916
v2_conditional_ppg_2026_candidate_nffc_v1,v2_locked_final_nffc_20260826T211223Z_8be6a307,conditional_ppg,conditional_ppg_log_lasso_tree_blend,history_depth,second_year,bias,567,9,0.13783867228169056
v2_conditional_ppg_2026_candidate_nffc_v1,v2_locked_final_nffc_20260826T211223Z_8be6a307,conditional_ppg,conditional_ppg_log_lasso_tree_blend,history_depth,second_year,spearman,567,9,0.7676350448226197
v2_conditional_ppg_2026_candidate_nffc_v1,v2_locked_final_nffc_20260826T211223Z_8be6a307,conditional_ppg,conditional_ppg_log_lasso_tree_blend,history_depth,veteran_with_history,rmse,2571,9,2.9753033568524208
v2_conditional_ppg_2026_candidate_nffc_v1,v2_locked_final_nffc_20260826T211223Z_8be6a307,conditional_ppg,conditional_ppg_log_lasso_tree_blend,history_depth,veteran_with_history,mae,2571,9,2.3317472402575605
v2_conditional_ppg_2026_candidate_nffc_v1,v2_locked_final_nffc_20260826T211223Z_8be6a307,conditional_ppg,conditional_ppg_log_lasso_tree_blend,history_depth,veteran_with_history,bias,2571,9,0.18565537666801826
v2_conditional_ppg_2026_candidate_nffc_v1,v2_locked_final_nffc_20260826T211223Z_8be6a307,conditional_ppg,conditional_ppg_log_lasso_tree_blend,history_depth,veteran_with_history,spearman,2571,9,0.8448165161304134
v2_conditional_ppg_2026_candidate_nffc_v1,v2_locked_final_nffc_20260826T211223Z_8be6a307,conditional_ppg,conditional_ppg_primary_blend,pooled,all,rmse,3696,9,3.085726782762403
v2_conditional_ppg_2026_candidate_nffc_v1,v2_locked_final_nffc_20260826T211223Z_8be6a307,conditional_ppg,conditional_ppg_primary_blend,pooled,all,mae,3696,9,2.406318365456074
v2_conditional_ppg_2026_candidate_nffc_v1,v2_locked_final_nffc_20260826T211223Z_8be6a307,conditional_ppg,conditional_ppg_primary_blend,pooled,all,bias,3696,9,0.17417251353810256
v2_conditional_ppg_2026_candidate_nffc_v1,v2_locked_final_nffc_20260826T211223Z_8be6a307,conditional_ppg,conditional_ppg_primary_blend,pooled,all,spearman,3696,9,0.8115872482905152
v2_conditional_ppg_2026_candidate_nffc_v1,v2_locked_final_nffc_20260826T211223Z_8be6a307,conditional_ppg,conditional_ppg_primary_blend,provider_era,2023_2025,rmse,1237,3,3.054030644169305
v2_conditional_ppg_2026_candidate_nffc_v1,v2_locked_final_nffc_20260826T211223Z_8be6a307,conditional_ppg,conditional_ppg_primary_blend,provider_era,2023_2025,mae,1237,3,2.3862494929274876
v2_conditional_ppg_2026_candidate_nffc_v1,v2_locked_final_nffc_20260826T211223Z_8be6a307,conditional_ppg,conditional_ppg_primary_blend,provider_era,2023_2025,bias,1237,3,0.3078125262766685
v2_conditional_ppg_2026_candidate_nffc_v1,v2_locked_final_nffc_20260826T211223Z_8be6a307,conditional_ppg,conditional_ppg_primary_blend,provider_era,2023_2025,spearman,1237,3,0.8192918294226719
v2_conditional_ppg_2026_candidate_nffc_v1,v2_locked_final_nffc_20260826T211223Z_8be6a307,conditional_ppg,conditional_ppg_primary_blend,season,2017,rmse,407,1,3.0737824618857563
v2_conditional_ppg_2026_candidate_nffc_v1,v2_locked_final_nffc_20260826T211223Z_8be6a307,conditional_ppg,conditional_ppg_primary_blend,season,2017,mae,407,1,2.409725277174119
v2_conditional_ppg_2026_candidate_nffc_v1,v2_locked_final_nffc_20260826T211223Z_8be6a307,conditional_ppg,conditional_ppg_primary_blend,season,2017,bias,407,1,0.40873460597478967
v2_conditional_ppg_2026_candidate_nffc_v1,v2_locked_final_nffc_20260826T211223Z_8be6a307,conditional_ppg,conditional_ppg_primary_blend,season,2017,spearman,407,1,0.7942476860133934
v2_conditional_ppg_2026_candidate_nffc_v1,v2_locked_final_nffc_20260826T211223Z_8be6a307,conditional_ppg,conditional_ppg_primary_blend,season,2018,rmse,405,1,3.322503536157915
v2_conditional_ppg_2026_candidate_nffc_v1,v2_locked_final_nffc_20260826T211223Z_8be6a307,conditional_ppg,conditional_ppg_primary_blend,season,2018,mae,405,1,2.5253567668963877
v2_conditional_ppg_2026_candidate_nffc_v1,v2_locked_final_nffc_20260826T211223Z_8be6a307,conditional_ppg,conditional_ppg_primary_blend,season,2018,bias,405,1,-0.4782374393937158
v2_conditional_ppg_2026_candidate_nffc_v1,v2_locked_final_nffc_20260826T211223Z_8be6a307,conditional_ppg,conditional_ppg_primary_blend,season,2018,spearman,405,1,0.8026406265030807
v2_conditional_ppg_2026_candidate_nffc_v1,v2_locked_final_nffc_20260826T211223Z_8be6a307,conditional_ppg,conditional_ppg_primary_blend,season,2019,rmse,388,1,3.0691379695995202
v2_conditional_ppg_2026_candidate_nffc_v1,v2_locked_final_nffc_20260826T211223Z_8be6a307,conditional_ppg,conditional_ppg_primary_blend,season,2019,mae,388,1,2.424583549976122
v2_conditional_ppg_2026_candidate_nffc_v1,v2_locked_final_nffc_20260826T211223Z_8be6a307,conditional_ppg,conditional_ppg_primary_blend,season,2019,bias,388,1,-0.0305663928429491
v2_conditional_ppg_2026_candidate_nffc_v1,v2_locked_final_nffc_20260826T211223Z_8be6a307,conditional_ppg,conditional_ppg_primary_blend,season,2019,spearman,388,1,0.8005129886857166
v2_conditional_ppg_2026_candidate_nffc_v1,v2_locked_final_nffc_20260826T211223Z_8be6a307,conditional_ppg,conditional_ppg_primary_blend,season,2020,rmse,414,1,3.2838897992318934
v2_conditional_ppg_2026_candidate_nffc_v1,v2_locked_final_nffc_20260826T211223Z_8be6a307,conditional_ppg,conditional_ppg_primary_blend,season,2020,mae,414,1,2.514636673119813
v2_conditional_ppg_2026_candidate_nffc_v1,v2_locked_final_nffc_20260826T211223Z_8be6a307,conditional_ppg,conditional_ppg_primary_blend,season,2020,bias,414,1,-0.2627462604329454
v2_conditional_ppg_2026_candidate_nffc_v1,v2_locked_final_nffc_20260826T211223Z_8be6a307,conditional_ppg,conditional_ppg_primary_blend,season,2020,spearman,414,1,0.7986201540845121
v2_conditional_ppg_2026_candidate_nffc_v1,v2_locked_final_nffc_20260826T211223Z_8be6a307,conditional_ppg,conditional_ppg_primary_blend,season,2021,rmse,419,1,3.0368197560254315
v2_conditional_ppg_2026_candidate_nffc_v1,v2_locked_final_nffc_20260826T211223Z_8be6a307,conditional_ppg,conditional_ppg_primary_blend,season,2021,mae,419,1,2.359613303721063
v2_conditional_ppg_2026_candidate_nffc_v1,v2_locked_final_nffc_20260826T211223Z_8be6a307,conditional_ppg,conditional_ppg_primary_blend,season,2021,bias,419,1,0.3012241778837356
v2_conditional_ppg_2026_candidate_nffc_v1,v2_locked_final_nffc_20260826T211223Z_8be6a307,conditional_ppg,conditional_ppg_primary_blend,season,2021,spearman,419,1,0.8118083669945688
v2_conditional_ppg_2026_candidate_nffc_v1,v2_locked_final_nffc_20260826T211223Z_8be6a307,conditional_ppg,conditional_ppg_primary_blend,season,2022,rmse,426,1,2.806316043844598
v2_conditional_ppg_2026_candidate_nffc_v1,v2_locked_final_nffc_20260826T211223Z_8be6a307,conditional_ppg,conditional_ppg_primary_blend,season,2022,mae,426,1,2.2722028245304746
v2_conditional_ppg_2026_candidate_nffc_v1,v2_locked_final_nffc_20260826T211223Z_8be6a307,conditional_ppg,conditional_ppg_primary_blend,season,2022,bias,426,1,0.6683860917002867
v2_conditional_ppg_2026_candidate_nffc_v1,v2_locked_final_nffc_20260826T211223Z_8be6a307,conditional_ppg,conditional_ppg_primary_blend,season,2022,spearman,426,1,0.8353912633357747
v2_conditional_ppg_2026_candidate_nffc_v1,v2_locked_final_nffc_20260826T211223Z_8be6a307,conditional_ppg,conditional_ppg_primary_blend,season,2023,rmse,413,1,3.1445995914552105
v2_conditional_ppg_2026_candidate_nffc_v1,v2_locked_final_nffc_20260826T211223Z_8be6a307,conditional_ppg,conditional_ppg_primary_blend,season,2023,mae,413,1,2.4267657655528914
v2_conditional_ppg_2026_candidate_nffc_v1,v2_locked_final_nffc_20260826T211223Z_8be6a307,conditional_ppg,conditional_ppg_primary_blend,season,2023,bias,413,1,0.4854669325542633
v2_conditional_ppg_2026_candidate_nffc_v1,v2_locked_final_nffc_20260826T211223Z_8be6a307,conditional_ppg,conditional_ppg_primary_blend,season,2023,spearman,413,1,0.8175656972063691
v2_conditional_ppg_2026_candidate_nffc_v1,v2_locked_final_nffc_20260826T211223Z_8be6a307,conditional_ppg,conditional_ppg_primary_blend,season,2024,rmse,407,1,3.1003199823200456
v2_conditional_ppg_2026_candidate_nffc_v1,v2_locked_final_nffc_20260826T211223Z_8be6a307,conditional_ppg,conditional_ppg_primary_blend,season,2024,mae,407,1,2.496112703452345
v2_conditional_ppg_2026_candidate_nffc_v1,v2_locked_final_nffc_20260826T211223Z_8be6a307,conditional_ppg,conditional_ppg_primary_blend,season,2024,bias,407,1,0.23661525453169238
v2_conditional_ppg_2026_candidate_nffc_v1,v2_locked_final_nffc_20260826T211223Z_8be6a307,conditional_ppg,conditional_ppg_primary_blend,season,2024,spearman,407,1,0.8231967495061323
v2_conditional_ppg_2026_candidate_nffc_v1,v2_locked_final_nffc_20260826T211223Z_8be6a307,conditional_ppg,conditional_ppg_primary_blend,season,2025,rmse,417,1,2.9142813491750634
v2_conditional_ppg_2026_candidate_nffc_v1,v2_locked_final_nffc_20260826T211223Z_8be6a307,conditional_ppg,conditional_ppg_primary_blend,season,2025,mae,417,1,2.2388932644432944
v2_conditional_ppg_2026_candidate_nffc_v1,v2_locked_final_nffc_20260826T211223Z_8be6a307,conditional_ppg,conditional_ppg_primary_blend,season,2025,bias,417,1,0.20135214212213298
v2_conditional_ppg_2026_candidate_nffc_v1,v2_locked_final_nffc_20260826T211223Z_8be6a307,conditional_ppg,conditional_ppg_primary_blend,season,2025,spearman,417,1,0.8277091385616787
v2_conditional_ppg_2026_candidate_nffc_v1,v2_locked_final_nffc_20260826T211223Z_8be6a307,conditional_ppg,conditional_ppg_primary_blend,position,QB,rmse,380,9,4.255387624378007
v2_conditional_ppg_2026_candidate_nffc_v1,v2_locked_final_nffc_20260826T211223Z_8be6a307,conditional_ppg,conditional_ppg_primary_blend,position,QB,mae,380,9,3.3522970593406685
v2_conditional_ppg_2026_candidate_nffc_v1,v2_locked_final_nffc_20260826T211223Z_8be6a307,conditional_ppg,conditional_ppg_primary_blend,position,QB,bias,380,9,-0.06826456884746569
v2_conditional_ppg_2026_candidate_nffc_v1,v2_locked_final_nffc_20260826T211223Z_8be6a307,conditional_ppg,conditional_ppg_primary_blend,position,QB,spearman,380,9,0.5946307645314157
v2_conditional_ppg_2026_candidate_nffc_v1,v2_locked_final_nffc_20260826T211223Z_8be6a307,conditional_ppg,conditional_ppg_primary_blend,position,RB,rmse,1011,9,3.3146627607656516
v2_conditional_ppg_2026_candidate_nffc_v1,v2_locked_final_nffc_20260826T211223Z_8be6a307,conditional_ppg,conditional_ppg_primary_blend,position,RB,mae,1011,9,2.6192668552972784
v2_conditional_ppg_2026_candidate_nffc_v1,v2_locked_final_nffc_20260826T211223Z_8be6a307,conditional_ppg,conditional_ppg_primary_blend,position,RB,bias,1011,9,0.05368332813683025
v2_conditional_ppg_2026_candidate_nffc_v1,v2_locked_final_nffc_20260826T211223Z_8be6a307,conditional_ppg,conditional_ppg_primary_blend,position,RB,spearman,1011,9,0.7452370282434129
v2_conditional_ppg_2026_candidate_nffc_v1,v2_locked_final_nffc_20260826T211223Z_8be6a307,conditional_ppg,conditional_ppg_primary_blend,position,TE,rmse,802,9,2.2187405165678946
v2_conditional_ppg_2026_candidate_nffc_v1,v2_locked_final_nffc_20260826T211223Z_8be6a307,conditional_ppg,conditional_ppg_primary_blend,position,TE,mae,802,9,1.7538825179938344
v2_conditional_ppg_2026_candidate_nffc_v1,v2_locked_final_nffc_20260826T211223Z_8be6a307,conditional_ppg,conditional_ppg_primary_blend,position,TE,bias,802,9,0.2984438667219605
v2_conditional_ppg_2026_candidate_nffc_v1,v2_locked_final_nffc_20260826T211223Z_8be6a307,conditional_ppg,conditional_ppg_primary_blend,position,TE,spearman,802,9,0.7136559455213717
v2_conditional_ppg_2026_candidate_nffc_v1,v2_locked_final_nffc_20260826T211223Z_8be6a307,conditional_ppg,conditional_ppg_primary_blend,position,WR,rmse,1503,9,2.969700279047318
v2_conditional_ppg_2026_candidate_nffc_v1,v2_locked_final_nffc_20260826T211223Z_8be6a307,conditional_ppg,conditional_ppg_primary_blend,position,WR,mae,1503,9,2.3720473892479004
v2_conditional_ppg_2026_candidate_nffc_v1,v2_locked_final_nffc_20260826T211223Z_8be6a307,conditional_ppg,conditional_ppg_primary_blend,position,WR,bias,1503,9,0.25020380594911273
v2_conditional_ppg_2026_candidate_nffc_v1,v2_locked_final_nffc_20260826T211223Z_8be6a307,conditional_ppg,conditional_ppg_primary_blend,position,WR,spearman,1503,9,0.7503774457180167
v2_conditional_ppg_2026_candidate_nffc_v1,v2_locked_final_nffc_20260826T211223Z_8be6a307,conditional_ppg,conditional_ppg_primary_blend,history_depth,other_no_history,rmse,27,8,2.5657590248158346
v2_conditional_ppg_2026_candidate_nffc_v1,v2_locked_final_nffc_20260826T211223Z_8be6a307,conditional_ppg,conditional_ppg_primary_blend,history_depth,other_no_history,mae,27,8,2.0520613955459317
v2_conditional_ppg_2026_candidate_nffc_v1,v2_locked_final_nffc_20260826T211223Z_8be6a307,conditional_ppg,conditional_ppg_primary_blend,history_depth,other_no_history,bias,27,8,0.5541457006139718
v2_conditional_ppg_2026_candidate_nffc_v1,v2_locked_final_nffc_20260826T211223Z_8be6a307,conditional_ppg,conditional_ppg_primary_blend,history_depth,other_no_history,spearman,27,8,0.4175824175824176
v2_conditional_ppg_2026_candidate_nffc_v1,v2_locked_final_nffc_20260826T211223Z_8be6a307,conditional_ppg,conditional_ppg_primary_blend,history_depth,rookie,rmse,531,9,3.4596784409607615
v2_conditional_ppg_2026_candidate_nffc_v1,v2_locked_final_nffc_20260826T211223Z_8be6a307,conditional_ppg,conditional_ppg_primary_blend,history_depth,rookie,mae,531,9,2.748825962380861
v2_conditional_ppg_2026_candidate_nffc_v1,v2_locked_final_nffc_20260826T211223Z_8be6a307,conditional_ppg,conditional_ppg_primary_blend,history_depth,rookie,bias,531,9,0.24046929687367813
v2_conditional_ppg_2026_candidate_nffc_v1,v2_locked_final_nffc_20260826T211223Z_8be6a307,conditional_ppg,conditional_ppg_primary_blend,history_depth,rookie,spearman,531,9,0.6545985293697634
v2_conditional_ppg_2026_candidate_nffc_v1,v2_locked_final_nffc_20260826T211223Z_8be6a307,conditional_ppg,conditional_ppg_primary_blend,history_depth,second_year,rmse,567,9,3.211171877437875
v2_conditional_ppg_2026_candidate_nffc_v1,v2_locked_final_nffc_20260826T211223Z_8be6a307,conditional_ppg,conditional_ppg_primary_blend,history_depth,second_year,mae,567,9,2.4471396508799206
v2_conditional_ppg_2026_candidate_nffc_v1,v2_locked_final_nffc_20260826T211223Z_8be6a307,conditional_ppg,conditional_ppg_primary_blend,history_depth,second_year,bias,567,9,0.12272405358232831
v2_conditional_ppg_2026_candidate_nffc_v1,v2_locked_final_nffc_20260826T211223Z_8be6a307,conditional_ppg,conditional_ppg_primary_blend,history_depth,second_year,spearman,567,9,0.769037814665191
v2_conditional_ppg_2026_candidate_nffc_v1,v2_locked_final_nffc_20260826T211223Z_8be6a307,conditional_ppg,conditional_ppg_primary_blend,history_depth,veteran_with_history,rmse,2571,9,2.978730889616682
v2_conditional_ppg_2026_candidate_nffc_v1,v2_locked_final_nffc_20260826T211223Z_8be6a307,conditional_ppg,conditional_ppg_primary_blend,history_depth,veteran_with_history,mae,2571,9,2.330296481125149
v2_conditional_ppg_2026_candidate_nffc_v1,v2_locked_final_nffc_20260826T211223Z_8be6a307,conditional_ppg,conditional_ppg_primary_blend,history_depth,veteran_with_history,bias,2571,9,0.16783583862277196
v2_conditional_ppg_2026_candidate_nffc_v1,v2_locked_final_nffc_20260826T211223Z_8be6a307,conditional_ppg,conditional_ppg_primary_blend,history_depth,veteran_with_history,spearman,2571,9,0.843928384739028
v2_conditional_ppg_2026_candidate_nffc_v1,v2_locked_final_nffc_20260826T211223Z_8be6a307,conditional_ppg,conditional_ppg_projection_history_router,pooled,all,rmse,3696,9,3.0891063226655966
v2_conditional_ppg_2026_candidate_nffc_v1,v2_locked_final_nffc_20260826T211223Z_8be6a307,conditional_ppg,conditional_ppg_projection_history_router,pooled,all,mae,3696,9,2.4072806685269805
v2_conditional_ppg_2026_candidate_nffc_v1,v2_locked_final_nffc_20260826T211223Z_8be6a307,conditional_ppg,conditional_ppg_projection_history_router,pooled,all,bias,3696,9,0.15988811768725295
v2_conditional_ppg_2026_candidate_nffc_v1,v2_locked_final_nffc_20260826T211223Z_8be6a307,conditional_ppg,conditional_ppg_projection_history_router,pooled,all,spearman,3696,9,0.8113529648421611
v2_conditional_ppg_2026_candidate_nffc_v1,v2_locked_final_nffc_20260826T211223Z_8be6a307,conditional_ppg,conditional_ppg_projection_history_router,provider_era,2023_2025,rmse,1237,3,3.05935968950696
v2_conditional_ppg_2026_candidate_nffc_v1,v2_locked_final_nffc_20260826T211223Z_8be6a307,conditional_ppg,conditional_ppg_projection_history_router,provider_era,2023_2025,mae,1237,3,2.387512378581177
v2_conditional_ppg_2026_candidate_nffc_v1,v2_locked_final_nffc_20260826T211223Z_8be6a307,conditional_ppg,conditional_ppg_projection_history_router,provider_era,2023_2025,bias,1237,3,0.2867238521776525
v2_conditional_ppg_2026_candidate_nffc_v1,v2_locked_final_nffc_20260826T211223Z_8be6a307,conditional_ppg,conditional_ppg_projection_history_router,provider_era,2023_2025,spearman,1237,3,0.8176932179520268
v2_conditional_ppg_2026_candidate_nffc_v1,v2_locked_final_nffc_20260826T211223Z_8be6a307,conditional_ppg,conditional_ppg_projection_history_router,season,2017,rmse,407,1,3.0737824618857563
v2_conditional_ppg_2026_candidate_nffc_v1,v2_locked_final_nffc_20260826T211223Z_8be6a307,conditional_ppg,conditional_ppg_projection_history_router,season,2017,mae,407,1,2.409725277174119
v2_conditional_ppg_2026_candidate_nffc_v1,v2_locked_final_nffc_20260826T211223Z_8be6a307,conditional_ppg,conditional_ppg_projection_history_router,season,2017,bias,407,1,0.40873460597478967
v2_conditional_ppg_2026_candidate_nffc_v1,v2_locked_final_nffc_20260826T211223Z_8be6a307,conditional_ppg,conditional_ppg_projection_history_router,season,2017,spearman,407,1,0.7942476860133934
v2_conditional_ppg_2026_candidate_nffc_v1,v2_locked_final_nffc_20260826T211223Z_8be6a307,conditional_ppg,conditional_ppg_projection_history_router,season,2018,rmse,405,1,3.328894100067926
v2_conditional_ppg_2026_candidate_nffc_v1,v2_locked_final_nffc_20260826T211223Z_8be6a307,conditional_ppg,conditional_ppg_projection_history_router,season,2018,mae,405,1,2.5312795220301236
v2_conditional_ppg_2026_candidate_nffc_v1,v2_locked_final_nffc_20260826T211223Z_8be6a307,conditional_ppg,conditional_ppg_projection_history_router,season,2018,bias,405,1,-0.4712973845312114
v2_conditional_ppg_2026_candidate_nffc_v1,v2_locked_final_nffc_20260826T211223Z_8be6a307,conditional_ppg,conditional_ppg_projection_history_router,season,2018,spearman,405,1,0.8052808960467218
v2_conditional_ppg_2026_candidate_nffc_v1,v2_locked_final_nffc_20260826T211223Z_8be6a307,conditional_ppg,conditional_ppg_projection_history_router,season,2019,rmse,388,1,3.0691379695995202
v2_conditional_ppg_2026_candidate_nffc_v1,v2_locked_final_nffc_20260826T211223Z_8be6a307,conditional_ppg,conditional_ppg_projection_history_router,season,2019,mae,388,1,2.424583549976122
v2_conditional_ppg_2026_candidate_nffc_v1,v2_locked_final_nffc_20260826T211223Z_8be6a307,conditional_ppg,conditional_ppg_projection_history_router,season,2019,bias,388,1,-0.0305663928429491
v2_conditional_ppg_2026_candidate_nffc_v1,v2_locked_final_nffc_20260826T211223Z_8be6a307,conditional_ppg,conditional_ppg_projection_history_router,season,2019,spearman,388,1,0.8005129886857166
v2_conditional_ppg_2026_candidate_nffc_v1,v2_locked_final_nffc_20260826T211223Z_8be6a307,conditional_ppg,conditional_ppg_projection_history_router,season,2020,rmse,414,1,3.2884259499859607
v2_conditional_ppg_2026_candidate_nffc_v1,v2_locked_final_nffc_20260826T211223Z_8be6a307,conditional_ppg,conditional_ppg_projection_history_router,season,2020,mae,414,1,2.5148295699730987
v2_conditional_ppg_2026_candidate_nffc_v1,v2_locked_final_nffc_20260826T211223Z_8be6a307,conditional_ppg,conditional_ppg_projection_history_router,season,2020,bias,414,1,-0.29601491011635295
v2_conditional_ppg_2026_candidate_nffc_v1,v2_locked_final_nffc_20260826T211223Z_8be6a307,conditional_ppg,conditional_ppg_projection_history_router,season,2020,spearman,414,1,0.797450804859454
v2_conditional_ppg_2026_candidate_nffc_v1,v2_locked_final_nffc_20260826T211223Z_8be6a307,conditional_ppg,conditional_ppg_projection_history_router,season,2021,rmse,419,1,3.0425869387687032
v2_conditional_ppg_2026_candidate_nffc_v1,v2_locked_final_nffc_20260826T211223Z_8be6a307,conditional_ppg,conditional_ppg_projection_history_router,season,2021,mae,419,1,2.361980918035295
v2_conditional_ppg_2026_candidate_nffc_v1,v2_locked_final_nffc_20260826T211223Z_8be6a307,conditional_ppg,conditional_ppg_projection_history_router,season,2021,bias,419,1,0.2959794080289396
v2_conditional_ppg_2026_candidate_nffc_v1,v2_locked_final_nffc_20260826T211223Z_8be6a307,conditional_ppg,conditional_ppg_projection_history_router,season,2021,spearman,419,1,0.8118754013331652
v2_conditional_ppg_2026_candidate_nffc_v1,v2_locked_final_nffc_20260826T211223Z_8be6a307,conditional_ppg,conditional_ppg_projection_history_router,season,2022,rmse,426,1,2.80321127415174
v2_conditional_ppg_2026_candidate_nffc_v1,v2_locked_final_nffc_20260826T211223Z_8be6a307,conditional_ppg,conditional_ppg_projection_history_router,season,2022,mae,426,1,2.2687377472355594
v2_conditional_ppg_2026_candidate_nffc_v1,v2_locked_final_nffc_20260826T211223Z_8be6a307,conditional_ppg,conditional_ppg_projection_history_router,season,2022,bias,426,1,0.6365823830489221
v2_conditional_ppg_2026_candidate_nffc_v1,v2_locked_final_nffc_20260826T211223Z_8be6a307,conditional_ppg,conditional_ppg_projection_history_router,season,2022,spearman,426,1,0.8360105116844292
v2_conditional_ppg_2026_candidate_nffc_v1,v2_locked_final_nffc_20260826T211223Z_8be6a307,conditional_ppg,conditional_ppg_projection_history_router,season,2023,rmse,413,1,3.1637420277694916
v2_conditional_ppg_2026_candidate_nffc_v1,v2_locked_final_nffc_20260826T211223Z_8be6a307,conditional_ppg,conditional_ppg_projection_history_router,season,2023,mae,413,1,2.4269422594969443
v2_conditional_ppg_2026_candidate_nffc_v1,v2_locked_final_nffc_20260826T211223Z_8be6a307,conditional_ppg,conditional_ppg_projection_history_router,season,2023,bias,413,1,0.4194675340362343
v2_conditional_ppg_2026_candidate_nffc_v1,v2_locked_final_nffc_20260826T211223Z_8be6a307,conditional_ppg,conditional_ppg_projection_history_router,season,2023,spearman,413,1,0.8101912267838067
v2_conditional_ppg_2026_candidate_nffc_v1,v2_locked_final_nffc_20260826T211223Z_8be6a307,conditional_ppg,conditional_ppg_projection_history_router,season,2024,rmse,407,1,3.095355367766623
v2_conditional_ppg_2026_candidate_nffc_v1,v2_locked_final_nffc_20260826T211223Z_8be6a307,conditional_ppg,conditional_ppg_projection_history_router,season,2024,mae,407,1,2.4938873838558013
v2_conditional_ppg_2026_candidate_nffc_v1,v2_locked_final_nffc_20260826T211223Z_8be6a307,conditional_ppg,conditional_ppg_projection_history_router,season,2024,bias,407,1,0.22758463499071888
v2_conditional_ppg_2026_candidate_nffc_v1,v2_locked_final_nffc_20260826T211223Z_8be6a307,conditional_ppg,conditional_ppg_projection_history_router,season,2024,spearman,407,1,0.8232177525902928
v2_conditional_ppg_2026_candidate_nffc_v1,v2_locked_final_nffc_20260826T211223Z_8be6a307,conditional_ppg,conditional_ppg_projection_history_router,season,2025,rmse,417,1,2.9154931735518494
v2_conditional_ppg_2026_candidate_nffc_v1,v2_locked_final_nffc_20260826T211223Z_8be6a307,conditional_ppg,conditional_ppg_projection_history_router,season,2025,mae,417,1,2.24463667602726
v2_conditional_ppg_2026_candidate_nffc_v1,v2_locked_final_nffc_20260826T211223Z_8be6a307,conditional_ppg,conditional_ppg_projection_history_router,season,2025,bias,417,1,0.21297450154812658
v2_conditional_ppg_2026_candidate_nffc_v1,v2_locked_final_nffc_20260826T211223Z_8be6a307,conditional_ppg,conditional_ppg_projection_history_router,season,2025,spearman,417,1,0.8277253567304712
v2_conditional_ppg_2026_candidate_nffc_v1,v2_locked_final_nffc_20260826T211223Z_8be6a307,conditional_ppg,conditional_ppg_projection_history_router,position,QB,rmse,380,9,4.255989114557305
v2_conditional_ppg_2026_candidate_nffc_v1,v2_locked_final_nffc_20260826T211223Z_8be6a307,conditional_ppg,conditional_ppg_projection_history_router,position,QB,mae,380,9,3.3579059733914343
v2_conditional_ppg_2026_candidate_nffc_v1,v2_locked_final_nffc_20260826T211223Z_8be6a307,conditional_ppg,conditional_ppg_projection_history_router,position,QB,bias,380,9,-0.056579328182423325
v2_conditional_ppg_2026_candidate_nffc_v1,v2_locked_final_nffc_20260826T211223Z_8be6a307,conditional_ppg,conditional_ppg_projection_history_router,position,QB,spearman,380,9,0.5894143288091757
v2_conditional_ppg_2026_candidate_nffc_v1,v2_locked_final_nffc_20260826T211223Z_8be6a307,conditional_ppg,conditional_ppg_projection_history_router,position,RB,rmse,1011,9,3.3146627607656516
v2_conditional_ppg_2026_candidate_nffc_v1,v2_locked_final_nffc_20260826T211223Z_8be6a307,conditional_ppg,conditional_ppg_projection_history_router,position,RB,mae,1011,9,2.6192668552972784
v2_conditional_ppg_2026_candidate_nffc_v1,v2_locked_final_nffc_20260826T211223Z_8be6a307,conditional_ppg,conditional_ppg_projection_history_router,position,RB,bias,1011,9,0.05368332813683025
v2_conditional_ppg_2026_candidate_nffc_v1,v2_locked_final_nffc_20260826T211223Z_8be6a307,conditional_ppg,conditional_ppg_projection_history_router,position,RB,spearman,1011,9,0.7452370282434129
v2_conditional_ppg_2026_candidate_nffc_v1,v2_locked_final_nffc_20260826T211223Z_8be6a307,conditional_ppg,conditional_ppg_projection_history_router,position,TE,rmse,802,9,2.223338115887924
v2_conditional_ppg_2026_candidate_nffc_v1,v2_locked_final_nffc_20260826T211223Z_8be6a307,conditional_ppg,conditional_ppg_projection_history_router,position,TE,mae,802,9,1.7536032358764622
v2_conditional_ppg_2026_candidate_nffc_v1,v2_locked_final_nffc_20260826T211223Z_8be6a307,conditional_ppg,conditional_ppg_projection_history_router,position,TE,bias,802,9,0.28149105857237555
v2_conditional_ppg_2026_candidate_nffc_v1,v2_locked_final_nffc_20260826T211223Z_8be6a307,conditional_ppg,conditional_ppg_projection_history_router,position,TE,spearman,802,9,0.7136073290543445
v2_conditional_ppg_2026_candidate_nffc_v1,v2_locked_final_nffc_20260826T211223Z_8be6a307,conditional_ppg,conditional_ppg_projection_history_router,position,WR,rmse,1503,9,2.9762802454395385
v2_conditional_ppg_2026_candidate_nffc_v1,v2_locked_final_nffc_20260826T211223Z_8be6a307,conditional_ppg,conditional_ppg_projection_history_router,position,WR,mae,1503,9,2.373144707324353
v2_conditional_ppg_2026_candidate_nffc_v1,v2_locked_final_nffc_20260826T211223Z_8be6a307,conditional_ppg,conditional_ppg_projection_history_router,position,WR,bias,1503,9,0.22116896471059702
v2_conditional_ppg_2026_candidate_nffc_v1,v2_locked_final_nffc_20260826T211223Z_8be6a307,conditional_ppg,conditional_ppg_projection_history_router,position,WR,spearman,1503,9,0.7504119159363258
v2_conditional_ppg_2026_candidate_nffc_v1,v2_locked_final_nffc_20260826T211223Z_8be6a307,conditional_ppg,conditional_ppg_projection_history_router,history_depth,other_no_history,rmse,27,8,2.47500564280949
v2_conditional_ppg_2026_candidate_nffc_v1,v2_locked_final_nffc_20260826T211223Z_8be6a307,conditional_ppg,conditional_ppg_projection_history_router,history_depth,other_no_history,mae,27,8,1.9998513607052313
v2_conditional_ppg_2026_candidate_nffc_v1,v2_locked_final_nffc_20260826T211223Z_8be6a307,conditional_ppg,conditional_ppg_projection_history_router,history_depth,other_no_history,bias,27,8,0.6522241810132512
v2_conditional_ppg_2026_candidate_nffc_v1,v2_locked_final_nffc_20260826T211223Z_8be6a307,conditional_ppg,conditional_ppg_projection_history_router,history_depth,other_no_history,spearman,27,8,0.4719890148105932
v2_conditional_ppg_2026_candidate_nffc_v1,v2_locked_final_nffc_20260826T211223Z_8be6a307,conditional_ppg,conditional_ppg_projection_history_router,history_depth,rookie,rmse,531,9,3.4733347457317096
v2_conditional_ppg_2026_candidate_nffc_v1,v2_locked_final_nffc_20260826T211223Z_8be6a307,conditional_ppg,conditional_ppg_projection_history_router,history_depth,rookie,mae,531,9,2.753456911224762
v2_conditional_ppg_2026_candidate_nffc_v1,v2_locked_final_nffc_20260826T211223Z_8be6a307,conditional_ppg,conditional_ppg_projection_history_router,history_depth,rookie,bias,531,9,0.1506545482143702
v2_conditional_ppg_2026_candidate_nffc_v1,v2_locked_final_nffc_20260826T211223Z_8be6a307,conditional_ppg,conditional_ppg_projection_history_router,history_depth,rookie,spearman,531,9,0.6524053713136235
v2_conditional_ppg_2026_candidate_nffc_v1,v2_locked_final_nffc_20260826T211223Z_8be6a307,conditional_ppg,conditional_ppg_projection_history_router,history_depth,second_year,rmse,567,9,3.221920242848305
v2_conditional_ppg_2026_candidate_nffc_v1,v2_locked_final_nffc_20260826T211223Z_8be6a307,conditional_ppg,conditional_ppg_projection_history_router,history_depth,second_year,mae,567,9,2.451561713057442
v2_conditional_ppg_2026_candidate_nffc_v1,v2_locked_final_nffc_20260826T211223Z_8be6a307,conditional_ppg,conditional_ppg_projection_history_router,history_depth,second_year,bias,567,9,0.10905277580908627
v2_conditional_ppg_2026_candidate_nffc_v1,v2_locked_final_nffc_20260826T211223Z_8be6a307,conditional_ppg,conditional_ppg_projection_history_router,history_depth,second_year,spearman,567,9,0.7686066676542573
v2_conditional_ppg_2026_candidate_nffc_v1,v2_locked_final_nffc_20260826T211223Z_8be6a307,conditional_ppg,conditional_ppg_projection_history_router,history_depth,veteran_with_history,rmse,2571,9,2.978730889616682
v2_conditional_ppg_2026_candidate_nffc_v1,v2_locked_final_nffc_20260826T211223Z_8be6a307,conditional_ppg,conditional_ppg_projection_history_router,history_depth,veteran_with_history,mae,2571,9,2.330296481125149
v2_conditional_ppg_2026_candidate_nffc_v1,v2_locked_final_nffc_20260826T211223Z_8be6a307,conditional_ppg,conditional_ppg_projection_history_router,history_depth,veteran_with_history,bias,2571,9,0.16783583862277196
v2_conditional_ppg_2026_candidate_nffc_v1,v2_locked_final_nffc_20260826T211223Z_8be6a307,conditional_ppg,conditional_ppg_projection_history_router,history_depth,veteran_with_history,spearman,2571,9,0.843928384739028
v2_conditional_ppg_2026_candidate_nffc_v1,v2_locked_final_nffc_20260826T211223Z_8be6a307,conditional_ppg,conditional_ppg_qb_style_wrte_route,pooled,all,rmse,3696,9,3.084548555179023
v2_conditional_ppg_2026_candidate_nffc_v1,v2_locked_final_nffc_20260826T211223Z_8be6a307,conditional_ppg,conditional_ppg_qb_style_wrte_route,pooled,all,mae,3696,9,2.4047243476164755
v2_conditional_ppg_2026_candidate_nffc_v1,v2_locked_final_nffc_20260826T211223Z_8be6a307,conditional_ppg,conditional_ppg_qb_style_wrte_route,pooled,all,bias,3696,9,0.1664193585576722
v2_conditional_ppg_2026_candidate_nffc_v1,v2_locked_final_nffc_20260826T211223Z_8be6a307,conditional_ppg,conditional_ppg_qb_style_wrte_route,pooled,all,spearman,3696,9,0.8117694244909375
v2_conditional_ppg_2026_candidate_nffc_v1,v2_locked_final_nffc_20260826T211223Z_8be6a307,conditional_ppg,conditional_ppg_qb_style_wrte_route,provider_era,2023_2025,rmse,1237,3,3.050967711738907
v2_conditional_ppg_2026_candidate_nffc_v1,v2_locked_final_nffc_20260826T211223Z_8be6a307,conditional_ppg,conditional_ppg_qb_style_wrte_route,provider_era,2023_2025,mae,1237,3,2.383886731528172
v2_conditional_ppg_2026_candidate_nffc_v1,v2_locked_final_nffc_20260826T211223Z_8be6a307,conditional_ppg,conditional_ppg_qb_style_wrte_route,provider_era,2023_2025,bias,1237,3,0.3010375005614946
v2_conditional_ppg_2026_candidate_nffc_v1,v2_locked_final_nffc_20260826T211223Z_8be6a307,conditional_ppg,conditional_ppg_qb_style_wrte_route,provider_era,2023_2025,spearman,1237,3,0.820003441631448
v2_conditional_ppg_2026_candidate_nffc_v1,v2_locked_final_nffc_20260826T211223Z_8be6a307,conditional_ppg,conditional_ppg_qb_style_wrte_route,season,2017,rmse,407,1,3.073073561832577
v2_conditional_ppg_2026_candidate_nffc_v1,v2_locked_final_nffc_20260826T211223Z_8be6a307,conditional_ppg,conditional_ppg_qb_style_wrte_route,season,2017,mae,407,1,2.4089771126750765
v2_conditional_ppg_2026_candidate_nffc_v1,v2_locked_final_nffc_20260826T211223Z_8be6a307,conditional_ppg,conditional_ppg_qb_style_wrte_route,season,2017,bias,407,1,0.4110131818072989
v2_conditional_ppg_2026_candidate_nffc_v1,v2_locked_final_nffc_20260826T211223Z_8be6a307,conditional_ppg,conditional_ppg_qb_style_wrte_route,season,2017,spearman,407,1,0.7943112292030052
v2_conditional_ppg_2026_candidate_nffc_v1,v2_locked_final_nffc_20260826T211223Z_8be6a307,conditional_ppg,conditional_ppg_qb_style_wrte_route,season,2018,rmse,405,1,3.3247817249381475
v2_conditional_ppg_2026_candidate_nffc_v1,v2_locked_final_nffc_20260826T211223Z_8be6a307,conditional_ppg,conditional_ppg_qb_style_wrte_route,season,2018,mae,405,1,2.524628585659735
v2_conditional_ppg_2026_candidate_nffc_v1,v2_locked_final_nffc_20260826T211223Z_8be6a307,conditional_ppg,conditional_ppg_qb_style_wrte_route,season,2018,bias,405,1,-0.48279572878880006
v2_conditional_ppg_2026_candidate_nffc_v1,v2_locked_final_nffc_20260826T211223Z_8be6a307,conditional_ppg,conditional_ppg_qb_style_wrte_route,season,2018,spearman,405,1,0.8027101737190921
v2_conditional_ppg_2026_candidate_nffc_v1,v2_locked_final_nffc_20260826T211223Z_8be6a307,conditional_ppg,conditional_ppg_qb_style_wrte_route,season,2019,rmse,388,1,3.068461510088257
v2_conditional_ppg_2026_candidate_nffc_v1,v2_locked_final_nffc_20260826T211223Z_8be6a307,conditional_ppg,conditional_ppg_qb_style_wrte_route,season,2019,mae,388,1,2.421865851842115
v2_conditional_ppg_2026_candidate_nffc_v1,v2_locked_final_nffc_20260826T211223Z_8be6a307,conditional_ppg,conditional_ppg_qb_style_wrte_route,season,2019,bias,388,1,-0.03409393917707172
v2_conditional_ppg_2026_candidate_nffc_v1,v2_locked_final_nffc_20260826T211223Z_8be6a307,conditional_ppg,conditional_ppg_qb_style_wrte_route,season,2019,spearman,388,1,0.8010264909762667
v2_conditional_ppg_2026_candidate_nffc_v1,v2_locked_final_nffc_20260826T211223Z_8be6a307,conditional_ppg,conditional_ppg_qb_style_wrte_route,season,2020,rmse,414,1,3.28671723886885
v2_conditional_ppg_2026_candidate_nffc_v1,v2_locked_final_nffc_20260826T211223Z_8be6a307,conditional_ppg,conditional_ppg_qb_style_wrte_route,season,2020,mae,414,1,2.517635462165097
v2_conditional_ppg_2026_candidate_nffc_v1,v2_locked_final_nffc_20260826T211223Z_8be6a307,conditional_ppg,conditional_ppg_qb_style_wrte_route,season,2020,bias,414,1,-0.2746752944014224
v2_conditional_ppg_2026_candidate_nffc_v1,v2_locked_final_nffc_20260826T211223Z_8be6a307,conditional_ppg,conditional_ppg_qb_style_wrte_route,season,2020,spearman,414,1,0.7979567991472574
v2_conditional_ppg_2026_candidate_nffc_v1,v2_locked_final_nffc_20260826T211223Z_8be6a307,conditional_ppg,conditional_ppg_qb_style_wrte_route,season,2021,rmse,419,1,3.034901684381001
v2_conditional_ppg_2026_candidate_nffc_v1,v2_locked_final_nffc_20260826T211223Z_8be6a307,conditional_ppg,conditional_ppg_qb_style_wrte_route,season,2021,mae,419,1,2.3584004887983867
v2_conditional_ppg_2026_candidate_nffc_v1,v2_locked_final_nffc_20260826T211223Z_8be6a307,conditional_ppg,conditional_ppg_qb_style_wrte_route,season,2021,bias,419,1,0.2852071600530191
v2_conditional_ppg_2026_candidate_nffc_v1,v2_locked_final_nffc_20260826T211223Z_8be6a307,conditional_ppg,conditional_ppg_qb_style_wrte_route,season,2021,spearman,419,1,0.8118230489659399
v2_conditional_ppg_2026_candidate_nffc_v1,v2_locked_final_nffc_20260826T211223Z_8be6a307,conditional_ppg,conditional_ppg_qb_style_wrte_route,season,2022,rmse,426,1,2.8024239807586264
v2_conditional_ppg_2026_candidate_nffc_v1,v2_locked_final_nffc_20260826T211223Z_8be6a307,conditional_ppg,conditional_ppg_qb_style_wrte_route,season,2022,mae,426,1,2.2673948431492494
v2_conditional_ppg_2026_candidate_nffc_v1,v2_locked_final_nffc_20260826T211223Z_8be6a307,conditional_ppg,conditional_ppg_qb_style_wrte_route,season,2022,bias,426,1,0.6535086535661002
v2_conditional_ppg_2026_candidate_nffc_v1,v2_locked_final_nffc_20260826T211223Z_8be6a307,conditional_ppg,conditional_ppg_qb_style_wrte_route,season,2022,spearman,426,1,0.8357373324094235
v2_conditional_ppg_2026_candidate_nffc_v1,v2_locked_final_nffc_20260826T211223Z_8be6a307,conditional_ppg,conditional_ppg_qb_style_wrte_route,season,2023,rmse,413,1,3.138896217277683
v2_conditional_ppg_2026_candidate_nffc_v1,v2_locked_final_nffc_20260826T211223Z_8be6a307,conditional_ppg,conditional_ppg_qb_style_wrte_route,season,2023,mae,413,1,2.42021398694899
v2_conditional_ppg_2026_candidate_nffc_v1,v2_locked_final_nffc_20260826T211223Z_8be6a307,conditional_ppg,conditional_ppg_qb_style_wrte_route,season,2023,bias,413,1,0.46842722517678476
v2_conditional_ppg_2026_candidate_nffc_v1,v2_locked_final_nffc_20260826T211223Z_8be6a307,conditional_ppg,conditional_ppg_qb_style_wrte_route,season,2023,spearman,413,1,0.8190950703524641
v2_conditional_ppg_2026_candidate_nffc_v1,v2_locked_final_nffc_20260826T211223Z_8be6a307,conditional_ppg,conditional_ppg_qb_style_wrte_route,season,2024,rmse,407,1,3.097348755947517
v2_conditional_ppg_2026_candidate_nffc_v1,v2_locked_final_nffc_20260826T211223Z_8be6a307,conditional_ppg,conditional_ppg_qb_style_wrte_route,season,2024,mae,407,1,2.4936248683070605
v2_conditional_ppg_2026_candidate_nffc_v1,v2_locked_final_nffc_20260826T211223Z_8be6a307,conditional_ppg,conditional_ppg_qb_style_wrte_route,season,2024,bias,407,1,0.2243274494229859
v2_conditional_ppg_2026_candidate_nffc_v1,v2_locked_final_nffc_20260826T211223Z_8be6a307,conditional_ppg,conditional_ppg_qb_style_wrte_route,season,2024,spearman,407,1,0.8234494984850131
v2_conditional_ppg_2026_candidate_nffc_v1,v2_locked_final_nffc_20260826T211223Z_8be6a307,conditional_ppg,conditional_ppg_qb_style_wrte_route,season,2025,rmse,417,1,2.913937615110873
v2_conditional_ppg_2026_candidate_nffc_v1,v2_locked_final_nffc_20260826T211223Z_8be6a307,conditional_ppg,conditional_ppg_qb_style_wrte_route,season,2025,mae,417,1,2.240801412204897
v2_conditional_ppg_2026_candidate_nffc_v1,v2_locked_final_nffc_20260826T211223Z_8be6a307,conditional_ppg,conditional_ppg_qb_style_wrte_route,season,2025,bias,417,1,0.2101239143438883
v2_conditional_ppg_2026_candidate_nffc_v1,v2_locked_final_nffc_20260826T211223Z_8be6a307,conditional_ppg,conditional_ppg_qb_style_wrte_route,season,2025,spearman,417,1,0.8271226366208562
v2_conditional_ppg_2026_candidate_nffc_v1,v2_locked_final_nffc_20260826T211223Z_8be6a307,conditional_ppg,conditional_ppg_qb_style_wrte_route,position,QB,rmse,380,9,4.255387624378007
v2_conditional_ppg_2026_candidate_nffc_v1,v2_locked_final_nffc_20260826T211223Z_8be6a307,conditional_ppg,conditional_ppg_qb_style_wrte_route,position,QB,mae,380,9,3.3522970593406685
v2_conditional_ppg_2026_candidate_nffc_v1,v2_locked_final_nffc_20260826T211223Z_8be6a307,conditional_ppg,conditional_ppg_qb_style_wrte_route,position,QB,bias,380,9,-0.06826456884746569
v2_conditional_ppg_2026_candidate_nffc_v1,v2_locked_final_nffc_20260826T211223Z_8be6a307,conditional_ppg,conditional_ppg_qb_style_wrte_route,position,QB,spearman,380,9,0.5946307645314157
v2_conditional_ppg_2026_candidate_nffc_v1,v2_locked_final_nffc_20260826T211223Z_8be6a307,conditional_ppg,conditional_ppg_qb_style_wrte_route,position,RB,rmse,1011,9,3.3146627607656516
v2_conditional_ppg_2026_candidate_nffc_v1,v2_locked_final_nffc_20260826T211223Z_8be6a307,conditional_ppg,conditional_ppg_qb_style_wrte_route,position,RB,mae,1011,9,2.6192668552972784
v2_conditional_ppg_2026_candidate_nffc_v1,v2_locked_final_nffc_20260826T211223Z_8be6a307,conditional_ppg,conditional_ppg_qb_style_wrte_route,position,RB,bias,1011,9,0.05368332813683025
v2_conditional_ppg_2026_candidate_nffc_v1,v2_locked_final_nffc_20260826T211223Z_8be6a307,conditional_ppg,conditional_ppg_qb_style_wrte_route,position,RB,spearman,1011,9,0.7452370282434129
v2_conditional_ppg_2026_candidate_nffc_v1,v2_locked_final_nffc_20260826T211223Z_8be6a307,conditional_ppg,conditional_ppg_qb_style_wrte_route,position,TE,rmse,802,9,2.218173549854686
v2_conditional_ppg_2026_candidate_nffc_v1,v2_locked_final_nffc_20260826T211223Z_8be6a307,conditional_ppg,conditional_ppg_qb_style_wrte_route,position,TE,mae,802,9,1.7532869411744043
v2_conditional_ppg_2026_candidate_nffc_v1,v2_locked_final_nffc_20260826T211223Z_8be6a307,conditional_ppg,conditional_ppg_qb_style_wrte_route,position,TE,bias,802,9,0.294208942798955
v2_conditional_ppg_2026_candidate_nffc_v1,v2_locked_final_nffc_20260826T211223Z_8be6a307,conditional_ppg,conditional_ppg_qb_style_wrte_route,position,TE,spearman,802,9,0.7147756812121523
v2_conditional_ppg_2026_candidate_nffc_v1,v2_locked_final_nffc_20260826T211223Z_8be6a307,conditional_ppg,conditional_ppg_qb_style_wrte_route,position,WR,rmse,1503,9,2.9669149910277235
v2_conditional_ppg_2026_candidate_nffc_v1,v2_locked_final_nffc_20260826T211223Z_8be6a307,conditional_ppg,conditional_ppg_qb_style_wrte_route,position,WR,mae,1503,9,2.3684453684056015
v2_conditional_ppg_2026_candidate_nffc_v1,v2_locked_final_nffc_20260826T211223Z_8be6a307,conditional_ppg,conditional_ppg_qb_style_wrte_route,position,WR,bias,1503,9,0.23339791651370334
v2_conditional_ppg_2026_candidate_nffc_v1,v2_locked_final_nffc_20260826T211223Z_8be6a307,conditional_ppg,conditional_ppg_qb_style_wrte_route,position,WR,spearman,1503,9,0.7506212724409215
v2_conditional_ppg_2026_candidate_nffc_v1,v2_locked_final_nffc_20260826T211223Z_8be6a307,conditional_ppg,conditional_ppg_qb_style_wrte_route,history_depth,other_no_history,rmse,27,8,2.560652088071255
v2_conditional_ppg_2026_candidate_nffc_v1,v2_locked_final_nffc_20260826T211223Z_8be6a307,conditional_ppg,conditional_ppg_qb_style_wrte_route,history_depth,other_no_history,mae,27,8,2.0493537883268464
v2_conditional_ppg_2026_candidate_nffc_v1,v2_locked_final_nffc_20260826T211223Z_8be6a307,conditional_ppg,conditional_ppg_qb_style_wrte_route,history_depth,other_no_history,bias,27,8,0.5346823566341541
v2_conditional_ppg_2026_candidate_nffc_v1,v2_locked_final_nffc_20260826T211223Z_8be6a307,conditional_ppg,conditional_ppg_qb_style_wrte_route,history_depth,other_no_history,spearman,27,8,0.39987789987789985
v2_conditional_ppg_2026_candidate_nffc_v1,v2_locked_final_nffc_20260826T211223Z_8be6a307,conditional_ppg,conditional_ppg_qb_style_wrte_route,history_depth,rookie,rmse,531,9,3.45304315169321
v2_conditional_ppg_2026_candidate_nffc_v1,v2_locked_final_nffc_20260826T211223Z_8be6a307,conditional_ppg,conditional_ppg_qb_style_wrte_route,history_depth,rookie,mae,531,9,2.74430475743423
v2_conditional_ppg_2026_candidate_nffc_v1,v2_locked_final_nffc_20260826T211223Z_8be6a307,conditional_ppg,conditional_ppg_qb_style_wrte_route,history_depth,rookie,bias,531,9,0.2293738641763602
v2_conditional_ppg_2026_candidate_nffc_v1,v2_locked_final_nffc_20260826T211223Z_8be6a307,conditional_ppg,conditional_ppg_qb_style_wrte_route,history_depth,rookie,spearman,531,9,0.6578199676233629
v2_conditional_ppg_2026_candidate_nffc_v1,v2_locked_final_nffc_20260826T211223Z_8be6a307,conditional_ppg,conditional_ppg_qb_style_wrte_route,history_depth,second_year,rmse,567,9,3.208190748514626
v2_conditional_ppg_2026_candidate_nffc_v1,v2_locked_final_nffc_20260826T211223Z_8be6a307,conditional_ppg,conditional_ppg_qb_style_wrte_route,history_depth,second_year,mae,567,9,2.440750629450404
v2_conditional_ppg_2026_candidate_nffc_v1,v2_locked_final_nffc_20260826T211223Z_8be6a307,conditional_ppg,conditional_ppg_qb_style_wrte_route,history_depth,second_year,bias,567,9,0.11246637547393663
v2_conditional_ppg_2026_candidate_nffc_v1,v2_locked_final_nffc_20260826T211223Z_8be6a307,conditional_ppg,conditional_ppg_qb_style_wrte_route,history_depth,second_year,spearman,567,9,0.7691230335009237
v2_conditional_ppg_2026_candidate_nffc_v1,v2_locked_final_nffc_20260826T211223Z_8be6a307,conditional_ppg,conditional_ppg_qb_style_wrte_route,history_depth,veteran_with_history,rmse,2571,9,2.979321267433455
v2_conditional_ppg_2026_candidate_nffc_v1,v2_locked_final_nffc_20260826T211223Z_8be6a307,conditional_ppg,conditional_ppg_qb_style_wrte_route,history_depth,veteran_with_history,mae,2571,9,2.3303761973588926
v2_conditional_ppg_2026_candidate_nffc_v1,v2_locked_final_nffc_20260826T211223Z_8be6a307,conditional_ppg,conditional_ppg_qb_style_wrte_route,history_depth,veteran_with_history,bias,2571,9,0.16144829592713533
v2_conditional_ppg_2026_candidate_nffc_v1,v2_locked_final_nffc_20260826T211223Z_8be6a307,conditional_ppg,conditional_ppg_qb_style_wrte_route,history_depth,veteran_with_history,spearman,2571,9,0.8438096127507009
v2_conditional_ppg_2026_candidate_nffc_v1,v2_locked_final_nffc_20260826T211223Z_8be6a307,conditional_ppg,conditional_ppg_random_forest,pooled,all,rmse,3696,9,3.1131128183305727
v2_conditional_ppg_2026_candidate_nffc_v1,v2_locked_final_nffc_20260826T211223Z_8be6a307,conditional_ppg,conditional_ppg_random_forest,pooled,all,mae,3696,9,2.4447997085997937
v2_conditional_ppg_2026_candidate_nffc_v1,v2_locked_final_nffc_20260826T211223Z_8be6a307,conditional_ppg,conditional_ppg_random_forest,pooled,all,bias,3696,9,0.26263115055739306
v2_conditional_ppg_2026_candidate_nffc_v1,v2_locked_final_nffc_20260826T211223Z_8be6a307,conditional_ppg,conditional_ppg_random_forest,pooled,all,spearman,3696,9,0.8104843820733303
v2_conditional_ppg_2026_candidate_nffc_v1,v2_locked_final_nffc_20260826T211223Z_8be6a307,conditional_ppg,conditional_ppg_random_forest,provider_era,2023_2025,rmse,1237,3,3.0710043483607734
v2_conditional_ppg_2026_candidate_nffc_v1,v2_locked_final_nffc_20260826T211223Z_8be6a307,conditional_ppg,conditional_ppg_random_forest,provider_era,2023_2025,mae,1237,3,2.4357912011696774
v2_conditional_ppg_2026_candidate_nffc_v1,v2_locked_final_nffc_20260826T211223Z_8be6a307,conditional_ppg,conditional_ppg_random_forest,provider_era,2023_2025,bias,1237,3,0.42380118985703336
v2_conditional_ppg_2026_candidate_nffc_v1,v2_locked_final_nffc_20260826T211223Z_8be6a307,conditional_ppg,conditional_ppg_random_forest,provider_era,2023_2025,spearman,1237,3,0.8189904007002443
v2_conditional_ppg_2026_candidate_nffc_v1,v2_locked_final_nffc_20260826T211223Z_8be6a307,conditional_ppg,conditional_ppg_random_forest,season,2017,rmse,407,1,3.102869210369281
v2_conditional_ppg_2026_candidate_nffc_v1,v2_locked_final_nffc_20260826T211223Z_8be6a307,conditional_ppg,conditional_ppg_random_forest,season,2017,mae,407,1,2.457998094140724
v2_conditional_ppg_2026_candidate_nffc_v1,v2_locked_final_nffc_20260826T211223Z_8be6a307,conditional_ppg,conditional_ppg_random_forest,season,2017,bias,407,1,0.5470286686221033
v2_conditional_ppg_2026_candidate_nffc_v1,v2_locked_final_nffc_20260826T211223Z_8be6a307,conditional_ppg,conditional_ppg_random_forest,season,2017,spearman,407,1,0.7912556901868598
v2_conditional_ppg_2026_candidate_nffc_v1,v2_locked_final_nffc_20260826T211223Z_8be6a307,conditional_ppg,conditional_ppg_random_forest,season,2018,rmse,405,1,3.3297768280796656
v2_conditional_ppg_2026_candidate_nffc_v1,v2_locked_final_nffc_20260826T211223Z_8be6a307,conditional_ppg,conditional_ppg_random_forest,season,2018,mae,405,1,2.5566136235336065
v2_conditional_ppg_2026_candidate_nffc_v1,v2_locked_final_nffc_20260826T211223Z_8be6a307,conditional_ppg,conditional_ppg_random_forest,season,2018,bias,405,1,-0.2991971427461675
v2_conditional_ppg_2026_candidate_nffc_v1,v2_locked_final_nffc_20260826T211223Z_8be6a307,conditional_ppg,conditional_ppg_random_forest,season,2018,spearman,405,1,0.7974149117999664
v2_conditional_ppg_2026_candidate_nffc_v1,v2_locked_final_nffc_20260826T211223Z_8be6a307,conditional_ppg,conditional_ppg_random_forest,season,2019,rmse,388,1,3.075540452398287
v2_conditional_ppg_2026_candidate_nffc_v1,v2_locked_final_nffc_20260826T211223Z_8be6a307,conditional_ppg,conditional_ppg_random_forest,season,2019,mae,388,1,2.4377541686418285
v2_conditional_ppg_2026_candidate_nffc_v1,v2_locked_final_nffc_20260826T211223Z_8be6a307,conditional_ppg,conditional_ppg_random_forest,season,2019,bias,388,1,0.10294223644293854
v2_conditional_ppg_2026_candidate_nffc_v1,v2_locked_final_nffc_20260826T211223Z_8be6a307,conditional_ppg,conditional_ppg_random_forest,season,2019,spearman,388,1,0.7964721498968272
v2_conditional_ppg_2026_candidate_nffc_v1,v2_locked_final_nffc_20260826T211223Z_8be6a307,conditional_ppg,conditional_ppg_random_forest,season,2020,rmse,414,1,3.300600923885034
v2_conditional_ppg_2026_candidate_nffc_v1,v2_locked_final_nffc_20260826T211223Z_8be6a307,conditional_ppg,conditional_ppg_random_forest,season,2020,mae,414,1,2.516685744470834
v2_conditional_ppg_2026_candidate_nffc_v1,v2_locked_final_nffc_20260826T211223Z_8be6a307,conditional_ppg,conditional_ppg_random_forest,season,2020,bias,414,1,-0.297690084795204
v2_conditional_ppg_2026_candidate_nffc_v1,v2_locked_final_nffc_20260826T211223Z_8be6a307,conditional_ppg,conditional_ppg_random_forest,season,2020,spearman,414,1,0.8017602877938684
v2_conditional_ppg_2026_candidate_nffc_v1,v2_locked_final_nffc_20260826T211223Z_8be6a307,conditional_ppg,conditional_ppg_random_forest,season,2021,rmse,419,1,3.1015371403378023
v2_conditional_ppg_2026_candidate_nffc_v1,v2_locked_final_nffc_20260826T211223Z_8be6a307,conditional_ppg,conditional_ppg_random_forest,season,2021,mae,419,1,2.388062455779107
v2_conditional_ppg_2026_candidate_nffc_v1,v2_locked_final_nffc_20260826T211223Z_8be6a307,conditional_ppg,conditional_ppg_random_forest,season,2021,bias,419,1,0.2693342016364768
v2_conditional_ppg_2026_candidate_nffc_v1,v2_locked_final_nffc_20260826T211223Z_8be6a307,conditional_ppg,conditional_ppg_random_forest,season,2021,spearman,419,1,0.8098284721318624
v2_conditional_ppg_2026_candidate_nffc_v1,v2_locked_final_nffc_20260826T211223Z_8be6a307,conditional_ppg,conditional_ppg_random_forest,season,2022,rmse,426,1,2.8801461434940268
v2_conditional_ppg_2026_candidate_nffc_v1,v2_locked_final_nffc_20260826T211223Z_8be6a307,conditional_ppg,conditional_ppg_random_forest,season,2022,mae,426,1,2.344407466375962
v2_conditional_ppg_2026_candidate_nffc_v1,v2_locked_final_nffc_20260826T211223Z_8be6a307,conditional_ppg,conditional_ppg_random_forest,season,2022,bias,426,1,0.7404411083794529
v2_conditional_ppg_2026_candidate_nffc_v1,v2_locked_final_nffc_20260826T211223Z_8be6a307,conditional_ppg,conditional_ppg_random_forest,season,2022,spearman,426,1,0.8338499339978106
v2_conditional_ppg_2026_candidate_nffc_v1,v2_locked_final_nffc_20260826T211223Z_8be6a307,conditional_ppg,conditional_ppg_random_forest,season,2023,rmse,413,1,3.173684691262376
v2_conditional_ppg_2026_candidate_nffc_v1,v2_locked_final_nffc_20260826T211223Z_8be6a307,conditional_ppg,conditional_ppg_random_forest,season,2023,mae,413,1,2.501886628775418
v2_conditional_ppg_2026_candidate_nffc_v1,v2_locked_final_nffc_20260826T211223Z_8be6a307,conditional_ppg,conditional_ppg_random_forest,season,2023,bias,413,1,0.5935841580937685
v2_conditional_ppg_2026_candidate_nffc_v1,v2_locked_final_nffc_20260826T211223Z_8be6a307,conditional_ppg,conditional_ppg_random_forest,season,2023,spearman,413,1,0.8177670470681071
v2_conditional_ppg_2026_candidate_nffc_v1,v2_locked_final_nffc_20260826T211223Z_8be6a307,conditional_ppg,conditional_ppg_random_forest,season,2024,rmse,407,1,3.1055283710394077
v2_conditional_ppg_2026_candidate_nffc_v1,v2_locked_final_nffc_20260826T211223Z_8be6a307,conditional_ppg,conditional_ppg_random_forest,season,2024,mae,407,1,2.519934783686917
v2_conditional_ppg_2026_candidate_nffc_v1,v2_locked_final_nffc_20260826T211223Z_8be6a307,conditional_ppg,conditional_ppg_random_forest,season,2024,bias,407,1,0.32681636143570497
v2_conditional_ppg_2026_candidate_nffc_v1,v2_locked_final_nffc_20260826T211223Z_8be6a307,conditional_ppg,conditional_ppg_random_forest,season,2024,spearman,407,1,0.8219066093375027
v2_conditional_ppg_2026_candidate_nffc_v1,v2_locked_final_nffc_20260826T211223Z_8be6a307,conditional_ppg,conditional_ppg_random_forest,season,2025,rmse,417,1,2.9305095877945537
v2_conditional_ppg_2026_candidate_nffc_v1,v2_locked_final_nffc_20260826T211223Z_8be6a307,conditional_ppg,conditional_ppg_random_forest,season,2025,mae,417,1,2.2882040316596366
v2_conditional_ppg_2026_candidate_nffc_v1,v2_locked_final_nffc_20260826T211223Z_8be6a307,conditional_ppg,conditional_ppg_random_forest,season,2025,bias,417,1,0.3503058883839135
v2_conditional_ppg_2026_candidate_nffc_v1,v2_locked_final_nffc_20260826T211223Z_8be6a307,conditional_ppg,conditional_ppg_random_forest,season,2025,spearman,417,1,0.8252690488702404
v2_conditional_ppg_2026_candidate_nffc_v1,v2_locked_final_nffc_20260826T211223Z_8be6a307,conditional_ppg,conditional_ppg_random_forest,position,QB,rmse,380,9,4.322856311217803
v2_conditional_ppg_2026_candidate_nffc_v1,v2_locked_final_nffc_20260826T211223Z_8be6a307,conditional_ppg,conditional_ppg_random_forest,position,QB,mae,380,9,3.412340993652334
v2_conditional_ppg_2026_candidate_nffc_v1,v2_locked_final_nffc_20260826T211223Z_8be6a307,conditional_ppg,conditional_ppg_random_forest,position,QB,bias,380,9,0.020720641561918284
v2_conditional_ppg_2026_candidate_nffc_v1,v2_locked_final_nffc_20260826T211223Z_8be6a307,conditional_ppg,conditional_ppg_random_forest,position,QB,spearman,380,9,0.5799685378291596
v2_conditional_ppg_2026_candidate_nffc_v1,v2_locked_final_nffc_20260826T211223Z_8be6a307,conditional_ppg,conditional_ppg_random_forest,position,RB,rmse,1011,9,3.320169830866053
v2_conditional_ppg_2026_candidate_nffc_v1,v2_locked_final_nffc_20260826T211223Z_8be6a307,conditional_ppg,conditional_ppg_random_forest,position,RB,mae,1011,9,2.6468878315522524
v2_conditional_ppg_2026_candidate_nffc_v1,v2_locked_final_nffc_20260826T211223Z_8be6a307,conditional_ppg,conditional_ppg_random_forest,position,RB,bias,1011,9,0.16653640737448075
v2_conditional_ppg_2026_candidate_nffc_v1,v2_locked_final_nffc_20260826T211223Z_8be6a307,conditional_ppg,conditional_ppg_random_forest,position,RB,spearman,1011,9,0.746623683745349
v2_conditional_ppg_2026_candidate_nffc_v1,v2_locked_final_nffc_20260826T211223Z_8be6a307,conditional_ppg,conditional_ppg_random_forest,position,TE,rmse,802,9,2.2982766389756426
v2_conditional_ppg_2026_candidate_nffc_v1,v2_locked_final_nffc_20260826T211223Z_8be6a307,conditional_ppg,conditional_ppg_random_forest,position,TE,mae,802,9,1.8567116642942754
v2_conditional_ppg_2026_candidate_nffc_v1,v2_locked_final_nffc_20260826T211223Z_8be6a307,conditional_ppg,conditional_ppg_random_forest,position,TE,bias,802,9,0.5905673468488645
v2_conditional_ppg_2026_candidate_nffc_v1,v2_locked_final_nffc_20260826T211223Z_8be6a307,conditional_ppg,conditional_ppg_random_forest,position,TE,spearman,802,9,0.7098469901400684
v2_conditional_ppg_2026_candidate_nffc_v1,v2_locked_final_nffc_20260826T211223Z_8be6a307,conditional_ppg,conditional_ppg_random_forest,position,WR,rmse,1503,9,2.9789206604549405
v2_conditional_ppg_2026_candidate_nffc_v1,v2_locked_final_nffc_20260826T211223Z_8be6a307,conditional_ppg,conditional_ppg_random_forest,position,WR,mae,1503,9,2.3780464357509072
v2_conditional_ppg_2026_candidate_nffc_v1,v2_locked_final_nffc_20260826T211223Z_8be6a307,conditional_ppg,conditional_ppg_random_forest,position,WR,bias,1503,9,0.21344482277991117
v2_conditional_ppg_2026_candidate_nffc_v1,v2_locked_final_nffc_20260826T211223Z_8be6a307,conditional_ppg,conditional_ppg_random_forest,position,WR,spearman,1503,9,0.7496276567177597
v2_conditional_ppg_2026_candidate_nffc_v1,v2_locked_final_nffc_20260826T211223Z_8be6a307,conditional_ppg,conditional_ppg_random_forest,history_depth,other_no_history,rmse,27,8,2.6709030813576637
v2_conditional_ppg_2026_candidate_nffc_v1,v2_locked_final_nffc_20260826T211223Z_8be6a307,conditional_ppg,conditional_ppg_random_forest,history_depth,other_no_history,mae,27,8,2.129748287439407
v2_conditional_ppg_2026_candidate_nffc_v1,v2_locked_final_nffc_20260826T211223Z_8be6a307,conditional_ppg,conditional_ppg_random_forest,history_depth,other_no_history,bias,27,8,0.8356148801789053
v2_conditional_ppg_2026_candidate_nffc_v1,v2_locked_final_nffc_20260826T211223Z_8be6a307,conditional_ppg,conditional_ppg_random_forest,history_depth,other_no_history,spearman,27,8,0.43749046456893925
v2_conditional_ppg_2026_candidate_nffc_v1,v2_locked_final_nffc_20260826T211223Z_8be6a307,conditional_ppg,conditional_ppg_random_forest,history_depth,rookie,rmse,531,9,3.4646261886115575
v2_conditional_ppg_2026_candidate_nffc_v1,v2_locked_final_nffc_20260826T211223Z_8be6a307,conditional_ppg,conditional_ppg_random_forest,history_depth,rookie,mae,531,9,2.741633157341284
v2_conditional_ppg_2026_candidate_nffc_v1,v2_locked_final_nffc_20260826T211223Z_8be6a307,conditional_ppg,conditional_ppg_random_forest,history_depth,rookie,bias,531,9,0.1935886772902485
v2_conditional_ppg_2026_candidate_nffc_v1,v2_locked_final_nffc_20260826T211223Z_8be6a307,conditional_ppg,conditional_ppg_random_forest,history_depth,rookie,spearman,531,9,0.6570762628599675
v2_conditional_ppg_2026_candidate_nffc_v1,v2_locked_final_nffc_20260826T211223Z_8be6a307,conditional_ppg,conditional_ppg_random_forest,history_depth,second_year,rmse,567,9,3.2111231372704223
v2_conditional_ppg_2026_candidate_nffc_v1,v2_locked_final_nffc_20260826T211223Z_8be6a307,conditional_ppg,conditional_ppg_random_forest,history_depth,second_year,mae,567,9,2.4661116769376643
v2_conditional_ppg_2026_candidate_nffc_v1,v2_locked_final_nffc_20260826T211223Z_8be6a307,conditional_ppg,conditional_ppg_random_forest,history_depth,second_year,bias,567,9,0.17042631861396676
v2_conditional_ppg_2026_candidate_nffc_v1,v2_locked_final_nffc_20260826T211223Z_8be6a307,conditional_ppg,conditional_ppg_random_forest,history_depth,second_year,spearman,567,9,0.7728206808511447
v2_conditional_ppg_2026_candidate_nffc_v1,v2_locked_final_nffc_20260826T211223Z_8be6a307,conditional_ppg,conditional_ppg_random_forest,history_depth,veteran_with_history,rmse,2571,9,3.0172990193451623
v2_conditional_ppg_2026_candidate_nffc_v1,v2_locked_final_nffc_20260826T211223Z_8be6a307,conditional_ppg,conditional_ppg_random_forest,history_depth,veteran_with_history,mae,2571,9,2.382101902704043
v2_conditional_ppg_2026_candidate_nffc_v1,v2_locked_final_nffc_20260826T211223Z_8be6a307,conditional_ppg,conditional_ppg_random_forest,history_depth,veteran_with_history,bias,2571,9,0.2912080203811954
v2_conditional_ppg_2026_candidate_nffc_v1,v2_locked_final_nffc_20260826T211223Z_8be6a307,conditional_ppg,conditional_ppg_random_forest,history_depth,veteran_with_history,spearman,2571,9,0.8412026357189399
v2_conditional_ppg_2026_candidate_nffc_v1,v2_locked_final_nffc_20260826T211223Z_8be6a307,conditional_ppg,expert_recalibrated,pooled,all,rmse,3696,9,3.175957323588811
v2_conditional_ppg_2026_candidate_nffc_v1,v2_locked_final_nffc_20260826T211223Z_8be6a307,conditional_ppg,expert_recalibrated,pooled,all,mae,3696,9,2.4520828626474613
v2_conditional_ppg_2026_candidate_nffc_v1,v2_locked_final_nffc_20260826T211223Z_8be6a307,conditional_ppg,expert_recalibrated,pooled,all,bias,3696,9,-0.037525065507833924
v2_conditional_ppg_2026_candidate_nffc_v1,v2_locked_final_nffc_20260826T211223Z_8be6a307,conditional_ppg,expert_recalibrated,pooled,all,spearman,3696,9,0.8056998934723583
v2_conditional_ppg_2026_candidate_nffc_v1,v2_locked_final_nffc_20260826T211223Z_8be6a307,conditional_ppg,expert_recalibrated,provider_era,2023_2025,rmse,1237,3,3.1292525721337947
v2_conditional_ppg_2026_candidate_nffc_v1,v2_locked_final_nffc_20260826T211223Z_8be6a307,conditional_ppg,expert_recalibrated,provider_era,2023_2025,mae,1237,3,2.4257716880675426
v2_conditional_ppg_2026_candidate_nffc_v1,v2_locked_final_nffc_20260826T211223Z_8be6a307,conditional_ppg,expert_recalibrated,provider_era,2023_2025,bias,1237,3,0.17462644485183038
v2_conditional_ppg_2026_candidate_nffc_v1,v2_locked_final_nffc_20260826T211223Z_8be6a307,conditional_ppg,expert_recalibrated,provider_era,2023_2025,spearman,1237,3,0.80871948924203
v2_conditional_ppg_2026_candidate_nffc_v1,v2_locked_final_nffc_20260826T211223Z_8be6a307,conditional_ppg,expert_recalibrated,season,2017,rmse,407,1,3.16050353609781
v2_conditional_ppg_2026_candidate_nffc_v1,v2_locked_final_nffc_20260826T211223Z_8be6a307,conditional_ppg,expert_recalibrated,season,2017,mae,407,1,2.4430046744454064
v2_conditional_ppg_2026_candidate_nffc_v1,v2_locked_final_nffc_20260826T211223Z_8be6a307,conditional_ppg,expert_recalibrated,season,2017,bias,407,1,0.11568479646546909
v2_conditional_ppg_2026_candidate_nffc_v1,v2_locked_final_nffc_20260826T211223Z_8be6a307,conditional_ppg,expert_recalibrated,season,2017,spearman,407,1,0.7898111721957022
v2_conditional_ppg_2026_candidate_nffc_v1,v2_locked_final_nffc_20260826T211223Z_8be6a307,conditional_ppg,expert_recalibrated,season,2018,rmse,405,1,3.4732041590742426
v2_conditional_ppg_2026_candidate_nffc_v1,v2_locked_final_nffc_20260826T211223Z_8be6a307,conditional_ppg,expert_recalibrated,season,2018,mae,405,1,2.657375301960521
v2_conditional_ppg_2026_candidate_nffc_v1,v2_locked_final_nffc_20260826T211223Z_8be6a307,conditional_ppg,expert_recalibrated,season,2018,bias,405,1,-0.6781001344196448
v2_conditional_ppg_2026_candidate_nffc_v1,v2_locked_final_nffc_20260826T211223Z_8be6a307,conditional_ppg,expert_recalibrated,season,2018,spearman,405,1,0.7983560371863907
v2_conditional_ppg_2026_candidate_nffc_v1,v2_locked_final_nffc_20260826T211223Z_8be6a307,conditional_ppg,expert_recalibrated,season,2019,rmse,388,1,3.1887156751790666
v2_conditional_ppg_2026_candidate_nffc_v1,v2_locked_final_nffc_20260826T211223Z_8be6a307,conditional_ppg,expert_recalibrated,season,2019,mae,388,1,2.4442850625329
v2_conditional_ppg_2026_candidate_nffc_v1,v2_locked_final_nffc_20260826T211223Z_8be6a307,conditional_ppg,expert_recalibrated,season,2019,bias,388,1,-0.2769909116415706
v2_conditional_ppg_2026_candidate_nffc_v1,v2_locked_final_nffc_20260826T211223Z_8be6a307,conditional_ppg,expert_recalibrated,season,2019,spearman,388,1,0.7998394259797046
v2_conditional_ppg_2026_candidate_nffc_v1,v2_locked_final_nffc_20260826T211223Z_8be6a307,conditional_ppg,expert_recalibrated,season,2020,rmse,414,1,3.4001892379613587
v2_conditional_ppg_2026_candidate_nffc_v1,v2_locked_final_nffc_20260826T211223Z_8be6a307,conditional_ppg,expert_recalibrated,season,2020,mae,414,1,2.572523676686271
v2_conditional_ppg_2026_candidate_nffc_v1,v2_locked_final_nffc_20260826T211223Z_8be6a307,conditional_ppg,expert_recalibrated,season,2020,bias,414,1,-0.5441394297478209
v2_conditional_ppg_2026_candidate_nffc_v1,v2_locked_final_nffc_20260826T211223Z_8be6a307,conditional_ppg,expert_recalibrated,season,2020,spearman,414,1,0.8006916236785939
v2_conditional_ppg_2026_candidate_nffc_v1,v2_locked_final_nffc_20260826T211223Z_8be6a307,conditional_ppg,expert_recalibrated,season,2021,rmse,419,1,3.072611197829725
v2_conditional_ppg_2026_candidate_nffc_v1,v2_locked_final_nffc_20260826T211223Z_8be6a307,conditional_ppg,expert_recalibrated,season,2021,mae,419,1,2.393139582835263
v2_conditional_ppg_2026_candidate_nffc_v1,v2_locked_final_nffc_20260826T211223Z_8be6a307,conditional_ppg,expert_recalibrated,season,2021,bias,419,1,0.054101266178437364
v2_conditional_ppg_2026_candidate_nffc_v1,v2_locked_final_nffc_20260826T211223Z_8be6a307,conditional_ppg,expert_recalibrated,season,2021,spearman,419,1,0.8088653281017306
v2_conditional_ppg_2026_candidate_nffc_v1,v2_locked_final_nffc_20260826T211223Z_8be6a307,conditional_ppg,expert_recalibrated,season,2022,rmse,426,1,2.87828174768076
v2_conditional_ppg_2026_candidate_nffc_v1,v2_locked_final_nffc_20260826T211223Z_8be6a307,conditional_ppg,expert_recalibrated,season,2022,mae,426,1,2.290013828153331
v2_conditional_ppg_2026_candidate_nffc_v1,v2_locked_final_nffc_20260826T211223Z_8be6a307,conditional_ppg,expert_recalibrated,season,2022,bias,426,1,0.4293874530131546
v2_conditional_ppg_2026_candidate_nffc_v1,v2_locked_final_nffc_20260826T211223Z_8be6a307,conditional_ppg,expert_recalibrated,season,2022,spearman,426,1,0.8300499934224387
v2_conditional_ppg_2026_candidate_nffc_v1,v2_locked_final_nffc_20260826T211223Z_8be6a307,conditional_ppg,expert_recalibrated,season,2023,rmse,413,1,3.252817743536343
v2_conditional_ppg_2026_candidate_nffc_v1,v2_locked_final_nffc_20260826T211223Z_8be6a307,conditional_ppg,expert_recalibrated,season,2023,mae,413,1,2.489739708658867
v2_conditional_ppg_2026_candidate_nffc_v1,v2_locked_final_nffc_20260826T211223Z_8be6a307,conditional_ppg,expert_recalibrated,season,2023,bias,413,1,0.36188037769128883
v2_conditional_ppg_2026_candidate_nffc_v1,v2_locked_final_nffc_20260826T211223Z_8be6a307,conditional_ppg,expert_recalibrated,season,2023,spearman,413,1,0.7927590702730228
v2_conditional_ppg_2026_candidate_nffc_v1,v2_locked_final_nffc_20260826T211223Z_8be6a307,conditional_ppg,expert_recalibrated,season,2024,rmse,407,1,3.159923897815787
v2_conditional_ppg_2026_candidate_nffc_v1,v2_locked_final_nffc_20260826T211223Z_8be6a307,conditional_ppg,expert_recalibrated,season,2024,mae,407,1,2.5351898058640128
v2_conditional_ppg_2026_candidate_nffc_v1,v2_locked_final_nffc_20260826T211223Z_8be6a307,conditional_ppg,expert_recalibrated,season,2024,bias,407,1,0.13798667938354675
v2_conditional_ppg_2026_candidate_nffc_v1,v2_locked_final_nffc_20260826T211223Z_8be6a307,conditional_ppg,expert_recalibrated,season,2024,spearman,407,1,0.8217823548886531
v2_conditional_ppg_2026_candidate_nffc_v1,v2_locked_final_nffc_20260826T211223Z_8be6a307,conditional_ppg,expert_recalibrated,season,2025,rmse,417,1,2.970338874315832
v2_conditional_ppg_2026_candidate_nffc_v1,v2_locked_final_nffc_20260826T211223Z_8be6a307,conditional_ppg,expert_recalibrated,season,2025,mae,417,1,2.255623087474305
v2_conditional_ppg_2026_candidate_nffc_v1,v2_locked_final_nffc_20260826T211223Z_8be6a307,conditional_ppg,expert_recalibrated,season,2025,bias,417,1,0.02492982682519985
v2_conditional_ppg_2026_candidate_nffc_v1,v2_locked_final_nffc_20260826T211223Z_8be6a307,conditional_ppg,expert_recalibrated,season,2025,spearman,417,1,0.8185903303687595
v2_conditional_ppg_2026_candidate_nffc_v1,v2_locked_final_nffc_20260826T211223Z_8be6a307,conditional_ppg,expert_recalibrated,position,QB,rmse,380,9,4.549401603672613
v2_conditional_ppg_2026_candidate_nffc_v1,v2_locked_final_nffc_20260826T211223Z_8be6a307,conditional_ppg,expert_recalibrated,position,QB,mae,380,9,3.6452250867801013
v2_conditional_ppg_2026_candidate_nffc_v1,v2_locked_final_nffc_20260826T211223Z_8be6a307,conditional_ppg,expert_recalibrated,position,QB,bias,380,9,-0.5950887046130966
v2_conditional_ppg_2026_candidate_nffc_v1,v2_locked_final_nffc_20260826T211223Z_8be6a307,conditional_ppg,expert_recalibrated,position,QB,spearman,380,9,0.5863527228700537
v2_conditional_ppg_2026_candidate_nffc_v1,v2_locked_final_nffc_20260826T211223Z_8be6a307,conditional_ppg,expert_recalibrated,position,RB,rmse,1011,9,3.3854170124956444
v2_conditional_ppg_2026_candidate_nffc_v1,v2_locked_final_nffc_20260826T211223Z_8be6a307,conditional_ppg,expert_recalibrated,position,RB,mae,1011,9,2.645474246626995
v2_conditional_ppg_2026_candidate_nffc_v1,v2_locked_final_nffc_20260826T211223Z_8be6a307,conditional_ppg,expert_recalibrated,position,RB,bias,1011,9,-0.14183685039997254
v2_conditional_ppg_2026_candidate_nffc_v1,v2_locked_final_nffc_20260826T211223Z_8be6a307,conditional_ppg,expert_recalibrated,position,RB,spearman,1011,9,0.7343535656352125
v2_conditional_ppg_2026_candidate_nffc_v1,v2_locked_final_nffc_20260826T211223Z_8be6a307,conditional_ppg,expert_recalibrated,position,TE,rmse,802,9,2.2579827419039926
v2_conditional_ppg_2026_candidate_nffc_v1,v2_locked_final_nffc_20260826T211223Z_8be6a307,conditional_ppg,expert_recalibrated,position,TE,mae,802,9,1.7475392743477078
v2_conditional_ppg_2026_candidate_nffc_v1,v2_locked_final_nffc_20260826T211223Z_8be6a307,conditional_ppg,expert_recalibrated,position,TE,bias,802,9,-0.08865926710580212
v2_conditional_ppg_2026_candidate_nffc_v1,v2_locked_final_nffc_20260826T211223Z_8be6a307,conditional_ppg,expert_recalibrated,position,TE,spearman,802,9,0.6943730416853462
v2_conditional_ppg_2026_candidate_nffc_v1,v2_locked_final_nffc_20260826T211223Z_8be6a307,conditional_ppg,expert_recalibrated,position,WR,rmse,1503,9,3.0234693872380234
v2_conditional_ppg_2026_candidate_nffc_v1,v2_locked_final_nffc_20260826T211223Z_8be6a307,conditional_ppg,expert_recalibrated,position,WR,mae,1503,9,2.3962819467743346
v2_conditional_ppg_2026_candidate_nffc_v1,v2_locked_final_nffc_20260826T211223Z_8be6a307,conditional_ppg,expert_recalibrated,position,WR,bias,1503,9,0.20089344884181506
v2_conditional_ppg_2026_candidate_nffc_v1,v2_locked_final_nffc_20260826T211223Z_8be6a307,conditional_ppg,expert_recalibrated,position,WR,spearman,1503,9,0.7496457801591401
v2_conditional_ppg_2026_candidate_nffc_v1,v2_locked_final_nffc_20260826T211223Z_8be6a307,conditional_ppg,expert_recalibrated,history_depth,other_no_history,rmse,27,8,2.4021834925424375
v2_conditional_ppg_2026_candidate_nffc_v1,v2_locked_final_nffc_20260826T211223Z_8be6a307,conditional_ppg,expert_recalibrated,history_depth,other_no_history,mae,27,8,1.846555529752032
v2_conditional_ppg_2026_candidate_nffc_v1,v2_locked_final_nffc_20260826T211223Z_8be6a307,conditional_ppg,expert_recalibrated,history_depth,other_no_history,bias,27,8,-0.28191042567396607
v2_conditional_ppg_2026_candidate_nffc_v1,v2_locked_final_nffc_20260826T211223Z_8be6a307,conditional_ppg,expert_recalibrated,history_depth,other_no_history,spearman,27,8,0.49763395481323863
v2_conditional_ppg_2026_candidate_nffc_v1,v2_locked_final_nffc_20260826T211223Z_8be6a307,conditional_ppg,expert_recalibrated,history_depth,rookie,rmse,531,9,3.4918015485248928
v2_conditional_ppg_2026_candidate_nffc_v1,v2_locked_final_nffc_20260826T211223Z_8be6a307,conditional_ppg,expert_recalibrated,history_depth,rookie,mae,531,9,2.71865431509935
v2_conditional_ppg_2026_candidate_nffc_v1,v2_locked_final_nffc_20260826T211223Z_8be6a307,conditional_ppg,expert_recalibrated,history_depth,rookie,bias,531,9,-0.26345147245111994
v2_conditional_ppg_2026_candidate_nffc_v1,v2_locked_final_nffc_20260826T211223Z_8be6a307,conditional_ppg,expert_recalibrated,history_depth,rookie,spearman,531,9,0.6446602829226177
v2_conditional_ppg_2026_candidate_nffc_v1,v2_locked_final_nffc_20260826T211223Z_8be6a307,conditional_ppg,expert_recalibrated,history_depth,second_year,rmse,567,9,3.279535500445299
v2_conditional_ppg_2026_candidate_nffc_v1,v2_locked_final_nffc_20260826T211223Z_8be6a307,conditional_ppg,expert_recalibrated,history_depth,second_year,mae,567,9,2.466052353760491
v2_conditional_ppg_2026_candidate_nffc_v1,v2_locked_final_nffc_20260826T211223Z_8be6a307,conditional_ppg,expert_recalibrated,history_depth,second_year,bias,567,9,-0.13449898973044824
v2_conditional_ppg_2026_candidate_nffc_v1,v2_locked_final_nffc_20260826T211223Z_8be6a307,conditional_ppg,expert_recalibrated,history_depth,second_year,spearman,567,9,0.7653451979648874
v2_conditional_ppg_2026_candidate_nffc_v1,v2_locked_final_nffc_20260826T211223Z_8be6a307,conditional_ppg,expert_recalibrated,history_depth,veteran_with_history,rmse,2571,9,3.090245190081838
v2_conditional_ppg_2026_candidate_nffc_v1,v2_locked_final_nffc_20260826T211223Z_8be6a307,conditional_ppg,expert_recalibrated,history_depth,veteran_with_history,mae,2571,9,2.4003049922760633
v2_conditional_ppg_2026_candidate_nffc_v1,v2_locked_final_nffc_20260826T211223Z_8be6a307,conditional_ppg,expert_recalibrated,history_depth,veteran_with_history,bias,2571,9,0.03308930316023015
v2_conditional_ppg_2026_candidate_nffc_v1,v2_locked_final_nffc_20260826T211223Z_8be6a307,conditional_ppg,expert_recalibrated,history_depth,veteran_with_history,spearman,2571,9,0.8384978410114706
v2_conditional_ppg_2026_candidate_nffc_v1,v2_locked_final_nffc_20260826T211223Z_8be6a307,conditional_ppg,expert_team_game,pooled,all,rmse,3696,9,4.432174833733401
v2_conditional_ppg_2026_candidate_nffc_v1,v2_locked_final_nffc_20260826T211223Z_8be6a307,conditional_ppg,expert_team_game,pooled,all,mae,3696,9,3.118507360265175
v2_conditional_ppg_2026_candidate_nffc_v1,v2_locked_final_nffc_20260826T211223Z_8be6a307,conditional_ppg,expert_team_game,pooled,all,bias,3696,9,-1.8548898847081927
v2_conditional_ppg_2026_candidate_nffc_v1,v2_locked_final_nffc_20260826T211223Z_8be6a307,conditional_ppg,expert_team_game,pooled,all,spearman,3696,9,0.7257086909713962
v2_conditional_ppg_2026_candidate_nffc_v1,v2_locked_final_nffc_20260826T211223Z_8be6a307,conditional_ppg,expert_team_game,provider_era,2023_2025,rmse,1237,3,4.347305237816232
v2_conditional_ppg_2026_candidate_nffc_v1,v2_locked_final_nffc_20260826T211223Z_8be6a307,conditional_ppg,expert_team_game,provider_era,2023_2025,mae,1237,3,3.0429699645477624
v2_conditional_ppg_2026_candidate_nffc_v1,v2_locked_final_nffc_20260826T211223Z_8be6a307,conditional_ppg,expert_team_game,provider_era,2023_2025,bias,1237,3,-1.6896468968949125
v2_conditional_ppg_2026_candidate_nffc_v1,v2_locked_final_nffc_20260826T211223Z_8be6a307,conditional_ppg,expert_team_game,provider_era,2023_2025,spearman,1237,3,0.7250817447451936
v2_conditional_ppg_2026_candidate_nffc_v1,v2_locked_final_nffc_20260826T211223Z_8be6a307,conditional_ppg,expert_team_game,season,2017,rmse,407,1,4.617080713071727
v2_conditional_ppg_2026_candidate_nffc_v1,v2_locked_final_nffc_20260826T211223Z_8be6a307,conditional_ppg,expert_team_game,season,2017,mae,407,1,3.2296211180334207
v2_conditional_ppg_2026_candidate_nffc_v1,v2_locked_final_nffc_20260826T211223Z_8be6a307,conditional_ppg,expert_team_game,season,2017,bias,407,1,-1.7170523738578511
v2_conditional_ppg_2026_candidate_nffc_v1,v2_locked_final_nffc_20260826T211223Z_8be6a307,conditional_ppg,expert_team_game,season,2017,spearman,407,1,0.6902510475383851
v2_conditional_ppg_2026_candidate_nffc_v1,v2_locked_final_nffc_20260826T211223Z_8be6a307,conditional_ppg,expert_team_game,season,2018,rmse,405,1,4.780470807115891
v2_conditional_ppg_2026_candidate_nffc_v1,v2_locked_final_nffc_20260826T211223Z_8be6a307,conditional_ppg,expert_team_game,season,2018,mae,405,1,3.4694469960674263
v2_conditional_ppg_2026_candidate_nffc_v1,v2_locked_final_nffc_20260826T211223Z_8be6a307,conditional_ppg,expert_team_game,season,2018,bias,405,1,-2.395929613642212
v2_conditional_ppg_2026_candidate_nffc_v1,v2_locked_final_nffc_20260826T211223Z_8be6a307,conditional_ppg,expert_team_game,season,2018,spearman,405,1,0.7333487356017017
v2_conditional_ppg_2026_candidate_nffc_v1,v2_locked_final_nffc_20260826T211223Z_8be6a307,conditional_ppg,expert_team_game,season,2019,rmse,388,1,4.511163701304453
v2_conditional_ppg_2026_candidate_nffc_v1,v2_locked_final_nffc_20260826T211223Z_8be6a307,conditional_ppg,expert_team_game,season,2019,mae,388,1,3.169488316631146
v2_conditional_ppg_2026_candidate_nffc_v1,v2_locked_final_nffc_20260826T211223Z_8be6a307,conditional_ppg,expert_team_game,season,2019,bias,388,1,-1.9908980056667032
v2_conditional_ppg_2026_candidate_nffc_v1,v2_locked_final_nffc_20260826T211223Z_8be6a307,conditional_ppg,expert_team_game,season,2019,spearman,388,1,0.7279259554682014
v2_conditional_ppg_2026_candidate_nffc_v1,v2_locked_final_nffc_20260826T211223Z_8be6a307,conditional_ppg,expert_team_game,season,2020,rmse,414,1,4.717826989002445
v2_conditional_ppg_2026_candidate_nffc_v1,v2_locked_final_nffc_20260826T211223Z_8be6a307,conditional_ppg,expert_team_game,season,2020,mae,414,1,3.3030688185072488
v2_conditional_ppg_2026_candidate_nffc_v1,v2_locked_final_nffc_20260826T211223Z_8be6a307,conditional_ppg,expert_team_game,season,2020,bias,414,1,-2.373441041918246
v2_conditional_ppg_2026_candidate_nffc_v1,v2_locked_final_nffc_20260826T211223Z_8be6a307,conditional_ppg,expert_team_game,season,2020,spearman,414,1,0.7271457973312156
v2_conditional_ppg_2026_candidate_nffc_v1,v2_locked_final_nffc_20260826T211223Z_8be6a307,conditional_ppg,expert_team_game,season,2021,rmse,419,1,4.177494209555814
v2_conditional_ppg_2026_candidate_nffc_v1,v2_locked_final_nffc_20260826T211223Z_8be6a307,conditional_ppg,expert_team_game,season,2021,mae,419,1,2.9760787169464726
v2_conditional_ppg_2026_candidate_nffc_v1,v2_locked_final_nffc_20260826T211223Z_8be6a307,conditional_ppg,expert_team_game,season,2021,bias,419,1,-1.7237792954471614
v2_conditional_ppg_2026_candidate_nffc_v1,v2_locked_final_nffc_20260826T211223Z_8be6a307,conditional_ppg,expert_team_game,season,2021,spearman,419,1,0.744620346542552
v2_conditional_ppg_2026_candidate_nffc_v1,v2_locked_final_nffc_20260826T211223Z_8be6a307,conditional_ppg,expert_team_game,season,2022,rmse,426,1,4.01644063491521
v2_conditional_ppg_2026_candidate_nffc_v1,v2_locked_final_nffc_20260826T211223Z_8be6a307,conditional_ppg,expert_team_game,season,2022,mae,426,1,2.812344105239756
v2_conditional_ppg_2026_candidate_nffc_v1,v2_locked_final_nffc_20260826T211223Z_8be6a307,conditional_ppg,expert_team_game,season,2022,bias,426,1,-1.4531724187606507
v2_conditional_ppg_2026_candidate_nffc_v1,v2_locked_final_nffc_20260826T211223Z_8be6a307,conditional_ppg,expert_team_game,season,2022,spearman,426,1,0.7443970222182388
v2_conditional_ppg_2026_candidate_nffc_v1,v2_locked_final_nffc_20260826T211223Z_8be6a307,conditional_ppg,expert_team_game,season,2023,rmse,413,1,4.379835528646188
v2_conditional_ppg_2026_candidate_nffc_v1,v2_locked_final_nffc_20260826T211223Z_8be6a307,conditional_ppg,expert_team_game,season,2023,mae,413,1,3.048200849816703
v2_conditional_ppg_2026_candidate_nffc_v1,v2_locked_final_nffc_20260826T211223Z_8be6a307,conditional_ppg,expert_team_game,season,2023,bias,413,1,-1.640131365760952
v2_conditional_ppg_2026_candidate_nffc_v1,v2_locked_final_nffc_20260826T211223Z_8be6a307,conditional_ppg,expert_team_game,season,2023,spearman,413,1,0.6862004431997581
v2_conditional_ppg_2026_candidate_nffc_v1,v2_locked_final_nffc_20260826T211223Z_8be6a307,conditional_ppg,expert_team_game,season,2024,rmse,407,1,4.295549112817303
v2_conditional_ppg_2026_candidate_nffc_v1,v2_locked_final_nffc_20260826T211223Z_8be6a307,conditional_ppg,expert_team_game,season,2024,mae,407,1,3.068504312391466
v2_conditional_ppg_2026_candidate_nffc_v1,v2_locked_final_nffc_20260826T211223Z_8be6a307,conditional_ppg,expert_team_game,season,2024,bias,407,1,-1.6896622859763675
v2_conditional_ppg_2026_candidate_nffc_v1,v2_locked_final_nffc_20260826T211223Z_8be6a307,conditional_ppg,expert_team_game,season,2024,spearman,407,1,0.7452100373967219
v2_conditional_ppg_2026_candidate_nffc_v1,v2_locked_final_nffc_20260826T211223Z_8be6a307,conditional_ppg,expert_team_game,season,2025,rmse,417,1,4.365144117532035
v2_conditional_ppg_2026_candidate_nffc_v1,v2_locked_final_nffc_20260826T211223Z_8be6a307,conditional_ppg,expert_team_game,season,2025,mae,417,1,3.0128672422732774
v2_conditional_ppg_2026_candidate_nffc_v1,v2_locked_final_nffc_20260826T211223Z_8be6a307,conditional_ppg,expert_team_game,season,2025,bias,417,1,-1.7386724388665515
v2_conditional_ppg_2026_candidate_nffc_v1,v2_locked_final_nffc_20260826T211223Z_8be6a307,conditional_ppg,expert_team_game,season,2025,spearman,417,1,0.7423908051121496
v2_conditional_ppg_2026_candidate_nffc_v1,v2_locked_final_nffc_20260826T211223Z_8be6a307,conditional_ppg,expert_team_game,position,QB,rmse,380,9,9.261244982803293
v2_conditional_ppg_2026_candidate_nffc_v1,v2_locked_final_nffc_20260826T211223Z_8be6a307,conditional_ppg,expert_team_game,position,QB,mae,380,9,6.740260710950344
v2_conditional_ppg_2026_candidate_nffc_v1,v2_locked_final_nffc_20260826T211223Z_8be6a307,conditional_ppg,expert_team_game,position,QB,bias,380,9,-4.951026195079417
v2_conditional_ppg_2026_candidate_nffc_v1,v2_locked_final_nffc_20260826T211223Z_8be6a307,conditional_ppg,expert_team_game,position,QB,spearman,380,9,0.5966904701653382
v2_conditional_ppg_2026_candidate_nffc_v1,v2_locked_final_nffc_20260826T211223Z_8be6a307,conditional_ppg,expert_team_game,position,RB,rmse,1011,9,3.890201575213702
v2_conditional_ppg_2026_candidate_nffc_v1,v2_locked_final_nffc_20260826T211223Z_8be6a307,conditional_ppg,expert_team_game,position,RB,mae,1011,9,2.978398484195076
v2_conditional_ppg_2026_candidate_nffc_v1,v2_locked_final_nffc_20260826T211223Z_8be6a307,conditional_ppg,expert_team_game,position,RB,bias,1011,9,-1.7031201504275482
v2_conditional_ppg_2026_candidate_nffc_v1,v2_locked_final_nffc_20260826T211223Z_8be6a307,conditional_ppg,expert_team_game,position,RB,spearman,1011,9,0.733810320142242
v2_conditional_ppg_2026_candidate_nffc_v1,v2_locked_final_nffc_20260826T211223Z_8be6a307,conditional_ppg,expert_team_game,position,TE,rmse,802,9,2.806694830247744
v2_conditional_ppg_2026_candidate_nffc_v1,v2_locked_final_nffc_20260826T211223Z_8be6a307,conditional_ppg,expert_team_game,position,TE,mae,802,9,2.2176335967520577
v2_conditional_ppg_2026_candidate_nffc_v1,v2_locked_final_nffc_20260826T211223Z_8be6a307,conditional_ppg,expert_team_game,position,TE,bias,802,9,-1.451641721691822
v2_conditional_ppg_2026_candidate_nffc_v1,v2_locked_final_nffc_20260826T211223Z_8be6a307,conditional_ppg,expert_team_game,position,TE,spearman,802,9,0.6949889534408907
v2_conditional_ppg_2026_candidate_nffc_v1,v2_locked_final_nffc_20260826T211223Z_8be6a307,conditional_ppg,expert_team_game,position,WR,rmse,1503,9,3.4983213834334888
v2_conditional_ppg_2026_candidate_nffc_v1,v2_locked_final_nffc_20260826T211223Z_8be6a307,conditional_ppg,expert_team_game,position,WR,mae,1503,9,2.777778523794134
v2_conditional_ppg_2026_candidate_nffc_v1,v2_locked_final_nffc_20260826T211223Z_8be6a307,conditional_ppg,expert_team_game,position,WR,bias,1503,9,-1.3893625594625476
v2_conditional_ppg_2026_candidate_nffc_v1,v2_locked_final_nffc_20260826T211223Z_8be6a307,conditional_ppg,expert_team_game,position,WR,spearman,1503,9,0.7484335753075274
v2_conditional_ppg_2026_candidate_nffc_v1,v2_locked_final_nffc_20260826T211223Z_8be6a307,conditional_ppg,expert_team_game,history_depth,other_no_history,rmse,27,8,7.510563037984988
v2_conditional_ppg_2026_candidate_nffc_v1,v2_locked_final_nffc_20260826T211223Z_8be6a307,conditional_ppg,expert_team_game,history_depth,other_no_history,mae,27,8,4.936369753074462
v2_conditional_ppg_2026_candidate_nffc_v1,v2_locked_final_nffc_20260826T211223Z_8be6a307,conditional_ppg,expert_team_game,history_depth,other_no_history,bias,27,8,-4.843129012333721
v2_conditional_ppg_2026_candidate_nffc_v1,v2_locked_final_nffc_20260826T211223Z_8be6a307,conditional_ppg,expert_team_game,history_depth,other_no_history,spearman,27,8,0.3418800263638363
v2_conditional_ppg_2026_candidate_nffc_v1,v2_locked_final_nffc_20260826T211223Z_8be6a307,conditional_ppg,expert_team_game,history_depth,rookie,rmse,531,9,5.297395732979693
v2_conditional_ppg_2026_candidate_nffc_v1,v2_locked_final_nffc_20260826T211223Z_8be6a307,conditional_ppg,expert_team_game,history_depth,rookie,mae,531,9,3.7289052591228957
v2_conditional_ppg_2026_candidate_nffc_v1,v2_locked_final_nffc_20260826T211223Z_8be6a307,conditional_ppg,expert_team_game,history_depth,rookie,bias,531,9,-2.8268867738293624
v2_conditional_ppg_2026_candidate_nffc_v1,v2_locked_final_nffc_20260826T211223Z_8be6a307,conditional_ppg,expert_team_game,history_depth,rookie,spearman,531,9,0.5291635376028977
v2_conditional_ppg_2026_candidate_nffc_v1,v2_locked_final_nffc_20260826T211223Z_8be6a307,conditional_ppg,expert_team_game,history_depth,second_year,rmse,567,9,4.30945859110362
v2_conditional_ppg_2026_candidate_nffc_v1,v2_locked_final_nffc_20260826T211223Z_8be6a307,conditional_ppg,expert_team_game,history_depth,second_year,mae,567,9,3.1561769731233444
v2_conditional_ppg_2026_candidate_nffc_v1,v2_locked_final_nffc_20260826T211223Z_8be6a307,conditional_ppg,expert_team_game,history_depth,second_year,bias,567,9,-2.0271755518651027
v2_conditional_ppg_2026_candidate_nffc_v1,v2_locked_final_nffc_20260826T211223Z_8be6a307,conditional_ppg,expert_team_game,history_depth,second_year,spearman,567,9,0.7156358059367955
v2_conditional_ppg_2026_candidate_nffc_v1,v2_locked_final_nffc_20260826T211223Z_8be6a307,conditional_ppg,expert_team_game,history_depth,veteran_with_history,rmse,2571,9,4.213787875213514
v2_conditional_ppg_2026_candidate_nffc_v1,v2_locked_final_nffc_20260826T211223Z_8be6a307,conditional_ppg,expert_team_game,history_depth,veteran_with_history,mae,2571,9,2.9650409116498952
v2_conditional_ppg_2026_candidate_nffc_v1,v2_locked_final_nffc_20260826T211223Z_8be6a307,conditional_ppg,expert_team_game,history_depth,veteran_with_history,bias,2571,9,-1.584762005343277
v2_conditional_ppg_2026_candidate_nffc_v1,v2_locked_final_nffc_20260826T211223Z_8be6a307,conditional_ppg,expert_team_game,history_depth,veteran_with_history,spearman,2571,9,0.764992125144806
v2_conditional_ppg_2026_candidate_nffc_v1,v2_locked_final_nffc_20260826T211223Z_8be6a307,participation,participation_lightgbm,pooled,all,brier,7817,9,0.12191354656045804
v2_conditional_ppg_2026_candidate_nffc_v1,v2_locked_final_nffc_20260826T211223Z_8be6a307,participation,participation_lightgbm,pooled,all,log_loss,7817,9,0.3809874777336268
v2_conditional_ppg_2026_candidate_nffc_v1,v2_locked_final_nffc_20260826T211223Z_8be6a307,participation,participation_lightgbm,pooled,all,calibration_bias,7817,9,0.014138020382368548
v2_conditional_ppg_2026_candidate_nffc_v1,v2_locked_final_nffc_20260826T211223Z_8be6a307,participation,participation_lightgbm,pooled,all,roc_auc,7817,9,0.902923274434212
v2_conditional_ppg_2026_candidate_nffc_v1,v2_locked_final_nffc_20260826T211223Z_8be6a307,participation,participation_lightgbm,provider_era,2023_2025,brier,2437,3,0.1321862259191521
v2_conditional_ppg_2026_candidate_nffc_v1,v2_locked_final_nffc_20260826T211223Z_8be6a307,participation,participation_lightgbm,provider_era,2023_2025,log_loss,2437,3,0.4027881436313126
v2_conditional_ppg_2026_candidate_nffc_v1,v2_locked_final_nffc_20260826T211223Z_8be6a307,participation,participation_lightgbm,provider_era,2023_2025,calibration_bias,2437,3,0.04723571116927668
v2_conditional_ppg_2026_candidate_nffc_v1,v2_locked_final_nffc_20260826T211223Z_8be6a307,participation,participation_lightgbm,provider_era,2023_2025,roc_auc,2437,3,0.8934123818129724
v2_conditional_ppg_2026_candidate_nffc_v1,v2_locked_final_nffc_20260826T211223Z_8be6a307,participation,participation_lightgbm,season,2017,brier,974,1,0.11055128864601578
v2_conditional_ppg_2026_candidate_nffc_v1,v2_locked_final_nffc_20260826T211223Z_8be6a307,participation,participation_lightgbm,season,2017,log_loss,974,1,0.3613196601499309
v2_conditional_ppg_2026_candidate_nffc_v1,v2_locked_final_nffc_20260826T211223Z_8be6a307,participation,participation_lightgbm,season,2017,calibration_bias,974,1,0.004555408035662794
v2_conditional_ppg_2026_candidate_nffc_v1,v2_locked_final_nffc_20260826T211223Z_8be6a307,participation,participation_lightgbm,season,2017,roc_auc,974,1,0.9176658808392129
v2_conditional_ppg_2026_candidate_nffc_v1,v2_locked_final_nffc_20260826T211223Z_8be6a307,participation,participation_lightgbm,season,2018,brier,1004,1,0.11898801282880851
v2_conditional_ppg_2026_candidate_nffc_v1,v2_locked_final_nffc_20260826T211223Z_8be6a307,participation,participation_lightgbm,season,2018,log_loss,1004,1,0.37557163956294953
v2_conditional_ppg_2026_candidate_nffc_v1,v2_locked_final_nffc_20260826T211223Z_8be6a307,participation,participation_lightgbm,season,2018,calibration_bias,1004,1,0.0008647816417893659
v2_conditional_ppg_2026_candidate_nffc_v1,v2_locked_final_nffc_20260826T211223Z_8be6a307,participation,participation_lightgbm,season,2018,roc_auc,1004,1,0.9018016439403593
v2_conditional_ppg_2026_candidate_nffc_v1,v2_locked_final_nffc_20260826T211223Z_8be6a307,participation,participation_lightgbm,season,2019,brier,908,1,0.11542637993397087
v2_conditional_ppg_2026_candidate_nffc_v1,v2_locked_final_nffc_20260826T211223Z_8be6a307,participation,participation_lightgbm,season,2019,log_loss,908,1,0.3708634571463469
v2_conditional_ppg_2026_candidate_nffc_v1,v2_locked_final_nffc_20260826T211223Z_8be6a307,participation,participation_lightgbm,season,2019,calibration_bias,908,1,0.019016850110684227
v2_conditional_ppg_2026_candidate_nffc_v1,v2_locked_final_nffc_20260826T211223Z_8be6a307,participation,participation_lightgbm,season,2019,roc_auc,908,1,0.9133822475851675
v2_conditional_ppg_2026_candidate_nffc_v1,v2_locked_final_nffc_20260826T211223Z_8be6a307,participation,participation_lightgbm,season,2020,brier,823,1,0.12203208698963591
v2_conditional_ppg_2026_candidate_nffc_v1,v2_locked_final_nffc_20260826T211223Z_8be6a307,participation,participation_lightgbm,season,2020,log_loss,823,1,0.37599146974885955
v2_conditional_ppg_2026_candidate_nffc_v1,v2_locked_final_nffc_20260826T211223Z_8be6a307,participation,participation_lightgbm,season,2020,calibration_bias,823,1,-0.022429928969363497
v2_conditional_ppg_2026_candidate_nffc_v1,v2_locked_final_nffc_20260826T211223Z_8be6a307,participation,participation_lightgbm,season,2020,roc_auc,823,1,0.9015852308665402
v2_conditional_ppg_2026_candidate_nffc_v1,v2_locked_final_nffc_20260826T211223Z_8be6a307,participation,participation_lightgbm,season,2021,brier,830,1,0.12611838589915295
v2_conditional_ppg_2026_candidate_nffc_v1,v2_locked_final_nffc_20260826T211223Z_8be6a307,participation,participation_lightgbm,season,2021,log_loss,830,1,0.3946573039175544
v2_conditional_ppg_2026_candidate_nffc_v1,v2_locked_final_nffc_20260826T211223Z_8be6a307,participation,participation_lightgbm,season,2021,calibration_bias,830,1,-0.02303983466310712
v2_conditional_ppg_2026_candidate_nffc_v1,v2_locked_final_nffc_20260826T211223Z_8be6a307,participation,participation_lightgbm,season,2021,roc_auc,830,1,0.888338427212537
v2_conditional_ppg_2026_candidate_nffc_v1,v2_locked_final_nffc_20260826T211223Z_8be6a307,participation,participation_lightgbm,season,2022,brier,841,1,0.11153581451601777
v2_conditional_ppg_2026_candidate_nffc_v1,v2_locked_final_nffc_20260826T211223Z_8be6a307,participation,participation_lightgbm,season,2022,log_loss,841,1,0.34938712409423683
v2_conditional_ppg_2026_candidate_nffc_v1,v2_locked_final_nffc_20260826T211223Z_8be6a307,participation,participation_lightgbm,season,2022,calibration_bias,841,1,0.012382715132008768
v2_conditional_ppg_2026_candidate_nffc_v1,v2_locked_final_nffc_20260826T211223Z_8be6a307,participation,participation_lightgbm,season,2022,roc_auc,841,1,0.9169973829387263
v2_conditional_ppg_2026_candidate_nffc_v1,v2_locked_final_nffc_20260826T211223Z_8be6a307,participation,participation_lightgbm,season,2023,brier,834,1,0.11754991531038936
v2_conditional_ppg_2026_candidate_nffc_v1,v2_locked_final_nffc_20260826T211223Z_8be6a307,participation,participation_lightgbm,season,2023,log_loss,834,1,0.3638982040483254
v2_conditional_ppg_2026_candidate_nffc_v1,v2_locked_final_nffc_20260826T211223Z_8be6a307,participation,participation_lightgbm,season,2023,calibration_bias,834,1,0.060041130913749845
v2_conditional_ppg_2026_candidate_nffc_v1,v2_locked_final_nffc_20260826T211223Z_8be6a307,participation,participation_lightgbm,season,2023,roc_auc,834,1,0.9190306022202573
v2_conditional_ppg_2026_candidate_nffc_v1,v2_locked_final_nffc_20260826T211223Z_8be6a307,participation,participation_lightgbm,season,2024,brier,774,1,0.13933596954747313
v2_conditional_ppg_2026_candidate_nffc_v1,v2_locked_final_nffc_20260826T211223Z_8be6a307,participation,participation_lightgbm,season,2024,log_loss,774,1,0.4203084061712339
v2_conditional_ppg_2026_candidate_nffc_v1,v2_locked_final_nffc_20260826T211223Z_8be6a307,participation,participation_lightgbm,season,2024,calibration_bias,774,1,0.06333515289575888
v2_conditional_ppg_2026_candidate_nffc_v1,v2_locked_final_nffc_20260826T211223Z_8be6a307,participation,participation_lightgbm,season,2024,roc_auc,774,1,0.8864187369051182
v2_conditional_ppg_2026_candidate_nffc_v1,v2_locked_final_nffc_20260826T211223Z_8be6a307,participation,participation_lightgbm,season,2025,brier,829,1,0.14023541950104307
v2_conditional_ppg_2026_candidate_nffc_v1,v2_locked_final_nffc_20260826T211223Z_8be6a307,participation,participation_lightgbm,season,2025,log_loss,829,1,0.42555476173301615
v2_conditional_ppg_2026_candidate_nffc_v1,v2_locked_final_nffc_20260826T211223Z_8be6a307,participation,participation_lightgbm,season,2025,calibration_bias,829,1,0.01932173292658928
v2_conditional_ppg_2026_candidate_nffc_v1,v2_locked_final_nffc_20260826T211223Z_8be6a307,participation,participation_lightgbm,season,2025,roc_auc,829,1,0.8771726020440551
v2_conditional_ppg_2026_candidate_nffc_v1,v2_locked_final_nffc_20260826T211223Z_8be6a307,participation,participation_lightgbm,position,QB,brier,1088,9,0.1250112656009279
v2_conditional_ppg_2026_candidate_nffc_v1,v2_locked_final_nffc_20260826T211223Z_8be6a307,participation,participation_lightgbm,position,QB,log_loss,1088,9,0.3924838848174623
v2_conditional_ppg_2026_candidate_nffc_v1,v2_locked_final_nffc_20260826T211223Z_8be6a307,participation,participation_lightgbm,position,QB,calibration_bias,1088,9,0.03410371880894183
v2_conditional_ppg_2026_candidate_nffc_v1,v2_locked_final_nffc_20260826T211223Z_8be6a307,participation,participation_lightgbm,position,QB,roc_auc,1088,9,0.8973031152268388
v2_conditional_ppg_2026_candidate_nffc_v1,v2_locked_final_nffc_20260826T211223Z_8be6a307,participation,participation_lightgbm,position,RB,brier,2008,9,0.12590489392626336
v2_conditional_ppg_2026_candidate_nffc_v1,v2_locked_final_nffc_20260826T211223Z_8be6a307,participation,participation_lightgbm,position,RB,log_loss,2008,9,0.3901445862312616
v2_conditional_ppg_2026_candidate_nffc_v1,v2_locked_final_nffc_20260826T211223Z_8be6a307,participation,participation_lightgbm,position,RB,calibration_bias,2008,9,0.020621521377672293
v2_conditional_ppg_2026_candidate_nffc_v1,v2_locked_final_nffc_20260826T211223Z_8be6a307,participation,participation_lightgbm,position,RB,roc_auc,2008,9,0.8934732401734088
v2_conditional_ppg_2026_candidate_nffc_v1,v2_locked_final_nffc_20260826T211223Z_8be6a307,participation,participation_lightgbm,position,TE,brier,1617,9,0.12249755462750765
v2_conditional_ppg_2026_candidate_nffc_v1,v2_locked_final_nffc_20260826T211223Z_8be6a307,participation,participation_lightgbm,position,TE,log_loss,1617,9,0.3865764817610354
v2_conditional_ppg_2026_candidate_nffc_v1,v2_locked_final_nffc_20260826T211223Z_8be6a307,participation,participation_lightgbm,position,TE,calibration_bias,1617,9,-0.01499985875305745
v2_conditional_ppg_2026_candidate_nffc_v1,v2_locked_final_nffc_20260826T211223Z_8be6a307,participation,participation_lightgbm,position,TE,roc_auc,1617,9,0.8946992712120458
v2_conditional_ppg_2026_candidate_nffc_v1,v2_locked_final_nffc_20260826T211223Z_8be6a307,participation,participation_lightgbm,position,WR,brier,3104,9,0.11794148313552649
v2_conditional_ppg_2026_candidate_nffc_v1,v2_locked_final_nffc_20260826T211223Z_8be6a307,participation,participation_lightgbm,position,WR,log_loss,3104,9,0.36812246991056513
v2_conditional_ppg_2026_candidate_nffc_v1,v2_locked_final_nffc_20260826T211223Z_8be6a307,participation,participation_lightgbm,position,WR,calibration_bias,3104,9,0.01812461853807157
v2_conditional_ppg_2026_candidate_nffc_v1,v2_locked_final_nffc_20260826T211223Z_8be6a307,participation,participation_lightgbm,position,WR,roc_auc,3104,9,0.9090364066687551
v2_conditional_ppg_2026_candidate_nffc_v1,v2_locked_final_nffc_20260826T211223Z_8be6a307,participation,participation_lightgbm,history_depth,other_no_history,brier,478,9,0.14056317236295915
v2_conditional_ppg_2026_candidate_nffc_v1,v2_locked_final_nffc_20260826T211223Z_8be6a307,participation,participation_lightgbm,history_depth,other_no_history,log_loss,478,9,0.4417301604788041
v2_conditional_ppg_2026_candidate_nffc_v1,v2_locked_final_nffc_20260826T211223Z_8be6a307,participation,participation_lightgbm,history_depth,other_no_history,calibration_bias,478,9,0.006940801201233708
v2_conditional_ppg_2026_candidate_nffc_v1,v2_locked_final_nffc_20260826T211223Z_8be6a307,participation,participation_lightgbm,history_depth,other_no_history,roc_auc,478,9,0.749168302792321
v2_conditional_ppg_2026_candidate_nffc_v1,v2_locked_final_nffc_20260826T211223Z_8be6a307,participation,participation_lightgbm,history_depth,rookie,brier,1204,9,0.13820120105773917
v2_conditional_ppg_2026_candidate_nffc_v1,v2_locked_final_nffc_20260826T211223Z_8be6a307,participation,participation_lightgbm,history_depth,rookie,log_loss,1204,9,0.4258184599935766
v2_conditional_ppg_2026_candidate_nffc_v1,v2_locked_final_nffc_20260826T211223Z_8be6a307,participation,participation_lightgbm,history_depth,rookie,calibration_bias,1204,9,0.01991194604426964
v2_conditional_ppg_2026_candidate_nffc_v1,v2_locked_final_nffc_20260826T211223Z_8be6a307,participation,participation_lightgbm,history_depth,rookie,roc_auc,1204,9,0.8785414801233674
v2_conditional_ppg_2026_candidate_nffc_v1,v2_locked_final_nffc_20260826T211223Z_8be6a307,participation,participation_lightgbm,history_depth,second_year,brier,1324,9,0.13271188004397766
v2_conditional_ppg_2026_candidate_nffc_v1,v2_locked_final_nffc_20260826T211223Z_8be6a307,participation,participation_lightgbm,history_depth,second_year,log_loss,1324,9,0.4103715107904889
v2_conditional_ppg_2026_candidate_nffc_v1,v2_locked_final_nffc_20260826T211223Z_8be6a307,participation,participation_lightgbm,history_depth,second_year,calibration_bias,1324,9,0.021872136357024237
v2_conditional_ppg_2026_candidate_nffc_v1,v2_locked_final_nffc_20260826T211223Z_8be6a307,participation,participation_lightgbm,history_depth,second_year,roc_auc,1324,9,0.8914807255344773
v2_conditional_ppg_2026_candidate_nffc_v1,v2_locked_final_nffc_20260826T211223Z_8be6a307,participation,participation_lightgbm,history_depth,unknown_experience,brier,1,1,0.023705541144884705
v2_conditional_ppg_2026_candidate_nffc_v1,v2_locked_final_nffc_20260826T211223Z_8be6a307,participation,participation_lightgbm,history_depth,unknown_experience,log_loss,1,1,0.1671957770770653
v2_conditional_ppg_2026_candidate_nffc_v1,v2_locked_final_nffc_20260826T211223Z_8be6a307,participation,participation_lightgbm,history_depth,unknown_experience,calibration_bias,1,1,0.15396603893354116
v2_conditional_ppg_2026_candidate_nffc_v1,v2_locked_final_nffc_20260826T211223Z_8be6a307,participation,participation_lightgbm,history_depth,unknown_experience,roc_auc,1,1,
v2_conditional_ppg_2026_candidate_nffc_v1,v2_locked_final_nffc_20260826T211223Z_8be6a307,participation,participation_lightgbm,history_depth,veteran_with_history,brier,4810,9,0.11303129236605336
v2_conditional_ppg_2026_candidate_nffc_v1,v2_locked_final_nffc_20260826T211223Z_8be6a307,participation,participation_lightgbm,history_depth,veteran_with_history,log_loss,4810,9,0.35568557065258655
v2_conditional_ppg_2026_candidate_nffc_v1,v2_locked_final_nffc_20260826T211223Z_8be6a307,participation,participation_lightgbm,history_depth,veteran_with_history,calibration_bias,4810,9,0.011250009301840112
v2_conditional_ppg_2026_candidate_nffc_v1,v2_locked_final_nffc_20260826T211223Z_8be6a307,participation,participation_lightgbm,history_depth,veteran_with_history,roc_auc,4810,9,0.9088586238167312
v2_conditional_ppg_2026_candidate_nffc_v1,v2_locked_final_nffc_20260826T211223Z_8be6a307,participation,participation_logistic,pooled,all,brier,7817,9,0.1372716694697438
v2_conditional_ppg_2026_candidate_nffc_v1,v2_locked_final_nffc_20260826T211223Z_8be6a307,participation,participation_logistic,pooled,all,log_loss,7817,9,0.4195881876079831
v2_conditional_ppg_2026_candidate_nffc_v1,v2_locked_final_nffc_20260826T211223Z_8be6a307,participation,participation_logistic,pooled,all,calibration_bias,7817,9,0.03682511310049785
v2_conditional_ppg_2026_candidate_nffc_v1,v2_locked_final_nffc_20260826T211223Z_8be6a307,participation,participation_logistic,pooled,all,roc_auc,7817,9,0.8816702855502989
v2_conditional_ppg_2026_candidate_nffc_v1,v2_locked_final_nffc_20260826T211223Z_8be6a307,participation,participation_logistic,provider_era,2023_2025,brier,2437,3,0.13358812205675566
v2_conditional_ppg_2026_candidate_nffc_v1,v2_locked_final_nffc_20260826T211223Z_8be6a307,participation,participation_logistic,provider_era,2023_2025,log_loss,2437,3,0.4094085745158112
v2_conditional_ppg_2026_candidate_nffc_v1,v2_locked_final_nffc_20260826T211223Z_8be6a307,participation,participation_logistic,provider_era,2023_2025,calibration_bias,2437,3,0.059464690149054825
v2_conditional_ppg_2026_candidate_nffc_v1,v2_locked_final_nffc_20260826T211223Z_8be6a307,participation,participation_logistic,provider_era,2023_2025,roc_auc,2437,3,0.8916110168308613
v2_conditional_ppg_2026_candidate_nffc_v1,v2_locked_final_nffc_20260826T211223Z_8be6a307,participation,participation_logistic,season,2017,brier,974,1,0.1554816259796799
v2_conditional_ppg_2026_candidate_nffc_v1,v2_locked_final_nffc_20260826T211223Z_8be6a307,participation,participation_logistic,season,2017,log_loss,974,1,0.47064620957297726
v2_conditional_ppg_2026_candidate_nffc_v1,v2_locked_final_nffc_20260826T211223Z_8be6a307,participation,participation_logistic,season,2017,calibration_bias,974,1,0.1017639943829365
v2_conditional_ppg_2026_candidate_nffc_v1,v2_locked_final_nffc_20260826T211223Z_8be6a307,participation,participation_logistic,season,2017,roc_auc,974,1,0.8703046104228656
v2_conditional_ppg_2026_candidate_nffc_v1,v2_locked_final_nffc_20260826T211223Z_8be6a307,participation,participation_logistic,season,2018,brier,1004,1,0.1479122125492572
v2_conditional_ppg_2026_candidate_nffc_v1,v2_locked_final_nffc_20260826T211223Z_8be6a307,participation,participation_logistic,season,2018,log_loss,1004,1,0.4501842881424701
v2_conditional_ppg_2026_candidate_nffc_v1,v2_locked_final_nffc_20260826T211223Z_8be6a307,participation,participation_logistic,season,2018,calibration_bias,1004,1,0.05657191811238066
v2_conditional_ppg_2026_candidate_nffc_v1,v2_locked_final_nffc_20260826T211223Z_8be6a307,participation,participation_logistic,season,2018,roc_auc,1004,1,0.8695082515611061
v2_conditional_ppg_2026_candidate_nffc_v1,v2_locked_final_nffc_20260826T211223Z_8be6a307,participation,participation_logistic,season,2019,brier,908,1,0.13687902264361085
v2_conditional_ppg_2026_candidate_nffc_v1,v2_locked_final_nffc_20260826T211223Z_8be6a307,participation,participation_logistic,season,2019,log_loss,908,1,0.41868360274292443
v2_conditional_ppg_2026_candidate_nffc_v1,v2_locked_final_nffc_20260826T211223Z_8be6a307,participation,participation_logistic,season,2019,calibration_bias,908,1,0.03434751949075921
v2_conditional_ppg_2026_candidate_nffc_v1,v2_locked_final_nffc_20260826T211223Z_8be6a307,participation,participation_logistic,season,2019,roc_auc,908,1,0.8857728698831493
v2_conditional_ppg_2026_candidate_nffc_v1,v2_locked_final_nffc_20260826T211223Z_8be6a307,participation,participation_logistic,season,2020,brier,823,1,0.1337280583253512
v2_conditional_ppg_2026_candidate_nffc_v1,v2_locked_final_nffc_20260826T211223Z_8be6a307,participation,participation_logistic,season,2020,log_loss,823,1,0.40438889451618754
v2_conditional_ppg_2026_candidate_nffc_v1,v2_locked_final_nffc_20260826T211223Z_8be6a307,participation,participation_logistic,season,2020,calibration_bias,823,1,-0.029385758944385627
v2_conditional_ppg_2026_candidate_nffc_v1,v2_locked_final_nffc_20260826T211223Z_8be6a307,participation,participation_logistic,season,2020,roc_auc,823,1,0.8803236348302762
v2_conditional_ppg_2026_candidate_nffc_v1,v2_locked_final_nffc_20260826T211223Z_8be6a307,participation,participation_logistic,season,2021,brier,830,1,0.14174954142242358
v2_conditional_ppg_2026_candidate_nffc_v1,v2_locked_final_nffc_20260826T211223Z_8be6a307,participation,participation_logistic,season,2021,log_loss,830,1,0.43621944720900696
v2_conditional_ppg_2026_candidate_nffc_v1,v2_locked_final_nffc_20260826T211223Z_8be6a307,participation,participation_logistic,season,2021,calibration_bias,830,1,-0.03532301006225722
v2_conditional_ppg_2026_candidate_nffc_v1,v2_locked_final_nffc_20260826T211223Z_8be6a307,participation,participation_logistic,season,2021,roc_auc,830,1,0.863237594808864
v2_conditional_ppg_2026_candidate_nffc_v1,v2_locked_final_nffc_20260826T211223Z_8be6a307,participation,participation_logistic,season,2022,brier,841,1,0.1136253956554541
v2_conditional_ppg_2026_candidate_nffc_v1,v2_locked_final_nffc_20260826T211223Z_8be6a307,participation,participation_logistic,season,2022,log_loss,841,1,0.35286423347988033
v2_conditional_ppg_2026_candidate_nffc_v1,v2_locked_final_nffc_20260826T211223Z_8be6a307,participation,participation_logistic,season,2022,calibration_bias,841,1,0.011111953822625815
v2_conditional_ppg_2026_candidate_nffc_v1,v2_locked_final_nffc_20260826T211223Z_8be6a307,participation,participation_logistic,season,2022,roc_auc,841,1,0.9146752018085981
v2_conditional_ppg_2026_candidate_nffc_v1,v2_locked_final_nffc_20260826T211223Z_8be6a307,participation,participation_logistic,season,2023,brier,834,1,0.12142154247107828
v2_conditional_ppg_2026_candidate_nffc_v1,v2_locked_final_nffc_20260826T211223Z_8be6a307,participation,participation_logistic,season,2023,log_loss,834,1,0.37797296456501556
v2_conditional_ppg_2026_candidate_nffc_v1,v2_locked_final_nffc_20260826T211223Z_8be6a307,participation,participation_logistic,season,2023,calibration_bias,834,1,0.04466817082370218
v2_conditional_ppg_2026_candidate_nffc_v1,v2_locked_final_nffc_20260826T211223Z_8be6a307,participation,participation_logistic,season,2023,roc_auc,834,1,0.908162638766087
v2_conditional_ppg_2026_candidate_nffc_v1,v2_locked_final_nffc_20260826T211223Z_8be6a307,participation,participation_logistic,season,2024,brier,774,1,0.13913704059755924
v2_conditional_ppg_2026_candidate_nffc_v1,v2_locked_final_nffc_20260826T211223Z_8be6a307,participation,participation_logistic,season,2024,log_loss,774,1,0.41878212675206394
v2_conditional_ppg_2026_candidate_nffc_v1,v2_locked_final_nffc_20260826T211223Z_8be6a307,participation,participation_logistic,season,2024,calibration_bias,774,1,0.0684399922676906
v2_conditional_ppg_2026_candidate_nffc_v1,v2_locked_final_nffc_20260826T211223Z_8be6a307,participation,participation_logistic,season,2024,roc_auc,774,1,0.8858275965279856
v2_conditional_ppg_2026_candidate_nffc_v1,v2_locked_final_nffc_20260826T211223Z_8be6a307,participation,participation_logistic,season,2025,brier,829,1,0.14064730712777251
v2_conditional_ppg_2026_candidate_nffc_v1,v2_locked_final_nffc_20260826T211223Z_8be6a307,participation,participation_logistic,season,2025,log_loss,829,1,0.43228212007444083
v2_conditional_ppg_2026_candidate_nffc_v1,v2_locked_final_nffc_20260826T211223Z_8be6a307,participation,participation_logistic,season,2025,calibration_bias,829,1,0.06597061690118992
v2_conditional_ppg_2026_candidate_nffc_v1,v2_locked_final_nffc_20260826T211223Z_8be6a307,participation,participation_logistic,season,2025,roc_auc,829,1,0.8833682473179711
v2_conditional_ppg_2026_candidate_nffc_v1,v2_locked_final_nffc_20260826T211223Z_8be6a307,participation,participation_logistic,position,QB,brier,1088,9,0.13638082598959098
v2_conditional_ppg_2026_candidate_nffc_v1,v2_locked_final_nffc_20260826T211223Z_8be6a307,participation,participation_logistic,position,QB,log_loss,1088,9,0.42813384374996394
v2_conditional_ppg_2026_candidate_nffc_v1,v2_locked_final_nffc_20260826T211223Z_8be6a307,participation,participation_logistic,position,QB,calibration_bias,1088,9,0.0541488835074923
v2_conditional_ppg_2026_candidate_nffc_v1,v2_locked_final_nffc_20260826T211223Z_8be6a307,participation,participation_logistic,position,QB,roc_auc,1088,9,0.8825257571449846
v2_conditional_ppg_2026_candidate_nffc_v1,v2_locked_final_nffc_20260826T211223Z_8be6a307,participation,participation_logistic,position,RB,brier,2008,9,0.14782797922764218
v2_conditional_ppg_2026_candidate_nffc_v1,v2_locked_final_nffc_20260826T211223Z_8be6a307,participation,participation_logistic,position,RB,log_loss,2008,9,0.448035417814008
v2_conditional_ppg_2026_candidate_nffc_v1,v2_locked_final_nffc_20260826T211223Z_8be6a307,participation,participation_logistic,position,RB,calibration_bias,2008,9,0.07132321648278188
v2_conditional_ppg_2026_candidate_nffc_v1,v2_locked_final_nffc_20260826T211223Z_8be6a307,participation,participation_logistic,position,RB,roc_auc,2008,9,0.8650316376446232
v2_conditional_ppg_2026_candidate_nffc_v1,v2_locked_final_nffc_20260826T211223Z_8be6a307,participation,participation_logistic,position,TE,brier,1617,9,0.13742927093446078
v2_conditional_ppg_2026_candidate_nffc_v1,v2_locked_final_nffc_20260826T211223Z_8be6a307,participation,participation_logistic,position,TE,log_loss,1617,9,0.41753761609060974
v2_conditional_ppg_2026_candidate_nffc_v1,v2_locked_final_nffc_20260826T211223Z_8be6a307,participation,participation_logistic,position,TE,calibration_bias,1617,9,-0.010775687637713919
v2_conditional_ppg_2026_candidate_nffc_v1,v2_locked_final_nffc_20260826T211223Z_8be6a307,participation,participation_logistic,position,TE,roc_auc,1617,9,0.8760877865763568
v2_conditional_ppg_2026_candidate_nffc_v1,v2_locked_final_nffc_20260826T211223Z_8be6a307,participation,participation_logistic,position,WR,brier,3104,9,0.13067286990276536
v2_conditional_ppg_2026_candidate_nffc_v1,v2_locked_final_nffc_20260826T211223Z_8be6a307,participation,participation_logistic,position,WR,log_loss,3104,9,0.399258310677384
v2_conditional_ppg_2026_candidate_nffc_v1,v2_locked_final_nffc_20260826T211223Z_8be6a307,participation,participation_logistic,position,WR,calibration_bias,3104,9,0.03323298713376209
v2_conditional_ppg_2026_candidate_nffc_v1,v2_locked_final_nffc_20260826T211223Z_8be6a307,participation,participation_logistic,position,WR,roc_auc,3104,9,0.8903022867286206
v2_conditional_ppg_2026_candidate_nffc_v1,v2_locked_final_nffc_20260826T211223Z_8be6a307,participation,participation_logistic,history_depth,other_no_history,brier,478,9,0.15277733512073063
v2_conditional_ppg_2026_candidate_nffc_v1,v2_locked_final_nffc_20260826T211223Z_8be6a307,participation,participation_logistic,history_depth,other_no_history,log_loss,478,9,0.4790783884114088
v2_conditional_ppg_2026_candidate_nffc_v1,v2_locked_final_nffc_20260826T211223Z_8be6a307,participation,participation_logistic,history_depth,other_no_history,calibration_bias,478,9,0.03197627479830814
v2_conditional_ppg_2026_candidate_nffc_v1,v2_locked_final_nffc_20260826T211223Z_8be6a307,participation,participation_logistic,history_depth,other_no_history,roc_auc,478,9,0.6595222513089005
v2_conditional_ppg_2026_candidate_nffc_v1,v2_locked_final_nffc_20260826T211223Z_8be6a307,participation,participation_logistic,history_depth,rookie,brier,1204,9,0.1562620680558967
v2_conditional_ppg_2026_candidate_nffc_v1,v2_locked_final_nffc_20260826T211223Z_8be6a307,participation,participation_logistic,history_depth,rookie,log_loss,1204,9,0.46399688556093716
v2_conditional_ppg_2026_candidate_nffc_v1,v2_locked_final_nffc_20260826T211223Z_8be6a307,participation,participation_logistic,history_depth,rookie,calibration_bias,1204,9,0.06253068919208676
v2_conditional_ppg_2026_candidate_nffc_v1,v2_locked_final_nffc_20260826T211223Z_8be6a307,participation,participation_logistic,history_depth,rookie,roc_auc,1204,9,0.8569479384300516
v2_conditional_ppg_2026_candidate_nffc_v1,v2_locked_final_nffc_20260826T211223Z_8be6a307,participation,participation_logistic,history_depth,second_year,brier,1324,9,0.14550835024392272
v2_conditional_ppg_2026_candidate_nffc_v1,v2_locked_final_nffc_20260826T211223Z_8be6a307,participation,participation_logistic,history_depth,second_year,log_loss,1324,9,0.44263536367924733
v2_conditional_ppg_2026_candidate_nffc_v1,v2_locked_final_nffc_20260826T211223Z_8be6a307,participation,participation_logistic,history_depth,second_year,calibration_bias,1324,9,0.044878133590480075
v2_conditional_ppg_2026_candidate_nffc_v1,v2_locked_final_nffc_20260826T211223Z_8be6a307,participation,participation_logistic,history_depth,second_year,roc_auc,1324,9,0.8726824295742907
v2_conditional_ppg_2026_candidate_nffc_v1,v2_locked_final_nffc_20260826T211223Z_8be6a307,participation,participation_logistic,history_depth,unknown_experience,brier,1,1,0.01642963380557272
v2_conditional_ppg_2026_candidate_nffc_v1,v2_locked_final_nffc_20260826T211223Z_8be6a307,participation,participation_logistic,history_depth,unknown_experience,log_loss,1,1,0.13717015702191715
v2_conditional_ppg_2026_candidate_nffc_v1,v2_locked_final_nffc_20260826T211223Z_8be6a307,participation,participation_logistic,history_depth,unknown_experience,calibration_bias,1,1,0.12817813310222897
v2_conditional_ppg_2026_candidate_nffc_v1,v2_locked_final_nffc_20260826T211223Z_8be6a307,participation,participation_logistic,history_depth,unknown_experience,roc_auc,1,1,
v2_conditional_ppg_2026_candidate_nffc_v1,v2_locked_final_nffc_20260826T211223Z_8be6a307,participation,participation_logistic,history_depth,veteran_with_history,brier,4810,9,0.1287351473516048
v2_conditional_ppg_2026_candidate_nffc_v1,v2_locked_final_nffc_20260826T211223Z_8be6a307,participation,participation_logistic,history_depth,veteran_with_history,log_loss,4810,9,0.39627500020524686
v2_conditional_ppg_2026_candidate_nffc_v1,v2_locked_final_nffc_20260826T211223Z_8be6a307,participation,participation_logistic,history_depth,veteran_with_history,calibration_bias,4810,9,0.028636896665037447
v2_conditional_ppg_2026_candidate_nffc_v1,v2_locked_final_nffc_20260826T211223Z_8be6a307,participation,participation_logistic,history_depth,veteran_with_history,roc_auc,4810,9,0.8869613699909
v2_conditional_ppg_2026_candidate_nffc_v1,v2_locked_final_nffc_20260826T211223Z_8be6a307,participation,participation_prior_position_rate,pooled,all,brier,7817,9,0.2434491922363349
v2_conditional_ppg_2026_candidate_nffc_v1,v2_locked_final_nffc_20260826T211223Z_8be6a307,participation,participation_prior_position_rate,pooled,all,log_loss,7817,9,0.683440744267817
v2_conditional_ppg_2026_candidate_nffc_v1,v2_locked_final_nffc_20260826T211223Z_8be6a307,participation,participation_prior_position_rate,pooled,all,calibration_bias,7817,9,0.0689578746216772
v2_conditional_ppg_2026_candidate_nffc_v1,v2_locked_final_nffc_20260826T211223Z_8be6a307,participation,participation_prior_position_rate,pooled,all,roc_auc,7817,9,0.5195947470003751
v2_conditional_ppg_2026_candidate_nffc_v1,v2_locked_final_nffc_20260826T211223Z_8be6a307,participation,participation_prior_position_rate,provider_era,2023_2025,brier,2437,3,0.22725835055360724
v2_conditional_ppg_2026_candidate_nffc_v1,v2_locked_final_nffc_20260826T211223Z_8be6a307,participation,participation_prior_position_rate,provider_era,2023_2025,log_loss,2437,3,0.6471556489840316
v2_conditional_ppg_2026_candidate_nffc_v1,v2_locked_final_nffc_20260826T211223Z_8be6a307,participation,participation_prior_position_rate,provider_era,2023_2025,calibration_bias,2437,3,0.017688070084366837
v2_conditional_ppg_2026_candidate_nffc_v1,v2_locked_final_nffc_20260826T211223Z_8be6a307,participation,participation_prior_position_rate,provider_era,2023_2025,roc_auc,2437,3,0.5390239422857941
v2_conditional_ppg_2026_candidate_nffc_v1,v2_locked_final_nffc_20260826T211223Z_8be6a307,participation,participation_prior_position_rate,season,2017,brier,974,1,0.28871743836911784
v2_conditional_ppg_2026_candidate_nffc_v1,v2_locked_final_nffc_20260826T211223Z_8be6a307,participation,participation_prior_position_rate,season,2017,log_loss,974,1,0.7876605448203373
v2_conditional_ppg_2026_candidate_nffc_v1,v2_locked_final_nffc_20260826T211223Z_8be6a307,participation,participation_prior_position_rate,season,2017,calibration_bias,974,1,0.20564077004349907
v2_conditional_ppg_2026_candidate_nffc_v1,v2_locked_final_nffc_20260826T211223Z_8be6a307,participation,participation_prior_position_rate,season,2017,roc_auc,974,1,0.5571234482729432
v2_conditional_ppg_2026_candidate_nffc_v1,v2_locked_final_nffc_20260826T211223Z_8be6a307,participation,participation_prior_position_rate,season,2018,brier,1004,1,0.2780326368167507
v2_conditional_ppg_2026_candidate_nffc_v1,v2_locked_final_nffc_20260826T211223Z_8be6a307,participation,participation_prior_position_rate,season,2018,log_loss,1004,1,0.7590918928532863
v2_conditional_ppg_2026_candidate_nffc_v1,v2_locked_final_nffc_20260826T211223Z_8be6a307,participation,participation_prior_position_rate,season,2018,calibration_bias,1004,1,0.17347089650283923
v2_conditional_ppg_2026_candidate_nffc_v1,v2_locked_final_nffc_20260826T211223Z_8be6a307,participation,participation_prior_position_rate,season,2018,roc_auc,1004,1,0.5431972409838155
v2_conditional_ppg_2026_candidate_nffc_v1,v2_locked_final_nffc_20260826T211223Z_8be6a307,participation,participation_prior_position_rate,season,2019,brier,908,1,0.2567627214705964
v2_conditional_ppg_2026_candidate_nffc_v1,v2_locked_final_nffc_20260826T211223Z_8be6a307,participation,participation_prior_position_rate,season,2019,log_loss,908,1,0.7108907289373682
v2_conditional_ppg_2026_candidate_nffc_v1,v2_locked_final_nffc_20260826T211223Z_8be6a307,participation,participation_prior_position_rate,season,2019,calibration_bias,908,1,0.11143290044475047
v2_conditional_ppg_2026_candidate_nffc_v1,v2_locked_final_nffc_20260826T211223Z_8be6a307,participation,participation_prior_position_rate,season,2019,roc_auc,908,1,0.5422317745003582
v2_conditional_ppg_2026_candidate_nffc_v1,v2_locked_final_nffc_20260826T211223Z_8be6a307,participation,participation_prior_position_rate,season,2020,brier,823,1,0.22202499353481622
v2_conditional_ppg_2026_candidate_nffc_v1,v2_locked_final_nffc_20260826T211223Z_8be6a307,participation,participation_prior_position_rate,season,2020,log_loss,823,1,0.6361882821209692
v2_conditional_ppg_2026_candidate_nffc_v1,v2_locked_final_nffc_20260826T211223Z_8be6a307,participation,participation_prior_position_rate,season,2020,calibration_bias,823,1,0.00570079019420969
v2_conditional_ppg_2026_candidate_nffc_v1,v2_locked_final_nffc_20260826T211223Z_8be6a307,participation,participation_prior_position_rate,season,2020,roc_auc,823,1,0.5477743516761543
v2_conditional_ppg_2026_candidate_nffc_v1,v2_locked_final_nffc_20260826T211223Z_8be6a307,participation,participation_prior_position_rate,season,2021,brier,830,1,0.21617700436764778
v2_conditional_ppg_2026_candidate_nffc_v1,v2_locked_final_nffc_20260826T211223Z_8be6a307,participation,participation_prior_position_rate,season,2021,log_loss,830,1,0.6233219076445446
v2_conditional_ppg_2026_candidate_nffc_v1,v2_locked_final_nffc_20260826T211223Z_8be6a307,participation,participation_prior_position_rate,season,2021,calibration_bias,830,1,-0.0079468338101118
v2_conditional_ppg_2026_candidate_nffc_v1,v2_locked_final_nffc_20260826T211223Z_8be6a307,participation,participation_prior_position_rate,season,2021,roc_auc,830,1,0.5750483533457875
v2_conditional_ppg_2026_candidate_nffc_v1,v2_locked_final_nffc_20260826T211223Z_8be6a307,participation,participation_prior_position_rate,season,2022,brier,841,1,0.2301595109121853
v2_conditional_ppg_2026_candidate_nffc_v1,v2_locked_final_nffc_20260826T211223Z_8be6a307,participation,participation_prior_position_rate,season,2022,log_loss,841,1,0.6535070498003233
v2_conditional_ppg_2026_candidate_nffc_v1,v2_locked_final_nffc_20260826T211223Z_8be6a307,participation,participation_prior_position_rate,season,2022,calibration_bias,841,1,0.026399568536926044
v2_conditional_ppg_2026_candidate_nffc_v1,v2_locked_final_nffc_20260826T211223Z_8be6a307,participation,participation_prior_position_rate,season,2022,roc_auc,841,1,0.54154738355306
v2_conditional_ppg_2026_candidate_nffc_v1,v2_locked_final_nffc_20260826T211223Z_8be6a307,participation,participation_prior_position_rate,season,2023,brier,834,1,0.23284283600446154
v2_conditional_ppg_2026_candidate_nffc_v1,v2_locked_final_nffc_20260826T211223Z_8be6a307,participation,participation_prior_position_rate,season,2023,log_loss,834,1,0.6584452234206793
v2_conditional_ppg_2026_candidate_nffc_v1,v2_locked_final_nffc_20260826T211223Z_8be6a307,participation,participation_prior_position_rate,season,2023,calibration_bias,834,1,0.03819145917442884
v2_conditional_ppg_2026_candidate_nffc_v1,v2_locked_final_nffc_20260826T211223Z_8be6a307,participation,participation_prior_position_rate,season,2023,roc_auc,834,1,0.5480155221534532
v2_conditional_ppg_2026_candidate_nffc_v1,v2_locked_final_nffc_20260826T211223Z_8be6a307,participation,participation_prior_position_rate,season,2024,brier,774,1,0.22156368247626973
v2_conditional_ppg_2026_candidate_nffc_v1,v2_locked_final_nffc_20260826T211223Z_8be6a307,participation,participation_prior_position_rate,season,2024,log_loss,774,1,0.635531496168761
v2_conditional_ppg_2026_candidate_nffc_v1,v2_locked_final_nffc_20260826T211223Z_8be6a307,participation,participation_prior_position_rate,season,2024,calibration_bias,774,1,-0.003799099933896144
v2_conditional_ppg_2026_candidate_nffc_v1,v2_locked_final_nffc_20260826T211223Z_8be6a307,participation,participation_prior_position_rate,season,2024,roc_auc,774,1,0.5450202035318767
v2_conditional_ppg_2026_candidate_nffc_v1,v2_locked_final_nffc_20260826T211223Z_8be6a307,participation,participation_prior_position_rate,season,2025,brier,829,1,0.22695703840143203
v2_conditional_ppg_2026_candidate_nffc_v1,v2_locked_final_nffc_20260826T211223Z_8be6a307,participation,participation_prior_position_rate,season,2025,log_loss,829,1,0.6466509314916976
v2_conditional_ppg_2026_candidate_nffc_v1,v2_locked_final_nffc_20260826T211223Z_8be6a307,participation,participation_prior_position_rate,season,2025,calibration_bias,829,1,0.01712262146316519
v2_conditional_ppg_2026_candidate_nffc_v1,v2_locked_final_nffc_20260826T211223Z_8be6a307,participation,participation_prior_position_rate,season,2025,roc_auc,829,1,0.539309972703612
v2_conditional_ppg_2026_candidate_nffc_v1,v2_locked_final_nffc_20260826T211223Z_8be6a307,participation,participation_prior_position_rate,position,QB,brier,1088,9,0.2648912175247845
v2_conditional_ppg_2026_candidate_nffc_v1,v2_locked_final_nffc_20260826T211223Z_8be6a307,participation,participation_prior_position_rate,position,QB,log_loss,1088,9,0.7238063968607733
v2_conditional_ppg_2026_candidate_nffc_v1,v2_locked_final_nffc_20260826T211223Z_8be6a307,participation,participation_prior_position_rate,position,QB,calibration_bias,1088,9,0.10715786897162459
v2_conditional_ppg_2026_candidate_nffc_v1,v2_locked_final_nffc_20260826T211223Z_8be6a307,participation,participation_prior_position_rate,position,QB,roc_auc,1088,9,0.4582842559874362
v2_conditional_ppg_2026_candidate_nffc_v1,v2_locked_final_nffc_20260826T211223Z_8be6a307,participation,participation_prior_position_rate,position,RB,brier,2008,9,0.23730651619665333
v2_conditional_ppg_2026_candidate_nffc_v1,v2_locked_final_nffc_20260826T211223Z_8be6a307,participation,participation_prior_position_rate,position,RB,log_loss,2008,9,0.6777428828487684
v2_conditional_ppg_2026_candidate_nffc_v1,v2_locked_final_nffc_20260826T211223Z_8be6a307,participation,participation_prior_position_rate,position,RB,calibration_bias,2008,9,0.10522629429234533
v2_conditional_ppg_2026_candidate_nffc_v1,v2_locked_final_nffc_20260826T211223Z_8be6a307,participation,participation_prior_position_rate,position,RB,roc_auc,2008,9,0.4604493269000673
v2_conditional_ppg_2026_candidate_nffc_v1,v2_locked_final_nffc_20260826T211223Z_8be6a307,participation,participation_prior_position_rate,position,TE,brier,1617,9,0.231880624866101
v2_conditional_ppg_2026_candidate_nffc_v1,v2_locked_final_nffc_20260826T211223Z_8be6a307,participation,participation_prior_position_rate,position,TE,log_loss,1617,9,0.6567296787607073
v2_conditional_ppg_2026_candidate_nffc_v1,v2_locked_final_nffc_20260826T211223Z_8be6a307,participation,participation_prior_position_rate,position,TE,calibration_bias,1617,9,0.009677989980488232
v2_conditional_ppg_2026_candidate_nffc_v1,v2_locked_final_nffc_20260826T211223Z_8be6a307,participation,participation_prior_position_rate,position,TE,roc_auc,1617,9,0.45061507047163707
v2_conditional_ppg_2026_candidate_nffc_v1,v2_locked_final_nffc_20260826T211223Z_8be6a307,participation,participation_prior_position_rate,position,WR,brier,3104,9,0.24593371008798307
v2_conditional_ppg_2026_candidate_nffc_v1,v2_locked_final_nffc_20260826T211223Z_8be6a307,participation,participation_prior_position_rate,position,WR,log_loss,3104,9,0.6868928282347335
v2_conditional_ppg_2026_candidate_nffc_v1,v2_locked_final_nffc_20260826T211223Z_8be6a307,participation,participation_prior_position_rate,position,WR,calibration_bias,3104,9,0.0629871893489189
v2_conditional_ppg_2026_candidate_nffc_v1,v2_locked_final_nffc_20260826T211223Z_8be6a307,participation,participation_prior_position_rate,position,WR,roc_auc,3104,9,0.4267474591904215
v2_conditional_ppg_2026_candidate_nffc_v1,v2_locked_final_nffc_20260826T211223Z_8be6a307,participation,participation_prior_position_rate,history_depth,other_no_history,brier,478,9,0.37299822636389335
v2_conditional_ppg_2026_candidate_nffc_v1,v2_locked_final_nffc_20260826T211223Z_8be6a307,participation,participation_prior_position_rate,history_depth,other_no_history,log_loss,478,9,0.9590148718597725
v2_conditional_ppg_2026_candidate_nffc_v1,v2_locked_final_nffc_20260826T211223Z_8be6a307,participation,participation_prior_position_rate,history_depth,other_no_history,calibration_bias,478,9,0.45884310492297237
v2_conditional_ppg_2026_candidate_nffc_v1,v2_locked_final_nffc_20260826T211223Z_8be6a307,participation,participation_prior_position_rate,history_depth,other_no_history,roc_auc,478,9,0.5315226876090751
v2_conditional_ppg_2026_candidate_nffc_v1,v2_locked_final_nffc_20260826T211223Z_8be6a307,participation,participation_prior_position_rate,history_depth,rookie,brier,1204,9,0.2562125629243122
v2_conditional_ppg_2026_candidate_nffc_v1,v2_locked_final_nffc_20260826T211223Z_8be6a307,participation,participation_prior_position_rate,history_depth,rookie,log_loss,1204,9,0.7117963154123726
v2_conditional_ppg_2026_candidate_nffc_v1,v2_locked_final_nffc_20260826T211223Z_8be6a307,participation,participation_prior_position_rate,history_depth,rookie,calibration_bias,1204,9,0.10298386060389816
v2_conditional_ppg_2026_candidate_nffc_v1,v2_locked_final_nffc_20260826T211223Z_8be6a307,participation,participation_prior_position_rate,history_depth,rookie,roc_auc,1204,9,0.5001307579698404
v2_conditional_ppg_2026_candidate_nffc_v1,v2_locked_final_nffc_20260826T211223Z_8be6a307,participation,participation_prior_position_rate,history_depth,second_year,brier,1324,9,0.26488658708783047
v2_conditional_ppg_2026_candidate_nffc_v1,v2_locked_final_nffc_20260826T211223Z_8be6a307,participation,participation_prior_position_rate,history_depth,second_year,log_loss,1324,9,0.7296493443084248
v2_conditional_ppg_2026_candidate_nffc_v1,v2_locked_final_nffc_20260826T211223Z_8be6a307,participation,participation_prior_position_rate,history_depth,second_year,calibration_bias,1324,9,0.12869507542739772
v2_conditional_ppg_2026_candidate_nffc_v1,v2_locked_final_nffc_20260826T211223Z_8be6a307,participation,participation_prior_position_rate,history_depth,second_year,roc_auc,1324,9,0.5071795274826116
v2_conditional_ppg_2026_candidate_nffc_v1,v2_locked_final_nffc_20260826T211223Z_8be6a307,participation,participation_prior_position_rate,history_depth,unknown_experience,brier,1,1,0.3524944833269117
v2_conditional_ppg_2026_candidate_nffc_v1,v2_locked_final_nffc_20260826T211223Z_8be6a307,participation,participation_prior_position_rate,history_depth,unknown_experience,log_loss,1,1,0.9006941396554294
v2_conditional_ppg_2026_candidate_nffc_v1,v2_locked_final_nffc_20260826T211223Z_8be6a307,participation,participation_prior_position_rate,history_depth,unknown_experience,calibration_bias,1,1,0.5937124584568794
v2_conditional_ppg_2026_candidate_nffc_v1,v2_locked_final_nffc_20260826T211223Z_8be6a307,participation,participation_prior_position_rate,history_depth,unknown_experience,roc_auc,1,1,
v2_conditional_ppg_2026_candidate_nffc_v1,v2_locked_final_nffc_20260826T211223Z_8be6a307,participation,participation_prior_position_rate,history_depth,veteran_with_history,brier,4810,9,0.22145674053243297
v2_conditional_ppg_2026_candidate_nffc_v1,v2_locked_final_nffc_20260826T211223Z_8be6a307,participation,participation_prior_position_rate,history_depth,veteran_with_history,log_loss,4810,9,0.6361929312748538
v2_conditional_ppg_2026_candidate_nffc_v1,v2_locked_final_nffc_20260826T211223Z_8be6a307,participation,participation_prior_position_rate,history_depth,veteran_with_history,calibration_bias,4810,9,0.00514306471373079
v2_conditional_ppg_2026_candidate_nffc_v1,v2_locked_final_nffc_20260826T211223Z_8be6a307,participation,participation_prior_position_rate,history_depth,veteran_with_history,roc_auc,4810,9,0.5187774943537854
