method,slice_type,slice_value,metric,n_rows,value
incumbent_lasso,pooled,all,rmse,3696,3.1584532391209064
incumbent_lasso,pooled,all,mae,3696,2.4477827442713624
incumbent_lasso,pooled,all,bias,3696,0.002905395150819813
incumbent_lasso,pooled,all,spearman,3696,0.7984587871769212
incumbent_lightgbm,pooled,all,rmse,3696,3.1229738660388224
incumbent_lightgbm,pooled,all,mae,3696,2.446552841786182
incumbent_lightgbm,pooled,all,bias,3696,0.2105187734884606
incumbent_lightgbm,pooled,all,spearman,3696,0.8040038793357315
incumbent_random_forest,pooled,all,rmse,3696,3.124253466483619
incumbent_random_forest,pooled,all,mae,3696,2.4435278256238586
incumbent_random_forest,pooled,all,bias,3696,0.20265677251737918
incumbent_random_forest,pooled,all,spearman,3696,0.8046584274701288
trajectory_1year_lasso,pooled,all,rmse,3696,3.153894544756958
trajectory_1year_lasso,pooled,all,mae,3696,2.4424707538576
trajectory_1year_lasso,pooled,all,bias,3696,-0.003908263564349239
trajectory_1year_lasso,pooled,all,spearman,3696,0.7989471594177403
trajectory_1year_lightgbm,pooled,all,rmse,3696,3.122973610433986
trajectory_1year_lightgbm,pooled,all,mae,3696,2.448442583531251
trajectory_1year_lightgbm,pooled,all,bias,3696,0.21117013420165448
trajectory_1year_lightgbm,pooled,all,spearman,3696,0.8042004891028961
trajectory_1year_random_forest,pooled,all,rmse,3696,3.1248441016414015
trajectory_1year_random_forest,pooled,all,mae,3696,2.441854118631638
trajectory_1year_random_forest,pooled,all,bias,3696,0.2006451169787301
trajectory_1year_random_forest,pooled,all,spearman,3696,0.8049748081674455
trajectory_3year_lasso,pooled,all,rmse,3696,3.1515154972525394
trajectory_3year_lasso,pooled,all,mae,3696,2.440309912200331
trajectory_3year_lasso,pooled,all,bias,3696,-0.009183697947549977
trajectory_3year_lasso,pooled,all,spearman,3696,0.7994294069843124
trajectory_3year_lightgbm,pooled,all,rmse,3696,3.1231681088290904
trajectory_3year_lightgbm,pooled,all,mae,3696,2.4465323076439374
trajectory_3year_lightgbm,pooled,all,bias,3696,0.2115640240984128
trajectory_3year_lightgbm,pooled,all,spearman,3696,0.8045177100924011
trajectory_3year_random_forest,pooled,all,rmse,3696,3.1223033833300664
trajectory_3year_random_forest,pooled,all,mae,3696,2.4407056049822327
trajectory_3year_random_forest,pooled,all,bias,3696,0.19119517595240162
trajectory_3year_random_forest,pooled,all,spearman,3696,0.8049325042558066
incumbent_tree_average,pooled,all,rmse,3696,3.114326838449257
incumbent_tree_average,pooled,all,mae,3696,2.437970563252986
incumbent_tree_average,pooled,all,bias,3696,0.2065877730029199
incumbent_tree_average,pooled,all,spearman,3696,0.805570929492496
incumbent_equal_thirds,pooled,all,rmse,3696,3.100055612217786
incumbent_equal_thirds,pooled,all,mae,3696,2.4151353792936665
incumbent_equal_thirds,pooled,all,bias,3696,0.13869364705221982
incumbent_equal_thirds,pooled,all,spearman,3696,0.8054716592159998
trajectory_1year_tree_average,pooled,all,rmse,3696,3.1151218114533914
trajectory_1year_tree_average,pooled,all,mae,3696,2.438116107819875
trajectory_1year_tree_average,pooled,all,bias,3696,0.2059076255901923
trajectory_1year_tree_average,pooled,all,spearman,3696,0.8058615156829576
trajectory_1year_equal_thirds,pooled,all,rmse,3696,3.098483169784393
trajectory_1year_equal_thirds,pooled,all,mae,3696,2.4130257681070852
trajectory_1year_equal_thirds,pooled,all,bias,3696,0.13596899587201175
trajectory_1year_equal_thirds,pooled,all,spearman,3696,0.8056948795751331
trajectory_3year_tree_average,pooled,all,rmse,3696,3.113609252535077
trajectory_3year_tree_average,pooled,all,mae,3696,2.4363974972717464
trajectory_3year_tree_average,pooled,all,bias,3696,0.20137960002540722
trajectory_3year_tree_average,pooled,all,spearman,3696,0.8058357977078108
trajectory_3year_equal_thirds,pooled,all,rmse,3696,3.095907934071673
trajectory_3year_equal_thirds,pooled,all,mae,3696,2.409890361571184
trajectory_3year_equal_thirds,pooled,all,bias,3696,0.1311918340344215
trajectory_3year_equal_thirds,pooled,all,spearman,3696,0.8059157112899191
incumbent_lasso,season,2017,rmse,407,3.1505787209215095
incumbent_lasso,season,2017,mae,407,2.4533533268230863
incumbent_lasso,season,2017,bias,407,0.15742976280886922
incumbent_lasso,season,2017,spearman,407,0.7779985523010268
incumbent_lightgbm,season,2017,rmse,407,3.1321055322393154
incumbent_lightgbm,season,2017,mae,407,2.4569435373733097
incumbent_lightgbm,season,2017,bias,407,0.4648641196494398
incumbent_lightgbm,season,2017,spearman,407,0.7849781895053476
incumbent_random_forest,season,2017,rmse,407,3.1049176402162284
incumbent_random_forest,season,2017,mae,407,2.4140187746047426
incumbent_random_forest,season,2017,bias,407,0.4551479018907607
incumbent_random_forest,season,2017,spearman,407,0.7900091056327447
trajectory_1year_lasso,season,2017,rmse,407,3.1176730966089363
trajectory_1year_lasso,season,2017,mae,407,2.418083770402247
trajectory_1year_lasso,season,2017,bias,407,0.1908799437712669
trajectory_1year_lasso,season,2017,spearman,407,0.7815261784381576
trajectory_1year_lightgbm,season,2017,rmse,407,3.1271522445676507
trajectory_1year_lightgbm,season,2017,mae,407,2.4477618567890396
trajectory_1year_lightgbm,season,2017,bias,407,0.472141800715594
trajectory_1year_lightgbm,season,2017,spearman,407,0.788818087563271
trajectory_1year_random_forest,season,2017,rmse,407,3.116652349797491
trajectory_1year_random_forest,season,2017,mae,407,2.4175602404047143
trajectory_1year_random_forest,season,2017,bias,407,0.4631549725906453
trajectory_1year_random_forest,season,2017,spearman,407,0.7881384972827684
trajectory_3year_lasso,season,2017,rmse,407,3.1207282243052306
trajectory_3year_lasso,season,2017,mae,407,2.4214217842140746
trajectory_3year_lasso,season,2017,bias,407,0.16574119567205678
trajectory_3year_lasso,season,2017,spearman,407,0.7825623596560449
trajectory_3year_lightgbm,season,2017,rmse,407,3.1294381832872458
trajectory_3year_lightgbm,season,2017,mae,407,2.4503709918858934
trajectory_3year_lightgbm,season,2017,bias,407,0.48498251652760854
trajectory_3year_lightgbm,season,2017,spearman,407,0.7849168396268794
trajectory_3year_random_forest,season,2017,rmse,407,3.106045969664013
trajectory_3year_random_forest,season,2017,mae,407,2.4208284371160294
trajectory_3year_random_forest,season,2017,bias,407,0.43186462576446033
trajectory_3year_random_forest,season,2017,spearman,407,0.788483694205784
incumbent_tree_average,season,2017,rmse,407,3.109464184402348
incumbent_tree_average,season,2017,mae,407,2.4287643793723315
incumbent_tree_average,season,2017,bias,407,0.4600060107701003
incumbent_tree_average,season,2017,spearman,407,0.7879463547722971
incumbent_equal_thirds,season,2017,rmse,407,3.092215725306898
incumbent_equal_thirds,season,2017,mae,407,2.40639920729459
incumbent_equal_thirds,season,2017,bias,407,0.3591472614496899
incumbent_equal_thirds,season,2017,spearman,407,0.7879904968219468
trajectory_1year_tree_average,season,2017,rmse,407,3.1136551252172446
trajectory_1year_tree_average,season,2017,mae,407,2.4265016754804525
trajectory_1year_tree_average,season,2017,bias,407,0.4676483866531197
trajectory_1year_tree_average,season,2017,spearman,407,0.7889312742551071
trajectory_1year_equal_thirds,season,2017,rmse,407,3.0846080364295556
trajectory_1year_equal_thirds,season,2017,mae,407,2.397995066408291
trajectory_1year_equal_thirds,season,2017,bias,407,0.3753922390258354
trajectory_1year_equal_thirds,season,2017,spearman,407,0.7899103199974398
trajectory_3year_tree_average,season,2017,rmse,407,3.107429466795206
trajectory_3year_tree_average,season,2017,mae,407,2.425790934431509
trajectory_3year_tree_average,season,2017,bias,407,0.4584235711460344
trajectory_3year_tree_average,season,2017,spearman,407,0.7867644869913522
trajectory_3year_equal_thirds,season,2017,rmse,407,3.080274889972628
trajectory_3year_equal_thirds,season,2017,mae,407,2.393634290927712
trajectory_3year_equal_thirds,season,2017,bias,407,0.3608627793213752
trajectory_3year_equal_thirds,season,2017,spearman,407,0.7887557740093223
incumbent_lasso,season,2018,rmse,405,3.4818516700311597
incumbent_lasso,season,2018,mae,405,2.657243609741492
incumbent_lasso,season,2018,bias,405,-0.7324154646800624
incumbent_lasso,season,2018,spearman,405,0.7871672933743881
incumbent_lightgbm,season,2018,rmse,405,3.357804913382806
incumbent_lightgbm,season,2018,mae,405,2.595774126108937
incumbent_lightgbm,season,2018,bias,405,-0.3521544435788002
incumbent_lightgbm,season,2018,spearman,405,0.7860371770514346
incumbent_random_forest,season,2018,rmse,405,3.3829856297744576
incumbent_random_forest,season,2018,mae,405,2.6113609809343354
incumbent_random_forest,season,2018,bias,405,-0.41157936205987083
incumbent_random_forest,season,2018,spearman,405,0.7868959141509598
trajectory_1year_lasso,season,2018,rmse,405,3.4865919997192205
trajectory_1year_lasso,season,2018,mae,405,2.655382322420347
trajectory_1year_lasso,season,2018,bias,405,-0.7740479791605229
trajectory_1year_lasso,season,2018,spearman,405,0.7888839352810438
trajectory_1year_lightgbm,season,2018,rmse,405,3.3477765454115906
trajectory_1year_lightgbm,season,2018,mae,405,2.587987025811618
trajectory_1year_lightgbm,season,2018,bias,405,-0.34443677789429317
trajectory_1year_lightgbm,season,2018,spearman,405,0.7858014390854738
trajectory_1year_random_forest,season,2018,rmse,405,3.385195684783382
trajectory_1year_random_forest,season,2018,mae,405,2.6105085950105815
trajectory_1year_random_forest,season,2018,bias,405,-0.40875597862170204
trajectory_1year_random_forest,season,2018,spearman,405,0.7880680104904687
trajectory_3year_lasso,season,2018,rmse,405,3.4705102904256173
trajectory_3year_lasso,season,2018,mae,405,2.6455394063039748
trajectory_3year_lasso,season,2018,bias,405,-0.7574578527081426
trajectory_3year_lasso,season,2018,spearman,405,0.7896034327780669
trajectory_3year_lightgbm,season,2018,rmse,405,3.361530464845133
trajectory_3year_lightgbm,season,2018,mae,405,2.5939777247731377
trajectory_3year_lightgbm,season,2018,bias,405,-0.3408751317451733
trajectory_3year_lightgbm,season,2018,spearman,405,0.7878180182221077
trajectory_3year_random_forest,season,2018,rmse,405,3.3708963546875363
trajectory_3year_random_forest,season,2018,mae,405,2.6112898327723553
trajectory_3year_random_forest,season,2018,bias,405,-0.39357449624042296
trajectory_3year_random_forest,season,2018,spearman,405,0.7870585083620276
incumbent_tree_average,season,2018,rmse,405,3.3619246702869754
incumbent_tree_average,season,2018,mae,405,2.59448915506371
incumbent_tree_average,season,2018,bias,405,-0.3818669028193356
incumbent_tree_average,season,2018,spearman,405,0.7875082553441674
incumbent_equal_thirds,season,2018,rmse,405,3.3614855392039753
incumbent_equal_thirds,season,2018,mae,405,2.586491484032245
incumbent_equal_thirds,season,2018,bias,405,-0.4987164234395779
incumbent_equal_thirds,season,2018,spearman,405,0.7928556228829263
trajectory_1year_tree_average,season,2018,rmse,405,3.35839073476345
trajectory_1year_tree_average,season,2018,mae,405,2.5913391800576413
trajectory_1year_tree_average,season,2018,bias,405,-0.3765963782579976
trajectory_1year_tree_average,season,2018,spearman,405,0.7881423994474311
trajectory_1year_equal_thirds,season,2018,rmse,405,3.3606144766169876
trajectory_1year_equal_thirds,season,2018,mae,405,2.5833764347605266
trajectory_1year_equal_thirds,season,2018,bias,405,-0.509080245225506
trajectory_1year_equal_thirds,season,2018,spearman,405,0.7936359064476742
trajectory_3year_tree_average,season,2018,rmse,405,3.357664881349078
trajectory_3year_tree_average,season,2018,mae,405,2.5965583672195347
trajectory_3year_tree_average,season,2018,bias,405,-0.3672248139927981
trajectory_3year_tree_average,season,2018,spearman,405,0.7886645454467143
trajectory_3year_equal_thirds,season,2018,rmse,405,3.3520540339774922
trajectory_3year_equal_thirds,season,2018,mae,405,2.5811489297097103
trajectory_3year_equal_thirds,season,2018,bias,405,-0.49730249356457956
trajectory_3year_equal_thirds,season,2018,spearman,405,0.7947531778559312
incumbent_lasso,season,2019,rmse,387,3.225962106840575
incumbent_lasso,season,2019,mae,387,2.5388221865940204
incumbent_lasso,season,2019,bias,387,-0.44346758670166714
incumbent_lasso,season,2019,spearman,387,0.7886353355011806
incumbent_lightgbm,season,2019,rmse,387,3.141438181011097
incumbent_lightgbm,season,2019,mae,387,2.491793879655002
incumbent_lightgbm,season,2019,bias,387,-0.015831253402755024
incumbent_lightgbm,season,2019,spearman,387,0.7867760245052516
incumbent_random_forest,season,2019,rmse,387,3.137541625889395
incumbent_random_forest,season,2019,mae,387,2.47343385685159
incumbent_random_forest,season,2019,bias,387,-0.0050608749996646505
incumbent_random_forest,season,2019,spearman,387,0.7930587172091057
trajectory_1year_lasso,season,2019,rmse,387,3.221265292593117
trajectory_1year_lasso,season,2019,mae,387,2.534887827058212
trajectory_1year_lasso,season,2019,bias,387,-0.4331355262799629
trajectory_1year_lasso,season,2019,spearman,387,0.7892040707949634
trajectory_1year_lightgbm,season,2019,rmse,387,3.1410359259957956
trajectory_1year_lightgbm,season,2019,mae,387,2.4917146375835872
trajectory_1year_lightgbm,season,2019,bias,387,-0.02199551426278524
trajectory_1year_lightgbm,season,2019,spearman,387,0.7859741636414652
trajectory_1year_random_forest,season,2019,rmse,387,3.1412347740524806
trajectory_1year_random_forest,season,2019,mae,387,2.4757952877641745
trajectory_1year_random_forest,season,2019,bias,387,-0.0022204883353377372
trajectory_1year_random_forest,season,2019,spearman,387,0.7927311819944118
trajectory_3year_lasso,season,2019,rmse,387,3.2199161640901557
trajectory_3year_lasso,season,2019,mae,387,2.525663102719447
trajectory_3year_lasso,season,2019,bias,387,-0.4487494338502931
trajectory_3year_lasso,season,2019,spearman,387,0.7904040670682672
trajectory_3year_lightgbm,season,2019,rmse,387,3.1303780863502606
trajectory_3year_lightgbm,season,2019,mae,387,2.4816803578742324
trajectory_3year_lightgbm,season,2019,bias,387,-0.016046352498569602
trajectory_3year_lightgbm,season,2019,spearman,387,0.7897424749200024
trajectory_3year_random_forest,season,2019,rmse,387,3.1297179455931983
trajectory_3year_random_forest,season,2019,mae,387,2.4630855292891836
trajectory_3year_random_forest,season,2019,bias,387,-0.007595619207169147
trajectory_3year_random_forest,season,2019,spearman,387,0.7953730992555387
incumbent_tree_average,season,2019,rmse,387,3.1307138344628997
incumbent_tree_average,season,2019,mae,387,2.4772562451461986
incumbent_tree_average,season,2019,bias,387,-0.010446064201209799
incumbent_tree_average,season,2019,spearman,387,0.7906260125487677
incumbent_equal_thirds,season,2019,rmse,387,3.1173280550892986
incumbent_equal_thirds,season,2019,mae,387,2.466240722696302
incumbent_equal_thirds,season,2019,bias,387,-0.15478657170136226
incumbent_equal_thirds,season,2019,spearman,387,0.7950346945093837
trajectory_1year_tree_average,season,2019,rmse,387,3.132794159179862
trajectory_1year_tree_average,season,2019,mae,387,2.478434848661282
trajectory_1year_tree_average,season,2019,bias,387,-0.012108001299061406
trajectory_1year_tree_average,season,2019,spearman,387,0.7905339838490639
trajectory_1year_equal_thirds,season,2019,rmse,387,3.1180083867687847
trajectory_1year_equal_thirds,season,2019,mae,387,2.465202587688406
trajectory_1year_equal_thirds,season,2019,bias,387,-0.1524505096260286
trajectory_1year_equal_thirds,season,2019,spearman,387,0.7940826270727399
trajectory_3year_tree_average,season,2019,rmse,387,3.1218260111135168
trajectory_3year_tree_average,season,2019,mae,387,2.4684737476926264
trajectory_3year_tree_average,season,2019,bias,387,-0.011820985852869382
trajectory_3year_tree_average,season,2019,spearman,387,0.7925700023707459
trajectory_3year_equal_thirds,season,2019,rmse,387,3.109047632737431
trajectory_3year_equal_thirds,season,2019,mae,387,2.454941070332043
trajectory_3year_equal_thirds,season,2019,bias,387,-0.15746380185201056
trajectory_3year_equal_thirds,season,2019,spearman,387,0.7972415199540256
incumbent_lasso,season,2020,rmse,419,3.24842981735597
incumbent_lasso,season,2020,mae,419,2.454189526070858
incumbent_lasso,season,2020,bias,419,-0.24103849602174207
incumbent_lasso,season,2020,spearman,419,0.8069309359519975
incumbent_lightgbm,season,2020,rmse,419,3.2451170641033094
incumbent_lightgbm,season,2020,mae,419,2.475084927898085
incumbent_lightgbm,season,2020,bias,419,-0.17208129066315894
incumbent_lightgbm,season,2020,spearman,419,0.8078608272756274
incumbent_random_forest,season,2020,rmse,419,3.275063994168713
incumbent_random_forest,season,2020,mae,419,2.4910244331262454
incumbent_random_forest,season,2020,bias,419,-0.23662426429830707
incumbent_random_forest,season,2020,spearman,419,0.8086851056225218
trajectory_1year_lasso,season,2020,rmse,419,3.2442111161615017
trajectory_1year_lasso,season,2020,mae,419,2.4437647529576925
trajectory_1year_lasso,season,2020,bias,419,-0.22009732656315803
trajectory_1year_lasso,season,2020,spearman,419,0.8060437368677283
trajectory_1year_lightgbm,season,2020,rmse,419,3.249010207948015
trajectory_1year_lightgbm,season,2020,mae,419,2.4765715010299894
trajectory_1year_lightgbm,season,2020,bias,419,-0.17768338974306014
trajectory_1year_lightgbm,season,2020,spearman,419,0.8093266593427085
trajectory_1year_random_forest,season,2020,rmse,419,3.2741023454361686
trajectory_1year_random_forest,season,2020,mae,419,2.4803810081829987
trajectory_1year_random_forest,season,2020,bias,419,-0.2418799738849088
trajectory_1year_random_forest,season,2020,spearman,419,0.8099067274562168
trajectory_3year_lasso,season,2020,rmse,419,3.253782322378027
trajectory_3year_lasso,season,2020,mae,419,2.450634253889668
trajectory_3year_lasso,season,2020,bias,419,-0.2450016015157296
trajectory_3year_lasso,season,2020,spearman,419,0.8047681995615042
trajectory_3year_lightgbm,season,2020,rmse,419,3.251378482479978
trajectory_3year_lightgbm,season,2020,mae,419,2.4824815218598206
trajectory_3year_lightgbm,season,2020,bias,419,-0.18516277634323358
trajectory_3year_lightgbm,season,2020,spearman,419,0.8102212479737254
trajectory_3year_random_forest,season,2020,rmse,419,3.2799686036728417
trajectory_3year_random_forest,season,2020,mae,419,2.486768449806913
trajectory_3year_random_forest,season,2020,bias,419,-0.22772731846887387
trajectory_3year_random_forest,season,2020,spearman,419,0.8089804580068318
incumbent_tree_average,season,2020,rmse,419,3.247515349085243
incumbent_tree_average,season,2020,mae,419,2.466422144379592
incumbent_tree_average,season,2020,bias,419,-0.20435277748073308
incumbent_tree_average,season,2020,spearman,419,0.8097999568759733
incumbent_equal_thirds,season,2020,rmse,419,3.226205278448405
incumbent_equal_thirds,season,2020,mae,419,2.442992584076482
incumbent_equal_thirds,season,2020,bias,419,-0.21658135032773607
incumbent_equal_thirds,season,2020,spearman,419,0.8116111415469485
trajectory_1year_tree_average,season,2020,rmse,419,3.2498658575875403
trajectory_1year_tree_average,season,2020,mae,419,2.4632064596784007
trajectory_1year_tree_average,season,2020,bias,419,-0.20978168181398454
trajectory_1year_tree_average,season,2020,spearman,419,0.8113346310297403
trajectory_1year_equal_thirds,season,2020,rmse,419,3.2245093133503446
trajectory_1year_equal_thirds,season,2020,mae,419,2.4373442356178874
trajectory_1year_equal_thirds,season,2020,bias,419,-0.21322023006370902
trajectory_1year_equal_thirds,season,2020,spearman,419,0.8120564132028302
trajectory_3year_tree_average,season,2020,rmse,419,3.2528742734907663
trajectory_3year_tree_average,season,2020,mae,419,2.4657138713746507
trajectory_3year_tree_average,season,2020,bias,419,-0.20644504740605374
trajectory_3year_tree_average,season,2020,spearman,419,0.810457464627954
trajectory_3year_equal_thirds,season,2020,rmse,419,3.229835865795207
trajectory_3year_equal_thirds,season,2020,mae,419,2.4401089118570063
trajectory_3year_equal_thirds,season,2020,bias,419,-0.21929723210927896
trajectory_3year_equal_thirds,season,2020,spearman,419,0.810712115316663
incumbent_lasso,season,2021,rmse,417,3.0866596708985496
incumbent_lasso,season,2021,mae,417,2.3892478878941352
incumbent_lasso,season,2021,bias,417,0.2745703564037912
incumbent_lasso,season,2021,spearman,417,0.7978748734145977
incumbent_lightgbm,season,2021,rmse,417,3.0581951743355527
incumbent_lightgbm,season,2021,mae,417,2.3685482796948945
incumbent_lightgbm,season,2021,bias,417,0.2119254566926045
incumbent_lightgbm,season,2021,spearman,417,0.8083455983261193
incumbent_random_forest,season,2021,rmse,417,3.037826895546309
incumbent_random_forest,season,2021,mae,417,2.344205790703534
incumbent_random_forest,season,2021,bias,417,0.2032151457487954
incumbent_random_forest,season,2021,spearman,417,0.8094812092418767
trajectory_1year_lasso,season,2021,rmse,417,3.0971354740950563
trajectory_1year_lasso,season,2021,mae,417,2.387598901803282
trajectory_1year_lasso,season,2021,bias,417,0.2783957214672139
trajectory_1year_lasso,season,2021,spearman,417,0.7970453470418857
trajectory_1year_lightgbm,season,2021,rmse,417,3.056531748706528
trajectory_1year_lightgbm,season,2021,mae,417,2.3692299625538555
trajectory_1year_lightgbm,season,2021,bias,417,0.20449716028812295
trajectory_1year_lightgbm,season,2021,spearman,417,0.8075953423727469
trajectory_1year_random_forest,season,2021,rmse,417,3.02825937970238
trajectory_1year_random_forest,season,2021,mae,417,2.3378458980431738
trajectory_1year_random_forest,season,2021,bias,417,0.19619547998045095
trajectory_1year_random_forest,season,2021,spearman,417,0.8086633500231347
trajectory_3year_lasso,season,2021,rmse,417,3.098367179089055
trajectory_3year_lasso,season,2021,mae,417,2.3918511661430277
trajectory_3year_lasso,season,2021,bias,417,0.29225627485423206
trajectory_3year_lasso,season,2021,spearman,417,0.7974472432605653
trajectory_3year_lightgbm,season,2021,rmse,417,3.059378682307741
trajectory_3year_lightgbm,season,2021,mae,417,2.368103428752853
trajectory_3year_lightgbm,season,2021,bias,417,0.21000921759815355
trajectory_3year_lightgbm,season,2021,spearman,417,0.8074785880824404
trajectory_3year_random_forest,season,2021,rmse,417,3.0317859771861486
trajectory_3year_random_forest,season,2021,mae,417,2.3339936409611934
trajectory_3year_random_forest,season,2021,bias,417,0.17746088199521518
trajectory_3year_random_forest,season,2021,spearman,417,0.8070717684734456
incumbent_tree_average,season,2021,rmse,417,3.036795410427395
incumbent_tree_average,season,2021,mae,417,2.349873088866696
incumbent_tree_average,season,2021,bias,417,0.20757030122069986
incumbent_tree_average,season,2021,spearman,417,0.8107822210282261
incumbent_equal_thirds,season,2021,rmse,417,3.0319652356376703
incumbent_equal_thirds,season,2021,mae,417,2.3454743992212164
incumbent_equal_thirds,season,2021,bias,417,0.229903652948397
incumbent_equal_thirds,season,2021,spearman,417,0.8075999840963792
trajectory_1year_tree_average,season,2021,rmse,417,3.03061381959186
trajectory_1year_tree_average,season,2021,mae,417,2.34734528342723
trajectory_1year_tree_average,season,2021,bias,417,0.20034632013428702
trajectory_1year_tree_average,season,2021,spearman,417,0.8099510397400571
trajectory_1year_equal_thirds,season,2021,rmse,417,3.030765195940421
trajectory_1year_equal_thirds,season,2021,mae,417,2.343856167891258
trajectory_1year_equal_thirds,season,2021,bias,417,0.2263627872452626
trajectory_1year_equal_thirds,season,2021,spearman,417,0.8073583664396891
trajectory_3year_tree_average,season,2021,rmse,417,3.034771062787856
trajectory_3year_tree_average,season,2021,mae,417,2.346259332768978
trajectory_3year_tree_average,season,2021,bias,417,0.19373504979668435
trajectory_3year_tree_average,season,2021,spearman,417,0.8100011836783976
trajectory_3year_equal_thirds,season,2021,rmse,417,3.034610350940916
trajectory_3year_equal_thirds,season,2021,mae,417,2.3454122383013187
trajectory_3year_equal_thirds,season,2021,bias,417,0.2265754581492002
trajectory_3year_equal_thirds,season,2021,spearman,417,0.8053795840280145
incumbent_lasso,season,2022,rmse,425,2.8116160373041446
incumbent_lasso,season,2022,mae,425,2.267490738619687
incumbent_lasso,season,2022,bias,425,0.5603671495595891
incumbent_lasso,season,2022,spearman,425,0.8264280676567328
incumbent_lightgbm,season,2022,rmse,425,2.8530855807463187
incumbent_lightgbm,season,2022,mae,425,2.321565936709955
incumbent_lightgbm,season,2022,bias,425,0.6516991724578063
incumbent_lightgbm,season,2022,spearman,425,0.8242851410905971
incumbent_random_forest,season,2022,rmse,425,2.888699618058408
incumbent_random_forest,season,2022,mae,425,2.355444119648958
incumbent_random_forest,season,2022,bias,425,0.6776878703514743
incumbent_random_forest,season,2022,spearman,425,0.8205319518000377
trajectory_1year_lasso,season,2022,rmse,425,2.7963282671257854
trajectory_1year_lasso,season,2022,mae,425,2.259985320250762
trajectory_1year_lasso,season,2022,bias,425,0.5548535450649664
trajectory_1year_lasso,season,2022,spearman,425,0.8277843087398413
trajectory_1year_lightgbm,season,2022,rmse,425,2.853196072714159
trajectory_1year_lightgbm,season,2022,mae,425,2.3268739222396824
trajectory_1year_lightgbm,season,2022,bias,425,0.6571140199927972
trajectory_1year_lightgbm,season,2022,spearman,425,0.8241341349948983
trajectory_1year_random_forest,season,2022,rmse,425,2.8825758601779725
trajectory_1year_random_forest,season,2022,mae,425,2.347508673718264
trajectory_1year_random_forest,season,2022,bias,425,0.6608201422173766
trajectory_1year_random_forest,season,2022,spearman,425,0.8217922117829816
trajectory_3year_lasso,season,2022,rmse,425,2.7931883166448155
trajectory_3year_lasso,season,2022,mae,425,2.2577277865091316
trajectory_3year_lasso,season,2022,bias,425,0.5493053170577598
trajectory_3year_lasso,season,2022,spearman,425,0.8267498544559005
trajectory_3year_lightgbm,season,2022,rmse,425,2.846511565315637
trajectory_3year_lightgbm,season,2022,mae,425,2.319569065861274
trajectory_3year_lightgbm,season,2022,bias,425,0.6444074634723465
trajectory_3year_lightgbm,season,2022,spearman,425,0.8254800588913442
trajectory_3year_random_forest,season,2022,rmse,425,2.8639580741789237
trajectory_3year_random_forest,season,2022,mae,425,2.337685000160817
trajectory_3year_random_forest,season,2022,bias,425,0.6475115165481065
trajectory_3year_random_forest,season,2022,spearman,425,0.8237559163111062
incumbent_tree_average,season,2022,rmse,425,2.8612798875983145
incumbent_tree_average,season,2022,mae,425,2.3332498070549996
incumbent_tree_average,season,2022,bias,425,0.6646935214046401
incumbent_tree_average,season,2022,spearman,425,0.8240634778983602
incumbent_equal_thirds,season,2022,rmse,425,2.8217148238848484
incumbent_equal_thirds,season,2022,mae,425,2.293731915683191
incumbent_equal_thirds,season,2022,bias,425,0.6299180641229565
incumbent_equal_thirds,season,2022,spearman,425,0.8272856447178133
trajectory_1year_tree_average,season,2022,rmse,425,2.859217976714287
trajectory_1year_tree_average,season,2022,mae,425,2.3303807402102206
trajectory_1year_tree_average,season,2022,bias,425,0.658967081105087
trajectory_1year_tree_average,season,2022,spearman,425,0.8247466788727408
trajectory_1year_equal_thirds,season,2022,rmse,425,2.8161378889643114
trajectory_1year_equal_thirds,season,2022,mae,425,2.288469900662453
trajectory_1year_equal_thirds,season,2022,bias,425,0.6242625690917135
trajectory_1year_equal_thirds,season,2022,spearman,425,0.827429069244525
trajectory_3year_tree_average,season,2022,rmse,425,2.846068759479024
trajectory_3year_tree_average,season,2022,mae,425,2.3223956371949592
trajectory_3year_tree_average,season,2022,bias,425,0.6459594900102263
trajectory_3year_tree_average,season,2022,spearman,425,0.8256208259608854
trajectory_3year_equal_thirds,season,2022,rmse,425,2.805709959864404
trajectory_3year_equal_thirds,season,2022,mae,425,2.2814848127813576
trajectory_3year_equal_thirds,season,2022,bias,425,0.6137414323594043
trajectory_3year_equal_thirds,season,2022,spearman,425,0.8286006170542711
incumbent_lasso,season,2023,rmse,413,3.1767905869501445
incumbent_lasso,season,2023,mae,413,2.412283556963828
incumbent_lasso,season,2023,bias,413,0.3406456365605881
incumbent_lasso,season,2023,spearman,413,0.807077600047995
incumbent_lightgbm,season,2023,rmse,413,3.2213311834136884
incumbent_lightgbm,season,2023,mae,413,2.501403255016205
incumbent_lightgbm,season,2023,bias,413,0.4650907891515946
incumbent_lightgbm,season,2023,spearman,413,0.8047975090538816
incumbent_random_forest,season,2023,rmse,413,3.1711437042461226
incumbent_random_forest,season,2023,mae,413,2.46092397856022
incumbent_random_forest,season,2023,bias,413,0.4813066672887093
incumbent_random_forest,season,2023,spearman,413,0.8105613610431845
trajectory_1year_lasso,season,2023,rmse,413,3.1824899474360717
trajectory_1year_lasso,season,2023,mae,413,2.4160141304364524
trajectory_1year_lasso,season,2023,bias,413,0.32258919491737703
trajectory_1year_lasso,season,2023,spearman,413,0.8064839416905435
trajectory_1year_lightgbm,season,2023,rmse,413,3.2397674697384007
trajectory_1year_lightgbm,season,2023,mae,413,2.5195444385290346
trajectory_1year_lightgbm,season,2023,bias,413,0.47767185397880424
trajectory_1year_lightgbm,season,2023,spearman,413,0.8025322382253628
trajectory_1year_random_forest,season,2023,rmse,413,3.1742819207952007
trajectory_1year_random_forest,season,2023,mae,413,2.46931240742375
trajectory_1year_random_forest,season,2023,bias,413,0.47645998855195
trajectory_1year_random_forest,season,2023,spearman,413,0.8087795342371759
trajectory_3year_lasso,season,2023,rmse,413,3.174494049530476
trajectory_3year_lasso,season,2023,mae,413,2.4074514361566757
trajectory_3year_lasso,season,2023,bias,413,0.32896683698549384
trajectory_3year_lasso,season,2023,spearman,413,0.8080691031956405
trajectory_3year_lightgbm,season,2023,rmse,413,3.237519304877646
trajectory_3year_lightgbm,season,2023,mae,413,2.508686414651334
trajectory_3year_lightgbm,season,2023,bias,413,0.46422063985404916
trajectory_3year_lightgbm,season,2023,spearman,413,0.8013987341618872
trajectory_3year_random_forest,season,2023,rmse,413,3.20040905182694
trajectory_3year_random_forest,season,2023,mae,413,2.4837372225900354
trajectory_3year_random_forest,season,2023,bias,413,0.44905016227989103
trajectory_3year_random_forest,season,2023,spearman,413,0.8071203570774699
incumbent_tree_average,season,2023,rmse,413,3.1877742658847588
incumbent_tree_average,season,2023,mae,413,2.4774465394947245
incumbent_tree_average,season,2023,bias,413,0.4731987282201519
incumbent_tree_average,season,2023,spearman,413,0.8089220292776373
incumbent_equal_thirds,season,2023,rmse,413,3.165629399561589
incumbent_equal_thirds,season,2023,mae,413,2.4326750605077576
incumbent_equal_thirds,season,2023,bias,413,0.4290143643336307
incumbent_equal_thirds,season,2023,spearman,413,0.8105918531080293
trajectory_1year_tree_average,season,2023,rmse,413,3.1994344105852024
trajectory_1year_tree_average,season,2023,mae,413,2.4902848665891897
trajectory_1year_tree_average,season,2023,bias,413,0.47706592126537717
trajectory_1year_tree_average,season,2023,spearman,413,0.8067963575951536
trajectory_1year_equal_thirds,season,2023,rmse,413,3.174855745155685
trajectory_1year_equal_thirds,season,2023,mae,413,2.4425161497521715
trajectory_1year_equal_thirds,season,2023,bias,413,0.42557367914937716
trajectory_1year_equal_thirds,season,2023,spearman,413,0.8090995305713143
trajectory_3year_tree_average,season,2023,rmse,413,3.211617188753623
trajectory_3year_tree_average,season,2023,mae,413,2.4934819909221924
trajectory_3year_tree_average,season,2023,bias,413,0.4566354010669702
trajectory_3year_tree_average,season,2023,spearman,413,0.8047184681707086
trajectory_3year_equal_thirds,season,2023,rmse,413,3.1798733146253757
trajectory_3year_equal_thirds,season,2023,mae,413,2.4412635273603414
trajectory_3year_equal_thirds,season,2023,bias,413,0.4140792130398113
trajectory_3year_equal_thirds,season,2023,spearman,413,0.8082914908529297
incumbent_lasso,season,2024,rmse,407,3.176175464650746
incumbent_lasso,season,2024,mae,407,2.5159106536095526
incumbent_lasso,season,2024,bias,407,0.08090089985818875
incumbent_lasso,season,2024,spearman,407,0.8043503973013113
incumbent_lightgbm,season,2024,rmse,407,3.1435414624404348
incumbent_lightgbm,season,2024,mae,407,2.5313634440743633
incumbent_lightgbm,season,2024,bias,407,0.285073057631639
incumbent_lightgbm,season,2024,spearman,407,0.8109760693888829
incumbent_random_forest,season,2024,rmse,407,3.138440143887456
incumbent_random_forest,season,2024,mae,407,2.545794486074892
incumbent_random_forest,season,2024,bias,407,0.25807546605953674
incumbent_random_forest,season,2024,spearman,407,0.8101135190003923
trajectory_1year_lasso,season,2024,rmse,407,3.1705717440583783
trajectory_1year_lasso,season,2024,mae,407,2.516014126887071
trajectory_1year_lasso,season,2024,bias,407,0.06340138981497531
trajectory_1year_lasso,season,2024,spearman,407,0.8038304819722188
trajectory_1year_lightgbm,season,2024,rmse,407,3.145483024638719
trajectory_1year_lightgbm,season,2024,mae,407,2.5398298598605185
trajectory_1year_lightgbm,season,2024,bias,407,0.2884542920015551
trajectory_1year_lightgbm,season,2024,spearman,407,0.8117602141962491
trajectory_1year_random_forest,season,2024,rmse,407,3.1411981983132056
trajectory_1year_random_forest,season,2024,mae,407,2.5478654175315354
trajectory_1year_random_forest,season,2024,bias,407,0.25304041025917795
trajectory_1year_random_forest,season,2024,spearman,407,0.8099072259957986
trajectory_3year_lasso,season,2024,rmse,407,3.1622494001843844
trajectory_3year_lasso,season,2024,mae,407,2.513892939896149
trajectory_3year_lasso,season,2024,bias,407,0.06493466353104455
trajectory_3year_lasso,season,2024,spearman,407,0.8039876491189455
trajectory_3year_lightgbm,season,2024,rmse,407,3.1384082658810826
trajectory_3year_lightgbm,season,2024,mae,407,2.5336874532017277
trajectory_3year_lightgbm,season,2024,bias,407,0.28243219339905157
trajectory_3year_lightgbm,season,2024,spearman,407,0.811767867862511
trajectory_3year_random_forest,season,2024,rmse,407,3.1279792964552673
trajectory_3year_random_forest,season,2024,mae,407,2.531156306172523
trajectory_3year_random_forest,season,2024,bias,407,0.25412375254836683
trajectory_3year_random_forest,season,2024,spearman,407,0.8113251121688727
incumbent_tree_average,season,2024,rmse,407,3.1342225693207255
incumbent_tree_average,season,2024,mae,407,2.533078122932713
incumbent_tree_average,season,2024,bias,407,0.2715742618455879
incumbent_tree_average,season,2024,spearman,407,0.8115613078695593
incumbent_equal_thirds,season,2024,rmse,407,3.130942632175309
incumbent_equal_thirds,season,2024,mae,407,2.5147117466928117
incumbent_equal_thirds,season,2024,bias,407,0.2080164745164548
incumbent_equal_thirds,season,2024,spearman,407,0.8095009587110834
trajectory_1year_tree_average,season,2024,rmse,407,3.1376217633266124
trajectory_1year_tree_average,season,2024,mae,407,2.538977840166732
trajectory_1year_tree_average,season,2024,bias,407,0.27074735113036635
trajectory_1year_tree_average,season,2024,spearman,407,0.8111661650997596
trajectory_1year_equal_thirds,season,2024,rmse,407,3.130561132596818
trajectory_1year_equal_thirds,season,2024,mae,407,2.5191560408361364
trajectory_1year_equal_thirds,season,2024,bias,407,0.20163203069190264
trajectory_1year_equal_thirds,season,2024,spearman,407,0.8095900438265269
trajectory_3year_tree_average,season,2024,rmse,407,3.126255068973381
trajectory_3year_tree_average,season,2024,mae,407,2.5258712021954537
trajectory_3year_tree_average,season,2024,bias,407,0.26827797297370914
trajectory_3year_tree_average,season,2024,spearman,407,0.8133497738834997
trajectory_3year_equal_thirds,season,2024,rmse,407,3.11977064377247
trajectory_3year_equal_thirds,season,2024,mae,407,2.5062920570572462
trajectory_3year_equal_thirds,season,2024,bias,407,0.20049686982615428
trajectory_3year_equal_thirds,season,2024,spearman,407,0.8106532804640938
incumbent_lasso,season,2025,rmse,416,3.048257652350652
incumbent_lasso,season,2025,mae,416,2.3587218293718966
incumbent_lasso,season,2025,bias,416,-0.0248928250690178
incumbent_lasso,season,2025,spearman,416,0.8140736034279366
incumbent_lightgbm,season,2025,rmse,416,2.9373336107228867
incumbent_lightgbm,season,2025,mae,416,2.2887387606885303
incumbent_lightgbm,season,2025,bias,416,0.32758822478149724
incumbent_lightgbm,season,2025,spearman,416,0.8196330592471818
incumbent_random_forest,season,2025,rmse,416,2.9649809255425335
incumbent_random_forest,season,2025,mae,416,2.305568125792666
incumbent_random_forest,season,2025,bias,416,0.37258070481180244
incumbent_random_forest,season,2025,spearman,416,0.8119484169511366
trajectory_1year_lasso,season,2025,rmse,416,3.046813644015224
trajectory_1year_lasso,season,2025,mae,416,2.3675213026228326
trajectory_1year_lasso,season,2025,bias,416,-0.07148292030872685
trajectory_1year_lasso,season,2025,spearman,416,0.8147566068075739
trajectory_1year_lightgbm,season,2025,rmse,416,2.9291547236649036
trajectory_1year_lightgbm,season,2025,mae,416,2.2882692944127427
trajectory_1year_lightgbm,season,2025,bias,416,0.3162342682988746
trajectory_1year_lightgbm,season,2025,spearman,416,0.8191932534101658
trajectory_1year_random_forest,season,2025,rmse,416,2.9631492312860064
trajectory_1year_random_forest,season,2025,mae,416,2.300714494782471
trajectory_1year_random_forest,season,2025,bias,416,0.3807836299342831
trajectory_1year_random_forest,season,2025,spearman,416,0.8144198973928413
trajectory_3year_lasso,season,2025,rmse,416,3.049233250848562
trajectory_3year_lasso,season,2025,mae,416,2.3649226476286596
trajectory_3year_lasso,season,2025,bias,416,-0.08635774054477574
trajectory_3year_lasso,season,2025,spearman,416,0.8147482724161202
trajectory_3year_lightgbm,season,2025,rmse,416,2.9347923797506055
trajectory_3year_lightgbm,season,2025,mae,416,2.2916757576433517
trajectory_3year_lightgbm,season,2025,bias,416,0.3324045101327879
trajectory_3year_lightgbm,season,2025,spearman,416,0.819740440369286
trajectory_3year_random_forest,season,2025,rmse,416,2.9715196235944425
trajectory_3year_random_forest,season,2025,mae,416,2.3078671073082413
trajectory_3year_random_forest,season,2025,bias,416,0.36193202656061263
trajectory_3year_random_forest,season,2025,spearman,416,0.8150103056834271
incumbent_tree_average,season,2025,rmse,416,2.942890955254191
incumbent_tree_average,season,2025,mae,416,2.29244827718833
incumbent_tree_average,season,2025,bias,416,0.3500844647966498
incumbent_tree_average,season,2025,spearman,416,0.8172554240532469
incumbent_equal_thirds,season,2025,rmse,416,2.935272497146782
incumbent_equal_thirds,season,2025,mae,416,2.26027983538855
incumbent_equal_thirds,season,2025,bias,416,0.22509203484142726
incumbent_equal_thirds,season,2025,spearman,416,0.8178023268204441
trajectory_1year_tree_average,season,2025,rmse,416,2.9376107050149516
trajectory_1year_tree_average,season,2025,mae,416,2.2881114495036288
trajectory_1year_tree_average,season,2025,bias,416,0.3485089491165788
trajectory_1year_tree_average,season,2025,spearman,416,0.8185300025382737
trajectory_1year_equal_thirds,season,2025,rmse,416,2.9277380767491303
trajectory_1year_equal_thirds,season,2025,mae,416,2.2523263134570675
trajectory_1year_equal_thirds,season,2025,bias,416,0.20851165930814358
trajectory_1year_equal_thirds,season,2025,spearman,416,0.8186912730129045
trajectory_3year_tree_average,season,2025,rmse,416,2.9455204463510127
trajectory_3year_tree_average,season,2025,mae,416,2.294093075237687
trajectory_3year_tree_average,season,2025,bias,416,0.3471682683467003
trajectory_3year_tree_average,season,2025,spearman,416,0.8190948242470966
trajectory_3year_equal_thirds,season,2025,rmse,416,2.932597454359952
trajectory_3year_equal_thirds,season,2025,mae,416,2.257071688256377
trajectory_3year_equal_thirds,season,2025,bias,416,0.20265959871620826
trajectory_3year_equal_thirds,season,2025,spearman,416,0.8185602563792509
incumbent_lasso,position,QB,rmse,380,3.598392150015443
incumbent_lasso,position,QB,mae,380,2.82323548767951
incumbent_lasso,position,QB,bias,380,-0.11634112343945213
incumbent_lasso,position,QB,spearman,380,0.5731431971468974
incumbent_lightgbm,position,QB,rmse,380,3.5283885582700214
incumbent_lightgbm,position,QB,mae,380,2.807007420699622
incumbent_lightgbm,position,QB,bias,380,-0.17307620919825836
incumbent_lightgbm,position,QB,spearman,380,0.5909260519878619
incumbent_random_forest,position,QB,rmse,380,3.5530274657978604
incumbent_random_forest,position,QB,mae,380,2.8123660538297
incumbent_random_forest,position,QB,bias,380,-0.07802533503194094
incumbent_random_forest,position,QB,spearman,380,0.5679094530784475
trajectory_1year_lasso,position,QB,rmse,380,3.580018255438295
trajectory_1year_lasso,position,QB,mae,380,2.79920814939178
trajectory_1year_lasso,position,QB,bias,380,-0.09667929566942399
trajectory_1year_lasso,position,QB,spearman,380,0.5715001619143107
trajectory_1year_lightgbm,position,QB,rmse,380,3.537973959399432
trajectory_1year_lightgbm,position,QB,mae,380,2.820563913360004
trajectory_1year_lightgbm,position,QB,bias,380,-0.1923200882712533
trajectory_1year_lightgbm,position,QB,spearman,380,0.5863527586584527
trajectory_1year_random_forest,position,QB,rmse,380,3.549012814772631
trajectory_1year_random_forest,position,QB,mae,380,2.7989056312984957
trajectory_1year_random_forest,position,QB,bias,380,-0.13641761880242395
trajectory_1year_random_forest,position,QB,spearman,380,0.5712885771162903
trajectory_3year_lasso,position,QB,rmse,380,3.585856524794328
trajectory_3year_lasso,position,QB,mae,380,2.8051844543729554
trajectory_3year_lasso,position,QB,bias,380,-0.11354584955625888
trajectory_3year_lasso,position,QB,spearman,380,0.571814641438397
trajectory_3year_lightgbm,position,QB,rmse,380,3.519616657607232
trajectory_3year_lightgbm,position,QB,mae,380,2.7933713788591867
trajectory_3year_lightgbm,position,QB,bias,380,-0.23026411953884632
trajectory_3year_lightgbm,position,QB,spearman,380,0.5928186151321192
trajectory_3year_random_forest,position,QB,rmse,380,3.5572146310206127
trajectory_3year_random_forest,position,QB,mae,380,2.825392925112424
trajectory_3year_random_forest,position,QB,bias,380,-0.0848584773085104
trajectory_3year_random_forest,position,QB,spearman,380,0.5698906959494204
incumbent_tree_average,position,QB,rmse,380,3.5118937370337115
incumbent_tree_average,position,QB,mae,380,2.7780078263514842
incumbent_tree_average,position,QB,bias,380,-0.12555077211509966
incumbent_tree_average,position,QB,spearman,380,0.5860781904786959
incumbent_equal_thirds,position,QB,rmse,380,3.481769302032769
incumbent_equal_thirds,position,QB,mae,380,2.74211451444578
incumbent_equal_thirds,position,QB,bias,380,-0.12248088922321737
incumbent_equal_thirds,position,QB,spearman,380,0.5934180507201027
trajectory_1year_tree_average,position,QB,rmse,380,3.5163564049631226
trajectory_1year_tree_average,position,QB,mae,380,2.780659240306241
trajectory_1year_tree_average,position,QB,bias,380,-0.16436885353683856
trajectory_1year_tree_average,position,QB,spearman,380,0.5837175164712214
trajectory_1year_equal_thirds,position,QB,rmse,380,3.483245493299774
trajectory_1year_equal_thirds,position,QB,mae,380,2.742311991536187
trajectory_1year_equal_thirds,position,QB,bias,380,-0.14180566758103377
trajectory_1year_equal_thirds,position,QB,spearman,380,0.5925336590682219
trajectory_3year_tree_average,position,QB,rmse,380,3.504586127176589
trajectory_3year_tree_average,position,QB,mae,380,2.7734505032565124
trajectory_3year_tree_average,position,QB,bias,380,-0.15756129842367825
trajectory_3year_tree_average,position,QB,spearman,380,0.5873478086129674
trajectory_3year_equal_thirds,position,QB,rmse,380,3.473988540901083
trajectory_3year_equal_thirds,position,QB,mae,380,2.738222293208082
trajectory_3year_equal_thirds,position,QB,bias,380,-0.14288948213453845
trajectory_3year_equal_thirds,position,QB,spearman,380,0.5957612293437616
incumbent_lasso,position,RB,rmse,1011,3.5340878080385583
incumbent_lasso,position,RB,mae,1011,2.7455971420611194
incumbent_lasso,position,RB,bias,1011,-0.1721866902635419
incumbent_lasso,position,RB,spearman,1011,0.7361810924099526
incumbent_lightgbm,position,RB,rmse,1011,3.4988980610499896
incumbent_lightgbm,position,RB,mae,1011,2.761751161756174
incumbent_lightgbm,position,RB,bias,1011,0.09378198169139507
incumbent_lightgbm,position,RB,spearman,1011,0.7441078385527782
incumbent_random_forest,position,RB,rmse,1011,3.499193082857797
incumbent_random_forest,position,RB,mae,1011,2.7463241666440554
incumbent_random_forest,position,RB,bias,1011,0.0436757225252881
incumbent_random_forest,position,RB,spearman,1011,0.7459577383853617
trajectory_1year_lasso,position,RB,rmse,1011,3.536195194297772
trajectory_1year_lasso,position,RB,mae,1011,2.7455220746393287
trajectory_1year_lasso,position,RB,bias,1011,-0.16476568528060753
trajectory_1year_lasso,position,RB,spearman,1011,0.7351010827485264
trajectory_1year_lightgbm,position,RB,rmse,1011,3.4875171646031933
trajectory_1year_lightgbm,position,RB,mae,1011,2.751525277016998
trajectory_1year_lightgbm,position,RB,bias,1011,0.09653994075790776
trajectory_1year_lightgbm,position,RB,spearman,1011,0.7458203791001715
trajectory_1year_random_forest,position,RB,rmse,1011,3.5009292006102797
trajectory_1year_random_forest,position,RB,mae,1011,2.7478100102365155
trajectory_1year_random_forest,position,RB,bias,1011,0.05205941594570911
trajectory_1year_random_forest,position,RB,spearman,1011,0.7451079363131996
trajectory_3year_lasso,position,RB,rmse,1011,3.532458550873069
trajectory_3year_lasso,position,RB,mae,1011,2.738481806299603
trajectory_3year_lasso,position,RB,bias,1011,-0.16659191403165183
trajectory_3year_lasso,position,RB,spearman,1011,0.7364217571185735
trajectory_3year_lightgbm,position,RB,rmse,1011,3.495634546951302
trajectory_3year_lightgbm,position,RB,mae,1011,2.761441671933876
trajectory_3year_lightgbm,position,RB,bias,1011,0.10719566091047537
trajectory_3year_lightgbm,position,RB,spearman,1011,0.7439119809458107
trajectory_3year_random_forest,position,RB,rmse,1011,3.502692250418014
trajectory_3year_random_forest,position,RB,mae,1011,2.7428527556752824
trajectory_3year_random_forest,position,RB,bias,1011,0.007163846839694082
trajectory_3year_random_forest,position,RB,spearman,1011,0.7423256109723354
incumbent_tree_average,position,RB,rmse,1011,3.4924645269326136
incumbent_tree_average,position,RB,mae,1011,2.7503099948899243
incumbent_tree_average,position,RB,bias,1011,0.06872885210834155
incumbent_tree_average,position,RB,spearman,1011,0.7467169798297557
incumbent_equal_thirds,position,RB,rmse,1011,3.4848325703524057
incumbent_equal_thirds,position,RB,mae,1011,2.730641878042879
incumbent_equal_thirds,position,RB,bias,1011,-0.011576328682286233
incumbent_equal_thirds,position,RB,spearman,1011,0.7455505145840847
trajectory_1year_tree_average,position,RB,rmse,1011,3.4878635079752467
trajectory_1year_tree_average,position,RB,mae,1011,2.746015375802893
trajectory_1year_tree_average,position,RB,bias,1011,0.07429967835180844
trajectory_1year_tree_average,position,RB,spearman,1011,0.7469219707230912
trajectory_1year_equal_thirds,position,RB,rmse,1011,3.481973301196483
trajectory_1year_equal_thirds,position,RB,mae,1011,2.7267620086532425
trajectory_1year_equal_thirds,position,RB,bias,1011,-0.005388776192330164
trajectory_1year_equal_thirds,position,RB,spearman,1011,0.7456063362084588
trajectory_3year_tree_average,position,RB,rmse,1011,3.4934096511150075
trajectory_3year_tree_average,position,RB,mae,1011,2.748899944489947
trajectory_3year_tree_average,position,RB,bias,1011,0.05717975387508471
trajectory_3year_tree_average,position,RB,spearman,1011,0.7445585688478596
trajectory_3year_equal_thirds,position,RB,rmse,1011,3.484789774315777
trajectory_3year_equal_thirds,position,RB,mae,1011,2.726036970340779
trajectory_3year_equal_thirds,position,RB,bias,1011,-0.017410802093827397
trajectory_3year_equal_thirds,position,RB,spearman,1011,0.7444141200886356
incumbent_lasso,position,TE,rmse,802,2.3138556274459
incumbent_lasso,position,TE,mae,802,1.7905850527238638
incumbent_lasso,position,TE,bias,802,-0.11227781583290122
incumbent_lasso,position,TE,spearman,802,0.6925018360623503
incumbent_lightgbm,position,TE,rmse,802,2.305920693740253
incumbent_lightgbm,position,TE,mae,802,1.8125506987451494
incumbent_lightgbm,position,TE,bias,802,0.3137911632809945
incumbent_lightgbm,position,TE,spearman,802,0.6972204171543075
incumbent_random_forest,position,TE,rmse,802,2.321517599931547
incumbent_random_forest,position,TE,mae,802,1.83516378212721
incumbent_random_forest,position,TE,bias,802,0.39343703826371546
incumbent_random_forest,position,TE,spearman,802,0.6959236428871776
trajectory_1year_lasso,position,TE,rmse,802,2.3157043756646907
trajectory_1year_lasso,position,TE,mae,802,1.793992398699805
trajectory_1year_lasso,position,TE,bias,802,-0.1464253669364275
trajectory_1year_lasso,position,TE,spearman,802,0.6921664934337456
trajectory_1year_lightgbm,position,TE,rmse,802,2.3089001881119215
trajectory_1year_lightgbm,position,TE,mae,802,1.8148762017487146
trajectory_1year_lightgbm,position,TE,bias,802,0.3265657561545067
trajectory_1year_lightgbm,position,TE,spearman,802,0.6994821822837863
trajectory_1year_random_forest,position,TE,rmse,802,2.316352506097969
trajectory_1year_random_forest,position,TE,mae,802,1.8302066590632389
trajectory_1year_random_forest,position,TE,bias,802,0.40047681740043684
trajectory_1year_random_forest,position,TE,spearman,802,0.6989381208349719
trajectory_3year_lasso,position,TE,rmse,802,2.3158671962691066
trajectory_3year_lasso,position,TE,mae,802,1.7957507627497247
trajectory_3year_lasso,position,TE,bias,802,-0.15480975976223219
trajectory_3year_lasso,position,TE,spearman,802,0.6923940718691547
trajectory_3year_lightgbm,position,TE,rmse,802,2.3065572056603103
trajectory_3year_lightgbm,position,TE,mae,802,1.8147691554643512
trajectory_3year_lightgbm,position,TE,bias,802,0.3337203922693045
trajectory_3year_lightgbm,position,TE,spearman,802,0.7011029761389513
trajectory_3year_random_forest,position,TE,rmse,802,2.3233259341278187
trajectory_3year_random_forest,position,TE,mae,802,1.8421872684053455
trajectory_3year_random_forest,position,TE,bias,802,0.4359885639857606
trajectory_3year_random_forest,position,TE,spearman,802,0.7011477666208559
incumbent_tree_average,position,TE,rmse,802,2.306966290050555
incumbent_tree_average,position,TE,mae,802,1.8189030617156856
incumbent_tree_average,position,TE,bias,802,0.353614100772355
incumbent_tree_average,position,TE,spearman,802,0.6986767417794412
incumbent_equal_thirds,position,TE,rmse,802,2.271622316091942
incumbent_equal_thirds,position,TE,mae,802,1.7733842419891745
incumbent_equal_thirds,position,TE,bias,802,0.19831679523726958
incumbent_equal_thirds,position,TE,spearman,802,0.703134666718663
trajectory_1year_tree_average,position,TE,rmse,802,2.306311970553354
trajectory_1year_tree_average,position,TE,mae,802,1.817000650351245
trajectory_1year_tree_average,position,TE,bias,802,0.36352128677747175
trajectory_1year_tree_average,position,TE,spearman,802,0.701938559777781
trajectory_1year_equal_thirds,position,TE,rmse,802,2.2691703871390936
trajectory_1year_equal_thirds,position,TE,mae,802,1.7709545262091075
trajectory_1year_equal_thirds,position,TE,bias,802,0.19353906887283873
trajectory_1year_equal_thirds,position,TE,spearman,802,0.7038799203776616
trajectory_3year_tree_average,position,TE,rmse,802,2.3096004752180477
trajectory_3year_tree_average,position,TE,mae,802,1.8237156138242967
trajectory_3year_tree_average,position,TE,bias,802,0.3848544781275326
trajectory_3year_tree_average,position,TE,spearman,802,0.7029550907468607
trajectory_3year_equal_thirds,position,TE,rmse,802,2.2689615267055836
trajectory_3year_equal_thirds,position,TE,mae,802,1.7720352184598724
trajectory_3year_equal_thirds,position,TE,bias,802,0.20496639883094428
trajectory_3year_equal_thirds,position,TE,spearman,802,0.7054883809264411
incumbent_lasso,position,WR,rmse,1503,3.162197693098037
incumbent_lasso,position,WR,mae,1503,2.5032119857620834
incumbent_lasso,position,WR,bias,1503,0.21229242816956048
incumbent_lasso,position,WR,spearman,1503,0.7501188248130328
incumbent_lightgbm,position,WR,rmse,1503,3.1246810216096206
incumbent_lightgbm,position,WR,mae,1503,2.4817035252473523
incumbent_lightgbm,position,WR,bias,1503,0.33091966059037287
incumbent_lightgbm,position,WR,spearman,1503,0.7535936228176082
incumbent_random_forest,position,WR,rmse,1503,3.1143660195750456
incumbent_random_forest,position,WR,mae,1503,2.4712206635444662
incumbent_random_forest,position,WR,bias,1503,0.2787600787596839
incumbent_random_forest,position,WR,spearman,1503,0.7548080237129502
trajectory_1year_lasso,position,WR,rmse,1503,3.1539639976282685
trajectory_1year_lasso,position,WR,mae,1503,2.4944564792223605
trajectory_1year_lasso,position,WR,bias,1503,0.20379537080655716
trajectory_1year_lasso,position,WR,spearman,1503,0.7519939121093748
trajectory_1year_lightgbm,position,WR,rmse,1503,3.1293209398317345
trajectory_1year_lightgbm,position,WR,mae,1503,2.488560700457784
trajectory_1year_lightgbm,position,WR,bias,1503,0.3287151250899747
trajectory_1year_lightgbm,position,WR,spearman,1503,0.7526305174779582
trajectory_1year_random_forest,position,WR,rmse,1503,3.117718443433423
trajectory_1year_random_forest,position,WR,mae,1503,2.4721537070201403
trajectory_1year_random_forest,position,WR,bias,1503,0.2791806855768765
trajectory_1year_random_forest,position,WR,spearman,1503,0.7556525681906469
trajectory_3year_lasso,position,WR,rmse,1503,3.149188405556601
trajectory_3year_lasso,position,WR,mae,1503,2.4914292248413306
trajectory_3year_lasso,position,WR,bias,1503,0.2007893064754117
trajectory_3year_lasso,position,WR,spearman,1503,0.7520489978582899
trajectory_3year_lightgbm,position,WR,rmse,1503,3.1298616364479974
trajectory_3year_lightgbm,position,WR,mae,1503,2.4841250113625697
trajectory_3year_lightgbm,position,WR,bias,1503,0.3282917037338804
trajectory_3year_lightgbm,position,WR,spearman,1503,0.7546712675884777
trajectory_3year_random_forest,position,WR,rmse,1503,3.10496880239373
trajectory_3year_random_forest,position,WR,mae,1503,2.4595743707403956
trajectory_3year_random_forest,position,WR,bias,1503,0.25415709529327996
trajectory_3year_random_forest,position,WR,spearman,1503,0.7574679475320453
incumbent_tree_average,position,WR,rmse,1503,3.1125624972344186
incumbent_tree_average,position,WR,mae,1503,2.4722372371522154
incumbent_tree_average,position,WR,bias,1503,0.3048398696750284
incumbent_tree_average,position,WR,spearman,1503,0.7552047386920134
incumbent_equal_thirds,position,WR,rmse,1503,3.1057031394558807
incumbent_equal_thirds,position,WR,mae,1503,2.4626771427833165
incumbent_equal_thirds,position,WR,bias,1503,0.27399072250653905
incumbent_equal_thirds,position,WR,spearman,1503,0.7545194183953767
trajectory_1year_tree_average,position,WR,rmse,1503,3.1169708840941635
trajectory_1year_tree_average,position,WR,mae,1503,2.4758287136842734
trajectory_1year_tree_average,position,WR,bias,1503,0.3039479053334256
trajectory_1year_tree_average,position,WR,spearman,1503,0.7555841538926763
trajectory_1year_equal_thirds,position,WR,rmse,1503,3.1045393222594915
trajectory_1year_equal_thirds,position,WR,mae,1503,2.4613458159493704
trajectory_1year_equal_thirds,position,WR,bias,1503,0.27056372715780275
trajectory_1year_equal_thirds,position,WR,spearman,1503,0.7551177823065757
trajectory_3year_tree_average,position,WR,rmse,1503,3.111123368989703
trajectory_3year_tree_average,position,WR,mae,1503,2.467901658358269
trajectory_3year_tree_average,position,WR,bias,1503,0.2912243995135802
trajectory_3year_tree_average,position,WR,spearman,1503,0.7568880455154627
trajectory_3year_equal_thirds,position,WR,rmse,1503,3.0987944478232206
trajectory_3year_equal_thirds,position,WR,mae,1503,2.454580627231325
trajectory_3year_equal_thirds,position,WR,bias,1503,0.26107936850085733
trajectory_3year_equal_thirds,position,WR,spearman,1503,0.7561276017018195
incumbent_lasso,history_depth,other_no_history,rmse,27,2.500599002722241
incumbent_lasso,history_depth,other_no_history,mae,27,1.8818089773853304
incumbent_lasso,history_depth,other_no_history,bias,27,0.25029843038022936
incumbent_lasso,history_depth,other_no_history,spearman,27,0.37362637362637363
incumbent_lightgbm,history_depth,other_no_history,rmse,27,2.7092784878675773
incumbent_lightgbm,history_depth,other_no_history,mae,27,2.141993842994125
incumbent_lightgbm,history_depth,other_no_history,bias,27,0.6692648431831998
incumbent_lightgbm,history_depth,other_no_history,spearman,27,0.44505494505494503
incumbent_random_forest,history_depth,other_no_history,rmse,27,2.5147481527372006
incumbent_random_forest,history_depth,other_no_history,mae,27,1.9779039939304857
incumbent_random_forest,history_depth,other_no_history,bias,27,0.887731189406022
incumbent_random_forest,history_depth,other_no_history,spearman,27,0.5177045177045178
trajectory_1year_lasso,history_depth,other_no_history,rmse,27,2.541676726536162
trajectory_1year_lasso,history_depth,other_no_history,mae,27,1.9235367667440375
trajectory_1year_lasso,history_depth,other_no_history,bias,27,0.11262171812387141
trajectory_1year_lasso,history_depth,other_no_history,spearman,27,0.3266178266178266
trajectory_1year_lightgbm,history_depth,other_no_history,rmse,27,2.720296461378386
trajectory_1year_lightgbm,history_depth,other_no_history,mae,27,2.1791044388711915
trajectory_1year_lightgbm,history_depth,other_no_history,bias,27,0.6669021895130997
trajectory_1year_lightgbm,history_depth,other_no_history,spearman,27,0.416971916971917
trajectory_1year_random_forest,history_depth,other_no_history,rmse,27,2.5509218539582554
trajectory_1year_random_forest,history_depth,other_no_history,mae,27,1.9844331527617853
trajectory_1year_random_forest,history_depth,other_no_history,bias,27,0.7936310618429944
trajectory_1year_random_forest,history_depth,other_no_history,spearman,27,0.48656898656898656
trajectory_3year_lasso,history_depth,other_no_history,rmse,27,2.5077653765231247
trajectory_3year_lasso,history_depth,other_no_history,mae,27,1.8906144486157255
trajectory_3year_lasso,history_depth,other_no_history,bias,27,0.14420411260417598
trajectory_3year_lasso,history_depth,other_no_history,spearman,27,0.36996336996337
trajectory_3year_lightgbm,history_depth,other_no_history,rmse,27,2.6963547668597703
trajectory_3year_lightgbm,history_depth,other_no_history,mae,27,2.1425624956036193
trajectory_3year_lightgbm,history_depth,other_no_history,bias,27,0.7219620690585188
trajectory_3year_lightgbm,history_depth,other_no_history,spearman,27,0.4328449328449328
trajectory_3year_random_forest,history_depth,other_no_history,rmse,27,2.51242812735843
trajectory_3year_random_forest,history_depth,other_no_history,mae,27,1.9233521921273213
trajectory_3year_random_forest,history_depth,other_no_history,bias,27,0.7349277754352697
trajectory_3year_random_forest,history_depth,other_no_history,spearman,27,0.47496947496947495
incumbent_tree_average,history_depth,other_no_history,rmse,27,2.5864923882504898
incumbent_tree_average,history_depth,other_no_history,mae,27,1.9986871428629571
incumbent_tree_average,history_depth,other_no_history,bias,27,0.7784980162946108
incumbent_tree_average,history_depth,other_no_history,spearman,27,0.44688644688644685
incumbent_equal_thirds,history_depth,other_no_history,rmse,27,2.533829369564687
incumbent_equal_thirds,history_depth,other_no_history,mae,27,1.9358237821262054
incumbent_equal_thirds,history_depth,other_no_history,bias,27,0.6024314876564837
incumbent_equal_thirds,history_depth,other_no_history,spearman,27,0.43650793650793646
trajectory_1year_tree_average,history_depth,other_no_history,rmse,27,2.6211385069580073
trajectory_1year_tree_average,history_depth,other_no_history,mae,27,2.0659200353972915
trajectory_1year_tree_average,history_depth,other_no_history,bias,27,0.7302666256780469
trajectory_1year_tree_average,history_depth,other_no_history,spearman,27,0.43528693528693524
trajectory_1year_equal_thirds,history_depth,other_no_history,rmse,27,2.5643766836616884
trajectory_1year_equal_thirds,history_depth,other_no_history,mae,27,1.9863334093650016
trajectory_1year_equal_thirds,history_depth,other_no_history,bias,27,0.524384989826655
trajectory_1year_equal_thirds,history_depth,other_no_history,spearman,27,0.40170940170940167
trajectory_3year_tree_average,history_depth,other_no_history,rmse,27,2.5953842522565296
trajectory_3year_tree_average,history_depth,other_no_history,mae,27,2.0199397480541967
trajectory_3year_tree_average,history_depth,other_no_history,bias,27,0.7284449222468942
trajectory_3year_tree_average,history_depth,other_no_history,spearman,27,0.43711843711843706
trajectory_3year_equal_thirds,history_depth,other_no_history,rmse,27,2.5398799224250874
trajectory_3year_equal_thirds,history_depth,other_no_history,mae,27,1.944922919400822
trajectory_3year_equal_thirds,history_depth,other_no_history,bias,27,0.5336979856993217
trajectory_3year_equal_thirds,history_depth,other_no_history,spearman,27,0.3882783882783883
incumbent_lasso,history_depth,rookie,rmse,532,3.5332387207501323
incumbent_lasso,history_depth,rookie,mae,532,2.820911978390968
incumbent_lasso,history_depth,rookie,bias,532,0.19943208526619152
incumbent_lasso,history_depth,rookie,spearman,532,0.6344740572345295
incumbent_lightgbm,history_depth,rookie,rmse,532,3.4482344840595167
incumbent_lightgbm,history_depth,rookie,mae,532,2.754519803012232
incumbent_lightgbm,history_depth,rookie,bias,532,0.3196296533566467
incumbent_lightgbm,history_depth,rookie,spearman,532,0.6475830168554706
incumbent_random_forest,history_depth,rookie,rmse,532,3.454447449153651
incumbent_random_forest,history_depth,rookie,mae,532,2.739698651030444
incumbent_random_forest,history_depth,rookie,bias,532,0.16814623060982087
incumbent_random_forest,history_depth,rookie,spearman,532,0.6560021543997756
trajectory_1year_lasso,history_depth,rookie,rmse,532,3.5128788575066427
trajectory_1year_lasso,history_depth,rookie,mae,532,2.802259775789627
trajectory_1year_lasso,history_depth,rookie,bias,532,0.1953148765391724
trajectory_1year_lasso,history_depth,rookie,spearman,532,0.6387414534471996
trajectory_1year_lightgbm,history_depth,rookie,rmse,532,3.4469750840186495
trajectory_1year_lightgbm,history_depth,rookie,mae,532,2.7554267605679206
trajectory_1year_lightgbm,history_depth,rookie,bias,532,0.31412794882665834
trajectory_1year_lightgbm,history_depth,rookie,spearman,532,0.6463503130652708
trajectory_1year_random_forest,history_depth,rookie,rmse,532,3.4647203681663727
trajectory_1year_random_forest,history_depth,rookie,mae,532,2.739577812063945
trajectory_1year_random_forest,history_depth,rookie,bias,532,0.1748303359336508
trajectory_1year_random_forest,history_depth,rookie,spearman,532,0.6562049064278089
trajectory_3year_lasso,history_depth,rookie,rmse,532,3.515769128379846
trajectory_3year_lasso,history_depth,rookie,mae,532,2.805408941984718
trajectory_3year_lasso,history_depth,rookie,bias,532,0.18969499062063194
trajectory_3year_lasso,history_depth,rookie,spearman,532,0.6386242175064617
trajectory_3year_lightgbm,history_depth,rookie,rmse,532,3.4466807062378453
trajectory_3year_lightgbm,history_depth,rookie,mae,532,2.749391979719736
trajectory_3year_lightgbm,history_depth,rookie,bias,532,0.31999923188374807
trajectory_3year_lightgbm,history_depth,rookie,spearman,532,0.6490699447887991
trajectory_3year_random_forest,history_depth,rookie,rmse,532,3.455941732570446
trajectory_3year_random_forest,history_depth,rookie,mae,532,2.735466098843055
trajectory_3year_random_forest,history_depth,rookie,bias,532,0.13228939305224707
trajectory_3year_random_forest,history_depth,rookie,spearman,532,0.6560202589448647
incumbent_tree_average,history_depth,rookie,rmse,532,3.4419649568298594
incumbent_tree_average,history_depth,rookie,mae,532,2.741905328285975
incumbent_tree_average,history_depth,rookie,bias,532,0.24388794198323369
incumbent_tree_average,history_depth,rookie,spearman,532,0.6534421311024196
incumbent_equal_thirds,history_depth,rookie,rmse,532,3.4550373700834576
incumbent_equal_thirds,history_depth,rookie,mae,532,2.7562675760559014
incumbent_equal_thirds,history_depth,rookie,bias,532,0.229069323077553
incumbent_equal_thirds,history_depth,rookie,spearman,532,0.6489819451272446
trajectory_1year_tree_average,history_depth,rookie,rmse,532,3.4456246327146536
trajectory_1year_tree_average,history_depth,rookie,mae,532,2.7428365136008863
trajectory_1year_tree_average,history_depth,rookie,bias,532,0.24447914238015467
trajectory_1year_tree_average,history_depth,rookie,spearman,532,0.6541131096102862
trajectory_1year_equal_thirds,history_depth,rookie,rmse,532,3.4497428736263016
trajectory_1year_equal_thirds,history_depth,rookie,mae,532,2.7500498312288304
trajectory_1year_equal_thirds,history_depth,rookie,bias,532,0.2280910537664938
trajectory_1year_equal_thirds,history_depth,rookie,spearman,532,0.6513292939801011
trajectory_3year_tree_average,history_depth,rookie,rmse,532,3.442127924399188
trajectory_3year_tree_average,history_depth,rookie,mae,532,2.739240817591548
trajectory_3year_tree_average,history_depth,rookie,bias,532,0.22614431246799763
trajectory_3year_tree_average,history_depth,rookie,spearman,532,0.6541739192790714
trajectory_3year_equal_thirds,history_depth,rookie,rmse,532,3.4480202566394635
trajectory_3year_equal_thirds,history_depth,rookie,mae,532,2.746575364739299
trajectory_3year_equal_thirds,history_depth,rookie,bias,532,0.2139945385188757
trajectory_3year_equal_thirds,history_depth,rookie,spearman,532,0.6512658542732164
incumbent_lasso,history_depth,second_year,rmse,568,3.2407743587172217
incumbent_lasso,history_depth,second_year,mae,568,2.454008258057094
incumbent_lasso,history_depth,second_year,bias,568,-0.046018284362158775
incumbent_lasso,history_depth,second_year,spearman,568,0.7598753714437824
incumbent_lightgbm,history_depth,second_year,rmse,568,3.2392908244226706
incumbent_lightgbm,history_depth,second_year,mae,568,2.5048842548718233
incumbent_lightgbm,history_depth,second_year,bias,568,0.1975958351885062
incumbent_lightgbm,history_depth,second_year,spearman,568,0.7611743522842325
incumbent_random_forest,history_depth,second_year,rmse,568,3.191595536881159
incumbent_random_forest,history_depth,second_year,mae,568,2.452371475200244
incumbent_random_forest,history_depth,second_year,bias,568,0.16337425994134286
incumbent_random_forest,history_depth,second_year,spearman,568,0.7699253242360956
trajectory_1year_lasso,history_depth,second_year,rmse,568,3.2453867123715945
trajectory_1year_lasso,history_depth,second_year,mae,568,2.4552651156787033
trajectory_1year_lasso,history_depth,second_year,bias,568,-0.10660043709675907
trajectory_1year_lasso,history_depth,second_year,spearman,568,0.7611594545885099
trajectory_1year_lightgbm,history_depth,second_year,rmse,568,3.2380101320300176
trajectory_1year_lightgbm,history_depth,second_year,mae,568,2.499128591663356
trajectory_1year_lightgbm,history_depth,second_year,bias,568,0.19349391716934525
trajectory_1year_lightgbm,history_depth,second_year,spearman,568,0.7624710536539767
trajectory_1year_random_forest,history_depth,second_year,rmse,568,3.1882332195676506
trajectory_1year_random_forest,history_depth,second_year,mae,568,2.44854542652926
trajectory_1year_random_forest,history_depth,second_year,bias,568,0.16929337871740394
trajectory_1year_random_forest,history_depth,second_year,spearman,568,0.7732125089828459
trajectory_3year_lasso,history_depth,second_year,rmse,568,3.2393949956253274
trajectory_3year_lasso,history_depth,second_year,mae,568,2.4555960443408944
trajectory_3year_lasso,history_depth,second_year,bias,568,-0.09167186327913493
trajectory_3year_lasso,history_depth,second_year,spearman,568,0.7617986475904827
trajectory_3year_lightgbm,history_depth,second_year,rmse,568,3.2399531226993963
trajectory_3year_lightgbm,history_depth,second_year,mae,568,2.501544635059915
trajectory_3year_lightgbm,history_depth,second_year,bias,568,0.1952212951608348
trajectory_3year_lightgbm,history_depth,second_year,spearman,568,0.7635569935925373
trajectory_3year_random_forest,history_depth,second_year,rmse,568,3.1946627486913926
trajectory_3year_random_forest,history_depth,second_year,mae,568,2.4502227675149504
trajectory_3year_random_forest,history_depth,second_year,bias,568,0.13363778913094232
trajectory_3year_random_forest,history_depth,second_year,spearman,568,0.7696976476587413
incumbent_tree_average,history_depth,second_year,rmse,568,3.208610702013982
incumbent_tree_average,history_depth,second_year,mae,568,2.474252896203797
incumbent_tree_average,history_depth,second_year,bias,568,0.18048504756492453
incumbent_tree_average,history_depth,second_year,spearman,568,0.7667419322265776
incumbent_equal_thirds,history_depth,second_year,rmse,568,3.193296745468773
incumbent_equal_thirds,history_depth,second_year,mae,568,2.444653191407958
incumbent_equal_thirds,history_depth,second_year,bias,568,0.10498393692256354
incumbent_equal_thirds,history_depth,second_year,spearman,568,0.7664157218035341
trajectory_1year_tree_average,history_depth,second_year,rmse,568,3.2063113526266918
trajectory_1year_tree_average,history_depth,second_year,mae,568,2.468186735318018
trajectory_1year_tree_average,history_depth,second_year,bias,568,0.18139364794337456
trajectory_1year_tree_average,history_depth,second_year,spearman,568,0.7696799542762152
trajectory_1year_equal_thirds,history_depth,second_year,rmse,568,3.191810424769167
trajectory_1year_equal_thirds,history_depth,second_year,mae,568,2.4397052494077833
trajectory_1year_equal_thirds,history_depth,second_year,bias,568,0.08539561959666331
trajectory_1year_equal_thirds,history_depth,second_year,spearman,568,0.7682249241658439
trajectory_3year_tree_average,history_depth,second_year,rmse,568,3.2104337595260066
trajectory_3year_tree_average,history_depth,second_year,mae,568,2.471460473277415
trajectory_3year_tree_average,history_depth,second_year,bias,568,0.1644295421458886
trajectory_3year_tree_average,history_depth,second_year,spearman,568,0.7673510351574095
trajectory_3year_equal_thirds,history_depth,second_year,rmse,568,3.1934506884486678
trajectory_3year_equal_thirds,history_depth,second_year,mae,568,2.440032988510594
trajectory_3year_equal_thirds,history_depth,second_year,bias,568,0.07906240700421407
trajectory_3year_equal_thirds,history_depth,second_year,spearman,568,0.7668205789631178
incumbent_lasso,history_depth,veteran,rmse,2569,3.0625355269578938
incumbent_lasso,history_depth,veteran,mae,2569,2.375085370711221
incumbent_lasso,history_depth,veteran,bias,2569,-0.02957539937202957
incumbent_lasso,history_depth,veteran,spearman,2569,0.8313201009872317
incumbent_lightgbm,history_depth,veteran,rmse,2569,3.028545821780776
incumbent_lightgbm,history_depth,veteran,mae,2569,2.3730816183383356
incumbent_lightgbm,history_depth,veteran,bias,2569,0.18595944962031774
incumbent_lightgbm,history_depth,veteran,spearman,2569,0.8359042366764178
incumbent_random_forest,history_depth,veteran,rmse,2569,3.0419082578608356
incumbent_random_forest,history_depth,veteran,mae,2569,2.3851338090337575
incumbent_random_forest,history_depth,veteran,bias,2569,0.21128856161119633
incumbent_random_forest,history_depth,veteran,spearman,2569,0.8343471327011931
trajectory_1year_lasso,history_depth,veteran,rmse,2569,3.0591895243900264
trajectory_1year_lasso,history_depth,veteran,mae,2569,2.3705891892292783
trajectory_1year_lasso,history_depth,veteran,bias,2569,-0.023683999443775756
trajectory_1year_lasso,history_depth,veteran,spearman,2569,0.8313088949450058
trajectory_1year_lightgbm,history_depth,veteran,rmse,2569,3.0290412921665615
trajectory_1year_lightgbm,history_depth,veteran,mae,2569,2.3764950923297246
trajectory_1year_lightgbm,history_depth,veteran,bias,2569,0.18896763065959163
trajectory_1year_lightgbm,history_depth,veteran,spearman,2569,0.8360955064346451
trajectory_1year_random_forest,history_depth,veteran,rmse,2569,3.0408244414548884
trajectory_1year_random_forest,history_depth,veteran,mae,2569,2.3835281934804695
trajectory_1year_random_forest,history_depth,veteran,bias,2569,0.20669051609787392
trajectory_1year_random_forest,history_depth,veteran,spearman,2569,0.8342610925490265
trajectory_3year_lasso,history_depth,veteran,rmse,2569,3.056671793136028
trajectory_3year_lasso,history_depth,veteran,mae,2569,2.367101103564927
trajectory_3year_lasso,history_depth,veteran,bias,2569,-0.03374253613160178
trajectory_3year_lasso,history_depth,veteran,spearman,2569,0.8318306196207266
trajectory_3year_lightgbm,history_depth,veteran,rmse,2569,3.0291647865806723
trajectory_3year_lightgbm,history_depth,veteran,mae,2569,2.3748463743658084
trajectory_3year_lightgbm,history_depth,veteran,bias,2569,0.18735787084065603
trajectory_3year_lightgbm,history_depth,veteran,spearman,2569,0.8360264830457638
trajectory_3year_random_forest,history_depth,veteran,rmse,2569,3.037981903600875
trajectory_3year_random_forest,history_depth,veteran,mae,2569,2.382998408055235
trajectory_3year_random_forest,history_depth,veteran,bias,2569,0.21040486533793448
trajectory_3year_random_forest,history_depth,veteran,spearman,2569,0.8345536867029144
incumbent_tree_average,history_depth,veteran,rmse,2569,3.025559954618339
incumbent_tree_average,history_depth,veteran,mae,2569,2.371625289697876
incumbent_tree_average,history_depth,veteran,bias,2569,0.19862400561575708
incumbent_tree_average,history_depth,veteran,spearman,2569,0.8362103026613292
incumbent_equal_thirds,history_depth,veteran,rmse,2569,3.0053717304590446
incumbent_equal_thirds,history_depth,veteran,mae,2569,2.3430034085521694
incumbent_equal_thirds,history_depth,veteran,bias,2569,0.12255753728649482
incumbent_equal_thirds,history_depth,veteran,spearman,2569,0.8371071533694155
trajectory_1year_tree_average,history_depth,veteran,rmse,2569,3.0261002839612634
trajectory_1year_tree_average,history_depth,veteran,mae,2569,2.3722764510121546
trajectory_1year_tree_average,history_depth,veteran,bias,2569,0.19782907337873276
trajectory_1year_tree_average,history_depth,veteran,spearman,2569,0.8362748688714658
trajectory_1year_equal_thirds,history_depth,veteran,rmse,2569,3.0043748922435634
trajectory_1year_equal_thirds,history_depth,veteran,mae,2569,2.341819052157872
trajectory_1year_equal_thirds,history_depth,veteran,bias,2569,0.12399138243789662
trajectory_1year_equal_thirds,history_depth,veteran,spearman,2569,0.8370275811271133
trajectory_3year_tree_average,history_depth,veteran,rmse,2569,3.0239509710690675
trajectory_3year_tree_average,history_depth,veteran,mae,2569,2.3703079458694574
trajectory_3year_tree_average,history_depth,veteran,bias,2569,0.19888136808929524
trajectory_3year_tree_average,history_depth,veteran,spearman,2569,0.836409148866116
trajectory_3year_equal_thirds,history_depth,veteran,rmse,2569,3.0007961510390153
trajectory_3year_equal_thirds,history_depth,veteran,mae,2569,2.3383904344211563
trajectory_3year_equal_thirds,history_depth,veteran,bias,2569,0.12134006668232956
trajectory_3year_equal_thirds,history_depth,veteran,spearman,2569,0.8373052843777348
incumbent_lasso,projection_history,exact_prior_only,rmse,559,3.2485616285132886
incumbent_lasso,projection_history,exact_prior_only,mae,559,2.471084861997186
incumbent_lasso,projection_history,exact_prior_only,bias,559,0.1390286342318609
incumbent_lasso,projection_history,exact_prior_only,spearman,559,0.7524438730407045
incumbent_lightgbm,projection_history,exact_prior_only,rmse,559,3.248207246460729
incumbent_lightgbm,projection_history,exact_prior_only,mae,559,2.5195328676284228
incumbent_lightgbm,projection_history,exact_prior_only,bias,559,0.37822831086918735
incumbent_lightgbm,projection_history,exact_prior_only,spearman,559,0.7568206566049108
incumbent_random_forest,projection_history,exact_prior_only,rmse,559,3.2252155630630868
incumbent_random_forest,projection_history,exact_prior_only,mae,559,2.481586786169322
incumbent_random_forest,projection_history,exact_prior_only,bias,559,0.34798289416433614
incumbent_random_forest,projection_history,exact_prior_only,spearman,559,0.7635417432728177
trajectory_1year_lasso,projection_history,exact_prior_only,rmse,559,3.2430468719845873
trajectory_1year_lasso,projection_history,exact_prior_only,mae,559,2.4633338909911897
trajectory_1year_lasso,projection_history,exact_prior_only,bias,559,0.08043219465117131
trajectory_1year_lasso,projection_history,exact_prior_only,spearman,559,0.7545991864789657
trajectory_1year_lightgbm,projection_history,exact_prior_only,rmse,559,3.2429585529434566
trajectory_1year_lightgbm,projection_history,exact_prior_only,mae,559,2.5097574966113916
trajectory_1year_lightgbm,projection_history,exact_prior_only,bias,559,0.37768541512198855
trajectory_1year_lightgbm,projection_history,exact_prior_only,spearman,559,0.7583872022875082
trajectory_1year_random_forest,projection_history,exact_prior_only,rmse,559,3.2222339721167157
trajectory_1year_random_forest,projection_history,exact_prior_only,mae,559,2.4783795548323733
trajectory_1year_random_forest,projection_history,exact_prior_only,bias,559,0.352596407205738
trajectory_1year_random_forest,projection_history,exact_prior_only,spearman,559,0.7654616955355811
trajectory_3year_lasso,projection_history,exact_prior_only,rmse,559,3.2419173352120088
trajectory_3year_lasso,projection_history,exact_prior_only,mae,559,2.464799004190067
trajectory_3year_lasso,projection_history,exact_prior_only,bias,559,0.09257376175237698
trajectory_3year_lasso,projection_history,exact_prior_only,spearman,559,0.7546215135023273
trajectory_3year_lightgbm,projection_history,exact_prior_only,rmse,559,3.2517653349158753
trajectory_3year_lightgbm,projection_history,exact_prior_only,mae,559,2.5169851704094364
trajectory_3year_lightgbm,projection_history,exact_prior_only,bias,559,0.3749927033576684
trajectory_3year_lightgbm,projection_history,exact_prior_only,spearman,559,0.7591180646854195
trajectory_3year_random_forest,projection_history,exact_prior_only,rmse,559,3.2292248619794117
trajectory_3year_random_forest,projection_history,exact_prior_only,mae,559,2.478767567496681
trajectory_3year_random_forest,projection_history,exact_prior_only,bias,559,0.3114711491996321
trajectory_3year_random_forest,projection_history,exact_prior_only,spearman,559,0.7604979304138307
incumbent_tree_average,projection_history,exact_prior_only,rmse,559,3.2297590253844604
incumbent_tree_average,projection_history,exact_prior_only,mae,559,2.4961969365705388
incumbent_tree_average,projection_history,exact_prior_only,bias,559,0.3631056025167617
incumbent_tree_average,projection_history,exact_prior_only,spearman,559,0.7619044511258121
incumbent_equal_thirds,projection_history,exact_prior_only,rmse,559,3.2109888421590025
incumbent_equal_thirds,projection_history,exact_prior_only,mae,559,2.4680354602837165
incumbent_equal_thirds,projection_history,exact_prior_only,bias,559,0.2884132797551281
incumbent_equal_thirds,projection_history,exact_prior_only,spearman,559,0.7593795052284829
trajectory_1year_tree_average,projection_history,exact_prior_only,rmse,559,3.2255947095386994
trajectory_1year_tree_average,projection_history,exact_prior_only,mae,559,2.4888347832538837
trajectory_1year_tree_average,projection_history,exact_prior_only,bias,559,0.36514091116386327
trajectory_1year_tree_average,projection_history,exact_prior_only,spearman,559,0.7641066513131327
trajectory_1year_equal_thirds,projection_history,exact_prior_only,rmse,559,3.204994129216626
trajectory_1year_equal_thirds,projection_history,exact_prior_only,mae,559,2.4600467711193637
trajectory_1year_equal_thirds,projection_history,exact_prior_only,bias,559,0.27023800565963263
trajectory_1year_equal_thirds,projection_history,exact_prior_only,spearman,559,0.7617020308970891
trajectory_3year_tree_average,projection_history,exact_prior_only,rmse,559,3.2333962898504804
trajectory_3year_tree_average,projection_history,exact_prior_only,mae,559,2.4944033907229954
trajectory_3year_tree_average,projection_history,exact_prior_only,bias,559,0.3432319262786503
trajectory_3year_tree_average,projection_history,exact_prior_only,spearman,559,0.7614763905640702
trajectory_3year_equal_thirds,projection_history,exact_prior_only,rmse,559,3.2105005646949545
trajectory_3year_equal_thirds,projection_history,exact_prior_only,mae,559,2.463874260754052
trajectory_3year_equal_thirds,projection_history,exact_prior_only,bias,559,0.25967920476989254
trajectory_3year_equal_thirds,projection_history,exact_prior_only,spearman,559,0.7592622711812012
incumbent_lasso,projection_history,no_prior_projection,rmse,533,3.4193495509580667
incumbent_lasso,projection_history,no_prior_projection,mae,533,2.6875976406916653
incumbent_lasso,projection_history,no_prior_projection,bias,533,0.15471122884580918
incumbent_lasso,projection_history,no_prior_projection,spearman,533,0.655612121625324
incumbent_lightgbm,projection_history,no_prior_projection,rmse,533,3.350783452063379
incumbent_lightgbm,projection_history,no_prior_projection,mae,533,2.646744935117011
incumbent_lightgbm,projection_history,no_prior_projection,bias,533,0.33218857364919946
incumbent_lightgbm,projection_history,no_prior_projection,spearman,533,0.6698109525395689
incumbent_random_forest,projection_history,no_prior_projection,rmse,533,3.347382348849211
incumbent_random_forest,projection_history,no_prior_projection,mae,533,2.6303990051684836
incumbent_random_forest,projection_history,no_prior_projection,bias,533,0.20227799998935378
incumbent_random_forest,projection_history,no_prior_projection,spearman,533,0.6774906194776925
trajectory_1year_lasso,projection_history,no_prior_projection,rmse,533,3.4087046449829086
trajectory_1year_lasso,projection_history,no_prior_projection,mae,533,2.6793697128900518
trajectory_1year_lasso,projection_history,no_prior_projection,bias,533,0.1552268503144689
trajectory_1year_lasso,projection_history,no_prior_projection,spearman,533,0.656991197361657
trajectory_1year_lightgbm,projection_history,no_prior_projection,rmse,533,3.3504171974186745
trajectory_1year_lightgbm,projection_history,no_prior_projection,mae,533,2.6504162692555298
trajectory_1year_lightgbm,projection_history,no_prior_projection,bias,533,0.32769599958636275
trajectory_1year_lightgbm,projection_history,no_prior_projection,spearman,533,0.6695314231282018
trajectory_1year_random_forest,projection_history,no_prior_projection,rmse,533,3.3597075717922413
trajectory_1year_random_forest,projection_history,no_prior_projection,mae,533,2.6330291871372684
trajectory_1year_random_forest,projection_history,no_prior_projection,bias,533,0.21129875775108414
trajectory_1year_random_forest,projection_history,no_prior_projection,spearman,533,0.6782890672002195
trajectory_3year_lasso,projection_history,no_prior_projection,rmse,533,3.4094527450691445
trajectory_3year_lasso,projection_history,no_prior_projection,mae,533,2.6797451189387504
trajectory_3year_lasso,projection_history,no_prior_projection,bias,533,0.14147172232552555
trajectory_3year_lasso,projection_history,no_prior_projection,spearman,533,0.6577195084852326
trajectory_3year_lightgbm,projection_history,no_prior_projection,rmse,533,3.350991907456508
trajectory_3year_lightgbm,projection_history,no_prior_projection,mae,533,2.6466713111805173
trajectory_3year_lightgbm,projection_history,no_prior_projection,bias,533,0.3362223101096705
trajectory_3year_lightgbm,projection_history,no_prior_projection,spearman,533,0.6709661459349046
trajectory_3year_random_forest,projection_history,no_prior_projection,rmse,533,3.3517288456233376
trajectory_3year_random_forest,projection_history,no_prior_projection,mae,533,2.629372610500906
trajectory_3year_random_forest,projection_history,no_prior_projection,bias,533,0.17056793342836474
trajectory_3year_random_forest,projection_history,no_prior_projection,spearman,533,0.6792565234916398
incumbent_tree_average,projection_history,no_prior_projection,rmse,533,3.339707792075744
incumbent_tree_average,projection_history,no_prior_projection,mae,533,2.6335826042339567
incumbent_tree_average,projection_history,no_prior_projection,bias,533,0.2672332868192766
incumbent_tree_average,projection_history,no_prior_projection,spearman,533,0.676316604136599
incumbent_equal_thirds,projection_history,no_prior_projection,rmse,533,3.346604369478021
incumbent_equal_thirds,projection_history,no_prior_projection,mae,533,2.6330946059533713
incumbent_equal_thirds,projection_history,no_prior_projection,bias,533,0.22972593416145412
incumbent_equal_thirds,projection_history,no_prior_projection,spearman,533,0.6717218247761348
trajectory_1year_tree_average,projection_history,no_prior_projection,rmse,533,3.3449982455516913
trajectory_1year_tree_average,projection_history,no_prior_projection,mae,533,2.6372886968732394
trajectory_1year_tree_average,projection_history,no_prior_projection,bias,533,0.2694973786687234
trajectory_1year_tree_average,projection_history,no_prior_projection,spearman,533,0.6768056186945994
trajectory_1year_equal_thirds,projection_history,no_prior_projection,rmse,533,3.3455540281462524
trajectory_1year_equal_thirds,projection_history,no_prior_projection,mae,533,2.6317970776180877
trajectory_1year_equal_thirds,projection_history,no_prior_projection,bias,533,0.23140720255063854
trajectory_1year_equal_thirds,projection_history,no_prior_projection,spearman,533,0.6729160489677737
trajectory_3year_tree_average,projection_history,no_prior_projection,rmse,533,3.342252195140756
trajectory_3year_tree_average,projection_history,no_prior_projection,mae,533,2.63462919903263
trajectory_3year_tree_average,projection_history,no_prior_projection,bias,533,0.2533951217690178
trajectory_3year_tree_average,projection_history,no_prior_projection,spearman,533,0.677471163505893
trajectory_3year_equal_thirds,projection_history,no_prior_projection,rmse,533,3.343588725309535
trajectory_3year_equal_thirds,projection_history,no_prior_projection,mae,533,2.6263033170647696
trajectory_3year_equal_thirds,projection_history,no_prior_projection,bias,533,0.21608732195452032
trajectory_3year_equal_thirds,projection_history,no_prior_projection,spearman,533,0.6735422459582995
incumbent_lasso,projection_history,one_prior_projection,rmse,36,2.5209169955140105
incumbent_lasso,projection_history,one_prior_projection,mae,36,1.9326356493828183
incumbent_lasso,projection_history,one_prior_projection,bias,36,-0.030331051704803016
incumbent_lasso,projection_history,one_prior_projection,spearman,36,0.7083655083655084
incumbent_lightgbm,projection_history,one_prior_projection,rmse,36,2.5680546540183236
incumbent_lightgbm,projection_history,one_prior_projection,mae,36,2.164990563701435
incumbent_lightgbm,projection_history,one_prior_projection,bias,36,0.36004829666781685
incumbent_lightgbm,projection_history,one_prior_projection,spearman,36,0.6684684684684686
incumbent_random_forest,projection_history,one_prior_projection,rmse,36,2.611324378567242
incumbent_random_forest,projection_history,one_prior_projection,mae,36,2.247700943662588
incumbent_random_forest,projection_history,one_prior_projection,bias,36,0.18926825568061248
incumbent_random_forest,projection_history,one_prior_projection,spearman,36,0.644015444015444
trajectory_1year_lasso,projection_history,one_prior_projection,rmse,36,2.5879267302124913
trajectory_1year_lasso,projection_history,one_prior_projection,mae,36,1.9878957814730869
trajectory_1year_lasso,projection_history,one_prior_projection,bias,36,-0.0448849588865604
trajectory_1year_lasso,projection_history,one_prior_projection,spearman,36,0.6743886743886744
trajectory_1year_lightgbm,projection_history,one_prior_projection,rmse,36,2.5924462230151843
trajectory_1year_lightgbm,projection_history,one_prior_projection,mae,36,2.199623190611734
trajectory_1year_lightgbm,projection_history,one_prior_projection,bias,36,0.3721222596645279
trajectory_1year_lightgbm,projection_history,one_prior_projection,spearman,36,0.6514800514800515
trajectory_1year_random_forest,projection_history,one_prior_projection,rmse,36,2.6201860453659815
trajectory_1year_random_forest,projection_history,one_prior_projection,mae,36,2.2510606273782248
trajectory_1year_random_forest,projection_history,one_prior_projection,bias,36,0.18874288490748042
trajectory_1year_random_forest,projection_history,one_prior_projection,spearman,36,0.6375804375804377
trajectory_3year_lasso,projection_history,one_prior_projection,rmse,36,2.538252761123765
trajectory_3year_lasso,projection_history,one_prior_projection,mae,36,1.9342677548016871
trajectory_3year_lasso,projection_history,one_prior_projection,bias,36,-0.10283442434926665
trajectory_3year_lasso,projection_history,one_prior_projection,spearman,36,0.6880308880308881
trajectory_3year_lightgbm,projection_history,one_prior_projection,rmse,36,2.561198069881278
trajectory_3year_lightgbm,projection_history,one_prior_projection,mae,36,2.1672211749929806
trajectory_3year_lightgbm,projection_history,one_prior_projection,bias,36,0.3788675496448881
trajectory_3year_lightgbm,projection_history,one_prior_projection,spearman,36,0.676962676962677
trajectory_3year_random_forest,projection_history,one_prior_projection,rmse,36,2.6221710661394435
trajectory_3year_random_forest,projection_history,one_prior_projection,mae,36,2.2364895964653715
trajectory_3year_random_forest,projection_history,one_prior_projection,bias,36,0.1760748765271346
trajectory_3year_random_forest,projection_history,one_prior_projection,spearman,36,0.6604890604890606
incumbent_tree_average,projection_history,one_prior_projection,rmse,36,2.580184638677004
incumbent_tree_average,projection_history,one_prior_projection,mae,36,2.200820348211552
incumbent_tree_average,projection_history,one_prior_projection,bias,36,0.2746582761742147
incumbent_tree_average,projection_history,one_prior_projection,spearman,36,0.654054054054054
incumbent_equal_thirds,projection_history,one_prior_projection,rmse,36,2.5133010171345
incumbent_equal_thirds,projection_history,one_prior_projection,mae,36,2.1032216737144065
incumbent_equal_thirds,projection_history,one_prior_projection,bias,36,0.17299516688120878
incumbent_equal_thirds,projection_history,one_prior_projection,spearman,36,0.6862290862290863
trajectory_1year_tree_average,projection_history,one_prior_projection,rmse,36,2.597555442666081
trajectory_1year_tree_average,projection_history,one_prior_projection,mae,36,2.2187586638621664
trajectory_1year_tree_average,projection_history,one_prior_projection,bias,36,0.2804325722860042
trajectory_1year_tree_average,projection_history,one_prior_projection,spearman,36,0.629086229086229
trajectory_1year_equal_thirds,projection_history,one_prior_projection,rmse,36,2.5415096208326133
trajectory_1year_equal_thirds,projection_history,one_prior_projection,mae,36,2.1302394613926783
trajectory_1year_equal_thirds,projection_history,one_prior_projection,bias,36,0.1719933952284826
trajectory_1year_equal_thirds,projection_history,one_prior_projection,spearman,36,0.6653796653796654
trajectory_3year_tree_average,projection_history,one_prior_projection,rmse,36,2.584935914774668
trajectory_3year_tree_average,projection_history,one_prior_projection,mae,36,2.1974644124682814
trajectory_3year_tree_average,projection_history,one_prior_projection,bias,36,0.2774712130860114
trajectory_3year_tree_average,projection_history,one_prior_projection,spearman,36,0.6612612612612613
trajectory_3year_equal_thirds,projection_history,one_prior_projection,rmse,36,2.5124008836971243
trajectory_3year_equal_thirds,projection_history,one_prior_projection,mae,36,2.086973040616051
trajectory_3year_equal_thirds,projection_history,one_prior_projection,bias,36,0.1507026672742519
trajectory_3year_equal_thirds,projection_history,one_prior_projection,spearman,36,0.6733590733590734
incumbent_lasso,projection_history,three_prior_projections,rmse,1999,3.0855089196345418
incumbent_lasso,projection_history,three_prior_projections,mae,1999,2.39099776909198
incumbent_lasso,projection_history,three_prior_projections,bias,1999,-0.027999677597570785
incumbent_lasso,projection_history,three_prior_projections,spearman,1999,0.8390508366967141
incumbent_lightgbm,projection_history,three_prior_projections,rmse,1999,3.0456727333811133
incumbent_lightgbm,projection_history,three_prior_projections,mae,1999,2.377507605872646
incumbent_lightgbm,projection_history,three_prior_projections,bias,1999,0.16368607939206148
incumbent_lightgbm,projection_history,three_prior_projections,spearman,1999,0.8424410734207024
incumbent_random_forest,projection_history,three_prior_projections,rmse,1999,3.055072523339659
incumbent_random_forest,projection_history,three_prior_projections,mae,1999,2.3889844698446945
incumbent_random_forest,projection_history,three_prior_projections,bias,1999,0.2041120415315059
incumbent_random_forest,projection_history,three_prior_projections,spearman,1999,0.8408316213983194
trajectory_1year_lasso,projection_history,three_prior_projections,rmse,1999,3.081708180857911
trajectory_1year_lasso,projection_history,three_prior_projections,mae,1999,2.3851724963451413
trajectory_1year_lasso,projection_history,three_prior_projections,bias,1999,-0.022596326134420565
trajectory_1year_lasso,projection_history,three_prior_projections,spearman,1999,0.8392253661698248
trajectory_1year_lightgbm,projection_history,three_prior_projections,rmse,1999,3.0468315582867285
trajectory_1year_lightgbm,projection_history,three_prior_projections,mae,1999,2.3832613410308165
trajectory_1year_lightgbm,projection_history,three_prior_projections,bias,1999,0.1658705190280439
trajectory_1year_lightgbm,projection_history,three_prior_projections,spearman,1999,0.8425636121197931
trajectory_1year_random_forest,projection_history,three_prior_projections,rmse,1999,3.0522479794031367
trajectory_1year_random_forest,projection_history,three_prior_projections,mae,1999,2.3869724217095776
trajectory_1year_random_forest,projection_history,three_prior_projections,bias,1999,0.19643033276107377
trajectory_1year_random_forest,projection_history,three_prior_projections,spearman,1999,0.8409859035086341
trajectory_3year_lasso,projection_history,three_prior_projections,rmse,1999,3.078432213211836
trajectory_3year_lasso,projection_history,three_prior_projections,mae,1999,2.3811275739369373
trajectory_3year_lasso,projection_history,three_prior_projections,bias,1999,-0.028623221306847826
trajectory_3year_lasso,projection_history,three_prior_projections,spearman,1999,0.8394750248060745
trajectory_3year_lightgbm,projection_history,three_prior_projections,rmse,1999,3.0453737838617028
trajectory_3year_lightgbm,projection_history,three_prior_projections,mae,1999,2.378027554563709
trajectory_3year_lightgbm,projection_history,three_prior_projections,bias,1999,0.16485349125068982
trajectory_3year_lightgbm,projection_history,three_prior_projections,spearman,1999,0.8424055837073942
trajectory_3year_random_forest,projection_history,three_prior_projections,rmse,1999,3.0464925375017757
trajectory_3year_random_forest,projection_history,three_prior_projections,mae,1999,2.383601213562119
trajectory_3year_random_forest,projection_history,three_prior_projections,bias,1999,0.20903688907905132
trajectory_3year_random_forest,projection_history,three_prior_projections,spearman,1999,0.8423644935957081
incumbent_tree_average,projection_history,three_prior_projections,rmse,1999,3.0401274781197496
incumbent_tree_average,projection_history,three_prior_projections,mae,1999,2.3743042402167744
incumbent_tree_average,projection_history,three_prior_projections,bias,1999,0.18389906046178364
incumbent_tree_average,projection_history,three_prior_projections,spearman,1999,0.8425294028789065
incumbent_equal_thirds,projection_history,three_prior_projections,rmse,1999,3.022921862126947
incumbent_equal_thirds,projection_history,three_prior_projections,mae,1999,2.35050326087569
incumbent_equal_thirds,projection_history,three_prior_projections,bias,1999,0.11326614777533213
incumbent_equal_thirds,projection_history,three_prior_projections,spearman,1999,0.8438193257377122
trajectory_1year_tree_average,projection_history,three_prior_projections,rmse,1999,3.040161325365401
trajectory_1year_tree_average,projection_history,three_prior_projections,mae,1999,2.3759113870520845
trajectory_1year_tree_average,projection_history,three_prior_projections,bias,1999,0.18115042589455882
trajectory_1year_tree_average,projection_history,three_prior_projections,spearman,1999,0.8427427993867358
trajectory_1year_equal_thirds,projection_history,three_prior_projections,rmse,1999,3.0215233885663535
trajectory_1year_equal_thirds,projection_history,three_prior_projections,mae,1999,2.3495381138267892
trajectory_1year_equal_thirds,projection_history,three_prior_projections,bias,1999,0.11323484188489905
trajectory_1year_equal_thirds,projection_history,three_prior_projections,spearman,1999,0.8437842541446099
trajectory_3year_tree_average,projection_history,three_prior_projections,rmse,1999,3.035409229938821
trajectory_3year_tree_average,projection_history,three_prior_projections,mae,1999,2.3704933869463414
trajectory_3year_tree_average,projection_history,three_prior_projections,bias,1999,0.18694519016487057
trajectory_3year_tree_average,projection_history,three_prior_projections,spearman,1999,0.8433042731186031
trajectory_3year_equal_thirds,projection_history,three_prior_projections,rmse,1999,3.016007373618682
trajectory_3year_equal_thirds,projection_history,three_prior_projections,mae,1999,2.3437270973840194
trajectory_3year_equal_thirds,projection_history,three_prior_projections,bias,1999,0.11508905300763109
trajectory_3year_equal_thirds,projection_history,three_prior_projections,spearman,1999,0.8441765839795369
incumbent_lasso,projection_history,two_prior_projections,rmse,569,3.1032730193611933
incumbent_lasso,projection_history,two_prior_projections,mae,569,2.432336763952938
incumbent_lasso,projection_history,two_prior_projections,bias,569,-0.16234881837272322
incumbent_lasso,projection_history,two_prior_projections,spearman,569,0.780753571050299
incumbent_lightgbm,projection_history,two_prior_projections,rmse,569,3.0761456191652514
incumbent_lightgbm,projection_history,two_prior_projections,mae,569,2.447711802086825
incumbent_lightgbm,projection_history,two_prior_projections,bias,569,0.08685595764091207
incumbent_lightgbm,projection_history,two_prior_projections,spearman,569,0.7861066049338464
incumbent_random_forest,projection_history,two_prior_projections,rmse,569,3.0767696224289454
incumbent_random_forest,projection_history,two_prior_projections,mae,569,2.4351001249401256
incumbent_random_forest,projection_history,two_prior_projections,bias,569,0.05597397392980967
incumbent_random_forest,projection_history,two_prior_projections,spearman,569,0.7878730842036911
trajectory_1year_lasso,projection_history,two_prior_projections,rmse,569,3.0995694153151954
trajectory_1year_lasso,projection_history,two_prior_projections,mae,569,2.430123261680578
trajectory_1year_lasso,projection_history,two_prior_projections,bias,569,-0.16758617873256335
trajectory_1year_lasso,projection_history,two_prior_projections,spearman,569,0.7810889430078293
trajectory_1year_lightgbm,projection_history,two_prior_projections,rmse,569,3.0766320112661796
trajectory_1year_lightgbm,projection_history,two_prior_projections,mae,569,2.4437462584005525
trajectory_1year_lightgbm,projection_history,two_prior_projections,bias,569,0.08739039067066635
trajectory_1year_lightgbm,projection_history,two_prior_projections,spearman,569,0.785780091975801
trajectory_1year_random_forest,projection_history,two_prior_projections,rmse,569,3.080520482219558
trajectory_1year_random_forest,projection_history,two_prior_projections,mae,569,2.4317716010263823
trajectory_1year_random_forest,projection_history,two_prior_projections,bias,569,0.05694506818628376
trajectory_1year_random_forest,projection_history,two_prior_projections,spearman,569,0.7876301129690427
trajectory_3year_lasso,projection_history,two_prior_projections,rmse,569,3.098276496548075
trajectory_3year_lasso,projection_history,two_prior_projections,mae,569,2.4318997966309674
trajectory_3year_lasso,projection_history,two_prior_projections,bias,569,-0.17605667796883337
trajectory_3year_lasso,projection_history,two_prior_projections,spearman,569,0.7819327957851095
trajectory_3year_lightgbm,projection_history,two_prior_projections,rmse,569,3.0749220231508505
trajectory_3year_lightgbm,projection_history,two_prior_projections,mae,569,2.448182506258875
trajectory_3year_lightgbm,projection_history,two_prior_projections,bias,569,0.08775370791739452
trajectory_3year_lightgbm,projection_history,two_prior_projections,spearman,569,0.7864418140474827
trajectory_3year_random_forest,projection_history,two_prior_projections,rmse,569,3.0846419806612673
trajectory_3year_random_forest,projection_history,two_prior_projections,mae,569,2.4401209015874805
trajectory_3year_random_forest,projection_history,two_prior_projections,bias,569,0.03063067236584076
trajectory_3year_random_forest,projection_history,two_prior_projections,spearman,569,0.7838986480345626
incumbent_tree_average,projection_history,two_prior_projections,rmse,569,3.068186184105448
incumbent_tree_average,projection_history,two_prior_projections,mae,569,2.4362071660008073
incumbent_tree_average,projection_history,two_prior_projections,bias,569,0.0714149657853609
incumbent_tree_average,projection_history,two_prior_projections,spearman,569,0.7875784571542769
incumbent_equal_thirds,projection_history,two_prior_projections,rmse,569,3.049804804870613
incumbent_equal_thirds,projection_history,two_prior_projections,mae,569,2.4057945797072446
incumbent_equal_thirds,projection_history,two_prior_projections,bias,569,-0.006506295600667147
incumbent_equal_thirds,projection_history,two_prior_projections,spearman,569,0.7884703830605572
trajectory_1year_tree_average,projection_history,two_prior_projections,rmse,569,3.0712868380265714
trajectory_1year_tree_average,projection_history,two_prior_projections,mae,569,2.4341325845584274
trajectory_1year_tree_average,projection_history,two_prior_projections,bias,569,0.07216772942847509
trajectory_1year_tree_average,projection_history,two_prior_projections,spearman,569,0.787863020113677
trajectory_1year_equal_thirds,projection_history,two_prior_projections,rmse,569,3.0500890932422937
trajectory_1year_equal_thirds,projection_history,two_prior_projections,mae,569,2.4028364522807273
trajectory_1year_equal_thirds,projection_history,two_prior_projections,bias,569,-0.007750239958537766
trajectory_1year_equal_thirds,projection_history,two_prior_projections,spearman,569,0.7884947127538927
trajectory_3year_tree_average,projection_history,two_prior_projections,rmse,569,3.0732510282454815
trajectory_3year_tree_average,projection_history,two_prior_projections,mae,569,2.4403713393026973
trajectory_3year_tree_average,projection_history,two_prior_projections,bias,569,0.0591921901416176
trajectory_3year_tree_average,projection_history,two_prior_projections,spearman,569,0.7867922530479521
trajectory_3year_equal_thirds,projection_history,two_prior_projections,rmse,569,3.0501379921932057
trajectory_3year_equal_thirds,projection_history,two_prior_projections,mae,569,2.407008610680541
trajectory_3year_equal_thirds,projection_history,two_prior_projections,bias,569,-0.019224099228532757
trajectory_3year_equal_thirds,projection_history,two_prior_projections,spearman,569,0.788185266413357
incumbent_lasso,adp_band,100_to_200,rmse,896,3.5195715272502115
incumbent_lasso,adp_band,100_to_200,mae,896,2.80614220037816
incumbent_lasso,adp_band,100_to_200,bias,896,0.49654484360863016
incumbent_lasso,adp_band,100_to_200,spearman,896,0.5963448971758664
incumbent_lightgbm,adp_band,100_to_200,rmse,896,3.4878645478599584
incumbent_lightgbm,adp_band,100_to_200,mae,896,2.761818738099991
incumbent_lightgbm,adp_band,100_to_200,bias,896,0.195407217924993
incumbent_lightgbm,adp_band,100_to_200,spearman,896,0.600356407212182
incumbent_random_forest,adp_band,100_to_200,rmse,896,3.486507090191356
incumbent_random_forest,adp_band,100_to_200,mae,896,2.770430585031939
incumbent_random_forest,adp_band,100_to_200,bias,896,0.19126043839539353
incumbent_random_forest,adp_band,100_to_200,spearman,896,0.6065715252052686
trajectory_1year_lasso,adp_band,100_to_200,rmse,896,3.529824677112895
trajectory_1year_lasso,adp_band,100_to_200,mae,896,2.811598485848131
trajectory_1year_lasso,adp_band,100_to_200,bias,896,0.4943970140196461
trajectory_1year_lasso,adp_band,100_to_200,spearman,896,0.5952969438961185
trajectory_1year_lightgbm,adp_band,100_to_200,rmse,896,3.4954601485390207
trajectory_1year_lightgbm,adp_band,100_to_200,mae,896,2.7680595428921495
trajectory_1year_lightgbm,adp_band,100_to_200,bias,896,0.189013974190469
trajectory_1year_lightgbm,adp_band,100_to_200,spearman,896,0.5996359289058726
trajectory_1year_random_forest,adp_band,100_to_200,rmse,896,3.477881254527113
trajectory_1year_random_forest,adp_band,100_to_200,mae,896,2.7578961047285304
trajectory_1year_random_forest,adp_band,100_to_200,bias,896,0.19594555542594252
trajectory_1year_random_forest,adp_band,100_to_200,spearman,896,0.6101460238098882
trajectory_3year_lasso,adp_band,100_to_200,rmse,896,3.5264124634455936
trajectory_3year_lasso,adp_band,100_to_200,mae,896,2.804307051963493
trajectory_3year_lasso,adp_band,100_to_200,bias,896,0.49176564777255477
trajectory_3year_lasso,adp_band,100_to_200,spearman,896,0.5968926962437621
trajectory_3year_lightgbm,adp_band,100_to_200,rmse,896,3.4906424528505817
trajectory_3year_lightgbm,adp_band,100_to_200,mae,896,2.7607616364559493
trajectory_3year_lightgbm,adp_band,100_to_200,bias,896,0.18982041703337352
trajectory_3year_lightgbm,adp_band,100_to_200,spearman,896,0.6000346401126607
trajectory_3year_random_forest,adp_band,100_to_200,rmse,896,3.4892246959775517
trajectory_3year_random_forest,adp_band,100_to_200,mae,896,2.768967641654613
trajectory_3year_random_forest,adp_band,100_to_200,bias,896,0.15426029961404683
trajectory_3year_random_forest,adp_band,100_to_200,spearman,896,0.6054828002069735
incumbent_tree_average,adp_band,100_to_200,rmse,896,3.479321023795842
incumbent_tree_average,adp_band,100_to_200,mae,896,2.7619167280924977
incumbent_tree_average,adp_band,100_to_200,bias,896,0.19333382816019323
incumbent_tree_average,adp_band,100_to_200,spearman,896,0.6046310816757002
incumbent_equal_thirds,adp_band,100_to_200,rmse,896,3.4778501525774734
incumbent_equal_thirds,adp_band,100_to_200,mae,896,2.7639347682984314
incumbent_equal_thirds,adp_band,100_to_200,bias,896,0.29440416664300556
incumbent_equal_thirds,adp_band,100_to_200,spearman,896,0.6045109268873053
trajectory_1year_tree_average,adp_band,100_to_200,rmse,896,3.479405303542285
trajectory_1year_tree_average,adp_band,100_to_200,mae,896,2.759058069614998
trajectory_1year_tree_average,adp_band,100_to_200,bias,896,0.19247976480820578
trajectory_1year_tree_average,adp_band,100_to_200,spearman,896,0.6064734495369627
trajectory_1year_equal_thirds,adp_band,100_to_200,rmse,896,3.4808678459063933
trajectory_1year_equal_thirds,adp_band,100_to_200,mae,896,2.7654254529201174
trajectory_1year_equal_thirds,adp_band,100_to_200,bias,896,0.293118847878686
trajectory_1year_equal_thirds,adp_band,100_to_200,spearman,896,0.6055004251335877
trajectory_3year_tree_average,adp_band,100_to_200,rmse,896,3.4828962838776327
trajectory_3year_tree_average,adp_band,100_to_200,mae,896,2.7606995214065324
trajectory_3year_tree_average,adp_band,100_to_200,bias,896,0.17204035832371017
trajectory_3year_tree_average,adp_band,100_to_200,spearman,896,0.6031234456199417
trajectory_3year_equal_thirds,adp_band,100_to_200,rmse,896,3.481261041348241
trajectory_3year_equal_thirds,adp_band,100_to_200,mae,896,2.7624133391002244
trajectory_3year_equal_thirds,adp_band,100_to_200,bias,896,0.27861545480665834
trajectory_3year_equal_thirds,adp_band,100_to_200,spearman,896,0.6043799452391164
incumbent_lasso,adp_band,200_plus,rmse,1309,2.9107353211948745
incumbent_lasso,adp_band,200_plus,mae,1309,2.272182916866737
incumbent_lasso,adp_band,200_plus,bias,1309,-0.16225649125054126
incumbent_lasso,adp_band,200_plus,spearman,1309,0.43703991929982294
incumbent_lightgbm,adp_band,200_plus,rmse,1309,2.8051670093484766
incumbent_lightgbm,adp_band,200_plus,mae,1309,2.238242495056459
incumbent_lightgbm,adp_band,200_plus,bias,1309,0.3759877785253577
incumbent_lightgbm,adp_band,200_plus,spearman,1309,0.44259567411725226
incumbent_random_forest,adp_band,200_plus,rmse,1309,2.783631374954684
incumbent_random_forest,adp_band,200_plus,mae,1309,2.213759596630566
incumbent_random_forest,adp_band,200_plus,bias,1309,0.3350908259385106
incumbent_random_forest,adp_band,200_plus,spearman,1309,0.4443490442558468
trajectory_1year_lasso,adp_band,200_plus,rmse,1309,2.9024763912339293
trajectory_1year_lasso,adp_band,200_plus,mae,1309,2.2653821808659584
trajectory_1year_lasso,adp_band,200_plus,bias,1309,-0.18374305682153033
trajectory_1year_lasso,adp_band,200_plus,spearman,1309,0.43775752687445735
trajectory_1year_lightgbm,adp_band,200_plus,rmse,1309,2.802120460020364
trajectory_1year_lightgbm,adp_band,200_plus,mae,1309,2.237321043658122
trajectory_1year_lightgbm,adp_band,200_plus,bias,1309,0.37929617362955054
trajectory_1year_lightgbm,adp_band,200_plus,spearman,1309,0.4454169315550956
trajectory_1year_random_forest,adp_band,200_plus,rmse,1309,2.7872061629698766
trajectory_1year_random_forest,adp_band,200_plus,mae,1309,2.2131853370806254
trajectory_1year_random_forest,adp_band,200_plus,bias,1309,0.3271268041790776
trajectory_1year_random_forest,adp_band,200_plus,spearman,1309,0.4459431897717544
trajectory_3year_lasso,adp_band,200_plus,rmse,1309,2.900167287031551
trajectory_3year_lasso,adp_band,200_plus,mae,1309,2.2652375210589586
trajectory_3year_lasso,adp_band,200_plus,bias,1309,-0.18762791767714948
trajectory_3year_lasso,adp_band,200_plus,spearman,1309,0.43770749799616876
trajectory_3year_lightgbm,adp_band,200_plus,rmse,1309,2.8057148460284282
trajectory_3year_lightgbm,adp_band,200_plus,mae,1309,2.2406198222351774
trajectory_3year_lightgbm,adp_band,200_plus,bias,1309,0.3910746174504396
trajectory_3year_lightgbm,adp_band,200_plus,spearman,1309,0.44263795395329575
trajectory_3year_random_forest,adp_band,200_plus,rmse,1309,2.774907916172877
trajectory_3year_random_forest,adp_band,200_plus,mae,1309,2.202643451874806
trajectory_3year_random_forest,adp_band,200_plus,bias,1309,0.3227292919165017
trajectory_3year_random_forest,adp_band,200_plus,spearman,1309,0.4454787467256385
incumbent_tree_average,adp_band,200_plus,rmse,1309,2.7851182894454274
incumbent_tree_average,adp_band,200_plus,mae,1309,2.218816124850438
incumbent_tree_average,adp_band,200_plus,bias,1309,0.3555393022319342
incumbent_tree_average,adp_band,200_plus,spearman,1309,0.44784612758454806
incumbent_equal_thirds,adp_band,200_plus,rmse,1309,2.77843256792631
incumbent_equal_thirds,adp_band,200_plus,mae,1309,2.193675595925368
incumbent_equal_thirds,adp_band,200_plus,bias,1309,0.18294070440444238
incumbent_equal_thirds,adp_band,200_plus,spearman,1309,0.4500815988072001
trajectory_1year_tree_average,adp_band,200_plus,rmse,1309,2.7855847763687196
trajectory_1year_tree_average,adp_band,200_plus,mae,1309,2.2170442403672013
trajectory_1year_tree_average,adp_band,200_plus,bias,1309,0.3532114889043141
trajectory_1year_tree_average,adp_band,200_plus,spearman,1309,0.4503255798719626
trajectory_1year_equal_thirds,adp_band,200_plus,rmse,1309,2.7749571719567525
trajectory_1year_equal_thirds,adp_band,200_plus,mae,1309,2.187878452975383
trajectory_1year_equal_thirds,adp_band,200_plus,bias,1309,0.17422664032903254
trajectory_1year_equal_thirds,adp_band,200_plus,spearman,1309,0.4518333425123651
trajectory_3year_tree_average,adp_band,200_plus,rmse,1309,2.779677610434921
trajectory_3year_tree_average,adp_band,200_plus,mae,1309,2.2113928954315663
trajectory_3year_tree_average,adp_band,200_plus,bias,1309,0.35690195468347063
trajectory_3year_tree_average,adp_band,200_plus,spearman,1309,0.4479526937498983
trajectory_3year_equal_thirds,adp_band,200_plus,rmse,1309,2.768680885979107
trajectory_3year_equal_thirds,adp_band,200_plus,mae,1309,2.1834481906645435
trajectory_3year_equal_thirds,adp_band,200_plus,bias,1309,0.1753919972299306
trajectory_3year_equal_thirds,adp_band,200_plus,spearman,1309,0.4510734396433976
incumbent_lasso,adp_band,50_to_100,rmse,426,3.469415296363879
incumbent_lasso,adp_band,50_to_100,mae,426,2.765024304644709
incumbent_lasso,adp_band,50_to_100,bias,426,0.13454575282655715
incumbent_lasso,adp_band,50_to_100,spearman,426,0.5726696537445743
incumbent_lightgbm,adp_band,50_to_100,rmse,426,3.4921475437435108
incumbent_lightgbm,adp_band,50_to_100,mae,426,2.760977093793343
incumbent_lightgbm,adp_band,50_to_100,bias,426,-0.08022013210615703
incumbent_lightgbm,adp_band,50_to_100,spearman,426,0.5614211374301158
incumbent_random_forest,adp_band,50_to_100,rmse,426,3.5069043381186504
incumbent_random_forest,adp_band,50_to_100,mae,426,2.752616433961273
incumbent_random_forest,adp_band,50_to_100,bias,426,-0.06900315222707855
incumbent_random_forest,adp_band,50_to_100,spearman,426,0.5449176375290891
trajectory_1year_lasso,adp_band,50_to_100,rmse,426,3.460087607248388
trajectory_1year_lasso,adp_band,50_to_100,mae,426,2.750861958016446
trajectory_1year_lasso,adp_band,50_to_100,bias,426,0.13500072669170465
trajectory_1year_lasso,adp_band,50_to_100,spearman,426,0.574903772658204
trajectory_1year_lightgbm,adp_band,50_to_100,rmse,426,3.4815547222287253
trajectory_1year_lightgbm,adp_band,50_to_100,mae,426,2.754584166868726
trajectory_1year_lightgbm,adp_band,50_to_100,bias,426,-0.07823079685460682
trajectory_1year_lightgbm,adp_band,50_to_100,spearman,426,0.5656723740594835
trajectory_1year_random_forest,adp_band,50_to_100,rmse,426,3.509849261897712
trajectory_1year_random_forest,adp_band,50_to_100,mae,426,2.7605559557723547
trajectory_1year_random_forest,adp_band,50_to_100,bias,426,-0.05853115069448411
trajectory_1year_random_forest,adp_band,50_to_100,spearman,426,0.5419553693884852
trajectory_3year_lasso,adp_band,50_to_100,rmse,426,3.4487156571218995
trajectory_3year_lasso,adp_band,50_to_100,mae,426,2.746775105808025
trajectory_3year_lasso,adp_band,50_to_100,bias,426,0.12982445917407257
trajectory_3year_lasso,adp_band,50_to_100,spearman,426,0.5844013780197174
trajectory_3year_lightgbm,adp_band,50_to_100,rmse,426,3.484250099108819
trajectory_3year_lightgbm,adp_band,50_to_100,mae,426,2.7509818581834438
trajectory_3year_lightgbm,adp_band,50_to_100,bias,426,-0.091094640208683
trajectory_3year_lightgbm,adp_band,50_to_100,spearman,426,0.5614277343907098
trajectory_3year_random_forest,adp_band,50_to_100,rmse,426,3.494957231870928
trajectory_3year_random_forest,adp_band,50_to_100,mae,426,2.74242207031236
trajectory_3year_random_forest,adp_band,50_to_100,bias,426,-0.08693793053972175
trajectory_3year_random_forest,adp_band,50_to_100,spearman,426,0.5480512714225341
incumbent_tree_average,adp_band,50_to_100,rmse,426,3.491494970247021
incumbent_tree_average,adp_band,50_to_100,mae,426,2.752246835547443
incumbent_tree_average,adp_band,50_to_100,bias,426,-0.07461164216661775
incumbent_tree_average,adp_band,50_to_100,spearman,426,0.5566080725920436
incumbent_equal_thirds,adp_band,50_to_100,rmse,426,3.469154771113196
incumbent_equal_thirds,adp_band,50_to_100,mae,426,2.7466775444823335
incumbent_equal_thirds,adp_band,50_to_100,bias,426,-0.004892510502226187
incumbent_equal_thirds,adp_band,50_to_100,spearman,426,0.567396198668343
trajectory_1year_tree_average,adp_band,50_to_100,rmse,426,3.4884436387896014
trajectory_1year_tree_average,adp_band,50_to_100,mae,426,2.7528742774639103
trajectory_1year_tree_average,adp_band,50_to_100,bias,426,-0.06838097377454544
trajectory_1year_tree_average,adp_band,50_to_100,spearman,426,0.5546299933607617
trajectory_1year_equal_thirds,adp_band,50_to_100,rmse,426,3.4638161572673702
trajectory_1year_equal_thirds,adp_band,50_to_100,mae,426,2.74148091929912
trajectory_1year_equal_thirds,adp_band,50_to_100,bias,426,-0.0005870736191287123
trajectory_1year_equal_thirds,adp_band,50_to_100,spearman,426,0.5655006202501365
trajectory_3year_tree_average,adp_band,50_to_100,rmse,426,3.48278999225094
trajectory_3year_tree_average,adp_band,50_to_100,mae,426,2.7430819149121954
trajectory_3year_tree_average,adp_band,50_to_100,bias,426,-0.08901628537420232
trajectory_3year_tree_average,adp_band,50_to_100,spearman,426,0.5573470874011723
trajectory_3year_equal_thirds,adp_band,50_to_100,rmse,426,3.4553850220131497
trajectory_3year_equal_thirds,adp_band,50_to_100,mae,426,2.7336528511803637
trajectory_3year_equal_thirds,adp_band,50_to_100,bias,426,-0.016069370524777297
trajectory_3year_equal_thirds,adp_band,50_to_100,spearman,426,0.5712117254533031
incumbent_lasso,adp_band,missing,rmse,646,2.2163539132267607
incumbent_lasso,adp_band,missing,mae,646,1.6989624675602486
incumbent_lasso,adp_band,missing,bias,646,0.08076443513138244
incumbent_lasso,adp_band,missing,spearman,646,0.31479935545873466
incumbent_lightgbm,adp_band,missing,rmse,646,2.2691537977931366
incumbent_lightgbm,adp_band,missing,mae,646,1.8016403105992214
incumbent_lightgbm,adp_band,missing,bias,646,0.4948879637140614
incumbent_lightgbm,adp_band,missing,spearman,646,0.3191678827862865
incumbent_random_forest,adp_band,missing,rmse,646,2.277752761901777
incumbent_random_forest,adp_band,missing,mae,646,1.7990281646465576
incumbent_random_forest,adp_band,missing,bias,646,0.4934146802643174
incumbent_random_forest,adp_band,missing,spearman,646,0.3179603282720975
trajectory_1year_lasso,adp_band,missing,rmse,646,2.2113794083523306
trajectory_1year_lasso,adp_band,missing,mae,646,1.691048959103176
trajectory_1year_lasso,adp_band,missing,bias,646,0.057635687237858536
trajectory_1year_lasso,adp_band,missing,spearman,646,0.3226727228787643
trajectory_1year_lightgbm,adp_band,missing,rmse,646,2.273143079877873
trajectory_1year_lightgbm,adp_band,missing,mae,646,1.8071172118656977
trajectory_1year_lightgbm,adp_band,missing,bias,646,0.500856002120379
trajectory_1year_lightgbm,adp_band,missing,spearman,646,0.3132415077533853
trajectory_1year_random_forest,adp_band,missing,rmse,646,2.278979461339579
trajectory_1year_random_forest,adp_band,missing,mae,646,1.799099956389568
trajectory_1year_random_forest,adp_band,missing,bias,646,0.4865632291005599
trajectory_1year_random_forest,adp_band,missing,spearman,646,0.32333423204839357
trajectory_3year_lasso,adp_band,missing,rmse,646,2.2129212745515043
trajectory_3year_lasso,adp_band,missing,mae,646,1.6946502026381802
trajectory_3year_lasso,adp_band,missing,bias,646,0.04916650230875911
trajectory_3year_lasso,adp_band,missing,spearman,646,0.3265655948090367
trajectory_3year_lightgbm,adp_band,missing,rmse,646,2.266423250130265
trajectory_3year_lightgbm,adp_band,missing,mae,646,1.8033688654647542
trajectory_3year_lightgbm,adp_band,missing,bias,646,0.5051021343376776
trajectory_3year_lightgbm,adp_band,missing,spearman,646,0.3193723829154968
trajectory_3year_random_forest,adp_band,missing,rmse,646,2.297404892174925
trajectory_3year_random_forest,adp_band,missing,mae,646,1.8177073378669049
trajectory_3year_random_forest,adp_band,missing,bias,646,0.5336870512560989
trajectory_3year_random_forest,adp_band,missing,spearman,646,0.3180367669556744
incumbent_tree_average,adp_band,missing,rmse,646,2.259483128615615
incumbent_tree_average,adp_band,missing,mae,646,1.7880721241904824
incumbent_tree_average,adp_band,missing,bias,646,0.4941513219891893
incumbent_tree_average,adp_band,missing,spearman,646,0.32541602801428227
incumbent_equal_thirds,adp_band,missing,rmse,646,2.210431699682884
incumbent_equal_thirds,adp_band,missing,mae,646,1.7286740277713852
incumbent_equal_thirds,adp_band,missing,bias,646,0.3563556930365871
incumbent_equal_thirds,adp_band,missing,spearman,646,0.3361902093151877
trajectory_1year_tree_average,adp_band,missing,rmse,646,2.262512177063625
trajectory_1year_tree_average,adp_band,missing,mae,646,1.7927441229452212
trajectory_1year_tree_average,adp_band,missing,bias,646,0.4937096156104695
trajectory_1year_tree_average,adp_band,missing,spearman,646,0.3250210654319564
trajectory_1year_equal_thirds,adp_band,missing,rmse,646,2.20981643685224
trajectory_1year_equal_thirds,adp_band,missing,mae,646,1.7301555130522301
trajectory_1year_equal_thirds,adp_band,missing,bias,646,0.34835163948626585
trajectory_1year_equal_thirds,adp_band,missing,spearman,646,0.33555901699946805
trajectory_3year_tree_average,adp_band,missing,rmse,646,2.2689957039534097
trajectory_3year_tree_average,adp_band,missing,mae,646,1.8027208790331566
trajectory_3year_tree_average,adp_band,missing,bias,646,0.5193945927968883
trajectory_3year_tree_average,adp_band,missing,spearman,646,0.3251761927394517
trajectory_3year_equal_thirds,adp_band,missing,rmse,646,2.214264637509327
trajectory_3year_equal_thirds,adp_band,missing,mae,646,1.7340219621992927
trajectory_3year_equal_thirds,adp_band,missing,bias,646,0.3626518959675119
trajectory_3year_equal_thirds,adp_band,missing,spearman,646,0.3367681642536436
incumbent_lasso,adp_band,top_50,rmse,419,3.9022124123330966
incumbent_lasso,adp_band,top_50,mae,419,3.0620144756252947
incumbent_lasso,adp_band,top_50,bias,419,-0.7906024060809799
incumbent_lasso,adp_band,top_50,spearman,419,0.5158331379476202
incumbent_lightgbm,adp_band,top_50,rmse,419,3.88530969209551
incumbent_lightgbm,adp_band,top_50,mae,419,3.0977909433703377
incumbent_lightgbm,adp_band,top_50,bias,419,-0.4169435103083471
incumbent_lightgbm,adp_band,top_50,spearman,419,0.4960619083192085
incumbent_random_forest,adp_band,top_50,rmse,419,3.923915567231291
incumbent_random_forest,adp_band,top_50,mae,419,3.141706281858173
incumbent_random_forest,adp_band,top_50,bias,419,-0.35879320604668985
incumbent_random_forest,adp_band,top_50,spearman,419,0.502810557200763
trajectory_1year_lasso,adp_band,top_50,rmse,419,3.881820657912942
trajectory_1year_lasso,adp_band,top_50,mae,419,3.051335480879634
trajectory_1year_lasso,adp_band,top_50,bias,419,-0.7437899017717834
trajectory_1year_lasso,adp_band,top_50,spearman,419,0.5198344640557391
trajectory_1year_lightgbm,adp_band,top_50,rmse,419,3.8836485755761307
trajectory_1year_lightgbm,adp_band,top_50,mae,419,3.1020492081153663
trajectory_1year_lightgbm,adp_band,top_50,bias,419,-0.41908604786665676
trajectory_1year_lightgbm,adp_band,top_50,spearman,419,0.493803658265609
trajectory_1year_random_forest,adp_band,top_50,rmse,419,3.9327206718710075
trajectory_1year_random_forest,adp_band,top_50,mae,419,3.147357750359303
trajectory_1year_random_forest,adp_band,top_50,bias,419,-0.3617599708395753
trajectory_1year_random_forest,adp_band,top_50,spearman,419,0.4949192432538009
trajectory_3year_lasso,adp_band,top_50,rmse,419,3.885732607086028
trajectory_3year_lasso,adp_band,top_50,mae,419,3.0469216608316727
trajectory_3year_lasso,adp_band,top_50,bias,419,-0.7542405820491129
trajectory_3year_lasso,adp_band,top_50,spearman,419,0.5174170777652483
trajectory_3year_lightgbm,adp_band,top_50,rmse,419,3.889779717506522
trajectory_3year_lightgbm,adp_band,top_50,mae,419,3.0999405174349284
trajectory_3year_lightgbm,adp_band,top_50,bias,419,-0.44760094723158805
trajectory_3year_lightgbm,adp_band,top_50,spearman,419,0.4969176224459264
trajectory_3year_random_forest,adp_band,top_50,rmse,419,3.91752945863654
trajectory_3year_random_forest,adp_band,top_50,mae,419,3.1362336238009374
trajectory_3year_random_forest,adp_band,top_50,bias,419,-0.3860114032322875
trajectory_3year_random_forest,adp_band,top_50,spearman,419,0.5053102440873704
incumbent_tree_average,adp_band,top_50,rmse,419,3.8947997952680895
incumbent_tree_average,adp_band,top_50,mae,419,3.1123622000302484
incumbent_tree_average,adp_band,top_50,bias,419,-0.3878683581775184
incumbent_tree_average,adp_band,top_50,spearman,419,0.5011185417737649
incumbent_equal_thirds,adp_band,top_50,rmse,419,3.875743503448817
incumbent_equal_thirds,adp_band,top_50,mae,419,3.0823995191358002
incumbent_equal_thirds,adp_band,top_50,bias,419,-0.5221130408120056
incumbent_equal_thirds,adp_band,top_50,spearman,419,0.5093437889620561
trajectory_1year_tree_average,adp_band,top_50,rmse,419,3.8992707510493423
trajectory_1year_tree_average,adp_band,top_50,mae,419,3.117453574855165
trajectory_1year_tree_average,adp_band,top_50,bias,419,-0.390423009353116
trajectory_1year_tree_average,adp_band,top_50,spearman,419,0.49689935155045556
trajectory_1year_equal_thirds,adp_band,top_50,rmse,419,3.8720311379722556
trajectory_1year_equal_thirds,adp_band,top_50,mae,419,3.0817131386859664
trajectory_1year_equal_thirds,adp_band,top_50,bias,419,-0.5082119734926719
trajectory_1year_equal_thirds,adp_band,top_50,spearman,419,0.5067228126934614
trajectory_3year_tree_average,adp_band,top_50,rmse,419,3.894446129697493
trajectory_3year_tree_average,adp_band,top_50,mae,419,3.111013114578012
trajectory_3year_tree_average,adp_band,top_50,bias,419,-0.4168061752319378
trajectory_3year_tree_average,adp_band,top_50,spearman,419,0.5026111271140387
trajectory_3year_equal_thirds,adp_band,top_50,rmse,419,3.8708820020954926
trajectory_3year_equal_thirds,adp_band,top_50,mae,419,3.076335180834919
trajectory_3year_equal_thirds,adp_band,top_50,bias,419,-0.5292843108376629
trajectory_3year_equal_thirds,adp_band,top_50,spearman,419,0.5108625571480716
