method,slice_type,slice_value,metric,n_rows,value
gap_raw_lasso,pooled,all,rmse,3696,3.160229935868392
gap_raw_lasso,pooled,all,mae,3696,2.4461022217714916
gap_raw_lasso,pooled,all,bias,3696,0.00712329806656113
gap_raw_lasso,pooled,all,spearman,3696,0.7982298641373757
gap_raw_lightgbm,pooled,all,rmse,3696,3.113373687386706
gap_raw_lightgbm,pooled,all,mae,3696,2.4404258181610485
gap_raw_lightgbm,pooled,all,bias,3696,0.19586334051629442
gap_raw_lightgbm,pooled,all,spearman,3696,0.8039891832893206
gap_raw_random_forest,pooled,all,rmse,3696,3.1255478662684615
gap_raw_random_forest,pooled,all,mae,3696,2.451821760279223
gap_raw_random_forest,pooled,all,bias,3696,0.20984331782102503
gap_raw_random_forest,pooled,all,spearman,3696,0.8037739007988896
gap_shrunk_lasso,pooled,all,rmse,3696,3.1611201092857413
gap_shrunk_lasso,pooled,all,mae,3696,2.4470532239579703
gap_shrunk_lasso,pooled,all,bias,3696,0.0037965491140421297
gap_shrunk_lasso,pooled,all,spearman,3696,0.7982228259552137
gap_shrunk_lightgbm,pooled,all,rmse,3696,3.114145302207999
gap_shrunk_lightgbm,pooled,all,mae,3696,2.4391374536561425
gap_shrunk_lightgbm,pooled,all,bias,3696,0.19589517571999568
gap_shrunk_lightgbm,pooled,all,spearman,3696,0.8042502224491631
gap_shrunk_random_forest,pooled,all,rmse,3696,3.1232558313073553
gap_shrunk_random_forest,pooled,all,mae,3696,2.4450103712731073
gap_shrunk_random_forest,pooled,all,bias,3696,0.20301219434363982
gap_shrunk_random_forest,pooled,all,spearman,3696,0.8052880599073546
incumbent_lasso,pooled,all,rmse,3696,3.1584532391209064
incumbent_lasso,pooled,all,mae,3696,2.4477827442713624
incumbent_lasso,pooled,all,bias,3696,0.002905395150819813
incumbent_lasso,pooled,all,spearman,3696,0.7984587871769212
incumbent_lightgbm,pooled,all,rmse,3696,3.1229738660388224
incumbent_lightgbm,pooled,all,mae,3696,2.446552841786182
incumbent_lightgbm,pooled,all,bias,3696,0.2105187734884606
incumbent_lightgbm,pooled,all,spearman,3696,0.8040038793357315
incumbent_random_forest,pooled,all,rmse,3696,3.124253466483619
incumbent_random_forest,pooled,all,mae,3696,2.4435278256238586
incumbent_random_forest,pooled,all,bias,3696,0.20265677251737915
incumbent_random_forest,pooled,all,spearman,3696,0.8046584274701288
incumbent_tree_average,pooled,all,rmse,3696,3.114326838449257
incumbent_tree_average,pooled,all,mae,3696,2.437970563252986
incumbent_tree_average,pooled,all,bias,3696,0.2065877730029199
incumbent_tree_average,pooled,all,spearman,3696,0.805570929492496
incumbent_equal_thirds,pooled,all,rmse,3696,3.100055612217786
incumbent_equal_thirds,pooled,all,mae,3696,2.4151353792936665
incumbent_equal_thirds,pooled,all,bias,3696,0.13869364705221984
incumbent_equal_thirds,pooled,all,spearman,3696,0.8054716592159998
incumbent_causal_lasso_tree,pooled,all,rmse,3696,3.102790671322867
incumbent_causal_lasso_tree,pooled,all,mae,3696,2.4191691847679984
incumbent_causal_lasso_tree,pooled,all,bias,3696,0.1658742846608702
incumbent_causal_lasso_tree,pooled,all,spearman,3696,0.8060674594885316
gap_raw_tree_average,pooled,all,rmse,3696,3.109924395987051
gap_raw_tree_average,pooled,all,mae,3696,2.438124535676248
gap_raw_tree_average,pooled,all,bias,3696,0.2028533291686597
gap_raw_tree_average,pooled,all,spearman,3696,0.8052749430644013
gap_raw_equal_thirds,pooled,all,rmse,3696,3.097167464728635
gap_raw_equal_thirds,pooled,all,mae,3696,2.415820291140612
gap_raw_equal_thirds,pooled,all,bias,3696,0.1376099854679602
gap_raw_equal_thirds,pooled,all,spearman,3696,0.805419968952328
gap_raw_causal_lasso_tree,pooled,all,rmse,3696,3.100237805536195
gap_raw_causal_lasso_tree,pooled,all,mae,3696,2.421587599909037
gap_raw_causal_lasso_tree,pooled,all,bias,3696,0.16582441446714488
gap_raw_causal_lasso_tree,pooled,all,spearman,3696,0.805705824913954
gap_shrunk_tree_average,pooled,all,rmse,3696,3.1090539111085795
gap_shrunk_tree_average,pooled,all,mae,3696,2.4358787900832537
gap_shrunk_tree_average,pooled,all,bias,3696,0.1994536850318178
gap_shrunk_tree_average,pooled,all,spearman,3696,0.8065023983494956
gap_shrunk_equal_thirds,pooled,all,rmse,3696,3.0974307448980962
gap_shrunk_equal_thirds,pooled,all,mae,3696,2.414750214258406
gap_shrunk_equal_thirds,pooled,all,bias,3696,0.13423463972589253
gap_shrunk_equal_thirds,pooled,all,spearman,3696,0.8061179690964029
gap_shrunk_causal_lasso_tree,pooled,all,rmse,3696,3.100186682480802
gap_shrunk_causal_lasso_tree,pooled,all,mae,3696,2.4206006674242326
gap_shrunk_causal_lasso_tree,pooled,all,bias,3696,0.1632413875241291
gap_shrunk_causal_lasso_tree,pooled,all,spearman,3696,0.8067288998265604
gap_raw_lasso,season,2017,rmse,407,3.132177749939396
gap_raw_lasso,season,2017,mae,407,2.4395968677898536
gap_raw_lasso,season,2017,bias,407,0.17466549416626753
gap_raw_lasso,season,2017,spearman,407,0.7822069093610831
gap_raw_lightgbm,season,2017,rmse,407,3.117167970469491
gap_raw_lightgbm,season,2017,mae,407,2.4590409101500215
gap_raw_lightgbm,season,2017,bias,407,0.4665547829684635
gap_raw_lightgbm,season,2017,spearman,407,0.7869321555831669
gap_raw_random_forest,season,2017,rmse,407,3.1141779841573145
gap_raw_random_forest,season,2017,mae,407,2.4481298775399907
gap_raw_random_forest,season,2017,bias,407,0.4759277620515047
gap_raw_random_forest,season,2017,spearman,407,0.7848144400754792
gap_shrunk_lasso,season,2017,rmse,407,3.138668134499972
gap_shrunk_lasso,season,2017,mae,407,2.442578162620421
gap_shrunk_lasso,season,2017,bias,407,0.16433882177139802
gap_shrunk_lasso,season,2017,spearman,407,0.7820377278361149
gap_shrunk_lightgbm,season,2017,rmse,407,3.1211129857985673
gap_shrunk_lightgbm,season,2017,mae,407,2.4590304439385133
gap_shrunk_lightgbm,season,2017,bias,407,0.4837455927266125
gap_shrunk_lightgbm,season,2017,spearman,407,0.7877399890535103
gap_shrunk_random_forest,season,2017,rmse,407,3.1205097296948137
gap_shrunk_random_forest,season,2017,mae,407,2.4331439103518373
gap_shrunk_random_forest,season,2017,bias,407,0.4723226676366185
gap_shrunk_random_forest,season,2017,spearman,407,0.7884872189626921
incumbent_lasso,season,2017,rmse,407,3.1505787209215095
incumbent_lasso,season,2017,mae,407,2.4533533268230863
incumbent_lasso,season,2017,bias,407,0.1574297628088693
incumbent_lasso,season,2017,spearman,407,0.7779985523010268
incumbent_lightgbm,season,2017,rmse,407,3.1321055322393154
incumbent_lightgbm,season,2017,mae,407,2.4569435373733097
incumbent_lightgbm,season,2017,bias,407,0.4648641196494398
incumbent_lightgbm,season,2017,spearman,407,0.7849781895053476
incumbent_random_forest,season,2017,rmse,407,3.1049176402162284
incumbent_random_forest,season,2017,mae,407,2.4140187746047426
incumbent_random_forest,season,2017,bias,407,0.4551479018907606
incumbent_random_forest,season,2017,spearman,407,0.7900091056327447
incumbent_tree_average,season,2017,rmse,407,3.1094641844023485
incumbent_tree_average,season,2017,mae,407,2.4287643793723315
incumbent_tree_average,season,2017,bias,407,0.4600060107701003
incumbent_tree_average,season,2017,spearman,407,0.7879463547722971
incumbent_equal_thirds,season,2017,rmse,407,3.092215725306898
incumbent_equal_thirds,season,2017,mae,407,2.40639920729459
incumbent_equal_thirds,season,2017,bias,407,0.35914726144969
incumbent_equal_thirds,season,2017,spearman,407,0.7879904968219468
incumbent_causal_lasso_tree,season,2017,rmse,407,3.1094641844023485
incumbent_causal_lasso_tree,season,2017,mae,407,2.4287643793723315
incumbent_causal_lasso_tree,season,2017,bias,407,0.4600060107701003
incumbent_causal_lasso_tree,season,2017,spearman,407,0.7879463547722971
gap_raw_tree_average,season,2017,rmse,407,3.1048918759596447
gap_raw_tree_average,season,2017,mae,407,2.4433221404201912
gap_raw_tree_average,season,2017,bias,407,0.47124127250998415
gap_raw_tree_average,season,2017,spearman,407,0.7853736564431135
gap_raw_equal_thirds,season,2017,rmse,407,3.0810507553039863
gap_raw_equal_thirds,season,2017,mae,407,2.4099861006355465
gap_raw_equal_thirds,season,2017,bias,407,0.3723826797287453
gap_raw_equal_thirds,season,2017,spearman,407,0.7899010644063841
gap_raw_causal_lasso_tree,season,2017,rmse,407,3.1048918759596447
gap_raw_causal_lasso_tree,season,2017,mae,407,2.4433221404201912
gap_raw_causal_lasso_tree,season,2017,bias,407,0.47124127250998415
gap_raw_causal_lasso_tree,season,2017,spearman,407,0.7853736564431135
gap_shrunk_tree_average,season,2017,rmse,407,3.111321056483193
gap_shrunk_tree_average,season,2017,mae,407,2.439689530459393
gap_shrunk_tree_average,season,2017,bias,407,0.4780341301816155
gap_shrunk_tree_average,season,2017,spearman,407,0.7888449480693003
gap_shrunk_equal_thirds,season,2017,rmse,407,3.0880886679766135
gap_shrunk_equal_thirds,season,2017,mae,407,2.4060894097005523
gap_shrunk_equal_thirds,season,2017,bias,407,0.3734690273782097
gap_shrunk_equal_thirds,season,2017,spearman,407,0.7905743196596108
gap_shrunk_causal_lasso_tree,season,2017,rmse,407,3.111321056483193
gap_shrunk_causal_lasso_tree,season,2017,mae,407,2.439689530459393
gap_shrunk_causal_lasso_tree,season,2017,bias,407,0.4780341301816155
gap_shrunk_causal_lasso_tree,season,2017,spearman,407,0.7888449480693003
gap_raw_lasso,season,2018,rmse,405,3.471067226351325
gap_raw_lasso,season,2018,mae,405,2.6536571550806554
gap_raw_lasso,season,2018,bias,405,-0.7409254097167652
gap_raw_lasso,season,2018,spearman,405,0.7863379654786228
gap_raw_lightgbm,season,2018,rmse,405,3.3396462181145963
gap_raw_lightgbm,season,2018,mae,405,2.576259499706776
gap_raw_lightgbm,season,2018,bias,405,-0.34326877680528145
gap_raw_lightgbm,season,2018,spearman,405,0.7889726827543069
gap_raw_random_forest,season,2018,rmse,405,3.371571088255964
gap_raw_random_forest,season,2018,mae,405,2.6225157869784463
gap_raw_random_forest,season,2018,bias,405,-0.35017735219410084
gap_raw_random_forest,season,2018,spearman,405,0.7853817365053636
gap_shrunk_lasso,season,2018,rmse,405,3.4761405888701087
gap_shrunk_lasso,season,2018,mae,405,2.655632177708769
gap_shrunk_lasso,season,2018,bias,405,-0.7479738560132817
gap_shrunk_lasso,season,2018,spearman,405,0.7871183393644224
gap_shrunk_lightgbm,season,2018,rmse,405,3.332617788685812
gap_shrunk_lightgbm,season,2018,mae,405,2.5769816532937235
gap_shrunk_lightgbm,season,2018,bias,405,-0.34709026416457345
gap_shrunk_lightgbm,season,2018,spearman,405,0.7867344911620814
gap_shrunk_random_forest,season,2018,rmse,405,3.383316678536499
gap_shrunk_random_forest,season,2018,mae,405,2.6252975940531518
gap_shrunk_random_forest,season,2018,bias,405,-0.3917836007927591
gap_shrunk_random_forest,season,2018,spearman,405,0.7862876566528831
incumbent_lasso,season,2018,rmse,405,3.4818516700311597
incumbent_lasso,season,2018,mae,405,2.657243609741492
incumbent_lasso,season,2018,bias,405,-0.7324154646800624
incumbent_lasso,season,2018,spearman,405,0.7871672933743881
incumbent_lightgbm,season,2018,rmse,405,3.357804913382806
incumbent_lightgbm,season,2018,mae,405,2.595774126108937
incumbent_lightgbm,season,2018,bias,405,-0.35215444357880027
incumbent_lightgbm,season,2018,spearman,405,0.7860371770514346
incumbent_random_forest,season,2018,rmse,405,3.3829856297744576
incumbent_random_forest,season,2018,mae,405,2.6113609809343354
incumbent_random_forest,season,2018,bias,405,-0.4115793620598709
incumbent_random_forest,season,2018,spearman,405,0.7868959141509598
incumbent_tree_average,season,2018,rmse,405,3.3619246702869754
incumbent_tree_average,season,2018,mae,405,2.59448915506371
incumbent_tree_average,season,2018,bias,405,-0.3818669028193356
incumbent_tree_average,season,2018,spearman,405,0.7875082553441674
incumbent_equal_thirds,season,2018,rmse,405,3.3614855392039753
incumbent_equal_thirds,season,2018,mae,405,2.5864914840322455
incumbent_equal_thirds,season,2018,bias,405,-0.4987164234395779
incumbent_equal_thirds,season,2018,spearman,405,0.7928556228829263
incumbent_causal_lasso_tree,season,2018,rmse,405,3.3619246702869754
incumbent_causal_lasso_tree,season,2018,mae,405,2.59448915506371
incumbent_causal_lasso_tree,season,2018,bias,405,-0.3818669028193356
incumbent_causal_lasso_tree,season,2018,spearman,405,0.7875082553441674
gap_raw_tree_average,season,2018,rmse,405,3.3458894634831795
gap_raw_tree_average,season,2018,mae,405,2.5932897643224986
gap_raw_tree_average,season,2018,bias,405,-0.34672306449969115
gap_raw_tree_average,season,2018,spearman,405,0.7886814354833631
gap_raw_equal_thirds,season,2018,rmse,405,3.346975507500991
gap_raw_equal_thirds,season,2018,mae,405,2.5836631435917146
gap_raw_equal_thirds,season,2018,bias,405,-0.4781238462387159
gap_raw_equal_thirds,season,2018,spearman,405,0.7936736606472419
gap_raw_causal_lasso_tree,season,2018,rmse,405,3.3458894634831795
gap_raw_causal_lasso_tree,season,2018,mae,405,2.5932897643224986
gap_raw_causal_lasso_tree,season,2018,bias,405,-0.34672306449969115
gap_raw_causal_lasso_tree,season,2018,spearman,405,0.7886814354833631
gap_shrunk_tree_average,season,2018,rmse,405,3.349268652359941
gap_shrunk_tree_average,season,2018,mae,405,2.595873718755741
gap_shrunk_tree_average,season,2018,bias,405,-0.36943693247866616
gap_shrunk_tree_average,season,2018,spearman,405,0.7865147237765986
gap_shrunk_equal_thirds,season,2018,rmse,405,3.3525389461100974
gap_shrunk_equal_thirds,season,2018,mae,405,2.588375926892939
gap_shrunk_equal_thirds,season,2018,bias,405,-0.4956159069902047
gap_shrunk_equal_thirds,season,2018,spearman,405,0.793746730377984
gap_shrunk_causal_lasso_tree,season,2018,rmse,405,3.349268652359941
gap_shrunk_causal_lasso_tree,season,2018,mae,405,2.595873718755741
gap_shrunk_causal_lasso_tree,season,2018,bias,405,-0.36943693247866616
gap_shrunk_causal_lasso_tree,season,2018,spearman,405,0.7865147237765986
gap_raw_lasso,season,2019,rmse,387,3.2292747062285083
gap_raw_lasso,season,2019,mae,387,2.5376284258345936
gap_raw_lasso,season,2019,bias,387,-0.4378041105723873
gap_raw_lasso,season,2019,spearman,387,0.7862012850893284
gap_raw_lightgbm,season,2019,rmse,387,3.113372248429703
gap_raw_lightgbm,season,2019,mae,387,2.4700126071739477
gap_raw_lightgbm,season,2019,bias,387,-0.045057169624681113
gap_raw_lightgbm,season,2019,spearman,387,0.7921240410227999
gap_raw_random_forest,season,2019,rmse,387,3.1522476601368554
gap_raw_random_forest,season,2019,mae,387,2.4831586567889268
gap_raw_random_forest,season,2019,bias,387,0.005882396435878138
gap_raw_random_forest,season,2019,spearman,387,0.7912944369739509
gap_shrunk_lasso,season,2019,rmse,387,3.226623663656519
gap_shrunk_lasso,season,2019,mae,387,2.535860770685733
gap_shrunk_lasso,season,2019,bias,387,-0.4502567854663111
gap_shrunk_lasso,season,2019,spearman,387,0.7867599790064281
gap_shrunk_lightgbm,season,2019,rmse,387,3.106258485604523
gap_shrunk_lightgbm,season,2019,mae,387,2.4551586682080617
gap_shrunk_lightgbm,season,2019,bias,387,-0.016520615211784575
gap_shrunk_lightgbm,season,2019,spearman,387,0.7974203391409156
gap_shrunk_random_forest,season,2019,rmse,387,3.1535921049378657
gap_shrunk_random_forest,season,2019,mae,387,2.4782673476992128
gap_shrunk_random_forest,season,2019,bias,387,0.009177271828600238
gap_shrunk_random_forest,season,2019,spearman,387,0.7924641020785108
incumbent_lasso,season,2019,rmse,387,3.2259621068405746
incumbent_lasso,season,2019,mae,387,2.5388221865940204
incumbent_lasso,season,2019,bias,387,-0.4434675867016672
incumbent_lasso,season,2019,spearman,387,0.7886353355011806
incumbent_lightgbm,season,2019,rmse,387,3.141438181011097
incumbent_lightgbm,season,2019,mae,387,2.491793879655002
incumbent_lightgbm,season,2019,bias,387,-0.015831253402755024
incumbent_lightgbm,season,2019,spearman,387,0.7867760245052516
incumbent_random_forest,season,2019,rmse,387,3.137541625889395
incumbent_random_forest,season,2019,mae,387,2.47343385685159
incumbent_random_forest,season,2019,bias,387,-0.005060874999664705
incumbent_random_forest,season,2019,spearman,387,0.7930587172091057
incumbent_tree_average,season,2019,rmse,387,3.1307138344628997
incumbent_tree_average,season,2019,mae,387,2.4772562451461986
incumbent_tree_average,season,2019,bias,387,-0.010446064201209838
incumbent_tree_average,season,2019,spearman,387,0.7906260125487677
incumbent_equal_thirds,season,2019,rmse,387,3.1173280550892986
incumbent_equal_thirds,season,2019,mae,387,2.466240722696302
incumbent_equal_thirds,season,2019,bias,387,-0.15478657170136229
incumbent_equal_thirds,season,2019,spearman,387,0.7950346945093837
incumbent_causal_lasso_tree,season,2019,rmse,387,3.1164241868366505
incumbent_causal_lasso_tree,season,2019,mae,387,2.465126884011768
incumbent_causal_lasso_tree,season,2019,bias,387,-0.11651825345251964
incumbent_causal_lasso_tree,season,2019,spearman,387,0.7943483612371267
gap_raw_tree_average,season,2019,rmse,387,3.122522056071599
gap_raw_tree_average,season,2019,mae,387,2.467006220078537
gap_raw_tree_average,season,2019,bias,387,-0.019587386594401464
gap_raw_tree_average,season,2019,spearman,387,0.7934612004312077
gap_raw_equal_thirds,season,2019,rmse,387,3.1140160651908255
gap_raw_equal_thirds,season,2019,mae,387,2.4609369489202813
gap_raw_equal_thirds,season,2019,bias,387,-0.15899296125373008
gap_raw_equal_thirds,season,2019,spearman,387,0.7952206152570419
gap_raw_causal_lasso_tree,season,2019,rmse,387,3.1120970803293493
gap_raw_causal_lasso_tree,season,2019,mae,387,2.4584041750701364
gap_raw_causal_lasso_tree,season,2019,bias,387,-0.1300200410184174
gap_raw_causal_lasso_tree,season,2019,spearman,387,0.7944809695209518
gap_shrunk_tree_average,season,2019,rmse,387,3.119721528308298
gap_shrunk_tree_average,season,2019,mae,387,2.4612902001421686
gap_shrunk_tree_average,season,2019,bias,387,-0.003671671691592167
gap_shrunk_tree_average,season,2019,spearman,387,0.7957434914799937
gap_shrunk_equal_thirds,season,2019,rmse,387,3.111347482377414
gap_shrunk_equal_thirds,season,2019,mae,387,2.4561298277342973
gap_shrunk_equal_thirds,season,2019,bias,387,-0.15253337628316516
gap_shrunk_equal_thirds,season,2019,spearman,387,0.7969400716148382
gap_shrunk_causal_lasso_tree,season,2019,rmse,387,3.1092868173304624
gap_shrunk_causal_lasso_tree,season,2019,mae,387,2.4533088725178747
gap_shrunk_causal_lasso_tree,season,2019,bias,387,-0.11710907079404177
gap_shrunk_causal_lasso_tree,season,2019,spearman,387,0.7980006273273983
gap_raw_lasso,season,2020,rmse,419,3.2572775031403927
gap_raw_lasso,season,2020,mae,419,2.4527943310014955
gap_raw_lasso,season,2020,bias,419,-0.2265980551747463
gap_raw_lasso,season,2020,spearman,419,0.8053664900168792
gap_raw_lightgbm,season,2020,rmse,419,3.2002240791507663
gap_raw_lightgbm,season,2020,mae,419,2.4412075734388354
gap_raw_lightgbm,season,2020,bias,419,-0.20460782217785703
gap_raw_lightgbm,season,2020,spearman,419,0.8132030754007391
gap_raw_random_forest,season,2020,rmse,419,3.2523507340714497
gap_raw_random_forest,season,2020,mae,419,2.4840619994882878
gap_raw_random_forest,season,2020,bias,419,-0.22550805131958898
gap_raw_random_forest,season,2020,spearman,419,0.8099000390012283
gap_shrunk_lasso,season,2020,rmse,419,3.2598445043567295
gap_shrunk_lasso,season,2020,mae,419,2.4513824745176516
gap_shrunk_lasso,season,2020,bias,419,-0.22562232260348952
gap_shrunk_lasso,season,2020,spearman,419,0.8063806066128817
gap_shrunk_lightgbm,season,2020,rmse,419,3.183216369568385
gap_shrunk_lightgbm,season,2020,mae,419,2.4273279273048125
gap_shrunk_lightgbm,season,2020,bias,419,-0.19500766167684147
gap_shrunk_lightgbm,season,2020,spearman,419,0.8145711907119872
gap_shrunk_random_forest,season,2020,rmse,419,3.253553332720194
gap_shrunk_random_forest,season,2020,mae,419,2.474175618858898
gap_shrunk_random_forest,season,2020,bias,419,-0.2678581122526395
gap_shrunk_random_forest,season,2020,spearman,419,0.8133414937923917
incumbent_lasso,season,2020,rmse,419,3.24842981735597
incumbent_lasso,season,2020,mae,419,2.454189526070858
incumbent_lasso,season,2020,bias,419,-0.24103849602174207
incumbent_lasso,season,2020,spearman,419,0.8069309359519975
incumbent_lightgbm,season,2020,rmse,419,3.2451170641033094
incumbent_lightgbm,season,2020,mae,419,2.475084927898085
incumbent_lightgbm,season,2020,bias,419,-0.17208129066315897
incumbent_lightgbm,season,2020,spearman,419,0.8078608272756274
incumbent_random_forest,season,2020,rmse,419,3.275063994168713
incumbent_random_forest,season,2020,mae,419,2.4910244331262463
incumbent_random_forest,season,2020,bias,419,-0.23662426429830702
incumbent_random_forest,season,2020,spearman,419,0.8086851056225218
incumbent_tree_average,season,2020,rmse,419,3.247515349085243
incumbent_tree_average,season,2020,mae,419,2.4664221443795915
incumbent_tree_average,season,2020,bias,419,-0.204352777480733
incumbent_tree_average,season,2020,spearman,419,0.8097999568759733
incumbent_equal_thirds,season,2020,rmse,419,3.2262052784484045
incumbent_equal_thirds,season,2020,mae,419,2.442992584076482
incumbent_equal_thirds,season,2020,bias,419,-0.21658135032773593
incumbent_equal_thirds,season,2020,spearman,419,0.8116111415469485
incumbent_causal_lasso_tree,season,2020,rmse,419,3.229416946697121
incumbent_causal_lasso_tree,season,2020,mae,419,2.4472152378560694
incumbent_causal_lasso_tree,season,2020,bias,419,-0.21360012626149213
incumbent_causal_lasso_tree,season,2020,spearman,419,0.8117156282645129
gap_raw_tree_average,season,2020,rmse,419,3.215241418637762
gap_raw_tree_average,season,2020,mae,419,2.450468891104488
gap_raw_tree_average,season,2020,bias,419,-0.21505793674872303
gap_raw_tree_average,season,2020,spearman,419,0.813348100680856
gap_raw_equal_thirds,season,2020,rmse,419,3.2072915562643747
gap_raw_equal_thirds,season,2020,mae,419,2.432800240236783
gap_raw_equal_thirds,season,2020,bias,419,-0.2189046428907307
gap_raw_equal_thirds,season,2020,spearman,419,0.8132622111308205
gap_raw_causal_lasso_tree,season,2020,rmse,419,3.207195954017586
gap_raw_causal_lasso_tree,season,2020,mae,419,2.4358443477584206
gap_raw_causal_lasso_tree,season,2020,bias,419,-0.2179653806183001
gap_raw_causal_lasso_tree,season,2020,spearman,419,0.8135130281928897
gap_shrunk_tree_average,season,2020,rmse,419,3.206363734213489
gap_shrunk_tree_average,season,2020,mae,419,2.4421180128271818
gap_shrunk_tree_average,season,2020,bias,419,-0.2314328869647405
gap_shrunk_tree_average,season,2020,spearman,419,0.8148013714434212
gap_shrunk_equal_thirds,season,2020,rmse,419,3.2029103652601196
gap_shrunk_equal_thirds,season,2020,mae,419,2.428723723251004
gap_shrunk_equal_thirds,season,2020,bias,419,-0.22949603217765674
gap_shrunk_equal_thirds,season,2020,spearman,419,0.8145994942959022
gap_shrunk_causal_lasso_tree,season,2020,rmse,419,3.20173687202711
gap_shrunk_causal_lasso_tree,season,2020,mae,419,2.4311997494834805
gap_shrunk_causal_lasso_tree,season,2020,bias,419,-0.23000921596345902
gap_shrunk_causal_lasso_tree,season,2020,spearman,419,0.8150061849858136
gap_raw_lasso,season,2021,rmse,417,3.093797696598527
gap_raw_lasso,season,2021,mae,417,2.3862275672460744
gap_raw_lasso,season,2021,bias,417,0.29947800684092135
gap_raw_lasso,season,2021,spearman,417,0.8000000330984249
gap_raw_lightgbm,season,2021,rmse,417,3.0629706832040475
gap_raw_lightgbm,season,2021,mae,417,2.370691564355705
gap_raw_lightgbm,season,2021,bias,417,0.19609517138983906
gap_raw_lightgbm,season,2021,spearman,417,0.8080718004931079
gap_raw_random_forest,season,2021,rmse,417,3.0469023034736273
gap_raw_random_forest,season,2021,mae,417,2.3587935631370933
gap_raw_random_forest,season,2021,bias,417,0.20578996737040242
gap_raw_random_forest,season,2021,spearman,417,0.809141902303982
gap_shrunk_lasso,season,2021,rmse,417,3.0959272505336144
gap_shrunk_lasso,season,2021,mae,417,2.392797640979512
gap_shrunk_lasso,season,2021,bias,417,0.3046725126075724
gap_shrunk_lasso,season,2021,spearman,417,0.7995124950048568
gap_shrunk_lightgbm,season,2021,rmse,417,3.0964930284820293
gap_shrunk_lightgbm,season,2021,mae,417,2.396834316373149
gap_shrunk_lightgbm,season,2021,bias,417,0.17154270053801018
gap_shrunk_lightgbm,season,2021,spearman,417,0.8048611817611774
gap_shrunk_random_forest,season,2021,rmse,417,3.0414808039215577
gap_shrunk_random_forest,season,2021,mae,417,2.3540300081593775
gap_shrunk_random_forest,season,2021,bias,417,0.18519727155838034
gap_shrunk_random_forest,season,2021,spearman,417,0.8097250945350805
incumbent_lasso,season,2021,rmse,417,3.0866596708985496
incumbent_lasso,season,2021,mae,417,2.3892478878941352
incumbent_lasso,season,2021,bias,417,0.2745703564037911
incumbent_lasso,season,2021,spearman,417,0.7978748734145977
incumbent_lightgbm,season,2021,rmse,417,3.0581951743355527
incumbent_lightgbm,season,2021,mae,417,2.3685482796948945
incumbent_lightgbm,season,2021,bias,417,0.21192545669260449
incumbent_lightgbm,season,2021,spearman,417,0.8083455983261193
incumbent_random_forest,season,2021,rmse,417,3.037826895546309
incumbent_random_forest,season,2021,mae,417,2.344205790703534
incumbent_random_forest,season,2021,bias,417,0.20321514574879534
incumbent_random_forest,season,2021,spearman,417,0.8094812092418767
incumbent_tree_average,season,2021,rmse,417,3.036795410427395
incumbent_tree_average,season,2021,mae,417,2.349873088866696
incumbent_tree_average,season,2021,bias,417,0.2075703012206999
incumbent_tree_average,season,2021,spearman,417,0.8107822210282261
incumbent_equal_thirds,season,2021,rmse,417,3.0319652356376703
incumbent_equal_thirds,season,2021,mae,417,2.3454743992212164
incumbent_equal_thirds,season,2021,bias,417,0.229903652948397
incumbent_equal_thirds,season,2021,spearman,417,0.8075999840963792
incumbent_causal_lasso_tree,season,2021,rmse,417,3.0313877928529847
incumbent_causal_lasso_tree,season,2021,mae,417,2.345449660998271
incumbent_causal_lasso_tree,season,2021,bias,417,0.2271162574742639
incumbent_causal_lasso_tree,season,2021,spearman,417,0.8077987394427388
gap_raw_tree_average,season,2021,rmse,417,3.0448875606812624
gap_raw_tree_average,season,2021,mae,417,2.3600831504827373
gap_raw_tree_average,season,2021,bias,417,0.20094256938012076
gap_raw_tree_average,season,2021,spearman,417,0.8098778097310945
gap_raw_equal_thirds,season,2021,rmse,417,3.0376924643363252
gap_raw_equal_thirds,season,2021,mae,417,2.3497356482305976
gap_raw_equal_thirds,season,2021,bias,417,0.23378771520038769
gap_raw_equal_thirds,season,2021,spearman,417,0.8082407673612455
gap_raw_causal_lasso_tree,season,2021,rmse,417,3.0372504150080686
gap_raw_causal_lasso_tree,season,2021,mae,417,2.3496809619473145
gap_raw_causal_lasso_tree,season,2021,bias,417,0.22632906901155028
gap_raw_causal_lasso_tree,season,2021,spearman,417,0.8087809317663391
gap_shrunk_tree_average,season,2021,rmse,417,3.057285080846858
gap_shrunk_tree_average,season,2021,mae,417,2.3685242913603917
gap_shrunk_tree_average,season,2021,bias,417,0.1783699860481953
gap_shrunk_tree_average,season,2021,spearman,417,0.8087804352917021
gap_shrunk_equal_thirds,season,2021,rmse,417,3.0472581118688935
gap_shrunk_equal_thirds,season,2021,mae,417,2.3564715959568243
gap_shrunk_equal_thirds,season,2021,bias,417,0.2204708282346542
gap_shrunk_equal_thirds,season,2021,spearman,417,0.8065585457994262
gap_shrunk_causal_lasso_tree,season,2021,rmse,417,3.047731913471142
gap_shrunk_causal_lasso_tree,season,2021,mae,417,2.3577985307795566
gap_shrunk_causal_lasso_tree,season,2021,bias,417,0.20881107818454014
gap_shrunk_causal_lasso_tree,season,2021,spearman,417,0.8072375576113441
gap_raw_lasso,season,2022,rmse,425,2.811917209823614
gap_raw_lasso,season,2022,mae,425,2.2695772524037614
gap_raw_lasso,season,2022,bias,425,0.5585163676398175
gap_raw_lasso,season,2022,spearman,425,0.8268884330313011
gap_raw_lightgbm,season,2022,rmse,425,2.859380571829859
gap_raw_lightgbm,season,2022,mae,425,2.330925019440361
gap_raw_lightgbm,season,2022,bias,425,0.6447311330013764
gap_raw_lightgbm,season,2022,spearman,425,0.8221535477976895
gap_raw_random_forest,season,2022,rmse,425,2.8814178591469535
gap_raw_random_forest,season,2022,mae,425,2.354581141946558
gap_raw_random_forest,season,2022,bias,425,0.6363019244933866
gap_raw_random_forest,season,2022,spearman,425,0.8235901700660346
gap_shrunk_lasso,season,2022,rmse,425,2.808814674604789
gap_shrunk_lasso,season,2022,mae,425,2.268452159764161
gap_shrunk_lasso,season,2022,bias,425,0.5555323032786086
gap_shrunk_lasso,season,2022,spearman,425,0.8261409059612891
gap_shrunk_lightgbm,season,2022,rmse,425,2.864350764804672
gap_shrunk_lightgbm,season,2022,mae,425,2.329864511874881
gap_shrunk_lightgbm,season,2022,bias,425,0.6395504609998338
gap_shrunk_lightgbm,season,2022,spearman,425,0.8242219874025409
gap_shrunk_random_forest,season,2022,rmse,425,2.868303433064824
gap_shrunk_random_forest,season,2022,mae,425,2.330926432164868
gap_shrunk_random_forest,season,2022,bias,425,0.6556741509145863
gap_shrunk_random_forest,season,2022,spearman,425,0.823073965904806
incumbent_lasso,season,2022,rmse,425,2.8116160373041446
incumbent_lasso,season,2022,mae,425,2.267490738619687
incumbent_lasso,season,2022,bias,425,0.560367149559589
incumbent_lasso,season,2022,spearman,425,0.8264280676567328
incumbent_lightgbm,season,2022,rmse,425,2.8530855807463187
incumbent_lightgbm,season,2022,mae,425,2.321565936709955
incumbent_lightgbm,season,2022,bias,425,0.6516991724578063
incumbent_lightgbm,season,2022,spearman,425,0.8242851410905971
incumbent_random_forest,season,2022,rmse,425,2.888699618058408
incumbent_random_forest,season,2022,mae,425,2.355444119648958
incumbent_random_forest,season,2022,bias,425,0.6776878703514743
incumbent_random_forest,season,2022,spearman,425,0.8205319518000377
incumbent_tree_average,season,2022,rmse,425,2.861279887598314
incumbent_tree_average,season,2022,mae,425,2.333249807055
incumbent_tree_average,season,2022,bias,425,0.6646935214046402
incumbent_tree_average,season,2022,spearman,425,0.8240634778983602
incumbent_equal_thirds,season,2022,rmse,425,2.8217148238848484
incumbent_equal_thirds,season,2022,mae,425,2.293731915683191
incumbent_equal_thirds,season,2022,bias,425,0.6299180641229564
incumbent_equal_thirds,season,2022,spearman,425,0.8272856447178133
incumbent_causal_lasso_tree,season,2022,rmse,425,2.8260445809087003
incumbent_causal_lasso_tree,season,2022,mae,425,2.29832926869512
incumbent_causal_lasso_tree,season,2022,bias,425,0.6349540357856355
incumbent_causal_lasso_tree,season,2022,spearman,425,0.8267589210744829
gap_raw_tree_average,season,2022,rmse,425,2.8610343323891336
gap_raw_tree_average,season,2022,mae,425,2.3350951326664195
gap_raw_tree_average,season,2022,bias,425,0.6405165287473816
gap_raw_tree_average,season,2022,spearman,425,0.8242364470959698
gap_raw_equal_thirds,season,2022,rmse,425,2.822584305062343
gap_raw_equal_thirds,season,2022,mae,425,2.29747413790014
gap_raw_equal_thirds,season,2022,bias,425,0.6131831417115269
gap_raw_equal_thirds,season,2022,spearman,425,0.8271125191991938
gap_raw_causal_lasso_tree,season,2022,rmse,425,2.829268996401083
gap_raw_causal_lasso_tree,season,2022,mae,425,2.304586106015638
gap_raw_causal_lasso_tree,season,2022,bias,425,0.6192686314058021
gap_raw_causal_lasso_tree,season,2022,spearman,425,0.8262819075123452
gap_shrunk_tree_average,season,2022,rmse,425,2.857110169967647
gap_shrunk_tree_average,season,2022,mae,425,2.3262458477948655
gap_shrunk_tree_average,season,2022,bias,425,0.6476123059572101
gap_shrunk_tree_average,season,2022,spearman,425,0.825669832597533
gap_shrunk_equal_thirds,season,2022,rmse,425,2.819393488311326
gap_shrunk_equal_thirds,season,2022,mae,425,2.2896264482017976
gap_shrunk_equal_thirds,season,2022,bias,425,0.6169189717310096
gap_shrunk_equal_thirds,season,2022,spearman,425,0.8282231018150241
gap_shrunk_causal_lasso_tree,season,2022,rmse,425,2.826730140605706
gap_shrunk_causal_lasso_tree,season,2022,mae,425,2.297541067936485
gap_shrunk_causal_lasso_tree,season,2022,bias,425,0.6244950370738701
gap_shrunk_causal_lasso_tree,season,2022,spearman,425,0.8282698417970261
gap_raw_lasso,season,2023,rmse,413,3.179677823670046
gap_raw_lasso,season,2023,mae,413,2.409198999797793
gap_raw_lasso,season,2023,bias,413,0.33019390188288605
gap_raw_lasso,season,2023,spearman,413,0.8052295083636365
gap_raw_lightgbm,season,2023,rmse,413,3.226631730981731
gap_raw_lightgbm,season,2023,mae,413,2.505977187791556
gap_raw_lightgbm,season,2023,bias,413,0.4228400277002693
gap_raw_lightgbm,season,2023,spearman,413,0.8011474896492592
gap_raw_random_forest,season,2023,rmse,413,3.1852102883458833
gap_raw_random_forest,season,2023,mae,413,2.473039025227425
gap_raw_random_forest,season,2023,bias,413,0.4598913292759973
gap_raw_random_forest,season,2023,spearman,413,0.8071312592682524
gap_shrunk_lasso,season,2023,rmse,413,3.17393674587811
gap_shrunk_lasso,season,2023,mae,413,2.4085880716937584
gap_shrunk_lasso,season,2023,bias,413,0.3313334985134506
gap_shrunk_lasso,season,2023,spearman,413,0.8060796237245721
gap_shrunk_lightgbm,season,2023,rmse,413,3.208742309189319
gap_shrunk_lightgbm,season,2023,mae,413,2.488860198732358
gap_shrunk_lightgbm,season,2023,bias,413,0.412284397294095
gap_shrunk_lightgbm,season,2023,spearman,413,0.8045769952106331
gap_shrunk_random_forest,season,2023,rmse,413,3.1853690146366094
gap_shrunk_random_forest,season,2023,mae,413,2.4781774957426626
gap_shrunk_random_forest,season,2023,bias,413,0.4889962606591154
gap_shrunk_random_forest,season,2023,spearman,413,0.8085623421551815
incumbent_lasso,season,2023,rmse,413,3.1767905869501445
incumbent_lasso,season,2023,mae,413,2.412283556963828
incumbent_lasso,season,2023,bias,413,0.3406456365605881
incumbent_lasso,season,2023,spearman,413,0.807077600047995
incumbent_lightgbm,season,2023,rmse,413,3.221331183413689
incumbent_lightgbm,season,2023,mae,413,2.501403255016205
incumbent_lightgbm,season,2023,bias,413,0.4650907891515946
incumbent_lightgbm,season,2023,spearman,413,0.8047975090538816
incumbent_random_forest,season,2023,rmse,413,3.1711437042461226
incumbent_random_forest,season,2023,mae,413,2.46092397856022
incumbent_random_forest,season,2023,bias,413,0.4813066672887093
incumbent_random_forest,season,2023,spearman,413,0.8105613610431845
incumbent_tree_average,season,2023,rmse,413,3.1877742658847588
incumbent_tree_average,season,2023,mae,413,2.4774465394947245
incumbent_tree_average,season,2023,bias,413,0.47319872822015185
incumbent_tree_average,season,2023,spearman,413,0.8089220292776373
incumbent_equal_thirds,season,2023,rmse,413,3.165629399561589
incumbent_equal_thirds,season,2023,mae,413,2.4326750605077576
incumbent_equal_thirds,season,2023,bias,413,0.4290143643336306
incumbent_equal_thirds,season,2023,spearman,413,0.8105918531080293
incumbent_causal_lasso_tree,season,2023,rmse,413,3.165418255035634
incumbent_causal_lasso_tree,season,2023,mae,413,2.4322522207588504
incumbent_causal_lasso_tree,season,2023,bias,413,0.42828545049981825
incumbent_causal_lasso_tree,season,2023,spearman,413,0.8105633200305907
gap_raw_tree_average,season,2023,rmse,413,3.197601409661302
gap_raw_tree_average,season,2023,mae,413,2.484711268831395
gap_raw_tree_average,season,2023,bias,413,0.4413656784881333
gap_raw_tree_average,season,2023,spearman,413,0.8051942465903246
gap_raw_equal_thirds,season,2023,rmse,413,3.1729826933685366
gap_raw_equal_thirds,season,2023,mae,413,2.441806941742319
gap_raw_equal_thirds,season,2023,bias,413,0.4043084196197176
gap_raw_equal_thirds,season,2023,spearman,413,0.8066180897411871
gap_raw_causal_lasso_tree,season,2023,rmse,413,3.1739161772839455
gap_raw_causal_lasso_tree,season,2023,mae,413,2.4435057491568912
gap_raw_causal_lasso_tree,season,2023,bias,413,0.40648324457588464
gap_raw_causal_lasso_tree,season,2023,spearman,413,0.8067166353250568
gap_shrunk_tree_average,season,2023,rmse,413,3.18796960112285
gap_shrunk_tree_average,season,2023,mae,413,2.47684227784276
gap_shrunk_tree_average,season,2023,bias,413,0.45064032897660516
gap_shrunk_tree_average,season,2023,spearman,413,0.807973879373025
gap_shrunk_equal_thirds,season,2023,rmse,413,3.1642393185900803
gap_shrunk_equal_thirds,season,2023,mae,413,2.435370727145825
gap_shrunk_equal_thirds,season,2023,bias,413,0.41087138548888696
gap_shrunk_equal_thirds,season,2023,spearman,413,0.8085711150118268
gap_shrunk_causal_lasso_tree,season,2023,rmse,413,3.165439779241445
gap_shrunk_causal_lasso_tree,season,2023,mae,413,2.4379404574037298
gap_shrunk_causal_lasso_tree,season,2023,bias,413,0.41404950195798174
gap_shrunk_causal_lasso_tree,season,2023,spearman,413,0.8086791148392655
gap_raw_lasso,season,2024,rmse,407,3.1718256257278625
gap_raw_lasso,season,2024,mae,407,2.516365307740855
gap_raw_lasso,season,2024,bias,407,0.10677591696335861
gap_raw_lasso,season,2024,spearman,407,0.8040832309510998
gap_raw_lightgbm,season,2024,rmse,407,3.144140853575811
gap_raw_lightgbm,season,2024,mae,407,2.5332345140063715
gap_raw_lightgbm,season,2024,bias,407,0.29303997557858086
gap_raw_lightgbm,season,2024,spearman,407,0.804863006265367
gap_raw_random_forest,season,2024,rmse,407,3.146434525963722
gap_raw_random_forest,season,2024,mae,407,2.54387931777501
gap_raw_random_forest,season,2024,bias,407,0.27550846105505084
gap_raw_random_forest,season,2024,spearman,407,0.8087341681469855
gap_shrunk_lasso,season,2024,rmse,407,3.170805376676915
gap_shrunk_lasso,season,2024,mae,407,2.5159475672193174
gap_shrunk_lasso,season,2024,bias,407,0.10161752739117927
gap_shrunk_lasso,season,2024,spearman,407,0.80459157678468
gap_shrunk_lightgbm,season,2024,rmse,407,3.148973386888335
gap_shrunk_lightgbm,season,2024,mae,407,2.533124807438762
gap_shrunk_lightgbm,season,2024,bias,407,0.2976292277474798
gap_shrunk_lightgbm,season,2024,spearman,407,0.8067815401930707
gap_shrunk_random_forest,season,2024,rmse,407,3.1438841097377517
gap_shrunk_random_forest,season,2024,mae,407,2.5508961451503644
gap_shrunk_random_forest,season,2024,bias,407,0.26746398404955035
gap_shrunk_random_forest,season,2024,spearman,407,0.8087096942141715
incumbent_lasso,season,2024,rmse,407,3.176175464650746
incumbent_lasso,season,2024,mae,407,2.5159106536095526
incumbent_lasso,season,2024,bias,407,0.08090089985818877
incumbent_lasso,season,2024,spearman,407,0.8043503973013113
incumbent_lightgbm,season,2024,rmse,407,3.1435414624404348
incumbent_lightgbm,season,2024,mae,407,2.5313634440743633
incumbent_lightgbm,season,2024,bias,407,0.2850730576316389
incumbent_lightgbm,season,2024,spearman,407,0.8109760693888829
incumbent_random_forest,season,2024,rmse,407,3.138440143887456
incumbent_random_forest,season,2024,mae,407,2.5457944860748927
incumbent_random_forest,season,2024,bias,407,0.2580754660595367
incumbent_random_forest,season,2024,spearman,407,0.8101135190003923
incumbent_tree_average,season,2024,rmse,407,3.1342225693207255
incumbent_tree_average,season,2024,mae,407,2.533078122932713
incumbent_tree_average,season,2024,bias,407,0.2715742618455878
incumbent_tree_average,season,2024,spearman,407,0.8115613078695593
incumbent_equal_thirds,season,2024,rmse,407,3.1309426321753087
incumbent_equal_thirds,season,2024,mae,407,2.514711746692812
incumbent_equal_thirds,season,2024,bias,407,0.20801647451645477
incumbent_equal_thirds,season,2024,spearman,407,0.8095009587110834
incumbent_causal_lasso_tree,season,2024,rmse,407,3.131432581051647
incumbent_causal_lasso_tree,season,2024,mae,407,2.5136837493056974
incumbent_causal_lasso_tree,season,2024,bias,407,0.20291361881440326
incumbent_causal_lasso_tree,season,2024,spearman,407,0.8094652712672343
gap_raw_tree_average,season,2024,rmse,407,3.1371045735649745
gap_raw_tree_average,season,2024,mae,407,2.528571334696638
gap_raw_tree_average,season,2024,bias,407,0.2842742183168159
gap_raw_tree_average,season,2024,spearman,407,0.8078609382241758
gap_raw_equal_thirds,season,2024,rmse,407,3.1302918601837355
gap_raw_equal_thirds,season,2024,mae,407,2.5095844079365226
gap_raw_equal_thirds,season,2024,bias,407,0.22510811786566343
gap_raw_equal_thirds,season,2024,spearman,407,0.8081558713636164
gap_raw_causal_lasso_tree,season,2024,rmse,407,3.130353694378779
gap_raw_causal_lasso_tree,season,2024,mae,407,2.509260261777777
gap_raw_causal_lasso_tree,season,2024,bias,407,0.22372130622082317
gap_raw_causal_lasso_tree,season,2024,spearman,407,0.8080463171407283
gap_shrunk_tree_average,season,2024,rmse,407,3.1388857702967927
gap_shrunk_tree_average,season,2024,mae,407,2.5370884679159142
gap_shrunk_tree_average,season,2024,bias,407,0.28254660589851516
gap_shrunk_tree_average,season,2024,spearman,407,0.8098912066943202
gap_shrunk_equal_thirds,season,2024,rmse,407,3.1313515065293345
gap_shrunk_equal_thirds,season,2024,mae,407,2.5184461230671555
gap_shrunk_equal_thirds,season,2024,bias,407,0.22223691306273635
gap_shrunk_equal_thirds,season,2024,spearman,407,0.8089087785330997
gap_shrunk_causal_lasso_tree,season,2024,rmse,407,3.1313516267492054
gap_shrunk_causal_lasso_tree,season,2024,mae,407,2.51844503885705
gap_shrunk_causal_lasso_tree,season,2024,bias,407,0.22223234982237886
gap_shrunk_causal_lasso_tree,season,2024,spearman,407,0.8089087785330997
gap_raw_lasso,season,2025,rmse,416,3.076150050959509
gap_raw_lasso,season,2025,mae,416,2.3667707168304206
gap_raw_lasso,season,2025,bias,416,-0.05382510674986508
gap_raw_lasso,season,2025,spearman,416,0.8122965444821612
gap_raw_lightgbm,season,2025,rmse,416,2.94224832191868
gap_raw_lightgbm,season,2025,mae,416,2.287552121410469
gap_raw_lightgbm,season,2025,bias,416,0.3041638152106504
gap_raw_lightgbm,season,2025,spearman,416,0.8130029675017838
gap_raw_random_forest,season,2025,rmse,416,2.965573863434021
gap_raw_random_forest,season,2025,mae,416,2.3090942145077977
gap_raw_random_forest,season,2025,bias,416,0.3788502891558654
gap_raw_random_forest,season,2025,spearman,416,0.8097928932894449
gap_shrunk_lasso,season,2025,rmse,416,3.079736897336703
gap_shrunk_lasso,season,2025,mae,416,2.3690256703264714
gap_shrunk_lasso,season,2025,bias,416,-0.05405781079035368
gap_shrunk_lasso,season,2025,spearman,416,0.8117106367629603
gap_shrunk_lightgbm,season,2025,rmse,416,2.952983006450991
gap_shrunk_lightgbm,season,2025,mae,416,2.2951896060828463
gap_shrunk_lightgbm,season,2025,bias,416,0.29102537190532957
gap_shrunk_lightgbm,season,2025,spearman,416,0.8107420137882018
gap_shrunk_random_forest,season,2025,rmse,416,2.942883260855657
gap_shrunk_random_forest,season,2025,mae,416,2.2920141907902876
gap_shrunk_random_forest,season,2025,bias,416,0.381608111019997
gap_shrunk_random_forest,season,2025,spearman,416,0.8159365066056858
incumbent_lasso,season,2025,rmse,416,3.048257652350652
incumbent_lasso,season,2025,mae,416,2.3587218293718966
incumbent_lasso,season,2025,bias,416,-0.024892825069017802
incumbent_lasso,season,2025,spearman,416,0.8140736034279366
incumbent_lightgbm,season,2025,rmse,416,2.9373336107228867
incumbent_lightgbm,season,2025,mae,416,2.2887387606885303
incumbent_lightgbm,season,2025,bias,416,0.3275882247814972
incumbent_lightgbm,season,2025,spearman,416,0.8196330592471818
incumbent_random_forest,season,2025,rmse,416,2.9649809255425335
incumbent_random_forest,season,2025,mae,416,2.305568125792666
incumbent_random_forest,season,2025,bias,416,0.3725807048118023
incumbent_random_forest,season,2025,spearman,416,0.8119484169511366
incumbent_tree_average,season,2025,rmse,416,2.942890955254191
incumbent_tree_average,season,2025,mae,416,2.29244827718833
incumbent_tree_average,season,2025,bias,416,0.3500844647966498
incumbent_tree_average,season,2025,spearman,416,0.8172554240532469
incumbent_equal_thirds,season,2025,rmse,416,2.935272497146782
incumbent_equal_thirds,season,2025,mae,416,2.26027983538855
incumbent_equal_thirds,season,2025,bias,416,0.22509203484142726
incumbent_equal_thirds,season,2025,spearman,416,0.8178023268204441
incumbent_causal_lasso_tree,season,2025,rmse,416,2.9360237098899056
incumbent_causal_lasso_tree,season,2025,mae,416,2.259987757092318
incumbent_causal_lasso_tree,season,2025,bias,416,0.2189070765988373
incumbent_causal_lasso_tree,season,2025,spearman,416,0.8176696433084999
gap_raw_tree_average,season,2025,rmse,416,2.9461038315143164
gap_raw_tree_average,season,2025,mae,416,2.2914220029595715
gap_raw_tree_average,season,2025,bias,416,0.3415070521832578
gap_raw_tree_average,season,2025,spearman,416,0.8144899062810529
gap_raw_equal_thirds,season,2025,rmse,416,2.9459487854906836
gap_raw_equal_thirds,season,2025,mae,416,2.268664868176847
gap_raw_equal_thirds,season,2025,bias,416,0.2097296658722169
gap_raw_equal_thirds,season,2025,spearman,416,0.8153181781037298
gap_raw_causal_lasso_tree,season,2025,rmse,416,2.9461881907543432
gap_raw_causal_lasso_tree,season,2025,mae,416,2.2686280023202476
gap_raw_causal_lasso_tree,season,2025,bias,416,0.20831583573936596
gap_raw_causal_lasso_tree,season,2025,spearman,416,0.8153445981246382
gap_shrunk_tree_average,season,2025,rmse,416,2.9395921586479647
gap_shrunk_tree_average,season,2025,mae,416,2.286295135394501
gap_shrunk_tree_average,season,2025,bias,416,0.3363167414626632
gap_shrunk_tree_average,season,2025,spearman,416,0.8158239089771453
gap_shrunk_equal_thirds,season,2025,rmse,416,2.9439163979391503
gap_shrunk_equal_thirds,season,2025,mae,416,2.2659449278476957
gap_shrunk_equal_thirds,season,2025,bias,416,0.20619189071165764
gap_shrunk_equal_thirds,season,2025,spearman,416,0.8161320314291917
gap_shrunk_causal_lasso_tree,season,2025,rmse,416,2.9437318818284255
gap_shrunk_causal_lasso_tree,season,2025,mae,416,2.2659155340824015
gap_shrunk_causal_lasso_tree,season,2025,bias,416,0.20711943701779859
gap_shrunk_causal_lasso_tree,season,2025,spearman,416,0.8162051240422413
gap_raw_lasso,position,QB,rmse,380,3.610039098808011
gap_raw_lasso,position,QB,mae,380,2.8321940757203348
gap_raw_lasso,position,QB,bias,380,-0.07858047637214231
gap_raw_lasso,position,QB,spearman,380,0.5717243215194487
gap_raw_lightgbm,position,QB,rmse,380,3.5337933789229563
gap_raw_lightgbm,position,QB,mae,380,2.808164977164906
gap_raw_lightgbm,position,QB,bias,380,-0.15449477399760858
gap_raw_lightgbm,position,QB,spearman,380,0.5772689366890728
gap_raw_random_forest,position,QB,rmse,380,3.5499697347438346
gap_raw_random_forest,position,QB,mae,380,2.8403659511196615
gap_raw_random_forest,position,QB,bias,380,-0.05738627332631043
gap_raw_random_forest,position,QB,spearman,380,0.5674067888321944
gap_shrunk_lasso,position,QB,rmse,380,3.608902533698389
gap_shrunk_lasso,position,QB,mae,380,2.835317457466424
gap_shrunk_lasso,position,QB,bias,380,-0.08632533235038801
gap_shrunk_lasso,position,QB,spearman,380,0.5723176337230967
gap_shrunk_lightgbm,position,QB,rmse,380,3.5331217669030526
gap_shrunk_lightgbm,position,QB,mae,380,2.826371451975095
gap_shrunk_lightgbm,position,QB,bias,380,-0.1644328774436443
gap_shrunk_lightgbm,position,QB,spearman,380,0.5797661840364582
gap_shrunk_random_forest,position,QB,rmse,380,3.576860068972198
gap_shrunk_random_forest,position,QB,mae,380,2.8513112504968214
gap_shrunk_random_forest,position,QB,bias,380,-0.10095595200142442
gap_shrunk_random_forest,position,QB,spearman,380,0.5595501586913331
incumbent_lasso,position,QB,rmse,380,3.598392150015443
incumbent_lasso,position,QB,mae,380,2.82323548767951
incumbent_lasso,position,QB,bias,380,-0.11634112343945208
incumbent_lasso,position,QB,spearman,380,0.5731431971468974
incumbent_lightgbm,position,QB,rmse,380,3.5283885582700214
incumbent_lightgbm,position,QB,mae,380,2.807007420699622
incumbent_lightgbm,position,QB,bias,380,-0.17307620919825842
incumbent_lightgbm,position,QB,spearman,380,0.5909260519878619
incumbent_random_forest,position,QB,rmse,380,3.5530274657978604
incumbent_random_forest,position,QB,mae,380,2.8123660538297
incumbent_random_forest,position,QB,bias,380,-0.07802533503194105
incumbent_random_forest,position,QB,spearman,380,0.5679094530784475
incumbent_tree_average,position,QB,rmse,380,3.5118937370337115
incumbent_tree_average,position,QB,mae,380,2.7780078263514842
incumbent_tree_average,position,QB,bias,380,-0.1255507721150997
incumbent_tree_average,position,QB,spearman,380,0.5860781904786959
incumbent_equal_thirds,position,QB,rmse,380,3.481769302032769
incumbent_equal_thirds,position,QB,mae,380,2.74211451444578
incumbent_equal_thirds,position,QB,bias,380,-0.12248088922321733
incumbent_equal_thirds,position,QB,spearman,380,0.5934180507201027
incumbent_causal_lasso_tree,position,QB,rmse,380,3.475119531478874
incumbent_causal_lasso_tree,position,QB,mae,380,2.7312399598213286
incumbent_causal_lasso_tree,position,QB,bias,380,-0.12681438984123836
incumbent_causal_lasso_tree,position,QB,spearman,380,0.5962565673980421
gap_raw_tree_average,position,QB,rmse,380,3.5150310118337393
gap_raw_tree_average,position,QB,mae,380,2.7968582582154986
gap_raw_tree_average,position,QB,bias,380,-0.10594052366195957
gap_raw_tree_average,position,QB,spearman,380,0.5776887165544994
gap_raw_equal_thirds,position,QB,rmse,380,3.487422550696831
gap_raw_equal_thirds,position,QB,mae,380,2.7591993153694867
gap_raw_equal_thirds,position,QB,bias,380,-0.09682050789868708
gap_raw_equal_thirds,position,QB,spearman,380,0.5871633416598612
gap_raw_causal_lasso_tree,position,QB,rmse,380,3.485760940637381
gap_raw_causal_lasso_tree,position,QB,mae,380,2.755217412063081
gap_raw_causal_lasso_tree,position,QB,bias,380,-0.09872582255650145
gap_raw_causal_lasso_tree,position,QB,spearman,380,0.5875967897938937
gap_shrunk_tree_average,position,QB,rmse,380,3.5326913345727684
gap_shrunk_tree_average,position,QB,mae,380,2.8282943890476053
gap_shrunk_tree_average,position,QB,bias,380,-0.13269441472253438
gap_shrunk_tree_average,position,QB,spearman,380,0.5722309222270604
gap_shrunk_equal_thirds,position,QB,rmse,380,3.5015709046021812
gap_shrunk_equal_thirds,position,QB,mae,380,2.7797656766170293
gap_shrunk_equal_thirds,position,QB,bias,380,-0.11723805393181902
gap_shrunk_equal_thirds,position,QB,spearman,380,0.5830497395402079
gap_shrunk_causal_lasso_tree,position,QB,rmse,380,3.5033267410182027
gap_shrunk_causal_lasso_tree,position,QB,mae,380,2.7817695507722098
gap_shrunk_causal_lasso_tree,position,QB,bias,380,-0.12207414637483018
gap_shrunk_causal_lasso_tree,position,QB,spearman,380,0.5822589481917408
gap_raw_lasso,position,RB,rmse,1011,3.5323673765107646
gap_raw_lasso,position,RB,mae,1011,2.7397990834064343
gap_raw_lasso,position,RB,bias,1011,-0.16203794756003784
gap_raw_lasso,position,RB,spearman,1011,0.7359655166589892
gap_raw_lightgbm,position,RB,rmse,1011,3.4811031649452646
gap_raw_lightgbm,position,RB,mae,1011,2.7521465087147896
gap_raw_lightgbm,position,RB,bias,1011,0.07974165276267703
gap_raw_lightgbm,position,RB,spearman,1011,0.7437191309944938
gap_raw_random_forest,position,RB,rmse,1011,3.495503336860417
gap_raw_random_forest,position,RB,mae,1011,2.749821375640323
gap_raw_random_forest,position,RB,bias,1011,0.03206445815677566
gap_raw_random_forest,position,RB,spearman,1011,0.7432905168391297
gap_shrunk_lasso,position,RB,rmse,1011,3.5337114450273055
gap_shrunk_lasso,position,RB,mae,1011,2.7404015920993143
gap_shrunk_lasso,position,RB,bias,1011,-0.16269440879503363
gap_shrunk_lasso,position,RB,spearman,1011,0.7361216244385733
gap_shrunk_lightgbm,position,RB,rmse,1011,3.4927650091841422
gap_shrunk_lightgbm,position,RB,mae,1011,2.7581138308749504
gap_shrunk_lightgbm,position,RB,bias,1011,0.07839773688295204
gap_shrunk_lightgbm,position,RB,spearman,1011,0.7422407695353317
gap_shrunk_random_forest,position,RB,rmse,1011,3.4883266032403286
gap_shrunk_random_forest,position,RB,mae,1011,2.7390619312018636
gap_shrunk_random_forest,position,RB,bias,1011,0.04237736093163419
gap_shrunk_random_forest,position,RB,spearman,1011,0.7463558405128409
incumbent_lasso,position,RB,rmse,1011,3.5340878080385583
incumbent_lasso,position,RB,mae,1011,2.7455971420611194
incumbent_lasso,position,RB,bias,1011,-0.17218669026354186
incumbent_lasso,position,RB,spearman,1011,0.7361810924099526
incumbent_lightgbm,position,RB,rmse,1011,3.4988980610499896
incumbent_lightgbm,position,RB,mae,1011,2.761751161756174
incumbent_lightgbm,position,RB,bias,1011,0.09378198169139502
incumbent_lightgbm,position,RB,spearman,1011,0.7441078385527782
incumbent_random_forest,position,RB,rmse,1011,3.499193082857797
incumbent_random_forest,position,RB,mae,1011,2.7463241666440554
incumbent_random_forest,position,RB,bias,1011,0.0436757225252881
incumbent_random_forest,position,RB,spearman,1011,0.7459577383853617
incumbent_tree_average,position,RB,rmse,1011,3.4924645269326136
incumbent_tree_average,position,RB,mae,1011,2.7503099948899243
incumbent_tree_average,position,RB,bias,1011,0.06872885210834155
incumbent_tree_average,position,RB,spearman,1011,0.7467169798297557
incumbent_equal_thirds,position,RB,rmse,1011,3.4848325703524052
incumbent_equal_thirds,position,RB,mae,1011,2.730641878042879
incumbent_equal_thirds,position,RB,bias,1011,-0.01157632868228626
incumbent_equal_thirds,position,RB,spearman,1011,0.7455505145840847
incumbent_causal_lasso_tree,position,RB,rmse,1011,3.4823225331981167
incumbent_causal_lasso_tree,position,RB,mae,1011,2.7320048190104376
incumbent_causal_lasso_tree,position,RB,bias,1011,0.021673431755377753
incumbent_causal_lasso_tree,position,RB,spearman,1011,0.7469490222050923
gap_raw_tree_average,position,RB,rmse,1011,3.4820862205408005
gap_raw_tree_average,position,RB,mae,1011,2.746620544701935
gap_raw_tree_average,position,RB,bias,1011,0.05590305545972636
gap_raw_tree_average,position,RB,spearman,1011,0.7452169783462498
gap_raw_equal_thirds,position,RB,rmse,1011,3.4772089641857207
gap_raw_equal_thirds,position,RB,mae,1011,2.726220341432761
gap_raw_equal_thirds,position,RB,bias,1011,-0.016743945546861705
gap_raw_equal_thirds,position,RB,spearman,1011,0.745112052969293
gap_raw_causal_lasso_tree,position,RB,rmse,1011,3.474255062480088
gap_raw_causal_lasso_tree,position,RB,mae,1011,2.7303723651520824
gap_raw_causal_lasso_tree,position,RB,bias,1011,0.014107113203040271
gap_raw_causal_lasso_tree,position,RB,spearman,1011,0.7461798229818548
gap_shrunk_tree_average,position,RB,rmse,1011,3.4826653115234727
gap_shrunk_tree_average,position,RB,mae,1011,2.7439603181042647
gap_shrunk_tree_average,position,RB,bias,1011,0.06038754890729316
gap_shrunk_tree_average,position,RB,spearman,1011,0.7465245769623869
gap_shrunk_equal_thirds,position,RB,rmse,1011,3.477431523493905
gap_shrunk_equal_thirds,position,RB,mae,1011,2.724333413440328
gap_shrunk_equal_thirds,position,RB,bias,1011,-0.013973103660149134
gap_shrunk_equal_thirds,position,RB,spearman,1011,0.7456880770892513
gap_shrunk_causal_lasso_tree,position,RB,rmse,1011,3.475196138189557
gap_shrunk_causal_lasso_tree,position,RB,mae,1011,2.728826197231069
gap_shrunk_causal_lasso_tree,position,RB,bias,1011,0.01961650412973303
gap_shrunk_causal_lasso_tree,position,RB,spearman,1011,0.746969617098129
gap_raw_lasso,position,TE,rmse,802,2.3159874278654793
gap_raw_lasso,position,TE,mae,802,1.7894442950453362
gap_raw_lasso,position,TE,bias,802,-0.11401948742712967
gap_raw_lasso,position,TE,spearman,802,0.6897618689319991
gap_raw_lightgbm,position,TE,rmse,802,2.277674321344189
gap_raw_lightgbm,position,TE,mae,802,1.7915923763112889
gap_raw_lightgbm,position,TE,bias,802,0.2761026673392775
gap_raw_lightgbm,position,TE,spearman,802,0.7069705417703133
gap_raw_random_forest,position,TE,rmse,802,2.3425462357880567
gap_raw_random_forest,position,TE,mae,802,1.8627700398382647
gap_raw_random_forest,position,TE,bias,802,0.4806249888235616
gap_raw_random_forest,position,TE,spearman,802,0.6963630160547938
gap_shrunk_lasso,position,TE,rmse,802,2.3170841593321816
gap_shrunk_lasso,position,TE,mae,802,1.7889572958645175
gap_shrunk_lasso,position,TE,bias,802,-0.11786076392169556
gap_shrunk_lasso,position,TE,spearman,802,0.690706215920186
gap_shrunk_lightgbm,position,TE,rmse,802,2.288988200439584
gap_shrunk_lightgbm,position,TE,mae,802,1.7951669221024655
gap_shrunk_lightgbm,position,TE,bias,802,0.28590751459236136
gap_shrunk_lightgbm,position,TE,spearman,802,0.7032327566542381
gap_shrunk_random_forest,position,TE,rmse,802,2.3116505220323993
gap_shrunk_random_forest,position,TE,mae,802,1.8248228176832748
gap_shrunk_random_forest,position,TE,bias,802,0.4017958039818146
gap_shrunk_random_forest,position,TE,spearman,802,0.7026783798805406
incumbent_lasso,position,TE,rmse,802,2.3138556274459
incumbent_lasso,position,TE,mae,802,1.7905850527238638
incumbent_lasso,position,TE,bias,802,-0.11227781583290122
incumbent_lasso,position,TE,spearman,802,0.6925018360623503
incumbent_lightgbm,position,TE,rmse,802,2.305920693740253
incumbent_lightgbm,position,TE,mae,802,1.8125506987451494
incumbent_lightgbm,position,TE,bias,802,0.3137911632809945
incumbent_lightgbm,position,TE,spearman,802,0.6972204171543075
incumbent_random_forest,position,TE,rmse,802,2.321517599931547
incumbent_random_forest,position,TE,mae,802,1.8351637821272104
incumbent_random_forest,position,TE,bias,802,0.39343703826371546
incumbent_random_forest,position,TE,spearman,802,0.6959236428871776
incumbent_tree_average,position,TE,rmse,802,2.306966290050555
incumbent_tree_average,position,TE,mae,802,1.8189030617156856
incumbent_tree_average,position,TE,bias,802,0.353614100772355
incumbent_tree_average,position,TE,spearman,802,0.6986767417794412
incumbent_equal_thirds,position,TE,rmse,802,2.2716223160919427
incumbent_equal_thirds,position,TE,mae,802,1.7733842419891748
incumbent_equal_thirds,position,TE,bias,802,0.19831679523726956
incumbent_equal_thirds,position,TE,spearman,802,0.703134666718663
incumbent_causal_lasso_tree,position,TE,rmse,802,2.286464941478845
incumbent_causal_lasso_tree,position,TE,mae,802,1.7890151763101911
incumbent_causal_lasso_tree,position,TE,bias,802,0.2563267405261183
incumbent_causal_lasso_tree,position,TE,spearman,802,0.702752566177846
gap_raw_tree_average,position,TE,rmse,802,2.301649914031682
gap_raw_tree_average,position,TE,mae,802,1.8181487040805633
gap_raw_tree_average,position,TE,bias,802,0.37836382808141966
gap_raw_tree_average,position,TE,spearman,802,0.70467408374334
gap_raw_equal_thirds,position,TE,rmse,802,2.267432844921503
gap_raw_equal_thirds,position,TE,mae,802,1.7755377359358584
gap_raw_equal_thirds,position,TE,bias,802,0.2142360562452365
gap_raw_equal_thirds,position,TE,spearman,802,0.7044871800390269
gap_raw_causal_lasso_tree,position,TE,rmse,802,2.2822660649880753
gap_raw_causal_lasso_tree,position,TE,mae,802,1.790878370097402
gap_raw_causal_lasso_tree,position,TE,bias,802,0.2765243052317058
gap_raw_causal_lasso_tree,position,TE,spearman,802,0.7054563250045364
gap_shrunk_tree_average,position,TE,rmse,802,2.2922669274114553
gap_shrunk_tree_average,position,TE,mae,802,1.8040290491155377
gap_shrunk_tree_average,position,TE,bias,802,0.343851659287088
gap_shrunk_tree_average,position,TE,spearman,802,0.7059343141593527
gap_shrunk_equal_thirds,position,TE,rmse,802,2.2630332039788796
gap_shrunk_equal_thirds,position,TE,mae,802,1.7669568046344206
gap_shrunk_equal_thirds,position,TE,bias,802,0.1899475182174935
gap_shrunk_equal_thirds,position,TE,spearman,802,0.7065595907376377
gap_shrunk_causal_lasso_tree,position,TE,rmse,802,2.276343439497074
gap_shrunk_causal_lasso_tree,position,TE,mae,802,1.7816388408482204
gap_shrunk_causal_lasso_tree,position,TE,bias,802,0.2510561778347379
gap_shrunk_causal_lasso_tree,position,TE,spearman,802,0.708758992203794
gap_raw_lasso,position,WR,rmse,1503,3.1636664669610393
gap_raw_lasso,position,WR,mae,1503,2.501323263435423
gap_raw_lasso,position,WR,bias,1503,0.20722041555234885
gap_raw_lasso,position,WR,spearman,1503,0.7505538788820582
gap_raw_lightgbm,position,WR,rmse,1503,3.1240022713326936
gap_raw_lightgbm,position,WR,mae,1503,2.4839879750420937
gap_raw_lightgbm,position,WR,bias,1503,0.31973770493556103
gap_raw_lightgbm,position,WR,spearman,1503,0.7520909339894132
gap_raw_random_forest,position,WR,rmse,1503,3.112825995984447
gap_raw_random_forest,position,WR,mae,1503,2.4674538801356505
gap_raw_random_forest,position,WR,bias,1503,0.25250118316534254
gap_raw_random_forest,position,WR,spearman,1503,0.7558524850964708
gap_shrunk_lasso,position,WR,rmse,1503,3.164742906462268
gap_shrunk_lasso,position,WR,mae,1503,2.5027267604894665
gap_shrunk_lasso,position,WR,bias,1503,0.20348905640427536
gap_shrunk_lasso,position,WR,spearman,1503,0.7503466817508332
gap_shrunk_lightgbm,position,WR,rmse,1503,3.1128976185876907
gap_shrunk_lightgbm,position,WR,mae,1503,2.4702953575660764
gap_shrunk_lightgbm,position,WR,bias,1503,0.3180007479693616
gap_shrunk_lightgbm,position,WR,spearman,1503,0.7550285032303982
gap_shrunk_random_forest,position,WR,rmse,1503,3.117123016895064
gap_shrunk_random_forest,position,WR,mae,1503,2.4754228508380187
gap_shrunk_random_forest,position,WR,bias,1503,0.281844700837882
gap_shrunk_random_forest,position,WR,spearman,1503,0.755531108991529
incumbent_lasso,position,WR,rmse,1503,3.162197693098037
incumbent_lasso,position,WR,mae,1503,2.503211985762083
incumbent_lasso,position,WR,bias,1503,0.21229242816956048
incumbent_lasso,position,WR,spearman,1503,0.7501188248130328
incumbent_lightgbm,position,WR,rmse,1503,3.1246810216096206
incumbent_lightgbm,position,WR,mae,1503,2.4817035252473523
incumbent_lightgbm,position,WR,bias,1503,0.3309196605903729
incumbent_lightgbm,position,WR,spearman,1503,0.7535936228176082
incumbent_random_forest,position,WR,rmse,1503,3.1143660195750456
incumbent_random_forest,position,WR,mae,1503,2.4712206635444662
incumbent_random_forest,position,WR,bias,1503,0.2787600787596839
incumbent_random_forest,position,WR,spearman,1503,0.7548080237129502
incumbent_tree_average,position,WR,rmse,1503,3.1125624972344186
incumbent_tree_average,position,WR,mae,1503,2.4722372371522154
incumbent_tree_average,position,WR,bias,1503,0.3048398696750284
incumbent_tree_average,position,WR,spearman,1503,0.7552047386920134
incumbent_equal_thirds,position,WR,rmse,1503,3.1057031394558807
incumbent_equal_thirds,position,WR,mae,1503,2.462677142783317
incumbent_equal_thirds,position,WR,bias,1503,0.27399072250653905
incumbent_equal_thirds,position,WR,spearman,1503,0.7545194183953767
incumbent_causal_lasso_tree,position,WR,rmse,1503,3.110381015533228
incumbent_causal_lasso_tree,position,WR,mae,1503,2.4660885420825625
incumbent_causal_lasso_tree,position,WR,bias,1503,0.288606080398944
incumbent_causal_lasso_tree,position,WR,spearman,1503,0.7552471592425944
gap_raw_tree_average,position,WR,rmse,1503,3.110763785072622
gap_raw_tree_average,position,WR,mae,1503,2.4707342078318404
gap_raw_tree_average,position,WR,bias,1503,0.28611944405045175
gap_raw_tree_average,position,WR,spearman,1503,0.7552458780553762
gap_raw_equal_thirds,position,WR,rmse,1503,3.104394604773524
gap_raw_equal_thirds,position,WR,mae,1503,2.461866950636206
gap_raw_equal_thirds,position,WR,bias,1503,0.25981976788441746
gap_raw_equal_thirds,position,WR,spearman,1503,0.7545686725335059
gap_raw_causal_lasso_tree,position,WR,rmse,1503,3.1088242898710625
gap_raw_causal_lasso_tree,position,WR,mae,1503,2.4660773377863996
gap_raw_causal_lasso_tree,position,WR,bias,1503,0.2756939881556462
gap_raw_causal_lasso_tree,position,WR,spearman,1503,0.7550558682715768
gap_shrunk_tree_average,position,WR,rmse,1503,3.1068244990573626
gap_shrunk_tree_average,position,WR,mae,1503,2.4665874659451386
gap_shrunk_tree_average,position,WR,bias,1503,0.2999227244036219
gap_shrunk_tree_average,position,WR,spearman,1503,0.7571523588564492
gap_shrunk_equal_thirds,position,WR,rmse,1503,3.102558766712295
gap_shrunk_equal_thirds,position,WR,mae,1503,2.4598838299930943
gap_shrunk_equal_thirds,position,WR,bias,1503,0.26777816840383967
gap_shrunk_equal_thirds,position,WR,spearman,1503,0.7558275105450839
gap_shrunk_causal_lasso_tree,position,WR,rmse,1503,3.1053143282331757
gap_shrunk_causal_lasso_tree,position,WR,mae,1503,2.4629075194581773
gap_shrunk_causal_lasso_tree,position,WR,bias,1503,0.28512907758682415
gap_shrunk_causal_lasso_tree,position,WR,spearman,1503,0.7567017202493871
gap_raw_lasso,history_sample,no_career_history,rmse,99,2.842652648529008
gap_raw_lasso,history_sample,no_career_history,mae,99,2.059104741536527
gap_raw_lasso,history_sample,no_career_history,bias,99,-0.056142700052427205
gap_raw_lasso,history_sample,no_career_history,spearman,99,0.31759529250396884
gap_raw_lightgbm,history_sample,no_career_history,rmse,99,2.872011642144351
gap_raw_lightgbm,history_sample,no_career_history,mae,99,2.199603182289977
gap_raw_lightgbm,history_sample,no_career_history,bias,99,0.38722015593163767
gap_raw_lightgbm,history_sample,no_career_history,spearman,99,0.3164883008311383
gap_raw_random_forest,history_sample,no_career_history,rmse,99,2.7420773548930906
gap_raw_random_forest,history_sample,no_career_history,mae,99,2.0628121188325332
gap_raw_random_forest,history_sample,no_career_history,bias,99,0.502529034564153
gap_raw_random_forest,history_sample,no_career_history,spearman,99,0.40002721105263483
gap_shrunk_lasso,history_sample,no_career_history,rmse,99,2.835329517958002
gap_shrunk_lasso,history_sample,no_career_history,mae,99,2.0480317438150055
gap_shrunk_lasso,history_sample,no_career_history,bias,99,-0.03985033353896447
gap_shrunk_lasso,history_sample,no_career_history,spearman,99,0.3138476000250008
gap_shrunk_lightgbm,history_sample,no_career_history,rmse,99,2.862059013021567
gap_shrunk_lightgbm,history_sample,no_career_history,mae,99,2.1706933206394106
gap_shrunk_lightgbm,history_sample,no_career_history,bias,99,0.4644503672453857
gap_shrunk_lightgbm,history_sample,no_career_history,spearman,99,0.3349752780654054
gap_shrunk_random_forest,history_sample,no_career_history,rmse,99,2.7349825729351336
gap_shrunk_random_forest,history_sample,no_career_history,mae,99,2.0560220253053756
gap_shrunk_random_forest,history_sample,no_career_history,bias,99,0.5282520585420604
gap_shrunk_random_forest,history_sample,no_career_history,spearman,99,0.38275319342543346
incumbent_lasso,history_sample,no_career_history,rmse,99,2.8661255732143562
incumbent_lasso,history_sample,no_career_history,mae,99,2.0790284154959484
incumbent_lasso,history_sample,no_career_history,bias,99,0.15850919005435807
incumbent_lasso,history_sample,no_career_history,spearman,99,0.3136435177612946
incumbent_lightgbm,history_sample,no_career_history,rmse,99,2.9214056851200048
incumbent_lightgbm,history_sample,no_career_history,mae,99,2.2470986010263285
incumbent_lightgbm,history_sample,no_career_history,bias,99,0.5114514047356599
incumbent_lightgbm,history_sample,no_career_history,spearman,99,0.32094818149772103
incumbent_random_forest,history_sample,no_career_history,rmse,99,2.758265995328123
incumbent_random_forest,history_sample,no_career_history,mae,99,2.09786125855338
incumbent_random_forest,history_sample,no_career_history,bias,99,0.5158854611649811
incumbent_random_forest,history_sample,no_career_history,spearman,99,0.3806257904340721
incumbent_tree_average,history_sample,no_career_history,rmse,99,2.8275647968850603
incumbent_tree_average,history_sample,no_career_history,mae,99,2.1557721728082138
incumbent_tree_average,history_sample,no_career_history,bias,99,0.5136684329503204
incumbent_tree_average,history_sample,no_career_history,spearman,99,0.34812723601661794
incumbent_equal_thirds,history_sample,no_career_history,rmse,99,2.814833166190594
incumbent_equal_thirds,history_sample,no_career_history,mae,99,2.1170675668901353
incumbent_equal_thirds,history_sample,no_career_history,bias,99,0.39528201865166646
incumbent_equal_thirds,history_sample,no_career_history,spearman,99,0.3239280269898819
incumbent_causal_lasso_tree,history_sample,no_career_history,rmse,99,2.8369172552774127
incumbent_causal_lasso_tree,history_sample,no_career_history,mae,99,2.1466697408985627
incumbent_causal_lasso_tree,history_sample,no_career_history,bias,99,0.4857659485325744
incumbent_causal_lasso_tree,history_sample,no_career_history,spearman,99,0.33542466117866354
gap_raw_tree_average,history_sample,no_career_history,rmse,99,2.7908694415241353
gap_raw_tree_average,history_sample,no_career_history,mae,99,2.1198911351481167
gap_raw_tree_average,history_sample,no_career_history,bias,99,0.44487459524789535
gap_raw_tree_average,history_sample,no_career_history,spearman,99,0.3568471145567912
gap_raw_equal_thirds,history_sample,no_career_history,rmse,99,2.7726674108865548
gap_raw_equal_thirds,history_sample,no_career_history,mae,99,2.06900868373412
gap_raw_equal_thirds,history_sample,no_career_history,bias,99,0.27786883014778807
gap_raw_equal_thirds,history_sample,no_career_history,spearman,99,0.3281519114174977
gap_raw_causal_lasso_tree,history_sample,no_career_history,rmse,99,2.8040280777663384
gap_raw_causal_lasso_tree,history_sample,no_career_history,mae,99,2.102945703397769
gap_raw_causal_lasso_tree,history_sample,no_career_history,bias,99,0.39898443309422316
gap_raw_causal_lasso_tree,history_sample,no_career_history,spearman,99,0.341052384208137
gap_shrunk_tree_average,history_sample,no_career_history,rmse,99,2.784104873853484
gap_shrunk_tree_average,history_sample,no_career_history,mae,99,2.1069072799380284
gap_shrunk_tree_average,history_sample,no_career_history,bias,99,0.496351212893723
gap_shrunk_tree_average,history_sample,no_career_history,spearman,99,0.3573418594385031
gap_shrunk_equal_thirds,history_sample,no_career_history,rmse,99,2.76498829898796
gap_shrunk_equal_thirds,history_sample,no_career_history,mae,99,2.057928046055843
gap_shrunk_equal_thirds,history_sample,no_career_history,bias,99,0.31761736408282737
gap_shrunk_equal_thirds,history_sample,no_career_history,spearman,99,0.3297969381491899
gap_shrunk_causal_lasso_tree,history_sample,no_career_history,rmse,99,2.797502055264427
gap_shrunk_causal_lasso_tree,history_sample,no_career_history,mae,99,2.092255517410806
gap_shrunk_causal_lasso_tree,history_sample,no_career_history,bias,99,0.44482106739282723
gap_shrunk_causal_lasso_tree,history_sample,no_career_history,spearman,99,0.3463214171983693
gap_raw_lasso,history_sample,prior_1_to_3_games,rmse,280,2.720561873783685
gap_raw_lasso,history_sample,prior_1_to_3_games,mae,280,2.1129009125566856
gap_raw_lasso,history_sample,prior_1_to_3_games,bias,280,0.04081450407132334
gap_raw_lasso,history_sample,prior_1_to_3_games,spearman,280,0.6268104919824015
gap_raw_lightgbm,history_sample,prior_1_to_3_games,rmse,280,2.5569685098137516
gap_raw_lightgbm,history_sample,prior_1_to_3_games,mae,280,2.0610434941673144
gap_raw_lightgbm,history_sample,prior_1_to_3_games,bias,280,0.5364446461176371
gap_raw_lightgbm,history_sample,prior_1_to_3_games,spearman,280,0.6682249108664496
gap_raw_random_forest,history_sample,prior_1_to_3_games,rmse,280,2.571184889797247
gap_raw_random_forest,history_sample,prior_1_to_3_games,mae,280,2.0933537979908667
gap_raw_random_forest,history_sample,prior_1_to_3_games,bias,280,0.5646691090281445
gap_raw_random_forest,history_sample,prior_1_to_3_games,spearman,280,0.6585291388439717
gap_shrunk_lasso,history_sample,prior_1_to_3_games,rmse,280,2.736476337769094
gap_shrunk_lasso,history_sample,prior_1_to_3_games,mae,280,2.122666116435116
gap_shrunk_lasso,history_sample,prior_1_to_3_games,bias,280,0.007790351665858531
gap_shrunk_lasso,history_sample,prior_1_to_3_games,spearman,280,0.6277171216951001
gap_shrunk_lightgbm,history_sample,prior_1_to_3_games,rmse,280,2.5834381732024756
gap_shrunk_lightgbm,history_sample,prior_1_to_3_games,mae,280,2.081045311677283
gap_shrunk_lightgbm,history_sample,prior_1_to_3_games,bias,280,0.488800112072596
gap_shrunk_lightgbm,history_sample,prior_1_to_3_games,spearman,280,0.6770378327315515
gap_shrunk_random_forest,history_sample,prior_1_to_3_games,rmse,280,2.5645769791098028
gap_shrunk_random_forest,history_sample,prior_1_to_3_games,mae,280,2.0589922703503047
gap_shrunk_random_forest,history_sample,prior_1_to_3_games,bias,280,0.5390261532486914
gap_shrunk_random_forest,history_sample,prior_1_to_3_games,spearman,280,0.6655386410996718
incumbent_lasso,history_sample,prior_1_to_3_games,rmse,280,2.727842691220897
incumbent_lasso,history_sample,prior_1_to_3_games,mae,280,2.1055386593344334
incumbent_lasso,history_sample,prior_1_to_3_games,bias,280,-0.15999073402544317
incumbent_lasso,history_sample,prior_1_to_3_games,spearman,280,0.624379784103285
incumbent_lightgbm,history_sample,prior_1_to_3_games,rmse,280,2.584650231727085
incumbent_lightgbm,history_sample,prior_1_to_3_games,mae,280,2.090910582018801
incumbent_lightgbm,history_sample,prior_1_to_3_games,bias,280,0.5552674045763866
incumbent_lightgbm,history_sample,prior_1_to_3_games,spearman,280,0.6685179187205387
incumbent_random_forest,history_sample,prior_1_to_3_games,rmse,280,2.539395833621458
incumbent_random_forest,history_sample,prior_1_to_3_games,mae,280,2.0480505634569446
incumbent_random_forest,history_sample,prior_1_to_3_games,bias,280,0.5627177092619299
incumbent_random_forest,history_sample,prior_1_to_3_games,spearman,280,0.6587852473880774
incumbent_tree_average,history_sample,prior_1_to_3_games,rmse,280,2.549491137477127
incumbent_tree_average,history_sample,prior_1_to_3_games,mae,280,2.0638059311557195
incumbent_tree_average,history_sample,prior_1_to_3_games,bias,280,0.5589925569191583
incumbent_tree_average,history_sample,prior_1_to_3_games,spearman,280,0.6647268562800411
incumbent_equal_thirds,history_sample,prior_1_to_3_games,rmse,280,2.538499263341092
incumbent_equal_thirds,history_sample,prior_1_to_3_games,mae,280,2.0023551446659953
incumbent_equal_thirds,history_sample,prior_1_to_3_games,bias,280,0.31933145993762435
incumbent_equal_thirds,history_sample,prior_1_to_3_games,spearman,280,0.6642611049895862
incumbent_causal_lasso_tree,history_sample,prior_1_to_3_games,rmse,280,2.539200835405304
incumbent_causal_lasso_tree,history_sample,prior_1_to_3_games,mae,280,2.0173436580113298
incumbent_causal_lasso_tree,history_sample,prior_1_to_3_games,bias,280,0.39706746763014406
incumbent_causal_lasso_tree,history_sample,prior_1_to_3_games,spearman,280,0.6684058541494785
gap_raw_tree_average,history_sample,prior_1_to_3_games,rmse,280,2.551997494978015
gap_raw_tree_average,history_sample,prior_1_to_3_games,mae,280,2.0709657707935487
gap_raw_tree_average,history_sample,prior_1_to_3_games,bias,280,0.5505568775728907
gap_raw_tree_average,history_sample,prior_1_to_3_games,spearman,280,0.6662870137717757
gap_raw_equal_thirds,history_sample,prior_1_to_3_games,rmse,280,2.5517477960245762
gap_raw_equal_thirds,history_sample,prior_1_to_3_games,mae,280,2.0303261952857183
gap_raw_equal_thirds,history_sample,prior_1_to_3_games,bias,280,0.38064275307236833
gap_raw_equal_thirds,history_sample,prior_1_to_3_games,spearman,280,0.663212891257841
gap_raw_causal_lasso_tree,history_sample,prior_1_to_3_games,rmse,280,2.5560475237398266
gap_raw_causal_lasso_tree,history_sample,prior_1_to_3_games,mae,280,2.044738720635568
gap_raw_causal_lasso_tree,history_sample,prior_1_to_3_games,bias,280,0.4399786232909624
gap_raw_causal_lasso_tree,history_sample,prior_1_to_3_games,spearman,280,0.6610973308188034
gap_shrunk_tree_average,history_sample,prior_1_to_3_games,rmse,280,2.5621266311537796
gap_shrunk_tree_average,history_sample,prior_1_to_3_games,mae,280,2.0651852759965736
gap_shrunk_tree_average,history_sample,prior_1_to_3_games,bias,280,0.5139131326606438
gap_shrunk_tree_average,history_sample,prior_1_to_3_games,spearman,280,0.6754738486447075
gap_shrunk_equal_thirds,history_sample,prior_1_to_3_games,rmse,280,2.563562264714655
gap_shrunk_equal_thirds,history_sample,prior_1_to_3_games,mae,280,2.0266187938796016
gap_shrunk_equal_thirds,history_sample,prior_1_to_3_games,bias,280,0.3452055389957153
gap_shrunk_equal_thirds,history_sample,prior_1_to_3_games,spearman,280,0.6684534132601236
gap_shrunk_causal_lasso_tree,history_sample,prior_1_to_3_games,rmse,280,2.5657715014251044
gap_shrunk_causal_lasso_tree,history_sample,prior_1_to_3_games,mae,280,2.040936992579551
gap_shrunk_causal_lasso_tree,history_sample,prior_1_to_3_games,bias,280,0.40644115262701763
gap_shrunk_causal_lasso_tree,history_sample,prior_1_to_3_games,spearman,280,0.6702062671484372
gap_raw_lasso,history_sample,prior_4_to_7_games,rmse,403,2.7981105850468357
gap_raw_lasso,history_sample,prior_4_to_7_games,mae,403,2.1006366066103017
gap_raw_lasso,history_sample,prior_4_to_7_games,bias,403,-0.10997223570578485
gap_raw_lasso,history_sample,prior_4_to_7_games,spearman,403,0.6325441289858849
gap_raw_lightgbm,history_sample,prior_4_to_7_games,rmse,403,2.7694848309287403
gap_raw_lightgbm,history_sample,prior_4_to_7_games,mae,403,2.130218197426033
gap_raw_lightgbm,history_sample,prior_4_to_7_games,bias,403,0.3252703286477155
gap_raw_lightgbm,history_sample,prior_4_to_7_games,spearman,403,0.642662394359847
gap_raw_random_forest,history_sample,prior_4_to_7_games,rmse,403,2.7946336210891682
gap_raw_random_forest,history_sample,prior_4_to_7_games,mae,403,2.1761242196903945
gap_raw_random_forest,history_sample,prior_4_to_7_games,bias,403,0.39199864978190174
gap_raw_random_forest,history_sample,prior_4_to_7_games,spearman,403,0.6282037090440418
gap_shrunk_lasso,history_sample,prior_4_to_7_games,rmse,403,2.793198914475606
gap_shrunk_lasso,history_sample,prior_4_to_7_games,mae,403,2.1004650923625756
gap_shrunk_lasso,history_sample,prior_4_to_7_games,bias,403,-0.12164768223125513
gap_shrunk_lasso,history_sample,prior_4_to_7_games,spearman,403,0.6314861361553189
gap_shrunk_lightgbm,history_sample,prior_4_to_7_games,rmse,403,2.765306463909188
gap_shrunk_lightgbm,history_sample,prior_4_to_7_games,mae,403,2.131831410919619
gap_shrunk_lightgbm,history_sample,prior_4_to_7_games,bias,403,0.3021665692622749
gap_shrunk_lightgbm,history_sample,prior_4_to_7_games,spearman,403,0.6364557964393337
gap_shrunk_random_forest,history_sample,prior_4_to_7_games,rmse,403,2.7677750292972054
gap_shrunk_random_forest,history_sample,prior_4_to_7_games,mae,403,2.1556487081518974
gap_shrunk_random_forest,history_sample,prior_4_to_7_games,bias,403,0.3421492586557116
gap_shrunk_random_forest,history_sample,prior_4_to_7_games,spearman,403,0.6440425540305854
incumbent_lasso,history_sample,prior_4_to_7_games,rmse,403,2.7989925410269447
incumbent_lasso,history_sample,prior_4_to_7_games,mae,403,2.0950938186952186
incumbent_lasso,history_sample,prior_4_to_7_games,bias,403,-0.20856403123666264
incumbent_lasso,history_sample,prior_4_to_7_games,spearman,403,0.6320456136914895
incumbent_lightgbm,history_sample,prior_4_to_7_games,rmse,403,2.777231743552114
incumbent_lightgbm,history_sample,prior_4_to_7_games,mae,403,2.1366204625359746
incumbent_lightgbm,history_sample,prior_4_to_7_games,bias,403,0.3670862370838924
incumbent_lightgbm,history_sample,prior_4_to_7_games,spearman,403,0.653808384756681
incumbent_random_forest,history_sample,prior_4_to_7_games,rmse,403,2.7606891492890555
incumbent_random_forest,history_sample,prior_4_to_7_games,mae,403,2.1338284278041053
incumbent_random_forest,history_sample,prior_4_to_7_games,bias,403,0.3490016145351341
incumbent_random_forest,history_sample,prior_4_to_7_games,spearman,403,0.6471535239640632
incumbent_tree_average,history_sample,prior_4_to_7_games,rmse,403,2.759804975071883
incumbent_tree_average,history_sample,prior_4_to_7_games,mae,403,2.128203075423785
incumbent_tree_average,history_sample,prior_4_to_7_games,bias,403,0.3580439258095133
incumbent_tree_average,history_sample,prior_4_to_7_games,spearman,403,0.6533042933052667
incumbent_equal_thirds,history_sample,prior_4_to_7_games,rmse,403,2.720427584012456
incumbent_equal_thirds,history_sample,prior_4_to_7_games,mae,403,2.0712113026610672
incumbent_equal_thirds,history_sample,prior_4_to_7_games,bias,403,0.1691746067941214
incumbent_equal_thirds,history_sample,prior_4_to_7_games,spearman,403,0.6551569037474216
incumbent_causal_lasso_tree,history_sample,prior_4_to_7_games,rmse,403,2.723681299562772
incumbent_causal_lasso_tree,history_sample,prior_4_to_7_games,mae,403,2.0836054237781583
incumbent_causal_lasso_tree,history_sample,prior_4_to_7_games,bias,403,0.23813811793174078
incumbent_causal_lasso_tree,history_sample,prior_4_to_7_games,spearman,403,0.6574807110658533
gap_raw_tree_average,history_sample,prior_4_to_7_games,rmse,403,2.772236853413744
gap_raw_tree_average,history_sample,prior_4_to_7_games,mae,403,2.1463532772181746
gap_raw_tree_average,history_sample,prior_4_to_7_games,bias,403,0.3586344892148086
gap_raw_tree_average,history_sample,prior_4_to_7_games,spearman,403,0.6413695364714947
gap_raw_equal_thirds,history_sample,prior_4_to_7_games,rmse,403,2.731887440527538
gap_raw_equal_thirds,history_sample,prior_4_to_7_games,mae,403,2.091060586136847
gap_raw_equal_thirds,history_sample,prior_4_to_7_games,bias,403,0.20243224757461076
gap_raw_equal_thirds,history_sample,prior_4_to_7_games,spearman,403,0.6455887653101398
gap_raw_causal_lasso_tree,history_sample,prior_4_to_7_games,rmse,403,2.7367702198602184
gap_raw_causal_lasso_tree,history_sample,prior_4_to_7_games,mae,403,2.1024686166875823
gap_raw_causal_lasso_tree,history_sample,prior_4_to_7_games,bias,403,0.2570261529813814
gap_raw_causal_lasso_tree,history_sample,prior_4_to_7_games,spearman,403,0.6479410827897624
gap_shrunk_tree_average,history_sample,prior_4_to_7_games,rmse,403,2.7568713307024932
gap_shrunk_tree_average,history_sample,prior_4_to_7_games,mae,403,2.132244057212045
gap_shrunk_tree_average,history_sample,prior_4_to_7_games,bias,403,0.3221579139589932
gap_shrunk_tree_average,history_sample,prior_4_to_7_games,spearman,403,0.6438363529586019
gap_shrunk_equal_thirds,history_sample,prior_4_to_7_games,rmse,403,2.721359693265642
gap_shrunk_equal_thirds,history_sample,prior_4_to_7_games,mae,403,2.081494964498712
gap_shrunk_equal_thirds,history_sample,prior_4_to_7_games,bias,403,0.17422271522891045
gap_shrunk_equal_thirds,history_sample,prior_4_to_7_games,spearman,403,0.6494994243656043
gap_shrunk_causal_lasso_tree,history_sample,prior_4_to_7_games,rmse,403,2.725193904517307
gap_shrunk_causal_lasso_tree,history_sample,prior_4_to_7_games,mae,403,2.0933015848693963
gap_shrunk_causal_lasso_tree,history_sample,prior_4_to_7_games,bias,403,0.22857030626113137
gap_shrunk_causal_lasso_tree,history_sample,prior_4_to_7_games,spearman,403,0.6524149779557025
gap_raw_lasso,history_sample,prior_8_plus_games,rmse,2251,3.218226007304082
gap_raw_lasso,history_sample,prior_8_plus_games,mae,2251,2.5049767431277385
gap_raw_lasso,history_sample,prior_8_plus_games,bias,2251,-0.026600986508016112
gap_raw_lasso,history_sample,prior_8_plus_games,spearman,2251,0.8320091736522651
gap_raw_lightgbm,history_sample,prior_8_plus_games,rmse,2251,3.1915747451857146
gap_raw_lightgbm,history_sample,prior_8_plus_games,mae,2251,2.510329161395327
gap_raw_lightgbm,history_sample,prior_8_plus_games,bias,2251,0.07968261816338645
gap_raw_lightgbm,history_sample,prior_8_plus_games,spearman,2251,0.8331726258521005
gap_raw_random_forest,history_sample,prior_8_plus_games,rmse,2251,3.2082291136739354
gap_raw_random_forest,history_sample,prior_8_plus_games,mae,2251,2.5225024579502366
gap_raw_random_forest,history_sample,prior_8_plus_games,bias,2251,0.11524296232192155
gap_raw_random_forest,history_sample,prior_8_plus_games,spearman,2251,0.8315247960433495
gap_shrunk_lasso,history_sample,prior_8_plus_games,rmse,2251,3.219197236445183
gap_shrunk_lasso,history_sample,prior_8_plus_games,mae,2251,2.5048914549500823
gap_shrunk_lasso,history_sample,prior_8_plus_games,bias,2251,-0.026106529788502992
gap_shrunk_lasso,history_sample,prior_8_plus_games,spearman,2251,0.8319439784935766
gap_shrunk_lightgbm,history_sample,prior_8_plus_games,rmse,2251,3.1930042675226185
gap_shrunk_lightgbm,history_sample,prior_8_plus_games,mae,2251,2.5086135529784257
gap_shrunk_lightgbm,history_sample,prior_8_plus_games,bias,2251,0.0852736887201736
gap_shrunk_lightgbm,history_sample,prior_8_plus_games,spearman,2251,0.8333238691268506
gap_shrunk_random_forest,history_sample,prior_8_plus_games,rmse,2251,3.2066257536229466
gap_shrunk_random_forest,history_sample,prior_8_plus_games,mae,2251,2.518642046897278
gap_shrunk_random_forest,history_sample,prior_8_plus_games,bias,2251,0.11376191969703846
gap_shrunk_random_forest,history_sample,prior_8_plus_games,spearman,2251,0.8324401500852394
incumbent_lasso,history_sample,prior_8_plus_games,rmse,2251,3.2134951127141766
incumbent_lasso,history_sample,prior_8_plus_games,mae,2251,2.502875341137773
incumbent_lasso,history_sample,prior_8_plus_games,bias,2251,-0.013737531407671295
incumbent_lasso,history_sample,prior_8_plus_games,spearman,2251,0.8329045247417036
incumbent_lightgbm,history_sample,prior_8_plus_games,rmse,2251,3.2013229046231646
incumbent_lightgbm,history_sample,prior_8_plus_games,mae,2251,2.512942867337034
incumbent_lightgbm,history_sample,prior_8_plus_games,bias,2251,0.09019698472216352
incumbent_lightgbm,history_sample,prior_8_plus_games,spearman,2251,0.8321141279996255
incumbent_random_forest,history_sample,prior_8_plus_games,rmse,2251,3.2097251144410426
incumbent_random_forest,history_sample,prior_8_plus_games,mae,2251,2.518892297055081
incumbent_random_forest,history_sample,prior_8_plus_games,bias,2251,0.10660130739824276
incumbent_random_forest,history_sample,prior_8_plus_games,spearman,2251,0.8317096448919453
incumbent_tree_average,history_sample,prior_8_plus_games,rmse,2251,3.197673263237606
incumbent_tree_average,history_sample,prior_8_plus_games,mae,2251,2.510074220422654
incumbent_tree_average,history_sample,prior_8_plus_games,bias,2251,0.09839914606020313
incumbent_tree_average,history_sample,prior_8_plus_games,spearman,2251,0.8327111228884025
incumbent_equal_thirds,history_sample,prior_8_plus_games,rmse,2251,3.1794681059899736
incumbent_equal_thirds,history_sample,prior_8_plus_games,mae,2251,2.488210704081267
incumbent_equal_thirds,history_sample,prior_8_plus_games,bias,2251,0.06102025357091161
incumbent_equal_thirds,history_sample,prior_8_plus_games,spearman,2251,0.8347218338721135
incumbent_causal_lasso_tree,history_sample,prior_8_plus_games,rmse,2251,3.181995452453262
incumbent_causal_lasso_tree,history_sample,prior_8_plus_games,mae,2251,2.4902196124772384
incumbent_causal_lasso_tree,history_sample,prior_8_plus_games,bias,2251,0.07546666501780896
incumbent_causal_lasso_tree,history_sample,prior_8_plus_games,spearman,2251,0.8345530052710907
gap_raw_tree_average,history_sample,prior_8_plus_games,rmse,2251,3.1914715239098674
gap_raw_tree_average,history_sample,prior_8_plus_games,mae,2251,2.508747103165703
gap_raw_tree_average,history_sample,prior_8_plus_games,bias,2251,0.09746279024265399
gap_raw_tree_average,history_sample,prior_8_plus_games,spearman,2251,0.8334220212429385
gap_raw_equal_thirds,history_sample,prior_8_plus_games,rmse,2251,3.175280584074406
gap_raw_equal_thirds,history_sample,prior_8_plus_games,mae,2251,2.486066778734148
gap_raw_equal_thirds,history_sample,prior_8_plus_games,bias,2251,0.05610819799243065
gap_raw_equal_thirds,history_sample,prior_8_plus_games,spearman,2251,0.8349913195392719
gap_raw_causal_lasso_tree,history_sample,prior_8_plus_games,rmse,2251,3.178065141516315
gap_raw_causal_lasso_tree,history_sample,prior_8_plus_games,mae,2251,2.491122144707901
gap_raw_causal_lasso_tree,history_sample,prior_8_plus_games,bias,2251,0.07410945747989764
gap_raw_causal_lasso_tree,history_sample,prior_8_plus_games,spearman,2251,0.8348775928254399
gap_shrunk_tree_average,history_sample,prior_8_plus_games,rmse,2251,3.1909441885779017
gap_shrunk_tree_average,history_sample,prior_8_plus_games,mae,2251,2.5083320689049926
gap_shrunk_tree_average,history_sample,prior_8_plus_games,bias,2251,0.09951780420860602
gap_shrunk_tree_average,history_sample,prior_8_plus_games,spearman,2251,0.8342870930439323
gap_shrunk_equal_thirds,history_sample,prior_8_plus_games,rmse,2251,3.1755495250981567
gap_shrunk_equal_thirds,history_sample,prior_8_plus_games,mae,2251,2.486362323131784
gap_shrunk_equal_thirds,history_sample,prior_8_plus_games,bias,2251,0.05764302620956965
gap_shrunk_equal_thirds,history_sample,prior_8_plus_games,spearman,2251,0.8354404240917581
gap_shrunk_causal_lasso_tree,history_sample,prior_8_plus_games,rmse,2251,3.1781889216361003
gap_shrunk_causal_lasso_tree,history_sample,prior_8_plus_games,mae,2251,2.4914718903331208
gap_shrunk_causal_lasso_tree,history_sample,prior_8_plus_games,bias,2251,0.07639897618700096
gap_shrunk_causal_lasso_tree,history_sample,prior_8_plus_games,spearman,2251,0.8353268188948759
gap_raw_lasso,history_sample,returning_after_gap,rmse,131,2.68234506309211
gap_raw_lasso,history_sample,returning_after_gap,mae,131,2.069224617304702
gap_raw_lasso,history_sample,returning_after_gap,bias,131,0.2866903656660383
gap_raw_lasso,history_sample,returning_after_gap,spearman,131,0.6306206035085468
gap_raw_lightgbm,history_sample,returning_after_gap,rmse,131,2.5156410137574214
gap_raw_lightgbm,history_sample,returning_after_gap,mae,131,1.9288997054022439
gap_raw_lightgbm,history_sample,returning_after_gap,bias,131,0.4630756406922552
gap_raw_lightgbm,history_sample,returning_after_gap,spearman,131,0.6874295193375033
gap_raw_random_forest,history_sample,returning_after_gap,rmse,131,2.650057409170243
gap_raw_random_forest,history_sample,returning_after_gap,mae,131,2.032606334820134
gap_raw_random_forest,history_sample,returning_after_gap,bias,131,0.5797800366568528
gap_raw_random_forest,history_sample,returning_after_gap,spearman,131,0.6985943236464927
gap_shrunk_lasso,history_sample,returning_after_gap,rmse,131,2.688872832112141
gap_shrunk_lasso,history_sample,returning_after_gap,mae,131,2.0811667183095044
gap_shrunk_lasso,history_sample,returning_after_gap,bias,131,0.28653772587798293
gap_shrunk_lasso,history_sample,returning_after_gap,spearman,131,0.6333831118661379
gap_shrunk_lightgbm,history_sample,returning_after_gap,rmse,131,2.538959051986192
gap_shrunk_lightgbm,history_sample,returning_after_gap,mae,131,1.931504884687848
gap_shrunk_lightgbm,history_sample,returning_after_gap,bias,131,0.4527034183533797
gap_shrunk_lightgbm,history_sample,returning_after_gap,spearman,131,0.6870825376114291
gap_shrunk_random_forest,history_sample,returning_after_gap,rmse,131,2.6237233820517423
gap_shrunk_random_forest,history_sample,returning_after_gap,mae,131,2.0004107109545113
gap_shrunk_random_forest,history_sample,returning_after_gap,bias,131,0.4668991336719758
gap_shrunk_random_forest,history_sample,returning_after_gap,spearman,131,0.6974999966642583
incumbent_lasso,history_sample,returning_after_gap,rmse,131,2.664735071168966
incumbent_lasso,history_sample,returning_after_gap,mae,131,2.0809924483963345
incumbent_lasso,history_sample,returning_after_gap,bias,131,0.37190805049314346
incumbent_lasso,history_sample,returning_after_gap,spearman,131,0.6388307249655037
incumbent_lightgbm,history_sample,returning_after_gap,rmse,131,2.5144160170417833
incumbent_lightgbm,history_sample,returning_after_gap,mae,131,1.9194244488144296
incumbent_lightgbm,history_sample,returning_after_gap,bias,131,0.3889823108625723
incumbent_lightgbm,history_sample,returning_after_gap,spearman,131,0.6823502406858164
incumbent_random_forest,history_sample,returning_after_gap,rmse,131,2.631683426168806
incumbent_random_forest,history_sample,returning_after_gap,mae,131,2.0050177230291144
incumbent_random_forest,history_sample,returning_after_gap,bias,131,0.5368307151147453
incumbent_random_forest,history_sample,returning_after_gap,spearman,131,0.7086701391536487
incumbent_tree_average,history_sample,returning_after_gap,rmse,131,2.543169078514977
incumbent_tree_average,history_sample,returning_after_gap,mae,131,1.9306530666878197
incumbent_tree_average,history_sample,returning_after_gap,bias,131,0.46290651298865876
incumbent_tree_average,history_sample,returning_after_gap,spearman,131,0.6969074586397316
incumbent_equal_thirds,history_sample,returning_after_gap,rmse,131,2.536135036729967
incumbent_equal_thirds,history_sample,returning_after_gap,mae,131,1.9396674192344052
incumbent_equal_thirds,history_sample,returning_after_gap,bias,131,0.43257369215682034
incumbent_equal_thirds,history_sample,returning_after_gap,spearman,131,0.6698882585393497
incumbent_causal_lasso_tree,history_sample,returning_after_gap,rmse,131,2.522543479616474
incumbent_causal_lasso_tree,history_sample,returning_after_gap,mae,131,1.9197301629570107
incumbent_causal_lasso_tree,history_sample,returning_after_gap,bias,131,0.42121383312238014
incumbent_causal_lasso_tree,history_sample,returning_after_gap,spearman,131,0.6816642845042696
gap_raw_tree_average,history_sample,returning_after_gap,rmse,131,2.5624237044899534
gap_raw_tree_average,history_sample,returning_after_gap,mae,131,1.9582794107734345
gap_raw_tree_average,history_sample,returning_after_gap,bias,131,0.521427838674554
gap_raw_tree_average,history_sample,returning_after_gap,spearman,131,0.6943744920393896
gap_raw_equal_thirds,history_sample,returning_after_gap,rmse,131,2.553694262879094
gap_raw_equal_thirds,history_sample,returning_after_gap,mae,131,1.9654698202401906
gap_raw_equal_thirds,history_sample,returning_after_gap,bias,131,0.4431820143383821
gap_raw_equal_thirds,history_sample,returning_after_gap,spearman,131,0.6676969354846808
gap_raw_causal_lasso_tree,history_sample,returning_after_gap,rmse,131,2.5436175422175347
gap_raw_causal_lasso_tree,history_sample,returning_after_gap,mae,131,1.9497197989792052
gap_raw_causal_lasso_tree,history_sample,returning_after_gap,bias,131,0.4441943614655206
gap_raw_causal_lasso_tree,history_sample,returning_after_gap,spearman,131,0.6771508529751038
gap_shrunk_tree_average,history_sample,returning_after_gap,rmse,131,2.5679901068057345
gap_shrunk_tree_average,history_sample,returning_after_gap,mae,131,1.9577022375704627
gap_shrunk_tree_average,history_sample,returning_after_gap,bias,131,0.45980127601267773
gap_shrunk_tree_average,history_sample,returning_after_gap,spearman,131,0.6940515321251205
gap_shrunk_equal_thirds,history_sample,returning_after_gap,rmse,131,2.5631535126150378
gap_shrunk_equal_thirds,history_sample,returning_after_gap,mae,131,1.9730910111929647
gap_shrunk_equal_thirds,history_sample,returning_after_gap,bias,131,0.40204675930111283
gap_shrunk_equal_thirds,history_sample,returning_after_gap,spearman,131,0.6734114576041037
gap_shrunk_causal_lasso_tree,history_sample,returning_after_gap,rmse,131,2.5536697096726146
gap_shrunk_causal_lasso_tree,history_sample,returning_after_gap,mae,131,1.9544066673364369
gap_shrunk_causal_lasso_tree,history_sample,returning_after_gap,bias,131,0.39820803309693736
gap_shrunk_causal_lasso_tree,history_sample,returning_after_gap,spearman,131,0.6849979781647831
gap_raw_lasso,history_sample,rookie,rmse,532,3.5297862755197307
gap_raw_lasso,history_sample,rookie,mae,532,2.7988769936617235
gap_raw_lasso,history_sample,rookie,bias,532,0.16371986754878617
gap_raw_lasso,history_sample,rookie,spearman,532,0.637799780260396
gap_raw_lightgbm,history_sample,rookie,rmse,532,3.4492406180832527
gap_raw_lightgbm,history_sample,rookie,mae,532,2.750086829395516
gap_raw_lightgbm,history_sample,rookie,bias,532,0.30875786717397696
gap_raw_lightgbm,history_sample,rookie,spearman,532,0.6447568814650114
gap_raw_random_forest,history_sample,rookie,rmse,532,3.434291042571942
gap_raw_random_forest,history_sample,rookie,mae,532,2.725889548021607
gap_raw_random_forest,history_sample,rookie,bias,532,0.13982073095108513
gap_raw_random_forest,history_sample,rookie,spearman,532,0.6559314353836441
gap_shrunk_lasso,history_sample,rookie,rmse,532,3.5279214109276698
gap_shrunk_lasso,history_sample,rookie,mae,532,2.799955118601207
gap_shrunk_lasso,history_sample,rookie,bias,532,0.16174680917766365
gap_shrunk_lasso,history_sample,rookie,spearman,532,0.6372029608571226
gap_shrunk_lightgbm,history_sample,rookie,rmse,532,3.4379542977380906
gap_shrunk_lightgbm,history_sample,rookie,mae,532,2.7413842038552807
gap_shrunk_lightgbm,history_sample,rookie,bias,532,0.31608196089733787
gap_shrunk_lightgbm,history_sample,rookie,spearman,532,0.6478928702596833
gap_shrunk_random_forest,history_sample,rookie,rmse,532,3.451207518197854
gap_shrunk_random_forest,history_sample,rookie,mae,532,2.7376895412331925
gap_shrunk_random_forest,history_sample,rookie,bias,532,0.17289619285992683
gap_shrunk_random_forest,history_sample,rookie,spearman,532,0.6566261907124726
incumbent_lasso,history_sample,rookie,rmse,532,3.533238720750133
incumbent_lasso,history_sample,rookie,mae,532,2.820911978390968
incumbent_lasso,history_sample,rookie,bias,532,0.19943208526619152
incumbent_lasso,history_sample,rookie,spearman,532,0.6344740572345295
incumbent_lightgbm,history_sample,rookie,rmse,532,3.4482344840595167
incumbent_lightgbm,history_sample,rookie,mae,532,2.754519803012232
incumbent_lightgbm,history_sample,rookie,bias,532,0.31962965335664667
incumbent_lightgbm,history_sample,rookie,spearman,532,0.6475830168554706
incumbent_random_forest,history_sample,rookie,rmse,532,3.454447449153651
incumbent_random_forest,history_sample,rookie,mae,532,2.739698651030444
incumbent_random_forest,history_sample,rookie,bias,532,0.16814623060982078
incumbent_random_forest,history_sample,rookie,spearman,532,0.6560021543997756
incumbent_tree_average,history_sample,rookie,rmse,532,3.4419649568298594
incumbent_tree_average,history_sample,rookie,mae,532,2.741905328285975
incumbent_tree_average,history_sample,rookie,bias,532,0.24388794198323374
incumbent_tree_average,history_sample,rookie,spearman,532,0.6534421311024196
incumbent_equal_thirds,history_sample,rookie,rmse,532,3.4550373700834576
incumbent_equal_thirds,history_sample,rookie,mae,532,2.7562675760559014
incumbent_equal_thirds,history_sample,rookie,bias,532,0.22906932307755304
incumbent_equal_thirds,history_sample,rookie,spearman,532,0.6489819451272446
incumbent_causal_lasso_tree,history_sample,rookie,rmse,532,3.4591225948428406
incumbent_causal_lasso_tree,history_sample,rookie,mae,532,2.7579150253649662
incumbent_causal_lasso_tree,history_sample,rookie,bias,532,0.24958176624962322
incumbent_causal_lasso_tree,history_sample,rookie,spearman,532,0.6475058561684373
gap_raw_tree_average,history_sample,rookie,rmse,532,3.4321626423343674
gap_raw_tree_average,history_sample,rookie,mae,532,2.7309472610926964
gap_raw_tree_average,history_sample,rookie,bias,532,0.2242892990625311
gap_raw_tree_average,history_sample,rookie,spearman,532,0.6516444602123566
gap_raw_equal_thirds,history_sample,rookie,rmse,532,3.444494281571416
gap_raw_equal_thirds,history_sample,rookie,mae,532,2.7429291731030854
gap_raw_equal_thirds,history_sample,rookie,bias,532,0.2040994885579494
gap_raw_equal_thirds,history_sample,rookie,spearman,532,0.6490994998604794
gap_raw_causal_lasso_tree,history_sample,rookie,rmse,532,3.4453152928723414
gap_raw_causal_lasso_tree,history_sample,rookie,mae,532,2.7429421220312156
gap_raw_causal_lasso_tree,history_sample,rookie,bias,532,0.2285755125602263
gap_raw_causal_lasso_tree,history_sample,rookie,spearman,532,0.6475673034222162
gap_shrunk_tree_average,history_sample,rookie,rmse,532,3.4341593185727834
gap_shrunk_tree_average,history_sample,rookie,mae,532,2.733389990359919
gap_shrunk_tree_average,history_sample,rookie,bias,532,0.2444890768786323
gap_shrunk_tree_average,history_sample,rookie,spearman,532,0.6555799137376211
gap_shrunk_equal_thirds,history_sample,rookie,rmse,532,3.446203882854725
gap_shrunk_equal_thirds,history_sample,rookie,mae,532,2.743627200233732
gap_shrunk_equal_thirds,history_sample,rookie,bias,532,0.2169083209783094
gap_shrunk_equal_thirds,history_sample,rookie,spearman,532,0.6514081154249615
gap_shrunk_causal_lasso_tree,history_sample,rookie,rmse,532,3.4468154049236084
gap_shrunk_causal_lasso_tree,history_sample,rookie,mae,532,2.744386043967528
gap_shrunk_causal_lasso_tree,history_sample,rookie,bias,532,0.24294394497340657
gap_shrunk_causal_lasso_tree,history_sample,rookie,spearman,532,0.6506258384866118
gap_raw_lasso,projection_band,12_to_16,rmse,421,3.5678189444645527
gap_raw_lasso,projection_band,12_to_16,mae,421,2.8123154888183457
gap_raw_lasso,projection_band,12_to_16,bias,421,-0.0923909954475965
gap_raw_lasso,projection_band,12_to_16,spearman,421,0.317342799571941
gap_raw_lightgbm,projection_band,12_to_16,rmse,421,3.5335109686160604
gap_raw_lightgbm,projection_band,12_to_16,mae,421,2.776705761055113
gap_raw_lightgbm,projection_band,12_to_16,bias,421,-0.031628011445628795
gap_raw_lightgbm,projection_band,12_to_16,spearman,421,0.3026570444335908
gap_raw_random_forest,projection_band,12_to_16,rmse,421,3.5172172878534704
gap_raw_random_forest,projection_band,12_to_16,mae,421,2.7846606397410976
gap_raw_random_forest,projection_band,12_to_16,bias,421,0.02334136566254718
gap_raw_random_forest,projection_band,12_to_16,spearman,421,0.3189466480363241
gap_shrunk_lasso,projection_band,12_to_16,rmse,421,3.571882456398291
gap_shrunk_lasso,projection_band,12_to_16,mae,421,2.815769393215502
gap_shrunk_lasso,projection_band,12_to_16,bias,421,-0.09535871604318032
gap_shrunk_lasso,projection_band,12_to_16,spearman,421,0.3155154930266134
gap_shrunk_lightgbm,projection_band,12_to_16,rmse,421,3.523660987483305
gap_shrunk_lightgbm,projection_band,12_to_16,mae,421,2.7595543673858365
gap_shrunk_lightgbm,projection_band,12_to_16,bias,421,-0.049447814382100344
gap_shrunk_lightgbm,projection_band,12_to_16,spearman,421,0.31951289193917115
gap_shrunk_random_forest,projection_band,12_to_16,rmse,421,3.516008013350707
gap_shrunk_random_forest,projection_band,12_to_16,mae,421,2.783179066221102
gap_shrunk_random_forest,projection_band,12_to_16,bias,421,0.03142518031601985
gap_shrunk_random_forest,projection_band,12_to_16,spearman,421,0.32083715647140437
incumbent_lasso,projection_band,12_to_16,rmse,421,3.561027427464233
incumbent_lasso,projection_band,12_to_16,mae,421,2.815240402218649
incumbent_lasso,projection_band,12_to_16,bias,421,-0.08965050533397263
incumbent_lasso,projection_band,12_to_16,spearman,421,0.3077866095137267
incumbent_lightgbm,projection_band,12_to_16,rmse,421,3.528806560176493
incumbent_lightgbm,projection_band,12_to_16,mae,421,2.774646435374007
incumbent_lightgbm,projection_band,12_to_16,bias,421,0.009031525234847598
incumbent_lightgbm,projection_band,12_to_16,spearman,421,0.3053380589477521
incumbent_random_forest,projection_band,12_to_16,rmse,421,3.517901253487687
incumbent_random_forest,projection_band,12_to_16,mae,421,2.7741497494588674
incumbent_random_forest,projection_band,12_to_16,bias,421,0.05572646084847689
incumbent_random_forest,projection_band,12_to_16,spearman,421,0.3188728320887505
incumbent_tree_average,projection_band,12_to_16,rmse,421,3.5141360125704733
incumbent_tree_average,projection_band,12_to_16,mae,421,2.766973528508308
incumbent_tree_average,projection_band,12_to_16,bias,421,0.03237899304166227
incumbent_tree_average,projection_band,12_to_16,spearman,421,0.31360681203799107
incumbent_equal_thirds,projection_band,12_to_16,rmse,421,3.5104752223638576
incumbent_equal_thirds,projection_band,12_to_16,mae,421,2.7705999912151826
incumbent_equal_thirds,projection_band,12_to_16,bias,421,-0.008297506416882743
incumbent_equal_thirds,projection_band,12_to_16,spearman,421,0.32052050374640983
incumbent_causal_lasso_tree,projection_band,12_to_16,rmse,421,3.5126287883092226
incumbent_causal_lasso_tree,projection_band,12_to_16,mae,421,2.765366298440385
incumbent_causal_lasso_tree,projection_band,12_to_16,bias,421,-0.005810433131470481
incumbent_causal_lasso_tree,projection_band,12_to_16,spearman,421,0.32019090508725484
gap_raw_tree_average,projection_band,12_to_16,rmse,421,3.5154935481671283
gap_raw_tree_average,projection_band,12_to_16,mae,421,2.7720276427310933
gap_raw_tree_average,projection_band,12_to_16,bias,421,-0.004143322891540813
gap_raw_tree_average,projection_band,12_to_16,spearman,421,0.3156272622718501
gap_raw_equal_thirds,projection_band,12_to_16,rmse,421,3.512097598078043
gap_raw_equal_thirds,projection_band,12_to_16,mae,421,2.771635535413823
gap_raw_equal_thirds,projection_band,12_to_16,bias,421,-0.033559213743559364
gap_raw_equal_thirds,projection_band,12_to_16,spearman,421,0.3237860151264892
gap_raw_causal_lasso_tree,projection_band,12_to_16,rmse,421,3.5165692816526586
gap_raw_causal_lasso_tree,projection_band,12_to_16,mae,421,2.770891873674122
gap_raw_causal_lasso_tree,projection_band,12_to_16,bias,421,-0.027444511399461385
gap_raw_causal_lasso_tree,projection_band,12_to_16,spearman,421,0.3214479472532882
gap_shrunk_tree_average,projection_band,12_to_16,rmse,421,3.5103558279058444
gap_shrunk_tree_average,projection_band,12_to_16,mae,421,2.7677683537215043
gap_shrunk_tree_average,projection_band,12_to_16,bias,421,-0.009011317033040242
gap_shrunk_tree_average,projection_band,12_to_16,spearman,421,0.32557641369803003
gap_shrunk_equal_thirds,projection_band,12_to_16,rmse,421,3.510386097201801
gap_shrunk_equal_thirds,projection_band,12_to_16,mae,421,2.7689858425803435
gap_shrunk_equal_thirds,projection_band,12_to_16,bias,421,-0.037793783369753656
gap_shrunk_equal_thirds,projection_band,12_to_16,spearman,421,0.33031559051512677
gap_shrunk_causal_lasso_tree,projection_band,12_to_16,rmse,421,3.5130158177009947
gap_shrunk_causal_lasso_tree,projection_band,12_to_16,mae,421,2.7666940849856596
gap_shrunk_causal_lasso_tree,projection_band,12_to_16,bias,421,-0.031696321334456476
gap_shrunk_causal_lasso_tree,projection_band,12_to_16,spearman,421,0.3291868015477643
gap_raw_lasso,projection_band,16_plus,rmse,299,3.8142511782262876
gap_raw_lasso,projection_band,16_plus,mae,299,2.9961273668475763
gap_raw_lasso,projection_band,16_plus,bias,299,-0.4987121719034094
gap_raw_lasso,projection_band,16_plus,spearman,299,0.3104065700896961
gap_raw_lightgbm,projection_band,16_plus,rmse,299,3.76915162182453
gap_raw_lightgbm,projection_band,16_plus,mae,299,3.0514863368218745
gap_raw_lightgbm,projection_band,16_plus,bias,299,-0.37193983880702863
gap_raw_lightgbm,projection_band,16_plus,spearman,299,0.34992174135749604
gap_raw_random_forest,projection_band,16_plus,rmse,299,3.820694404111895
gap_raw_random_forest,projection_band,16_plus,mae,299,3.093907612474666
gap_raw_random_forest,projection_band,16_plus,bias,299,-0.38856748878103115
gap_raw_random_forest,projection_band,16_plus,spearman,299,0.32574203177079486
gap_shrunk_lasso,projection_band,16_plus,rmse,299,3.818934163988256
gap_shrunk_lasso,projection_band,16_plus,mae,299,2.9994893359001837
gap_shrunk_lasso,projection_band,16_plus,bias,299,-0.5076024972499468
gap_shrunk_lasso,projection_band,16_plus,spearman,299,0.30756420901085124
gap_shrunk_lightgbm,projection_band,16_plus,rmse,299,3.7911549347468987
gap_shrunk_lightgbm,projection_band,16_plus,mae,299,3.0869528892459535
gap_shrunk_lightgbm,projection_band,16_plus,bias,299,-0.3200008121556573
gap_shrunk_lightgbm,projection_band,16_plus,spearman,299,0.33778531071925405
gap_shrunk_random_forest,projection_band,16_plus,rmse,299,3.8371860077987257
gap_shrunk_random_forest,projection_band,16_plus,mae,299,3.0940613949521834
gap_shrunk_random_forest,projection_band,16_plus,bias,299,-0.3526099569735748
gap_shrunk_random_forest,projection_band,16_plus,spearman,299,0.31804298849476426
incumbent_lasso,projection_band,16_plus,rmse,299,3.814145007589833
incumbent_lasso,projection_band,16_plus,mae,299,2.9924951092332703
incumbent_lasso,projection_band,16_plus,bias,299,-0.5035780682259663
incumbent_lasso,projection_band,16_plus,spearman,299,0.3067532281549825
incumbent_lightgbm,projection_band,16_plus,rmse,299,3.8047867115141663
incumbent_lightgbm,projection_band,16_plus,mae,299,3.0667394241429413
incumbent_lightgbm,projection_band,16_plus,bias,299,-0.351058228783251
incumbent_lightgbm,projection_band,16_plus,spearman,299,0.3329816015311977
incumbent_random_forest,projection_band,16_plus,rmse,299,3.871184053997016
incumbent_random_forest,projection_band,16_plus,mae,299,3.101140246501892
incumbent_random_forest,projection_band,16_plus,bias,299,-0.4217881267224122
incumbent_random_forest,projection_band,16_plus,spearman,299,0.30628432723942484
incumbent_tree_average,projection_band,16_plus,rmse,299,3.8262283038105105
incumbent_tree_average,projection_band,16_plus,mae,299,3.0772156653995726
incumbent_tree_average,projection_band,16_plus,bias,299,-0.3864231777528316
incumbent_tree_average,projection_band,16_plus,spearman,299,0.3219775811940511
incumbent_equal_thirds,projection_band,16_plus,rmse,299,3.7921142740675484
incumbent_equal_thirds,projection_band,16_plus,mae,299,3.028071725006505
incumbent_equal_thirds,projection_band,16_plus,bias,299,-0.4254748079105433
incumbent_equal_thirds,projection_band,16_plus,spearman,299,0.32990467776362253
incumbent_causal_lasso_tree,projection_band,16_plus,rmse,299,3.78480814133999
incumbent_causal_lasso_tree,projection_band,16_plus,mae,299,3.027601606427753
incumbent_causal_lasso_tree,projection_band,16_plus,bias,299,-0.421867735058717
incumbent_causal_lasso_tree,projection_band,16_plus,spearman,299,0.3370760111054856
gap_raw_tree_average,projection_band,16_plus,rmse,299,3.783674228355232
gap_raw_tree_average,projection_band,16_plus,mae,299,3.0671597931689982
gap_raw_tree_average,projection_band,16_plus,bias,299,-0.3802536637940301
gap_raw_tree_average,projection_band,16_plus,spearman,299,0.3400905344640014
gap_raw_equal_thirds,projection_band,16_plus,rmse,299,3.7623676616848414
gap_raw_equal_thirds,projection_band,16_plus,mae,299,3.0218901192727223
gap_raw_equal_thirds,projection_band,16_plus,bias,299,-0.419739833163823
gap_raw_equal_thirds,projection_band,16_plus,spearman,299,0.3420830827777426
gap_raw_causal_lasso_tree,projection_band,16_plus,rmse,299,3.7553068322510557
gap_raw_causal_lasso_tree,projection_band,16_plus,mae,299,3.0260535435654976
gap_raw_causal_lasso_tree,projection_band,16_plus,bias,299,-0.41368334862963996
gap_raw_causal_lasso_tree,projection_band,16_plus,spearman,299,0.3512366391858047
gap_shrunk_tree_average,projection_band,16_plus,rmse,299,3.802276003416017
gap_shrunk_tree_average,projection_band,16_plus,mae,299,3.0865255700336416
gap_shrunk_tree_average,projection_band,16_plus,bias,299,-0.3363053845646161
gap_shrunk_tree_average,projection_band,16_plus,spearman,299,0.33007235080523173
gap_shrunk_equal_thirds,projection_band,16_plus,rmse,299,3.773771476652338
gap_shrunk_equal_thirds,projection_band,16_plus,mae,299,3.03677470126788
gap_shrunk_equal_thirds,projection_band,16_plus,bias,299,-0.3934044221263931
gap_shrunk_equal_thirds,projection_band,16_plus,spearman,299,0.33255085913916554
gap_shrunk_causal_lasso_tree,projection_band,16_plus,rmse,299,3.7659219109487263
gap_shrunk_causal_lasso_tree,projection_band,16_plus,mae,299,3.0402691166685467
gap_shrunk_causal_lasso_tree,projection_band,16_plus,bias,299,-0.37974613695145987
gap_shrunk_causal_lasso_tree,projection_band,16_plus,spearman,299,0.3440008852777544
gap_raw_lasso,projection_band,8_to_12,rmse,613,3.48985649297803
gap_raw_lasso,projection_band,8_to_12,mae,613,2.8311642295174066
gap_raw_lasso,projection_band,8_to_12,bias,613,0.3216169692369518
gap_raw_lasso,projection_band,8_to_12,spearman,613,0.4123129432245871
gap_raw_lightgbm,projection_band,8_to_12,rmse,613,3.4541110888927813
gap_raw_lightgbm,projection_band,8_to_12,mae,613,2.7620766146031506
gap_raw_lightgbm,projection_band,8_to_12,bias,613,-0.015404240523051524
gap_raw_lightgbm,projection_band,8_to_12,spearman,613,0.4390892270420956
gap_raw_random_forest,projection_band,8_to_12,rmse,613,3.501670062768758
gap_raw_random_forest,projection_band,8_to_12,mae,613,2.812308403924438
gap_raw_random_forest,projection_band,8_to_12,bias,613,-0.040369200806736116
gap_raw_random_forest,projection_band,8_to_12,spearman,613,0.39323969859462105
gap_shrunk_lasso,projection_band,8_to_12,rmse,613,3.4864809062516238
gap_shrunk_lasso,projection_band,8_to_12,mae,613,2.828583253706374
gap_shrunk_lasso,projection_band,8_to_12,bias,613,0.3213528266831112
gap_shrunk_lasso,projection_band,8_to_12,spearman,613,0.41343140991742844
gap_shrunk_lightgbm,projection_band,8_to_12,rmse,613,3.45511465920489
gap_shrunk_lightgbm,projection_band,8_to_12,mae,613,2.7653233279078426
gap_shrunk_lightgbm,projection_band,8_to_12,bias,613,-0.008162213481571376
gap_shrunk_lightgbm,projection_band,8_to_12,spearman,613,0.430563702368325
gap_shrunk_random_forest,projection_band,8_to_12,rmse,613,3.5056379144015883
gap_shrunk_random_forest,projection_band,8_to_12,mae,613,2.825494144078381
gap_shrunk_random_forest,projection_band,8_to_12,bias,613,-0.005594278194512013
gap_shrunk_random_forest,projection_band,8_to_12,spearman,613,0.3983171711479842
incumbent_lasso,projection_band,8_to_12,rmse,613,3.48895086620108
incumbent_lasso,projection_band,8_to_12,mae,613,2.8319912773353098
incumbent_lasso,projection_band,8_to_12,bias,613,0.3126257469246044
incumbent_lasso,projection_band,8_to_12,spearman,613,0.4126321330253295
incumbent_lightgbm,projection_band,8_to_12,rmse,613,3.472228618230171
incumbent_lightgbm,projection_band,8_to_12,mae,613,2.774309742508891
incumbent_lightgbm,projection_band,8_to_12,bias,613,-0.04858610342575939
incumbent_lightgbm,projection_band,8_to_12,spearman,613,0.4210234854562713
incumbent_random_forest,projection_band,8_to_12,rmse,613,3.5033730187512018
incumbent_random_forest,projection_band,8_to_12,mae,613,2.815313004338695
incumbent_random_forest,projection_band,8_to_12,bias,613,-0.0009255280022707677
incumbent_random_forest,projection_band,8_to_12,spearman,613,0.39668139505064287
incumbent_tree_average,projection_band,8_to_12,rmse,613,3.480270918683473
incumbent_tree_average,projection_band,8_to_12,mae,613,2.791246742176508
incumbent_tree_average,projection_band,8_to_12,bias,613,-0.024755815714015098
incumbent_tree_average,projection_band,8_to_12,spearman,613,0.4126822229540734
incumbent_equal_thirds,projection_band,8_to_12,rmse,613,3.4663042514616733
incumbent_equal_thirds,projection_band,8_to_12,mae,613,2.791967094477767
incumbent_equal_thirds,projection_band,8_to_12,bias,613,0.08770470516552475
incumbent_equal_thirds,projection_band,8_to_12,spearman,613,0.42060252688194477
incumbent_causal_lasso_tree,projection_band,8_to_12,rmse,613,3.4718597513944887
incumbent_causal_lasso_tree,projection_band,8_to_12,mae,613,2.788904677622454
incumbent_causal_lasso_tree,projection_band,8_to_12,bias,613,0.03882706299701018
incumbent_causal_lasso_tree,projection_band,8_to_12,spearman,613,0.4210248659899289
gap_raw_tree_average,projection_band,8_to_12,rmse,613,3.4702995813123807
gap_raw_tree_average,projection_band,8_to_12,mae,613,2.781640930473998
gap_raw_tree_average,projection_band,8_to_12,bias,613,-0.027886720664893783
gap_raw_tree_average,projection_band,8_to_12,spearman,613,0.41977220100645385
gap_raw_equal_thirds,projection_band,8_to_12,rmse,613,3.4592105416767938
gap_raw_equal_thirds,projection_band,8_to_12,mae,613,2.785947039745378
gap_raw_equal_thirds,projection_band,8_to_12,bias,613,0.08861450930238801
gap_raw_equal_thirds,projection_band,8_to_12,spearman,613,0.42796603293314983
gap_raw_causal_lasso_tree,projection_band,8_to_12,rmse,613,3.464086901641938
gap_raw_causal_lasso_tree,projection_band,8_to_12,mae,613,2.782701678871294
gap_raw_causal_lasso_tree,projection_band,8_to_12,bias,613,0.0388320125178961
gap_raw_causal_lasso_tree,projection_band,8_to_12,spearman,613,0.42847456422741237
gap_shrunk_tree_average,projection_band,8_to_12,rmse,613,3.4719218982896747
gap_shrunk_tree_average,projection_band,8_to_12,mae,613,2.7927237952470523
gap_shrunk_tree_average,projection_band,8_to_12,bias,613,-0.006878245838041742
gap_shrunk_tree_average,projection_band,8_to_12,spearman,613,0.4211376269371636
gap_shrunk_equal_thirds,projection_band,8_to_12,rmse,613,3.459467506847593
gap_shrunk_equal_thirds,projection_band,8_to_12,mae,613,2.7917357901563378
gap_shrunk_equal_thirds,projection_band,8_to_12,bias,613,0.10253211166900929
gap_shrunk_equal_thirds,projection_band,8_to_12,spearman,613,0.4290261264953021
gap_shrunk_causal_lasso_tree,projection_band,8_to_12,rmse,613,3.46576701438699
gap_shrunk_causal_lasso_tree,projection_band,8_to_12,mae,613,2.7905443091455275
gap_shrunk_causal_lasso_tree,projection_band,8_to_12,bias,613,0.0526932470436127
gap_shrunk_causal_lasso_tree,projection_band,8_to_12,spearman,613,0.4279443090638974
gap_raw_lasso,projection_band,under_8,rmse,2363,2.890094838285647
gap_raw_lasso,projection_band,under_8,mae,2363,2.2113682757060147
gap_raw_lasso,projection_band,under_8,bias,2363,0.007273828182105829
gap_raw_lasso,projection_band,under_8,spearman,2363,0.5132317222996533
gap_raw_lightgbm,projection_band,under_8,rmse,2363,2.8361837379981307
gap_raw_lightgbm,projection_band,under_8,mae,2363,2.2197517219879654
gap_raw_lightgbm,projection_band,under_8,bias,2363,0.3630465978039636
gap_raw_lightgbm,projection_band,under_8,spearman,2363,0.5284973250881855
gap_raw_random_forest,projection_band,under_8,rmse,2363,2.8368800783120913
gap_raw_random_forest,projection_band,under_8,mae,2363,2.2177603338660186
gap_raw_random_forest,projection_band,under_8,bias,2363,0.38369961361093263
gap_raw_random_forest,projection_band,under_8,spearman,2363,0.532126622438452
gap_shrunk_lasso,projection_band,under_8,rmse,2363,2.890997512947465
gap_shrunk_lasso,projection_band,under_8,mae,2363,2.2124845345953323
gap_shrunk_lasso,projection_band,under_8,bias,2363,0.0037926063904635808
gap_shrunk_lasso,projection_band,under_8,spearman,2363,0.5132383209882287
gap_shrunk_lightgbm,projection_band,under_8,rmse,2363,2.8356640994091835
gap_shrunk_lightgbm,projection_band,under_8,mae,2363,2.2154623470806674
gap_shrunk_lightgbm,projection_band,under_8,bias,2363,0.35782047355679775
gap_shrunk_lightgbm,projection_band,under_8,spearman,2363,0.5300730955574817
gap_shrunk_random_forest,projection_band,under_8,rmse,2363,2.8291003918299973
gap_shrunk_random_forest,projection_band,under_8,mae,2363,2.2039304604043886
gap_shrunk_random_forest,projection_band,under_8,bias,2363,0.358003698285816
gap_shrunk_random_forest,projection_band,under_8,spearman,2363,0.5366226174760058
incumbent_lasso,projection_band,under_8,rmse,2363,2.888850424965486
incumbent_lasso,projection_band,under_8,mae,2363,2.2137207460116843
incumbent_lasso,projection_band,under_8,bias,2363,0.0031364632914997314
incumbent_lasso,projection_band,under_8,spearman,2363,0.5135204020785118
incumbent_lightgbm,projection_band,under_8,rmse,2363,2.8419704650283677
incumbent_lightgbm,projection_band,under_8,mae,2363,2.224598473962159
incumbent_lightgbm,projection_band,under_8,bias,2363,0.3846909887836064
incumbent_lightgbm,projection_band,under_8,spearman,2363,0.5305921767185179
incumbent_random_forest,projection_band,under_8,rmse,2363,2.825268584549415
incumbent_random_forest,projection_band,under_8,mae,2363,2.20496571884042
incumbent_random_forest,projection_band,under_8,bias,2363,0.36066042732222503
incumbent_random_forest,projection_band,under_8,spearman,2363,0.5342984224522814
incumbent_tree_average,projection_band,under_8,rmse,2363,2.8241170162912743
incumbent_tree_average,projection_band,under_8,mae,2363,2.206822517720003
incumbent_tree_average,projection_band,under_8,bias,2363,0.3726757080529157
incumbent_tree_average,projection_band,under_8,spearman,2363,0.5358812072096665
incumbent_equal_thirds,projection_band,under_8,rmse,2363,2.8106148986796344
incumbent_equal_thirds,projection_band,under_8,mae,2363,2.1764911091307586
incumbent_equal_thirds,projection_band,under_8,bias,2363,0.2494959597991104
incumbent_equal_thirds,projection_band,under_8,spearman,2363,0.533977713606235
incumbent_causal_lasso_tree,projection_band,under_8,rmse,2363,2.8143209394357616
incumbent_causal_lasso_tree,projection_band,under_8,mae,2363,2.1845868165698934
incumbent_causal_lasso_tree,projection_band,under_8,bias,2363,0.3037896790606493
incumbent_causal_lasso_tree,projection_band,under_8,spearman,2363,0.536480493730682
gap_raw_tree_average,projection_band,under_8,rmse,2363,2.8266644758003694
gap_raw_tree_average,projection_band,under_8,mae,2363,2.209927201748427
gap_raw_tree_average,projection_band,under_8,bias,2363,0.3733731057074481
gap_raw_tree_average,projection_band,under_8,spearman,2363,0.5340427764664106
gap_raw_equal_thirds,projection_band,under_8,rmse,2363,2.8125984824829153
gap_raw_equal_thirds,projection_band,under_8,mae,2363,2.1797217751248508
gap_raw_equal_thirds,projection_band,under_8,bias,2363,0.2513400131990007
gap_raw_equal_thirds,projection_band,under_8,spearman,2363,0.5332603186995101
gap_raw_causal_lasso_tree,projection_band,under_8,rmse,2363,2.8165282314797397
gap_raw_causal_lasso_tree,projection_band,under_8,mae,2363,2.189190076924591
gap_raw_causal_lasso_tree,projection_band,under_8,bias,2363,0.3065291886316262
gap_raw_causal_lasso_tree,projection_band,under_8,spearman,2363,0.5346627880808392
gap_shrunk_tree_average,projection_band,under_8,rmse,2363,2.8226261997245166
gap_shrunk_tree_average,projection_band,under_8,mae,2363,2.201847947229984
gap_shrunk_tree_average,projection_band,under_8,bias,2363,0.35791208592130686
gap_shrunk_tree_average,projection_band,under_8,spearman,2363,0.5380449499801151
gap_shrunk_equal_thirds,projection_band,under_8,rmse,2363,2.8114172345067465
gap_shrunk_equal_thirds,projection_band,under_8,mae,2363,2.175135030523831
gap_shrunk_equal_thirds,projection_band,under_8,bias,2363,0.2398722594110258
gap_shrunk_equal_thirds,projection_band,under_8,spearman,2363,0.5357338565065746
gap_shrunk_causal_lasso_tree,projection_band,under_8,rmse,2363,2.814900218954436
gap_shrunk_causal_lasso_tree,projection_band,under_8,mae,2363,2.1845610366614037
gap_shrunk_causal_lasso_tree,projection_band,under_8,bias,2363,0.2953565188665845
gap_shrunk_causal_lasso_tree,projection_band,under_8,spearman,2363,0.5382277865395697
