player_key,gsis_id,display_name,origin_season,target_season,position,team,identity_status,origin_expert_ppg,next_appeared,next_conditional_ppg,next_residual_vs_expert,next_participation_target_available,next_conditional_ppg_training_eligible,next_target_join_status,is_rookie,year_exp,has_prior_outcome,projection_provider_count,adp_median,next_participation_lightgbm,next_participation_logistic,next_participation_position_experience_prior,next_residual_lasso,next_residual_lightgbm,next_residual_position_experience_aging,next_residual_random_forest,next_residual_primary_blend,next_ppg_expert_carry_forward,next_ppg_position_experience_aging,next_ppg_lasso,next_ppg_random_forest,next_ppg_lightgbm,next_ppg_primary_blend,predicted_next_year_residual,predicted_next_year_conditional_ppg,predicted_next_year_appearance_probability,pred_resid_5_ny_shadow,pred_resid_10_ny_shadow,pred_resid_25_ny_shadow,pred_resid_75_ny_shadow,pred_resid_90_ny_shadow,pred_resid_95_ny_shadow,next_residual_interval_pool,next_residual_interval_rows,history_depth,run_id,feature_run_id,target_version,league,scoring_hash,publication_status
0166d0f0-3b26-516c-8ee4-eb89adfdbfde,00-0034975,Justice Hill,2026,2027,RB,BAL,confirmed,5.26348926757333,,,,0,0,target_incomplete,0.0,7.0,1,7.0,209.654695,0.6553820209102899,0.8725970150611805,0.5443934450622839,0.1385970129678098,0.11952570646340596,-0.681281550565376,0.015962937226620226,0.091361885552612,5.26348926757333,4.582207717007954,5.402086280541139,5.2794522047999495,5.383014974036736,5.354851153125941,0.091361885552612,5.354851153125941,0.6553820209102899,-5.775864899111019,-4.643358820238846,-2.737069962073368,1.761662089777431,5.120078841022579,6.865731939366032,position_history,561,veteran_with_history,v2_next_year_beta_20260828T213408Z_741eb3cf,milestone_3_20260828T210736Z_903d8f44,v2_next_year_expert_residual_v1,beta,6a9a803feee65cd1bd54f3b013594fb56a3c5c3eb6f65caf5c7e61ffee7bb0e6,shadow
01a8cb20-3790-541b-9b24-722ba60aa5a1,00-0040705,Chimere Dike,2026,2027,WR,TEN,confirmed,3.0298823529411765,,,,0,0,target_incomplete,0.0,1.0,1,7.0,290.5825,0.8777209682596503,0.9301091910600151,0.561305717008435,1.6995609906606126,1.724245581831217,1.6282505450092744,1.6570030877201924,1.693603220070674,3.0298823529411765,4.658132897950451,4.729443343601789,4.686885440661369,4.754127934772393,4.723485573011851,1.693603220070674,4.723485573011851,0.8777209682596503,-5.290117666656729,-4.500130273045835,-2.703400287276647,1.85750718837489,4.640355612959511,5.846307043900342,position_history,246,second_year,v2_next_year_beta_20260828T213408Z_741eb3cf,milestone_3_20260828T210736Z_903d8f44,v2_next_year_expert_residual_v1,beta,6a9a803feee65cd1bd54f3b013594fb56a3c5c3eb6f65caf5c7e61ffee7bb0e6,shadow
02283248-8f01-5aee-963c-8276cf2485ea,00-0040666,Omarion Hampton,2026,2027,RB,LAC,confirmed,14.147058823529411,,,,0,0,target_incomplete,0.0,1.0,1,7.0,16.582611999999997,0.9578227726808723,0.9957886746211266,0.6097613512933316,-1.1119239589886658,-0.4459479651091534,1.403342687822953,-0.32486915741266964,-0.6275803605034963,14.147058823529411,15.550401511352364,13.035134864540746,13.822189666116742,13.701110858420257,13.519478463025916,-0.6275803605034963,13.519478463025916,0.9578227726808723,-5.48615073240633,-4.244920053205529,-2.730536823343935,2.745851062339551,6.172636499559855,7.5044937746885285,position_history,171,second_year,v2_next_year_beta_20260828T213408Z_741eb3cf,milestone_3_20260828T210736Z_903d8f44,v2_next_year_expert_residual_v1,beta,6a9a803feee65cd1bd54f3b013594fb56a3c5c3eb6f65caf5c7e61ffee7bb0e6,shadow
02296688-4ead-509e-bd03-467e6221d8dc,00-0036331,Devin Duvernay,2026,2027,WR,ARI,confirmed,0.2529411764705883,,,,0,0,target_incomplete,0.0,6.0,1,5.0,316.99,0.3096552939789296,0.4368891405986309,0.5809258307011029,2.1153032529994844,2.364794663750212,0.36463526135546426,2.350527265775213,2.2768750608416366,0.2529411764705883,0.6175764378260525,2.3682444294700726,2.603468442245801,2.6177358402208,2.529816237312225,2.2768750608416366,2.529816237312225,0.3096552939789296,-5.174675104176586,-4.132551138216551,-2.349516433734719,1.7104468853139558,3.790706964546365,5.521261715174053,position_history,879,veteran_with_history,v2_next_year_beta_20260828T213408Z_741eb3cf,milestone_3_20260828T210736Z_903d8f44,v2_next_year_expert_residual_v1,beta,6a9a803feee65cd1bd54f3b013594fb56a3c5c3eb6f65caf5c7e61ffee7bb0e6,shadow
037357cd-607e-5ea4-acae-111ec15d5d83,00-0041496,Jonah Coleman,2026,2027,RB,DEN,confirmed,3.949105882352942,,,,0,0,target_incomplete,1.0,0.0,0,7.0,148.44987500000002,0.8573681093434593,0.9281739814380406,0.6553958879420866,2.5499229057983404,2.8171767550059443,2.8830872316241134,2.636115756556369,2.6677384724535513,3.949105882352942,6.8321931139770555,6.499028788151282,6.585221638909311,6.766282637358886,6.616844354806494,2.6677384724535513,6.616844354806494,0.8573681093434593,-5.275047966924827,-4.3298006659425265,-2.5364531139387987,2.612371761579932,6.381973266338156,8.832194594599148,position_history,178,rookie,v2_next_year_beta_20260828T213408Z_741eb3cf,milestone_3_20260828T210736Z_903d8f44,v2_next_year_expert_residual_v1,beta,6a9a803feee65cd1bd54f3b013594fb56a3c5c3eb6f65caf5c7e61ffee7bb0e6,shadow
039542aa-04f9-507b-8064-8eaf6b8d9a04,00-0041565,Drew Allar,2026,2027,QB,PIT,confirmed,,,,,0,0,target_incomplete,1.0,0.0,0,2.0,291.0,0.6468498396546001,0.5593526679933116,0.44978202947919904,,,,,,,,,,,,,,0.6468498396546001,-8.45552130817761,-6.586595987192735,-2.9812738228535967,2.974665977858852,6.51934127264136,8.784757686121404,position,274,rookie,v2_next_year_beta_20260828T213408Z_741eb3cf,milestone_3_20260828T210736Z_903d8f44,v2_next_year_expert_residual_v1,beta,6a9a803feee65cd1bd54f3b013594fb56a3c5c3eb6f65caf5c7e61ffee7bb0e6,shadow
03a3aedb-9194-5a61-ac5f-19385bb64647,00-0037744,Trey McBride,2026,2027,TE,ARI,confirmed,11.798117647058822,,,,0,0,target_incomplete,0.0,4.0,1,7.0,23.6675,0.9698884025927373,0.9922077222250517,0.5754647011414279,-1.4127538745580615,-0.9906904149012644,0.6249159376606653,-0.9623698895756597,-1.1219380596783284,11.798117647058822,12.423033584719487,10.38536377250076,10.835747757483162,10.807427232157558,10.676179587380494,-1.1219380596783284,10.676179587380494,0.9698884025927373,-3.2358565481832877,-2.66710551537136,-1.8857939720040764,1.062470480921867,3.115963575900585,4.606394156586925,position_history,517,veteran_with_history,v2_next_year_beta_20260828T213408Z_741eb3cf,milestone_3_20260828T210736Z_903d8f44,v2_next_year_expert_residual_v1,beta,6a9a803feee65cd1bd54f3b013594fb56a3c5c3eb6f65caf5c7e61ffee7bb0e6,shadow
03b52b57-9d0c-5f61-8a0f-426cce0fc10f,00-0039398,Joe Milton III,2026,2027,QB,DAL,confirmed,0.42648160085952186,,,,0,0,target_incomplete,0.0,2.0,0,6.0,296.03,0.4322448146628316,0.6403751938029091,0.4649623649904308,7.409117368894609,10.55396360052523,3.1546501294267837,10.972376879097549,9.645152616172462,0.42648160085952186,3.5811317302863057,7.835598969754131,11.39885847995707,10.980445201384752,10.071634217031983,9.645152616172462,10.071634217031983,0.4322448146628316,-8.45552130817761,-6.586595987192735,-2.9812738228535967,2.974665977858852,6.51934127264136,8.784757686121404,position,274,other_no_history,v2_next_year_beta_20260828T213408Z_741eb3cf,milestone_3_20260828T210736Z_903d8f44,v2_next_year_expert_residual_v1,beta,6a9a803feee65cd1bd54f3b013594fb56a3c5c3eb6f65caf5c7e61ffee7bb0e6,shadow
0436eb8c-723b-502f-8cf4-571d04c42cd9,00-0041042,Malachi Fields,2026,2027,WR,NYG,confirmed,4.103930667394567,,,,0,0,target_incomplete,1.0,0.0,0,7.0,207.25,0.8685538865540752,0.9217094703222116,0.5968118837409765,2.452989092427793,2.4877419795327005,2.727429987360483,2.317247572076351,2.4193262146789483,4.103930667394567,6.83136065475505,6.55691975982236,6.421178239470918,6.591672646927268,6.5232568820735155,2.4193262146789483,6.5232568820735155,0.8685538865540752,-5.241847632097132,-4.420861613449043,-2.79275194455823,1.666671205196188,3.4416152985046184,5.164736756719793,position_history,250,rookie,v2_next_year_beta_20260828T213408Z_741eb3cf,milestone_3_20260828T210736Z_903d8f44,v2_next_year_expert_residual_v1,beta,6a9a803feee65cd1bd54f3b013594fb56a3c5c3eb6f65caf5c7e61ffee7bb0e6,shadow
04491d56-9d89-57f3-8a5d-2a46571ff9a8,00-0041041,Oscar Delp,2026,2027,TE,NO,confirmed,1.751073888091823,,,,0,0,target_incomplete,1.0,0.0,0,6.0,335.2,0.8464333441640092,0.8864426316561692,0.6038558673610269,2.2041941447428886,2.149129222488701,2.0843437891501377,2.229534304598741,2.1942858906101104,1.751073888091823,3.835417677241961,3.9552680328347116,3.980608192690564,3.900203110580524,3.9453597787019334,2.1942858906101104,3.9453597787019334,0.8464333441640092,-4.352633110913855,-3.4831286225578566,-2.493896993771685,0.469156909097479,2.047935247444171,3.443435937814943,position_history,121,rookie,v2_next_year_beta_20260828T213408Z_741eb3cf,milestone_3_20260828T210736Z_903d8f44,v2_next_year_expert_residual_v1,beta,6a9a803feee65cd1bd54f3b013594fb56a3c5c3eb6f65caf5c7e61ffee7bb0e6,shadow
04dfcee7-ee29-5205-8808-dbf021c4b127,00-0038544,Quentin Johnston,2026,2027,WR,LAC,confirmed,8.711870588235294,,,,0,0,target_incomplete,0.0,3.0,1,7.0,86.8,0.9349050339029297,0.9765558111065489,0.561304531171307,-0.3830094147745733,-0.5072901419285479,1.1528823356726514,-0.5515074732163721,-0.4806023433064978,8.711870588235294,9.864752923907947,8.328861173460721,8.160363115018923,8.204580446306746,8.231268244928797,-0.4806023433064978,8.231268244928797,0.9349050339029297,-5.174675104176586,-4.132551138216551,-2.349516433734719,1.7104468853139558,3.790706964546365,5.521261715174053,position_history,879,veteran_with_history,v2_next_year_beta_20260828T213408Z_741eb3cf,milestone_3_20260828T210736Z_903d8f44,v2_next_year_expert_residual_v1,beta,6a9a803feee65cd1bd54f3b013594fb56a3c5c3eb6f65caf5c7e61ffee7bb0e6,shadow
0563feff-7726-5c98-92da-13a466d88bf0,00-0034141,Devin Gray,2026,2027,WR,,confirmed,,,,,0,0,target_incomplete,0.0,8.0,0,,357.0,0.32008781178984946,0.24868252786847272,0.5494986889348197,,,,,,,,,,,,,,0.32008781178984946,-5.247028493584627,-4.168147262586337,-2.4882348181433445,1.7215690384925635,4.092107755797534,5.673306043718701,position,1398,other_no_history,v2_next_year_beta_20260828T213408Z_741eb3cf,milestone_3_20260828T210736Z_903d8f44,v2_next_year_expert_residual_v1,beta,6a9a803feee65cd1bd54f3b013594fb56a3c5c3eb6f65caf5c7e61ffee7bb0e6,shadow
057fadd5-6d57-56c0-b4c5-f8c2147ff325,00-0039021,Roschon Johnson,2026,2027,RB,CHI,confirmed,0.8123529411764707,,,,0,0,target_incomplete,0.0,3.0,1,7.0,347.7575,0.6867423482210722,0.7980252172592462,0.6357540079168625,2.327720459044838,2.00353361207892,0.5942195570070535,2.3310569314811977,2.2207703342016516,0.8123529411764707,1.4065724981835244,3.1400734002213087,3.1434098726576685,2.8158865532553907,3.0331232753781223,2.2207703342016516,3.0331232753781223,0.6867423482210722,-5.775864899111019,-4.643358820238846,-2.737069962073368,1.761662089777431,5.120078841022579,6.865731939366032,position_history,561,veteran_with_history,v2_next_year_beta_20260828T213408Z_741eb3cf,milestone_3_20260828T210736Z_903d8f44,v2_next_year_expert_residual_v1,beta,6a9a803feee65cd1bd54f3b013594fb56a3c5c3eb6f65caf5c7e61ffee7bb0e6,shadow
05d1fee5-084f-5fbd-a509-fe8c23fdc978,00-0035993,Tyler Huntley,2026,2027,QB,BAL,confirmed,0.9095217790530834,,,,0,0,target_incomplete,0.0,6.0,1,6.0,332.78,0.5010043429303608,0.6123141482571461,0.48962908340472044,6.158640051603555,9.709459625060417,3.309060099871514,11.02757308049618,8.965224252386719,0.9095217790530834,4.2185818789245975,7.0681618306566385,11.937094859549264,10.6189814041135,9.874746031439802,8.965224252386719,9.874746031439802,0.5010043429303608,-8.06412819759558,-5.734041511578347,-2.864465114852388,2.783835279116431,6.020518964099286,6.909064297162426,position_history,209,veteran_with_history,v2_next_year_beta_20260828T213408Z_741eb3cf,milestone_3_20260828T210736Z_903d8f44,v2_next_year_expert_residual_v1,beta,6a9a803feee65cd1bd54f3b013594fb56a3c5c3eb6f65caf5c7e61ffee7bb0e6,shadow
05e08afe-7d4d-5caf-8cbe-6f2682c270d6,00-0035710,Daniel Jones,2026,2027,QB,IND,confirmed,13.721073242667519,,,,0,0,target_incomplete,0.0,7.0,1,7.0,149.2275,0.8857934461974787,0.9806163267026894,0.5472605688041711,1.464046292077044,-0.40751929866198233,3.0996677277257425,-0.801991399968085,0.08484519781565891,13.721073242667519,16.82074097039326,15.185119534744562,12.919081842699434,13.313553944005536,13.805918440483177,0.08484519781565891,13.805918440483177,0.8857934461974787,-8.06412819759558,-5.734041511578347,-2.864465114852388,2.783835279116431,6.020518964099286,6.909064297162426,position_history,209,veteran_with_history,v2_next_year_beta_20260828T213408Z_741eb3cf,milestone_3_20260828T210736Z_903d8f44,v2_next_year_expert_residual_v1,beta,6a9a803feee65cd1bd54f3b013594fb56a3c5c3eb6f65caf5c7e61ffee7bb0e6,shadow
05f0c678-2fe3-59ed-b840-9de13bf87cb8,00-0037112,Jake Tonges,2026,2027,TE,SF,confirmed,2.7905294117647057,,,,0,0,target_incomplete,0.0,4.0,1,7.0,240.3525,0.7770846748638061,0.8953134214453788,0.5754647011414279,1.9631609522068065,2.1431818134030185,0.6249159376606653,1.4723173448796631,1.859553370163163,2.7905294117647057,3.415445349425371,4.753690363971512,4.262846756644369,4.933711225167724,4.6500827819278685,1.859553370163163,4.6500827819278685,0.7770846748638061,-3.2358565481832877,-2.66710551537136,-1.8857939720040764,1.062470480921867,3.115963575900585,4.606394156586925,position_history,517,veteran_with_history,v2_next_year_beta_20260828T213408Z_741eb3cf,milestone_3_20260828T210736Z_903d8f44,v2_next_year_expert_residual_v1,beta,6a9a803feee65cd1bd54f3b013594fb56a3c5c3eb6f65caf5c7e61ffee7bb0e6,shadow
05f42ae8-7521-5ceb-9a93-7cab671300fd,00-0041467,Lewis Bond,2026,2027,WR,HOU,confirmed,,,,,0,0,target_incomplete,1.0,0.0,0,,323.9859,0.5941031800979891,0.5587504348220893,0.5968118837409765,,,,,,,,,,,,,,0.5941031800979891,-5.241847632097132,-4.420861613449043,-2.79275194455823,1.666671205196188,3.4416152985046184,5.164736756719793,position_history,250,rookie,v2_next_year_beta_20260828T213408Z_741eb3cf,milestone_3_20260828T210736Z_903d8f44,v2_next_year_expert_residual_v1,beta,6a9a803feee65cd1bd54f3b013594fb56a3c5c3eb6f65caf5c7e61ffee7bb0e6,shadow
05fed2ba-2680-5ac4-949c-5f953230b224,00-0039244,Chris Collier,2026,2027,RB,,confirmed,0.0,,,,0,0,target_incomplete,0.0,2.0,1,1.0,,0.14143687419183099,0.2158014377918119,0.6357540079168625,2.75425559234516,1.7417490055488816,0.5942195570070535,1.5782476034323023,2.024750733775448,0.0,0.5942195570070535,2.75425559234516,1.5782476034323023,1.7417490055488816,2.024750733775448,2.024750733775448,2.024750733775448,0.14143687419183099,-5.775864899111019,-4.643358820238846,-2.737069962073368,1.761662089777431,5.120078841022579,6.865731939366032,position_history,561,veteran_with_history,v2_next_year_beta_20260828T213408Z_741eb3cf,milestone_3_20260828T210736Z_903d8f44,v2_next_year_expert_residual_v1,beta,6a9a803feee65cd1bd54f3b013594fb56a3c5c3eb6f65caf5c7e61ffee7bb0e6,shadow
06084e55-82dc-5709-90f9-96fbea6c582b,00-0040900,Anthony Smith,2026,2027,WR,DAL,confirmed,,,,,0,0,target_incomplete,1.0,0.0,0,,,0.3187954794952278,0.4277048304122959,0.5968118837409765,,,,,,,,,,,,,,0.3187954794952278,-5.241847632097132,-4.420861613449043,-2.79275194455823,1.666671205196188,3.4416152985046184,5.164736756719793,position_history,250,rookie,v2_next_year_beta_20260828T213408Z_741eb3cf,milestone_3_20260828T210736Z_903d8f44,v2_next_year_expert_residual_v1,beta,6a9a803feee65cd1bd54f3b013594fb56a3c5c3eb6f65caf5c7e61ffee7bb0e6,shadow
06558fc2-2f9b-548f-9362-041f946489e1,00-0033591,Noah Brown,2026,2027,WR,LVR,confirmed,1.6588235294117648,,,,0,0,target_incomplete,0.0,9.0,1,1.0,366.0,0.40487076054934124,0.31157864393777474,0.5494986889348197,0.21967415232640986,1.307482883738727,-0.3337587311176249,1.5115542910590154,1.0129037757080506,1.6588235294117648,1.32506479829414,1.8784976817381747,3.1703778204707804,2.966306413150492,2.6717273051198154,1.0129037757080506,2.6717273051198154,0.40487076054934124,-5.174675104176586,-4.132551138216551,-2.349516433734719,1.7104468853139558,3.790706964546365,5.521261715174053,position_history,879,veteran_with_history,v2_next_year_beta_20260828T213408Z_741eb3cf,milestone_3_20260828T210736Z_903d8f44,v2_next_year_expert_residual_v1,beta,6a9a803feee65cd1bd54f3b013594fb56a3c5c3eb6f65caf5c7e61ffee7bb0e6,shadow
069c320a-9e0f-5073-ae47-4e7e8f7a634c,00-0037272,Montrell Washington,2026,2027,WR,,confirmed,,,,,0,0,target_incomplete,0.0,4.0,1,,324.0,0.2562149223997479,0.30240022060279015,0.5809258307011029,,,,,,,,,,,,,,0.2562149223997479,-5.174675104176586,-4.132551138216551,-2.349516433734719,1.7104468853139558,3.790706964546365,5.521261715174053,position_history,879,veteran_with_history,v2_next_year_beta_20260828T213408Z_741eb3cf,milestone_3_20260828T210736Z_903d8f44,v2_next_year_expert_residual_v1,beta,6a9a803feee65cd1bd54f3b013594fb56a3c5c3eb6f65caf5c7e61ffee7bb0e6,shadow
06b12c47-18b2-51ac-ba66-64de763baac2,00-0036906,Khalil Herbert,2026,2027,RB,SF,confirmed,,,,,0,0,target_incomplete,0.0,5.0,1,,321.625,0.3219948320665882,0.2558432715953578,0.5951913648732261,,,,,,,,,,,,,,0.3219948320665882,-5.775864899111019,-4.643358820238846,-2.737069962073368,1.761662089777431,5.120078841022579,6.865731939366032,position_history,561,veteran_with_history,v2_next_year_beta_20260828T213408Z_741eb3cf,milestone_3_20260828T210736Z_903d8f44,v2_next_year_expert_residual_v1,beta,6a9a803feee65cd1bd54f3b013594fb56a3c5c3eb6f65caf5c7e61ffee7bb0e6,shadow
07306428-6e44-5c1b-9307-9b5db48ff769,00-0033757,Robert Tonyan,2026,2027,TE,PIT,confirmed,0.9833529411764705,,,,0,0,target_incomplete,0.0,9.0,1,1.0,287.46000000000004,0.35625535624789567,0.21157895550860148,0.5338622493006663,1.6817962562916386,2.0492026546380218,-0.08955813866931404,2.4286508219116207,2.0532165776137603,0.9833529411764705,0.8937948025071565,2.665149197468109,3.4120037630880913,3.0325555958144923,3.036569518790231,2.0532165776137603,3.036569518790231,0.35625535624789567,-3.2358565481832877,-2.66710551537136,-1.8857939720040764,1.062470480921867,3.115963575900585,4.606394156586925,position_history,517,veteran_with_history,v2_next_year_beta_20260828T213408Z_741eb3cf,milestone_3_20260828T210736Z_903d8f44,v2_next_year_expert_residual_v1,beta,6a9a803feee65cd1bd54f3b013594fb56a3c5c3eb6f65caf5c7e61ffee7bb0e6,shadow
074bd5d6-f8e9-547c-b65d-c5889751748e,00-0038896,Jacob Saylors,2026,2027,RB,DET,confirmed,0.061764705882352944,,,,0,0,target_incomplete,0.0,3.0,1,5.0,312.135,0.40436832991147154,0.6441974342423404,0.6357540079168625,3.4263076837590587,3.0568198661617862,0.5942195570070535,2.894405087563979,3.1258442124949415,0.061764705882352944,0.6559842628894065,3.4880723896414114,2.956169793446332,3.1185845720441394,3.187608918377294,3.1258442124949415,3.187608918377294,0.40436832991147154,-5.775864899111019,-4.643358820238846,-2.737069962073368,1.761662089777431,5.120078841022579,6.865731939366032,position_history,561,veteran_with_history,v2_next_year_beta_20260828T213408Z_741eb3cf,milestone_3_20260828T210736Z_903d8f44,v2_next_year_expert_residual_v1,beta,6a9a803feee65cd1bd54f3b013594fb56a3c5c3eb6f65caf5c7e61ffee7bb0e6,shadow
07813480-9729-5f2f-afcb-3ac1d8a5a45a,00-0036900,Ja'Marr Chase,2026,2027,WR,CIN,confirmed,16.441764705882353,,,,0,0,target_incomplete,0.0,5.0,1,7.0,3.0664505,0.9752674204898374,0.9974303302806535,0.5809258307011029,-1.700769604036957,-0.670931726753449,0.36463526135546426,-0.9820354746222684,-1.1179122684708915,16.441764705882353,16.806399967237816,14.740995101845396,15.459729231260084,15.770832979128903,15.32385243741146,-1.1179122684708915,15.32385243741146,0.9752674204898374,-5.174675104176586,-4.132551138216551,-2.349516433734719,1.7104468853139558,3.790706964546365,5.521261715174053,position_history,879,veteran_with_history,v2_next_year_beta_20260828T213408Z_741eb3cf,milestone_3_20260828T210736Z_903d8f44,v2_next_year_expert_residual_v1,beta,6a9a803feee65cd1bd54f3b013594fb56a3c5c3eb6f65caf5c7e61ffee7bb0e6,shadow
07f9b213-c16b-5ebf-99a9-e9a23e207aa8,00-0036628,John Bates,2026,2027,TE,WAS,confirmed,1.7259497873223366,,,,0,0,target_incomplete,0.0,5.0,1,5.0,413.0,0.6258419474897009,0.7516306896925725,0.5754647011414279,-0.21885280706928345,0.7696663359738017,0.6249159376606653,1.069401730213794,0.5400717530394373,1.7259497873223366,2.350865724983002,1.5070969802530532,2.7953515175361305,2.4956161232961382,2.266021540361774,0.5400717530394373,2.266021540361774,0.6258419474897009,-3.2358565481832877,-2.66710551537136,-1.8857939720040764,1.062470480921867,3.115963575900585,4.606394156586925,position_history,517,veteran_with_history,v2_next_year_beta_20260828T213408Z_741eb3cf,milestone_3_20260828T210736Z_903d8f44,v2_next_year_expert_residual_v1,beta,6a9a803feee65cd1bd54f3b013594fb56a3c5c3eb6f65caf5c7e61ffee7bb0e6,shadow
080dc486-47f0-511e-a876-388d5a4817c2,00-0039407,Dylan Laube,2026,2027,RB,LVR,confirmed,0.7746529411764707,,,,0,0,target_incomplete,0.0,2.0,1,6.0,272.94,0.6313647265554252,0.7952165545419037,0.6357540079168625,2.667019902328623,2.9499479397103125,0.5942195570070535,2.6344788065580325,2.7504822161989892,0.7746529411764707,1.3688724981835243,3.441672843505094,3.409131747734503,3.724600880886783,3.52513515737546,2.7504822161989892,3.52513515737546,0.6313647265554252,-5.775864899111019,-4.643358820238846,-2.737069962073368,1.761662089777431,5.120078841022579,6.865731939366032,position_history,561,veteran_with_history,v2_next_year_beta_20260828T213408Z_741eb3cf,milestone_3_20260828T210736Z_903d8f44,v2_next_year_expert_residual_v1,beta,6a9a803feee65cd1bd54f3b013594fb56a3c5c3eb6f65caf5c7e61ffee7bb0e6,shadow
0832a36a-fa54-5ece-bbdc-de0569b5df59,00-0038860,Terrell Bynum,2026,2027,WR,,confirmed,,,,,0,0,target_incomplete,0.0,3.0,0,,377.0,0.4050620525759537,0.29171134876998495,0.561304531171307,,,,,,,,,,,,,,0.4050620525759537,-5.247028493584627,-4.168147262586337,-2.4882348181433445,1.7215690384925635,4.092107755797534,5.673306043718701,position,1398,other_no_history,v2_next_year_beta_20260828T213408Z_741eb3cf,milestone_3_20260828T210736Z_903d8f44,v2_next_year_expert_residual_v1,beta,6a9a803feee65cd1bd54f3b013594fb56a3c5c3eb6f65caf5c7e61ffee7bb0e6,shadow
08b481fb-f1c4-5ecc-9dc3-6453f5bcf059,00-0040901,Jaren Kanak,2026,2027,TE,TEN,confirmed,,,,,0,0,target_incomplete,1.0,0.0,0,,,0.46126931544386995,0.5519398767771302,0.6038558673610269,,,,,,,,,,,,,,0.46126931544386995,-4.352633110913855,-3.4831286225578566,-2.493896993771685,0.469156909097479,2.047935247444171,3.443435937814943,position_history,121,rookie,v2_next_year_beta_20260828T213408Z_741eb3cf,milestone_3_20260828T210736Z_903d8f44,v2_next_year_expert_residual_v1,beta,6a9a803feee65cd1bd54f3b013594fb56a3c5c3eb6f65caf5c7e61ffee7bb0e6,shadow
08c78f15-3f4f-5727-881b-22b8b7ffcc99,00-0039901,Keon Coleman,2026,2027,WR,BUF,confirmed,3.827058823529412,,,,0,0,target_incomplete,0.0,2.0,1,7.0,265.75,0.8823778251606108,0.9345572385268257,0.561304531171307,2.2951046729648272,1.6622305293159774,1.1528823356726514,1.7429960474104527,1.9001104165637521,3.827058823529412,4.979941159202063,6.122163496494239,5.570054870939865,5.48928935284539,5.727169240093164,1.9001104165637521,5.727169240093164,0.8823778251606108,-5.174675104176586,-4.132551138216551,-2.349516433734719,1.7104468853139558,3.790706964546365,5.521261715174053,position_history,879,veteran_with_history,v2_next_year_beta_20260828T213408Z_741eb3cf,milestone_3_20260828T210736Z_903d8f44,v2_next_year_expert_residual_v1,beta,6a9a803feee65cd1bd54f3b013594fb56a3c5c3eb6f65caf5c7e61ffee7bb0e6,shadow
08cf746b-bbc1-5d86-b3ee-5fff65fad3e2,00-0035406,Lil'Jordan Humphrey,2026,2027,WR,DEN,confirmed,0.4235294117647058,,,,0,0,target_incomplete,0.0,7.0,1,3.0,253.0,0.4389518150546134,0.4210683804106516,0.5494986889348197,3.2868034557164907,3.308816777754029,-0.3337587311176249,2.732859400992448,3.109493211487656,0.4235294117647058,0.08977068064708094,3.7103328674811964,3.1563888127571538,3.7323461895187346,3.5330226232523616,3.109493211487656,3.5330226232523616,0.4389518150546134,-5.174675104176586,-4.132551138216551,-2.349516433734719,1.7104468853139558,3.790706964546365,5.521261715174053,position_history,879,veteran_with_history,v2_next_year_beta_20260828T213408Z_741eb3cf,milestone_3_20260828T210736Z_903d8f44,v2_next_year_expert_residual_v1,beta,6a9a803feee65cd1bd54f3b013594fb56a3c5c3eb6f65caf5c7e61ffee7bb0e6,shadow
09ce39f6-1e27-5e3e-9a08-040ab263184f,00-0040739,Elijah Arroyo,2026,2027,TE,SEA,confirmed,2.8888235294117646,,,,0,0,target_incomplete,0.0,1.0,1,7.0,309.13,0.9142189138118121,0.9507185133095778,0.608365821078233,0.9565077076724737,1.5228401535244362,1.565974887778895,1.5001288532397072,1.326492238145539,2.8888235294117646,4.454798417190659,3.8453312370842383,4.388952382651472,4.411663682936201,4.215315767557303,1.326492238145539,4.215315767557303,0.9142189138118121,-3.6339700144720632,-2.951290805531581,-2.182514704742995,0.5014646262834015,2.7463026739883363,3.934592956869509,position_history,129,second_year,v2_next_year_beta_20260828T213408Z_741eb3cf,milestone_3_20260828T210736Z_903d8f44,v2_next_year_expert_residual_v1,beta,6a9a803feee65cd1bd54f3b013594fb56a3c5c3eb6f65caf5c7e61ffee7bb0e6,shadow
0a2330c1-3de8-5011-a74d-924b2d41ee83,00-0039305,Jack Westover,2026,2027,TE,NE,confirmed,0.29497058823529415,,,,0,0,target_incomplete,0.0,2.0,1,2.0,,0.46244747361606375,0.4174655629394099,0.5866373331518034,2.016508877170935,2.072670821791516,0.9813959523087957,2.3617620654752183,2.1503139214792233,0.29497058823529415,1.2763665405440898,2.311479465406229,2.6567326537105123,2.36764141002681,2.4452845097145173,2.1503139214792233,2.4452845097145173,0.46244747361606375,-3.2358565481832877,-2.66710551537136,-1.8857939720040764,1.062470480921867,3.115963575900585,4.606394156586925,position_history,517,veteran_with_history,v2_next_year_beta_20260828T213408Z_741eb3cf,milestone_3_20260828T210736Z_903d8f44,v2_next_year_expert_residual_v1,beta,6a9a803feee65cd1bd54f3b013594fb56a3c5c3eb6f65caf5c7e61ffee7bb0e6,shadow
0a4cd164-59e9-5c85-8516-f2fab90268b9,00-0039062,Jonathan Mingo,2026,2027,WR,DAL,confirmed,0.9955,,,,0,0,target_incomplete,0.0,3.0,1,4.0,292.53,0.7274257397675545,0.7147399926878497,0.561304531171307,2.9163283477337396,2.5918772493160804,1.1528823356726514,2.5283237627980513,2.6788431199492906,0.9955,2.1483823356726512,3.9118283477337394,3.5238237627980515,3.5873772493160807,3.674343119949291,2.6788431199492906,3.674343119949291,0.7274257397675545,-5.174675104176586,-4.132551138216551,-2.349516433734719,1.7104468853139558,3.790706964546365,5.521261715174053,position_history,879,veteran_with_history,v2_next_year_beta_20260828T213408Z_741eb3cf,milestone_3_20260828T210736Z_903d8f44,v2_next_year_expert_residual_v1,beta,6a9a803feee65cd1bd54f3b013594fb56a3c5c3eb6f65caf5c7e61ffee7bb0e6,shadow
0ac6cc9c-394d-5566-bf3c-d84bcdabaa10,00-0040563,Efton Chism III,2026,2027,WR,NE,confirmed,0.4776470588235295,,,,0,0,target_incomplete,0.0,1.0,1,3.0,295.0825,0.4736164997241075,0.6065841646293633,0.561305717008435,4.893863793667121,5.843385057707938,1.6282505450092744,6.22766832197412,5.6549723911163925,0.4776470588235295,2.105897603832804,5.37151085249065,6.705315380797649,6.321032116531467,6.132619449939922,5.6549723911163925,6.132619449939922,0.4736164997241075,-5.290117666656729,-4.500130273045835,-2.703400287276647,1.85750718837489,4.640355612959511,5.846307043900342,position_history,246,second_year,v2_next_year_beta_20260828T213408Z_741eb3cf,milestone_3_20260828T210736Z_903d8f44,v2_next_year_expert_residual_v1,beta,6a9a803feee65cd1bd54f3b013594fb56a3c5c3eb6f65caf5c7e61ffee7bb0e6,shadow
0b6a4855-c151-53e6-bc55-569a4078864a,00-0041443,Skyler Bell,2026,2027,WR,BUF,confirmed,1.5771764705882352,,,,0,0,target_incomplete,1.0,0.0,0,6.0,318.1825,0.6555500153762363,0.8193700937583749,0.5968118837409765,2.4550190810252204,2.076723652742809,2.727429987360483,2.2956515315301336,2.2757980884327207,1.5771764705882352,4.304606457948719,4.032195551613455,3.8728280021183688,3.653900123331044,3.852974559020956,2.2757980884327207,3.852974559020956,0.6555500153762363,-5.241847632097132,-4.420861613449043,-2.79275194455823,1.666671205196188,3.4416152985046184,5.164736756719793,position_history,250,rookie,v2_next_year_beta_20260828T213408Z_741eb3cf,milestone_3_20260828T210736Z_903d8f44,v2_next_year_expert_residual_v1,beta,6a9a803feee65cd1bd54f3b013594fb56a3c5c3eb6f65caf5c7e61ffee7bb0e6,shadow
0b790eb6-4476-5860-bd4f-af0056741cb1,00-0039361,Bucky Irving,2026,2027,RB,TB,confirmed,12.058823529411764,,,,0,0,target_incomplete,0.0,2.0,1,7.0,53.946127,0.9538463549493845,0.9864797680872556,0.6357540079168625,-1.0391326439244755,-1.2568980975664445,0.5942195570070535,-1.4116895290152134,-1.2359067568353777,12.058823529411764,12.653043086418817,11.01969088548729,10.647134000396552,10.80192543184532,10.822916772576386,-1.2359067568353777,10.822916772576386,0.9538463549493845,-5.775864899111019,-4.643358820238846,-2.737069962073368,1.761662089777431,5.120078841022579,6.865731939366032,position_history,561,veteran_with_history,v2_next_year_beta_20260828T213408Z_741eb3cf,milestone_3_20260828T210736Z_903d8f44,v2_next_year_expert_residual_v1,beta,6a9a803feee65cd1bd54f3b013594fb56a3c5c3eb6f65caf5c7e61ffee7bb0e6,shadow
0c370254-2acd-5345-a009-d0744ed3affe,00-0033357,Taysom Hill,2026,2027,TE,NO,confirmed,,,,,0,0,target_incomplete,0.0,9.0,1,,349.83000000000004,0.218993873556029,0.2778403817845574,0.5338622493006663,,,,,,,,,,,,,,0.218993873556029,-3.2358565481832877,-2.66710551537136,-1.8857939720040764,1.062470480921867,3.115963575900585,4.606394156586925,position_history,517,veteran_with_history,v2_next_year_beta_20260828T213408Z_741eb3cf,milestone_3_20260828T210736Z_903d8f44,v2_next_year_expert_residual_v1,beta,6a9a803feee65cd1bd54f3b013594fb56a3c5c3eb6f65caf5c7e61ffee7bb0e6,shadow
0c640b81-712b-5250-b809-b7f984670bdf,00-0036773,Osirus Mitchell,2026,2027,WR,,confirmed,,,,,0,0,target_incomplete,0.0,5.0,0,,336.0,0.33123914523286907,0.2848494964917193,0.5809258307011029,,,,,,,,,,,,,,0.33123914523286907,-5.247028493584627,-4.168147262586337,-2.4882348181433445,1.7215690384925635,4.092107755797534,5.673306043718701,position,1398,other_no_history,v2_next_year_beta_20260828T213408Z_741eb3cf,milestone_3_20260828T210736Z_903d8f44,v2_next_year_expert_residual_v1,beta,6a9a803feee65cd1bd54f3b013594fb56a3c5c3eb6f65caf5c7e61ffee7bb0e6,shadow
0cef180b-aa62-5659-b1d5-319c45738d0f,00-0040198,Ollie Gordon II,2026,2027,RB,MIA,confirmed,2.2235294117647055,,,,0,0,target_incomplete,0.0,1.0,1,7.0,283.485,0.8046869639128679,0.9268781252536654,0.6097613512933316,2.3759099820849032,2.1491779027433253,1.403342687822953,2.2221848298932523,2.24909090490716,2.2235294117647055,3.6268720995876587,4.599439393849609,4.445714241657958,4.37270731450803,4.472620316671866,2.24909090490716,4.472620316671866,0.8046869639128679,-5.48615073240633,-4.244920053205529,-2.730536823343935,2.745851062339551,6.172636499559855,7.5044937746885285,position_history,171,second_year,v2_next_year_beta_20260828T213408Z_741eb3cf,milestone_3_20260828T210736Z_903d8f44,v2_next_year_expert_residual_v1,beta,6a9a803feee65cd1bd54f3b013594fb56a3c5c3eb6f65caf5c7e61ffee7bb0e6,shadow
0d157512-6df0-5ed1-bb82-0567d9a373e9,00-0036463,Chris Blair,2026,2027,WR,ATL,confirmed,0.5352941176470588,,,,0,0,target_incomplete,0.0,5.0,1,1.0,,0.25509874655796794,0.2528766766421296,0.5809258307011029,2.1072344619290932,2.0447578133848183,0.36463526135546426,2.3828579693431666,2.1782834148856924,0.5352941176470588,0.8999293790025231,2.642528579576152,2.9181520869902253,2.580051931031877,2.713577532532751,2.1782834148856924,2.713577532532751,0.25509874655796794,-5.174675104176586,-4.132551138216551,-2.349516433734719,1.7104468853139558,3.790706964546365,5.521261715174053,position_history,879,veteran_with_history,v2_next_year_beta_20260828T213408Z_741eb3cf,milestone_3_20260828T210736Z_903d8f44,v2_next_year_expert_residual_v1,beta,6a9a803feee65cd1bd54f3b013594fb56a3c5c3eb6f65caf5c7e61ffee7bb0e6,shadow
0d3bbec5-d16e-5b66-9d99-1bc3650362a5,00-0040046,Rivaldo Fairweather,2026,2027,TE,ARI,confirmed,0.0,,,,0,0,target_incomplete,0.0,1.0,0,1.0,,0.21680841155569364,0.5340555036921514,0.608365821078233,3.0767452406291422,2.5441986955217155,1.565974887778895,2.5738050701382487,2.7315830020963694,0.0,1.565974887778895,3.0767452406291422,2.5738050701382487,2.5441986955217155,2.7315830020963694,2.7315830020963694,2.7315830020963694,0.21680841155569364,-3.6339700144720632,-2.951290805531581,-2.182514704742995,0.5014646262834015,2.7463026739883363,3.934592956869509,position_history,129,second_year,v2_next_year_beta_20260828T213408Z_741eb3cf,milestone_3_20260828T210736Z_903d8f44,v2_next_year_expert_residual_v1,beta,6a9a803feee65cd1bd54f3b013594fb56a3c5c3eb6f65caf5c7e61ffee7bb0e6,shadow
0d7ac08b-8c65-5007-be21-41eeecf0bc38,00-0040878,Mike Washington Jr.,2026,2027,RB,LVR,confirmed,4.958823529411766,,,,0,0,target_incomplete,1.0,0.0,0,7.0,138.8,0.8920875114445943,0.9388918726271487,0.6553958879420866,2.3615050306202168,2.6411648466884814,2.8830872316241134,2.6085131200374043,2.537060999115367,4.958823529411766,7.841910761035879,7.3203285600319825,7.56733664944917,7.599988376100248,7.495884528527133,2.537060999115367,7.495884528527133,0.8920875114445943,-5.275047966924827,-4.3298006659425265,-2.5364531139387987,2.612371761579932,6.381973266338156,8.832194594599148,position_history,178,rookie,v2_next_year_beta_20260828T213408Z_741eb3cf,milestone_3_20260828T210736Z_903d8f44,v2_next_year_expert_residual_v1,beta,6a9a803feee65cd1bd54f3b013594fb56a3c5c3eb6f65caf5c7e61ffee7bb0e6,shadow
0dacabcf-a2ae-56c0-9c2f-f1cf13dd41d6,00-0037324,Chris Oladokun,2026,2027,QB,,confirmed,,,,,0,0,target_incomplete,0.0,4.0,1,1.0,,0.1585601365823196,0.21717098680524968,0.48962908340472044,,,,,,,,,,,,,,0.1585601365823196,-8.06412819759558,-5.734041511578347,-2.864465114852388,2.783835279116431,6.020518964099286,6.909064297162426,position_history,209,veteran_with_history,v2_next_year_beta_20260828T213408Z_741eb3cf,milestone_3_20260828T210736Z_903d8f44,v2_next_year_expert_residual_v1,beta,6a9a803feee65cd1bd54f3b013594fb56a3c5c3eb6f65caf5c7e61ffee7bb0e6,shadow
0dafcd28-c0b2-5d95-bdee-ecc3840a5e63,00-0034981,Foster Moreau,2026,2027,TE,HOU,confirmed,1.4288235294117646,,,,0,0,target_incomplete,0.0,7.0,1,5.0,,0.5571561681441629,0.5101078101084465,0.5338622493006663,1.6317480095052241,1.4661473659076625,-0.08955813866931404,1.2214323936332703,1.4397759230153857,1.4288235294117646,1.3392653907424505,3.0605715389169887,2.6502559230450347,2.8949708953194273,2.8685994524271505,1.4397759230153857,2.8685994524271505,0.5571561681441629,-3.2358565481832877,-2.66710551537136,-1.8857939720040764,1.062470480921867,3.115963575900585,4.606394156586925,position_history,517,veteran_with_history,v2_next_year_beta_20260828T213408Z_741eb3cf,milestone_3_20260828T210736Z_903d8f44,v2_next_year_expert_residual_v1,beta,6a9a803feee65cd1bd54f3b013594fb56a3c5c3eb6f65caf5c7e61ffee7bb0e6,shadow
0e029f6b-b119-5b84-a31f-ff4b7c9e319e,00-0038416,Tyson Bagent,2026,2027,QB,CHI,confirmed,0.09511764705882364,,,,0,0,target_incomplete,0.0,3.0,1,7.0,341.7025,0.426937714202907,0.643426332977239,0.4649623649904308,7.257132866006469,10.453564331531602,3.1546501294267837,11.657102962736378,9.789266720091483,0.09511764705882364,3.249767776485607,7.352250513065292,11.752220609795202,10.548681978590427,9.884384367150307,9.789266720091483,9.884384367150307,0.426937714202907,-8.06412819759558,-5.734041511578347,-2.864465114852388,2.783835279116431,6.020518964099286,6.909064297162426,position_history,209,veteran_with_history,v2_next_year_beta_20260828T213408Z_741eb3cf,milestone_3_20260828T210736Z_903d8f44,v2_next_year_expert_residual_v1,beta,6a9a803feee65cd1bd54f3b013594fb56a3c5c3eb6f65caf5c7e61ffee7bb0e6,shadow
0e9ad35c-c5da-593f-b849-dd0512a1648a,00-0037132,Britain Covey,2026,2027,WR,PHI,confirmed,0.0,,,,0,0,target_incomplete,0.0,4.0,1,2.0,453.0,0.14283263950987948,0.1833614409432706,0.5809258307011029,1.8424438675250203,2.095359677985172,0.36463526135546426,2.3728672985014927,2.103556948003895,0.0,0.36463526135546426,1.8424438675250203,2.3728672985014927,2.095359677985172,2.103556948003895,2.103556948003895,2.103556948003895,0.14283263950987948,-5.174675104176586,-4.132551138216551,-2.349516433734719,1.7104468853139558,3.790706964546365,5.521261715174053,position_history,879,veteran_with_history,v2_next_year_beta_20260828T213408Z_741eb3cf,milestone_3_20260828T210736Z_903d8f44,v2_next_year_expert_residual_v1,beta,6a9a803feee65cd1bd54f3b013594fb56a3c5c3eb6f65caf5c7e61ffee7bb0e6,shadow
0eb15aa6-fd23-5111-937c-80a10908b1e3,00-0036275,D'Andre Swift,2026,2027,RB,CHI,confirmed,11.558823529411766,,,,0,0,target_incomplete,0.0,6.0,1,7.0,46.3,0.9613320933431122,0.9814884999223679,0.5951913648732261,-1.3492009281912183,-1.5420035236048382,-0.13301155778163867,-2.031835027733737,-1.6410131598432647,11.558823529411766,11.425811971630127,10.209622601220548,9.52698850167803,10.016820005806927,9.917810369568501,-1.6410131598432647,9.917810369568501,0.9613320933431122,-5.775864899111019,-4.643358820238846,-2.737069962073368,1.761662089777431,5.120078841022579,6.865731939366032,position_history,561,veteran_with_history,v2_next_year_beta_20260828T213408Z_741eb3cf,milestone_3_20260828T210736Z_903d8f44,v2_next_year_expert_residual_v1,beta,6a9a803feee65cd1bd54f3b013594fb56a3c5c3eb6f65caf5c7e61ffee7bb0e6,shadow
0ee432f2-489b-5a1a-a684-0a560c7fa1c5,00-0039373,Audric Estimé,2026,2027,RB,NO,confirmed,1.1147058823529412,,,,0,0,target_incomplete,0.0,2.0,1,2.0,290.31,0.6336341486693762,0.5273424798838552,0.6357540079168625,3.3517661731039716,2.9428775067002184,0.5942195570070535,2.8678502492698743,3.0541646430246883,1.1147058823529412,1.7089254393599949,4.466472055456913,3.9825561316228155,4.05758338905316,4.1688705253776295,3.0541646430246883,4.1688705253776295,0.6336341486693762,-5.775864899111019,-4.643358820238846,-2.737069962073368,1.761662089777431,5.120078841022579,6.865731939366032,position_history,561,veteran_with_history,v2_next_year_beta_20260828T213408Z_741eb3cf,milestone_3_20260828T210736Z_903d8f44,v2_next_year_expert_residual_v1,beta,6a9a803feee65cd1bd54f3b013594fb56a3c5c3eb6f65caf5c7e61ffee7bb0e6,shadow
0f2f039b-b633-555d-a142-c56f2752494e,00-0036970,Kyle Pitts,2026,2027,TE,ATL,confirmed,8.917647058823531,,,,0,0,target_incomplete,0.0,5.0,1,7.0,83.86,0.9517260930600967,0.9850674128167682,0.5754647011414279,-0.9045711838902548,-0.6180529659035366,0.6249159376606653,-0.6391654806049586,-0.7205965434662501,8.917647058823531,9.542562996484197,8.013075874933277,8.278481578218573,8.299594092919994,8.197050515357281,-0.7205965434662501,8.197050515357281,0.9517260930600967,-3.2358565481832877,-2.66710551537136,-1.8857939720040764,1.062470480921867,3.115963575900585,4.606394156586925,position_history,517,veteran_with_history,v2_next_year_beta_20260828T213408Z_741eb3cf,milestone_3_20260828T210736Z_903d8f44,v2_next_year_expert_residual_v1,beta,6a9a803feee65cd1bd54f3b013594fb56a3c5c3eb6f65caf5c7e61ffee7bb0e6,shadow
0fa688b7-e967-5607-b807-0744832be8e7,00-0038679,Tyrell Shavers,2026,2027,WR,BUF,confirmed,0.5476470588235295,,,,0,0,target_incomplete,0.0,3.0,1,3.0,,0.46811539149660214,0.656926122472156,0.561304531171307,2.4189545510149832,2.2195385339675315,1.1528823356726514,2.401944508807223,2.346812531263246,0.5476470588235295,1.700529394496181,2.966601609838513,2.9495915676307525,2.767185592791061,2.894459590086776,2.346812531263246,2.894459590086776,0.46811539149660214,-5.174675104176586,-4.132551138216551,-2.349516433734719,1.7104468853139558,3.790706964546365,5.521261715174053,position_history,879,veteran_with_history,v2_next_year_beta_20260828T213408Z_741eb3cf,milestone_3_20260828T210736Z_903d8f44,v2_next_year_expert_residual_v1,beta,6a9a803feee65cd1bd54f3b013594fb56a3c5c3eb6f65caf5c7e61ffee7bb0e6,shadow
0fa72b32-393b-5f55-bb48-0f21f5283baf,00-0038636,Kenny McIntosh,2026,2027,RB,SEA,confirmed,,,,,0,0,target_incomplete,0.0,3.0,1,,336.15,0.28577420114274005,0.3710630594455355,0.6357540079168625,,,,,,,,,,,,,,0.28577420114274005,-5.775864899111019,-4.643358820238846,-2.737069962073368,1.761662089777431,5.120078841022579,6.865731939366032,position_history,561,veteran_with_history,v2_next_year_beta_20260828T213408Z_741eb3cf,milestone_3_20260828T210736Z_903d8f44,v2_next_year_expert_residual_v1,beta,6a9a803feee65cd1bd54f3b013594fb56a3c5c3eb6f65caf5c7e61ffee7bb0e6,shadow
0fef3192-4d35-5cc0-bedd-61f76b8c75e2,00-0033891,Zay Jones,2026,2027,WR,HOU,confirmed,,,,,0,0,target_incomplete,0.0,9.0,1,,415.5,0.30926238648145077,0.20420803329067377,0.5494986889348197,,,,,,,,,,,,,,0.30926238648145077,-5.174675104176586,-4.132551138216551,-2.349516433734719,1.7104468853139558,3.790706964546365,5.521261715174053,position_history,879,veteran_with_history,v2_next_year_beta_20260828T213408Z_741eb3cf,milestone_3_20260828T210736Z_903d8f44,v2_next_year_expert_residual_v1,beta,6a9a803feee65cd1bd54f3b013594fb56a3c5c3eb6f65caf5c7e61ffee7bb0e6,shadow
1098598a-3949-567e-9c62-23117bc73694,00-0039792,Devontez Walker,2026,2027,WR,BAL,confirmed,2.3051633986928093,,,,0,0,target_incomplete,0.0,2.0,1,7.0,303.75,0.7146625064985122,0.8497738840510431,0.561304531171307,1.9649917168701856,1.9129686515846438,1.1528823356726514,1.8662464142706683,1.9147355942418323,2.3051633986928093,3.4580457343654607,4.270155115562995,4.171409812963478,4.218132050277453,4.219898992934642,1.9147355942418323,4.219898992934642,0.7146625064985122,-5.174675104176586,-4.132551138216551,-2.349516433734719,1.7104468853139558,3.790706964546365,5.521261715174053,position_history,879,veteran_with_history,v2_next_year_beta_20260828T213408Z_741eb3cf,milestone_3_20260828T210736Z_903d8f44,v2_next_year_expert_residual_v1,beta,6a9a803feee65cd1bd54f3b013594fb56a3c5c3eb6f65caf5c7e61ffee7bb0e6,shadow
10e364a3-15e8-5ae5-9637-64b6684fd2b4,00-0038994,Jordan Addison,2026,2027,WR,MIN,confirmed,8.25294117647059,,,,0,0,target_incomplete,0.0,3.0,1,7.0,105.3,0.9213158570059407,0.97348878276171,0.561304531171307,0.6600132485229535,-0.36765134133584726,1.1528823356726514,-0.3558788810506227,-0.02117232462117215,8.25294117647059,9.40582351214324,8.912954424993544,7.897062295419967,7.885289835134742,8.231768851849417,-0.02117232462117215,8.231768851849417,0.9213158570059407,-5.174675104176586,-4.132551138216551,-2.349516433734719,1.7104468853139558,3.790706964546365,5.521261715174053,position_history,879,veteran_with_history,v2_next_year_beta_20260828T213408Z_741eb3cf,milestone_3_20260828T210736Z_903d8f44,v2_next_year_expert_residual_v1,beta,6a9a803feee65cd1bd54f3b013594fb56a3c5c3eb6f65caf5c7e61ffee7bb0e6,shadow
11092b99-31c6-504d-8390-0def87d4a8d5,00-0036972,Mac Jones,2026,2027,QB,SF,confirmed,0.5663280353924278,,,,0,0,target_incomplete,0.0,5.0,1,7.0,300.3075,0.5089161632781303,0.8332534047421192,0.48962908340472044,7.618237812524795,12.29145264993565,3.309060099871514,13.386111065901519,11.098600509453988,0.5663280353924278,3.8753881352639414,8.184565847917222,13.952439101293946,12.857780685328077,11.664928544846415,11.098600509453988,11.664928544846415,0.5089161632781303,-8.06412819759558,-5.734041511578347,-2.864465114852388,2.783835279116431,6.020518964099286,6.909064297162426,position_history,209,veteran_with_history,v2_next_year_beta_20260828T213408Z_741eb3cf,milestone_3_20260828T210736Z_903d8f44,v2_next_year_expert_residual_v1,beta,6a9a803feee65cd1bd54f3b013594fb56a3c5c3eb6f65caf5c7e61ffee7bb0e6,shadow
126770fe-1685-5215-82dd-aa8521ff1c94,00-0039471,Frank Gore Jr.,2026,2027,RB,BUF,confirmed,0.6717129944660785,,,,0,0,target_incomplete,0.0,2.0,0,4.0,380.0,0.5025550529950937,0.6038218378298784,0.6357540079168625,2.3740309070792667,2.4022357387252025,0.5942195570070535,2.585483000069985,2.453916548624818,0.6717129944660785,1.2659325514731319,3.045743901545345,3.2571959945360636,3.0739487331912807,3.1256295430908967,2.453916548624818,3.1256295430908967,0.5025550529950937,-5.658583028392476,-4.443360307688951,-2.67308436298355,2.1764076375313834,5.727661803559764,7.457871538403787,position,918,other_no_history,v2_next_year_beta_20260828T213408Z_741eb3cf,milestone_3_20260828T210736Z_903d8f44,v2_next_year_expert_residual_v1,beta,6a9a803feee65cd1bd54f3b013594fb56a3c5c3eb6f65caf5c7e61ffee7bb0e6,shadow
12b61ef2-ae38-5199-ba3b-fc499bf65d37,00-0040906,Garrett Nussmeier,2026,2027,QB,KC,confirmed,,,,,0,0,target_incomplete,1.0,0.0,0,1.0,274.55001,0.2866049535082622,0.4293155938920415,0.44978202947919904,,,,,,,,,,,,,,0.2866049535082622,-8.45552130817761,-6.586595987192735,-2.9812738228535967,2.974665977858852,6.51934127264136,8.784757686121404,position,274,rookie,v2_next_year_beta_20260828T213408Z_741eb3cf,milestone_3_20260828T210736Z_903d8f44,v2_next_year_expert_residual_v1,beta,6a9a803feee65cd1bd54f3b013594fb56a3c5c3eb6f65caf5c7e61ffee7bb0e6,shadow
12c032f9-6411-530c-83ce-c078fa3b6cc5,00-0041558,Sam Roush,2026,2027,TE,CHI,confirmed,1.1367924528301885,,,,0,0,target_incomplete,1.0,0.0,0,6.0,318.77,0.8545877612469867,0.8781306841641269,0.6038558673610269,3.379358525843566,2.7157936630280077,2.0843437891501377,2.817292728298467,2.9708149723900132,1.1367924528301885,3.221136241980326,4.516150978673754,3.9540851811286553,3.8525861158581964,4.107607425220202,2.9708149723900132,4.107607425220202,0.8545877612469867,-4.352633110913855,-3.4831286225578566,-2.493896993771685,0.469156909097479,2.047935247444171,3.443435937814943,position_history,121,rookie,v2_next_year_beta_20260828T213408Z_741eb3cf,milestone_3_20260828T210736Z_903d8f44,v2_next_year_expert_residual_v1,beta,6a9a803feee65cd1bd54f3b013594fb56a3c5c3eb6f65caf5c7e61ffee7bb0e6,shadow
12ebd8f8-a046-5984-a831-463534a24480,00-0040330,Seth Henigan,2026,2027,QB,,confirmed,,,,,0,0,target_incomplete,0.0,1.0,0,,,0.30723226089957967,0.2588934764381788,0.41318674656565685,,,,,,,,,,,,,,0.30723226089957967,-8.45552130817761,-6.586595987192735,-2.9812738228535967,2.974665977858852,6.51934127264136,8.784757686121404,position,274,second_year,v2_next_year_beta_20260828T213408Z_741eb3cf,milestone_3_20260828T210736Z_903d8f44,v2_next_year_expert_residual_v1,beta,6a9a803feee65cd1bd54f3b013594fb56a3c5c3eb6f65caf5c7e61ffee7bb0e6,shadow
1344d63c-9c12-55bc-8522-23f8526d15b3,00-0037809,Chig Okonkwo,2026,2027,TE,WAS,confirmed,6.4504088972636415,,,,0,0,target_incomplete,0.0,4.0,1,7.0,153.885,0.8795875879764328,0.9337627494946156,0.5754647011414279,-0.5892002565026173,-0.2526957197185863,0.6249159376606653,-0.2572149613520049,-0.36637031252440283,6.4504088972636415,7.075324834924307,5.861208640761024,6.193193935911637,6.197713177545055,6.084038584739239,-0.36637031252440283,6.084038584739239,0.8795875879764328,-3.2358565481832877,-2.66710551537136,-1.8857939720040764,1.062470480921867,3.115963575900585,4.606394156586925,position_history,517,veteran_with_history,v2_next_year_beta_20260828T213408Z_741eb3cf,milestone_3_20260828T210736Z_903d8f44,v2_next_year_expert_residual_v1,beta,6a9a803feee65cd1bd54f3b013594fb56a3c5c3eb6f65caf5c7e61ffee7bb0e6,shadow
1354766f-f25c-5c4b-941d-b56fa295d201,00-0041051,Zavion Thomas,2026,2027,WR,CHI,confirmed,2.4558823529411766,,,,0,0,target_incomplete,1.0,0.0,0,5.0,314.735,0.8303680981560057,0.8356221933889407,0.5968118837409765,2.3765813229607176,2.329134559544723,2.727429987360483,2.6105309758344473,2.4387489527799624,2.4558823529411766,5.18331234030166,4.832463675901894,5.066413328775624,4.785016912485899,4.8946313057211395,2.4387489527799624,4.8946313057211395,0.8303680981560057,-5.241847632097132,-4.420861613449043,-2.79275194455823,1.666671205196188,3.4416152985046184,5.164736756719793,position_history,250,rookie,v2_next_year_beta_20260828T213408Z_741eb3cf,milestone_3_20260828T210736Z_903d8f44,v2_next_year_expert_residual_v1,beta,6a9a803feee65cd1bd54f3b013594fb56a3c5c3eb6f65caf5c7e61ffee7bb0e6,shadow
13ccc960-a67c-5444-84de-925e1b2c8693,00-0041511,Omar Cooper Jr.,2026,2027,WR,NYJ,confirmed,4.147058823529412,,,,0,0,target_incomplete,1.0,0.0,0,7.0,189.26769000000002,0.8915948666997621,0.9345919073430676,0.5968118837409765,2.5031678706734155,2.4877419795327005,2.727429987360483,2.6630817556211897,2.5513305352757687,4.147058823529412,6.874488810889895,6.650226694202828,6.810140579150602,6.634800803062113,6.698389358805181,2.5513305352757687,6.698389358805181,0.8915948666997621,-5.241847632097132,-4.420861613449043,-2.79275194455823,1.666671205196188,3.4416152985046184,5.164736756719793,position_history,250,rookie,v2_next_year_beta_20260828T213408Z_741eb3cf,milestone_3_20260828T210736Z_903d8f44,v2_next_year_expert_residual_v1,beta,6a9a803feee65cd1bd54f3b013594fb56a3c5c3eb6f65caf5c7e61ffee7bb0e6,shadow
13cf76af-bac9-5c77-8d62-e2301ba490d9,00-0031345,Jimmy Garoppolo,2026,2027,QB,LAR,confirmed,,,,,0,0,target_incomplete,0.0,12.0,1,,355.5375,0.1604911894193981,0.14904033891494384,0.5462074876103052,,,,,,,,,,,,,,0.1604911894193981,-8.06412819759558,-5.734041511578347,-2.864465114852388,2.783835279116431,6.020518964099286,6.909064297162426,position_history,209,veteran_with_history,v2_next_year_beta_20260828T213408Z_741eb3cf,milestone_3_20260828T210736Z_903d8f44,v2_next_year_expert_residual_v1,beta,6a9a803feee65cd1bd54f3b013594fb56a3c5c3eb6f65caf5c7e61ffee7bb0e6,shadow
145cba4d-8660-5c10-99a7-643fe757f6bc,,Alex Larson,2026,2027,TE,,provisional,,,,,0,0,target_incomplete,,,0,,288.0,0.37324397910243784,4.654442053678965e-05,0.5784638182164625,,,,,,,,,,,,,,0.37324397910243784,-3.6225321557766907,-2.8499637328378338,-2.028437724279195,0.7483585564925581,2.9171121138029883,4.3897953300095,position,778,unknown_experience,v2_next_year_beta_20260828T213408Z_741eb3cf,milestone_3_20260828T210736Z_903d8f44,v2_next_year_expert_residual_v1,beta,6a9a803feee65cd1bd54f3b013594fb56a3c5c3eb6f65caf5c7e61ffee7bb0e6,shadow
15697d5e-11eb-5a6b-9192-3d3affa1dbfc,00-0040648,Tory Horton,2026,2027,WR,SEA,confirmed,2.7941176470588234,,,,0,0,target_incomplete,0.0,1.0,1,7.0,278.6725,0.7991978168716991,0.8918902874573481,0.561305717008435,2.9416211281218194,2.4711334227536175,1.6282505450092744,2.161418910990297,2.524724487288578,2.7941176470588234,4.422368192068098,5.735738775180643,4.95553655804912,5.265251069812441,5.318842134347401,2.524724487288578,5.318842134347401,0.7991978168716991,-5.290117666656729,-4.500130273045835,-2.703400287276647,1.85750718837489,4.640355612959511,5.846307043900342,position_history,246,second_year,v2_next_year_beta_20260828T213408Z_741eb3cf,milestone_3_20260828T210736Z_903d8f44,v2_next_year_expert_residual_v1,beta,6a9a803feee65cd1bd54f3b013594fb56a3c5c3eb6f65caf5c7e61ffee7bb0e6,shadow
1590cd29-104f-5e24-b733-43f57e85df1e,00-0039065,Sam LaPorta,2026,2027,TE,DET,confirmed,8.235294117647058,,,,0,0,target_incomplete,0.0,3.0,1,7.0,87.89612,0.9377493334663922,0.9757896428651222,0.5866373331518034,-0.35576633884529074,-0.44899321779956997,0.9813959523087957,-0.5634912873007685,-0.456083614648543,8.235294117647058,9.216690069955854,7.8795277788017675,7.671802830346289,7.786300899847488,7.779210502998515,-0.456083614648543,7.779210502998515,0.9377493334663922,-3.2358565481832877,-2.66710551537136,-1.8857939720040764,1.062470480921867,3.115963575900585,4.606394156586925,position_history,517,veteran_with_history,v2_next_year_beta_20260828T213408Z_741eb3cf,milestone_3_20260828T210736Z_903d8f44,v2_next_year_expert_residual_v1,beta,6a9a803feee65cd1bd54f3b013594fb56a3c5c3eb6f65caf5c7e61ffee7bb0e6,shadow
15a6e6c3-296d-5130-ae09-5b7d6c99d728,00-0039363,Isaac Guerendo,2026,2027,RB,SF,confirmed,0.7624294117647059,,,,0,0,target_incomplete,0.0,2.0,1,6.0,350.4775,0.5286358937187534,0.7271473346485469,0.6357540079168625,3.0198392724156644,2.3590078224546063,0.5942195570070535,2.5722035859502363,2.650350226940169,0.7624294117647059,1.3566489687717596,3.7822686841803703,3.3346329977149423,3.121437234219312,3.4127796387048748,2.650350226940169,3.4127796387048748,0.5286358937187534,-5.775864899111019,-4.643358820238846,-2.737069962073368,1.761662089777431,5.120078841022579,6.865731939366032,position_history,561,veteran_with_history,v2_next_year_beta_20260828T213408Z_741eb3cf,milestone_3_20260828T210736Z_903d8f44,v2_next_year_expert_residual_v1,beta,6a9a803feee65cd1bd54f3b013594fb56a3c5c3eb6f65caf5c7e61ffee7bb0e6,shadow
15e3e7d5-976d-5bc4-839a-56bef8d70d28,00-0036322,Justin Jefferson,2026,2027,WR,MIN,confirmed,13.575882352941179,,,,0,0,target_incomplete,0.0,6.0,1,7.0,11.7,0.9678004227163697,0.9914925000863049,0.5809258307011029,-1.5441763914378592,-0.7381341703296058,0.36463526135546426,-1.025537212222045,-1.1026159246631702,13.575882352941179,13.940517614296644,12.03170596150332,12.550345140719134,12.837748182611573,12.47326642827801,-1.1026159246631702,12.47326642827801,0.9678004227163697,-5.174675104176586,-4.132551138216551,-2.349516433734719,1.7104468853139558,3.790706964546365,5.521261715174053,position_history,879,veteran_with_history,v2_next_year_beta_20260828T213408Z_741eb3cf,milestone_3_20260828T210736Z_903d8f44,v2_next_year_expert_residual_v1,beta,6a9a803feee65cd1bd54f3b013594fb56a3c5c3eb6f65caf5c7e61ffee7bb0e6,shadow
1619580d-169a-59c9-8306-43ab419e5777,00-0041415,Dean Connors,2026,2027,RB,LAR,confirmed,,,,,0,0,target_incomplete,1.0,0.0,0,,333.0,0.6012268594881016,0.5433371039118898,0.6553958879420866,,,,,,,,,,,,,,0.6012268594881016,-5.275047966924827,-4.3298006659425265,-2.5364531139387987,2.612371761579932,6.381973266338156,8.832194594599148,position_history,178,rookie,v2_next_year_beta_20260828T213408Z_741eb3cf,milestone_3_20260828T210736Z_903d8f44,v2_next_year_expert_residual_v1,beta,6a9a803feee65cd1bd54f3b013594fb56a3c5c3eb6f65caf5c7e61ffee7bb0e6,shadow
16642163-45e4-58ab-b4fa-39c0483c4723,00-0041446,Kendrick Law,2026,2027,WR,DET,confirmed,,,,,0,0,target_incomplete,1.0,0.0,0,,,0.574086754836164,0.4771633474997773,0.5968118837409765,,,,,,,,,,,,,,0.574086754836164,-5.241847632097132,-4.420861613449043,-2.79275194455823,1.666671205196188,3.4416152985046184,5.164736756719793,position_history,250,rookie,v2_next_year_beta_20260828T213408Z_741eb3cf,milestone_3_20260828T210736Z_903d8f44,v2_next_year_expert_residual_v1,beta,6a9a803feee65cd1bd54f3b013594fb56a3c5c3eb6f65caf5c7e61ffee7bb0e6,shadow
16d68f33-f884-5689-a9a3-d23dcaf0869d,00-0040617,Luke Floriea,2026,2027,WR,CLE,confirmed,,,,,0,0,target_incomplete,0.0,1.0,0,,317.025,0.4447526932954325,0.35346456506962987,0.561305717008435,,,,,,,,,,,,,,0.4447526932954325,-5.290117666656729,-4.500130273045835,-2.703400287276647,1.85750718837489,4.640355612959511,5.846307043900342,position_history,246,second_year,v2_next_year_beta_20260828T213408Z_741eb3cf,milestone_3_20260828T210736Z_903d8f44,v2_next_year_expert_residual_v1,beta,6a9a803feee65cd1bd54f3b013594fb56a3c5c3eb6f65caf5c7e61ffee7bb0e6,shadow
170e2e23-3c82-5154-86f3-e383f9f4ee0b,00-0036407,Jerry Jeudy,2026,2027,WR,CLE,confirmed,6.2,,,,0,0,target_incomplete,0.0,6.0,1,7.0,187.8,0.8878013311149396,0.9376389831662684,0.5809258307011029,0.23050258855907146,-0.043625944998037,0.36463526135546426,-0.37765218249674803,-0.06359184631190452,6.2,6.564635261355464,6.430502588559071,5.822347817503252,6.156374055001963,6.1364081536880954,-0.06359184631190452,6.1364081536880954,0.8878013311149396,-5.174675104176586,-4.132551138216551,-2.349516433734719,1.7104468853139558,3.790706964546365,5.521261715174053,position_history,879,veteran_with_history,v2_next_year_beta_20260828T213408Z_741eb3cf,milestone_3_20260828T210736Z_903d8f44,v2_next_year_expert_residual_v1,beta,6a9a803feee65cd1bd54f3b013594fb56a3c5c3eb6f65caf5c7e61ffee7bb0e6,shadow
180dc6f2-3c76-5e25-afdd-b4606749e353,00-0041547,KC Concepcion,2026,2027,WR,CLE,confirmed,7.505882352941177,,,,0,0,target_incomplete,1.0,0.0,0,7.0,119.8,0.9567029945126913,0.9702937286762917,0.5968118837409765,1.3741621065510448,2.1945682526148733,2.727429987360483,1.9110161526380165,1.8265821706013117,7.505882352941177,10.23331234030166,8.880044459492222,9.416898505579194,9.70045060555605,9.33246452354249,1.8265821706013117,9.33246452354249,0.9567029945126913,-5.241847632097132,-4.420861613449043,-2.79275194455823,1.666671205196188,3.4416152985046184,5.164736756719793,position_history,250,rookie,v2_next_year_beta_20260828T213408Z_741eb3cf,milestone_3_20260828T210736Z_903d8f44,v2_next_year_expert_residual_v1,beta,6a9a803feee65cd1bd54f3b013594fb56a3c5c3eb6f65caf5c7e61ffee7bb0e6,shadow
186be26d-ee72-5839-a367-ac78446d9d38,00-0038409,Lew Nichols III,2026,2027,RB,PIT,confirmed,0.7076470588235295,,,,0,0,target_incomplete,0.0,3.0,0,1.0,,0.33785877542392884,0.2633646884628529,0.6357540079168625,2.6167817831159175,2.4218373236670145,0.5942195570070535,2.4458670651776675,2.4948287239868665,0.7076470588235295,1.301866615830583,3.324428841939447,3.1535141240011972,3.129484382490544,3.202475782810396,2.4948287239868665,3.202475782810396,0.33785877542392884,-5.658583028392476,-4.443360307688951,-2.67308436298355,2.1764076375313834,5.727661803559764,7.457871538403787,position,918,other_no_history,v2_next_year_beta_20260828T213408Z_741eb3cf,milestone_3_20260828T210736Z_903d8f44,v2_next_year_expert_residual_v1,beta,6a9a803feee65cd1bd54f3b013594fb56a3c5c3eb6f65caf5c7e61ffee7bb0e6,shadow
18ce4dea-26cf-511f-8d80-41793a2849b4,00-0031484,Chris Manhertz,2026,2027,TE,NYG,confirmed,0.19000000000000003,,,,0,0,target_incomplete,0.0,11.0,1,5.0,449.0,0.36240885168347947,0.4401624386247685,0.4951784667648797,0.9422623549323816,2.420842147539759,0.5492362868820017,2.3723120539026894,1.9118055187916099,0.19000000000000003,0.7392362868820017,1.1322623549323816,2.5623120539026893,2.610842147539759,2.10180551879161,1.9118055187916099,2.10180551879161,0.36240885168347947,-3.2358565481832877,-2.66710551537136,-1.8857939720040764,1.062470480921867,3.115963575900585,4.606394156586925,position_history,517,veteran_with_history,v2_next_year_beta_20260828T213408Z_741eb3cf,milestone_3_20260828T210736Z_903d8f44,v2_next_year_expert_residual_v1,beta,6a9a803feee65cd1bd54f3b013594fb56a3c5c3eb6f65caf5c7e61ffee7bb0e6,shadow
192ef118-42d0-5aad-ad2f-5de17ecdfd78,00-0038840,Brycen Tremayne,2026,2027,WR,CAR,confirmed,1.0188235294117647,,,,0,0,target_incomplete,0.0,3.0,1,2.0,,0.5460702902198076,0.43860929271656285,0.561304531171307,2.1019556419534,1.9741112468376134,1.1528823356726514,2.304768240589937,2.1269450431269834,1.0188235294117647,2.171705865084416,3.1207791713651645,3.323591770001702,2.992934776249378,3.1457685725387483,2.1269450431269834,3.1457685725387483,0.5460702902198076,-5.174675104176586,-4.132551138216551,-2.349516433734719,1.7104468853139558,3.790706964546365,5.521261715174053,position_history,879,veteran_with_history,v2_next_year_beta_20260828T213408Z_741eb3cf,milestone_3_20260828T210736Z_903d8f44,v2_next_year_expert_residual_v1,beta,6a9a803feee65cd1bd54f3b013594fb56a3c5c3eb6f65caf5c7e61ffee7bb0e6,shadow
19955737-99cd-505f-88b8-2bdbeb246712,00-0039918,Caleb Williams,2026,2027,QB,CHI,confirmed,16.75870588235294,,,,0,0,target_incomplete,0.0,2.0,1,7.0,72.901585,0.9674090378632192,0.9969814134551348,0.4649623649904308,1.702673022659778,0.25591433302928546,3.1546501294267837,-0.3462304934362493,0.5374522874176048,16.75870588235294,19.913356011779722,18.461378905012715,16.41247538891669,17.014620215382223,17.296158169770543,0.5374522874176048,17.296158169770543,0.9674090378632192,-8.06412819759558,-5.734041511578347,-2.864465114852388,2.783835279116431,6.020518964099286,6.909064297162426,position_history,209,veteran_with_history,v2_next_year_beta_20260828T213408Z_741eb3cf,milestone_3_20260828T210736Z_903d8f44,v2_next_year_expert_residual_v1,beta,6a9a803feee65cd1bd54f3b013594fb56a3c5c3eb6f65caf5c7e61ffee7bb0e6,shadow
19a9a0e8-ddfb-59e2-b261-080ace897de8,00-0035039,Stephen Carlson,2026,2027,TE,CHI,confirmed,0.14117647058823532,,,,0,0,target_incomplete,0.0,7.0,1,1.0,,0.25048107971068134,0.20470385536068741,0.5338622493006663,2.013086389148101,2.0447578133848183,-0.08955813866931404,2.4025804502193817,2.1534748842507665,0.14117647058823532,0.051618331918921276,2.154262859736336,2.543756920807617,2.1859342839730536,2.2946513548390017,2.1534748842507665,2.2946513548390017,0.25048107971068134,-3.2358565481832877,-2.66710551537136,-1.8857939720040764,1.062470480921867,3.115963575900585,4.606394156586925,position_history,517,veteran_with_history,v2_next_year_beta_20260828T213408Z_741eb3cf,milestone_3_20260828T210736Z_903d8f44,v2_next_year_expert_residual_v1,beta,6a9a803feee65cd1bd54f3b013594fb56a3c5c3eb6f65caf5c7e61ffee7bb0e6,shadow
1a3572a5-079d-5862-ba66-3b32e370397c,00-0035689,Dawson Knox,2026,2027,TE,BUF,confirmed,3.986470588235294,,,,0,0,target_incomplete,0.0,7.0,1,7.0,292.03,0.749658838087626,0.8809849725629115,0.5338622493006663,-0.19911912759514871,0.08514498314852072,-0.08955813866931404,0.48429142693640814,0.12343909416326004,3.986470588235294,3.89691244956598,3.7873514606401453,4.470762015171702,4.0716155713838145,4.109909682398554,0.12343909416326004,4.109909682398554,0.749658838087626,-3.2358565481832877,-2.66710551537136,-1.8857939720040764,1.062470480921867,3.115963575900585,4.606394156586925,position_history,517,veteran_with_history,v2_next_year_beta_20260828T213408Z_741eb3cf,milestone_3_20260828T210736Z_903d8f44,v2_next_year_expert_residual_v1,beta,6a9a803feee65cd1bd54f3b013594fb56a3c5c3eb6f65caf5c7e61ffee7bb0e6,shadow
1ac267de-58c9-595e-bac0-858dfda9f6d4,00-0034796,Lamar Jackson,2026,2027,QB,BAL,confirmed,18.197647058823527,,,,0,0,target_incomplete,0.0,8.0,1,7.0,53.617071499999994,0.9543910733013611,0.9881474963399016,0.5472605688041711,1.003671227819182,-0.1072878893032703,3.0996677277257425,-0.43743235780816964,0.15298366023591403,18.197647058823527,21.29731478654927,19.20131828664271,17.760214701015357,18.09035916952026,18.350630719059442,0.15298366023591403,18.350630719059442,0.9543910733013611,-8.06412819759558,-5.734041511578347,-2.864465114852388,2.783835279116431,6.020518964099286,6.909064297162426,position_history,209,veteran_with_history,v2_next_year_beta_20260828T213408Z_741eb3cf,milestone_3_20260828T210736Z_903d8f44,v2_next_year_expert_residual_v1,beta,6a9a803feee65cd1bd54f3b013594fb56a3c5c3eb6f65caf5c7e61ffee7bb0e6,shadow
1ac7486f-07f8-5bd3-a1d4-0229762c66a0,00-0039050,Payne Durham,2026,2027,TE,TB,confirmed,1.0282352941176471,,,,0,0,target_incomplete,0.0,3.0,1,5.0,354.0,0.7278721120288852,0.7609677956000898,0.5866373331518034,1.7455365733661745,1.483436242374967,0.9813959523087957,1.3831090120241836,1.5373606092551082,1.0282352941176471,2.009631246426443,2.7737718674838217,2.4113443061418307,2.511671536492614,2.5655959033727553,1.5373606092551082,2.5655959033727553,0.7278721120288852,-3.2358565481832877,-2.66710551537136,-1.8857939720040764,1.062470480921867,3.115963575900585,4.606394156586925,position_history,517,veteran_with_history,v2_next_year_beta_20260828T213408Z_741eb3cf,milestone_3_20260828T210736Z_903d8f44,v2_next_year_expert_residual_v1,beta,6a9a803feee65cd1bd54f3b013594fb56a3c5c3eb6f65caf5c7e61ffee7bb0e6,shadow
1af42b84-3a74-5634-8b54-5d318eae700f,00-0038643,Brayden Willis,2026,2027,TE,SF,confirmed,0.30719852941176473,,,,0,0,target_incomplete,0.0,3.0,1,2.0,,0.34191324382883925,0.6040227750350602,0.5866373331518034,2.037765131470129,2.072670821791516,0.9813959523087957,2.3675947959497132,2.1593435830704526,0.30719852941176473,1.2885944817205606,2.3449636608818936,2.674793325361478,2.379869351203281,2.4665421124822173,2.1593435830704526,2.4665421124822173,0.34191324382883925,-3.2358565481832877,-2.66710551537136,-1.8857939720040764,1.062470480921867,3.115963575900585,4.606394156586925,position_history,517,veteran_with_history,v2_next_year_beta_20260828T213408Z_741eb3cf,milestone_3_20260828T210736Z_903d8f44,v2_next_year_expert_residual_v1,beta,6a9a803feee65cd1bd54f3b013594fb56a3c5c3eb6f65caf5c7e61ffee7bb0e6,shadow
1b0fc274-e260-5e70-bd79-a73d305566fe,,Jj Laap,2026,2027,WR,,provisional,,,,,0,0,target_incomplete,,,0,,327.0,0.42287298324131356,3.0982042765073223e-05,0.5634284548288704,,,,,,,,,,,,,,0.42287298324131356,-5.247028493584627,-4.168147262586337,-2.4882348181433445,1.7215690384925635,4.092107755797534,5.673306043718701,position,1398,unknown_experience,v2_next_year_beta_20260828T213408Z_741eb3cf,milestone_3_20260828T210736Z_903d8f44,v2_next_year_expert_residual_v1,beta,6a9a803feee65cd1bd54f3b013594fb56a3c5c3eb6f65caf5c7e61ffee7bb0e6,shadow
1b83d40f-8ec8-5c1e-8bba-03eaad6f67e3,00-0038953,Dylan Drummond,2026,2027,WR,ATL,confirmed,0.31876470588235295,,,,0,0,target_incomplete,0.0,3.0,1,2.0,314.0,0.5110039794077101,0.5040945220361012,0.561304531171307,3.0772656884849763,2.7449325222439356,1.1528823356726514,2.5970916251300715,2.8064299452863275,0.31876470588235295,1.4716470415550043,3.396030394367329,2.9158563310124244,3.0636972281262884,3.1251946511686803,2.8064299452863275,3.1251946511686803,0.5110039794077101,-5.174675104176586,-4.132551138216551,-2.349516433734719,1.7104468853139558,3.790706964546365,5.521261715174053,position_history,879,veteran_with_history,v2_next_year_beta_20260828T213408Z_741eb3cf,milestone_3_20260828T210736Z_903d8f44,v2_next_year_expert_residual_v1,beta,6a9a803feee65cd1bd54f3b013594fb56a3c5c3eb6f65caf5c7e61ffee7bb0e6,shadow
1bb4ab30-961e-5ba9-8669-d56b9eaf5447,00-0031381,Davante Adams,2026,2027,WR,LAR,confirmed,10.841588235294118,,,,0,0,target_incomplete,0.0,12.0,1,7.0,51.114999999999995,0.9082637853494525,0.9124418634758226,0.41694036868057527,-1.454101559814304,-0.734364999149598,-1.0843664097150907,-1.5005879520626162,-1.2296848370088393,10.841588235294118,9.757221825579027,9.387486675479813,9.341000283231502,10.10722323614452,9.611903398285278,-1.2296848370088393,9.611903398285278,0.9082637853494525,-5.174675104176586,-4.132551138216551,-2.349516433734719,1.7104468853139558,3.790706964546365,5.521261715174053,position_history,879,veteran_with_history,v2_next_year_beta_20260828T213408Z_741eb3cf,milestone_3_20260828T210736Z_903d8f44,v2_next_year_expert_residual_v1,beta,6a9a803feee65cd1bd54f3b013594fb56a3c5c3eb6f65caf5c7e61ffee7bb0e6,shadow
1bca5eb4-e25e-5186-ae0f-5ab822ff1135,00-0038702,Daniel Arias,2026,2027,WR,,confirmed,,,,,0,0,target_incomplete,0.0,3.0,0,,298.0,0.4050620525759537,0.30772459224793336,0.561304531171307,,,,,,,,,,,,,,0.4050620525759537,-5.247028493584627,-4.168147262586337,-2.4882348181433445,1.7215690384925635,4.092107755797534,5.673306043718701,position,1398,other_no_history,v2_next_year_beta_20260828T213408Z_741eb3cf,milestone_3_20260828T210736Z_903d8f44,v2_next_year_expert_residual_v1,beta,6a9a803feee65cd1bd54f3b013594fb56a3c5c3eb6f65caf5c7e61ffee7bb0e6,shadow
1c8bd102-963e-5def-8a65-de88152a271c,,Tyree Mayfield,2026,2027,TE,,provisional,,,,,0,0,target_incomplete,,,0,,339.0,0.37324397910243784,4.432208911985516e-05,0.5784638182164625,,,,,,,,,,,,,,0.37324397910243784,-3.6225321557766907,-2.8499637328378338,-2.028437724279195,0.7483585564925581,2.9171121138029883,4.3897953300095,position,778,unknown_experience,v2_next_year_beta_20260828T213408Z_741eb3cf,milestone_3_20260828T210736Z_903d8f44,v2_next_year_expert_residual_v1,beta,6a9a803feee65cd1bd54f3b013594fb56a3c5c3eb6f65caf5c7e61ffee7bb0e6,shadow
1d8a1f50-7779-54d8-8cbc-a1a4e9629052,,Jeremiah Haydel,2026,2027,WR,,provisional,,,,,0,0,target_incomplete,,,0,,374.0,0.42287298324131356,2.9757904064958272e-05,0.5634284548288704,,,,,,,,,,,,,,0.42287298324131356,-5.247028493584627,-4.168147262586337,-2.4882348181433445,1.7215690384925635,4.092107755797534,5.673306043718701,position,1398,unknown_experience,v2_next_year_beta_20260828T213408Z_741eb3cf,milestone_3_20260828T210736Z_903d8f44,v2_next_year_expert_residual_v1,beta,6a9a803feee65cd1bd54f3b013594fb56a3c5c3eb6f65caf5c7e61ffee7bb0e6,shadow
1dead61c-057f-5d3e-908f-7923a67fdf4b,00-0040782,Isaiah Bond,2026,2027,WR,CLE,confirmed,2.0,,,,0,0,target_incomplete,0.0,1.0,1,7.0,336.615,0.7497543288649686,0.8961080060513372,0.561305717008435,1.3553233119797958,2.2842138696737195,1.6282505450092744,2.2066430905593433,1.9487267574042864,2.0,3.6282505450092746,3.355323311979796,4.206643090559343,4.284213869673719,3.9487267574042866,1.9487267574042864,3.9487267574042866,0.7497543288649686,-5.290117666656729,-4.500130273045835,-2.703400287276647,1.85750718837489,4.640355612959511,5.846307043900342,position_history,246,second_year,v2_next_year_beta_20260828T213408Z_741eb3cf,milestone_3_20260828T210736Z_903d8f44,v2_next_year_expert_residual_v1,beta,6a9a803feee65cd1bd54f3b013594fb56a3c5c3eb6f65caf5c7e61ffee7bb0e6,shadow
1e351c61-4158-5d47-ab8f-02ae64c8ae4a,00-0033908,Cooper Kupp,2026,2027,WR,SEA,confirmed,5.153,,,,0,0,target_incomplete,0.0,9.0,1,7.0,212.9,0.6247974903295787,0.8171321571146429,0.5494986889348197,0.3477576334937662,0.41856568539704736,-0.3337587311176249,0.163789219285789,0.3100375127255342,5.153,4.819241268882375,5.500757633493766,5.316789219285789,5.571565685397047,5.463037512725534,0.3100375127255342,5.463037512725534,0.6247974903295787,-5.174675104176586,-4.132551138216551,-2.349516433734719,1.7104468853139558,3.790706964546365,5.521261715174053,position_history,879,veteran_with_history,v2_next_year_beta_20260828T213408Z_741eb3cf,milestone_3_20260828T210736Z_903d8f44,v2_next_year_expert_residual_v1,beta,6a9a803feee65cd1bd54f3b013594fb56a3c5c3eb6f65caf5c7e61ffee7bb0e6,shadow
1e3d359a-7008-5ebd-ac11-015d52bf3e12,00-0039163,C.J. Stroud,2026,2027,QB,HOU,confirmed,13.619776470588237,,,,0,0,target_incomplete,0.0,3.0,1,7.0,149.70382999999998,0.9297983768256916,0.9900804311267468,0.4649623649904308,2.4604534035408157,0.3351091890324693,3.1546501294267837,-0.026899772051308234,0.9228876068406588,13.619776470588237,16.77442660001502,16.080229874129053,13.592876698536928,13.954885659620706,14.542664077428896,0.9228876068406588,14.542664077428896,0.9297983768256916,-8.06412819759558,-5.734041511578347,-2.864465114852388,2.783835279116431,6.020518964099286,6.909064297162426,position_history,209,veteran_with_history,v2_next_year_beta_20260828T213408Z_741eb3cf,milestone_3_20260828T210736Z_903d8f44,v2_next_year_expert_residual_v1,beta,6a9a803feee65cd1bd54f3b013594fb56a3c5c3eb6f65caf5c7e61ffee7bb0e6,shadow
1e59a5ff-88f4-57b2-90f0-77ac83b9c901,00-0040390,Jackson Meeks,2026,2027,WR,DET,confirmed,,,,,0,0,target_incomplete,0.0,1.0,0,,,0.35164350362652347,0.24767246145351668,0.561305717008435,,,,,,,,,,,,,,0.35164350362652347,-5.290117666656729,-4.500130273045835,-2.703400287276647,1.85750718837489,4.640355612959511,5.846307043900342,position_history,246,second_year,v2_next_year_beta_20260828T213408Z_741eb3cf,milestone_3_20260828T210736Z_903d8f44,v2_next_year_expert_residual_v1,beta,6a9a803feee65cd1bd54f3b013594fb56a3c5c3eb6f65caf5c7e61ffee7bb0e6,shadow
1e94748b-f1d3-58f6-b4b0-c0db791cf8b1,00-0036963,Amon-Ra St. Brown,2026,2027,WR,DET,confirmed,15.03,,,,0,0,target_incomplete,0.0,5.0,1,7.0,7.124966499999999,0.966883107872699,0.9934988286558881,0.5809258307011029,-1.5839917080475803,-0.6923221833401768,0.36463526135546426,-0.9865565589187136,-1.0876234834354903,15.03,15.394635261355464,13.446008291952419,14.043443441081285,14.337677816659822,13.94237651656451,-1.0876234834354903,13.94237651656451,0.966883107872699,-5.174675104176586,-4.132551138216551,-2.349516433734719,1.7104468853139558,3.790706964546365,5.521261715174053,position_history,879,veteran_with_history,v2_next_year_beta_20260828T213408Z_741eb3cf,milestone_3_20260828T210736Z_903d8f44,v2_next_year_expert_residual_v1,beta,6a9a803feee65cd1bd54f3b013594fb56a3c5c3eb6f65caf5c7e61ffee7bb0e6,shadow
1f4b3d33-8102-5b0a-822a-0cb81cf8df84,00-0037086,Grant Calcaterra,2026,2027,TE,PHI,confirmed,1.1567941176470586,,,,0,0,target_incomplete,0.0,4.0,1,5.0,478.0,0.7059862612909984,0.7522068503901438,0.5754647011414279,0.966200366845363,1.4310034941231569,0.6249159376606653,1.62243970389183,1.3398811882867834,1.1567941176470586,1.781710055307724,2.1229944844924216,2.7792338215388885,2.5877976117702155,2.496675305933842,1.3398811882867834,2.496675305933842,0.7059862612909984,-3.2358565481832877,-2.66710551537136,-1.8857939720040764,1.062470480921867,3.115963575900585,4.606394156586925,position_history,517,veteran_with_history,v2_next_year_beta_20260828T213408Z_741eb3cf,milestone_3_20260828T210736Z_903d8f44,v2_next_year_expert_residual_v1,beta,6a9a803feee65cd1bd54f3b013594fb56a3c5c3eb6f65caf5c7e61ffee7bb0e6,shadow
1fab18c4-ed4c-5dd1-9a39-eae05e4dffab,00-0037240,Jameson Williams,2026,2027,WR,DET,confirmed,10.99723529411765,,,,0,0,target_incomplete,0.0,4.0,1,7.0,51.532349999999994,0.9657921209803936,0.9893939240307049,0.5809258307011029,-0.8028401921266495,-0.7003300821055555,0.36463526135546426,-0.8536925210856813,-0.7856209317726287,10.99723529411765,11.361870555473114,10.194395101990999,10.143542773031967,10.296905212012094,10.21161436234502,-0.7856209317726287,10.21161436234502,0.9657921209803936,-5.174675104176586,-4.132551138216551,-2.349516433734719,1.7104468853139558,3.790706964546365,5.521261715174053,position_history,879,veteran_with_history,v2_next_year_beta_20260828T213408Z_741eb3cf,milestone_3_20260828T210736Z_903d8f44,v2_next_year_expert_residual_v1,beta,6a9a803feee65cd1bd54f3b013594fb56a3c5c3eb6f65caf5c7e61ffee7bb0e6,shadow
1ff9fc6b-fb9c-579c-8e02-1072792c4427,00-0041099,Barion Brown,2026,2027,WR,NO,confirmed,1.2805882352941176,,,,0,0,target_incomplete,1.0,0.0,0,5.0,307.4025,0.7427454520547035,0.7846343658089798,0.5968118837409765,3.26271117258298,2.588243139071286,2.727429987360483,3.0075244468481372,2.9528262528341345,1.2805882352941176,4.0080182226546,4.543299407877098,4.288112682142255,3.8688313743654037,4.233414488128252,2.9528262528341345,4.233414488128252,0.7427454520547035,-5.241847632097132,-4.420861613449043,-2.79275194455823,1.666671205196188,3.4416152985046184,5.164736756719793,position_history,250,rookie,v2_next_year_beta_20260828T213408Z_741eb3cf,milestone_3_20260828T210736Z_903d8f44,v2_next_year_expert_residual_v1,beta,6a9a803feee65cd1bd54f3b013594fb56a3c5c3eb6f65caf5c7e61ffee7bb0e6,shadow
2043383e-8993-56bf-b35f-16f6059d18f7,00-0037282,James Mitchell,2026,2027,TE,CAR,confirmed,0.45041176470588234,,,,0,0,target_incomplete,0.0,4.0,1,1.0,,0.49580779489552995,0.4002020129370759,0.5754647011414279,1.9393873909425046,1.7272334000777947,0.6249159376606653,2.0995342386829523,1.9220516765677507,0.45041176470588234,1.0753277023665477,2.389799155648387,2.549946003388835,2.177645164783677,2.372463441273633,1.9220516765677507,2.372463441273633,0.49580779489552995,-3.2358565481832877,-2.66710551537136,-1.8857939720040764,1.062470480921867,3.115963575900585,4.606394156586925,position_history,517,veteran_with_history,v2_next_year_beta_20260828T213408Z_741eb3cf,milestone_3_20260828T210736Z_903d8f44,v2_next_year_expert_residual_v1,beta,6a9a803feee65cd1bd54f3b013594fb56a3c5c3eb6f65caf5c7e61ffee7bb0e6,shadow
204e785b-94ce-5b32-80d4-c0bea90183f0,,Braydon Johnson,2026,2027,WR,,provisional,,,,,0,0,target_incomplete,,,0,,264.0,0.42287298324131356,3.3036552885715326e-05,0.5634284548288704,,,,,,,,,,,,,,0.42287298324131356,-5.247028493584627,-4.168147262586337,-2.4882348181433445,1.7215690384925635,4.092107755797534,5.673306043718701,position,1398,unknown_experience,v2_next_year_beta_20260828T213408Z_741eb3cf,milestone_3_20260828T210736Z_903d8f44,v2_next_year_expert_residual_v1,beta,6a9a803feee65cd1bd54f3b013594fb56a3c5c3eb6f65caf5c7e61ffee7bb0e6,shadow
20d64dc9-bab5-5c79-a77e-7f89e8ab71fd,00-0035249,Josh Oliver,2026,2027,TE,MIN,confirmed,2.429411764705882,,,,0,0,target_incomplete,0.0,7.0,1,7.0,317.03,0.730253247205603,0.8677933124333719,0.5338622493006663,0.3358549817779857,0.8042193398095223,-0.08955813866931404,0.9130469757204478,0.6843737657693186,2.429411764705882,2.339853626036568,2.765266746483868,3.3424587404263297,3.2336311045154043,3.1137855304752007,0.6843737657693186,3.1137855304752007,0.730253247205603,-3.2358565481832877,-2.66710551537136,-1.8857939720040764,1.062470480921867,3.115963575900585,4.606394156586925,position_history,517,veteran_with_history,v2_next_year_beta_20260828T213408Z_741eb3cf,milestone_3_20260828T210736Z_903d8f44,v2_next_year_expert_residual_v1,beta,6a9a803feee65cd1bd54f3b013594fb56a3c5c3eb6f65caf5c7e61ffee7bb0e6,shadow
21270a48-2c80-5b91-b05c-ee7bf19df53d,00-0039917,Michael Penix Jr.,2026,2027,QB,ATL,confirmed,6.17335294117647,,,,0,0,target_incomplete,0.0,2.0,1,7.0,242.5675,0.8665948841870522,0.9588532115864673,0.4649623649904308,4.670103968984186,3.388646376493146,3.1546501294267837,2.9916938134944497,3.6834813863239275,6.17335294117647,9.328003070603254,10.843456910160656,9.16504675467092,9.561999317669615,9.856834327500398,3.6834813863239275,9.856834327500398,0.8665948841870522,-8.06412819759558,-5.734041511578347,-2.864465114852388,2.783835279116431,6.020518964099286,6.909064297162426,position_history,209,veteran_with_history,v2_next_year_beta_20260828T213408Z_741eb3cf,milestone_3_20260828T210736Z_903d8f44,v2_next_year_expert_residual_v1,beta,6a9a803feee65cd1bd54f3b013594fb56a3c5c3eb6f65caf5c7e61ffee7bb0e6,shadow
218ac0fe-4309-546c-8f09-64d942ce9ed0,00-0041568,Ty Simpson,2026,2027,QB,LAR,confirmed,1.1019199999999998,,,,0,0,target_incomplete,1.0,0.0,0,6.0,302.9275,0.8587021730276552,0.8860585352134818,0.44978202947919904,7.214987515692126,10.816168922112217,6.504290880505584,14.494432747239467,10.841863061681272,1.1019199999999998,7.606210880505584,8.316907515692126,15.596352747239466,11.918088922112217,11.943783061681271,10.841863061681272,11.943783061681271,0.8587021730276552,-8.45552130817761,-6.586595987192735,-2.9812738228535967,2.974665977858852,6.51934127264136,8.784757686121404,position,274,rookie,v2_next_year_beta_20260828T213408Z_741eb3cf,milestone_3_20260828T210736Z_903d8f44,v2_next_year_expert_residual_v1,beta,6a9a803feee65cd1bd54f3b013594fb56a3c5c3eb6f65caf5c7e61ffee7bb0e6,shadow
21956719-b1e4-5bb0-b10e-39ab15747174,00-0033858,Jonnu Smith,2026,2027,TE,GB,confirmed,4.347058823529411,,,,0,0,target_incomplete,0.0,9.0,1,3.0,330.66,0.7306512560370186,0.6118093806714408,0.5338622493006663,-0.9767077594960036,0.3341097071994551,-0.08955813866931404,0.29832376887875206,-0.11475809447259881,4.347058823529411,4.257500684860098,3.370351064033408,4.645382592408163,4.681168530728867,4.232300729056813,-0.11475809447259881,4.232300729056813,0.7306512560370186,-3.2358565481832877,-2.66710551537136,-1.8857939720040764,1.062470480921867,3.115963575900585,4.606394156586925,position_history,517,veteran_with_history,v2_next_year_beta_20260828T213408Z_741eb3cf,milestone_3_20260828T210736Z_903d8f44,v2_next_year_expert_residual_v1,beta,6a9a803feee65cd1bd54f3b013594fb56a3c5c3eb6f65caf5c7e61ffee7bb0e6,shadow
21964917-6b9f-5c8c-9d0f-6ed97fe488ef,00-0039793,AJ Barner,2026,2027,TE,SEA,confirmed,6.211176470588235,,,,0,0,target_incomplete,0.0,2.0,1,7.0,192.76,0.9531340327478613,0.971425166786246,0.5866373331518034,-0.16285338469515231,0.13577592344252185,0.9813959523087957,-0.012042564545267762,-0.013040008599299407,6.211176470588235,7.1925724228970305,6.048323085893083,6.1991339060429675,6.346952394030757,6.198136461988936,-0.013040008599299407,6.198136461988936,0.9531340327478613,-3.2358565481832877,-2.66710551537136,-1.8857939720040764,1.062470480921867,3.115963575900585,4.606394156586925,position_history,517,veteran_with_history,v2_next_year_beta_20260828T213408Z_741eb3cf,milestone_3_20260828T210736Z_903d8f44,v2_next_year_expert_residual_v1,beta,6a9a803feee65cd1bd54f3b013594fb56a3c5c3eb6f65caf5c7e61ffee7bb0e6,shadow
21abb04f-3faa-5349-a5e7-44ae9d017d41,00-0036898,Davis Mills,2026,2027,QB,HOU,confirmed,0.33702705882352946,,,,0,0,target_incomplete,0.0,5.0,1,7.0,316.53,0.5666272638182104,0.7781948409625584,0.48962908340472044,8.027576621587599,10.543073292000297,3.309060099871514,12.273157533733183,10.281269149107027,0.33702705882352946,3.6460871586950434,8.364603680411129,12.610184592556713,10.880100350823827,10.618296207930557,10.281269149107027,10.618296207930557,0.5666272638182104,-8.06412819759558,-5.734041511578347,-2.864465114852388,2.783835279116431,6.020518964099286,6.909064297162426,position_history,209,veteran_with_history,v2_next_year_beta_20260828T213408Z_741eb3cf,milestone_3_20260828T210736Z_903d8f44,v2_next_year_expert_residual_v1,beta,6a9a803feee65cd1bd54f3b013594fb56a3c5c3eb6f65caf5c7e61ffee7bb0e6,shadow
21bad382-652a-5b7f-a892-8833d1752222,00-0036290,Cole Kmet,2026,2027,TE,CHI,confirmed,3.5532767901032263,,,,0,0,target_incomplete,0.0,6.0,1,7.0,285.925,0.8573477639938317,0.9032364562006646,0.5754647011414279,1.0783792483748615,1.0212297519718012,0.6249159376606653,1.0143513573339589,1.0379867858935405,3.5532767901032263,4.178192727763892,4.631656038478088,4.567628147437185,4.574506542075028,4.591263575996766,1.0379867858935405,4.591263575996766,0.8573477639938317,-3.2358565481832877,-2.66710551537136,-1.8857939720040764,1.062470480921867,3.115963575900585,4.606394156586925,position_history,517,veteran_with_history,v2_next_year_beta_20260828T213408Z_741eb3cf,milestone_3_20260828T210736Z_903d8f44,v2_next_year_expert_residual_v1,beta,6a9a803feee65cd1bd54f3b013594fb56a3c5c3eb6f65caf5c7e61ffee7bb0e6,shadow
21cd6610-0dbf-5bb8-86c2-88771c60a857,00-0036556,Brevin Jordan,2026,2027,TE,HOU,confirmed,0.0,,,,0,0,target_incomplete,0.0,5.0,1,1.0,,0.1917139193542481,0.3526085622607192,0.5754647011414279,3.0020503338731626,2.1796402290890367,0.6249159376606653,2.3764370162253186,2.519375859729173,0.0,0.6249159376606653,3.0020503338731626,2.3764370162253186,2.1796402290890367,2.519375859729173,2.519375859729173,2.519375859729173,0.1917139193542481,-3.2358565481832877,-2.66710551537136,-1.8857939720040764,1.062470480921867,3.115963575900585,4.606394156586925,position_history,517,veteran_with_history,v2_next_year_beta_20260828T213408Z_741eb3cf,milestone_3_20260828T210736Z_903d8f44,v2_next_year_expert_residual_v1,beta,6a9a803feee65cd1bd54f3b013594fb56a3c5c3eb6f65caf5c7e61ffee7bb0e6,shadow
221f2f3d-914f-57ed-915e-e088de1901cb,00-0039152,Will Levis,2026,2027,QB,TEN,confirmed,,,,,0,0,target_incomplete,0.0,3.0,1,2.0,400.9875,0.3153765533057546,0.3352630686934865,0.4649623649904308,,,,,,,,,,,,,,0.3153765533057546,-8.06412819759558,-5.734041511578347,-2.864465114852388,2.783835279116431,6.020518964099286,6.909064297162426,position_history,209,veteran_with_history,v2_next_year_beta_20260828T213408Z_741eb3cf,milestone_3_20260828T210736Z_903d8f44,v2_next_year_expert_residual_v1,beta,6a9a803feee65cd1bd54f3b013594fb56a3c5c3eb6f65caf5c7e61ffee7bb0e6,shadow
22332b51-03ed-5c65-85e6-97f67445610c,00-0032104,Ameer Abdullah,2026,2027,RB,JAC,confirmed,0.0,,,,0,0,target_incomplete,0.0,11.0,1,1.0,297.51,0.1354703944826776,0.3874277006075519,0.4764771129433249,2.706790921024167,3.041325797184549,-0.003976381530407134,3.073237814251664,2.9404515108201266,0.0,0.0,2.706790921024167,3.073237814251664,3.041325797184549,2.9404515108201266,2.9404515108201266,2.9404515108201266,0.1354703944826776,-5.775864899111019,-4.643358820238846,-2.737069962073368,1.761662089777431,5.120078841022579,6.865731939366032,position_history,561,veteran_with_history,v2_next_year_beta_20260828T213408Z_741eb3cf,milestone_3_20260828T210736Z_903d8f44,v2_next_year_expert_residual_v1,beta,6a9a803feee65cd1bd54f3b013594fb56a3c5c3eb6f65caf5c7e61ffee7bb0e6,shadow
22795526-a499-5cc5-802c-acbaca550de6,00-0040890,Cyrus Allen,2026,2027,WR,KC,confirmed,3.7941176470588234,,,,0,0,target_incomplete,1.0,0.0,0,7.0,175.25,0.8288287140082836,0.9079792478662843,0.5968118837409765,2.697581761368082,2.8518619198760917,2.727429987360483,2.7998849492418536,2.7831095434953426,3.7941176470588234,6.521547634419306,6.491699408426905,6.594002596300677,6.6459795669349155,6.577227190554166,2.7831095434953426,6.577227190554166,0.8288287140082836,-5.241847632097132,-4.420861613449043,-2.79275194455823,1.666671205196188,3.4416152985046184,5.164736756719793,position_history,250,rookie,v2_next_year_beta_20260828T213408Z_741eb3cf,milestone_3_20260828T210736Z_903d8f44,v2_next_year_expert_residual_v1,beta,6a9a803feee65cd1bd54f3b013594fb56a3c5c3eb6f65caf5c7e61ffee7bb0e6,shadow
23c337f1-377c-5dc2-b5f1-e12efcdf1755,00-0039150,Bryce Young,2026,2027,QB,CAR,confirmed,13.197029411764706,,,,0,0,target_incomplete,0.0,3.0,1,7.0,168.635,0.9305418176406118,0.9914350441420398,0.4649623649904308,2.0411639335940945,0.7528641442396916,3.1546501294267837,-0.2387703443201264,0.8517525778378866,13.197029411764706,16.35167954119149,15.238193345358802,12.95825906744458,13.949893556004398,14.048781989602594,0.8517525778378866,14.048781989602594,0.9305418176406118,-8.06412819759558,-5.734041511578347,-2.864465114852388,2.783835279116431,6.020518964099286,6.909064297162426,position_history,209,veteran_with_history,v2_next_year_beta_20260828T213408Z_741eb3cf,milestone_3_20260828T210736Z_903d8f44,v2_next_year_expert_residual_v1,beta,6a9a803feee65cd1bd54f3b013594fb56a3c5c3eb6f65caf5c7e61ffee7bb0e6,shadow
24058e6d-dff1-5df3-b149-2eb4070bf5c8,00-0038969,Kearis Jackson,2026,2027,WR,,confirmed,,,,,0,0,target_incomplete,0.0,3.0,0,,352.0,0.4050620525759537,0.3159662706488488,0.561304531171307,,,,,,,,,,,,,,0.4050620525759537,-5.247028493584627,-4.168147262586337,-2.4882348181433445,1.7215690384925635,4.092107755797534,5.673306043718701,position,1398,other_no_history,v2_next_year_beta_20260828T213408Z_741eb3cf,milestone_3_20260828T210736Z_903d8f44,v2_next_year_expert_residual_v1,beta,6a9a803feee65cd1bd54f3b013594fb56a3c5c3eb6f65caf5c7e61ffee7bb0e6,shadow
24ccea0c-2922-57dd-a523-9dd2a236b107,00-0038440,Zavier Scott,2026,2027,RB,MIN,confirmed,1.5470588235294118,,,,0,0,target_incomplete,0.0,3.0,1,3.0,338.29,0.6521967086991948,0.6941769531815531,0.6357540079168625,0.8314609412919417,1.6572185824123076,0.5942195570070535,1.859096212910177,1.4492585788714756,1.5470588235294118,2.1412783805364652,2.3785197648213536,3.4061550364395887,3.2042774059417196,2.996317402400887,1.4492585788714756,2.996317402400887,0.6521967086991948,-5.775864899111019,-4.643358820238846,-2.737069962073368,1.761662089777431,5.120078841022579,6.865731939366032,position_history,561,veteran_with_history,v2_next_year_beta_20260828T213408Z_741eb3cf,milestone_3_20260828T210736Z_903d8f44,v2_next_year_expert_residual_v1,beta,6a9a803feee65cd1bd54f3b013594fb56a3c5c3eb6f65caf5c7e61ffee7bb0e6,shadow
25066cdf-3833-545f-9fea-48d5bb54840d,00-0038976,Marvin Mims Jr.,2026,2027,WR,DEN,confirmed,3.185,,,,0,0,target_incomplete,0.0,3.0,1,6.0,285.465,0.8367789790222507,0.8915761153811635,0.561304531171307,1.7282630374429209,1.698386141108122,1.1528823356726514,1.5999799033411815,1.6755430272974081,3.185,4.337882335672651,4.9132630374429205,4.784979903341181,4.883386141108122,4.860543027297409,1.6755430272974081,4.860543027297409,0.8367789790222507,-5.174675104176586,-4.132551138216551,-2.349516433734719,1.7104468853139558,3.790706964546365,5.521261715174053,position_history,879,veteran_with_history,v2_next_year_beta_20260828T213408Z_741eb3cf,milestone_3_20260828T210736Z_903d8f44,v2_next_year_expert_residual_v1,beta,6a9a803feee65cd1bd54f3b013594fb56a3c5c3eb6f65caf5c7e61ffee7bb0e6,shadow
25543ffd-c3ff-5e3a-819d-21687a031f90,00-0038046,Charlie Kolar,2026,2027,TE,LAC,confirmed,2.7723529411764707,,,,0,0,target_incomplete,0.0,4.0,1,7.0,295.0475,0.7618789831787647,0.871514133575808,0.5754647011414279,-0.020436603343165993,1.1780727237009792,0.6249159376606653,1.0051267412054339,0.7209209538544158,2.7723529411764707,3.397268878837136,2.751916337833305,3.7774796823819043,3.95042566487745,3.4932738950308866,0.7209209538544158,3.4932738950308866,0.7618789831787647,-3.2358565481832877,-2.66710551537136,-1.8857939720040764,1.062470480921867,3.115963575900585,4.606394156586925,position_history,517,veteran_with_history,v2_next_year_beta_20260828T213408Z_741eb3cf,milestone_3_20260828T210736Z_903d8f44,v2_next_year_expert_residual_v1,beta,6a9a803feee65cd1bd54f3b013594fb56a3c5c3eb6f65caf5c7e61ffee7bb0e6,shadow
259d2b5d-f3b0-5389-a954-5e8bc03a3cb8,00-0026158,Joe Flacco,2026,2027,QB,CIN,confirmed,1.368999896254799,,,,0,0,target_incomplete,0.0,18.0,1,5.0,302.13,0.5106855314465427,0.15521523519985966,0.5462074876103052,5.25717427932077,10.377640036717189,2.230624494796814,12.372537912023342,9.335784076020433,1.368999896254799,3.599624391051613,6.626174175575569,13.74153780827814,11.746639932971988,10.704783972275232,9.335784076020433,10.704783972275232,0.5106855314465427,-8.06412819759558,-5.734041511578347,-2.864465114852388,2.783835279116431,6.020518964099286,6.909064297162426,position_history,209,veteran_with_history,v2_next_year_beta_20260828T213408Z_741eb3cf,milestone_3_20260828T210736Z_903d8f44,v2_next_year_expert_residual_v1,beta,6a9a803feee65cd1bd54f3b013594fb56a3c5c3eb6f65caf5c7e61ffee7bb0e6,shadow
25e31c1c-f07c-50e5-86bc-4ea9618926b4,00-0040129,Emeka Egbuka,2026,2027,WR,TB,confirmed,11.175058823529413,,,,0,0,target_incomplete,0.0,1.0,1,7.0,39.524029999999996,0.9724915892472143,0.99301897832606,0.561305717008435,-0.6768041817401849,-0.43161964098577654,1.6282505450092744,-0.4638627542442539,-0.5240955256567384,11.175058823529413,12.803309368538688,10.498254641789229,10.71119606928516,10.743439182543638,10.650963297872675,-0.5240955256567384,10.650963297872675,0.9724915892472143,-5.290117666656729,-4.500130273045835,-2.703400287276647,1.85750718837489,4.640355612959511,5.846307043900342,position_history,246,second_year,v2_next_year_beta_20260828T213408Z_741eb3cf,milestone_3_20260828T210736Z_903d8f44,v2_next_year_expert_residual_v1,beta,6a9a803feee65cd1bd54f3b013594fb56a3c5c3eb6f65caf5c7e61ffee7bb0e6,shadow
263cbee6-3271-50f7-8ef9-088c75c672ba,00-0039299,George Holani,2026,2027,RB,SEA,confirmed,2.9764705882352938,,,,0,0,target_incomplete,0.0,2.0,1,7.0,212.41435,0.7613692465610802,0.8512788199251009,0.6357540079168625,0.945268039565889,1.395698306426883,0.5942195570070535,1.4149882127695885,1.2519848529207869,2.9764705882352938,3.5706901452423474,3.921738627801183,4.391458801004882,4.372168894662177,4.228455441156081,1.2519848529207869,4.228455441156081,0.7613692465610802,-5.775864899111019,-4.643358820238846,-2.737069962073368,1.761662089777431,5.120078841022579,6.865731939366032,position_history,561,veteran_with_history,v2_next_year_beta_20260828T213408Z_741eb3cf,milestone_3_20260828T210736Z_903d8f44,v2_next_year_expert_residual_v1,beta,6a9a803feee65cd1bd54f3b013594fb56a3c5c3eb6f65caf5c7e61ffee7bb0e6,shadow
2656ae46-ec0a-5f7d-9b2d-234b2f563743,00-0036422,Adam Trautman,2026,2027,TE,DEN,confirmed,1.7235294117647062,,,,0,0,target_incomplete,0.0,6.0,1,5.0,306.0,0.702148955720061,0.7588202530639101,0.5754647011414279,0.9088557864027682,0.9552539104196425,0.6249159376606653,1.0119766076410504,0.9586954348211537,1.7235294117647062,2.3484453494253716,2.6323851981674746,2.7355060194057566,2.6787833221843487,2.68222484658586,0.9586954348211537,2.68222484658586,0.702148955720061,-3.2358565481832877,-2.66710551537136,-1.8857939720040764,1.062470480921867,3.115963575900585,4.606394156586925,position_history,517,veteran_with_history,v2_next_year_beta_20260828T213408Z_741eb3cf,milestone_3_20260828T210736Z_903d8f44,v2_next_year_expert_residual_v1,beta,6a9a803feee65cd1bd54f3b013594fb56a3c5c3eb6f65caf5c7e61ffee7bb0e6,shadow
26f708de-38b8-5ea9-aa4b-adf0ea5b57ce,00-0038809,Ben Sims,2026,2027,TE,MIA,confirmed,1.6531176470588236,,,,0,0,target_incomplete,0.0,3.0,1,5.0,429.0,0.6890328149739754,0.6322206417762262,0.5866373331518034,0.43849160724730296,1.10262697362894,0.9813959523087957,1.2786970091657723,0.9399385300140052,1.6531176470588236,2.634513599367619,2.0916092543061264,2.9318146562245957,2.7557446206877634,2.5930561770728286,0.9399385300140052,2.5930561770728286,0.6890328149739754,-3.2358565481832877,-2.66710551537136,-1.8857939720040764,1.062470480921867,3.115963575900585,4.606394156586925,position_history,517,veteran_with_history,v2_next_year_beta_20260828T213408Z_741eb3cf,milestone_3_20260828T210736Z_903d8f44,v2_next_year_expert_residual_v1,beta,6a9a803feee65cd1bd54f3b013594fb56a3c5c3eb6f65caf5c7e61ffee7bb0e6,shadow
273a80eb-ada4-5170-8fd1-d529d007e09d,00-0041562,Fernando Mendoza,2026,2027,QB,LVR,confirmed,10.139705882352942,,,,0,0,target_incomplete,1.0,0.0,0,7.0,193.0675,0.9594693012044844,0.9847114763008953,0.44978202947919904,4.434979896976357,2.8350047105918246,6.504290880505584,4.082140644602031,3.784041750723405,10.139705882352942,16.643996762858528,14.5746857793293,14.221846526954973,12.974710592944767,13.923747633076347,3.784041750723405,13.923747633076347,0.9594693012044844,-8.45552130817761,-6.586595987192735,-2.9812738228535967,2.974665977858852,6.51934127264136,8.784757686121404,position,274,rookie,v2_next_year_beta_20260828T213408Z_741eb3cf,milestone_3_20260828T210736Z_903d8f44,v2_next_year_expert_residual_v1,beta,6a9a803feee65cd1bd54f3b013594fb56a3c5c3eb6f65caf5c7e61ffee7bb0e6,shadow
2759aac1-b92d-5019-af52-c5638f6486f4,00-0039344,Jonathon Brooks,2026,2027,RB,CAR,confirmed,9.324117647058825,,,,0,0,target_incomplete,0.0,2.0,1,7.0,78.9,0.9191240297452995,0.9600705420220376,0.6357540079168625,-1.0305727390466228,-0.8709001498473059,0.5942195570070535,-0.35154932428942987,-0.7510074043944529,9.324117647058825,9.918337204065878,8.293544908012203,8.972568322769396,8.453217497211519,8.573110242664372,-0.7510074043944529,8.573110242664372,0.9191240297452995,-5.775864899111019,-4.643358820238846,-2.737069962073368,1.761662089777431,5.120078841022579,6.865731939366032,position_history,561,veteran_with_history,v2_next_year_beta_20260828T213408Z_741eb3cf,milestone_3_20260828T210736Z_903d8f44,v2_next_year_expert_residual_v1,beta,6a9a803feee65cd1bd54f3b013594fb56a3c5c3eb6f65caf5c7e61ffee7bb0e6,shadow
27d87e7a-6d4c-5b9f-b86a-2680e8beef96,00-0038406,Zack Kuntz,2026,2027,TE,,confirmed,1.5176470588235293,,,,0,0,target_incomplete,0.0,3.0,0,1.0,,0.37884389714971034,0.3234472600691076,0.5866373331518034,1.6307353183003184,1.5332876123952628,0.9813959523087957,1.2064135771167053,1.456812169270762,1.5176470588235293,2.499043011132325,3.1483823771238475,2.7240606359402344,3.0509346712187924,2.9744592280942914,1.456812169270762,2.9744592280942914,0.37884389714971034,-3.6225321557766907,-2.8499637328378338,-2.028437724279195,0.7483585564925581,2.9171121138029883,4.3897953300095,position,778,other_no_history,v2_next_year_beta_20260828T213408Z_741eb3cf,milestone_3_20260828T210736Z_903d8f44,v2_next_year_expert_residual_v1,beta,6a9a803feee65cd1bd54f3b013594fb56a3c5c3eb6f65caf5c7e61ffee7bb0e6,shadow
293977a0-9c45-58e1-9754-083a6e254a09,00-0040667,Matthew Golden,2026,2027,WR,GB,confirmed,7.779470588235294,,,,0,0,target_incomplete,0.0,1.0,1,7.0,116.5025,0.9346938911546819,0.980152508824461,0.561305717008435,0.05475262779321133,0.1710302511674386,1.6282505450092744,-0.06096930886947011,0.054937856697059945,7.779470588235294,9.407721133244568,7.834223216028505,7.718501279365824,7.950500839402733,7.834408444932354,0.054937856697059945,7.834408444932354,0.9346938911546819,-5.290117666656729,-4.500130273045835,-2.703400287276647,1.85750718837489,4.640355612959511,5.846307043900342,position_history,246,second_year,v2_next_year_beta_20260828T213408Z_741eb3cf,milestone_3_20260828T210736Z_903d8f44,v2_next_year_expert_residual_v1,beta,6a9a803feee65cd1bd54f3b013594fb56a3c5c3eb6f65caf5c7e61ffee7bb0e6,shadow
2a188917-7dff-5b64-9e14-c6241f8893ec,00-0038720,Julian Hill,2026,2027,TE,NE,confirmed,0.38235294117647056,,,,0,0,target_incomplete,0.0,3.0,1,2.0,,0.479411163413855,0.4388891557206013,0.5866373331518034,2.1921585939906008,2.1212838785260084,0.9813959523087957,2.2353565793999635,2.182933017305524,0.38235294117647056,1.3637488934852664,2.5745115351670713,2.617709520576434,2.503636819702479,2.5652859584819945,2.182933017305524,2.5652859584819945,0.479411163413855,-3.2358565481832877,-2.66710551537136,-1.8857939720040764,1.062470480921867,3.115963575900585,4.606394156586925,position_history,517,veteran_with_history,v2_next_year_beta_20260828T213408Z_741eb3cf,milestone_3_20260828T210736Z_903d8f44,v2_next_year_expert_residual_v1,beta,6a9a803feee65cd1bd54f3b013594fb56a3c5c3eb6f65caf5c7e61ffee7bb0e6,shadow
2a4bc06b-0494-52a8-89d2-3ab74b9cd1ba,00-0034457,Josh Adams,2026,2027,RB,,confirmed,,,,,0,0,target_incomplete,0.0,8.0,1,,320.0,0.3924800166319439,0.20757690171772375,0.5443934450622839,,,,,,,,,,,,,,0.3924800166319439,-5.775864899111019,-4.643358820238846,-2.737069962073368,1.761662089777431,5.120078841022579,6.865731939366032,position_history,561,veteran_with_history,v2_next_year_beta_20260828T213408Z_741eb3cf,milestone_3_20260828T210736Z_903d8f44,v2_next_year_expert_residual_v1,beta,6a9a803feee65cd1bd54f3b013594fb56a3c5c3eb6f65caf5c7e61ffee7bb0e6,shadow
2b735d2f-8117-583a-a2b9-8a7b1b7df1fc,00-0035535,Darius Slayton,2026,2027,WR,NYG,confirmed,3.832941176470588,,,,0,0,target_incomplete,0.0,7.0,1,7.0,311.1725,0.5910854671410798,0.7852724492810521,0.5494986889348197,0.30597063462665686,0.8057546575742804,-0.3337587311176249,1.1030556629004582,0.7382603183671318,3.832941176470588,3.4991824453529627,4.138911811097245,4.935996839371046,4.638695834044868,4.5712014948377195,0.7382603183671318,4.5712014948377195,0.5910854671410798,-5.174675104176586,-4.132551138216551,-2.349516433734719,1.7104468853139558,3.790706964546365,5.521261715174053,position_history,879,veteran_with_history,v2_next_year_beta_20260828T213408Z_741eb3cf,milestone_3_20260828T210736Z_903d8f44,v2_next_year_expert_residual_v1,beta,6a9a803feee65cd1bd54f3b013594fb56a3c5c3eb6f65caf5c7e61ffee7bb0e6,shadow
2b73f2a2-0315-5f68-a4b2-42c808d40a8d,00-0037263,Tyler Allgeier,2026,2027,RB,ARI,confirmed,5.294258823529412,,,,0,0,target_incomplete,0.0,4.0,1,7.0,136.568875,0.8355828561033276,0.9007966930745828,0.5951913648732261,1.179213701996846,0.644040109847866,-0.13301155778163867,0.5669748779566044,0.7967428966004388,5.294258823529412,5.1612472657477735,6.473472525526258,5.861233701486016,5.938298933377278,6.091001720129851,0.7967428966004388,6.091001720129851,0.8355828561033276,-5.775864899111019,-4.643358820238846,-2.737069962073368,1.761662089777431,5.120078841022579,6.865731939366032,position_history,561,veteran_with_history,v2_next_year_beta_20260828T213408Z_741eb3cf,milestone_3_20260828T210736Z_903d8f44,v2_next_year_expert_residual_v1,beta,6a9a803feee65cd1bd54f3b013594fb56a3c5c3eb6f65caf5c7e61ffee7bb0e6,shadow
2c047821-5db0-5c6a-8c18-1b40ac17be45,00-0037539,Lucas Krull,2026,2027,TE,DEN,confirmed,0.32205882352941173,,,,0,0,target_incomplete,0.0,4.0,1,2.0,355.0,0.5027018949459299,0.6870374930865216,0.5754647011414279,2.2686438502822845,2.4192380655668644,0.6249159376606653,2.363047838277211,2.35030991804212,0.32205882352941173,0.9469747611900771,2.5907026738116965,2.685106661806623,2.741296889096276,2.672368741571532,2.35030991804212,2.672368741571532,0.5027018949459299,-3.2358565481832877,-2.66710551537136,-1.8857939720040764,1.062470480921867,3.115963575900585,4.606394156586925,position_history,517,veteran_with_history,v2_next_year_beta_20260828T213408Z_741eb3cf,milestone_3_20260828T210736Z_903d8f44,v2_next_year_expert_residual_v1,beta,6a9a803feee65cd1bd54f3b013594fb56a3c5c3eb6f65caf5c7e61ffee7bb0e6,shadow
2c8f0364-64a5-5bec-a641-ec731330aed5,00-0037277,Teagan Quitoriano,2026,2027,TE,ARI,confirmed,0.40588235294117647,,,,0,0,target_incomplete,0.0,4.0,1,1.0,,0.2869108144084671,0.2765738365683564,0.5754647011414279,2.5578381562665875,2.1611821834045033,0.6249159376606653,2.4191472782134467,2.3793892059615125,0.40588235294117647,1.0307982906018418,2.963720509207764,2.825029631154623,2.5670645363456797,2.785271558902689,2.3793892059615125,2.785271558902689,0.2869108144084671,-3.2358565481832877,-2.66710551537136,-1.8857939720040764,1.062470480921867,3.115963575900585,4.606394156586925,position_history,517,veteran_with_history,v2_next_year_beta_20260828T213408Z_741eb3cf,milestone_3_20260828T210736Z_903d8f44,v2_next_year_expert_residual_v1,beta,6a9a803feee65cd1bd54f3b013594fb56a3c5c3eb6f65caf5c7e61ffee7bb0e6,shadow
2cdb1bbf-1112-5b7b-b329-7ac0f77c8ee9,00-0037258,Dameon Pierce,2026,2027,RB,PHI,confirmed,0.46882352941176475,,,,0,0,target_incomplete,0.0,4.0,1,5.0,,0.4176394410401929,0.5583368983099412,0.5951913648732261,3.118641789123897,3.0317132051410027,-0.13301155778163867,3.6451507174387547,3.265168570567885,0.46882352941176475,0.3358119716301261,3.5874653185356618,4.113974246850519,3.5005367345527674,3.7339920999796496,3.265168570567885,3.7339920999796496,0.4176394410401929,-5.775864899111019,-4.643358820238846,-2.737069962073368,1.761662089777431,5.120078841022579,6.865731939366032,position_history,561,veteran_with_history,v2_next_year_beta_20260828T213408Z_741eb3cf,milestone_3_20260828T210736Z_903d8f44,v2_next_year_expert_residual_v1,beta,6a9a803feee65cd1bd54f3b013594fb56a3c5c3eb6f65caf5c7e61ffee7bb0e6,shadow
2ce9e661-6100-55b7-9c31-00269a5d8306,00-0039617,Jacob Kibodi,2026,2027,RB,,confirmed,,,,,0,0,target_incomplete,0.0,2.0,0,,327.0,0.45365352238521117,0.32108356430590174,0.6357540079168625,,,,,,,,,,,,,,0.45365352238521117,-5.658583028392476,-4.443360307688951,-2.67308436298355,2.1764076375313834,5.727661803559764,7.457871538403787,position,918,other_no_history,v2_next_year_beta_20260828T213408Z_741eb3cf,milestone_3_20260828T210736Z_903d8f44,v2_next_year_expert_residual_v1,beta,6a9a803feee65cd1bd54f3b013594fb56a3c5c3eb6f65caf5c7e61ffee7bb0e6,shadow
2ced7322-3482-5285-afec-ecb2df53f435,00-0041525,Chris Bell,2026,2027,WR,MIA,confirmed,3.837058823529412,,,,0,0,target_incomplete,1.0,0.0,0,6.0,239.1,0.8605884827991483,0.903233382384725,0.5968118837409765,2.203114989352079,1.8642910102887185,2.727429987360483,2.3119590360511593,2.126455011897319,3.837058823529412,6.564488810889895,6.040173812881491,6.149017859580571,5.7013498338181305,5.963513835426731,2.126455011897319,5.963513835426731,0.8605884827991483,-5.241847632097132,-4.420861613449043,-2.79275194455823,1.666671205196188,3.4416152985046184,5.164736756719793,position_history,250,rookie,v2_next_year_beta_20260828T213408Z_741eb3cf,milestone_3_20260828T210736Z_903d8f44,v2_next_year_expert_residual_v1,beta,6a9a803feee65cd1bd54f3b013594fb56a3c5c3eb6f65caf5c7e61ffee7bb0e6,shadow
2d81dad5-0b57-5fc0-b5d9-88263ffa4cf4,00-0038996,Tucker Kraft,2026,2027,TE,GB,confirmed,8.925301764159704,,,,0,0,target_incomplete,0.0,3.0,1,7.0,73.453465,0.9397707161302447,0.976997557134007,0.5866373331518034,-0.7220772294722833,-0.5345564694358452,0.9813959523087957,-0.6141838137574201,-0.6236058375551828,8.925301764159704,9.9066977164685,8.20322453468742,8.311117950402284,8.390745294723859,8.301695926604522,-0.6236058375551828,8.301695926604522,0.9397707161302447,-3.2358565481832877,-2.66710551537136,-1.8857939720040764,1.062470480921867,3.115963575900585,4.606394156586925,position_history,517,veteran_with_history,v2_next_year_beta_20260828T213408Z_741eb3cf,milestone_3_20260828T210736Z_903d8f44,v2_next_year_expert_residual_v1,beta,6a9a803feee65cd1bd54f3b013594fb56a3c5c3eb6f65caf5c7e61ffee7bb0e6,shadow
2dce8972-7a57-5e02-aad7-0ffcfc7ebf19,00-0033576,Eric Saubert,2026,2027,TE,SEA,confirmed,0.7279558823529412,,,,0,0,target_incomplete,0.0,9.0,1,4.0,,0.529497451223844,0.4413693671066976,0.5338622493006663,0.9226565205090937,1.7001480414644667,-0.08955813866931404,1.6911990367814829,1.4380011995850144,0.7279558823529412,0.6383977436836271,1.650612402862035,2.419154919134424,2.428103923817408,2.1659570819379557,1.4380011995850144,2.1659570819379557,0.529497451223844,-3.2358565481832877,-2.66710551537136,-1.8857939720040764,1.062470480921867,3.115963575900585,4.606394156586925,position_history,517,veteran_with_history,v2_next_year_beta_20260828T213408Z_741eb3cf,milestone_3_20260828T210736Z_903d8f44,v2_next_year_expert_residual_v1,beta,6a9a803feee65cd1bd54f3b013594fb56a3c5c3eb6f65caf5c7e61ffee7bb0e6,shadow
2e3787a6-b1ba-5d9f-9a61-8f79048010ff,00-0040743,Tyler Shough,2026,2027,QB,NO,confirmed,14.242941176470588,,,,0,0,target_incomplete,0.0,1.0,1,7.0,125.5454475,0.9058695381776629,0.9875022463653789,0.41318674656565685,1.3877816190531274,-0.10864892315841004,2.7276617028016705,-0.30015021703925887,0.32632749295181945,14.242941176470588,16.970602879272256,15.630722795523715,13.94279095943133,14.134292253312177,14.569268669422407,0.32632749295181945,14.569268669422407,0.9058695381776629,-8.45552130817761,-6.586595987192735,-2.9812738228535967,2.974665977858852,6.51934127264136,8.784757686121404,position,274,second_year,v2_next_year_beta_20260828T213408Z_741eb3cf,milestone_3_20260828T210736Z_903d8f44,v2_next_year_expert_residual_v1,beta,6a9a803feee65cd1bd54f3b013594fb56a3c5c3eb6f65caf5c7e61ffee7bb0e6,shadow
2f414e0c-dfb8-5d05-9e79-65cce816e1a2,00-0041524,Will Kacmarek,2026,2027,TE,MIA,confirmed,2.086705882352941,,,,0,0,target_incomplete,1.0,0.0,0,5.0,294.33,0.8322763723469147,0.8678745825385077,0.6038558673610269,2.546380351538676,2.22361844077736,2.0843437891501377,2.2507363021761413,2.3402450314973926,2.086705882352941,4.171049671503079,4.633086233891618,4.337442184529083,4.310324323130301,4.426950913850334,2.3402450314973926,4.426950913850334,0.8322763723469147,-4.352633110913855,-3.4831286225578566,-2.493896993771685,0.469156909097479,2.047935247444171,3.443435937814943,position_history,121,rookie,v2_next_year_beta_20260828T213408Z_741eb3cf,milestone_3_20260828T210736Z_903d8f44,v2_next_year_expert_residual_v1,beta,6a9a803feee65cd1bd54f3b013594fb56a3c5c3eb6f65caf5c7e61ffee7bb0e6,shadow
2f721bed-8e17-5b45-97ae-69c039387004,00-0038977,Tank Dell,2026,2027,WR,HOU,confirmed,4.435294117647059,,,,0,0,target_incomplete,0.0,3.0,1,7.0,182.869705,0.8457367277657897,0.8524636834083977,0.561304531171307,2.0808138884516576,0.8593835466494046,1.1528823356726514,1.087277081930999,1.3424915056773539,4.435294117647059,5.5881764533197105,6.516108006098717,5.522571199578058,5.294677664296463,5.777785623324413,1.3424915056773539,5.777785623324413,0.8457367277657897,-5.174675104176586,-4.132551138216551,-2.349516433734719,1.7104468853139558,3.790706964546365,5.521261715174053,position_history,879,veteran_with_history,v2_next_year_beta_20260828T213408Z_741eb3cf,milestone_3_20260828T210736Z_903d8f44,v2_next_year_expert_residual_v1,beta,6a9a803feee65cd1bd54f3b013594fb56a3c5c3eb6f65caf5c7e61ffee7bb0e6,shadow
2f7517d9-bd11-5bfa-9dac-347c8277171b,00-0038810,Thayer Thomas,2026,2027,WR,,confirmed,,,,,0,0,target_incomplete,0.0,3.0,0,,348.0,0.4050620525759537,0.2937221872927264,0.561304531171307,,,,,,,,,,,,,,0.4050620525759537,-5.247028493584627,-4.168147262586337,-2.4882348181433445,1.7215690384925635,4.092107755797534,5.673306043718701,position,1398,other_no_history,v2_next_year_beta_20260828T213408Z_741eb3cf,milestone_3_20260828T210736Z_903d8f44,v2_next_year_expert_residual_v1,beta,6a9a803feee65cd1bd54f3b013594fb56a3c5c3eb6f65caf5c7e61ffee7bb0e6,shadow
2f82d513-7207-5697-bf4d-b56975fb8f12,00-0040715,Cam Skattebo,2026,2027,RB,NYG,confirmed,12.028435294117648,,,,0,0,target_incomplete,0.0,1.0,1,7.0,45.318363500000004,0.9465426650918775,0.9881917705739169,0.6097613512933316,-0.6065062941567825,-0.8910801555628121,1.403342687822953,-0.8368759814890625,-0.778154143736219,12.028435294117648,13.4317779819406,11.421928999960866,11.191559312628584,11.137355138554835,11.25028115038143,-0.778154143736219,11.25028115038143,0.9465426650918775,-5.48615073240633,-4.244920053205529,-2.730536823343935,2.745851062339551,6.172636499559855,7.5044937746885285,position_history,171,second_year,v2_next_year_beta_20260828T213408Z_741eb3cf,milestone_3_20260828T210736Z_903d8f44,v2_next_year_expert_residual_v1,beta,6a9a803feee65cd1bd54f3b013594fb56a3c5c3eb6f65caf5c7e61ffee7bb0e6,shadow
31049618-4747-505d-98cf-b36d4d4db8b6,00-0036590,Quintin Morris,2026,2027,TE,JAC,confirmed,0.0911764705882353,,,,0,0,target_incomplete,0.0,5.0,1,2.0,,0.3732226828514377,0.5800099740769256,0.5754647011414279,2.2704410215787467,2.1344069421057044,0.6249159376606653,2.309585614654864,2.238144526113105,0.0911764705882353,0.7160924082489006,2.361617492166982,2.4007620852430995,2.2255834126939398,2.3293209967013406,2.238144526113105,2.3293209967013406,0.3732226828514377,-3.2358565481832877,-2.66710551537136,-1.8857939720040764,1.062470480921867,3.115963575900585,4.606394156586925,position_history,517,veteran_with_history,v2_next_year_beta_20260828T213408Z_741eb3cf,milestone_3_20260828T210736Z_903d8f44,v2_next_year_expert_residual_v1,beta,6a9a803feee65cd1bd54f3b013594fb56a3c5c3eb6f65caf5c7e61ffee7bb0e6,shadow
31c1f694-cee4-51b2-9511-8ede6a3e9ee4,,Leon Johnson,2026,2027,WR,,provisional,,,,,0,0,target_incomplete,,,0,,355.0,0.42287298324131356,3.0227359198255257e-05,0.5634284548288704,,,,,,,,,,,,,,0.42287298324131356,-5.247028493584627,-4.168147262586337,-2.4882348181433445,1.7215690384925635,4.092107755797534,5.673306043718701,position,1398,unknown_experience,v2_next_year_beta_20260828T213408Z_741eb3cf,milestone_3_20260828T210736Z_903d8f44,v2_next_year_expert_residual_v1,beta,6a9a803feee65cd1bd54f3b013594fb56a3c5c3eb6f65caf5c7e61ffee7bb0e6,shadow
31c3fcf7-3f74-524e-8b8f-67177f592742,00-0041323,Myles Montgomery,2026,2027,RB,NE,confirmed,,,,,0,0,target_incomplete,1.0,0.0,0,,273.05,0.6020536431899367,0.5511401167421198,0.6553958879420866,,,,,,,,,,,,,,0.6020536431899367,-5.275047966924827,-4.3298006659425265,-2.5364531139387987,2.612371761579932,6.381973266338156,8.832194594599148,position_history,178,rookie,v2_next_year_beta_20260828T213408Z_741eb3cf,milestone_3_20260828T210736Z_903d8f44,v2_next_year_expert_residual_v1,beta,6a9a803feee65cd1bd54f3b013594fb56a3c5c3eb6f65caf5c7e61ffee7bb0e6,shadow
322001dc-5860-53e0-a440-ff37e3ada059,00-0034959,Andrew Beck,2026,2027,RB,NYJ,confirmed,0.6020588235294118,,,,0,0,target_incomplete,0.0,7.0,1,4.0,443.0,0.5089191185773467,0.5169825386066897,0.5443934450622839,0.9212002984227108,2.0622593488552803,-0.681281550565376,2.145751768598477,1.7097371386254894,0.6020588235294118,0.0,1.5232591219521225,2.747810592127889,2.664318172384692,2.311795962154901,1.7097371386254894,2.311795962154901,0.5089191185773467,-5.775864899111019,-4.643358820238846,-2.737069962073368,1.761662089777431,5.120078841022579,6.865731939366032,position_history,561,veteran_with_history,v2_next_year_beta_20260828T213408Z_741eb3cf,milestone_3_20260828T210736Z_903d8f44,v2_next_year_expert_residual_v1,beta,6a9a803feee65cd1bd54f3b013594fb56a3c5c3eb6f65caf5c7e61ffee7bb0e6,shadow
3235e3db-fa18-5a41-b217-b07f05853991,00-0036842,Kene Nwangwu,2026,2027,RB,NYJ,confirmed,0.058823529411764705,,,,0,0,target_incomplete,0.0,5.0,1,5.0,,0.32451416162929475,0.5690204187661604,0.5951913648732261,2.246846173221015,2.962667843528631,-0.13301155778163867,3.245159044568264,2.818224353772637,0.058823529411764705,0.0,2.3056697026327795,3.3039825739800284,3.0214913729403956,2.8770478831844013,2.818224353772637,2.8770478831844013,0.32451416162929475,-5.775864899111019,-4.643358820238846,-2.737069962073368,1.761662089777431,5.120078841022579,6.865731939366032,position_history,561,veteran_with_history,v2_next_year_beta_20260828T213408Z_741eb3cf,milestone_3_20260828T210736Z_903d8f44,v2_next_year_expert_residual_v1,beta,6a9a803feee65cd1bd54f3b013594fb56a3c5c3eb6f65caf5c7e61ffee7bb0e6,shadow
32510374-a4c9-53c3-93ee-b327a81f2724,00-0037816,Romeo Doubs,2026,2027,WR,NE,confirmed,7.9,,,,0,0,target_incomplete,0.0,4.0,1,7.0,121.1525,0.8676993258160901,0.9387559136672669,0.5809258307011029,-0.09652161545425297,-0.4854286389055512,0.36463526135546426,-0.7667668351670917,-0.44957236317563193,7.9,8.264635261355465,7.803478384545747,7.133233164832909,7.414571361094449,7.450427636824369,-0.44957236317563193,7.450427636824369,0.8676993258160901,-5.174675104176586,-4.132551138216551,-2.349516433734719,1.7104468853139558,3.790706964546365,5.521261715174053,position_history,879,veteran_with_history,v2_next_year_beta_20260828T213408Z_741eb3cf,milestone_3_20260828T210736Z_903d8f44,v2_next_year_expert_residual_v1,beta,6a9a803feee65cd1bd54f3b013594fb56a3c5c3eb6f65caf5c7e61ffee7bb0e6,shadow
32a4c6de-3b8a-54d4-9f1a-978516b414c5,00-0037340,Zaire Mitchell-Paden,2026,2027,TE,NO,confirmed,0.7382352941176471,,,,0,0,target_incomplete,0.0,4.0,1,2.0,,0.4839881732902095,0.47430539612568634,0.5754647011414279,1.9146211581743415,1.9010565107272799,0.6249159376606653,1.9966486258342333,1.937442098245285,0.7382352941176471,1.3631512317783123,2.6528564522919886,2.7348839199518804,2.6392918048449268,2.675677392362932,1.937442098245285,2.675677392362932,0.4839881732902095,-3.2358565481832877,-2.66710551537136,-1.8857939720040764,1.062470480921867,3.115963575900585,4.606394156586925,position_history,517,veteran_with_history,v2_next_year_beta_20260828T213408Z_741eb3cf,milestone_3_20260828T210736Z_903d8f44,v2_next_year_expert_residual_v1,beta,6a9a803feee65cd1bd54f3b013594fb56a3c5c3eb6f65caf5c7e61ffee7bb0e6,shadow
32b92c93-bc8a-58d6-9d2e-7b9d2a319b42,00-0039074,Davis Allen,2026,2027,TE,LAR,confirmed,1.2140764705882352,,,,0,0,target_incomplete,0.0,3.0,1,5.0,424.0,0.8209051618344742,0.8536033295804669,0.5866373331518034,1.3319477920017255,1.4076019556181119,0.9813959523087957,1.5728487762898686,1.437466174636569,1.2140764705882352,2.195472422897031,2.5460242625899605,2.786925246878104,2.621678426206347,2.6515426452248043,1.437466174636569,2.6515426452248043,0.8209051618344742,-3.2358565481832877,-2.66710551537136,-1.8857939720040764,1.062470480921867,3.115963575900585,4.606394156586925,position_history,517,veteran_with_history,v2_next_year_beta_20260828T213408Z_741eb3cf,milestone_3_20260828T210736Z_903d8f44,v2_next_year_expert_residual_v1,beta,6a9a803feee65cd1bd54f3b013594fb56a3c5c3eb6f65caf5c7e61ffee7bb0e6,shadow
33d09db9-d16c-5fb8-adb5-7cff0591e1d3,00-0039919,Rome Odunze,2026,2027,WR,CHI,confirmed,10.352941176470589,,,,0,0,target_incomplete,0.0,2.0,1,7.0,58.09,0.9604159177840428,0.9879301823522468,0.561304531171307,-0.6954807748818621,-0.7206341948177902,1.1528823356726514,-0.6014930820069428,-0.6725360172355317,10.352941176470589,11.505823512143241,9.657460401588727,9.751448094463646,9.632306981652798,9.680405159235058,-0.6725360172355317,9.680405159235058,0.9604159177840428,-5.174675104176586,-4.132551138216551,-2.349516433734719,1.7104468853139558,3.790706964546365,5.521261715174053,position_history,879,veteran_with_history,v2_next_year_beta_20260828T213408Z_741eb3cf,milestone_3_20260828T210736Z_903d8f44,v2_next_year_expert_residual_v1,beta,6a9a803feee65cd1bd54f3b013594fb56a3c5c3eb6f65caf5c7e61ffee7bb0e6,shadow
33e4327a-e56d-5df0-bed0-8226f80855d8,00-0038728,Jared Wayne,2026,2027,WR,HOU,confirmed,0.0,,,,0,0,target_incomplete,0.0,3.0,1,1.0,228.5833,0.22250868911169508,0.6221798255852147,0.561304531171307,4.349290537400041,3.452674654380393,1.1528823356726514,3.252109002838905,3.6846913982064464,0.0,1.1528823356726514,4.349290537400041,3.252109002838905,3.452674654380393,3.6846913982064464,3.6846913982064464,3.6846913982064464,0.22250868911169508,-5.174675104176586,-4.132551138216551,-2.349516433734719,1.7104468853139558,3.790706964546365,5.521261715174053,position_history,879,veteran_with_history,v2_next_year_beta_20260828T213408Z_741eb3cf,milestone_3_20260828T210736Z_903d8f44,v2_next_year_expert_residual_v1,beta,6a9a803feee65cd1bd54f3b013594fb56a3c5c3eb6f65caf5c7e61ffee7bb0e6,shadow
34beb3fa-5005-5be2-b163-32949f96ec1b,00-0033077,Dak Prescott,2026,2027,QB,DAL,confirmed,16.782647058823528,,,,0,0,target_incomplete,0.0,10.0,1,7.0,78.761375,0.9510897225946173,0.9734608438367969,0.5462074876103052,0.3202073825808984,-0.2805225451300588,2.230624494796814,-0.2474096864042992,-0.06924161631781986,16.782647058823528,19.013271553620342,17.102854441404425,16.53523737241923,16.50212451369347,16.713405442505707,-0.06924161631781986,16.713405442505707,0.9510897225946173,-8.06412819759558,-5.734041511578347,-2.864465114852388,2.783835279116431,6.020518964099286,6.909064297162426,position_history,209,veteran_with_history,v2_next_year_beta_20260828T213408Z_741eb3cf,milestone_3_20260828T210736Z_903d8f44,v2_next_year_expert_residual_v1,beta,6a9a803feee65cd1bd54f3b013594fb56a3c5c3eb6f65caf5c7e61ffee7bb0e6,shadow
35259e82-33fa-5b9c-a5bd-9c38cf88ca8c,00-0039415,Brenden Rice,2026,2027,WR,,confirmed,,,,,0,0,target_incomplete,0.0,2.0,0,,398.0,0.2928668338296528,0.33633229725415853,0.561304531171307,,,,,,,,,,,,,,0.2928668338296528,-5.247028493584627,-4.168147262586337,-2.4882348181433445,1.7215690384925635,4.092107755797534,5.673306043718701,position,1398,other_no_history,v2_next_year_beta_20260828T213408Z_741eb3cf,milestone_3_20260828T210736Z_903d8f44,v2_next_year_expert_residual_v1,beta,6a9a803feee65cd1bd54f3b013594fb56a3c5c3eb6f65caf5c7e61ffee7bb0e6,shadow
358f044a-7660-5899-82f0-3c90e56a158a,00-0040653,Ricky White III,2026,2027,WR,SEA,confirmed,0.0,,,,0,0,target_incomplete,0.0,1.0,0,1.0,,0.12769440182961359,0.4244669634838598,0.561305717008435,3.178879500948671,2.4580320133482343,1.6282505450092744,2.5705985976077788,2.735836703968228,0.0,1.6282505450092744,3.178879500948671,2.5705985976077788,2.4580320133482343,2.735836703968228,2.735836703968228,2.735836703968228,0.12769440182961359,-5.290117666656729,-4.500130273045835,-2.703400287276647,1.85750718837489,4.640355612959511,5.846307043900342,position_history,246,second_year,v2_next_year_beta_20260828T213408Z_741eb3cf,milestone_3_20260828T210736Z_903d8f44,v2_next_year_expert_residual_v1,beta,6a9a803feee65cd1bd54f3b013594fb56a3c5c3eb6f65caf5c7e61ffee7bb0e6,shadow
35d5ce2f-914c-5098-8b03-22f5a120ba0c,00-0034577,Kyle Allen,2026,2027,QB,BUF,confirmed,-0.09670352941176447,,,,0,0,target_incomplete,0.0,8.0,1,6.0,311.22,0.34282665935793893,0.32529255093824455,0.5472605688041711,7.161466131350885,10.200664277987551,3.0996677277257425,11.046743811720615,9.469624740353018,-0.09670352941176447,3.002964198313978,7.06476260193912,10.950040282308851,10.103960748575787,9.372921210941254,9.469624740353018,9.372921210941254,0.34282665935793893,-8.06412819759558,-5.734041511578347,-2.864465114852388,2.783835279116431,6.020518964099286,6.909064297162426,position_history,209,veteran_with_history,v2_next_year_beta_20260828T213408Z_741eb3cf,milestone_3_20260828T210736Z_903d8f44,v2_next_year_expert_residual_v1,beta,6a9a803feee65cd1bd54f3b013594fb56a3c5c3eb6f65caf5c7e61ffee7bb0e6,shadow
360b8717-16a5-5e65-bbfa-7f7cd8553dde,00-0040735,Luther Burden III,2026,2027,WR,CHI,confirmed,10.335294117647058,,,,0,0,target_incomplete,0.0,1.0,1,7.0,48.347134999999994,0.9545765221382562,0.9902110410501923,0.561305717008435,-0.7491497962347773,0.5152336812755512,1.6282505450092744,0.3129820786732822,0.02635532123801872,10.335294117647058,11.963544662656332,9.58614432141228,10.64827619632034,10.85052779892261,10.361649438885076,0.02635532123801872,10.361649438885076,0.9545765221382562,-5.290117666656729,-4.500130273045835,-2.703400287276647,1.85750718837489,4.640355612959511,5.846307043900342,position_history,246,second_year,v2_next_year_beta_20260828T213408Z_741eb3cf,milestone_3_20260828T210736Z_903d8f44,v2_next_year_expert_residual_v1,beta,6a9a803feee65cd1bd54f3b013594fb56a3c5c3eb6f65caf5c7e61ffee7bb0e6,shadow
365679ea-18f0-5f48-bfa0-2f5b61050a92,00-0039894,Xavier Worthy,2026,2027,WR,KC,confirmed,8.200978412256271,,,,0,0,target_incomplete,0.0,2.0,1,7.0,126.09139,0.940539926925025,0.9778857360805528,0.561304531171307,0.37405393470115667,-0.2181953697064238,1.1528823356726514,-0.416736996836843,-0.08695947728070337,8.200978412256271,9.353860747928923,8.575032346957428,7.784241415419428,7.982783042549848,8.114018934975567,-0.08695947728070337,8.114018934975567,0.940539926925025,-5.174675104176586,-4.132551138216551,-2.349516433734719,1.7104468853139558,3.790706964546365,5.521261715174053,position_history,879,veteran_with_history,v2_next_year_beta_20260828T213408Z_741eb3cf,milestone_3_20260828T210736Z_903d8f44,v2_next_year_expert_residual_v1,beta,6a9a803feee65cd1bd54f3b013594fb56a3c5c3eb6f65caf5c7e61ffee7bb0e6,shadow
36574684-e541-548a-8211-87f865b7cb40,00-0038476,Tommy DeVito,2026,2027,QB,NE,confirmed,0.8846988235294118,,,,0,0,target_incomplete,0.0,3.0,1,4.0,304.215,0.39821775410442095,0.3946740884894771,0.4649623649904308,6.507070998312486,9.952840990949289,3.1546501294267837,11.463055004087868,9.307655664449882,0.8846988235294118,4.039348952956195,7.391769821841898,12.34775382761728,10.837539814478701,10.192354487979294,9.307655664449882,10.192354487979294,0.39821775410442095,-8.06412819759558,-5.734041511578347,-2.864465114852388,2.783835279116431,6.020518964099286,6.909064297162426,position_history,209,veteran_with_history,v2_next_year_beta_20260828T213408Z_741eb3cf,milestone_3_20260828T210736Z_903d8f44,v2_next_year_expert_residual_v1,beta,6a9a803feee65cd1bd54f3b013594fb56a3c5c3eb6f65caf5c7e61ffee7bb0e6,shadow
366e3f43-dfe4-5527-8297-5c9004492763,00-0035250,Devin Singletary,2026,2027,RB,NYG,confirmed,1.6411764705882352,,,,0,0,target_incomplete,0.0,7.0,1,6.0,315.76750000000004,0.6675736369701931,0.7641681352210741,0.5443934450622839,1.5486857658784334,2.1017188476383843,-0.681281550565376,1.8098978858106975,1.8201008331091717,1.6411764705882352,0.9598949200228593,3.1898622364666687,3.451074356398933,3.7428953182266196,3.4612773036974067,1.8201008331091717,3.4612773036974067,0.6675736369701931,-5.775864899111019,-4.643358820238846,-2.737069962073368,1.761662089777431,5.120078841022579,6.865731939366032,position_history,561,veteran_with_history,v2_next_year_beta_20260828T213408Z_741eb3cf,milestone_3_20260828T210736Z_903d8f44,v2_next_year_expert_residual_v1,beta,6a9a803feee65cd1bd54f3b013594fb56a3c5c3eb6f65caf5c7e61ffee7bb0e6,shadow
367ecb02-b7bc-57f9-b01f-8febdef8a118,00-0037801,KaVontae Turpin,2026,2027,WR,DAL,confirmed,3.585915032679741,,,,0,0,target_incomplete,0.0,4.0,1,7.0,321.54,0.6720475887570507,0.8408142484665856,0.5809258307011029,-0.3015403833555923,0.7965011004706577,0.36463526135546426,1.432252071771733,0.6424042629622662,3.585915032679741,3.9505502940352053,3.284374649324149,5.018167104451474,4.382416133150398,4.228319295642008,0.6424042629622662,4.228319295642008,0.6720475887570507,-5.174675104176586,-4.132551138216551,-2.349516433734719,1.7104468853139558,3.790706964546365,5.521261715174053,position_history,879,veteran_with_history,v2_next_year_beta_20260828T213408Z_741eb3cf,milestone_3_20260828T210736Z_903d8f44,v2_next_year_expert_residual_v1,beta,6a9a803feee65cd1bd54f3b013594fb56a3c5c3eb6f65caf5c7e61ffee7bb0e6,shadow
369c68b6-110b-5de9-be62-ccf0f556c31a,00-0039811,MarShawn Lloyd,2026,2027,RB,GB,confirmed,5.288235294117648,,,,0,0,target_incomplete,0.0,2.0,1,7.0,150.77168,0.8258809199632924,0.8918143844001386,0.6357540079168625,0.763840464500715,0.6210707257956031,0.5942195570070535,0.704277145899882,0.6963961120654001,5.288235294117648,5.8824548511247015,6.052075758618363,5.99251244001753,5.9093060199132506,5.984631406183048,0.6963961120654001,5.984631406183048,0.8258809199632924,-5.775864899111019,-4.643358820238846,-2.737069962073368,1.761662089777431,5.120078841022579,6.865731939366032,position_history,561,veteran_with_history,v2_next_year_beta_20260828T213408Z_741eb3cf,milestone_3_20260828T210736Z_903d8f44,v2_next_year_expert_residual_v1,beta,6a9a803feee65cd1bd54f3b013594fb56a3c5c3eb6f65caf5c7e61ffee7bb0e6,shadow
36a4c118-c53e-56c8-9b5c-714b4f3b97fe,00-0041312,Noah Whittington,2026,2027,RB,HOU,confirmed,0.7588235294117648,,,,0,0,target_incomplete,1.0,0.0,0,1.0,,0.46647035362198236,0.4088013712428177,0.6553958879420866,3.113912346480495,2.438562909185485,2.8830872316241134,2.5515729293675307,2.7013493950111704,0.7588235294117648,3.641910761035878,3.8727358758922596,3.3103964587792953,3.1973864385972495,3.460172924422935,2.7013493950111704,3.460172924422935,0.46647035362198236,-5.275047966924827,-4.3298006659425265,-2.5364531139387987,2.612371761579932,6.381973266338156,8.832194594599148,position_history,178,rookie,v2_next_year_beta_20260828T213408Z_741eb3cf,milestone_3_20260828T210736Z_903d8f44,v2_next_year_expert_residual_v1,beta,6a9a803feee65cd1bd54f3b013594fb56a3c5c3eb6f65caf5c7e61ffee7bb0e6,shadow
375637d6-08a3-5da3-8ff3-185ac9e76949,00-0036768,JaQuan Hardy,2026,2027,RB,,confirmed,,,,,0,0,target_incomplete,0.0,5.0,1,,350.0,0.32431676258324854,0.24940616107536226,0.5951913648732261,,,,,,,,,,,,,,0.32431676258324854,-5.775864899111019,-4.643358820238846,-2.737069962073368,1.761662089777431,5.120078841022579,6.865731939366032,position_history,561,veteran_with_history,v2_next_year_beta_20260828T213408Z_741eb3cf,milestone_3_20260828T210736Z_903d8f44,v2_next_year_expert_residual_v1,beta,6a9a803feee65cd1bd54f3b013594fb56a3c5c3eb6f65caf5c7e61ffee7bb0e6,shadow
37c42c89-2388-51fd-8e1c-a7f6340b5cd4,00-0038632,Colton Dowell,2026,2027,WR,,confirmed,,,,,0,0,target_incomplete,0.0,3.0,1,,367.0,0.2630965048501814,0.2912579181222334,0.561304531171307,,,,,,,,,,,,,,0.2630965048501814,-5.174675104176586,-4.132551138216551,-2.349516433734719,1.7104468853139558,3.790706964546365,5.521261715174053,position_history,879,veteran_with_history,v2_next_year_beta_20260828T213408Z_741eb3cf,milestone_3_20260828T210736Z_903d8f44,v2_next_year_expert_residual_v1,beta,6a9a803feee65cd1bd54f3b013594fb56a3c5c3eb6f65caf5c7e61ffee7bb0e6,shadow
380d2c7d-99ef-5ddc-a057-fab93f1480ba,00-0030564,DeAndre Hopkins,2026,2027,WR,,confirmed,,,,,0,0,target_incomplete,0.0,13.0,1,,272.9,0.24308802809518845,0.21459620480716937,0.41694036868057527,,,,,,,,,,,,,,0.24308802809518845,-5.174675104176586,-4.132551138216551,-2.349516433734719,1.7104468853139558,3.790706964546365,5.521261715174053,position_history,879,veteran_with_history,v2_next_year_beta_20260828T213408Z_741eb3cf,milestone_3_20260828T210736Z_903d8f44,v2_next_year_expert_residual_v1,beta,6a9a803feee65cd1bd54f3b013594fb56a3c5c3eb6f65caf5c7e61ffee7bb0e6,shadow
38e3ae60-9300-500c-8036-46d77358cd97,00-0041149,Haynes King,2026,2027,QB,CAR,confirmed,,,,,0,0,target_incomplete,1.0,0.0,0,,317.015,0.39552938449543,0.4544719325983666,0.44978202947919904,,,,,,,,,,,,,,0.39552938449543,-8.45552130817761,-6.586595987192735,-2.9812738228535967,2.974665977858852,6.51934127264136,8.784757686121404,position,274,rookie,v2_next_year_beta_20260828T213408Z_741eb3cf,milestone_3_20260828T210736Z_903d8f44,v2_next_year_expert_residual_v1,beta,6a9a803feee65cd1bd54f3b013594fb56a3c5c3eb6f65caf5c7e61ffee7bb0e6,shadow
38fe3416-16cf-584a-ad1f-a4234594f6cb,00-0040081,Jake Briningstool,2026,2027,TE,KC,confirmed,0.12352941176470589,,,,0,0,target_incomplete,0.0,1.0,0,1.0,,0.35559760457863265,0.43880586999328014,0.608365821078233,3.0337189959230795,2.6537837464525884,1.565974887778895,2.664656200614472,2.7840529809967136,0.12352941176470589,1.689504299543601,3.1572484076877854,2.788185612379178,2.7773131582172943,2.9075823927614195,2.7840529809967136,2.9075823927614195,0.35559760457863265,-3.6339700144720632,-2.951290805531581,-2.182514704742995,0.5014646262834015,2.7463026739883363,3.934592956869509,position_history,129,second_year,v2_next_year_beta_20260828T213408Z_741eb3cf,milestone_3_20260828T210736Z_903d8f44,v2_next_year_expert_residual_v1,beta,6a9a803feee65cd1bd54f3b013594fb56a3c5c3eb6f65caf5c7e61ffee7bb0e6,shadow
396ffeda-b2c2-50d1-ba47-52a2776b9e1c,00-0041125,Seth McGowan,2026,2027,RB,IND,confirmed,2.176470588235294,,,,0,0,target_incomplete,1.0,0.0,0,7.0,282.555,0.5498924149781946,0.8580917924972503,0.6553958879420866,2.743555836702969,1.8748477936046315,2.8830872316241134,2.1985634958335405,2.2723223753803805,2.176470588235294,5.059557819859407,4.920026424938262,4.375034084068835,4.051318381839925,4.4487929636156744,2.2723223753803805,4.4487929636156744,0.5498924149781946,-5.275047966924827,-4.3298006659425265,-2.5364531139387987,2.612371761579932,6.381973266338156,8.832194594599148,position_history,178,rookie,v2_next_year_beta_20260828T213408Z_741eb3cf,milestone_3_20260828T210736Z_903d8f44,v2_next_year_expert_residual_v1,beta,6a9a803feee65cd1bd54f3b013594fb56a3c5c3eb6f65caf5c7e61ffee7bb0e6,shadow
399f7c0a-f537-53b1-826c-cec23035d733,00-0035640,DK Metcalf,2026,2027,WR,PIT,confirmed,9.60994117647059,,,,0,0,target_incomplete,0.0,7.0,1,7.0,80.248775,0.9281596027156856,0.9508737312270513,0.5494986889348197,-0.7975623895838133,-1.1373582687693329,-0.3337587311176249,-1.3919121604093243,-1.1089442729208236,9.60994117647059,9.276182445352966,8.812378786886777,8.218029016061266,8.472582907701257,8.500996903549767,-1.1089442729208236,8.500996903549767,0.9281596027156856,-5.174675104176586,-4.132551138216551,-2.349516433734719,1.7104468853139558,3.790706964546365,5.521261715174053,position_history,879,veteran_with_history,v2_next_year_beta_20260828T213408Z_741eb3cf,milestone_3_20260828T210736Z_903d8f44,v2_next_year_expert_residual_v1,beta,6a9a803feee65cd1bd54f3b013594fb56a3c5c3eb6f65caf5c7e61ffee7bb0e6,shadow
39fe9091-68fb-59a6-b3d6-1613f8eb2194,00-0037475,Stone Smartt,2026,2027,TE,PHI,confirmed,,,,,0,0,target_incomplete,0.0,4.0,1,1.0,,0.2425958024616796,0.19356225134390614,0.5754647011414279,,,,,,,,,,,,,,0.2425958024616796,-3.2358565481832877,-2.66710551537136,-1.8857939720040764,1.062470480921867,3.115963575900585,4.606394156586925,position_history,517,veteran_with_history,v2_next_year_beta_20260828T213408Z_741eb3cf,milestone_3_20260828T210736Z_903d8f44,v2_next_year_expert_residual_v1,beta,6a9a803feee65cd1bd54f3b013594fb56a3c5c3eb6f65caf5c7e61ffee7bb0e6,shadow
3a048c38-cc5d-5768-8d0f-61679819ecf5,00-0036679,Shane Buechele,2026,2027,QB,BUF,confirmed,,,,,0,0,target_incomplete,0.0,5.0,0,2.0,,0.163782674771366,0.15139426589524452,0.48962908340472044,,,,,,,,,,,,,,0.163782674771366,-8.45552130817761,-6.586595987192735,-2.9812738228535967,2.974665977858852,6.51934127264136,8.784757686121404,position,274,other_no_history,v2_next_year_beta_20260828T213408Z_741eb3cf,milestone_3_20260828T210736Z_903d8f44,v2_next_year_expert_residual_v1,beta,6a9a803feee65cd1bd54f3b013594fb56a3c5c3eb6f65caf5c7e61ffee7bb0e6,shadow
3a162382-6d7d-5f57-82fa-0dd84728407a,00-0040164,Jaylin Lane,2026,2027,WR,WAS,confirmed,1.1293035608892392,,,,0,0,target_incomplete,0.0,1.0,1,6.0,329.87,0.7468897483677389,0.8623246604228165,0.561305717008435,1.9993559463137855,2.234918697989414,1.6282505450092744,2.29765885957059,2.17731116795793,1.1293035608892392,2.757554105898514,3.1286595072030248,3.4269624204598292,3.364222258878653,3.306614728847169,2.17731116795793,3.306614728847169,0.7468897483677389,-5.290117666656729,-4.500130273045835,-2.703400287276647,1.85750718837489,4.640355612959511,5.846307043900342,position_history,246,second_year,v2_next_year_beta_20260828T213408Z_741eb3cf,milestone_3_20260828T210736Z_903d8f44,v2_next_year_expert_residual_v1,beta,6a9a803feee65cd1bd54f3b013594fb56a3c5c3eb6f65caf5c7e61ffee7bb0e6,shadow
3aaab1cd-b856-53ea-baf3-540aacf818fa,,Matt Colburn,2026,2027,RB,,provisional,,,,,0,0,target_incomplete,,,0,,345.0,0.4698826356218612,2.875461051613382e-05,0.6090448367141896,,,,,,,,,,,,,,0.4698826356218612,-5.658583028392476,-4.443360307688951,-2.67308436298355,2.1764076375313834,5.727661803559764,7.457871538403787,position,918,unknown_experience,v2_next_year_beta_20260828T213408Z_741eb3cf,milestone_3_20260828T210736Z_903d8f44,v2_next_year_expert_residual_v1,beta,6a9a803feee65cd1bd54f3b013594fb56a3c5c3eb6f65caf5c7e61ffee7bb0e6,shadow
3ac59774-bdb7-5211-8556-9b5668519ae4,00-0038930,Carlos Washington,2026,2027,RB,,confirmed,1.3470588235294116,,,,0,0,target_incomplete,0.0,3.0,0,1.0,361.0,0.4514342747331205,0.30343308024624766,0.6357540079168625,0.9911680810893582,1.2250507754367228,0.5942195570070535,1.4866564495165693,1.2342917686808834,1.3470588235294116,1.941278380536465,2.33822690461877,2.833715273045981,2.5721095989661347,2.581350592210295,1.2342917686808834,2.581350592210295,0.4514342747331205,-5.658583028392476,-4.443360307688951,-2.67308436298355,2.1764076375313834,5.727661803559764,7.457871538403787,position,918,other_no_history,v2_next_year_beta_20260828T213408Z_741eb3cf,milestone_3_20260828T210736Z_903d8f44,v2_next_year_expert_residual_v1,beta,6a9a803feee65cd1bd54f3b013594fb56a3c5c3eb6f65caf5c7e61ffee7bb0e6,shadow
3b4bc94c-3a48-5ec8-98d9-7ab28a02dc05,00-0036875,Rhamondre Stevenson,2026,2027,RB,NE,confirmed,10.838231197771586,,,,0,0,target_incomplete,0.0,5.0,1,7.0,68.6,0.9357805562125112,0.9713442100917841,0.5951913648732261,-1.7462009455999938,-2.0255043933211594,-0.13301155778163867,-2.3152755875147077,-2.028993642145287,10.838231197771586,10.705219639989947,9.092030252171593,8.52295561025688,8.812726804450428,8.8092375556263,-2.028993642145287,8.8092375556263,0.9357805562125112,-5.775864899111019,-4.643358820238846,-2.737069962073368,1.761662089777431,5.120078841022579,6.865731939366032,position_history,561,veteran_with_history,v2_next_year_beta_20260828T213408Z_741eb3cf,milestone_3_20260828T210736Z_903d8f44,v2_next_year_expert_residual_v1,beta,6a9a803feee65cd1bd54f3b013594fb56a3c5c3eb6f65caf5c7e61ffee7bb0e6,shadow
3c566098-de1d-512b-a9e3-b44004718f53,00-0036145,Lawrence Cager,2026,2027,TE,WAS,confirmed,0.0,,,,0,0,target_incomplete,0.0,6.0,1,1.0,,0.13590525529098532,0.3858241218523541,0.5754647011414279,2.466868033821485,2.0500927954896557,0.6249159376606653,2.2841657193843226,2.267042182898488,0.0,0.6249159376606653,2.466868033821485,2.2841657193843226,2.0500927954896557,2.267042182898488,2.267042182898488,2.267042182898488,0.13590525529098532,-3.2358565481832877,-2.66710551537136,-1.8857939720040764,1.062470480921867,3.115963575900585,4.606394156586925,position_history,517,veteran_with_history,v2_next_year_beta_20260828T213408Z_741eb3cf,milestone_3_20260828T210736Z_903d8f44,v2_next_year_expert_residual_v1,beta,6a9a803feee65cd1bd54f3b013594fb56a3c5c3eb6f65caf5c7e61ffee7bb0e6,shadow
3c58072a-0321-530d-a584-ee0ef902d169,00-0040009,Savion Williams,2026,2027,WR,GB,confirmed,2.2923529411764707,,,,0,0,target_incomplete,0.0,1.0,1,7.0,317.405,0.7832747947772457,0.9018501661398824,0.561305717008435,1.0665817861131057,1.736801023442945,1.6282505450092744,1.8587056858048803,1.5540294984536436,2.2923529411764707,3.920603486185745,3.3589347272895766,4.151058626981351,4.029153964619415,3.8463824396301143,1.5540294984536436,3.8463824396301143,0.7832747947772457,-5.290117666656729,-4.500130273045835,-2.703400287276647,1.85750718837489,4.640355612959511,5.846307043900342,position_history,246,second_year,v2_next_year_beta_20260828T213408Z_741eb3cf,milestone_3_20260828T210736Z_903d8f44,v2_next_year_expert_residual_v1,beta,6a9a803feee65cd1bd54f3b013594fb56a3c5c3eb6f65caf5c7e61ffee7bb0e6,shadow
3d4429a7-6a56-5305-a02d-336b9888c6bb,00-0041013,Emmett Johnson,2026,2027,RB,KC,confirmed,2.7557058823529412,,,,0,0,target_incomplete,1.0,0.0,0,7.0,186.298665,0.8330022401729615,0.9024769949236242,0.6553958879420866,3.154046687225841,2.7912548248266402,2.8830872316241134,2.851675710818786,2.9323257409570886,2.7557058823529412,5.638793113977055,5.909752569578782,5.607381593171727,5.546960707179581,5.68803162331003,2.9323257409570886,5.68803162331003,0.8330022401729615,-5.275047966924827,-4.3298006659425265,-2.5364531139387987,2.612371761579932,6.381973266338156,8.832194594599148,position_history,178,rookie,v2_next_year_beta_20260828T213408Z_741eb3cf,milestone_3_20260828T210736Z_903d8f44,v2_next_year_expert_residual_v1,beta,6a9a803feee65cd1bd54f3b013594fb56a3c5c3eb6f65caf5c7e61ffee7bb0e6,shadow
3d560257-6542-53f5-adb6-1da4a1252887,00-0035045,D.J. Montgomery,2026,2027,WR,,confirmed,,,,,0,0,target_incomplete,0.0,7.0,1,,374.0,0.23989671390762174,0.22528601992138908,0.5494986889348197,,,,,,,,,,,,,,0.23989671390762174,-5.174675104176586,-4.132551138216551,-2.349516433734719,1.7104468853139558,3.790706964546365,5.521261715174053,position_history,879,veteran_with_history,v2_next_year_beta_20260828T213408Z_741eb3cf,milestone_3_20260828T210736Z_903d8f44,v2_next_year_expert_residual_v1,beta,6a9a803feee65cd1bd54f3b013594fb56a3c5c3eb6f65caf5c7e61ffee7bb0e6,shadow
3d7aecfa-c5f6-50ab-abb6-98bfdea74d3b,00-0040189,Oronde Gadsden II,2026,2027,TE,LAC,confirmed,4.670588235294118,,,,0,0,target_incomplete,0.0,1.0,1,7.0,165.37338499999998,0.9268032519497663,0.9661037839328986,0.608365821078233,1.7742231848636059,1.6605958921979858,1.565974887778895,1.4717836904163037,1.635534255825965,4.670588235294118,6.236563123073013,6.444811420157723,6.142371925710422,6.3311841274921035,6.306122491120083,1.635534255825965,6.306122491120083,0.9268032519497663,-3.6339700144720632,-2.951290805531581,-2.182514704742995,0.5014646262834015,2.7463026739883363,3.934592956869509,position_history,129,second_year,v2_next_year_beta_20260828T213408Z_741eb3cf,milestone_3_20260828T210736Z_903d8f44,v2_next_year_expert_residual_v1,beta,6a9a803feee65cd1bd54f3b013594fb56a3c5c3eb6f65caf5c7e61ffee7bb0e6,shadow
3d9dd7dc-b646-5af6-8a50-cb31a1d2a598,00-0036355,Justin Herbert,2026,2027,QB,LAC,confirmed,16.31576470588235,,,,0,0,target_incomplete,0.0,6.0,1,7.0,85.140178,0.966307883609121,0.9902695407111752,0.48962908340472044,1.2820010504585753,-0.23665494081178728,3.309060099871514,-0.4074295248741191,0.21263886159088963,16.31576470588235,19.624824805753864,17.597765756340927,15.908335181008232,16.079109765070562,16.52840356747324,0.21263886159088963,16.52840356747324,0.966307883609121,-8.06412819759558,-5.734041511578347,-2.864465114852388,2.783835279116431,6.020518964099286,6.909064297162426,position_history,209,veteran_with_history,v2_next_year_beta_20260828T213408Z_741eb3cf,milestone_3_20260828T210736Z_903d8f44,v2_next_year_expert_residual_v1,beta,6a9a803feee65cd1bd54f3b013594fb56a3c5c3eb6f65caf5c7e61ffee7bb0e6,shadow
3dc9d722-423c-528e-96a3-47dedd1d9dcb,,Scotty Miller,2026,2027,WR,,provisional,,,,,0,0,target_incomplete,,,0,,462.0,0.42287298324131356,2.7928150122397607e-05,0.5634284548288704,,,,,,,,,,,,,,0.42287298324131356,-5.247028493584627,-4.168147262586337,-2.4882348181433445,1.7215690384925635,4.092107755797534,5.673306043718701,position,1398,unknown_experience,v2_next_year_beta_20260828T213408Z_741eb3cf,milestone_3_20260828T210736Z_903d8f44,v2_next_year_expert_residual_v1,beta,6a9a803feee65cd1bd54f3b013594fb56a3c5c3eb6f65caf5c7e61ffee7bb0e6,shadow
3e3df6e1-701c-5127-9fe0-75e945b197ff,00-0036741,Jack Stoll,2026,2027,TE,CLE,confirmed,0.37941176470588234,,,,0,0,target_incomplete,0.0,5.0,1,2.0,,0.4331456765908582,0.3691188149522496,0.5754647011414279,1.8162482281740582,2.0116574842549264,0.6249159376606653,2.2285043102972732,2.0188033409087525,0.37941176470588234,1.0043277023665476,2.1956599928799405,2.6079160750031556,2.3910692489608087,2.398215105614635,2.0188033409087525,2.398215105614635,0.4331456765908582,-3.2358565481832877,-2.66710551537136,-1.8857939720040764,1.062470480921867,3.115963575900585,4.606394156586925,position_history,517,veteran_with_history,v2_next_year_beta_20260828T213408Z_741eb3cf,milestone_3_20260828T210736Z_903d8f44,v2_next_year_expert_residual_v1,beta,6a9a803feee65cd1bd54f3b013594fb56a3c5c3eb6f65caf5c7e61ffee7bb0e6,shadow
3ee0adca-5ab8-503d-a484-3f8dd438cb75,00-0041123,Behren Morton,2026,2027,QB,NE,confirmed,,,,,0,0,target_incomplete,1.0,0.0,0,1.0,,0.14499461539253183,0.3188989498656182,0.44978202947919904,,,,,,,,,,,,,,0.14499461539253183,-8.45552130817761,-6.586595987192735,-2.9812738228535967,2.974665977858852,6.51934127264136,8.784757686121404,position,274,rookie,v2_next_year_beta_20260828T213408Z_741eb3cf,milestone_3_20260828T210736Z_903d8f44,v2_next_year_expert_residual_v1,beta,6a9a803feee65cd1bd54f3b013594fb56a3c5c3eb6f65caf5c7e61ffee7bb0e6,shadow
3f0b675d-ef58-5606-8f9e-73bc2a9b4118,00-0033923,Kareem Hunt,2026,2027,RB,KC,confirmed,,,,,0,0,target_incomplete,0.0,9.0,1,1.0,323.84749999999997,0.43510092535189043,0.3117544298257194,0.5443934450622839,,,,,,,,,,,,,,0.43510092535189043,-5.775864899111019,-4.643358820238846,-2.737069962073368,1.761662089777431,5.120078841022579,6.865731939366032,position_history,561,veteran_with_history,v2_next_year_beta_20260828T213408Z_741eb3cf,milestone_3_20260828T210736Z_903d8f44,v2_next_year_expert_residual_v1,beta,6a9a803feee65cd1bd54f3b013594fb56a3c5c3eb6f65caf5c7e61ffee7bb0e6,shadow
3f113f57-6733-5e89-b03c-156c4a78ae10,00-0038394,Will Mallory,2026,2027,TE,IND,confirmed,0.9303140192662434,,,,0,0,target_incomplete,0.0,3.0,1,4.0,229.7955,0.677392969064593,0.7812723734311448,0.5866373331518034,3.1714715775971767,2.8015109710192942,0.9813959523087957,2.549660431880217,2.840880993498896,0.9303140192662434,1.9117099715750392,4.1017855968634205,3.4799744511464605,3.7318249902855376,3.7711950127651392,2.840880993498896,3.7711950127651392,0.677392969064593,-3.2358565481832877,-2.66710551537136,-1.8857939720040764,1.062470480921867,3.115963575900585,4.606394156586925,position_history,517,veteran_with_history,v2_next_year_beta_20260828T213408Z_741eb3cf,milestone_3_20260828T210736Z_903d8f44,v2_next_year_expert_residual_v1,beta,6a9a803feee65cd1bd54f3b013594fb56a3c5c3eb6f65caf5c7e61ffee7bb0e6,shadow
3f38e21b-7f9c-55e0-bad4-b3c23976cc5f,00-0040498,Dontae Fleming,2026,2027,WR,MIN,confirmed,0.023529411764705882,,,,0,0,target_incomplete,0.0,1.0,0,1.0,,0.2603552717324009,0.36921968051132575,0.561305717008435,3.1161399554421028,2.4580320133482343,1.6282505450092744,2.573389561879759,2.715853843556699,0.023529411764705882,1.6517799567739802,3.1396693672068086,2.5969189736444647,2.48156142511294,2.7393832553214046,2.715853843556699,2.7393832553214046,0.2603552717324009,-5.290117666656729,-4.500130273045835,-2.703400287276647,1.85750718837489,4.640355612959511,5.846307043900342,position_history,246,second_year,v2_next_year_beta_20260828T213408Z_741eb3cf,milestone_3_20260828T210736Z_903d8f44,v2_next_year_expert_residual_v1,beta,6a9a803feee65cd1bd54f3b013594fb56a3c5c3eb6f65caf5c7e61ffee7bb0e6,shadow
3f62bef9-831d-53b7-a0aa-5a781fbe2151,00-0038573,Derius Davis,2026,2027,WR,LAC,confirmed,0.5564705882352942,,,,0,0,target_incomplete,0.0,3.0,1,5.0,,0.501653906326132,0.5948950790797618,0.561304531171307,2.3904879421171934,2.1743052469841992,1.1528823356726514,2.344099402438118,2.3029641971798367,0.5564705882352942,1.7093529239079457,2.9469585303524877,2.900569990673412,2.7307758352194935,2.859434785415131,2.3029641971798367,2.859434785415131,0.501653906326132,-5.174675104176586,-4.132551138216551,-2.349516433734719,1.7104468853139558,3.790706964546365,5.521261715174053,position_history,879,veteran_with_history,v2_next_year_beta_20260828T213408Z_741eb3cf,milestone_3_20260828T210736Z_903d8f44,v2_next_year_expert_residual_v1,beta,6a9a803feee65cd1bd54f3b013594fb56a3c5c3eb6f65caf5c7e61ffee7bb0e6,shadow
3f84e8f1-fa59-519f-8069-0885da369954,00-0040704,Dillon Gabriel,2026,2027,QB,CLE,confirmed,,,,,0,0,target_incomplete,0.0,1.0,1,2.0,491.0,0.4799796862369325,0.675808576857017,0.41318674656565685,,,,,,,,,,,,,,0.4799796862369325,-8.45552130817761,-6.586595987192735,-2.9812738228535967,2.974665977858852,6.51934127264136,8.784757686121404,position,274,second_year,v2_next_year_beta_20260828T213408Z_741eb3cf,milestone_3_20260828T210736Z_903d8f44,v2_next_year_expert_residual_v1,beta,6a9a803feee65cd1bd54f3b013594fb56a3c5c3eb6f65caf5c7e61ffee7bb0e6,shadow
3fa89aa9-d289-50a3-9210-77e92dbfee57,00-0031235,Odell Beckham Jr.,2026,2027,WR,NYG,confirmed,0.8630533149714735,,,,0,0,target_incomplete,0.0,12.0,1,4.0,260.642025,0.27760968016685167,0.3280297293114835,0.41694036868057527,2.7256970930380406,4.1355964982495514,-1.0843664097150907,4.376876068339892,3.7460565532091614,0.8630533149714735,0.0,3.5887504080095143,5.239929383311366,4.998649813221025,4.609109868180635,3.7460565532091614,4.609109868180635,0.27760968016685167,-5.174675104176586,-4.132551138216551,-2.349516433734719,1.7104468853139558,3.790706964546365,5.521261715174053,position_history,879,veteran_with_history,v2_next_year_beta_20260828T213408Z_741eb3cf,milestone_3_20260828T210736Z_903d8f44,v2_next_year_expert_residual_v1,beta,6a9a803feee65cd1bd54f3b013594fb56a3c5c3eb6f65caf5c7e61ffee7bb0e6,shadow
4089bc1b-e7af-5c82-9d6f-27e80a7cd76e,,Ben Bryant,2026,2027,QB,,provisional,,,,,0,0,target_incomplete,,,0,,394.0,0.4047034901281793,2.6322146967062204e-05,0.4737322160117323,,,,,,,,,,,,,,0.4047034901281793,-8.45552130817761,-6.586595987192735,-2.9812738228535967,2.974665977858852,6.51934127264136,8.784757686121404,position,274,unknown_experience,v2_next_year_beta_20260828T213408Z_741eb3cf,milestone_3_20260828T210736Z_903d8f44,v2_next_year_expert_residual_v1,beta,6a9a803feee65cd1bd54f3b013594fb56a3c5c3eb6f65caf5c7e61ffee7bb0e6,shadow
40b3e497-077d-5b14-8c09-33197471ef29,00-0033460,John Ross,2026,2027,WR,,confirmed,,,,,0,0,target_incomplete,0.0,9.0,1,,320.0,0.206967418030223,0.30812881186480295,0.5494986889348197,,,,,,,,,,,,,,0.206967418030223,-5.174675104176586,-4.132551138216551,-2.349516433734719,1.7104468853139558,3.790706964546365,5.521261715174053,position_history,879,veteran_with_history,v2_next_year_beta_20260828T213408Z_741eb3cf,milestone_3_20260828T210736Z_903d8f44,v2_next_year_expert_residual_v1,beta,6a9a803feee65cd1bd54f3b013594fb56a3c5c3eb6f65caf5c7e61ffee7bb0e6,shadow
4303b4b0-9888-5467-88ff-431fa1962604,00-0039075,Puka Nacua,2026,2027,WR,LAR,confirmed,15.881764705882354,,,,0,0,target_incomplete,0.0,3.0,1,7.0,4.30659,0.968211471056592,0.9965249054376492,0.561304531171307,-1.739035637624602,-0.444025706806148,1.1528823356726514,-0.6547098511185085,-0.9459237318497529,15.881764705882354,17.034647041555004,14.142729068257752,15.227054854763846,15.437738999076206,14.935840974032601,-0.9459237318497529,14.935840974032601,0.968211471056592,-5.174675104176586,-4.132551138216551,-2.349516433734719,1.7104468853139558,3.790706964546365,5.521261715174053,position_history,879,veteran_with_history,v2_next_year_beta_20260828T213408Z_741eb3cf,milestone_3_20260828T210736Z_903d8f44,v2_next_year_expert_residual_v1,beta,6a9a803feee65cd1bd54f3b013594fb56a3c5c3eb6f65caf5c7e61ffee7bb0e6,shadow
4392c0e1-b8dd-5cf8-8b4f-2529586bd71a,00-0031544,Amari Cooper,2026,2027,WR,,confirmed,,,,,0,0,target_incomplete,0.0,11.0,1,,391.0,0.11143549879287439,0.14770179269383651,0.41694036868057527,,,,,,,,,,,,,,0.11143549879287439,-5.174675104176586,-4.132551138216551,-2.349516433734719,1.7104468853139558,3.790706964546365,5.521261715174053,position_history,879,veteran_with_history,v2_next_year_beta_20260828T213408Z_741eb3cf,milestone_3_20260828T210736Z_903d8f44,v2_next_year_expert_residual_v1,beta,6a9a803feee65cd1bd54f3b013594fb56a3c5c3eb6f65caf5c7e61ffee7bb0e6,shadow
43a2fa45-f095-5a7f-9a66-e17943909def,00-0041094,Bauer Sharp,2026,2027,TE,TB,confirmed,1.4000000000000001,,,,0,0,target_incomplete,1.0,0.0,0,3.0,430.0,0.7713762539150573,0.8197613094253835,0.6038558673610269,1.9614898137679935,1.9540917810547282,2.0843437891501377,2.1787893022978735,2.031456965706865,1.4000000000000001,3.484343789150138,3.3614898137679936,3.5787893022978734,3.3540917810547284,3.4314569657068654,2.031456965706865,3.4314569657068654,0.7713762539150573,-4.352633110913855,-3.4831286225578566,-2.493896993771685,0.469156909097479,2.047935247444171,3.443435937814943,position_history,121,rookie,v2_next_year_beta_20260828T213408Z_741eb3cf,milestone_3_20260828T210736Z_903d8f44,v2_next_year_expert_residual_v1,beta,6a9a803feee65cd1bd54f3b013594fb56a3c5c3eb6f65caf5c7e61ffee7bb0e6,shadow
43c73a03-207b-53e4-8c96-495ff4664cca,00-0037276,Ty Chandler,2026,2027,RB,NO,confirmed,0.22941176470588237,,,,0,0,target_incomplete,0.0,4.0,1,1.0,,0.23707567959122083,0.2582051228536284,0.5951913648732261,2.708538538045187,3.0317132051410027,-0.13301155778163867,2.5181629939267354,2.752804912370975,0.22941176470588237,0.0964002069242437,2.9379503027510694,2.747574758632618,3.261124969846885,2.9822166770768574,2.752804912370975,2.9822166770768574,0.23707567959122083,-5.775864899111019,-4.643358820238846,-2.737069962073368,1.761662089777431,5.120078841022579,6.865731939366032,position_history,561,veteran_with_history,v2_next_year_beta_20260828T213408Z_741eb3cf,milestone_3_20260828T210736Z_903d8f44,v2_next_year_expert_residual_v1,beta,6a9a803feee65cd1bd54f3b013594fb56a3c5c3eb6f65caf5c7e61ffee7bb0e6,shadow
444c96a9-dd23-5918-b283-37b9ce8ded40,00-0040668,Shedeur Sanders,2026,2027,QB,CLE,confirmed,5.560755366213342,,,,0,0,target_incomplete,0.0,1.0,1,7.0,251.35000000000002,0.8164703442207535,0.9418509533576491,0.41318674656565685,5.258477058447069,4.1233673148022545,2.7276617028016705,3.4517664902332017,4.2778702878275086,5.560755366213342,8.288417069015011,10.81923242466041,9.012521856446543,9.684122681015596,9.83862565404085,4.2778702878275086,9.83862565404085,0.8164703442207535,-8.45552130817761,-6.586595987192735,-2.9812738228535967,2.974665977858852,6.51934127264136,8.784757686121404,position,274,second_year,v2_next_year_beta_20260828T213408Z_741eb3cf,milestone_3_20260828T210736Z_903d8f44,v2_next_year_expert_residual_v1,beta,6a9a803feee65cd1bd54f3b013594fb56a3c5c3eb6f65caf5c7e61ffee7bb0e6,shadow
447b185a-9ecd-51f6-8921-30a0206a573c,00-0033893,Dalvin Cook,2026,2027,RB,,confirmed,,,,,0,0,target_incomplete,0.0,9.0,1,,292.0,0.2668703501280206,0.22623579681709197,0.5443934450622839,,,,,,,,,,,,,,0.2668703501280206,-5.775864899111019,-4.643358820238846,-2.737069962073368,1.761662089777431,5.120078841022579,6.865731939366032,position_history,561,veteran_with_history,v2_next_year_beta_20260828T213408Z_741eb3cf,milestone_3_20260828T210736Z_903d8f44,v2_next_year_expert_residual_v1,beta,6a9a803feee65cd1bd54f3b013594fb56a3c5c3eb6f65caf5c7e61ffee7bb0e6,shadow
45731568-2797-5a5a-a9d9-9cda1aa204f6,00-0036187,Reggie Gilliam,2026,2027,RB,NE,confirmed,0.22352941176470587,,,,0,0,target_incomplete,0.0,6.0,1,3.0,446.0,0.2689078941056442,0.31825006122943,0.5951913648732261,1.4075314117208955,2.095359677985172,-0.13301155778163867,2.280888251398791,1.927926447034953,0.22352941176470587,0.09051785398306719,1.6310608234856012,2.504417663163497,2.318889089749878,2.151455858799659,1.927926447034953,2.151455858799659,0.2689078941056442,-5.775864899111019,-4.643358820238846,-2.737069962073368,1.761662089777431,5.120078841022579,6.865731939366032,position_history,561,veteran_with_history,v2_next_year_beta_20260828T213408Z_741eb3cf,milestone_3_20260828T210736Z_903d8f44,v2_next_year_expert_residual_v1,beta,6a9a803feee65cd1bd54f3b013594fb56a3c5c3eb6f65caf5c7e61ffee7bb0e6,shadow
45dca743-6e67-53db-b87c-97668a0c08d8,00-0038120,Breece Hall,2026,2027,RB,NYJ,confirmed,13.207823529411765,,,,0,0,target_incomplete,0.0,4.0,1,7.0,34.9,0.9637180674429148,0.9924774584817441,0.5951913648732261,-1.471475069012265,-0.8274388769302731,-0.13301155778163867,-0.9167322635088822,-1.07188206981714,13.207823529411765,13.074811971630126,11.736348460399501,12.291091265902883,12.380384652481492,12.135941459594626,-1.07188206981714,12.135941459594626,0.9637180674429148,-5.775864899111019,-4.643358820238846,-2.737069962073368,1.761662089777431,5.120078841022579,6.865731939366032,position_history,561,veteran_with_history,v2_next_year_beta_20260828T213408Z_741eb3cf,milestone_3_20260828T210736Z_903d8f44,v2_next_year_expert_residual_v1,beta,6a9a803feee65cd1bd54f3b013594fb56a3c5c3eb6f65caf5c7e61ffee7bb0e6,shadow
45f247fc-a98d-582c-a699-a5b6f6c69f31,00-0040247,Junior Bergen,2026,2027,WR,,confirmed,,,,,0,0,target_incomplete,0.0,1.0,0,,291.0,0.25230347489710414,0.3639617441112981,0.561305717008435,,,,,,,,,,,,,,0.25230347489710414,-5.290117666656729,-4.500130273045835,-2.703400287276647,1.85750718837489,4.640355612959511,5.846307043900342,position_history,246,second_year,v2_next_year_beta_20260828T213408Z_741eb3cf,milestone_3_20260828T210736Z_903d8f44,v2_next_year_expert_residual_v1,beta,6a9a803feee65cd1bd54f3b013594fb56a3c5c3eb6f65caf5c7e61ffee7bb0e6,shadow
461cb2ab-2d3d-551b-9fc6-4919f5629027,00-0037228,Jaylen Warren,2026,2027,RB,PIT,confirmed,10.431410781582827,,,,0,0,target_incomplete,0.0,4.0,1,7.0,71.3,0.9481382966871076,0.9685931541838875,0.5951913648732261,-1.314587211629998,-1.9102373521474998,-0.13301155778163867,-2.0016373566190504,-1.742153973465516,10.431410781582827,10.298399223801187,9.116823569952828,8.429773424963777,8.521173429435327,8.68925680811731,-1.742153973465516,8.68925680811731,0.9481382966871076,-5.775864899111019,-4.643358820238846,-2.737069962073368,1.761662089777431,5.120078841022579,6.865731939366032,position_history,561,veteran_with_history,v2_next_year_beta_20260828T213408Z_741eb3cf,milestone_3_20260828T210736Z_903d8f44,v2_next_year_expert_residual_v1,beta,6a9a803feee65cd1bd54f3b013594fb56a3c5c3eb6f65caf5c7e61ffee7bb0e6,shadow
4620a6eb-1924-57ea-a68b-f13a65195aec,00-0036646,Simi Fehoko,2026,2027,WR,ARI,confirmed,1.2105882352941177,,,,0,0,target_incomplete,0.0,5.0,1,1.0,,0.34765039462212033,0.24279021274040596,0.5809258307011029,1.9511494779492635,1.6028682193970132,0.36463526135546426,2.073220503171675,1.8757460668393173,1.2105882352941177,1.575223496649582,3.1617377132433813,3.283808738465793,2.813456454691131,3.086334302133435,1.8757460668393173,3.086334302133435,0.34765039462212033,-5.174675104176586,-4.132551138216551,-2.349516433734719,1.7104468853139558,3.790706964546365,5.521261715174053,position_history,879,veteran_with_history,v2_next_year_beta_20260828T213408Z_741eb3cf,milestone_3_20260828T210736Z_903d8f44,v2_next_year_expert_residual_v1,beta,6a9a803feee65cd1bd54f3b013594fb56a3c5c3eb6f65caf5c7e61ffee7bb0e6,shadow
4676ac4c-4469-5112-88b3-e15f4ce3a519,00-0040244,Moliki Matavao,2026,2027,TE,NO,confirmed,0.1870264705882353,,,,0,0,target_incomplete,0.0,1.0,1,2.0,,0.42953482794894665,0.706087380316315,0.608365821078233,3.008932790950518,2.6537837464525884,1.565974887778895,2.7053534971632325,2.78935667818878,0.1870264705882353,1.7530013583671304,3.1959592615387535,2.892379967751468,2.840810217040824,2.9763831487770154,2.78935667818878,2.9763831487770154,0.42953482794894665,-3.6339700144720632,-2.951290805531581,-2.182514704742995,0.5014646262834015,2.7463026739883363,3.934592956869509,position_history,129,second_year,v2_next_year_beta_20260828T213408Z_741eb3cf,milestone_3_20260828T210736Z_903d8f44,v2_next_year_expert_residual_v1,beta,6a9a803feee65cd1bd54f3b013594fb56a3c5c3eb6f65caf5c7e61ffee7bb0e6,shadow
470bce8b-05ac-5a15-9774-e2d825f72d9e,00-0034844,Saquon Barkley,2026,2027,RB,PHI,confirmed,14.841764705882353,,,,0,0,target_incomplete,0.0,8.0,1,7.0,13.600000000000001,0.9384077380809845,0.9934682306194693,0.5443934450622839,-2.1770035453792778,-1.7285796535273277,-0.681281550565376,-2.5158125243273766,-2.140465241077994,14.841764705882353,14.160483155316976,12.664761160503076,12.325952181554976,13.113185052355025,12.70129946480436,-2.140465241077994,12.70129946480436,0.9384077380809845,-5.775864899111019,-4.643358820238846,-2.737069962073368,1.761662089777431,5.120078841022579,6.865731939366032,position_history,561,veteran_with_history,v2_next_year_beta_20260828T213408Z_741eb3cf,milestone_3_20260828T210736Z_903d8f44,v2_next_year_expert_residual_v1,beta,6a9a803feee65cd1bd54f3b013594fb56a3c5c3eb6f65caf5c7e61ffee7bb0e6,shadow
478368e9-1d81-51c1-9521-d705a1d2e055,00-0033106,Jared Goff,2026,2027,QB,DET,confirmed,16.153588235294116,,,,0,0,target_incomplete,0.0,10.0,1,7.0,103.383323,0.9392212935805159,0.981822031802342,0.5462074876103052,0.9200243718310865,0.22287295787611533,2.230624494796814,1.1504053698422223,0.7644342331831414,16.153588235294116,18.38421273009093,17.073612607125202,17.303993605136338,16.376461193170233,16.918022468477258,0.7644342331831414,16.918022468477258,0.9392212935805159,-8.06412819759558,-5.734041511578347,-2.864465114852388,2.783835279116431,6.020518964099286,6.909064297162426,position_history,209,veteran_with_history,v2_next_year_beta_20260828T213408Z_741eb3cf,milestone_3_20260828T210736Z_903d8f44,v2_next_year_expert_residual_v1,beta,6a9a803feee65cd1bd54f3b013594fb56a3c5c3eb6f65caf5c7e61ffee7bb0e6,shadow
47a8ced0-e6d2-5fa9-b6f2-b8d84500d710,00-0039814,Erick All,2026,2027,TE,CIN,confirmed,3.2599705882352943,,,,0,0,target_incomplete,0.0,2.0,1,6.0,296.3,0.7875383520363591,0.8458895054147137,0.5866373331518034,0.6936812456487131,0.9989028048916108,0.9813959523087957,1.0386639947914014,0.9104160151105751,3.2599705882352943,4.24136654054409,3.9536518338840074,4.298634583026695,4.258873393126905,4.17038660334587,0.9104160151105751,4.17038660334587,0.7875383520363591,-3.2358565481832877,-2.66710551537136,-1.8857939720040764,1.062470480921867,3.115963575900585,4.606394156586925,position_history,517,veteran_with_history,v2_next_year_beta_20260828T213408Z_741eb3cf,milestone_3_20260828T210736Z_903d8f44,v2_next_year_expert_residual_v1,beta,6a9a803feee65cd1bd54f3b013594fb56a3c5c3eb6f65caf5c7e61ffee7bb0e6,shadow
47c508de-ee91-5f11-9d62-8e2f9db32ae1,00-0030565,Geno Smith,2026,2027,QB,NYJ,confirmed,11.748823529411764,,,,0,0,target_incomplete,0.0,13.0,1,7.0,194.2225,0.7792257287946184,0.9059857998834978,0.5462074876103052,0.7338166220645963,0.5402204389873208,2.230624494796814,0.3925654363476257,0.5555341657998475,11.748823529411764,13.979448024208578,12.48264015147636,12.14138896575939,12.289043968399085,12.304357695211612,0.5555341657998475,12.304357695211612,0.7792257287946184,-8.06412819759558,-5.734041511578347,-2.864465114852388,2.783835279116431,6.020518964099286,6.909064297162426,position_history,209,veteran_with_history,v2_next_year_beta_20260828T213408Z_741eb3cf,milestone_3_20260828T210736Z_903d8f44,v2_next_year_expert_residual_v1,beta,6a9a803feee65cd1bd54f3b013594fb56a3c5c3eb6f65caf5c7e61ffee7bb0e6,shadow
47ca7c0a-64a6-5491-810c-572a9a6963ff,00-0037252,Greg Dulcich,2026,2027,TE,MIA,confirmed,6.570588235294117,,,,0,0,target_incomplete,0.0,4.0,1,7.0,202.0325,0.8263328952321906,0.9352118085104607,0.5754647011414279,-0.9365000884816945,-0.6555425699594324,0.6249159376606653,-0.8080143623157077,-0.8000190069189449,6.570588235294117,7.195504172954783,5.634088146812423,5.762573872978409,5.915045665334685,5.770569228375172,-0.8000190069189449,5.770569228375172,0.8263328952321906,-3.2358565481832877,-2.66710551537136,-1.8857939720040764,1.062470480921867,3.115963575900585,4.606394156586925,position_history,517,veteran_with_history,v2_next_year_beta_20260828T213408Z_741eb3cf,milestone_3_20260828T210736Z_903d8f44,v2_next_year_expert_residual_v1,beta,6a9a803feee65cd1bd54f3b013594fb56a3c5c3eb6f65caf5c7e61ffee7bb0e6,shadow
480fa0a0-d05f-581d-af0d-360cbb0d6dde,00-0036165,Isaiah Hodgins,2026,2027,WR,NYG,confirmed,0.6152941176470589,,,,0,0,target_incomplete,0.0,6.0,1,2.0,316.88,0.411756131215113,0.5826768206500579,0.5809258307011029,2.462995339533447,2.539575384332925,0.36463526135546426,2.5486019435358584,2.5170575558007435,0.6152941176470589,0.9799293790025232,3.0782894571805057,3.163896061182917,3.154869501979984,3.1323516734478023,2.5170575558007435,3.1323516734478023,0.411756131215113,-5.174675104176586,-4.132551138216551,-2.349516433734719,1.7104468853139558,3.790706964546365,5.521261715174053,position_history,879,veteran_with_history,v2_next_year_beta_20260828T213408Z_741eb3cf,milestone_3_20260828T210736Z_903d8f44,v2_next_year_expert_residual_v1,beta,6a9a803feee65cd1bd54f3b013594fb56a3c5c3eb6f65caf5c7e61ffee7bb0e6,shadow
483b1a83-17c8-5df0-be5f-36fb1bf215d1,00-0036670,Jermar Jefferson,2026,2027,RB,,confirmed,,,,,0,0,target_incomplete,0.0,5.0,1,,263.0,0.1817186502976333,0.36665339029348937,0.5951913648732261,,,,,,,,,,,,,,0.1817186502976333,-5.775864899111019,-4.643358820238846,-2.737069962073368,1.761662089777431,5.120078841022579,6.865731939366032,position_history,561,veteran_with_history,v2_next_year_beta_20260828T213408Z_741eb3cf,milestone_3_20260828T210736Z_903d8f44,v2_next_year_expert_residual_v1,beta,6a9a803feee65cd1bd54f3b013594fb56a3c5c3eb6f65caf5c7e61ffee7bb0e6,shadow
487433fb-f520-51c0-ab74-7da0517f7ef2,00-0040888,Adam Randall,2026,2027,RB,BAL,confirmed,2.468376470588235,,,,0,0,target_incomplete,1.0,0.0,0,6.0,302.3375,0.7984488946716027,0.8680663710706429,0.6553958879420866,2.57167079297104,2.354921763257952,2.8830872316241134,2.545846037848637,2.490812864692543,2.468376470588235,5.351463702212349,5.040047263559275,5.014222508436872,4.823298233846187,4.959189335280778,2.490812864692543,4.959189335280778,0.7984488946716027,-5.275047966924827,-4.3298006659425265,-2.5364531139387987,2.612371761579932,6.381973266338156,8.832194594599148,position_history,178,rookie,v2_next_year_beta_20260828T213408Z_741eb3cf,milestone_3_20260828T210736Z_903d8f44,v2_next_year_expert_residual_v1,beta,6a9a803feee65cd1bd54f3b013594fb56a3c5c3eb6f65caf5c7e61ffee7bb0e6,shadow
49291e8e-9988-50c0-88e3-20e46052791d,00-0040552,Joshua Simon,2026,2027,TE,ATL,confirmed,0.2705882352941177,,,,0,0,target_incomplete,0.0,1.0,0,1.0,,0.3051671904136156,0.34884266662155516,0.608365821078233,2.555338446090882,2.1344069421057044,1.565974887778895,2.3903744222983003,2.360039936831629,0.2705882352941177,1.8365631230730126,2.8259266813849995,2.660962657592418,2.404995177399822,2.6306281721257467,2.360039936831629,2.6306281721257467,0.3051671904136156,-3.6339700144720632,-2.951290805531581,-2.182514704742995,0.5014646262834015,2.7463026739883363,3.934592956869509,position_history,129,second_year,v2_next_year_beta_20260828T213408Z_741eb3cf,milestone_3_20260828T210736Z_903d8f44,v2_next_year_expert_residual_v1,beta,6a9a803feee65cd1bd54f3b013594fb56a3c5c3eb6f65caf5c7e61ffee7bb0e6,shadow
4938974a-29cd-59f7-bd42-d0e32f7f48b2,00-0038951,Sean Tucker,2026,2027,RB,TB,confirmed,2.9692184171718834,,,,0,0,target_incomplete,0.0,3.0,1,6.0,212.33997,0.8548561606841589,0.8891801841917294,0.6357540079168625,2.2628640470283425,1.8808452641397058,0.5942195570070535,1.7182588897861863,1.9539894003180782,2.9692184171718834,3.563437974178937,5.232082464200226,4.68747730695807,4.850063681311589,4.923207817489962,1.9539894003180782,4.923207817489962,0.8548561606841589,-5.775864899111019,-4.643358820238846,-2.737069962073368,1.761662089777431,5.120078841022579,6.865731939366032,position_history,561,veteran_with_history,v2_next_year_beta_20260828T213408Z_741eb3cf,milestone_3_20260828T210736Z_903d8f44,v2_next_year_expert_residual_v1,beta,6a9a803feee65cd1bd54f3b013594fb56a3c5c3eb6f65caf5c7e61ffee7bb0e6,shadow
49d0dba9-71d7-51d9-a6ff-1cb3233c2bb8,00-0039144,Luke Musgrave,2026,2027,TE,GB,confirmed,2.1876470588235297,,,,0,0,target_incomplete,0.0,3.0,1,7.0,330.515,0.8397208733289246,0.935462807575746,0.5866373331518034,1.1579832192277641,1.4458014654390627,0.9813959523087957,1.4244156375801287,1.342733440748985,2.1876470588235297,3.1690430111323256,3.345630278051294,3.612062696403658,3.6334485242625925,3.530380499572515,1.342733440748985,3.530380499572515,0.8397208733289246,-3.2358565481832877,-2.66710551537136,-1.8857939720040764,1.062470480921867,3.115963575900585,4.606394156586925,position_history,517,veteran_with_history,v2_next_year_beta_20260828T213408Z_741eb3cf,milestone_3_20260828T210736Z_903d8f44,v2_next_year_expert_residual_v1,beta,6a9a803feee65cd1bd54f3b013594fb56a3c5c3eb6f65caf5c7e61ffee7bb0e6,shadow
49dce437-30ec-5752-9739-75ed09f72042,00-0038938,Jalin Hyatt,2026,2027,WR,NYG,confirmed,,,,,0,0,target_incomplete,0.0,3.0,1,,261.475,0.5459621304060058,0.5428140622678376,0.561304531171307,,,,,,,,,,,,,,0.5459621304060058,-5.174675104176586,-4.132551138216551,-2.349516433734719,1.7104468853139558,3.790706964546365,5.521261715174053,position_history,879,veteran_with_history,v2_next_year_beta_20260828T213408Z_741eb3cf,milestone_3_20260828T210736Z_903d8f44,v2_next_year_expert_residual_v1,beta,6a9a803feee65cd1bd54f3b013594fb56a3c5c3eb6f65caf5c7e61ffee7bb0e6,shadow
4ac68f6d-7ae6-51c9-848b-437e486ab5d8,00-0036259,Jauan Jennings,2026,2027,WR,MIN,confirmed,5.647058823529412,,,,0,0,target_incomplete,0.0,6.0,1,7.0,174.64464500000003,0.6413813975842638,0.8490451865703091,0.5809258307011029,0.3804363795983101,0.20176738028120367,0.36463526135546426,-0.09527512993287422,0.1623095433155465,5.647058823529412,6.011694084884876,6.027495203127723,5.551783693596538,5.848826203810615,5.809368366844959,0.1623095433155465,5.809368366844959,0.6413813975842638,-5.174675104176586,-4.132551138216551,-2.349516433734719,1.7104468853139558,3.790706964546365,5.521261715174053,position_history,879,veteran_with_history,v2_next_year_beta_20260828T213408Z_741eb3cf,milestone_3_20260828T210736Z_903d8f44,v2_next_year_expert_residual_v1,beta,6a9a803feee65cd1bd54f3b013594fb56a3c5c3eb6f65caf5c7e61ffee7bb0e6,shadow
4ada2b23-0b77-5a29-85ae-e5e2160e60d7,00-0041081,Max Bredeson,2026,2027,RB,MIN,confirmed,0.4521176470588235,,,,0,0,target_incomplete,1.0,0.0,0,4.0,407.5,0.6409328097388395,0.7054182756837767,0.6553958879420866,2.615343337767335,2.442787061954326,2.8830872316241134,2.5387487927556194,2.5322930641590937,0.4521176470588235,3.335204878682937,3.067460984826159,2.990866439814443,2.89490470901315,2.984410711217917,2.5322930641590937,2.984410711217917,0.6409328097388395,-5.275047966924827,-4.3298006659425265,-2.5364531139387987,2.612371761579932,6.381973266338156,8.832194594599148,position_history,178,rookie,v2_next_year_beta_20260828T213408Z_741eb3cf,milestone_3_20260828T210736Z_903d8f44,v2_next_year_expert_residual_v1,beta,6a9a803feee65cd1bd54f3b013594fb56a3c5c3eb6f65caf5c7e61ffee7bb0e6,shadow
4aee5f6d-c223-5918-bca1-1d7f3572d513,00-0040584,Gunnar Helm,2026,2027,TE,TEN,confirmed,5.327058823529412,,,,0,0,target_incomplete,0.0,1.0,1,7.0,210.95749999999998,0.9426107828926564,0.9704659640643305,0.608365821078233,0.02035116668219139,0.7051128383116573,1.565974887778895,0.5186313185088413,0.4146984411675633,5.327058823529412,6.893033711308307,5.347409990211603,5.845690142038253,6.032171661841069,5.741757264696975,0.4146984411675633,5.741757264696975,0.9426107828926564,-3.6339700144720632,-2.951290805531581,-2.182514704742995,0.5014646262834015,2.7463026739883363,3.934592956869509,position_history,129,second_year,v2_next_year_beta_20260828T213408Z_741eb3cf,milestone_3_20260828T210736Z_903d8f44,v2_next_year_expert_residual_v1,beta,6a9a803feee65cd1bd54f3b013594fb56a3c5c3eb6f65caf5c7e61ffee7bb0e6,shadow
4b2c6c5a-73d0-5278-af53-05fbb595256f,00-0036876,Kylen Granson,2026,2027,TE,TEN,confirmed,0.6950882352941177,,,,0,0,target_incomplete,0.0,5.0,1,4.0,,0.5182192932659418,0.3775131377558177,0.5754647011414279,1.7132254427941895,1.5452432647341867,0.6249159376606653,1.5567551484620228,1.6050746186634663,0.6950882352941177,1.320004172954783,2.408313678088307,2.2518433837561407,2.2403315000283044,2.300162853957584,1.6050746186634663,2.300162853957584,0.5182192932659418,-3.2358565481832877,-2.66710551537136,-1.8857939720040764,1.062470480921867,3.115963575900585,4.606394156586925,position_history,517,veteran_with_history,v2_next_year_beta_20260828T213408Z_741eb3cf,milestone_3_20260828T210736Z_903d8f44,v2_next_year_expert_residual_v1,beta,6a9a803feee65cd1bd54f3b013594fb56a3c5c3eb6f65caf5c7e61ffee7bb0e6,shadow
4bce7997-6962-558d-a207-44e60c5fc456,00-0035662,Marquise Brown,2026,2027,WR,PHI,confirmed,2.9258823529411764,,,,0,0,target_incomplete,0.0,7.0,1,7.0,281.575,0.6794451678775993,0.7895745736054051,0.5494986889348197,1.9118270610385146,1.3854226186324983,-0.3337587311176249,1.4907687011763922,1.596006126949135,2.9258823529411764,2.5921236218235517,4.837709413979691,4.416651054117569,4.311304971573675,4.521888479890311,1.596006126949135,4.521888479890311,0.6794451678775993,-5.174675104176586,-4.132551138216551,-2.349516433734719,1.7104468853139558,3.790706964546365,5.521261715174053,position_history,879,veteran_with_history,v2_next_year_beta_20260828T213408Z_741eb3cf,milestone_3_20260828T210736Z_903d8f44,v2_next_year_expert_residual_v1,beta,6a9a803feee65cd1bd54f3b013594fb56a3c5c3eb6f65caf5c7e61ffee7bb0e6,shadow
4c65e8a3-5c30-5e41-94ca-70bf3c3e035d,00-0040400,Donovan Edwards,2026,2027,RB,MIA,confirmed,0.75,,,,0,0,target_incomplete,0.0,1.0,0,2.0,,0.38691650589238513,0.31290318849385707,0.6097613512933316,3.1609066090113656,2.6220881925300796,1.403342687822953,2.7572987358559757,2.846764512465807,0.75,2.1533426878229527,3.9109066090113656,3.5072987358559757,3.3720881925300796,3.596764512465807,2.846764512465807,3.596764512465807,0.38691650589238513,-5.48615073240633,-4.244920053205529,-2.730536823343935,2.745851062339551,6.172636499559855,7.5044937746885285,position_history,171,second_year,v2_next_year_beta_20260828T213408Z_741eb3cf,milestone_3_20260828T210736Z_903d8f44,v2_next_year_expert_residual_v1,beta,6a9a803feee65cd1bd54f3b013594fb56a3c5c3eb6f65caf5c7e61ffee7bb0e6,shadow
4c80e5d8-6bce-5d8c-9286-e0c4a081c381,00-0036096,J.J. Taylor,2026,2027,RB,,confirmed,,,,,0,0,target_incomplete,0.0,6.0,1,,326.0,0.278754866241648,0.2814389072909087,0.5951913648732261,,,,,,,,,,,,,,0.278754866241648,-5.775864899111019,-4.643358820238846,-2.737069962073368,1.761662089777431,5.120078841022579,6.865731939366032,position_history,561,veteran_with_history,v2_next_year_beta_20260828T213408Z_741eb3cf,milestone_3_20260828T210736Z_903d8f44,v2_next_year_expert_residual_v1,beta,6a9a803feee65cd1bd54f3b013594fb56a3c5c3eb6f65caf5c7e61ffee7bb0e6,shadow
4c9df89a-ef03-5edb-b3bf-5cbbf24a3d48,00-0037311,Ko Kieft,2026,2027,TE,TB,confirmed,0.2282352941176471,,,,0,0,target_incomplete,0.0,4.0,1,2.0,,0.19074042189530807,0.399899277351256,0.5754647011414279,2.2216245872331575,1.9717591793764322,0.6249159376606653,2.2430904595279624,2.1454914087125174,0.2282352941176471,0.8531512317783124,2.449859881350805,2.4713257536456092,2.1999944734940793,2.3737267028301643,2.1454914087125174,2.3737267028301643,0.19074042189530807,-3.2358565481832877,-2.66710551537136,-1.8857939720040764,1.062470480921867,3.115963575900585,4.606394156586925,position_history,517,veteran_with_history,v2_next_year_beta_20260828T213408Z_741eb3cf,milestone_3_20260828T210736Z_903d8f44,v2_next_year_expert_residual_v1,beta,6a9a803feee65cd1bd54f3b013594fb56a3c5c3eb6f65caf5c7e61ffee7bb0e6,shadow
4cd54b42-de5f-59d2-9bab-df2ac3f0ce61,00-0034971,Jalen Hurd,2026,2027,WR,,confirmed,,,,,0,0,target_incomplete,0.0,7.0,0,,341.0,0.34350736055770936,0.32693357336367684,0.5494986889348197,,,,,,,,,,,,,,0.34350736055770936,-5.247028493584627,-4.168147262586337,-2.4882348181433445,1.7215690384925635,4.092107755797534,5.673306043718701,position,1398,other_no_history,v2_next_year_beta_20260828T213408Z_741eb3cf,milestone_3_20260828T210736Z_903d8f44,v2_next_year_expert_residual_v1,beta,6a9a803feee65cd1bd54f3b013594fb56a3c5c3eb6f65caf5c7e61ffee7bb0e6,shadow
4d52e389-fcf9-50ee-8ef0-6342a68e37ef,00-0037740,Garrett Wilson,2026,2027,WR,NYJ,confirmed,11.619352941176473,,,,0,0,target_incomplete,0.0,4.0,1,7.0,38.83,0.9397273012485813,0.9822396051217918,0.5809258307011029,-1.1431524494027125,-0.8961440278573255,0.36463526135546426,-1.1703712397465034,-1.0698892390021804,11.619352941176473,11.983988202531938,10.47620049177376,10.44898170142997,10.723208913319148,10.549463702174293,-1.0698892390021804,10.549463702174293,0.9397273012485813,-5.174675104176586,-4.132551138216551,-2.349516433734719,1.7104468853139558,3.790706964546365,5.521261715174053,position_history,879,veteran_with_history,v2_next_year_beta_20260828T213408Z_741eb3cf,milestone_3_20260828T210736Z_903d8f44,v2_next_year_expert_residual_v1,beta,6a9a803feee65cd1bd54f3b013594fb56a3c5c3eb6f65caf5c7e61ffee7bb0e6,shadow
4dc13d99-383e-5c98-ae60-366ec36841b7,00-0037614,John Metchie III,2026,2027,WR,CAR,confirmed,2.434588235294118,,,,0,0,target_incomplete,0.0,4.0,1,3.0,325.14,0.6713038748644427,0.69921598736436,0.5809258307011029,0.7093965441924848,1.6496113794141296,0.36463526135546426,1.7169193387199986,1.3586424207755377,2.434588235294118,2.7992234966495824,3.143984779486603,4.151507574014117,4.084199614708248,3.793230656069656,1.3586424207755377,3.793230656069656,0.6713038748644427,-5.174675104176586,-4.132551138216551,-2.349516433734719,1.7104468853139558,3.790706964546365,5.521261715174053,position_history,879,veteran_with_history,v2_next_year_beta_20260828T213408Z_741eb3cf,milestone_3_20260828T210736Z_903d8f44,v2_next_year_expert_residual_v1,beta,6a9a803feee65cd1bd54f3b013594fb56a3c5c3eb6f65caf5c7e61ffee7bb0e6,shadow
4e03bbdc-d05e-5e4e-9a6b-a8acf3c6430e,00-0039851,Drake Maye,2026,2027,QB,NE,confirmed,17.20588235294118,,,,0,0,target_incomplete,0.0,2.0,1,7.0,59.6325,0.9738114853237797,0.9974440624934545,0.4649623649904308,1.6097252166065221,0.02138674313514227,3.1546501294267837,-0.35279543195216445,0.42610550926316665,17.20588235294118,20.360532482367965,18.8156075695477,16.853086920989018,17.227269096076324,17.631987862204348,0.42610550926316665,17.631987862204348,0.9738114853237797,-8.06412819759558,-5.734041511578347,-2.864465114852388,2.783835279116431,6.020518964099286,6.909064297162426,position_history,209,veteran_with_history,v2_next_year_beta_20260828T213408Z_741eb3cf,milestone_3_20260828T210736Z_903d8f44,v2_next_year_expert_residual_v1,beta,6a9a803feee65cd1bd54f3b013594fb56a3c5c3eb6f65caf5c7e61ffee7bb0e6,shadow
4e8d8218-4773-5457-9166-7f6a4f46f029,00-0037666,Jalen Tolbert,2026,2027,WR,MIA,confirmed,3.2776352941176476,,,,0,0,target_incomplete,0.0,4.0,1,7.0,298.03499999999997,0.6896064113715011,0.8128381797985822,0.5809258307011029,0.7567728918754305,1.0386878217204618,0.36463526135546426,1.0879377994043242,0.9611328376667388,3.2776352941176476,3.642270555473112,4.034408185993078,4.365573093521972,4.3163231158381095,4.238768131784386,0.9611328376667388,4.238768131784386,0.6896064113715011,-5.174675104176586,-4.132551138216551,-2.349516433734719,1.7104468853139558,3.790706964546365,5.521261715174053,position_history,879,veteran_with_history,v2_next_year_beta_20260828T213408Z_741eb3cf,milestone_3_20260828T210736Z_903d8f44,v2_next_year_expert_residual_v1,beta,6a9a803feee65cd1bd54f3b013594fb56a3c5c3eb6f65caf5c7e61ffee7bb0e6,shadow
4ee11f10-fc74-548e-ad8b-d8fce637a717,00-0035140,Mecole Hardman,2026,2027,WR,BUF,confirmed,0.5176470588235295,,,,0,0,target_incomplete,0.0,7.0,1,1.0,317.0,0.2968091840654686,0.292720241600623,0.5494986889348197,2.1731174718442574,2.4226179347622314,-0.3337587311176249,2.5193471454009178,2.3716941840024686,0.5176470588235295,0.18388832770590458,2.6907645306677868,3.036994204224447,2.9402649935857608,2.889341242825998,2.3716941840024686,2.889341242825998,0.2968091840654686,-5.174675104176586,-4.132551138216551,-2.349516433734719,1.7104468853139558,3.790706964546365,5.521261715174053,position_history,879,veteran_with_history,v2_next_year_beta_20260828T213408Z_741eb3cf,milestone_3_20260828T210736Z_903d8f44,v2_next_year_expert_residual_v1,beta,6a9a803feee65cd1bd54f3b013594fb56a3c5c3eb6f65caf5c7e61ffee7bb0e6,shadow
507c9477-886c-5087-9499-7df4bd676624,00-0038090,Skyy Moore,2026,2027,WR,GB,confirmed,0.24328823529411767,,,,0,0,target_incomplete,0.0,4.0,1,4.0,339.2725,0.41764781593196204,0.6284427064171026,0.5809258307011029,2.478826452269897,2.2845282132715683,0.36463526135546426,2.546965817033007,2.436773494191491,0.24328823529411767,0.6079234966495819,2.7221146875640145,2.790254052327125,2.527816448565686,2.6800617294856086,2.436773494191491,2.6800617294856086,0.41764781593196204,-5.174675104176586,-4.132551138216551,-2.349516433734719,1.7104468853139558,3.790706964546365,5.521261715174053,position_history,879,veteran_with_history,v2_next_year_beta_20260828T213408Z_741eb3cf,milestone_3_20260828T210736Z_903d8f44,v2_next_year_expert_residual_v1,beta,6a9a803feee65cd1bd54f3b013594fb56a3c5c3eb6f65caf5c7e61ffee7bb0e6,shadow
50e85734-a6b9-5048-9a4f-8fb48c87c8ab,00-0037120,Tyler Goodson,2026,2027,RB,ATL,confirmed,1.3105294117647062,,,,0,0,target_incomplete,0.0,4.0,1,3.0,411.0,0.5484118643630921,0.4973068327401943,0.5951913648732261,1.2702805199153997,1.9183367657953292,-0.13301155778163867,2.0590410344375476,1.7492194400494254,1.3105294117647062,1.1775178539830675,2.580809931680106,3.3695704462022538,3.228866177560035,3.0597488518141316,1.7492194400494254,3.0597488518141316,0.5484118643630921,-5.775864899111019,-4.643358820238846,-2.737069962073368,1.761662089777431,5.120078841022579,6.865731939366032,position_history,561,veteran_with_history,v2_next_year_beta_20260828T213408Z_741eb3cf,milestone_3_20260828T210736Z_903d8f44,v2_next_year_expert_residual_v1,beta,6a9a803feee65cd1bd54f3b013594fb56a3c5c3eb6f65caf5c7e61ffee7bb0e6,shadow
51bb2433-979a-5852-ac56-36961a15bba9,00-0036912,DeVonta Smith,2026,2027,WR,PHI,confirmed,11.511764705882353,,,,0,0,target_incomplete,0.0,5.0,1,7.0,31.7219915,0.9653612335592443,0.9863022112615993,0.5809258307011029,-1.337996727087034,-1.1141373446216993,0.36463526135546426,-1.1934918124309337,-1.2152086280465557,11.511764705882353,11.876399967237818,10.173767978795318,10.31827289345142,10.397627361260653,10.296556077835797,-1.2152086280465557,10.296556077835797,0.9653612335592443,-5.174675104176586,-4.132551138216551,-2.349516433734719,1.7104468853139558,3.790706964546365,5.521261715174053,position_history,879,veteran_with_history,v2_next_year_beta_20260828T213408Z_741eb3cf,milestone_3_20260828T210736Z_903d8f44,v2_next_year_expert_residual_v1,beta,6a9a803feee65cd1bd54f3b013594fb56a3c5c3eb6f65caf5c7e61ffee7bb0e6,shadow
5249c986-478c-54f3-b5a8-021e9c5b94bf,00-0038705,Emari Demercado,2026,2027,RB,KC,confirmed,2.9453529411764703,,,,0,0,target_incomplete,0.0,3.0,1,7.0,268.65,0.7368640683811118,0.79866543884409,0.6357540079168625,1.3171218897849024,1.6856991468278681,0.5942195570070535,1.4914754030817283,1.4980988132314996,2.9453529411764703,3.539572498183524,4.262474830961373,4.436828344258199,4.631052088004338,4.44345175440797,1.4980988132314996,4.44345175440797,0.7368640683811118,-5.775864899111019,-4.643358820238846,-2.737069962073368,1.761662089777431,5.120078841022579,6.865731939366032,position_history,561,veteran_with_history,v2_next_year_beta_20260828T213408Z_741eb3cf,milestone_3_20260828T210736Z_903d8f44,v2_next_year_expert_residual_v1,beta,6a9a803feee65cd1bd54f3b013594fb56a3c5c3eb6f65caf5c7e61ffee7bb0e6,shadow
52670c2a-a7b5-5b0a-98d1-d33b68ce8561,00-0041096,Kaytron Allen,2026,2027,RB,WAS,confirmed,1.7941176470588236,,,,0,0,target_incomplete,1.0,0.0,0,7.0,215.38977,0.735598406621576,0.8736387304504463,0.6553958879420866,3.108454076433369,2.819858883587042,2.8830872316241134,2.8168351447136146,2.9150493682446754,1.7941176470588236,4.677204878682937,4.902571723492192,4.610952791772438,4.613976530645866,4.709167015303499,2.9150493682446754,4.709167015303499,0.735598406621576,-5.275047966924827,-4.3298006659425265,-2.5364531139387987,2.612371761579932,6.381973266338156,8.832194594599148,position_history,178,rookie,v2_next_year_beta_20260828T213408Z_741eb3cf,milestone_3_20260828T210736Z_903d8f44,v2_next_year_expert_residual_v1,beta,6a9a803feee65cd1bd54f3b013594fb56a3c5c3eb6f65caf5c7e61ffee7bb0e6,shadow
53033763-66a7-5ff0-b1d3-50a38e94b59b,00-0038783,Nate Adkins,2026,2027,TE,DEN,confirmed,0.9735785509325685,,,,0,0,target_incomplete,0.0,3.0,1,4.0,,0.7012576843422851,0.6327371162111152,0.5866373331518034,1.7457059968389683,1.2536989471893059,0.9813959523087957,1.3935662907594506,1.4643237449292414,0.9735785509325685,1.9549745032413641,2.7192845477715366,2.367144841692019,2.2272774981218744,2.43790229586181,1.4643237449292414,2.43790229586181,0.7012576843422851,-3.2358565481832877,-2.66710551537136,-1.8857939720040764,1.062470480921867,3.115963575900585,4.606394156586925,position_history,517,veteran_with_history,v2_next_year_beta_20260828T213408Z_741eb3cf,milestone_3_20260828T210736Z_903d8f44,v2_next_year_expert_residual_v1,beta,6a9a803feee65cd1bd54f3b013594fb56a3c5c3eb6f65caf5c7e61ffee7bb0e6,shadow
54396624-3b3a-59c2-ab16-6bdb35f17da8,00-0040154,Tai Felton,2026,2027,WR,MIN,confirmed,1.3735294117647059,,,,0,0,target_incomplete,0.0,1.0,1,7.0,328.1925,0.7410983116658107,0.8327988728283747,0.561305717008435,1.9778759665702783,2.2888861832832355,1.6282505450092744,2.5146725230167903,2.2604782242901016,1.3735294117647059,3.00177995677398,3.3514053783349844,3.8882019347814962,3.6624155950479413,3.6340076360548075,2.2604782242901016,3.6340076360548075,0.7410983116658107,-5.290117666656729,-4.500130273045835,-2.703400287276647,1.85750718837489,4.640355612959511,5.846307043900342,position_history,246,second_year,v2_next_year_beta_20260828T213408Z_741eb3cf,milestone_3_20260828T210736Z_903d8f44,v2_next_year_expert_residual_v1,beta,6a9a803feee65cd1bd54f3b013594fb56a3c5c3eb6f65caf5c7e61ffee7bb0e6,shadow
546d15cf-39ca-5577-af7d-d2aa57cfa617,00-0036626,Dyami Brown,2026,2027,WR,WAS,confirmed,1.802947712418301,,,,0,0,target_incomplete,0.0,5.0,1,6.0,362.5375,0.6025287789268394,0.6920859320879275,0.5809258307011029,0.9333886015567977,1.6816676070308638,0.36463526135546426,1.9223405218458447,1.512465576811169,1.802947712418301,2.1675829737737655,2.736336313975099,3.725288234264146,3.4846153194491647,3.31541328922947,1.512465576811169,3.31541328922947,0.6025287789268394,-5.174675104176586,-4.132551138216551,-2.349516433734719,1.7104468853139558,3.790706964546365,5.521261715174053,position_history,879,veteran_with_history,v2_next_year_beta_20260828T213408Z_741eb3cf,milestone_3_20260828T210736Z_903d8f44,v2_next_year_expert_residual_v1,beta,6a9a803feee65cd1bd54f3b013594fb56a3c5c3eb6f65caf5c7e61ffee7bb0e6,shadow
547b7d52-0442-5528-815d-0259b84ed30d,00-0038621,DeMario Douglas,2026,2027,WR,NE,confirmed,3.94188235294118,,,,0,0,target_incomplete,0.0,3.0,1,7.0,301.435,0.7693179325620046,0.9027806947164098,0.561304531171307,0.9388081040877958,0.9064113128337573,1.1528823356726514,1.2069825683747522,1.017400661765435,3.94188235294118,5.094764688613831,4.880690457028976,5.148864921315932,4.848293665774937,4.959283014706615,1.017400661765435,4.959283014706615,0.7693179325620046,-5.174675104176586,-4.132551138216551,-2.349516433734719,1.7104468853139558,3.790706964546365,5.521261715174053,position_history,879,veteran_with_history,v2_next_year_beta_20260828T213408Z_741eb3cf,milestone_3_20260828T210736Z_903d8f44,v2_next_year_expert_residual_v1,beta,6a9a803feee65cd1bd54f3b013594fb56a3c5c3eb6f65caf5c7e61ffee7bb0e6,shadow
54ab1d88-12aa-569b-be63-bbf531c9a5ef,00-0039164,Anthony Richardson,2026,2027,QB,IND,confirmed,1.3009252223816348,,,,0,0,target_incomplete,0.0,3.0,1,6.0,342.53,0.5799046381623719,0.8272103574888418,0.4649623649904308,7.16770060065169,10.961446553540087,3.1546501294267837,13.87848380548215,10.669210319891308,1.3009252223816348,4.4555753518084185,8.468625823033324,15.179409027863784,12.262371775921721,11.970135542272942,10.669210319891308,11.970135542272942,0.5799046381623719,-8.06412819759558,-5.734041511578347,-2.864465114852388,2.783835279116431,6.020518964099286,6.909064297162426,position_history,209,veteran_with_history,v2_next_year_beta_20260828T213408Z_741eb3cf,milestone_3_20260828T210736Z_903d8f44,v2_next_year_expert_residual_v1,beta,6a9a803feee65cd1bd54f3b013594fb56a3c5c3eb6f65caf5c7e61ffee7bb0e6,shadow
54c11099-366b-54c6-aaf2-d2e3091d7b5d,00-0041129,Jam Miller,2026,2027,RB,NE,confirmed,1.1792529411764705,,,,0,0,target_incomplete,1.0,0.0,0,4.0,316.0075,0.6667400357574368,0.808087136520661,0.6553958879420866,2.9569256248855,2.633110362337343,2.8830872316241134,2.9287493011497108,2.8395950961241847,1.1792529411764705,4.0623401728005835,4.13617856606197,4.108002242326181,3.8123633035138136,4.018848037300655,2.8395950961241847,4.018848037300655,0.6667400357574368,-5.275047966924827,-4.3298006659425265,-2.5364531139387987,2.612371761579932,6.381973266338156,8.832194594599148,position_history,178,rookie,v2_next_year_beta_20260828T213408Z_741eb3cf,milestone_3_20260828T210736Z_903d8f44,v2_next_year_expert_residual_v1,beta,6a9a803feee65cd1bd54f3b013594fb56a3c5c3eb6f65caf5c7e61ffee7bb0e6,shadow
54c7a257-1db2-5c99-a135-d4a7f3d65fc7,00-0037329,Brittain Brown,2026,2027,RB,CHI,confirmed,0.8701176470588236,,,,0,0,target_incomplete,0.0,4.0,1,2.0,480.0,0.4493092249183455,0.5914918632920287,0.5951913648732261,1.8907712217607715,3.801307295414279,-0.13301155778163867,4.977043408532716,3.5563739752359225,0.8701176470588236,0.7371060892771849,2.760888868819595,5.84716105559154,4.671424942473102,4.426491622294746,3.5563739752359225,4.426491622294746,0.4493092249183455,-5.775864899111019,-4.643358820238846,-2.737069962073368,1.761662089777431,5.120078841022579,6.865731939366032,position_history,561,veteran_with_history,v2_next_year_beta_20260828T213408Z_741eb3cf,milestone_3_20260828T210736Z_903d8f44,v2_next_year_expert_residual_v1,beta,6a9a803feee65cd1bd54f3b013594fb56a3c5c3eb6f65caf5c7e61ffee7bb0e6,shadow
54c9ddab-abf4-5e3a-9ded-da4265515065,00-0038040,Zamir White,2026,2027,RB,NO,confirmed,,,,,0,0,target_incomplete,0.0,4.0,1,,300.855,0.42831003297392306,0.36176539921317424,0.5951913648732261,,,,,,,,,,,,,,0.42831003297392306,-5.775864899111019,-4.643358820238846,-2.737069962073368,1.761662089777431,5.120078841022579,6.865731939366032,position_history,561,veteran_with_history,v2_next_year_beta_20260828T213408Z_741eb3cf,milestone_3_20260828T210736Z_903d8f44,v2_next_year_expert_residual_v1,beta,6a9a803feee65cd1bd54f3b013594fb56a3c5c3eb6f65caf5c7e61ffee7bb0e6,shadow
5594ef5a-ef53-525b-bcab-2037bfe47c06,00-0041248,Noah Thomas,2026,2027,WR,,confirmed,,,,,0,0,target_incomplete,1.0,0.0,0,,226.0,0.5886106514156194,0.5586607334304691,0.5968118837409765,,,,,,,,,,,,,,0.5886106514156194,-5.241847632097132,-4.420861613449043,-2.79275194455823,1.666671205196188,3.4416152985046184,5.164736756719793,position_history,250,rookie,v2_next_year_beta_20260828T213408Z_741eb3cf,milestone_3_20260828T210736Z_903d8f44,v2_next_year_expert_residual_v1,beta,6a9a803feee65cd1bd54f3b013594fb56a3c5c3eb6f65caf5c7e61ffee7bb0e6,shadow
55e4ac59-7f39-5d7b-a15f-5d4c6b4463e7,00-0034418,Cedrick Wilson Jr.,2026,2027,WR,DET,confirmed,1.5058823529411764,,,,0,0,target_incomplete,0.0,8.0,1,1.0,458.0,0.4562774288238693,0.29087465409302177,0.5494986889348197,0.05995889606382376,1.564907316164857,-0.3337587311176249,2.069503142953281,1.2314564517273203,1.5058823529411764,1.1721236218235516,1.5658412490050002,3.5753854958944573,3.0707896691060332,2.7373388046684966,1.2314564517273203,2.7373388046684966,0.4562774288238693,-5.174675104176586,-4.132551138216551,-2.349516433734719,1.7104468853139558,3.790706964546365,5.521261715174053,position_history,879,veteran_with_history,v2_next_year_beta_20260828T213408Z_741eb3cf,milestone_3_20260828T210736Z_903d8f44,v2_next_year_expert_residual_v1,beta,6a9a803feee65cd1bd54f3b013594fb56a3c5c3eb6f65caf5c7e61ffee7bb0e6,shadow
5627730f-9c9d-5f5f-acab-c4f0320d6431,00-0039686,Colson Yankoff,2026,2027,TE,WAS,confirmed,0.2529411764705883,,,,0,0,target_incomplete,0.0,2.0,1,1.0,490.0,0.4879365433983686,0.5033725922048057,0.5866373331518034,2.0089408740678554,2.2315068448133775,0.9813959523087957,2.2633967948528158,2.167948171244683,0.2529411764705883,1.234337128779384,2.2618820505384436,2.516337971323404,2.4844480212839657,2.420889347715271,2.167948171244683,2.420889347715271,0.4879365433983686,-3.2358565481832877,-2.66710551537136,-1.8857939720040764,1.062470480921867,3.115963575900585,4.606394156586925,position_history,517,veteran_with_history,v2_next_year_beta_20260828T213408Z_741eb3cf,milestone_3_20260828T210736Z_903d8f44,v2_next_year_expert_residual_v1,beta,6a9a803feee65cd1bd54f3b013594fb56a3c5c3eb6f65caf5c7e61ffee7bb0e6,shadow
567d5748-0794-500d-be04-33d6524f437c,00-0034753,Mark Andrews,2026,2027,TE,BAL,confirmed,8.058823529411764,,,,0,0,target_incomplete,0.0,8.0,1,7.0,134.32750000000001,0.893097592482824,0.9355964545776337,0.5338622493006663,-1.441580742543188,-1.1062760473215607,-0.08955813866931404,-1.1133131886442769,-1.2203899928363418,8.058823529411764,7.969265390742451,6.617242786868577,6.945510340767488,6.952547482090203,6.8384335365754225,-1.2203899928363418,6.8384335365754225,0.893097592482824,-3.2358565481832877,-2.66710551537136,-1.8857939720040764,1.062470480921867,3.115963575900585,4.606394156586925,position_history,517,veteran_with_history,v2_next_year_beta_20260828T213408Z_741eb3cf,milestone_3_20260828T210736Z_903d8f44,v2_next_year_expert_residual_v1,beta,6a9a803feee65cd1bd54f3b013594fb56a3c5c3eb6f65caf5c7e61ffee7bb0e6,shadow
56d36b76-b5e8-536c-abec-9459999ef2f3,00-0034705,John Franklin,2026,2027,WR,,confirmed,,,,,0,0,target_incomplete,0.0,8.0,0,,368.0,0.25682920108382545,0.2376270679389128,0.5494986889348197,,,,,,,,,,,,,,0.25682920108382545,-5.247028493584627,-4.168147262586337,-2.4882348181433445,1.7215690384925635,4.092107755797534,5.673306043718701,position,1398,other_no_history,v2_next_year_beta_20260828T213408Z_741eb3cf,milestone_3_20260828T210736Z_903d8f44,v2_next_year_expert_residual_v1,beta,6a9a803feee65cd1bd54f3b013594fb56a3c5c3eb6f65caf5c7e61ffee7bb0e6,shadow
576419ae-8b54-5215-9594-31fd3176d3da,00-0033589,David Moore,2026,2027,WR,CAR,confirmed,0.24117647058823533,,,,0,0,target_incomplete,0.0,9.0,1,2.0,370.0,0.19200630618765568,0.3337966619358455,0.5494986889348197,1.4083464037028584,2.1405929649685045,-0.3337587311176249,2.31117007006142,1.9533698129109276,0.24117647058823533,0.0,1.6495228742910937,2.5523465406496553,2.38176943555674,2.1945462834991627,1.9533698129109276,2.1945462834991627,0.19200630618765568,-5.174675104176586,-4.132551138216551,-2.349516433734719,1.7104468853139558,3.790706964546365,5.521261715174053,position_history,879,veteran_with_history,v2_next_year_beta_20260828T213408Z_741eb3cf,milestone_3_20260828T210736Z_903d8f44,v2_next_year_expert_residual_v1,beta,6a9a803feee65cd1bd54f3b013594fb56a3c5c3eb6f65caf5c7e61ffee7bb0e6,shadow
57780914-ba09-5ff4-b961-dd3b3d37eacb,00-0034827,DJ Moore,2026,2027,WR,BUF,confirmed,10.441176470588236,,,,0,0,target_incomplete,0.0,8.0,1,7.0,46.0,0.9166853122809867,0.9436277131103966,0.5494986889348197,-1.1530091269405376,-1.078270650388108,-0.3337587311176249,-1.32291850713995,-1.184732761489532,10.441176470588236,10.10741773947061,9.288167343647698,9.118257963448286,9.362905820200128,9.256443709098704,-1.184732761489532,9.256443709098704,0.9166853122809867,-5.174675104176586,-4.132551138216551,-2.349516433734719,1.7104468853139558,3.790706964546365,5.521261715174053,position_history,879,veteran_with_history,v2_next_year_beta_20260828T213408Z_741eb3cf,milestone_3_20260828T210736Z_903d8f44,v2_next_year_expert_residual_v1,beta,6a9a803feee65cd1bd54f3b013594fb56a3c5c3eb6f65caf5c7e61ffee7bb0e6,shadow
57bbe9f3-d436-5ff5-b02f-54ba08796133,00-0040590,Konata Mumpfield,2026,2027,WR,LAR,confirmed,2.0352941176470587,,,,0,0,target_incomplete,0.0,1.0,1,7.0,326.095,0.6363400697712522,0.8684545618598115,0.561305717008435,1.6278632670788886,2.0146913301906837,1.6282505450092744,2.127200769061916,1.923251788777163,2.0352941176470587,3.6635446626563333,3.663157384725947,4.162494886708975,4.049985447837742,3.958545906424222,1.923251788777163,3.958545906424222,0.6363400697712522,-5.290117666656729,-4.500130273045835,-2.703400287276647,1.85750718837489,4.640355612959511,5.846307043900342,position_history,246,second_year,v2_next_year_beta_20260828T213408Z_741eb3cf,milestone_3_20260828T210736Z_903d8f44,v2_next_year_expert_residual_v1,beta,6a9a803feee65cd1bd54f3b013594fb56a3c5c3eb6f65caf5c7e61ffee7bb0e6,shadow
57d55be3-aec4-52a9-a38e-8dc64129b5d3,00-0040566,CJ Dippre,2026,2027,TE,NE,confirmed,0.45823529411764713,,,,0,0,target_incomplete,0.0,1.0,0,3.0,438.0,0.5732095286230044,0.5958500158504308,0.608365821078233,2.523364801771984,2.4105085372333046,1.565974887778895,2.4033548071591486,2.4457427153881457,0.45823529411764713,2.0242101818965423,2.981600095889631,2.861590101276796,2.868743831350952,2.903978009505793,2.4457427153881457,2.903978009505793,0.5732095286230044,-3.6339700144720632,-2.951290805531581,-2.182514704742995,0.5014646262834015,2.7463026739883363,3.934592956869509,position_history,129,second_year,v2_next_year_beta_20260828T213408Z_741eb3cf,milestone_3_20260828T210736Z_903d8f44,v2_next_year_expert_residual_v1,beta,6a9a803feee65cd1bd54f3b013594fb56a3c5c3eb6f65caf5c7e61ffee7bb0e6,shadow
580bbb23-7803-587c-bf86-4bf17ab07000,00-0040218,Jimmy Horn Jr.,2026,2027,WR,CAR,confirmed,1.1161176470588234,,,,0,0,target_incomplete,0.0,1.0,1,5.0,313.0575,0.6930484025895522,0.8029876524184444,0.561305717008435,2.4365391164848793,2.3647432492185945,1.6282505450092744,2.380706628519409,2.3939963314076276,1.1161176470588234,2.744368192068098,3.5526567635437027,3.4968242755782324,3.480860896277418,3.510113978466451,2.3939963314076276,3.510113978466451,0.6930484025895522,-5.290117666656729,-4.500130273045835,-2.703400287276647,1.85750718837489,4.640355612959511,5.846307043900342,position_history,246,second_year,v2_next_year_beta_20260828T213408Z_741eb3cf,milestone_3_20260828T210736Z_903d8f44,v2_next_year_expert_residual_v1,beta,6a9a803feee65cd1bd54f3b013594fb56a3c5c3eb6f65caf5c7e61ffee7bb0e6,shadow
585da9fb-bb4e-5527-b449-03c4617baa15,00-0038488,Brady Russell,2026,2027,RB,SEA,confirmed,0.2306764705882353,,,,0,0,target_incomplete,0.0,3.0,1,2.0,,0.3102782539815534,0.33397778655274246,0.6357540079168625,1.9886319736014408,2.085793885371212,0.5942195570070535,2.4215156725044764,2.1653138438257096,0.2306764705882353,0.8248960275952888,2.219308444189676,2.652192143092712,2.3164703559594475,2.395990314413945,2.1653138438257096,2.395990314413945,0.3102782539815534,-5.775864899111019,-4.643358820238846,-2.737069962073368,1.761662089777431,5.120078841022579,6.865731939366032,position_history,561,veteran_with_history,v2_next_year_beta_20260828T213408Z_741eb3cf,milestone_3_20260828T210736Z_903d8f44,v2_next_year_expert_residual_v1,beta,6a9a803feee65cd1bd54f3b013594fb56a3c5c3eb6f65caf5c7e61ffee7bb0e6,shadow
58b16be0-ad9d-509e-b708-df06c516ff5b,00-0040208,Tahj Brooks,2026,2027,RB,CIN,confirmed,1.7365882352941178,,,,0,0,target_incomplete,0.0,1.0,1,7.0,315.6825,0.6767378139860025,0.8610328062285693,0.6097613512933316,1.559173080016363,1.904777754242003,1.403342687822953,1.9547699390365811,1.8062402577649825,1.7365882352941178,3.1399309231170704,3.2957613153104806,3.691358174330699,3.641365989536121,3.5428284930591003,1.8062402577649825,3.5428284930591003,0.6767378139860025,-5.48615073240633,-4.244920053205529,-2.730536823343935,2.745851062339551,6.172636499559855,7.5044937746885285,position_history,171,second_year,v2_next_year_beta_20260828T213408Z_741eb3cf,milestone_3_20260828T210736Z_903d8f44,v2_next_year_expert_residual_v1,beta,6a9a803feee65cd1bd54f3b013594fb56a3c5c3eb6f65caf5c7e61ffee7bb0e6,shadow
58ed66c2-a49e-5fcb-9677-c0abf43b81b8,00-0041040,Antonio Williams,2026,2027,WR,WAS,confirmed,4.250516139603479,,,,0,0,target_incomplete,1.0,0.0,0,7.0,224.321685,0.8798383644361403,0.9266535371565303,0.5968118837409765,2.4175617952192425,2.7415005061167315,2.727429987360483,2.3128031967546026,2.4906218326968586,4.250516139603479,6.977946126963962,6.668077934822722,6.563319336358082,6.992016645720211,6.741137972300338,2.4906218326968586,6.741137972300338,0.8798383644361403,-5.241847632097132,-4.420861613449043,-2.79275194455823,1.666671205196188,3.4416152985046184,5.164736756719793,position_history,250,rookie,v2_next_year_beta_20260828T213408Z_741eb3cf,milestone_3_20260828T210736Z_903d8f44,v2_next_year_expert_residual_v1,beta,6a9a803feee65cd1bd54f3b013594fb56a3c5c3eb6f65caf5c7e61ffee7bb0e6,shadow
58fa0022-cbf8-580a-9e30-f93b638c53a6,00-0041272,Ja'Mori Maclin,2026,2027,WR,BUF,confirmed,,,,,0,0,target_incomplete,1.0,0.0,0,,,0.3355397144796962,0.3861384359948312,0.5968118837409765,,,,,,,,,,,,,,0.3355397144796962,-5.241847632097132,-4.420861613449043,-2.79275194455823,1.666671205196188,3.4416152985046184,5.164736756719793,position_history,250,rookie,v2_next_year_beta_20260828T213408Z_741eb3cf,milestone_3_20260828T210736Z_903d8f44,v2_next_year_expert_residual_v1,beta,6a9a803feee65cd1bd54f3b013594fb56a3c5c3eb6f65caf5c7e61ffee7bb0e6,shadow
5944c982-aadb-5aa6-b8a1-809cc5e6fce1,00-0026498,Matthew Stafford,2026,2027,QB,LAR,confirmed,16.182411764705883,,,,0,0,target_incomplete,0.0,17.0,1,7.0,94.542345,0.8226389670092265,0.9372512489515832,0.5462074876103052,-0.5140587154816938,0.030055666554019738,2.230624494796814,0.07196889142173196,-0.13734471916864735,16.182411764705883,18.413036259502697,15.668353049224189,16.254380656127616,16.212467431259903,16.045067045537234,-0.13734471916864735,16.045067045537234,0.8226389670092265,-8.06412819759558,-5.734041511578347,-2.864465114852388,2.783835279116431,6.020518964099286,6.909064297162426,position_history,209,veteran_with_history,v2_next_year_beta_20260828T213408Z_741eb3cf,milestone_3_20260828T210736Z_903d8f44,v2_next_year_expert_residual_v1,beta,6a9a803feee65cd1bd54f3b013594fb56a3c5c3eb6f65caf5c7e61ffee7bb0e6,shadow
59765be4-7b66-585a-b23d-3093d80dceee,00-0032385,Sterling Shepard,2026,2027,WR,HOU,confirmed,,,,,0,0,target_incomplete,0.0,10.0,1,,316.97,0.25968675883124376,0.25180550101797594,0.41694036868057527,,,,,,,,,,,,,,0.25968675883124376,-5.174675104176586,-4.132551138216551,-2.349516433734719,1.7104468853139558,3.790706964546365,5.521261715174053,position_history,879,veteran_with_history,v2_next_year_beta_20260828T213408Z_741eb3cf,milestone_3_20260828T210736Z_903d8f44,v2_next_year_expert_residual_v1,beta,6a9a803feee65cd1bd54f3b013594fb56a3c5c3eb6f65caf5c7e61ffee7bb0e6,shadow
59dae946-695c-5535-9000-0d2006d854a1,00-0039893,Brian Thomas Jr.,2026,2027,WR,JAC,confirmed,8.892764705882355,,,,0,0,target_incomplete,0.0,2.0,1,7.0,72.43,0.9532895411842466,0.9823199915435284,0.561304531171307,0.5006759940244216,-0.05575548023011988,1.1528823356726514,-0.22888624589346282,0.07201142263361297,8.892764705882355,10.045647041555007,9.393440699906776,8.663878459988892,8.837009225652235,8.964776128515968,0.07201142263361297,8.964776128515968,0.9532895411842466,-5.174675104176586,-4.132551138216551,-2.349516433734719,1.7104468853139558,3.790706964546365,5.521261715174053,position_history,879,veteran_with_history,v2_next_year_beta_20260828T213408Z_741eb3cf,milestone_3_20260828T210736Z_903d8f44,v2_next_year_expert_residual_v1,beta,6a9a803feee65cd1bd54f3b013594fb56a3c5c3eb6f65caf5c7e61ffee7bb0e6,shadow
5a23985e-f260-532c-8b20-e3e96da7075b,00-0036244,Colby Parkinson,2026,2027,TE,LAR,confirmed,4.488235294117648,,,,0,0,target_incomplete,0.0,6.0,1,7.0,223.9175,0.879015335421277,0.9222166011533757,0.5754647011414279,0.23185875026887093,-0.1017509338629202,0.6249159376606653,0.186440461411189,0.10551609260571322,4.488235294117648,5.113151231778313,4.720094044386519,4.674675755528837,4.386484360254728,4.593751386723361,0.10551609260571322,4.593751386723361,0.879015335421277,-3.2358565481832877,-2.66710551537136,-1.8857939720040764,1.062470480921867,3.115963575900585,4.606394156586925,position_history,517,veteran_with_history,v2_next_year_beta_20260828T213408Z_741eb3cf,milestone_3_20260828T210736Z_903d8f44,v2_next_year_expert_residual_v1,beta,6a9a803feee65cd1bd54f3b013594fb56a3c5c3eb6f65caf5c7e61ffee7bb0e6,shadow
5ac63d55-0f02-5097-9962-595dcede5e49,00-0035100,Jake Browning,2026,2027,QB,TB,confirmed,0.9129600000000001,,,,0,0,target_incomplete,0.0,7.0,1,5.0,319.96500000000003,0.4957921355053867,0.5544635228355146,0.5472605688041711,6.042468679439354,9.947938490467966,3.0996677277257425,10.899845804904572,8.96341765827063,0.9129600000000001,4.012627727725743,6.955428679439354,11.812805804904572,10.860898490467966,9.87637765827063,8.96341765827063,9.87637765827063,0.4957921355053867,-8.06412819759558,-5.734041511578347,-2.864465114852388,2.783835279116431,6.020518964099286,6.909064297162426,position_history,209,veteran_with_history,v2_next_year_beta_20260828T213408Z_741eb3cf,milestone_3_20260828T210736Z_903d8f44,v2_next_year_expert_residual_v1,beta,6a9a803feee65cd1bd54f3b013594fb56a3c5c3eb6f65caf5c7e61ffee7bb0e6,shadow
5af468c0-1ac7-54a7-8432-ded308df6f3a,00-0040236,Kyle Monangai,2026,2027,RB,CHI,confirmed,8.232647058823531,,,,0,0,target_incomplete,0.0,1.0,1,7.0,107.30000000000001,0.9022313097232876,0.9782549474102022,0.6097613512933316,-0.18096548484837705,-0.7993495849727414,1.403342687822953,-0.9798927665190796,-0.6534026121133995,8.232647058823531,9.635989746646484,8.051681573975154,7.252754292304451,7.433297473850789,7.579244446710131,-0.6534026121133995,7.579244446710131,0.9022313097232876,-5.48615073240633,-4.244920053205529,-2.730536823343935,2.745851062339551,6.172636499559855,7.5044937746885285,position_history,171,second_year,v2_next_year_beta_20260828T213408Z_741eb3cf,milestone_3_20260828T210736Z_903d8f44,v2_next_year_expert_residual_v1,beta,6a9a803feee65cd1bd54f3b013594fb56a3c5c3eb6f65caf5c7e61ffee7bb0e6,shadow
5b43f120-bdb8-504b-b689-649ef8b484b1,00-0040128,Tyler Warren,2026,2027,TE,IND,confirmed,9.49214705882353,,,,0,0,target_incomplete,0.0,1.0,1,7.0,56.28,0.97425433512638,0.9928833226200381,0.608365821078233,-0.6051754523097033,-0.19717356624120205,1.565974887778895,-0.3464780262339459,-0.38294234826161705,9.49214705882353,11.058121946602425,8.886971606513827,9.145669032589584,9.294973492582328,9.109204710561913,-0.38294234826161705,9.109204710561913,0.97425433512638,-3.6339700144720632,-2.951290805531581,-2.182514704742995,0.5014646262834015,2.7463026739883363,3.934592956869509,position_history,129,second_year,v2_next_year_beta_20260828T213408Z_741eb3cf,milestone_3_20260828T210736Z_903d8f44,v2_next_year_expert_residual_v1,beta,6a9a803feee65cd1bd54f3b013594fb56a3c5c3eb6f65caf5c7e61ffee7bb0e6,shadow
5b54568c-77ab-5d85-a2c9-4c3486c42d40,00-0041438,Carnell Tate,2026,2027,WR,TEN,confirmed,9.008823529411766,,,,0,0,target_incomplete,1.0,0.0,0,7.0,69.36493,0.9697721379980191,0.9851031803286298,0.5968118837409765,1.195619193869976,1.964331641509745,2.727429987360483,1.8408469473801095,1.666932594253277,9.008823529411766,11.736253516772248,10.204442723281742,10.849670476791875,10.97315517092151,10.675756123665042,1.666932594253277,10.675756123665042,0.9697721379980191,-5.241847632097132,-4.420861613449043,-2.79275194455823,1.666671205196188,3.4416152985046184,5.164736756719793,position_history,250,rookie,v2_next_year_beta_20260828T213408Z_741eb3cf,milestone_3_20260828T210736Z_903d8f44,v2_next_year_expert_residual_v1,beta,6a9a803feee65cd1bd54f3b013594fb56a3c5c3eb6f65caf5c7e61ffee7bb0e6,shadow
5c527951-35b5-569b-ad11-27bc185db826,00-0037239,Chris Olave,2026,2027,WR,NO,confirmed,11.80435294117647,,,,0,0,target_incomplete,0.0,4.0,1,7.0,25.6,0.9675024938888238,0.9915491872275061,0.5809258307011029,-1.089678277762844,-0.9752259917979178,0.36463526135546426,-0.9527021789565993,-1.0058688161724536,11.80435294117647,12.168988202531935,10.714674663413625,10.85165076221987,10.829126949378551,10.798484125004016,-1.0058688161724536,10.798484125004016,0.9675024938888238,-5.174675104176586,-4.132551138216551,-2.349516433734719,1.7104468853139558,3.790706964546365,5.521261715174053,position_history,879,veteran_with_history,v2_next_year_beta_20260828T213408Z_741eb3cf,milestone_3_20260828T210736Z_903d8f44,v2_next_year_expert_residual_v1,beta,6a9a803feee65cd1bd54f3b013594fb56a3c5c3eb6f65caf5c7e61ffee7bb0e6,shadow
5c6e89cd-0d55-588a-b2ac-b0504a3f4df0,00-0040215,Gavin Bartholomew,2026,2027,TE,MIN,confirmed,0.14705882352941177,,,,0,0,target_incomplete,0.0,1.0,0,1.0,493.0,0.4715737108559359,0.49510016441819055,0.608365821078233,2.961762482289396,3.011943114474003,1.565974887778895,2.954890647536952,2.976198748100117,0.14705882352941177,1.7130337113083067,3.108821305818808,3.1019494710663635,3.159001938003415,3.1232575716295288,2.976198748100117,3.1232575716295288,0.4715737108559359,-3.6339700144720632,-2.951290805531581,-2.182514704742995,0.5014646262834015,2.7463026739883363,3.934592956869509,position_history,129,second_year,v2_next_year_beta_20260828T213408Z_741eb3cf,milestone_3_20260828T210736Z_903d8f44,v2_next_year_expert_residual_v1,beta,6a9a803feee65cd1bd54f3b013594fb56a3c5c3eb6f65caf5c7e61ffee7bb0e6,shadow
5cfab8f1-6b12-52b5-b92f-e221a3ece63c,00-0038129,Cade Otton,2026,2027,TE,TB,confirmed,5.882352941176471,,,,0,0,target_incomplete,0.0,4.0,1,7.0,211.97750000000002,0.8974097323751191,0.9453175306169076,0.5754647011414279,-0.4383123141361276,-0.027381624648860518,0.6249159376606653,-0.3821318960724755,-0.28260861161915457,5.882352941176471,6.507268878837136,5.444040627040343,5.500221045103996,5.85497131652761,5.599744329557317,-0.28260861161915457,5.599744329557317,0.8974097323751191,-3.2358565481832877,-2.66710551537136,-1.8857939720040764,1.062470480921867,3.115963575900585,4.606394156586925,position_history,517,veteran_with_history,v2_next_year_beta_20260828T213408Z_741eb3cf,milestone_3_20260828T210736Z_903d8f44,v2_next_year_expert_residual_v1,beta,6a9a803feee65cd1bd54f3b013594fb56a3c5c3eb6f65caf5c7e61ffee7bb0e6,shadow
5d2a04ed-b38e-58ee-913b-0c1094918de7,00-0040429,Josh Williams,2026,2027,RB,TB,confirmed,0.11667647058823531,,,,0,0,target_incomplete,0.0,1.0,1,5.0,307.0,0.40632610519448026,0.7392661835479154,0.6097613512933316,2.987579867992178,3.582450068477787,1.403342687822953,3.315027768432769,3.2950192349675778,0.11667647058823531,1.5200191584111882,3.1042563385804134,3.4317042390210046,3.6991265390660226,3.4116957055558133,3.2950192349675778,3.4116957055558133,0.40632610519448026,-5.48615073240633,-4.244920053205529,-2.730536823343935,2.745851062339551,6.172636499559855,7.5044937746885285,position_history,171,second_year,v2_next_year_beta_20260828T213408Z_741eb3cf,milestone_3_20260828T210736Z_903d8f44,v2_next_year_expert_residual_v1,beta,6a9a803feee65cd1bd54f3b013594fb56a3c5c3eb6f65caf5c7e61ffee7bb0e6,shadow
5d56220a-e192-5f3d-991d-07c69120dd1d,,Brazzell,2026,2027,WR,,provisional,,,,,0,0,target_incomplete,,,0,,,0.3093445803531235,2.0203455376209132e-05,0.5634284548288704,,,,,,,,,,,,,,0.3093445803531235,-5.247028493584627,-4.168147262586337,-2.4882348181433445,1.7215690384925635,4.092107755797534,5.673306043718701,position,1398,unknown_experience,v2_next_year_beta_20260828T213408Z_741eb3cf,milestone_3_20260828T210736Z_903d8f44,v2_next_year_expert_residual_v1,beta,6a9a803feee65cd1bd54f3b013594fb56a3c5c3eb6f65caf5c7e61ffee7bb0e6,shadow
5e48e23c-6009-5a7c-a9a2-36af3ba98d98,00-0040275,JP Richardson,2026,2027,WR,CHI,confirmed,0.5372676470588236,,,,0,0,target_incomplete,0.0,1.0,0,2.0,,0.3668427479471454,0.447748711190912,0.561305717008435,2.8489400688750353,2.4580320133482343,1.6282505450092744,2.5614394805061127,2.622803854243127,0.5372676470588236,2.165518192068098,3.3862077159338586,3.0987071275649365,2.995299660407058,3.1600715013019505,2.622803854243127,3.1600715013019505,0.3668427479471454,-5.290117666656729,-4.500130273045835,-2.703400287276647,1.85750718837489,4.640355612959511,5.846307043900342,position_history,246,second_year,v2_next_year_beta_20260828T213408Z_741eb3cf,milestone_3_20260828T210736Z_903d8f44,v2_next_year_expert_residual_v1,beta,6a9a803feee65cd1bd54f3b013594fb56a3c5c3eb6f65caf5c7e61ffee7bb0e6,shadow
5e91a7bd-70d4-5d18-900f-ace9a2a4eb04,00-0037838,Isaiah Likely,2026,2027,TE,NYG,confirmed,7.715947058823531,,,,0,0,target_incomplete,0.0,4.0,1,7.0,110.83765,0.8852553763046763,0.9426877521589305,0.5754647011414279,-0.8608614509934496,-0.5474805489856516,0.6249159376606653,-0.7188836283422291,-0.7090752094404434,7.715947058823531,8.340862996484196,6.855085607830081,6.997063430481302,7.168466509837879,7.006871849383088,-0.7090752094404434,7.006871849383088,0.8852553763046763,-3.2358565481832877,-2.66710551537136,-1.8857939720040764,1.062470480921867,3.115963575900585,4.606394156586925,position_history,517,veteran_with_history,v2_next_year_beta_20260828T213408Z_741eb3cf,milestone_3_20260828T210736Z_903d8f44,v2_next_year_expert_residual_v1,beta,6a9a803feee65cd1bd54f3b013594fb56a3c5c3eb6f65caf5c7e61ffee7bb0e6,shadow
5e9b0b40-56fb-5c78-8b45-0bc4c4167188,00-0038563,Tre Tucker,2026,2027,WR,LVR,confirmed,6.8003727674914005,,,,0,0,target_incomplete,0.0,3.0,1,7.0,164.33499999999998,0.8952791098765867,0.9571685603043328,0.561304531171307,-0.29304346865288267,-0.38453308681423065,1.1528823356726514,-0.5226884673322707,-0.400088340933128,6.8003727674914005,7.953255103164052,6.507329298838518,6.27768430015913,6.41583968067717,6.400284426558272,-0.400088340933128,6.400284426558272,0.8952791098765867,-5.174675104176586,-4.132551138216551,-2.349516433734719,1.7104468853139558,3.790706964546365,5.521261715174053,position_history,879,veteran_with_history,v2_next_year_beta_20260828T213408Z_741eb3cf,milestone_3_20260828T210736Z_903d8f44,v2_next_year_expert_residual_v1,beta,6a9a803feee65cd1bd54f3b013594fb56a3c5c3eb6f65caf5c7e61ffee7bb0e6,shadow
5f181148-8039-5a5d-8853-1c5933eb3079,00-0039394,Casey Washington,2026,2027,WR,CAR,confirmed,0.7516470588235294,,,,0,0,target_incomplete,0.0,2.0,1,1.0,,0.41843961192049095,0.31032025165299093,0.561304531171307,2.508181489268794,2.167122183852981,1.1528823356726514,2.404114805939297,2.359806159687024,0.7516470588235294,1.9045293944961807,3.2598285480923233,3.1557618647628263,2.91876924267651,3.1114532185105532,2.359806159687024,3.1114532185105532,0.41843961192049095,-5.174675104176586,-4.132551138216551,-2.349516433734719,1.7104468853139558,3.790706964546365,5.521261715174053,position_history,879,veteran_with_history,v2_next_year_beta_20260828T213408Z_741eb3cf,milestone_3_20260828T210736Z_903d8f44,v2_next_year_expert_residual_v1,beta,6a9a803feee65cd1bd54f3b013594fb56a3c5c3eb6f65caf5c7e61ffee7bb0e6,shadow
5f75f821-b099-5514-afb2-ea5f3b57c5c6,00-0029892,Kyle Juszczyk,2026,2027,RB,SF,confirmed,2.3855363321799308,,,,0,0,target_incomplete,0.0,13.0,1,6.0,293.58500000000004,0.4664571294271292,0.5137732503224886,0.4764771129433249,0.020952166182387044,1.3026286942630172,-0.003976381530407134,1.5438809390210266,0.9558205998221436,2.3855363321799308,2.3815599506495237,2.406488498362318,3.9294172712009576,3.688165026442948,3.3413569320020744,0.9558205998221436,3.3413569320020744,0.4664571294271292,-5.775864899111019,-4.643358820238846,-2.737069962073368,1.761662089777431,5.120078841022579,6.865731939366032,position_history,561,veteran_with_history,v2_next_year_beta_20260828T213408Z_741eb3cf,milestone_3_20260828T210736Z_903d8f44,v2_next_year_expert_residual_v1,beta,6a9a803feee65cd1bd54f3b013594fb56a3c5c3eb6f65caf5c7e61ffee7bb0e6,shadow
5f8a4d91-71ee-5d56-ae92-8242179f3605,00-0038447,Dontay Demus Jr.,2026,2027,WR,,confirmed,,,,,0,0,target_incomplete,0.0,3.0,0,,299.0,0.42287298324131356,0.33902290467606844,0.561304531171307,,,,,,,,,,,,,,0.42287298324131356,-5.247028493584627,-4.168147262586337,-2.4882348181433445,1.7215690384925635,4.092107755797534,5.673306043718701,position,1398,other_no_history,v2_next_year_beta_20260828T213408Z_741eb3cf,milestone_3_20260828T210736Z_903d8f44,v2_next_year_expert_residual_v1,beta,6a9a803feee65cd1bd54f3b013594fb56a3c5c3eb6f65caf5c7e61ffee7bb0e6,shadow
5f9ed7b0-164d-57be-83ca-a92c65ec627f,00-0040894,Malik Benson,2026,2027,WR,LVR,confirmed,2.2109929782723885,,,,0,0,target_incomplete,1.0,0.0,0,6.0,311.16999999999996,0.705764760433472,0.8296790028518907,0.5968118837409765,2.1840973423635974,2.39851790006061,2.727429987360483,2.1524826658197047,2.245032636081304,2.2109929782723885,4.9384229656328715,4.395090320635986,4.363475644092093,4.6095108783329986,4.456025614353693,2.245032636081304,4.456025614353693,0.705764760433472,-5.241847632097132,-4.420861613449043,-2.79275194455823,1.666671205196188,3.4416152985046184,5.164736756719793,position_history,250,rookie,v2_next_year_beta_20260828T213408Z_741eb3cf,milestone_3_20260828T210736Z_903d8f44,v2_next_year_expert_residual_v1,beta,6a9a803feee65cd1bd54f3b013594fb56a3c5c3eb6f65caf5c7e61ffee7bb0e6,shadow
5fc4bb15-a2c7-535b-b6d4-7f34d942762c,00-0040277,Jahdae Walker,2026,2027,WR,CHI,confirmed,1.6849176470588236,,,,0,0,target_incomplete,0.0,1.0,1,7.0,280.15,0.6859923923716208,0.8393640849340603,0.561305717008435,3.369584302720565,3.2643153089249553,1.6282505450092744,2.549292753677969,3.0610641217744963,1.6849176470588236,3.313168192068098,5.054501949779389,4.234210400736792,4.949232955983779,4.74598176883332,3.0610641217744963,4.74598176883332,0.6859923923716208,-5.290117666656729,-4.500130273045835,-2.703400287276647,1.85750718837489,4.640355612959511,5.846307043900342,position_history,246,second_year,v2_next_year_beta_20260828T213408Z_741eb3cf,milestone_3_20260828T210736Z_903d8f44,v2_next_year_expert_residual_v1,beta,6a9a803feee65cd1bd54f3b013594fb56a3c5c3eb6f65caf5c7e61ffee7bb0e6,shadow
60ca5001-d255-503d-8012-e65330795a48,00-0030061,Zach Ertz,2026,2027,TE,WAS,confirmed,,,,,0,0,target_incomplete,0.0,13.0,1,1.0,354.61,0.1830306676035183,0.18570078754575176,0.4951784667648797,,,,,,,,,,,,,,0.1830306676035183,-3.2358565481832877,-2.66710551537136,-1.8857939720040764,1.062470480921867,3.115963575900585,4.606394156586925,position_history,517,veteran_with_history,v2_next_year_beta_20260828T213408Z_741eb3cf,milestone_3_20260828T210736Z_903d8f44,v2_next_year_expert_residual_v1,beta,6a9a803feee65cd1bd54f3b013594fb56a3c5c3eb6f65caf5c7e61ffee7bb0e6,shadow
60eef985-7b6c-5df2-88c7-1236d6e65f95,00-0036913,Kadarius Toney,2026,2027,WR,,confirmed,,,,,0,0,target_incomplete,0.0,5.0,1,,264.0,0.39624691536018863,0.40164470258035706,0.5809258307011029,,,,,,,,,,,,,,0.39624691536018863,-5.174675104176586,-4.132551138216551,-2.349516433734719,1.7104468853139558,3.790706964546365,5.521261715174053,position_history,879,veteran_with_history,v2_next_year_beta_20260828T213408Z_741eb3cf,milestone_3_20260828T210736Z_903d8f44,v2_next_year_expert_residual_v1,beta,6a9a803feee65cd1bd54f3b013594fb56a3c5c3eb6f65caf5c7e61ffee7bb0e6,shadow
610c896f-05a0-55bd-881a-be3467fc1afb,00-0033319,Nick Mullens,2026,2027,QB,JAC,confirmed,1.0311294117647058,,,,0,0,target_incomplete,0.0,9.0,1,5.0,316.96000000000004,0.4443994496427875,0.44217326269650126,0.5472605688041711,6.099764980949169,9.53748585559947,3.0996677277257425,10.708087714332889,8.78177951696051,1.0311294117647058,4.130797139490449,7.130894392713875,11.739217126097595,10.568615267364176,9.812908928725216,8.78177951696051,9.812908928725216,0.4443994496427875,-8.06412819759558,-5.734041511578347,-2.864465114852388,2.783835279116431,6.020518964099286,6.909064297162426,position_history,209,veteran_with_history,v2_next_year_beta_20260828T213408Z_741eb3cf,milestone_3_20260828T210736Z_903d8f44,v2_next_year_expert_residual_v1,beta,6a9a803feee65cd1bd54f3b013594fb56a3c5c3eb6f65caf5c7e61ffee7bb0e6,shadow
611de95b-347f-52d2-a347-03afea0c3eac,00-0036497,Tim Jones,2026,2027,WR,JAC,confirmed,0.3764705882352941,,,,0,0,target_incomplete,0.0,5.0,1,1.0,,0.31361824735008237,0.22980327527465239,0.5809258307011029,1.9870230667902395,2.1743052469841992,0.36463526135546426,2.354080356206581,2.171802889993673,0.3764705882352941,0.7411058495907583,2.3634936550255334,2.730550944441875,2.5507758352194934,2.548273478228967,2.171802889993673,2.548273478228967,0.31361824735008237,-5.174675104176586,-4.132551138216551,-2.349516433734719,1.7104468853139558,3.790706964546365,5.521261715174053,position_history,879,veteran_with_history,v2_next_year_beta_20260828T213408Z_741eb3cf,milestone_3_20260828T210736Z_903d8f44,v2_next_year_expert_residual_v1,beta,6a9a803feee65cd1bd54f3b013594fb56a3c5c3eb6f65caf5c7e61ffee7bb0e6,shadow
617a9148-7a79-57c1-b3da-0f04455377c4,00-0039066,Michael Mayer,2026,2027,TE,LVR,confirmed,4.254705882352941,,,,0,0,target_incomplete,0.0,3.0,1,7.0,292.96000000000004,0.8928658012730798,0.946697357868327,0.5866373331518034,0.46505848171346076,0.9438647434342,0.9813959523087957,0.8539973376627794,0.7543068542701468,4.254705882352941,5.236101834661737,4.719764364066402,5.1087032200157205,5.198570625787141,5.009012736623088,0.7543068542701468,5.009012736623088,0.8928658012730798,-3.2358565481832877,-2.66710551537136,-1.8857939720040764,1.062470480921867,3.115963575900585,4.606394156586925,position_history,517,veteran_with_history,v2_next_year_beta_20260828T213408Z_741eb3cf,milestone_3_20260828T210736Z_903d8f44,v2_next_year_expert_residual_v1,beta,6a9a803feee65cd1bd54f3b013594fb56a3c5c3eb6f65caf5c7e61ffee7bb0e6,shadow
61d0b949-1814-527f-8b26-2b02b1e53822,00-0034383,Dalton Schultz,2026,2027,TE,HOU,confirmed,6.886176470588235,,,,0,0,target_incomplete,0.0,8.0,1,7.0,170.755,0.8397783869996022,0.9274141850121574,0.5338622493006663,-1.0719806295688472,-0.9311065929313487,-0.08955813866931404,-0.870696338525572,-0.957927853675256,6.886176470588235,6.796618331918921,5.814195841019387,6.015480132062663,5.955069877656886,5.928248616912979,-0.957927853675256,5.928248616912979,0.8397783869996022,-3.2358565481832877,-2.66710551537136,-1.8857939720040764,1.062470480921867,3.115963575900585,4.606394156586925,position_history,517,veteran_with_history,v2_next_year_beta_20260828T213408Z_741eb3cf,milestone_3_20260828T210736Z_903d8f44,v2_next_year_expert_residual_v1,beta,6a9a803feee65cd1bd54f3b013594fb56a3c5c3eb6f65caf5c7e61ffee7bb0e6,shadow
62980c8d-83e9-5b00-be3a-d7b0d971438f,00-0039040,De'Von Achane,2026,2027,RB,MIA,confirmed,14.852941176470589,,,,0,0,target_incomplete,0.0,3.0,1,7.0,14.84,0.9657898629508258,0.9956460288646309,0.6357540079168625,-1.6070213722328113,-1.2655154500998296,0.5942195570070535,-1.3834530169423316,-1.4186632797583243,14.852941176470589,15.447160733477642,13.245919804237777,13.469488159528257,13.587425726370759,13.434277896712265,-1.4186632797583243,13.434277896712265,0.9657898629508258,-5.775864899111019,-4.643358820238846,-2.737069962073368,1.761662089777431,5.120078841022579,6.865731939366032,position_history,561,veteran_with_history,v2_next_year_beta_20260828T213408Z_741eb3cf,milestone_3_20260828T210736Z_903d8f44,v2_next_year_expert_residual_v1,beta,6a9a803feee65cd1bd54f3b013594fb56a3c5c3eb6f65caf5c7e61ffee7bb0e6,shadow
62b13392-e4f0-536b-88d3-67ff9554382a,00-0036630,Tylan Wallace,2026,2027,WR,CLE,confirmed,0.5352941176470588,,,,0,0,target_incomplete,0.0,5.0,1,1.0,,0.35326033680710955,0.3174380235910444,0.5809258307011029,2.153356240158733,2.1796402290890367,0.36463526135546426,2.2448545980058214,2.192617022417864,0.5352941176470588,0.8999293790025231,2.6886503578057916,2.78014871565288,2.7149343467360953,2.7279111400649225,2.192617022417864,2.7279111400649225,0.35326033680710955,-5.174675104176586,-4.132551138216551,-2.349516433734719,1.7104468853139558,3.790706964546365,5.521261715174053,position_history,879,veteran_with_history,v2_next_year_beta_20260828T213408Z_741eb3cf,milestone_3_20260828T210736Z_903d8f44,v2_next_year_expert_residual_v1,beta,6a9a803feee65cd1bd54f3b013594fb56a3c5c3eb6f65caf5c7e61ffee7bb0e6,shadow
63014afe-199b-5e17-b176-693b67b0d9a3,00-0035021,Ashton Dulin,2026,2027,WR,IND,confirmed,2.5489700582935897,,,,0,0,target_incomplete,0.0,7.0,1,6.0,328.8575,0.6094596579792801,0.694903200160913,0.5494986889348197,-0.21881408189311502,1.2797958620689172,-0.3337587311176249,1.5341119633019287,0.8650312478259102,2.5489700582935897,2.2152113271759646,2.3301559764004747,4.083082021595518,3.828765920362507,3.4140013061195,0.8650312478259102,3.4140013061195,0.6094596579792801,-5.174675104176586,-4.132551138216551,-2.349516433734719,1.7104468853139558,3.790706964546365,5.521261715174053,position_history,879,veteran_with_history,v2_next_year_beta_20260828T213408Z_741eb3cf,milestone_3_20260828T210736Z_903d8f44,v2_next_year_expert_residual_v1,beta,6a9a803feee65cd1bd54f3b013594fb56a3c5c3eb6f65caf5c7e61ffee7bb0e6,shadow
63506525-a27c-5f19-9fed-b2178437f706,,Jarveon Howard,2026,2027,RB,,provisional,,,,,0,0,target_incomplete,,,0,,305.0,0.4698826356218612,3.428740593018768e-05,0.6090448367141896,,,,,,,,,,,,,,0.4698826356218612,-5.658583028392476,-4.443360307688951,-2.67308436298355,2.1764076375313834,5.727661803559764,7.457871538403787,position,918,unknown_experience,v2_next_year_beta_20260828T213408Z_741eb3cf,milestone_3_20260828T210736Z_903d8f44,v2_next_year_expert_residual_v1,beta,6a9a803feee65cd1bd54f3b013594fb56a3c5c3eb6f65caf5c7e61ffee7bb0e6,shadow
63af1565-90e5-5f15-a775-1285bbe0c766,00-0039921,Trey Benson,2026,2027,RB,ARI,confirmed,0.5,,,,0,0,target_incomplete,0.0,2.0,1,3.0,314.8175,0.5881337876446859,0.7853197987466293,0.6357540079168625,3.626491149795153,2.9601813345551498,0.5942195570070535,2.6665942111922036,3.0844222318475025,0.5,1.0942195570070536,4.126491149795153,3.1665942111922036,3.4601813345551498,3.5844222318475025,3.0844222318475025,3.5844222318475025,0.5881337876446859,-5.775864899111019,-4.643358820238846,-2.737069962073368,1.761662089777431,5.120078841022579,6.865731939366032,position_history,561,veteran_with_history,v2_next_year_beta_20260828T213408Z_741eb3cf,milestone_3_20260828T210736Z_903d8f44,v2_next_year_expert_residual_v1,beta,6a9a803feee65cd1bd54f3b013594fb56a3c5c3eb6f65caf5c7e61ffee7bb0e6,shadow
63b10701-6328-57f6-a955-d01775177db6,00-0034960,Jakobi Meyers,2026,2027,WR,JAC,confirmed,8.741176470588234,,,,0,0,target_incomplete,0.0,7.0,1,7.0,117.0,0.7746425858651065,0.8824159871301887,0.5494986889348197,-1.018396969804277,-1.3342560815876379,-0.3337587311176249,-1.26717059894961,-1.206607883447175,8.741176470588234,8.40741773947061,7.7227795007839575,7.474005871638624,7.406920389000597,7.5345685871410595,-1.206607883447175,7.5345685871410595,0.7746425858651065,-5.174675104176586,-4.132551138216551,-2.349516433734719,1.7104468853139558,3.790706964546365,5.521261715174053,position_history,879,veteran_with_history,v2_next_year_beta_20260828T213408Z_741eb3cf,milestone_3_20260828T210736Z_903d8f44,v2_next_year_expert_residual_v1,beta,6a9a803feee65cd1bd54f3b013594fb56a3c5c3eb6f65caf5c7e61ffee7bb0e6,shadow
63bb3342-b397-59a1-8e96-925f297382a3,00-0035228,Kyler Murray,2026,2027,QB,MIN,confirmed,15.234882352941176,,,,0,0,target_incomplete,0.0,7.0,1,7.0,119.6125,0.8388218769638658,0.9717635028826299,0.5472605688041711,1.3429475117912126,-0.34941898910490765,3.0996677277257425,-0.4621848093022579,0.17711457112801568,15.234882352941176,18.33455008066692,16.577829864732387,14.772697543638918,14.885463363836267,15.411996924069191,0.17711457112801568,15.411996924069191,0.8388218769638658,-8.06412819759558,-5.734041511578347,-2.864465114852388,2.783835279116431,6.020518964099286,6.909064297162426,position_history,209,veteran_with_history,v2_next_year_beta_20260828T213408Z_741eb3cf,milestone_3_20260828T210736Z_903d8f44,v2_next_year_expert_residual_v1,beta,6a9a803feee65cd1bd54f3b013594fb56a3c5c3eb6f65caf5c7e61ffee7bb0e6,shadow
640a0120-6db7-56de-864c-0c9202b28aa5,00-0041510,Max Klare,2026,2027,TE,LAR,confirmed,1.588235294117647,,,,0,0,target_incomplete,1.0,0.0,0,5.0,320.48,0.8442317577303212,0.8641123460368726,0.6038558673610269,2.646941683662934,1.9827181231560151,2.0843437891501377,2.2561963991167424,2.295285401978564,1.588235294117647,3.6725790832677845,4.235176977780581,3.844431693234389,3.570953417273662,3.8835206960962108,2.295285401978564,3.8835206960962108,0.8442317577303212,-4.352633110913855,-3.4831286225578566,-2.493896993771685,0.469156909097479,2.047935247444171,3.443435937814943,position_history,121,rookie,v2_next_year_beta_20260828T213408Z_741eb3cf,milestone_3_20260828T210736Z_903d8f44,v2_next_year_expert_residual_v1,beta,6a9a803feee65cd1bd54f3b013594fb56a3c5c3eb6f65caf5c7e61ffee7bb0e6,shadow
64795f7e-ed84-56aa-8771-d2ea5ca346c0,00-0036022,Steven Montez,2026,2027,QB,,confirmed,,,,,0,0,target_incomplete,0.0,6.0,0,,365.0,0.3279208102903614,0.24931323825107635,0.48962908340472044,,,,,,,,,,,,,,0.3279208102903614,-8.45552130817761,-6.586595987192735,-2.9812738228535967,2.974665977858852,6.51934127264136,8.784757686121404,position,274,other_no_history,v2_next_year_beta_20260828T213408Z_741eb3cf,milestone_3_20260828T210736Z_903d8f44,v2_next_year_expert_residual_v1,beta,6a9a803feee65cd1bd54f3b013594fb56a3c5c3eb6f65caf5c7e61ffee7bb0e6,shadow
648a438e-7b9e-5d04-b2aa-9188b13b2542,00-0038579,Aidan O'Connell,2026,2027,QB,LVR,confirmed,,,,,0,0,target_incomplete,0.0,3.0,1,2.0,358.77275,0.3040641198227853,0.4858596422623913,0.4649623649904308,,,,,,,,,,,,,,0.3040641198227853,-8.06412819759558,-5.734041511578347,-2.864465114852388,2.783835279116431,6.020518964099286,6.909064297162426,position_history,209,veteran_with_history,v2_next_year_beta_20260828T213408Z_741eb3cf,milestone_3_20260828T210736Z_903d8f44,v2_next_year_expert_residual_v1,beta,6a9a803feee65cd1bd54f3b013594fb56a3c5c3eb6f65caf5c7e61ffee7bb0e6,shadow
64bdc3e5-fcaa-5cd7-8268-c92848fa4696,00-0039342,Xavier Legette,2026,2027,WR,CAR,confirmed,4.687058823529412,,,,0,0,target_incomplete,0.0,2.0,1,7.0,309.885,0.9003323672585499,0.9393816468797105,0.561304531171307,0.36903359320549534,0.6375250906711579,1.1528823356726514,0.43358395411328593,0.48004754599664645,4.687058823529412,5.839941159202064,5.0560924167349075,5.120642777642698,5.32458391420057,5.167106369526058,0.48004754599664645,5.167106369526058,0.9003323672585499,-5.174675104176586,-4.132551138216551,-2.349516433734719,1.7104468853139558,3.790706964546365,5.521261715174053,position_history,879,veteran_with_history,v2_next_year_beta_20260828T213408Z_741eb3cf,milestone_3_20260828T210736Z_903d8f44,v2_next_year_expert_residual_v1,beta,6a9a803feee65cd1bd54f3b013594fb56a3c5c3eb6f65caf5c7e61ffee7bb0e6,shadow
64f25ddc-f70b-5cde-9d71-a8c24b2e8e24,00-0040179,DJ Giddens,2026,2027,RB,IND,confirmed,1.9517647058823528,,,,0,0,target_incomplete,0.0,1.0,1,7.0,301.775,0.7230133707598279,0.8757052827665862,0.6097613512933316,2.03548559857989,2.0841733501662074,1.403342687822953,2.290266822727439,2.1366419238245125,1.9517647058823528,3.355107393705306,3.987250304462243,4.242031528609791,4.03593805604856,4.088406629706865,2.1366419238245125,4.088406629706865,0.7230133707598279,-5.48615073240633,-4.244920053205529,-2.730536823343935,2.745851062339551,6.172636499559855,7.5044937746885285,position_history,171,second_year,v2_next_year_beta_20260828T213408Z_741eb3cf,milestone_3_20260828T210736Z_903d8f44,v2_next_year_expert_residual_v1,beta,6a9a803feee65cd1bd54f3b013594fb56a3c5c3eb6f65caf5c7e61ffee7bb0e6,shadow
654683ca-12f1-5c78-80a0-be8919375a3e,00-0034348,Courtland Sutton,2026,2027,WR,DEN,confirmed,8.923529411764706,,,,0,0,target_incomplete,0.0,8.0,1,7.0,77.929937,0.8989688318893853,0.9430546685302663,0.5494986889348197,-0.8794244455166358,-1.0620400774506755,-0.3337587311176249,-1.262891898408799,-1.0681188071253702,8.923529411764706,8.589770680647081,8.04410496624807,7.6606375133559075,7.86148933431403,7.855410604639336,-1.0681188071253702,7.855410604639336,0.8989688318893853,-5.174675104176586,-4.132551138216551,-2.349516433734719,1.7104468853139558,3.790706964546365,5.521261715174053,position_history,879,veteran_with_history,v2_next_year_beta_20260828T213408Z_741eb3cf,milestone_3_20260828T210736Z_903d8f44,v2_next_year_expert_residual_v1,beta,6a9a803feee65cd1bd54f3b013594fb56a3c5c3eb6f65caf5c7e61ffee7bb0e6,shadow
6574b4a8-8874-5229-984b-0f984a9a336e,00-0037292,Andrew Ogletree,2026,2027,TE,IND,confirmed,0.6860470588235295,,,,0,0,target_incomplete,0.0,4.0,1,3.0,,0.6265390296691764,0.5371985620292962,0.5754647011414279,1.9509609889117792,2.074306613059368,0.6249159376606653,2.144751017772198,2.056672873247782,0.6860470588235295,1.3109629964841947,2.637008047735309,2.8307980765957272,2.7603536718828976,2.7427199320713114,2.056672873247782,2.7427199320713114,0.6265390296691764,-3.2358565481832877,-2.66710551537136,-1.8857939720040764,1.062470480921867,3.115963575900585,4.606394156586925,position_history,517,veteran_with_history,v2_next_year_beta_20260828T213408Z_741eb3cf,milestone_3_20260828T210736Z_903d8f44,v2_next_year_expert_residual_v1,beta,6a9a803feee65cd1bd54f3b013594fb56a3c5c3eb6f65caf5c7e61ffee7bb0e6,shadow
66716a6f-266c-553a-90c5-f716aac7b801,00-0041047,Chris Brazzell II,2026,2027,WR,CAR,confirmed,,,,,0,0,target_incomplete,1.0,0.0,0,,355.0,0.70430866814317,0.5928629868008995,0.5968118837409765,,,,,,,,,,,,,,0.70430866814317,-5.241847632097132,-4.420861613449043,-2.79275194455823,1.666671205196188,3.4416152985046184,5.164736756719793,position_history,250,rookie,v2_next_year_beta_20260828T213408Z_741eb3cf,milestone_3_20260828T210736Z_903d8f44,v2_next_year_expert_residual_v1,beta,6a9a803feee65cd1bd54f3b013594fb56a3c5c3eb6f65caf5c7e61ffee7bb0e6,shadow
66c24f07-355a-51ad-805a-6010b844efe5,00-0037247,George Pickens,2026,2027,WR,DAL,confirmed,11.610588235294117,,,,0,0,target_incomplete,0.0,4.0,1,7.0,24.0148625,0.9669236382402807,0.9886864946400876,0.5809258307011029,-0.6957488635197762,-0.5798629669447802,0.36463526135546426,-0.5258734136222989,-0.600495081362285,11.610588235294117,11.975223496649582,10.91483937177434,11.084714821671817,11.030725268349336,11.010093153931832,-0.600495081362285,11.010093153931832,0.9669236382402807,-5.174675104176586,-4.132551138216551,-2.349516433734719,1.7104468853139558,3.790706964546365,5.521261715174053,position_history,879,veteran_with_history,v2_next_year_beta_20260828T213408Z_741eb3cf,milestone_3_20260828T210736Z_903d8f44,v2_next_year_expert_residual_v1,beta,6a9a803feee65cd1bd54f3b013594fb56a3c5c3eb6f65caf5c7e61ffee7bb0e6,shadow
673c87a6-46ec-5e56-a981-a91c7a9a9754,00-0038576,Charlie Jones,2026,2027,WR,CIN,confirmed,0.052941176470588235,,,,0,0,target_incomplete,0.0,3.0,1,3.0,451.0,0.3551373108626748,0.5401032490457789,0.561304531171307,1.8508849539174832,2.224907111584553,1.1528823356726514,2.346172526445533,2.140654863982523,0.052941176470588235,1.2058235121432397,1.9038261303880715,2.399113702916121,2.277848288055141,2.193596040453111,2.140654863982523,2.193596040453111,0.3551373108626748,-5.174675104176586,-4.132551138216551,-2.349516433734719,1.7104468853139558,3.790706964546365,5.521261715174053,position_history,879,veteran_with_history,v2_next_year_beta_20260828T213408Z_741eb3cf,milestone_3_20260828T210736Z_903d8f44,v2_next_year_expert_residual_v1,beta,6a9a803feee65cd1bd54f3b013594fb56a3c5c3eb6f65caf5c7e61ffee7bb0e6,shadow
67603a88-cade-50e4-9720-302576eb2962,00-0040784,Quinshon Judkins,2026,2027,RB,CLE,confirmed,11.841176470588236,,,,0,0,target_incomplete,0.0,1.0,1,7.0,52.6075,0.956683032767246,0.9929376413282888,0.6097613512933316,-1.0843102626063845,-0.5526366841472282,1.403342687822953,-0.7968555465742878,-0.811267497775967,11.841176470588236,13.244519158411189,10.756866207981851,11.044320924013949,11.288539786441008,11.029908972812269,-0.811267497775967,11.029908972812269,0.956683032767246,-5.48615073240633,-4.244920053205529,-2.730536823343935,2.745851062339551,6.172636499559855,7.5044937746885285,position_history,171,second_year,v2_next_year_beta_20260828T213408Z_741eb3cf,milestone_3_20260828T210736Z_903d8f44,v2_next_year_expert_residual_v1,beta,6a9a803feee65cd1bd54f3b013594fb56a3c5c3eb6f65caf5c7e61ffee7bb0e6,shadow
67624741-ae74-58bd-be6d-43699908cd2e,00-0035805,Chase Harrell,2026,2027,TE,,confirmed,,,,,0,0,target_incomplete,0.0,6.0,0,,272.0,0.2857537801232997,0.3740734307908661,0.5754647011414279,,,,,,,,,,,,,,0.2857537801232997,-3.6225321557766907,-2.8499637328378338,-2.028437724279195,0.7483585564925581,2.9171121138029883,4.3897953300095,position,778,other_no_history,v2_next_year_beta_20260828T213408Z_741eb3cf,milestone_3_20260828T210736Z_903d8f44,v2_next_year_expert_residual_v1,beta,6a9a803feee65cd1bd54f3b013594fb56a3c5c3eb6f65caf5c7e61ffee7bb0e6,shadow
677b8fa5-8879-5913-8a35-9a71859ab8a3,00-0033699,Austin Ekeler,2026,2027,RB,WAS,confirmed,,,,,0,0,target_incomplete,0.0,9.0,1,1.0,351.825,0.2791256484025848,0.1204013729243235,0.5443934450622839,,,,,,,,,,,,,,0.2791256484025848,-5.775864899111019,-4.643358820238846,-2.737069962073368,1.761662089777431,5.120078841022579,6.865731939366032,position_history,561,veteran_with_history,v2_next_year_beta_20260828T213408Z_741eb3cf,milestone_3_20260828T210736Z_903d8f44,v2_next_year_expert_residual_v1,beta,6a9a803feee65cd1bd54f3b013594fb56a3c5c3eb6f65caf5c7e61ffee7bb0e6,shadow
67bb51a6-823c-52b7-9c2c-5dddf49766a5,00-0041069,Colbie Young,2026,2027,WR,CIN,confirmed,2.4015000000000004,,,,0,0,target_incomplete,1.0,0.0,0,6.0,307.25,0.6981914854525303,0.8397579568046186,0.5968118837409765,2.60969015477293,2.076723652742809,2.727429987360483,2.2436856657853714,2.310033157767037,2.4015000000000004,5.1289299873604834,5.0111901547729305,4.645185665785371,4.478223652742809,4.711533157767038,2.310033157767037,4.711533157767038,0.6981914854525303,-5.241847632097132,-4.420861613449043,-2.79275194455823,1.666671205196188,3.4416152985046184,5.164736756719793,position_history,250,rookie,v2_next_year_beta_20260828T213408Z_741eb3cf,milestone_3_20260828T210736Z_903d8f44,v2_next_year_expert_residual_v1,beta,6a9a803feee65cd1bd54f3b013594fb56a3c5c3eb6f65caf5c7e61ffee7bb0e6,shadow
688156c3-013d-5904-b03e-9847f7111cb0,00-0040317,Jacoby Jones,2026,2027,WR,,confirmed,,,,,0,0,target_incomplete,0.0,1.0,1,,358.0,0.4245412638831492,0.4865280827013748,0.561305717008435,,,,,,,,,,,,,,0.4245412638831492,-5.290117666656729,-4.500130273045835,-2.703400287276647,1.85750718837489,4.640355612959511,5.846307043900342,position_history,246,second_year,v2_next_year_beta_20260828T213408Z_741eb3cf,milestone_3_20260828T210736Z_903d8f44,v2_next_year_expert_residual_v1,beta,6a9a803feee65cd1bd54f3b013594fb56a3c5c3eb6f65caf5c7e61ffee7bb0e6,shadow
68994999-f557-5d42-8945-6914dabddbf2,00-0039107,Stetson Bennett,2026,2027,QB,LAR,confirmed,,,,,0,0,target_incomplete,0.0,3.0,0,2.0,313.555,0.28198078712881414,0.4570929093539834,0.4649623649904308,,,,,,,,,,,,,,0.28198078712881414,-8.45552130817761,-6.586595987192735,-2.9812738228535967,2.974665977858852,6.51934127264136,8.784757686121404,position,274,other_no_history,v2_next_year_beta_20260828T213408Z_741eb3cf,milestone_3_20260828T210736Z_903d8f44,v2_next_year_expert_residual_v1,beta,6a9a803feee65cd1bd54f3b013594fb56a3c5c3eb6f65caf5c7e61ffee7bb0e6,shadow
68a8b38b-fadc-5a25-95a2-699a94e5f913,00-0036997,Javonte Williams,2026,2027,RB,DAL,confirmed,13.4,,,,0,0,target_incomplete,0.0,5.0,1,7.0,31.336661499999998,0.9615834304240806,0.9914206274197457,0.5951913648732261,-2.3237433078445022,-1.3835273467613651,-0.13301155778163867,-1.904268916051255,-1.8705131902190406,13.4,13.266988442218361,11.076256692155498,11.495731083948746,12.016472653238635,11.529486809780959,-1.8705131902190406,11.529486809780959,0.9615834304240806,-5.775864899111019,-4.643358820238846,-2.737069962073368,1.761662089777431,5.120078841022579,6.865731939366032,position_history,561,veteran_with_history,v2_next_year_beta_20260828T213408Z_741eb3cf,milestone_3_20260828T210736Z_903d8f44,v2_next_year_expert_residual_v1,beta,6a9a803feee65cd1bd54f3b013594fb56a3c5c3eb6f65caf5c7e61ffee7bb0e6,shadow
692bc583-0422-5aae-899a-c54b8e81bbcb,00-0040534,Ke'Shawn Williams,2026,2027,WR,CIN,confirmed,0.09367058823529412,,,,0,0,target_incomplete,0.0,1.0,1,3.0,,0.3469413006278996,0.637138723216042,0.561305717008435,3.0450879185019675,2.4580320133482343,1.6282505450092744,2.5236196821291963,2.675579871326466,0.09367058823529412,1.7219211332445685,3.1387585067372616,2.6172902703644905,2.5517026015835285,2.76925045956176,2.675579871326466,2.76925045956176,0.3469413006278996,-5.290117666656729,-4.500130273045835,-2.703400287276647,1.85750718837489,4.640355612959511,5.846307043900342,position_history,246,second_year,v2_next_year_beta_20260828T213408Z_741eb3cf,milestone_3_20260828T210736Z_903d8f44,v2_next_year_expert_residual_v1,beta,6a9a803feee65cd1bd54f3b013594fb56a3c5c3eb6f65caf5c7e61ffee7bb0e6,shadow
692ed3ce-f07d-5199-84d7-2a7b0f80a70e,00-0031237,Teddy Bridgewater,2026,2027,QB,DET,confirmed,,,,,0,0,target_incomplete,0.0,12.0,1,,274.78075,0.26096952077840263,0.16675819584538626,0.5462074876103052,,,,,,,,,,,,,,0.26096952077840263,-8.06412819759558,-5.734041511578347,-2.864465114852388,2.783835279116431,6.020518964099286,6.909064297162426,position_history,209,veteran_with_history,v2_next_year_beta_20260828T213408Z_741eb3cf,milestone_3_20260828T210736Z_903d8f44,v2_next_year_expert_residual_v1,beta,6a9a803feee65cd1bd54f3b013594fb56a3c5c3eb6f65caf5c7e61ffee7bb0e6,shadow
692ed3f1-329a-55fe-8573-5c1dcc933ee5,00-0036182,Nick Westbrook-Ikhine,2026,2027,WR,IND,confirmed,0.8309797363761559,,,,0,0,target_incomplete,0.0,6.0,1,6.0,337.52750000000003,0.5143820921000088,0.5005839535850393,0.5809258307011029,1.655077502644233,1.7945747797107936,0.36463526135546426,2.1586984810698167,1.8694502544749476,0.8309797363761559,1.1956149977316202,2.486057239020389,2.9896782174459724,2.6255545160869493,2.7004299908511036,1.8694502544749476,2.7004299908511036,0.5143820921000088,-5.174675104176586,-4.132551138216551,-2.349516433734719,1.7104468853139558,3.790706964546365,5.521261715174053,position_history,879,veteran_with_history,v2_next_year_beta_20260828T213408Z_741eb3cf,milestone_3_20260828T210736Z_903d8f44,v2_next_year_expert_residual_v1,beta,6a9a803feee65cd1bd54f3b013594fb56a3c5c3eb6f65caf5c7e61ffee7bb0e6,shadow
69cbb5d7-4c1a-59c6-aaec-69ba1363fa3b,00-0037594,Julius Chestnut,2026,2027,RB,TEN,confirmed,0.11400588235294118,,,,0,0,target_incomplete,0.0,4.0,1,1.0,419.5,0.3626005839918944,0.4547152483997091,0.5951913648732261,2.06123175975163,3.217710446283446,-0.13301155778163867,2.621920577202641,2.6336209277459055,0.11400588235294118,0.0,2.175237642104571,2.735926459555582,3.331716328636387,2.7476268100988466,2.6336209277459055,2.7476268100988466,0.3626005839918944,-5.775864899111019,-4.643358820238846,-2.737069962073368,1.761662089777431,5.120078841022579,6.865731939366032,position_history,561,veteran_with_history,v2_next_year_beta_20260828T213408Z_741eb3cf,milestone_3_20260828T210736Z_903d8f44,v2_next_year_expert_residual_v1,beta,6a9a803feee65cd1bd54f3b013594fb56a3c5c3eb6f65caf5c7e61ffee7bb0e6,shadow
6a9a206f-e15c-53c7-a74e-1946694240b4,00-0041178,Robert Henry Jr.,2026,2027,RB,WAS,confirmed,0.47048235294117646,,,,0,0,target_incomplete,1.0,0.0,0,2.0,316.28499999999997,0.47627494299211676,0.5577772806778339,0.6553958879420866,3.2075169460948714,2.793624534549812,2.8830872316241134,2.685409979707359,2.895517153450681,0.47048235294117646,3.3535695845652898,3.6779992990360477,3.1558923326485355,3.264106887490988,3.3659995063918573,2.895517153450681,3.3659995063918573,0.47627494299211676,-5.275047966924827,-4.3298006659425265,-2.5364531139387987,2.612371761579932,6.381973266338156,8.832194594599148,position_history,178,rookie,v2_next_year_beta_20260828T213408Z_741eb3cf,milestone_3_20260828T210736Z_903d8f44,v2_next_year_expert_residual_v1,beta,6a9a803feee65cd1bd54f3b013594fb56a3c5c3eb6f65caf5c7e61ffee7bb0e6,shadow
6ae06131-5a20-517e-91f1-41d290c88ecb,00-0040187,Mitchell Evans,2026,2027,TE,CAR,confirmed,1.4747058823529413,,,,0,0,target_incomplete,0.0,1.0,1,6.0,269.0,0.8327101518589634,0.9097253970752047,0.608365821078233,2.857263074625858,2.601296993010761,1.565974887778895,2.7806414564964452,2.7464005080443545,1.4747058823529413,3.0406807701318366,4.331968956978799,4.255347338849386,4.076002875363702,4.221106390397296,2.7464005080443545,4.221106390397296,0.8327101518589634,-3.6339700144720632,-2.951290805531581,-2.182514704742995,0.5014646262834015,2.7463026739883363,3.934592956869509,position_history,129,second_year,v2_next_year_beta_20260828T213408Z_741eb3cf,milestone_3_20260828T210736Z_903d8f44,v2_next_year_expert_residual_v1,beta,6a9a803feee65cd1bd54f3b013594fb56a3c5c3eb6f65caf5c7e61ffee7bb0e6,shadow
6ae72ad2-b94f-5a80-9815-ce7d7b67d98b,00-0035264,Jarrett Stidham,2026,2027,QB,DEN,confirmed,0.9169505882352943,,,,0,0,target_incomplete,0.0,7.0,1,5.0,325.3725,0.3401919228663478,0.5407185711398673,0.5472605688041711,6.294114601532888,9.709459625060417,3.0996677277257425,9.610622866020362,8.538065697537888,0.9169505882352943,4.016618315961037,7.211065189768182,10.527573454255657,10.626410213295712,9.455016285773183,8.538065697537888,9.455016285773183,0.3401919228663478,-8.06412819759558,-5.734041511578347,-2.864465114852388,2.783835279116431,6.020518964099286,6.909064297162426,position_history,209,veteran_with_history,v2_next_year_beta_20260828T213408Z_741eb3cf,milestone_3_20260828T210736Z_903d8f44,v2_next_year_expert_residual_v1,beta,6a9a803feee65cd1bd54f3b013594fb56a3c5c3eb6f65caf5c7e61ffee7bb0e6,shadow
6b29b0b2-3278-56db-a8d1-051278ac2156,00-0036980,Elijah Moore,2026,2027,WR,PHI,confirmed,0.47891764705882356,,,,0,0,target_incomplete,0.0,5.0,1,3.0,452.5,0.41391963236056395,0.494249058388315,0.5809258307011029,2.1812511628252462,3.7061240205515538,0.36463526135546426,2.5002747602918247,2.7958833145562085,0.47891764705882356,0.8435529084142879,2.6601688098840697,2.979192407350648,4.185041667610378,3.274800961615032,2.7958833145562085,3.274800961615032,0.41391963236056395,-5.174675104176586,-4.132551138216551,-2.349516433734719,1.7104468853139558,3.790706964546365,5.521261715174053,position_history,879,veteran_with_history,v2_next_year_beta_20260828T213408Z_741eb3cf,milestone_3_20260828T210736Z_903d8f44,v2_next_year_expert_residual_v1,beta,6a9a803feee65cd1bd54f3b013594fb56a3c5c3eb6f65caf5c7e61ffee7bb0e6,shadow
6b29b830-4d95-5211-8add-69d72ec6fb08,00-0040131,Kyle Williams,2026,2027,WR,NE,confirmed,2.556534526854221,,,,0,0,target_incomplete,0.0,1.0,1,6.0,295.5,0.8371497436645742,0.9029657783023243,0.561305717008435,2.2160833004980587,2.1154504946211223,1.6282505450092744,1.9845844188024084,2.105372737973863,2.556534526854221,4.184785071863495,4.7726178273522795,4.541118945656629,4.671985021475344,4.661907264828084,2.105372737973863,4.661907264828084,0.8371497436645742,-5.290117666656729,-4.500130273045835,-2.703400287276647,1.85750718837489,4.640355612959511,5.846307043900342,position_history,246,second_year,v2_next_year_beta_20260828T213408Z_741eb3cf,milestone_3_20260828T210736Z_903d8f44,v2_next_year_expert_residual_v1,beta,6a9a803feee65cd1bd54f3b013594fb56a3c5c3eb6f65caf5c7e61ffee7bb0e6,shadow
6b7662c9-42db-5c90-a03a-f03f219dff8e,00-0041092,Taylen Green,2026,2027,QB,CLE,confirmed,,,,,0,0,target_incomplete,1.0,0.0,0,1.0,281.63045,0.4097081910879489,0.4513658653110064,0.44978202947919904,,,,,,,,,,,,,,0.4097081910879489,-8.45552130817761,-6.586595987192735,-2.9812738228535967,2.974665977858852,6.51934127264136,8.784757686121404,position,274,rookie,v2_next_year_beta_20260828T213408Z_741eb3cf,milestone_3_20260828T210736Z_903d8f44,v2_next_year_expert_residual_v1,beta,6a9a803feee65cd1bd54f3b013594fb56a3c5c3eb6f65caf5c7e61ffee7bb0e6,shadow
6bb1842b-242c-5a2a-8c8f-643f8cd54285,00-0038658,Adrian Martinez,2026,2027,QB,,confirmed,,,,,0,0,target_incomplete,0.0,2.0,0,1.0,,0.1453622107957536,0.1435041905126825,0.4649623649904308,,,,,,,,,,,,,,0.1453622107957536,-8.45552130817761,-6.586595987192735,-2.9812738228535967,2.974665977858852,6.51934127264136,8.784757686121404,position,274,other_no_history,v2_next_year_beta_20260828T213408Z_741eb3cf,milestone_3_20260828T210736Z_903d8f44,v2_next_year_expert_residual_v1,beta,6a9a803feee65cd1bd54f3b013594fb56a3c5c3eb6f65caf5c7e61ffee7bb0e6,shadow
6bc52e10-146e-5657-86a7-a18757b656a6,00-0033873,Patrick Mahomes,2026,2027,QB,KC,confirmed,16.368823529411763,,,,0,0,target_incomplete,0.0,9.0,1,7.0,103.6325,0.937280176158407,0.980229953782117,0.5472605688041711,1.094824558948999,-0.20651351617263264,3.0996677277257425,-0.3104097870012156,0.19263375192505028,16.368823529411763,19.468491257137504,17.463648088360763,16.058413742410547,16.162310013239132,16.561457281336814,0.19263375192505028,16.561457281336814,0.937280176158407,-8.06412819759558,-5.734041511578347,-2.864465114852388,2.783835279116431,6.020518964099286,6.909064297162426,position_history,209,veteran_with_history,v2_next_year_beta_20260828T213408Z_741eb3cf,milestone_3_20260828T210736Z_903d8f44,v2_next_year_expert_residual_v1,beta,6a9a803feee65cd1bd54f3b013594fb56a3c5c3eb6f65caf5c7e61ffee7bb0e6,shadow
6c1bf6bc-485d-546c-a596-0fa0f57886f6,00-0038606,Parker Washington,2026,2027,WR,JAC,confirmed,9.376470588235296,,,,0,0,target_incomplete,0.0,3.0,1,7.0,64.6225,0.9414583759106246,0.9797906451343624,0.561304531171307,-0.9935350153215752,-0.3649718054808902,1.1528823356726514,-0.58473791131287,-0.6477482440384451,9.376470588235296,10.529352923907947,8.382935572913722,8.791732676922427,9.011498782754407,8.728722344196852,-0.6477482440384451,8.728722344196852,0.9414583759106246,-5.174675104176586,-4.132551138216551,-2.349516433734719,1.7104468853139558,3.790706964546365,5.521261715174053,position_history,879,veteran_with_history,v2_next_year_beta_20260828T213408Z_741eb3cf,milestone_3_20260828T210736Z_903d8f44,v2_next_year_expert_residual_v1,beta,6a9a803feee65cd1bd54f3b013594fb56a3c5c3eb6f65caf5c7e61ffee7bb0e6,shadow
6c290e3c-12bd-594c-97ef-001b19bca16a,00-0040202,Devin Neal,2026,2027,RB,NO,confirmed,1.1452941176470588,,,,0,0,target_incomplete,0.0,1.0,1,5.0,317.955,0.7160019441558545,0.8349966217533888,0.6097613512933316,2.8066319703280804,2.429992993168552,1.403342687822953,2.498248047776215,2.578291003757616,1.1452941176470588,2.5486368054700117,3.9519260879751394,3.6435421654232734,3.5752871108156112,3.7235851214046747,2.578291003757616,3.7235851214046747,0.7160019441558545,-5.48615073240633,-4.244920053205529,-2.730536823343935,2.745851062339551,6.172636499559855,7.5044937746885285,position_history,171,second_year,v2_next_year_beta_20260828T213408Z_741eb3cf,milestone_3_20260828T210736Z_903d8f44,v2_next_year_expert_residual_v1,beta,6a9a803feee65cd1bd54f3b013594fb56a3c5c3eb6f65caf5c7e61ffee7bb0e6,shadow
6cd7b9ec-b088-53b5-b020-476e111dcc7e,00-0038760,Griffin Hebert,2026,2027,TE,,confirmed,,,,,0,0,target_incomplete,0.0,3.0,0,,332.0,0.3562331121273074,0.39321364090886257,0.5866373331518034,,,,,,,,,,,,,,0.3562331121273074,-3.6225321557766907,-2.8499637328378338,-2.028437724279195,0.7483585564925581,2.9171121138029883,4.3897953300095,position,778,other_no_history,v2_next_year_beta_20260828T213408Z_741eb3cf,milestone_3_20260828T210736Z_903d8f44,v2_next_year_expert_residual_v1,beta,6a9a803feee65cd1bd54f3b013594fb56a3c5c3eb6f65caf5c7e61ffee7bb0e6,shadow
6e4ef93f-1261-5bab-9ef2-a620679de8d6,00-0036139,Rico Dowdle,2026,2027,RB,PIT,confirmed,10.158235294117649,,,,0,0,target_incomplete,0.0,6.0,1,7.0,85.413245,0.8925819749958468,0.9536541338344499,0.5951913648732261,-1.613155012657049,-2.2447161846339028,-0.13301155778163867,-2.324091393910923,-2.060654197067292,10.158235294117649,10.02522373633601,8.5450802814606,7.834143900206726,7.913519109483746,8.097581097050357,-2.060654197067292,8.097581097050357,0.8925819749958468,-5.775864899111019,-4.643358820238846,-2.737069962073368,1.761662089777431,5.120078841022579,6.865731939366032,position_history,561,veteran_with_history,v2_next_year_beta_20260828T213408Z_741eb3cf,milestone_3_20260828T210736Z_903d8f44,v2_next_year_expert_residual_v1,beta,6a9a803feee65cd1bd54f3b013594fb56a3c5c3eb6f65caf5c7e61ffee7bb0e6,shadow
6f7957a9-cee4-5157-91cd-ba2cee989882,00-0040568,Lan Larison,2026,2027,RB,NE,confirmed,0.6855294117647058,,,,0,0,target_incomplete,0.0,1.0,0,3.0,320.94,0.48019556253456197,0.5066600086170999,0.6097613512933316,2.452155736492622,2.9049796242970856,1.403342687822953,2.5162732058833646,2.6244695222243575,0.6855294117647058,2.088872099587659,3.1376851482573276,3.2018026176480703,3.5905090360617913,3.309998933989063,2.6244695222243575,3.309998933989063,0.48019556253456197,-5.48615073240633,-4.244920053205529,-2.730536823343935,2.745851062339551,6.172636499559855,7.5044937746885285,position_history,171,second_year,v2_next_year_beta_20260828T213408Z_741eb3cf,milestone_3_20260828T210736Z_903d8f44,v2_next_year_expert_residual_v1,beta,6a9a803feee65cd1bd54f3b013594fb56a3c5c3eb6f65caf5c7e61ffee7bb0e6,shadow
6fa42987-c7cb-5523-b13f-3edc75481002,00-0031687,Raheem Mostert,2026,2027,RB,LVR,confirmed,,,,,0,0,target_incomplete,0.0,11.0,1,,317.02,0.25668950246325367,0.27603969396774686,0.4764771129433249,,,,,,,,,,,,,,0.25668950246325367,-5.775864899111019,-4.643358820238846,-2.737069962073368,1.761662089777431,5.120078841022579,6.865731939366032,position_history,561,veteran_with_history,v2_next_year_beta_20260828T213408Z_741eb3cf,milestone_3_20260828T210736Z_903d8f44,v2_next_year_expert_residual_v1,beta,6a9a803feee65cd1bd54f3b013594fb56a3c5c3eb6f65caf5c7e61ffee7bb0e6,shadow
71f2be9f-ba9c-5830-a626-61d79c55e0ee,,Matt Seybert,2026,2027,TE,,provisional,,,,,0,0,target_incomplete,,,0,,335.0,0.37324397910243784,4.44802723718771e-05,0.5784638182164625,,,,,,,,,,,,,,0.37324397910243784,-3.6225321557766907,-2.8499637328378338,-2.028437724279195,0.7483585564925581,2.9171121138029883,4.3897953300095,position,778,unknown_experience,v2_next_year_beta_20260828T213408Z_741eb3cf,milestone_3_20260828T210736Z_903d8f44,v2_next_year_expert_residual_v1,beta,6a9a803feee65cd1bd54f3b013594fb56a3c5c3eb6f65caf5c7e61ffee7bb0e6,shadow
7206cc5c-2225-5a6b-aa8d-8625f1219075,00-0038134,Kenneth Walker III,2026,2027,RB,KC,confirmed,14.514705882352942,,,,0,0,target_incomplete,0.0,4.0,1,7.0,16.200000000000003,0.948284051585035,0.9920681650988591,0.5951913648732261,-2.240586151686373,-0.998628664916429,-0.13301155778163867,-1.2581872988272216,-1.4991340384766747,14.514705882352942,14.381694324571303,12.27411973066657,13.25651858352572,13.516077217436512,13.015571843876268,-1.4991340384766747,13.015571843876268,0.948284051585035,-5.775864899111019,-4.643358820238846,-2.737069962073368,1.761662089777431,5.120078841022579,6.865731939366032,position_history,561,veteran_with_history,v2_next_year_beta_20260828T213408Z_741eb3cf,milestone_3_20260828T210736Z_903d8f44,v2_next_year_expert_residual_v1,beta,6a9a803feee65cd1bd54f3b013594fb56a3c5c3eb6f65caf5c7e61ffee7bb0e6,shadow
726aa3d5-72b9-55e6-8fb7-21a5f6fa3576,00-0038117,Wan'Dale Robinson,2026,2027,WR,TEN,confirmed,8.1941,,,,0,0,target_incomplete,0.0,4.0,1,7.0,98.1833,0.8576251269234595,0.9583471694959115,0.5809258307011029,-0.05134517480524714,-0.2077280472209164,0.36463526135546426,-0.5165645924197907,-0.2585459381486514,8.1941,8.558735261355466,8.142754825194753,7.67753540758021,7.986371952779084,7.93555406185135,-0.2585459381486514,7.93555406185135,0.8576251269234595,-5.174675104176586,-4.132551138216551,-2.349516433734719,1.7104468853139558,3.790706964546365,5.521261715174053,position_history,879,veteran_with_history,v2_next_year_beta_20260828T213408Z_741eb3cf,milestone_3_20260828T210736Z_903d8f44,v2_next_year_expert_residual_v1,beta,6a9a803feee65cd1bd54f3b013594fb56a3c5c3eb6f65caf5c7e61ffee7bb0e6,shadow
72b2f3f3-b839-5cac-8e3c-3619f6ec239b,00-0034775,Christian Kirk,2026,2027,WR,SF,confirmed,3.260588235294118,,,,0,0,target_incomplete,0.0,8.0,1,7.0,259.735,0.5624413878344724,0.7043481968964612,0.5494986889348197,1.4356076933129476,1.4843317369409403,-0.3337587311176249,1.4140196400861473,1.4446530234466783,3.260588235294118,2.926829504176493,4.696195928607065,4.674607875380265,4.744919972235058,4.705241258740796,1.4446530234466783,4.705241258740796,0.5624413878344724,-5.174675104176586,-4.132551138216551,-2.349516433734719,1.7104468853139558,3.790706964546365,5.521261715174053,position_history,879,veteran_with_history,v2_next_year_beta_20260828T213408Z_741eb3cf,milestone_3_20260828T210736Z_903d8f44,v2_next_year_expert_residual_v1,beta,6a9a803feee65cd1bd54f3b013594fb56a3c5c3eb6f65caf5c7e61ffee7bb0e6,shadow
736dfc1c-7430-55de-a789-0c02d7c10e60,00-0041561,Carson Beck,2026,2027,QB,ARI,confirmed,0.4395882352941176,,,,0,0,target_incomplete,1.0,0.0,0,7.0,296.1975,0.5669493295815343,0.8590050359977235,0.44978202947919904,7.781565353299431,10.671258785219512,6.504290880505584,14.091443673059484,10.848089270526144,0.4395882352941176,6.943879115799701,8.221153588593548,14.5310319083536,11.11084702051363,11.28767750582026,10.848089270526144,11.28767750582026,0.5669493295815343,-8.45552130817761,-6.586595987192735,-2.9812738228535967,2.974665977858852,6.51934127264136,8.784757686121404,position,274,rookie,v2_next_year_beta_20260828T213408Z_741eb3cf,milestone_3_20260828T210736Z_903d8f44,v2_next_year_expert_residual_v1,beta,6a9a803feee65cd1bd54f3b013594fb56a3c5c3eb6f65caf5c7e61ffee7bb0e6,shadow
7405e0c6-7137-5435-9940-e072b72ba73e,00-0033045,Ezekiel Elliott,2026,2027,RB,,confirmed,,,,,0,0,target_incomplete,0.0,10.0,1,,340.0,0.24274627791761447,0.2055947109009816,0.4764771129433249,,,,,,,,,,,,,,0.24274627791761447,-5.775864899111019,-4.643358820238846,-2.737069962073368,1.761662089777431,5.120078841022579,6.865731939366032,position_history,561,veteran_with_history,v2_next_year_beta_20260828T213408Z_741eb3cf,milestone_3_20260828T210736Z_903d8f44,v2_next_year_expert_residual_v1,beta,6a9a803feee65cd1bd54f3b013594fb56a3c5c3eb6f65caf5c7e61ffee7bb0e6,shadow
74a040f9-d7fa-5d7f-b1db-635f481002ea,00-0028118,Tyrod Taylor,2026,2027,QB,GB,confirmed,0.18449411764705892,,,,0,0,target_incomplete,0.0,15.0,1,7.0,332.8,0.4538921078390418,0.4342603458178181,0.5462074876103052,5.492882001468175,10.280091720833001,2.230624494796814,10.029078155157878,8.600683959153018,0.18449411764705892,2.415118612443873,5.677376119115234,10.213572272804937,10.46458583848006,8.785178076800078,8.600683959153018,8.785178076800078,0.4538921078390418,-8.06412819759558,-5.734041511578347,-2.864465114852388,2.783835279116431,6.020518964099286,6.909064297162426,position_history,209,veteran_with_history,v2_next_year_beta_20260828T213408Z_741eb3cf,milestone_3_20260828T210736Z_903d8f44,v2_next_year_expert_residual_v1,beta,6a9a803feee65cd1bd54f3b013594fb56a3c5c3eb6f65caf5c7e61ffee7bb0e6,shadow
74cbf5f4-34b4-5d31-9f38-c4300bc6bd97,00-0038997,Josh Downs,2026,2027,WR,IND,confirmed,7.924117647058822,,,,0,0,target_incomplete,0.0,3.0,1,7.0,98.11500000000001,0.9131875715280888,0.9696184078780224,0.561304531171307,-0.02704448288753647,0.032979130887233574,1.1528823356726514,-0.25831061027543156,-0.08412532075857815,7.924117647058822,9.076999982731474,7.897073164171286,7.665807036783391,7.957096777946056,7.839992326300244,-0.08412532075857815,7.839992326300244,0.9131875715280888,-5.174675104176586,-4.132551138216551,-2.349516433734719,1.7104468853139558,3.790706964546365,5.521261715174053,position_history,879,veteran_with_history,v2_next_year_beta_20260828T213408Z_741eb3cf,milestone_3_20260828T210736Z_903d8f44,v2_next_year_expert_residual_v1,beta,6a9a803feee65cd1bd54f3b013594fb56a3c5c3eb6f65caf5c7e61ffee7bb0e6,shadow
750dc39b-a105-5936-9444-2fd0d23430e2,00-0039603,British Brooks,2026,2027,RB,HOU,confirmed,0.31756470588235297,,,,0,0,target_incomplete,0.0,2.0,1,4.0,,0.4972484583242361,0.4663398613840166,0.6357540079168625,2.2513282652124005,2.9864799181576704,0.5942195570070535,2.5435559580180422,2.593788047129371,0.31756470588235297,0.9117842628894065,2.5688929710947535,2.861120663900395,3.3040446240400234,2.911352753011724,2.593788047129371,2.911352753011724,0.4972484583242361,-5.775864899111019,-4.643358820238846,-2.737069962073368,1.761662089777431,5.120078841022579,6.865731939366032,position_history,561,veteran_with_history,v2_next_year_beta_20260828T213408Z_741eb3cf,milestone_3_20260828T210736Z_903d8f44,v2_next_year_expert_residual_v1,beta,6a9a803feee65cd1bd54f3b013594fb56a3c5c3eb6f65caf5c7e61ffee7bb0e6,shadow
751ab553-97e0-5d8f-beaf-dc98d3031a43,00-0038115,Daniel Bellinger,2026,2027,TE,TEN,confirmed,2.259411764705882,,,,0,0,target_incomplete,0.0,4.0,1,6.0,338.445,0.7466895816111235,0.819449885075402,0.5754647011414279,0.515048749729353,1.1807204155415205,0.6249159376606653,0.9616031004123898,0.8857907552277545,2.259411764705882,2.884327702366547,2.774460514435235,3.2210148651182715,3.440132180247402,3.1452025199336364,0.8857907552277545,3.1452025199336364,0.7466895816111235,-3.2358565481832877,-2.66710551537136,-1.8857939720040764,1.062470480921867,3.115963575900585,4.606394156586925,position_history,517,veteran_with_history,v2_next_year_beta_20260828T213408Z_741eb3cf,milestone_3_20260828T210736Z_903d8f44,v2_next_year_expert_residual_v1,beta,6a9a803feee65cd1bd54f3b013594fb56a3c5c3eb6f65caf5c7e61ffee7bb0e6,shadow
760b9558-a17e-533f-813d-7501cc43c036,00-0037078,Cole Turner,2026,2027,TE,,confirmed,0.0,,,,0,0,target_incomplete,0.0,4.0,1,1.0,,0.179676693495805,0.29825445881294227,0.5754647011414279,2.5211683514155183,1.7018507006703871,0.6249159376606653,1.3304611456497728,1.8511600659118927,0.0,0.6249159376606653,2.5211683514155183,1.3304611456497728,1.7018507006703871,1.8511600659118927,1.8511600659118927,1.8511600659118927,0.179676693495805,-3.2358565481832877,-2.66710551537136,-1.8857939720040764,1.062470480921867,3.115963575900585,4.606394156586925,position_history,517,veteran_with_history,v2_next_year_beta_20260828T213408Z_741eb3cf,milestone_3_20260828T210736Z_903d8f44,v2_next_year_expert_residual_v1,beta,6a9a803feee65cd1bd54f3b013594fb56a3c5c3eb6f65caf5c7e61ffee7bb0e6,shadow
76295ffb-e792-5f3e-8343-cc1450c7b53c,00-0034073,Ross Dwelley,2026,2027,TE,,confirmed,,,,,0,0,target_incomplete,0.0,8.0,1,,392.0,0.2848022748640673,0.35543402078277014,0.5338622493006663,,,,,,,,,,,,,,0.2848022748640673,-3.2358565481832877,-2.66710551537136,-1.8857939720040764,1.062470480921867,3.115963575900585,4.606394156586925,position_history,517,veteran_with_history,v2_next_year_beta_20260828T213408Z_741eb3cf,milestone_3_20260828T210736Z_903d8f44,v2_next_year_expert_residual_v1,beta,6a9a803feee65cd1bd54f3b013594fb56a3c5c3eb6f65caf5c7e61ffee7bb0e6,shadow
765f5e23-402c-5ca3-a8ec-3456ba22b54e,00-0040363,Keleki Latu,2026,2027,TE,BUF,confirmed,0.640064705882353,,,,0,0,target_incomplete,0.0,1.0,1,2.0,,0.6147734281050009,0.5668414865827315,0.608365821078233,2.5491445896149205,2.4742853938647897,1.565974887778895,2.400885195870175,2.4747717264499616,0.640064705882353,2.206039593661248,3.1892092954972737,3.040949901752528,3.114350099747143,3.1148364323323143,2.4747717264499616,3.1148364323323143,0.6147734281050009,-3.6339700144720632,-2.951290805531581,-2.182514704742995,0.5014646262834015,2.7463026739883363,3.934592956869509,position_history,129,second_year,v2_next_year_beta_20260828T213408Z_741eb3cf,milestone_3_20260828T210736Z_903d8f44,v2_next_year_expert_residual_v1,beta,6a9a803feee65cd1bd54f3b013594fb56a3c5c3eb6f65caf5c7e61ffee7bb0e6,shadow
76a4d3ab-f01b-56ea-9c75-23a444da66a1,,Lincoln Sefcik,2026,2027,TE,,provisional,,,,,0,0,target_incomplete,,,0,,308.0,0.37324397910243784,4.561622602276081e-05,0.5784638182164625,,,,,,,,,,,,,,0.37324397910243784,-3.6225321557766907,-2.8499637328378338,-2.028437724279195,0.7483585564925581,2.9171121138029883,4.3897953300095,position,778,unknown_experience,v2_next_year_beta_20260828T213408Z_741eb3cf,milestone_3_20260828T210736Z_903d8f44,v2_next_year_expert_residual_v1,beta,6a9a803feee65cd1bd54f3b013594fb56a3c5c3eb6f65caf5c7e61ffee7bb0e6,shadow
77a88cea-dc92-5d67-8833-d0f7e2ef25d7,00-0037157,Bam Knight,2026,2027,RB,ARI,confirmed,1.281764705882353,,,,0,0,target_incomplete,0.0,4.0,1,4.0,301.0,0.6895940155058128,0.7912640090839604,0.5951913648732261,2.810906896998355,2.1490368625630327,-0.13301155778163867,2.188914966712111,2.382952908757833,1.281764705882353,1.1487531481007143,4.092671602880708,3.4706796725944637,3.4308015684453856,3.664717614640186,2.382952908757833,3.664717614640186,0.6895940155058128,-5.775864899111019,-4.643358820238846,-2.737069962073368,1.761662089777431,5.120078841022579,6.865731939366032,position_history,561,veteran_with_history,v2_next_year_beta_20260828T213408Z_741eb3cf,milestone_3_20260828T210736Z_903d8f44,v2_next_year_expert_residual_v1,beta,6a9a803feee65cd1bd54f3b013594fb56a3c5c3eb6f65caf5c7e61ffee7bb0e6,shadow
77e71b05-da61-55ac-996d-1a2bc740d30f,00-0034270,Tyler Conklin,2026,2027,TE,DET,confirmed,0.9800588235294119,,,,0,0,target_incomplete,0.0,8.0,1,5.0,316.88,0.5915539725898168,0.4827069504978238,0.5338622493006663,2.14370311299915,2.0756717973218546,-0.08955813866931404,2.074781405279614,2.0980521052002064,0.9800588235294119,0.8905006848600978,3.123761936528562,3.054840228809026,3.0557306208512665,3.0781109287296182,2.0980521052002064,3.0781109287296182,0.5915539725898168,-3.2358565481832877,-2.66710551537136,-1.8857939720040764,1.062470480921867,3.115963575900585,4.606394156586925,position_history,517,veteran_with_history,v2_next_year_beta_20260828T213408Z_741eb3cf,milestone_3_20260828T210736Z_903d8f44,v2_next_year_expert_residual_v1,beta,6a9a803feee65cd1bd54f3b013594fb56a3c5c3eb6f65caf5c7e61ffee7bb0e6,shadow
7805bec6-73d0-5bde-aa0b-7790704f70d2,00-0036387,Jalen Reagor,2026,2027,WR,MIA,confirmed,0.6470588235294119,,,,0,0,target_incomplete,0.0,6.0,1,3.0,,0.3009643725962184,0.2768851110788655,0.5809258307011029,1.8993720460533685,3.38782903631623,0.36463526135546426,2.295336177415451,2.52751241992835,0.6470588235294119,1.011694084884876,2.5464308695827804,2.942395000944863,4.034887859845642,3.1745712434577618,2.52751241992835,3.1745712434577618,0.3009643725962184,-5.174675104176586,-4.132551138216551,-2.349516433734719,1.7104468853139558,3.790706964546365,5.521261715174053,position_history,879,veteran_with_history,v2_next_year_beta_20260828T213408Z_741eb3cf,milestone_3_20260828T210736Z_903d8f44,v2_next_year_expert_residual_v1,beta,6a9a803feee65cd1bd54f3b013594fb56a3c5c3eb6f65caf5c7e61ffee7bb0e6,shadow
7817665b-fadf-5d07-970c-bd5d46b151a2,00-0040126,Colston Loveland,2026,2027,TE,CHI,confirmed,9.781605882352942,,,,0,0,target_incomplete,0.0,1.0,1,7.0,41.6842535,0.9689922118058242,0.9945460589176817,0.608365821078233,-0.5734760259323377,0.7048793358831464,1.565974887778895,0.55014363935998,0.22718231643692957,9.781605882352942,11.347580770131836,9.208129856420603,10.331749521712922,10.486485218236089,10.00878819878987,0.22718231643692957,10.00878819878987,0.9689922118058242,-3.6339700144720632,-2.951290805531581,-2.182514704742995,0.5014646262834015,2.7463026739883363,3.934592956869509,position_history,129,second_year,v2_next_year_beta_20260828T213408Z_741eb3cf,milestone_3_20260828T210736Z_903d8f44,v2_next_year_expert_residual_v1,beta,6a9a803feee65cd1bd54f3b013594fb56a3c5c3eb6f65caf5c7e61ffee7bb0e6,shadow
7848db1c-be4e-51a7-b0d9-839601ab8dab,00-0039754,Devin Culp,2026,2027,TE,TB,confirmed,0.5647348944455823,,,,0,0,target_incomplete,0.0,2.0,1,4.0,229.2439,0.44581985399730967,0.7842614558210154,0.5866373331518034,4.525880619729907,3.2791317356342,0.9813959523087957,2.7615854098180703,3.5221992550607255,0.5647348944455823,1.546130846754378,5.090615514175489,3.3263203042636524,3.8438666300797824,4.086934149506308,3.5221992550607255,4.086934149506308,0.44581985399730967,-3.2358565481832877,-2.66710551537136,-1.8857939720040764,1.062470480921867,3.115963575900585,4.606394156586925,position_history,517,veteran_with_history,v2_next_year_beta_20260828T213408Z_741eb3cf,milestone_3_20260828T210736Z_903d8f44,v2_next_year_expert_residual_v1,beta,6a9a803feee65cd1bd54f3b013594fb56a3c5c3eb6f65caf5c7e61ffee7bb0e6,shadow
784998d8-5e36-5258-868b-d3127cd233de,00-0039046,DeWayne McBride,2026,2027,RB,,confirmed,,,,,0,0,target_incomplete,0.0,3.0,0,,258.0,0.41449163124868543,0.4134925672636667,0.6357540079168625,,,,,,,,,,,,,,0.41449163124868543,-5.658583028392476,-4.443360307688951,-2.67308436298355,2.1764076375313834,5.727661803559764,7.457871538403787,position,918,other_no_history,v2_next_year_beta_20260828T213408Z_741eb3cf,milestone_3_20260828T210736Z_903d8f44,v2_next_year_expert_residual_v1,beta,6a9a803feee65cd1bd54f3b013594fb56a3c5c3eb6f65caf5c7e61ffee7bb0e6,shadow
78628dae-556c-57ef-954e-bbe9e5571cff,00-0040736,Mason Taylor,2026,2027,TE,NYJ,confirmed,4.258823529411765,,,,0,0,target_incomplete,0.0,1.0,1,7.0,268.05,0.9042218195976087,0.9661307147601479,0.608365821078233,1.376414494743431,1.2451672139349388,1.565974887778895,1.6346316874565783,1.4187377987116492,4.258823529411765,5.82479841719066,5.635238024155195,5.893455216868343,5.503990743346703,5.677561328123414,1.4187377987116492,5.677561328123414,0.9042218195976087,-3.6339700144720632,-2.951290805531581,-2.182514704742995,0.5014646262834015,2.7463026739883363,3.934592956869509,position_history,129,second_year,v2_next_year_beta_20260828T213408Z_741eb3cf,milestone_3_20260828T210736Z_903d8f44,v2_next_year_expert_residual_v1,beta,6a9a803feee65cd1bd54f3b013594fb56a3c5c3eb6f65caf5c7e61ffee7bb0e6,shadow
7874dae0-cc67-569b-8cf6-1c68b956320a,00-0038611,Chris Rodriguez Jr.,2026,2027,RB,JAC,confirmed,5.8505882352941185,,,,0,0,target_incomplete,0.0,3.0,1,7.0,136.47297,0.8461683880646546,0.9161557245160696,0.6357540079168625,0.2480954144298848,0.3858222722171735,0.5942195570070535,0.254736909010923,0.29621819855266046,5.8505882352941185,6.444807792301172,6.098683649724004,6.105325144305041,6.236410507511292,6.146806433846779,0.29621819855266046,6.146806433846779,0.8461683880646546,-5.775864899111019,-4.643358820238846,-2.737069962073368,1.761662089777431,5.120078841022579,6.865731939366032,position_history,561,veteran_with_history,v2_next_year_beta_20260828T213408Z_741eb3cf,milestone_3_20260828T210736Z_903d8f44,v2_next_year_expert_residual_v1,beta,6a9a803feee65cd1bd54f3b013594fb56a3c5c3eb6f65caf5c7e61ffee7bb0e6,shadow
787ddae6-47c4-5245-84ff-c1d7d67a39a1,00-0040676,Cam Ward,2026,2027,QB,TEN,confirmed,12.526117647058824,,,,0,0,target_incomplete,0.0,1.0,1,7.0,158.79567,0.9548619898227789,0.9933833381600834,0.41318674656565685,2.4203506548142677,0.9212048330571277,2.7276617028016705,0.6028062112578837,1.314787233043093,12.526117647058824,15.253779349860494,14.946468301873091,13.128923858316707,13.447322480115952,13.840904880101917,1.314787233043093,13.840904880101917,0.9548619898227789,-8.45552130817761,-6.586595987192735,-2.9812738228535967,2.974665977858852,6.51934127264136,8.784757686121404,position,274,second_year,v2_next_year_beta_20260828T213408Z_741eb3cf,milestone_3_20260828T210736Z_903d8f44,v2_next_year_expert_residual_v1,beta,6a9a803feee65cd1bd54f3b013594fb56a3c5c3eb6f65caf5c7e61ffee7bb0e6,shadow
79255600-0873-5b1a-86ee-090f0624b419,00-0036674,Josh Pederson,2026,2027,TE,,confirmed,,,,,0,0,target_incomplete,0.0,3.0,0,,376.0,0.3375495657811444,0.3595038843196928,0.5866373331518034,,,,,,,,,,,,,,0.3375495657811444,-3.6225321557766907,-2.8499637328378338,-2.028437724279195,0.7483585564925581,2.9171121138029883,4.3897953300095,position,778,other_no_history,v2_next_year_beta_20260828T213408Z_741eb3cf,milestone_3_20260828T210736Z_903d8f44,v2_next_year_expert_residual_v1,beta,6a9a803feee65cd1bd54f3b013594fb56a3c5c3eb6f65caf5c7e61ffee7bb0e6,shadow
7962ac9b-8a4d-5663-8f4c-9b35fdc9915c,00-0035645,Gunner Olszewski,2026,2027,WR,,confirmed,,,,,0,0,target_incomplete,0.0,7.0,1,,469.0,0.37955788708203847,0.372595519190908,0.5494986889348197,,,,,,,,,,,,,,0.37955788708203847,-5.174675104176586,-4.132551138216551,-2.349516433734719,1.7104468853139558,3.790706964546365,5.521261715174053,position_history,879,veteran_with_history,v2_next_year_beta_20260828T213408Z_741eb3cf,milestone_3_20260828T210736Z_903d8f44,v2_next_year_expert_residual_v1,beta,6a9a803feee65cd1bd54f3b013594fb56a3c5c3eb6f65caf5c7e61ffee7bb0e6,shadow
7985a604-6b63-5388-a36a-edfb2c2d357f,00-0039410,Ryan Flournoy,2026,2027,WR,DAL,confirmed,5.81035294117647,,,,0,0,target_incomplete,0.0,2.0,1,7.0,185.04500000000002,0.8314409177854123,0.9381287536408102,0.561304531171307,0.0298882952241859,0.06910632967199616,1.1528823356726514,-0.09460589791872415,0.0014629089924859718,5.81035294117647,6.9632352768491215,5.840241236400656,5.715747043257746,5.879459270848466,5.811815850168956,0.0014629089924859718,5.811815850168956,0.8314409177854123,-5.174675104176586,-4.132551138216551,-2.349516433734719,1.7104468853139558,3.790706964546365,5.521261715174053,position_history,879,veteran_with_history,v2_next_year_beta_20260828T213408Z_741eb3cf,milestone_3_20260828T210736Z_903d8f44,v2_next_year_expert_residual_v1,beta,6a9a803feee65cd1bd54f3b013594fb56a3c5c3eb6f65caf5c7e61ffee7bb0e6,shadow
79e06226-ecc0-5f69-8a91-109b9e055cde,00-0036264,Jordan Love,2026,2027,QB,GB,confirmed,15.169041176470587,,,,0,0,target_incomplete,0.0,6.0,1,7.0,121.4075,0.9351724545096831,0.9886595848229314,0.48962908340472044,1.711296599208067,0.15055533706507074,3.309060099871514,0.1648202945616751,0.675557410278271,15.169041176470587,18.4781012763421,16.880337775678655,15.333861471032263,15.319596513535657,15.844598586748859,0.675557410278271,15.844598586748859,0.9351724545096831,-8.06412819759558,-5.734041511578347,-2.864465114852388,2.783835279116431,6.020518964099286,6.909064297162426,position_history,209,veteran_with_history,v2_next_year_beta_20260828T213408Z_741eb3cf,milestone_3_20260828T210736Z_903d8f44,v2_next_year_expert_residual_v1,beta,6a9a803feee65cd1bd54f3b013594fb56a3c5c3eb6f65caf5c7e61ffee7bb0e6,shadow
7ae33581-c9ae-51b6-a8d5-fe24f3e5615a,00-0033040,Tyreek Hill,2026,2027,WR,MIA,confirmed,,,,,0,0,target_incomplete,0.0,10.0,1,1.0,247.7,0.17306770433542795,0.11522300273667005,0.41694036868057527,,,,,,,,,,,,,,0.17306770433542795,-5.174675104176586,-4.132551138216551,-2.349516433734719,1.7104468853139558,3.790706964546365,5.521261715174053,position_history,879,veteran_with_history,v2_next_year_beta_20260828T213408Z_741eb3cf,milestone_3_20260828T210736Z_903d8f44,v2_next_year_expert_residual_v1,beta,6a9a803feee65cd1bd54f3b013594fb56a3c5c3eb6f65caf5c7e61ffee7bb0e6,shadow
7b124555-7277-55eb-9dbe-e5c92cc500b8,00-0033881,Evan Engram,2026,2027,TE,DEN,confirmed,5.017498361461573,,,,0,0,target_incomplete,0.0,9.0,1,7.0,240.9,0.7330695701148858,0.8852192168653987,0.5338622493006663,-0.6069449037628327,-0.1283481435850764,-0.08955813866931404,-0.20523925047555175,-0.3135107659411536,5.017498361461573,4.92794022279226,4.41055345769874,4.812259110986021,4.889150217876497,4.703987595520419,-0.3135107659411536,4.703987595520419,0.7330695701148858,-3.2358565481832877,-2.66710551537136,-1.8857939720040764,1.062470480921867,3.115963575900585,4.606394156586925,position_history,517,veteran_with_history,v2_next_year_beta_20260828T213408Z_741eb3cf,milestone_3_20260828T210736Z_903d8f44,v2_next_year_expert_residual_v1,beta,6a9a803feee65cd1bd54f3b013594fb56a3c5c3eb6f65caf5c7e61ffee7bb0e6,shadow
7b6a047c-f7fc-5d09-8354-393a340eb71e,00-0041133,Dallen Bentley,2026,2027,TE,DEN,confirmed,,,,,0,0,target_incomplete,1.0,0.0,0,,,0.2471809201676407,0.4929016429025881,0.6038558673610269,,,,,,,,,,,,,,0.2471809201676407,-4.352633110913855,-3.4831286225578566,-2.493896993771685,0.469156909097479,2.047935247444171,3.443435937814943,position_history,121,rookie,v2_next_year_beta_20260828T213408Z_741eb3cf,milestone_3_20260828T210736Z_903d8f44,v2_next_year_expert_residual_v1,beta,6a9a803feee65cd1bd54f3b013594fb56a3c5c3eb6f65caf5c7e61ffee7bb0e6,shadow
7cee287e-356d-544e-8ef4-8871172fe994,00-0041579,Seydou Traore,2026,2027,TE,MIA,confirmed,1.1352941176470588,,,,0,0,target_incomplete,1.0,0.0,0,3.0,404.0,0.7305155731137878,0.7499198942200623,0.6038558673610269,2.2807476291296784,1.9786771224725854,2.0843437891501377,2.079991294364303,2.1131386819888553,1.1352941176470588,3.2196379067971965,3.416041746776737,3.2152854120113616,3.1139712401196444,3.248432799635914,2.1131386819888553,3.248432799635914,0.7305155731137878,-4.352633110913855,-3.4831286225578566,-2.493896993771685,0.469156909097479,2.047935247444171,3.443435937814943,position_history,121,rookie,v2_next_year_beta_20260828T213408Z_741eb3cf,milestone_3_20260828T210736Z_903d8f44,v2_next_year_expert_residual_v1,beta,6a9a803feee65cd1bd54f3b013594fb56a3c5c3eb6f65caf5c7e61ffee7bb0e6,shadow
7d4ded82-8ace-592d-9dcf-4e005e79fa8b,00-0039386,Bub Means,2026,2027,WR,,confirmed,5.447058823529412,,,,0,0,target_incomplete,0.0,2.0,1,1.0,359.95,0.7875944043212314,0.5783450250093846,0.561304531171307,-0.8675405455471732,0.49619745069431603,1.1528823356726514,0.23605098948834877,-0.04509736845483612,5.447058823529412,6.599941159202063,4.579518277982238,5.683109813017761,5.943256274223728,5.401961455074576,-0.04509736845483612,5.401961455074576,0.7875944043212314,-5.174675104176586,-4.132551138216551,-2.349516433734719,1.7104468853139558,3.790706964546365,5.521261715174053,position_history,879,veteran_with_history,v2_next_year_beta_20260828T213408Z_741eb3cf,milestone_3_20260828T210736Z_903d8f44,v2_next_year_expert_residual_v1,beta,6a9a803feee65cd1bd54f3b013594fb56a3c5c3eb6f65caf5c7e61ffee7bb0e6,shadow
7d523170-2072-517b-a5cd-9ad2dac1db12,00-0034407,Ray-Ray McCloud,2026,2027,WR,,confirmed,,,,,0,0,target_incomplete,0.0,8.0,1,,286.0,0.31256313487261367,0.3217851214832378,0.5494986889348197,,,,,,,,,,,,,,0.31256313487261367,-5.174675104176586,-4.132551138216551,-2.349516433734719,1.7104468853139558,3.790706964546365,5.521261715174053,position_history,879,veteran_with_history,v2_next_year_beta_20260828T213408Z_741eb3cf,milestone_3_20260828T210736Z_903d8f44,v2_next_year_expert_residual_v1,beta,6a9a803feee65cd1bd54f3b013594fb56a3c5c3eb6f65caf5c7e61ffee7bb0e6,shadow
7d7f7fb5-f246-5159-b887-82ce308749fb,00-0039384,Tyrone Tracy Jr.,2026,2027,RB,NYG,confirmed,5.106470588235294,,,,0,0,target_incomplete,0.0,2.0,1,7.0,145.45,0.887146179458926,0.9433781549340735,0.6357540079168625,1.6671880724760975,0.7761268452410043,0.5942195570070535,0.658385501528841,1.0339001397486476,5.106470588235294,5.700690145242348,6.7736586607113916,5.764856089764135,5.882597433476298,6.1403707279839415,1.0339001397486476,6.1403707279839415,0.887146179458926,-5.775864899111019,-4.643358820238846,-2.737069962073368,1.761662089777431,5.120078841022579,6.865731939366032,position_history,561,veteran_with_history,v2_next_year_beta_20260828T213408Z_741eb3cf,milestone_3_20260828T210736Z_903d8f44,v2_next_year_expert_residual_v1,beta,6a9a803feee65cd1bd54f3b013594fb56a3c5c3eb6f65caf5c7e61ffee7bb0e6,shadow
7dae0c1c-6447-52e9-ae4a-649f4fd82c43,00-0040581,Dont'e Thornton Jr.,2026,2027,WR,LVR,confirmed,1.2705816993464054,,,,0,0,target_incomplete,0.0,1.0,1,7.0,336.2475,0.746869377421474,0.8917263043571629,0.561305717008435,1.6602658343425494,2.0811610967156255,1.6282505450092744,2.099013119686188,1.9468133502481209,1.2705816993464054,2.8988322443556798,2.930847533688955,3.369594819032593,3.351742796062031,3.2173950495945265,1.9468133502481209,3.2173950495945265,0.746869377421474,-5.290117666656729,-4.500130273045835,-2.703400287276647,1.85750718837489,4.640355612959511,5.846307043900342,position_history,246,second_year,v2_next_year_beta_20260828T213408Z_741eb3cf,milestone_3_20260828T210736Z_903d8f44,v2_next_year_expert_residual_v1,beta,6a9a803feee65cd1bd54f3b013594fb56a3c5c3eb6f65caf5c7e61ffee7bb0e6,shadow
7e86c37d-1b81-5d9e-a5b2-e9e32b19cc07,00-0041116,Jack Endries,2026,2027,TE,CIN,confirmed,1.5725856014047412,,,,0,0,target_incomplete,1.0,0.0,0,3.0,300.04545,0.7118924023591445,0.7757667679802994,0.6038558673610269,3.115273922397293,2.554894256661043,2.0843437891501377,2.7953403026489996,2.8218361605691116,1.5725856014047412,3.656929390554879,4.687859523802034,4.367925904053741,4.127479858065785,4.394421761973852,2.8218361605691116,4.394421761973852,0.7118924023591445,-4.352633110913855,-3.4831286225578566,-2.493896993771685,0.469156909097479,2.047935247444171,3.443435937814943,position_history,121,rookie,v2_next_year_beta_20260828T213408Z_741eb3cf,milestone_3_20260828T210736Z_903d8f44,v2_next_year_expert_residual_v1,beta,6a9a803feee65cd1bd54f3b013594fb56a3c5c3eb6f65caf5c7e61ffee7bb0e6,shadow
7ef7e954-1b6d-5399-b9e8-7abb6845b224,00-0040177,Jordan James,2026,2027,RB,SF,confirmed,2.4941176470588236,,,,0,0,target_incomplete,0.0,1.0,0,7.0,228.2835,0.7044792176894381,0.8122157682865971,0.6097613512933316,2.8277906421089636,2.480536411010796,1.403342687822953,2.667909392329245,2.6587454818163345,2.4941176470588236,3.8974603348817762,5.321908289167787,5.162027039388068,4.9746540580696195,5.152863128875158,2.6587454818163345,5.152863128875158,0.7044792176894381,-5.48615073240633,-4.244920053205529,-2.730536823343935,2.745851062339551,6.172636499559855,7.5044937746885285,position_history,171,second_year,v2_next_year_beta_20260828T213408Z_741eb3cf,milestone_3_20260828T210736Z_903d8f44,v2_next_year_expert_residual_v1,beta,6a9a803feee65cd1bd54f3b013594fb56a3c5c3eb6f65caf5c7e61ffee7bb0e6,shadow
7f00be18-1c01-5107-833b-05171cde6db6,00-0037840,Kyren Williams,2026,2027,RB,LAR,confirmed,13.940588235294118,,,,0,0,target_incomplete,0.0,4.0,1,7.0,29.9,0.9594860536358694,0.9918338891226038,0.5951913648732261,-1.3506701669931647,-1.3162874031315699,-0.13301155778163867,-1.6420063698418135,-1.4363213133221826,13.940588235294118,13.807576677512479,12.589918068300953,12.298581865452306,12.624300832162549,12.504266921971936,-1.4363213133221826,12.504266921971936,0.9594860536358694,-5.775864899111019,-4.643358820238846,-2.737069962073368,1.761662089777431,5.120078841022579,6.865731939366032,position_history,561,veteran_with_history,v2_next_year_beta_20260828T213408Z_741eb3cf,milestone_3_20260828T210736Z_903d8f44,v2_next_year_expert_residual_v1,beta,6a9a803feee65cd1bd54f3b013594fb56a3c5c3eb6f65caf5c7e61ffee7bb0e6,shadow
7f35b557-87ab-58c8-a8ca-50a990c9e541,00-0035704,Drew Lock,2026,2027,QB,SEA,confirmed,1.0452705882352942,,,,0,0,target_incomplete,0.0,7.0,1,5.0,317.11,0.4790334849002453,0.604160752297014,0.5472605688041711,6.290515115766107,9.944114068605721,3.0996677277257425,11.455889256775006,9.230172813715612,1.0452705882352942,4.144938315961037,7.335785704001401,12.5011598450103,10.989384656841015,10.275443401950906,9.230172813715612,10.275443401950906,0.4790334849002453,-8.06412819759558,-5.734041511578347,-2.864465114852388,2.783835279116431,6.020518964099286,6.909064297162426,position_history,209,veteran_with_history,v2_next_year_beta_20260828T213408Z_741eb3cf,milestone_3_20260828T210736Z_903d8f44,v2_next_year_expert_residual_v1,beta,6a9a803feee65cd1bd54f3b013594fb56a3c5c3eb6f65caf5c7e61ffee7bb0e6,shadow
7f710bed-fe0b-56a9-b169-dc5e6647322d,00-0040582,Arian Smith,2026,2027,WR,NYJ,confirmed,0.22176470588235297,,,,0,0,target_incomplete,0.0,1.0,1,3.0,361.53499999999997,0.5046385520759207,0.708933563699872,0.561305717008435,2.4004362384366424,3.4329792734252096,1.6282505450092744,3.3299148534404055,3.0544434551007527,0.22176470588235297,1.8500152508916274,2.6222009443189953,3.5516795593227584,3.6547439793075625,3.2762081609831055,3.0544434551007527,3.2762081609831055,0.5046385520759207,-5.290117666656729,-4.500130273045835,-2.703400287276647,1.85750718837489,4.640355612959511,5.846307043900342,position_history,246,second_year,v2_next_year_beta_20260828T213408Z_741eb3cf,milestone_3_20260828T210736Z_903d8f44,v2_next_year_expert_residual_v1,beta,6a9a803feee65cd1bd54f3b013594fb56a3c5c3eb6f65caf5c7e61ffee7bb0e6,shadow
7f8642e5-640e-573c-9911-4d8293781ab5,00-0041131,Carsen Ryan,2026,2027,TE,CLE,confirmed,1.5294705882352941,,,,0,0,target_incomplete,1.0,0.0,0,1.0,,0.614440653528502,0.5739023023876578,0.6038558673610269,3.069490065704291,2.310054539991895,2.0843437891501377,2.255159885352065,2.5449014970160837,1.5294705882352941,3.613814377385432,4.598960653939585,3.784630473587359,3.839525128227189,4.074372085251378,2.5449014970160837,4.074372085251378,0.614440653528502,-4.352633110913855,-3.4831286225578566,-2.493896993771685,0.469156909097479,2.047935247444171,3.443435937814943,position_history,121,rookie,v2_next_year_beta_20260828T213408Z_741eb3cf,milestone_3_20260828T210736Z_903d8f44,v2_next_year_expert_residual_v1,beta,6a9a803feee65cd1bd54f3b013594fb56a3c5c3eb6f65caf5c7e61ffee7bb0e6,shadow
7f8d4a5b-7872-5aa0-a8fa-63615219ef15,00-0039451,Isaiah Williams,2026,2027,WR,NYJ,confirmed,2.0941176470588236,,,,0,0,target_incomplete,0.0,2.0,1,7.0,320.8575,0.6127483997068068,0.7724658610756433,0.561304531171307,1.0834201667161556,1.6548855101542497,1.1528823356726514,1.7400363342039806,1.4927806703581286,2.0941176470588236,3.246999982731475,3.177537813774979,3.834153981262804,3.7490031572130733,3.586898317416952,1.4927806703581286,3.586898317416952,0.6127483997068068,-5.174675104176586,-4.132551138216551,-2.349516433734719,1.7104468853139558,3.790706964546365,5.521261715174053,position_history,879,veteran_with_history,v2_next_year_beta_20260828T213408Z_741eb3cf,milestone_3_20260828T210736Z_903d8f44,v2_next_year_expert_residual_v1,beta,6a9a803feee65cd1bd54f3b013594fb56a3c5c3eb6f65caf5c7e61ffee7bb0e6,shadow
7ff22629-b2b9-58c7-b56d-8eea3366f94e,00-0037077,Sam Howell,2026,2027,QB,DAL,confirmed,,,,,0,0,target_incomplete,0.0,4.0,1,2.0,316.945,0.2041468502661965,0.19837288091772065,0.48962908340472044,,,,,,,,,,,,,,0.2041468502661965,-8.06412819759558,-5.734041511578347,-2.864465114852388,2.783835279116431,6.020518964099286,6.909064297162426,position_history,209,veteran_with_history,v2_next_year_beta_20260828T213408Z_741eb3cf,milestone_3_20260828T210736Z_903d8f44,v2_next_year_expert_residual_v1,beta,6a9a803feee65cd1bd54f3b013594fb56a3c5c3eb6f65caf5c7e61ffee7bb0e6,shadow
80070e8c-0dae-55b3-801f-2ba52b4bb6cd,00-0032775,Demarcus Robinson,2026,2027,WR,SF,confirmed,1.4882352941176473,,,,0,0,target_incomplete,0.0,10.0,1,5.0,311.3175,0.45895954591002985,0.560587494711366,0.41694036868057527,1.263719915790896,1.779382214890213,-1.0843664097150907,2.1102236524560323,1.7177752610457138,1.4882352941176473,0.40386888440255664,2.7519552099085436,3.59845894657368,3.2676175090078603,3.206010555163361,1.7177752610457138,3.206010555163361,0.45895954591002985,-5.174675104176586,-4.132551138216551,-2.349516433734719,1.7104468853139558,3.790706964546365,5.521261715174053,position_history,879,veteran_with_history,v2_next_year_beta_20260828T213408Z_741eb3cf,milestone_3_20260828T210736Z_903d8f44,v2_next_year_expert_residual_v1,beta,6a9a803feee65cd1bd54f3b013594fb56a3c5c3eb6f65caf5c7e61ffee7bb0e6,shadow
80a2afa8-d753-5eba-a66f-72d5f5b93356,00-0041035,De'Zhaun Stribling,2026,2027,WR,SF,confirmed,7.276470588235294,,,,0,0,target_incomplete,1.0,0.0,0,7.0,111.6,0.9310087986463748,0.9642575105166153,0.5968118837409765,1.4073344799973653,1.9276354566048535,2.727429987360483,1.9942220423973303,1.7763973263331831,7.276470588235294,10.003900575595777,8.68380506823266,9.270692630632624,9.204106044840147,9.052867914568477,1.7763973263331831,9.052867914568477,0.9310087986463748,-5.241847632097132,-4.420861613449043,-2.79275194455823,1.666671205196188,3.4416152985046184,5.164736756719793,position_history,250,rookie,v2_next_year_beta_20260828T213408Z_741eb3cf,milestone_3_20260828T210736Z_903d8f44,v2_next_year_expert_residual_v1,beta,6a9a803feee65cd1bd54f3b013594fb56a3c5c3eb6f65caf5c7e61ffee7bb0e6,shadow
815d1758-c720-5b24-a05b-7cb2caa7c8ed,00-0039855,Jalen McMillan,2026,2027,WR,TB,confirmed,6.552581926921185,,,,0,0,target_incomplete,0.0,2.0,1,7.0,165.31723499999998,0.8569918272812239,0.9296021137400046,0.561304531171307,0.6055707979718057,-0.04035304073865498,1.1528823356726514,-0.058938689293420325,0.16875968931324348,6.552581926921185,7.7054642625938365,7.158152724892991,6.493643237627765,6.51222888618253,6.721341616234429,0.16875968931324348,6.721341616234429,0.8569918272812239,-5.174675104176586,-4.132551138216551,-2.349516433734719,1.7104468853139558,3.790706964546365,5.521261715174053,position_history,879,veteran_with_history,v2_next_year_beta_20260828T213408Z_741eb3cf,milestone_3_20260828T210736Z_903d8f44,v2_next_year_expert_residual_v1,beta,6a9a803feee65cd1bd54f3b013594fb56a3c5c3eb6f65caf5c7e61ffee7bb0e6,shadow
8178653b-a1c4-568f-b634-01452394fcc4,00-0040669,Isaac TeSlaa,2026,2027,WR,DET,confirmed,4.794117647058823,,,,0,0,target_incomplete,0.0,1.0,1,7.0,199.56695,0.8908017432898683,0.94949386907675,0.561305717008435,1.3387764559982402,1.1399703580363048,1.6282505450092744,0.7593844651990808,1.0793770930778752,4.794117647058823,6.422368192068098,6.132894103057064,5.553502112257904,5.934088005095128,5.873494740136699,1.0793770930778752,5.873494740136699,0.8908017432898683,-5.290117666656729,-4.500130273045835,-2.703400287276647,1.85750718837489,4.640355612959511,5.846307043900342,position_history,246,second_year,v2_next_year_beta_20260828T213408Z_741eb3cf,milestone_3_20260828T210736Z_903d8f44,v2_next_year_expert_residual_v1,beta,6a9a803feee65cd1bd54f3b013594fb56a3c5c3eb6f65caf5c7e61ffee7bb0e6,shadow
819ebb40-1f77-53ee-b62a-d07207926eb0,00-0039405,Jawhar Jordan,2026,2027,RB,HOU,confirmed,1.576470588235294,,,,0,0,target_incomplete,0.0,2.0,1,7.0,339.60749999999996,0.6530519469343725,0.7944102505471289,0.6357540079168625,1.7211600596705845,2.035753586042874,0.5942195570070535,1.9142073535683444,1.8903736664272675,1.576470588235294,2.1706901452423475,3.2976306479058786,3.4906779418036384,3.612224174278168,3.4668442546625613,1.8903736664272675,3.4668442546625613,0.6530519469343725,-5.775864899111019,-4.643358820238846,-2.737069962073368,1.761662089777431,5.120078841022579,6.865731939366032,position_history,561,veteran_with_history,v2_next_year_beta_20260828T213408Z_741eb3cf,milestone_3_20260828T210736Z_903d8f44,v2_next_year_expert_residual_v1,beta,6a9a803feee65cd1bd54f3b013594fb56a3c5c3eb6f65caf5c7e61ffee7bb0e6,shadow
82ce32be-1b83-548a-8c12-000a876fe7d3,00-0036825,Feleipe Franks,2026,2027,TE,CAR,confirmed,0.0,,,,0,0,target_incomplete,0.0,5.0,1,1.0,,0.15580863968937586,0.410638212526349,0.5754647011414279,1.6089472517092915,1.7489950032344366,0.6249159376606653,2.159584434373661,1.8391755631057964,0.0,0.6249159376606653,1.6089472517092915,2.159584434373661,1.7489950032344366,1.8391755631057964,1.8391755631057964,1.8391755631057964,0.15580863968937586,-3.2358565481832877,-2.66710551537136,-1.8857939720040764,1.062470480921867,3.115963575900585,4.606394156586925,position_history,517,veteran_with_history,v2_next_year_beta_20260828T213408Z_741eb3cf,milestone_3_20260828T210736Z_903d8f44,v2_next_year_expert_residual_v1,beta,6a9a803feee65cd1bd54f3b013594fb56a3c5c3eb6f65caf5c7e61ffee7bb0e6,shadow
82df5287-b43c-58d8-a241-4d226d3e7fc7,,Rashod Owens,2026,2027,WR,,provisional,,,,,0,0,target_incomplete,,,0,,378.0,0.42287298324131356,2.966300627207223e-05,0.5634284548288704,,,,,,,,,,,,,,0.42287298324131356,-5.247028493584627,-4.168147262586337,-2.4882348181433445,1.7215690384925635,4.092107755797534,5.673306043718701,position,1398,unknown_experience,v2_next_year_beta_20260828T213408Z_741eb3cf,milestone_3_20260828T210736Z_903d8f44,v2_next_year_expert_residual_v1,beta,6a9a803feee65cd1bd54f3b013594fb56a3c5c3eb6f65caf5c7e61ffee7bb0e6,shadow
8324873c-34ef-5270-a921-cee225958756,00-0039746,Will Shipley,2026,2027,RB,PHI,confirmed,1.3644117647058824,,,,0,0,target_incomplete,0.0,2.0,1,7.0,326.22,0.731038966511178,0.8844877049750712,0.6357540079168625,1.6106658358755512,1.9292267788605595,0.5942195570070535,2.0697581071647613,1.8698835739669573,1.3644117647058824,1.9586313217129359,2.9750776005814337,3.434169871870644,3.293638543566442,3.2342953386728395,1.8698835739669573,3.2342953386728395,0.731038966511178,-5.775864899111019,-4.643358820238846,-2.737069962073368,1.761662089777431,5.120078841022579,6.865731939366032,position_history,561,veteran_with_history,v2_next_year_beta_20260828T213408Z_741eb3cf,milestone_3_20260828T210736Z_903d8f44,v2_next_year_expert_residual_v1,beta,6a9a803feee65cd1bd54f3b013594fb56a3c5c3eb6f65caf5c7e61ffee7bb0e6,shadow
839e45a8-8159-53d2-bd45-9122fb57bf9b,00-0037256,Rachaad White,2026,2027,RB,WAS,confirmed,7.789411764705882,,,,0,0,target_incomplete,0.0,4.0,1,7.0,114.5,0.8611863403044343,0.9376209534990126,0.5951913648732261,0.053869829663054425,-0.8440422929383611,-0.13301155778163867,-1.4411935210491431,-0.7437886614414833,7.789411764705882,7.656400206924244,7.8432815943689365,6.3482182436567385,6.9453694717675205,7.045623103264399,-0.7437886614414833,7.045623103264399,0.8611863403044343,-5.775864899111019,-4.643358820238846,-2.737069962073368,1.761662089777431,5.120078841022579,6.865731939366032,position_history,561,veteran_with_history,v2_next_year_beta_20260828T213408Z_741eb3cf,milestone_3_20260828T210736Z_903d8f44,v2_next_year_expert_residual_v1,beta,6a9a803feee65cd1bd54f3b013594fb56a3c5c3eb6f65caf5c7e61ffee7bb0e6,shadow
83d966f5-e6fc-5d52-a2fe-ff361de67e10,00-0040583,Woody Marks,2026,2027,RB,HOU,confirmed,6.989411764705883,,,,0,0,target_incomplete,0.0,1.0,1,7.0,135.74671,0.938266957720789,0.969804035845304,0.6097613512933316,0.5372223956266957,-0.1607128718832407,1.403342687822953,-0.43861508676811467,-0.020701854341553222,6.989411764705883,8.392754452528836,7.526634160332579,6.550796677937768,6.828698892822643,6.96870991036433,-0.020701854341553222,6.96870991036433,0.938266957720789,-5.48615073240633,-4.244920053205529,-2.730536823343935,2.745851062339551,6.172636499559855,7.5044937746885285,position_history,171,second_year,v2_next_year_beta_20260828T213408Z_741eb3cf,milestone_3_20260828T210736Z_903d8f44,v2_next_year_expert_residual_v1,beta,6a9a803feee65cd1bd54f3b013594fb56a3c5c3eb6f65caf5c7e61ffee7bb0e6,shadow
84368cbf-8818-5e30-93e1-904c7cd26643,00-0038941,Tyler Scott,2026,2027,WR,LAR,confirmed,0.0,,,,0,0,target_incomplete,0.0,3.0,1,1.0,,0.12299675296614587,0.33273464075623277,0.561304531171307,3.4032366645223346,2.4580320133482343,1.1528823356726514,2.5517538423723503,2.804340840080973,0.0,1.1528823356726514,3.4032366645223346,2.5517538423723503,2.4580320133482343,2.804340840080973,2.804340840080973,2.804340840080973,0.12299675296614587,-5.174675104176586,-4.132551138216551,-2.349516433734719,1.7104468853139558,3.790706964546365,5.521261715174053,position_history,879,veteran_with_history,v2_next_year_beta_20260828T213408Z_741eb3cf,milestone_3_20260828T210736Z_903d8f44,v2_next_year_expert_residual_v1,beta,6a9a803feee65cd1bd54f3b013594fb56a3c5c3eb6f65caf5c7e61ffee7bb0e6,shadow
844b068d-ac04-59c5-ba57-8ef3edd2d626,00-0040315,Ja'Corey Brooks,2026,2027,WR,,confirmed,,,,,0,0,target_incomplete,0.0,1.0,0,,298.0,0.33183966129310455,0.32021115221085744,0.561305717008435,,,,,,,,,,,,,,0.33183966129310455,-5.290117666656729,-4.500130273045835,-2.703400287276647,1.85750718837489,4.640355612959511,5.846307043900342,position_history,246,second_year,v2_next_year_beta_20260828T213408Z_741eb3cf,milestone_3_20260828T210736Z_903d8f44,v2_next_year_expert_residual_v1,beta,6a9a803feee65cd1bd54f3b013594fb56a3c5c3eb6f65caf5c7e61ffee7bb0e6,shadow
84d1a6c3-9e01-5bed-b78c-088680454c1a,00-0031408,Mike Evans,2026,2027,WR,SF,confirmed,10.38,,,,0,0,target_incomplete,0.0,12.0,1,7.0,60.373685,0.8498787057451862,0.844344456652686,0.41694036868057527,-1.4310974233351943,-1.1608382301141895,-1.0843664097150907,-1.5837080744591303,-1.3918812426361715,10.38,9.29563359028491,8.948902576664807,8.79629192554087,9.219161769885812,8.988118757363829,-1.3918812426361715,8.988118757363829,0.8498787057451862,-5.174675104176586,-4.132551138216551,-2.349516433734719,1.7104468853139558,3.790706964546365,5.521261715174053,position_history,879,veteran_with_history,v2_next_year_beta_20260828T213408Z_741eb3cf,milestone_3_20260828T210736Z_903d8f44,v2_next_year_expert_residual_v1,beta,6a9a803feee65cd1bd54f3b013594fb56a3c5c3eb6f65caf5c7e61ffee7bb0e6,shadow
854a13c9-724e-5342-92bd-8989c1f72097,,Terion Stewart,2026,2027,RB,KC,provisional,0.4688235294117647,,,,0,0,target_incomplete,,,0,1.0,,0.354314224246721,2.075666798404177e-05,0.6090448367141896,2.9262227438454467,2.2033583755209296,0.8388287614545753,2.4702094443696496,2.533263521245342,0.4688235294117647,1.30765229086634,3.3950462732572113,2.9390329737814143,2.6721819049326943,3.0020870506571065,2.533263521245342,3.0020870506571065,0.354314224246721,-5.658583028392476,-4.443360307688951,-2.67308436298355,2.1764076375313834,5.727661803559764,7.457871538403787,position,918,unknown_experience,v2_next_year_beta_20260828T213408Z_741eb3cf,milestone_3_20260828T210736Z_903d8f44,v2_next_year_expert_residual_v1,beta,6a9a803feee65cd1bd54f3b013594fb56a3c5c3eb6f65caf5c7e61ffee7bb0e6,shadow
85505057-dc92-50e6-b9c1-4eb48eba7fca,00-0040311,Theo Wease Jr.,2026,2027,WR,MIA,confirmed,2.376470588235294,,,,0,0,target_incomplete,0.0,1.0,1,1.0,266.0,0.6956058765858554,0.523307171471041,0.561305717008435,2.682380109104252,2.6286103837081862,1.6282505450092744,1.9919657550262249,2.4343187492795546,2.376470588235294,4.004721133244568,5.058850697339546,4.368436343261519,5.00508097194348,4.810789337514849,2.4343187492795546,4.810789337514849,0.6956058765858554,-5.290117666656729,-4.500130273045835,-2.703400287276647,1.85750718837489,4.640355612959511,5.846307043900342,position_history,246,second_year,v2_next_year_beta_20260828T213408Z_741eb3cf,milestone_3_20260828T210736Z_903d8f44,v2_next_year_expert_residual_v1,beta,6a9a803feee65cd1bd54f3b013594fb56a3c5c3eb6f65caf5c7e61ffee7bb0e6,shadow
8607aec6-abd2-5810-afb0-eb4219273cbb,00-0034177,Tim Boyle,2026,2027,QB,,confirmed,,,,,0,0,target_incomplete,0.0,8.0,1,,370.0,0.20037001887102904,0.18965208600584763,0.5472605688041711,,,,,,,,,,,,,,0.20037001887102904,-8.06412819759558,-5.734041511578347,-2.864465114852388,2.783835279116431,6.020518964099286,6.909064297162426,position_history,209,veteran_with_history,v2_next_year_beta_20260828T213408Z_741eb3cf,milestone_3_20260828T210736Z_903d8f44,v2_next_year_expert_residual_v1,beta,6a9a803feee65cd1bd54f3b013594fb56a3c5c3eb6f65caf5c7e61ffee7bb0e6,shadow
86191256-69ae-5626-afe1-f6d285cb56c9,00-0040170,Elic Ayomanor,2026,2027,WR,TEN,confirmed,2.9941176470588236,,,,0,0,target_incomplete,0.0,1.0,1,7.0,288.40999999999997,0.8884241821022111,0.9303188102510573,0.561305717008435,2.183298281052802,2.012879486030426,1.6282505450092744,1.8515209639447945,2.015899577009341,2.9941176470588236,4.622368192068098,5.177415928111626,4.8456386110036185,5.00699713308925,5.010017224068164,2.015899577009341,5.010017224068164,0.8884241821022111,-5.290117666656729,-4.500130273045835,-2.703400287276647,1.85750718837489,4.640355612959511,5.846307043900342,position_history,246,second_year,v2_next_year_beta_20260828T213408Z_741eb3cf,milestone_3_20260828T210736Z_903d8f44,v2_next_year_expert_residual_v1,beta,6a9a803feee65cd1bd54f3b013594fb56a3c5c3eb6f65caf5c7e61ffee7bb0e6,shadow
862eb067-7abb-5156-9cf1-33c3ad11333c,00-0040959,Jaydn Ott,2026,2027,RB,,confirmed,0.6799999999999999,,,,0,0,target_incomplete,1.0,0.0,0,1.0,251.32725,0.6510366631080211,0.5482808349789569,0.6553958879420866,4.200717644755466,3.44402287288262,2.8830872316241134,3.540800773346672,3.7285137636615864,0.6799999999999999,3.563087231624113,4.880717644755466,4.220800773346672,4.12402287288262,4.4085137636615865,3.7285137636615864,4.4085137636615865,0.6510366631080211,-5.275047966924827,-4.3298006659425265,-2.5364531139387987,2.612371761579932,6.381973266338156,8.832194594599148,position_history,178,rookie,v2_next_year_beta_20260828T213408Z_741eb3cf,milestone_3_20260828T210736Z_903d8f44,v2_next_year_expert_residual_v1,beta,6a9a803feee65cd1bd54f3b013594fb56a3c5c3eb6f65caf5c7e61ffee7bb0e6,shadow
86b66e8d-d4e2-5587-a69b-e416438ee28c,00-0030279,Keenan Allen,2026,2027,WR,IND,confirmed,6.536327236777064,,,,0,0,target_incomplete,0.0,13.0,1,6.0,169.8,0.6146699679440445,0.6607008566284661,0.41694036868057527,-0.3546966055928922,-0.4475846464059401,-1.0843664097150907,-0.670177767859321,-0.4908196732860511,6.536327236777064,5.451960827061973,6.181630631184172,5.866149468917743,6.088742590371123,6.045507563491013,-0.4908196732860511,6.045507563491013,0.6146699679440445,-5.174675104176586,-4.132551138216551,-2.349516433734719,1.7104468853139558,3.790706964546365,5.521261715174053,position_history,879,veteran_with_history,v2_next_year_beta_20260828T213408Z_741eb3cf,milestone_3_20260828T210736Z_903d8f44,v2_next_year_expert_residual_v1,beta,6a9a803feee65cd1bd54f3b013594fb56a3c5c3eb6f65caf5c7e61ffee7bb0e6,shadow
86bce4ec-ccab-5909-bae0-b4d1f7878f63,00-0039364,Sione Vaki,2026,2027,RB,DET,confirmed,0.5548235294117647,,,,0,0,target_incomplete,0.0,2.0,1,4.0,350.5225,0.5286023966631006,0.6799820181943934,0.6357540079168625,2.3958644202122708,2.3922871762033746,0.5942195570070535,2.3911326050656236,2.39309473382709,0.5548235294117647,1.1490430864188181,2.9506879496240357,2.945956134477388,2.947110705615139,2.9479182632388543,2.39309473382709,2.9479182632388543,0.5286023966631006,-5.775864899111019,-4.643358820238846,-2.737069962073368,1.761662089777431,5.120078841022579,6.865731939366032,position_history,561,veteran_with_history,v2_next_year_beta_20260828T213408Z_741eb3cf,milestone_3_20260828T210736Z_903d8f44,v2_next_year_expert_residual_v1,beta,6a9a803feee65cd1bd54f3b013594fb56a3c5c3eb6f65caf5c7e61ffee7bb0e6,shadow
86d1fd32-05d8-5463-8884-b7d33678b49f,00-0031395,Garrett Gilbert,2026,2027,QB,,confirmed,,,,,0,0,target_incomplete,0.0,12.0,1,,380.0,0.1939121736957459,0.15852216747303327,0.5462074876103052,,,,,,,,,,,,,,0.1939121736957459,-8.06412819759558,-5.734041511578347,-2.864465114852388,2.783835279116431,6.020518964099286,6.909064297162426,position_history,209,veteran_with_history,v2_next_year_beta_20260828T213408Z_741eb3cf,milestone_3_20260828T210736Z_903d8f44,v2_next_year_expert_residual_v1,beta,6a9a803feee65cd1bd54f3b013594fb56a3c5c3eb6f65caf5c7e61ffee7bb0e6,shadow
86efb1f0-e04a-5f4d-b8cb-048353f1d3f5,00-0031610,Darren Waller,2026,2027,TE,CAR,confirmed,4.808796589223925,,,,0,0,target_incomplete,0.0,11.0,1,6.0,276.7,0.5621705862688354,0.7112401229069812,0.4951784667648797,-0.8308912118818106,-0.3234431651050699,0.5492362868820017,-0.24935478314886242,-0.4678963867119143,4.808796589223925,5.358032876105926,3.9779053773421142,4.559441806075062,4.485353424118855,4.34090020251201,-0.4678963867119143,4.34090020251201,0.5621705862688354,-3.2358565481832877,-2.66710551537136,-1.8857939720040764,1.062470480921867,3.115963575900585,4.606394156586925,position_history,517,veteran_with_history,v2_next_year_beta_20260828T213408Z_741eb3cf,milestone_3_20260828T210736Z_903d8f44,v2_next_year_expert_residual_v1,beta,6a9a803feee65cd1bd54f3b013594fb56a3c5c3eb6f65caf5c7e61ffee7bb0e6,shadow
8710e4f8-b19a-5379-a7d4-41b89ce12907,00-0033921,Chris Godwin Jr.,2026,2027,WR,TB,confirmed,8.641176470588235,,,,0,0,target_incomplete,0.0,9.0,1,7.0,86.5125,0.8028166815482561,0.8952316830752062,0.5494986889348197,-0.6189699730620899,-0.9337871125897221,-0.3337587311176249,-1.1802172887998674,-0.9109914581505598,8.641176470588235,8.30741773947061,8.022206497526145,7.460959181788367,7.707389357998513,7.7301850124376745,-0.9109914581505598,7.7301850124376745,0.8028166815482561,-5.174675104176586,-4.132551138216551,-2.349516433734719,1.7104468853139558,3.790706964546365,5.521261715174053,position_history,879,veteran_with_history,v2_next_year_beta_20260828T213408Z_741eb3cf,milestone_3_20260828T210736Z_903d8f44,v2_next_year_expert_residual_v1,beta,6a9a803feee65cd1bd54f3b013594fb56a3c5c3eb6f65caf5c7e61ffee7bb0e6,shadow
873f054c-59c8-514f-9775-2fc4ced0b4a3,00-0039595,D.J. Williams,2026,2027,RB,,confirmed,,,,,0,0,target_incomplete,0.0,2.0,0,,401.0,0.339863930350328,0.28876318967471515,0.6357540079168625,,,,,,,,,,,,,,0.339863930350328,-5.658583028392476,-4.443360307688951,-2.67308436298355,2.1764076375313834,5.727661803559764,7.457871538403787,position,918,other_no_history,v2_next_year_beta_20260828T213408Z_741eb3cf,milestone_3_20260828T210736Z_903d8f44,v2_next_year_expert_residual_v1,beta,6a9a803feee65cd1bd54f3b013594fb56a3c5c3eb6f65caf5c7e61ffee7bb0e6,shadow
877cadec-3157-5007-9ed6-10243e581135,00-0037304,Connor Heyward,2026,2027,RB,LVR,confirmed,1.174705882352941,,,,0,0,target_incomplete,0.0,4.0,1,4.0,398.5,0.5949957461484827,0.5988755174859073,0.5951913648732261,0.948278870332371,1.6944547497642377,-0.13301155778163867,1.9637702735870006,1.5355012978945364,1.174705882352941,1.0416943245713024,2.122984752685312,3.1384761559399417,2.869160632117179,2.7102071802474774,1.5355012978945364,2.7102071802474774,0.5949957461484827,-5.775864899111019,-4.643358820238846,-2.737069962073368,1.761662089777431,5.120078841022579,6.865731939366032,position_history,561,veteran_with_history,v2_next_year_beta_20260828T213408Z_741eb3cf,milestone_3_20260828T210736Z_903d8f44,v2_next_year_expert_residual_v1,beta,6a9a803feee65cd1bd54f3b013594fb56a3c5c3eb6f65caf5c7e61ffee7bb0e6,shadow
88147e8e-3779-500e-b561-1a75ebac4651,00-0037013,Zach Wilson,2026,2027,QB,NO,confirmed,1.1792470588235295,,,,0,0,target_incomplete,0.0,5.0,1,1.0,474.0,0.34185382175059736,0.3088626910291383,0.48962908340472044,5.41652045260456,10.3422534974217,3.309060099871514,13.89349998337295,9.88409131113307,1.1792470588235295,4.488307158695044,6.59576751142809,15.072747042196479,11.521500556245229,11.063338369956599,9.88409131113307,11.063338369956599,0.34185382175059736,-8.06412819759558,-5.734041511578347,-2.864465114852388,2.783835279116431,6.020518964099286,6.909064297162426,position_history,209,veteran_with_history,v2_next_year_beta_20260828T213408Z_741eb3cf,milestone_3_20260828T210736Z_903d8f44,v2_next_year_expert_residual_v1,beta,6a9a803feee65cd1bd54f3b013594fb56a3c5c3eb6f65caf5c7e61ffee7bb0e6,shadow
884ca6e3-0e2f-576e-be1c-53965f780a81,00-0035685,David Montgomery,2026,2027,RB,HOU,confirmed,11.27,,,,0,0,target_incomplete,0.0,7.0,1,7.0,48.6125,0.9183865068148154,0.9592736856967367,0.5443934450622839,-1.6327907966699224,-1.5105740237088467,-0.681281550565376,-2.1824851677103188,-1.7752833293630292,11.27,10.588718449434623,9.637209203330077,9.087514832289681,9.759425976291153,9.49471667063697,-1.7752833293630292,9.49471667063697,0.9183865068148154,-5.775864899111019,-4.643358820238846,-2.737069962073368,1.761662089777431,5.120078841022579,6.865731939366032,position_history,561,veteran_with_history,v2_next_year_beta_20260828T213408Z_741eb3cf,milestone_3_20260828T210736Z_903d8f44,v2_next_year_expert_residual_v1,beta,6a9a803feee65cd1bd54f3b013594fb56a3c5c3eb6f65caf5c7e61ffee7bb0e6,shadow
88a768ba-296c-5c4d-bfed-6fdbe1425b62,00-0040134,Pat Bryant,2026,2027,WR,DEN,confirmed,4.140529719741301,,,,0,0,target_incomplete,0.0,1.0,1,7.0,220.95,0.8670181391829938,0.9387526940027917,0.561305717008435,1.557054965857972,1.7190645056195355,1.6282505450092744,1.5482855847475332,1.6081350187416803,4.140529719741301,5.768780264750576,5.697584685599273,5.688815304488834,5.859594225360837,5.748664738482981,1.6081350187416803,5.748664738482981,0.8670181391829938,-5.290117666656729,-4.500130273045835,-2.703400287276647,1.85750718837489,4.640355612959511,5.846307043900342,position_history,246,second_year,v2_next_year_beta_20260828T213408Z_741eb3cf,milestone_3_20260828T210736Z_903d8f44,v2_next_year_expert_residual_v1,beta,6a9a803feee65cd1bd54f3b013594fb56a3c5c3eb6f65caf5c7e61ffee7bb0e6,shadow
88b3e1bd-20b2-5dfc-9319-7355304eca86,00-0036894,Pat Freiermuth,2026,2027,TE,PIT,confirmed,5.984352941176471,,,,0,0,target_incomplete,0.0,5.0,1,7.0,216.915165,0.9066312965890043,0.9428545607662974,0.5754647011414279,-0.355486534598906,-0.40882653892173476,0.6249159376606653,-0.4803822591640545,-0.41489844422823174,5.984352941176471,6.6092688788371365,5.628866406577565,5.503970682012417,5.575526402254736,5.569454496948239,-0.41489844422823174,5.569454496948239,0.9066312965890043,-3.2358565481832877,-2.66710551537136,-1.8857939720040764,1.062470480921867,3.115963575900585,4.606394156586925,position_history,517,veteran_with_history,v2_next_year_beta_20260828T213408Z_741eb3cf,milestone_3_20260828T210736Z_903d8f44,v2_next_year_expert_residual_v1,beta,6a9a803feee65cd1bd54f3b013594fb56a3c5c3eb6f65caf5c7e61ffee7bb0e6,shadow
8912b32f-4a9a-5887-9a54-c338b3af72ae,00-0040547,Nate Carter,2026,2027,RB,ATL,confirmed,0.8149852941176471,,,,0,0,target_incomplete,0.0,1.0,1,2.0,316.95000000000005,0.6431478327373313,0.7360980665024769,0.6097613512933316,2.460247882265149,2.1263825205577644,1.403342687822953,2.4237896155422582,2.3368066727883905,0.8149852941176471,2.2183279819406,3.275233176382796,3.2387749096599054,2.9413678146754116,3.1517919669060377,2.3368066727883905,3.1517919669060377,0.6431478327373313,-5.48615073240633,-4.244920053205529,-2.730536823343935,2.745851062339551,6.172636499559855,7.5044937746885285,position_history,171,second_year,v2_next_year_beta_20260828T213408Z_741eb3cf,milestone_3_20260828T210736Z_903d8f44,v2_next_year_expert_residual_v1,beta,6a9a803feee65cd1bd54f3b013594fb56a3c5c3eb6f65caf5c7e61ffee7bb0e6,shadow
8927f0fb-abe9-5d61-a157-2c2792226f5a,00-0034272,Marquez Valdes-Scantling,2026,2027,WR,DAL,confirmed,0.8800882352941177,,,,0,0,target_incomplete,0.0,8.0,1,2.0,272.53453,0.36128425947268084,0.33656814992118395,0.5494986889348197,2.118418847783462,2.830711990162692,-0.3337587311176249,2.8573729264033507,2.6021679214498348,0.8800882352941177,0.5463295041764928,2.9985070830775795,3.7374611616974684,3.7108002254568095,3.4822561567439525,2.6021679214498348,3.4822561567439525,0.36128425947268084,-5.174675104176586,-4.132551138216551,-2.349516433734719,1.7104468853139558,3.790706964546365,5.521261715174053,position_history,879,veteran_with_history,v2_next_year_beta_20260828T213408Z_741eb3cf,milestone_3_20260828T210736Z_903d8f44,v2_next_year_expert_residual_v1,beta,6a9a803feee65cd1bd54f3b013594fb56a3c5c3eb6f65caf5c7e61ffee7bb0e6,shadow
89818ea0-2db6-5bf2-abae-585ffca00144,00-0041027,Jeremiyah Love,2026,2027,RB,ARI,confirmed,13.499823529411763,,,,0,0,target_incomplete,1.0,0.0,0,7.0,30.599999999999998,0.9804080435920658,0.9955231658105249,0.6553958879420866,0.13209440421511154,1.6940063128449399,2.8830872316241134,1.7984166595859328,1.2081724588819946,13.499823529411763,16.382910761035877,13.631917933626875,15.298240188997696,15.193829842256703,14.707995988293758,1.2081724588819946,14.707995988293758,0.9804080435920658,-5.275047966924827,-4.3298006659425265,-2.5364531139387987,2.612371761579932,6.381973266338156,8.832194594599148,position_history,178,rookie,v2_next_year_beta_20260828T213408Z_741eb3cf,milestone_3_20260828T210736Z_903d8f44,v2_next_year_expert_residual_v1,beta,6a9a803feee65cd1bd54f3b013594fb56a3c5c3eb6f65caf5c7e61ffee7bb0e6,shadow
8987f12e-ff79-572a-9971-d32a2cc90acd,00-0036252,Michael Pittman,2026,2027,WR,PIT,confirmed,8.729411764705883,,,,0,0,target_incomplete,0.0,6.0,1,7.0,98.6,0.7876721452980501,0.9333324491978192,0.5809258307011029,-0.7292370106047075,-1.1928705784025904,0.36463526135546426,-1.2894260211499025,-1.0705112033857334,8.729411764705883,9.094047026061348,8.000174754101176,7.439985743555981,7.5365411863032925,7.65890056132015,-1.0705112033857334,7.65890056132015,0.7876721452980501,-5.174675104176586,-4.132551138216551,-2.349516433734719,1.7104468853139558,3.790706964546365,5.521261715174053,position_history,879,veteran_with_history,v2_next_year_beta_20260828T213408Z_741eb3cf,milestone_3_20260828T210736Z_903d8f44,v2_next_year_expert_residual_v1,beta,6a9a803feee65cd1bd54f3b013594fb56a3c5c3eb6f65caf5c7e61ffee7bb0e6,shadow
8992cee1-a7a1-5f70-8e5c-03c285e4cc2f,00-0040237,Tez Johnson,2026,2027,WR,TB,confirmed,1.8965163398692808,,,,0,0,target_incomplete,0.0,1.0,1,7.0,335.25,0.7062051407441547,0.8947492875425186,0.561305717008435,1.6593823695824719,2.0146913301906837,1.6282505450092744,2.0612460452838053,1.9117732483523202,1.8965163398692808,3.524766884878555,3.5558987094517525,3.957762385153086,3.9112076700599645,3.808289588221601,1.9117732483523202,3.808289588221601,0.7062051407441547,-5.290117666656729,-4.500130273045835,-2.703400287276647,1.85750718837489,4.640355612959511,5.846307043900342,position_history,246,second_year,v2_next_year_beta_20260828T213408Z_741eb3cf,milestone_3_20260828T210736Z_903d8f44,v2_next_year_expert_residual_v1,beta,6a9a803feee65cd1bd54f3b013594fb56a3c5c3eb6f65caf5c7e61ffee7bb0e6,shadow
89aacaaa-acba-5185-83b3-7b68130c4465,00-0041217,J'Mari Taylor,2026,2027,RB,JAC,confirmed,1.3147058823529412,,,,0,0,target_incomplete,1.0,0.0,0,1.0,272.96,0.5950433248627733,0.557259005783089,0.6553958879420866,3.1983912468351665,2.62413389478982,2.8830872316241134,2.5940199441430423,2.8055150285893427,1.3147058823529412,4.197793113977054,4.5130971291881075,3.908725826495983,3.9388397771427615,4.120220910942284,2.8055150285893427,4.120220910942284,0.5950433248627733,-5.275047966924827,-4.3298006659425265,-2.5364531139387987,2.612371761579932,6.381973266338156,8.832194594599148,position_history,178,rookie,v2_next_year_beta_20260828T213408Z_741eb3cf,milestone_3_20260828T210736Z_903d8f44,v2_next_year_expert_residual_v1,beta,6a9a803feee65cd1bd54f3b013594fb56a3c5c3eb6f65caf5c7e61ffee7bb0e6,shadow
89e6cf96-f16e-55f0-8a15-b67701ac1c7d,00-0038614,Scott Matlock,2026,2027,RB,LAC,confirmed,0.7173176470588236,,,,0,0,target_incomplete,0.0,3.0,1,1.0,,0.5236900162568564,0.3818649111700305,0.6357540079168625,2.648394515823166,2.16716368583971,0.5942195570070535,2.3700205860187578,2.3951929292272114,0.7173176470588236,1.311537204065877,3.36571216288199,3.087338233077581,2.8844813328985337,3.1125105762860352,2.3951929292272114,3.1125105762860352,0.5236900162568564,-5.775864899111019,-4.643358820238846,-2.737069962073368,1.761662089777431,5.120078841022579,6.865731939366032,position_history,561,veteran_with_history,v2_next_year_beta_20260828T213408Z_741eb3cf,milestone_3_20260828T210736Z_903d8f44,v2_next_year_expert_residual_v1,beta,6a9a803feee65cd1bd54f3b013594fb56a3c5c3eb6f65caf5c7e61ffee7bb0e6,shadow
8a0e43dc-602e-5ff8-8c17-2b70c2443cd5,00-0036410,Tee Higgins,2026,2027,WR,CIN,confirmed,11.301764705882356,,,,0,0,target_incomplete,0.0,6.0,1,7.0,37.855000000000004,0.9578622855874815,0.9807033761639692,0.5809258307011029,-0.7103144184549732,-0.7040370471739731,0.36463526135546426,-1.1583911365845219,-0.8575808674044895,11.301764705882356,11.66639996723782,10.591450287427381,10.143373569297834,10.597727658708383,10.444183838477866,-0.8575808674044895,10.444183838477866,0.9578622855874815,-5.174675104176586,-4.132551138216551,-2.349516433734719,1.7104468853139558,3.790706964546365,5.521261715174053,position_history,879,veteran_with_history,v2_next_year_beta_20260828T213408Z_741eb3cf,milestone_3_20260828T210736Z_903d8f44,v2_next_year_expert_residual_v1,beta,6a9a803feee65cd1bd54f3b013594fb56a3c5c3eb6f65caf5c7e61ffee7bb0e6,shadow
8a36e587-1de7-599e-9b04-b5062bab98a7,00-0039915,Ladd McConkey,2026,2027,WR,LAC,confirmed,10.92474705882353,,,,0,0,target_incomplete,0.0,2.0,1,7.0,37.837500000000006,0.9750653197466213,0.9902512808177529,0.561304531171307,-0.6278838688061341,-0.2055317596469313,1.1528823356726514,-0.3405037373163103,-0.3913064552564585,10.92474705882353,12.077629394496181,10.296863190017396,10.584243321507218,10.719215299176598,10.53344060356707,-0.3913064552564585,10.53344060356707,0.9750653197466213,-5.174675104176586,-4.132551138216551,-2.349516433734719,1.7104468853139558,3.790706964546365,5.521261715174053,position_history,879,veteran_with_history,v2_next_year_beta_20260828T213408Z_741eb3cf,milestone_3_20260828T210736Z_903d8f44,v2_next_year_expert_residual_v1,beta,6a9a803feee65cd1bd54f3b013594fb56a3c5c3eb6f65caf5c7e61ffee7bb0e6,shadow
8a53225a-f4b7-5a3f-8579-4e03ae9fe1e6,00-0041067,Bryce Lance,2026,2027,WR,NO,confirmed,2.331470588235294,,,,0,0,target_incomplete,1.0,0.0,0,6.0,298.90250000000003,0.7302026133561719,0.8404770287460981,0.5968118837409765,2.525529034096949,2.083259811539266,2.727429987360483,2.1654035112612307,2.2580641189658155,2.331470588235294,5.058900575595777,4.856999622332243,4.496874099496525,4.414730399774561,4.58953470720111,2.2580641189658155,4.58953470720111,0.7302026133561719,-5.241847632097132,-4.420861613449043,-2.79275194455823,1.666671205196188,3.4416152985046184,5.164736756719793,position_history,250,rookie,v2_next_year_beta_20260828T213408Z_741eb3cf,milestone_3_20260828T210736Z_903d8f44,v2_next_year_expert_residual_v1,beta,6a9a803feee65cd1bd54f3b013594fb56a3c5c3eb6f65caf5c7e61ffee7bb0e6,shadow
8affcf6a-6155-5fba-b1f3-1f53525875ec,00-0040194,Jackson Hawes,2026,2027,TE,BUF,confirmed,1.7538029411764704,,,,0,0,target_incomplete,0.0,1.0,1,6.0,308.0,0.8008209859805158,0.8971798744645616,0.608365821078233,1.7617910693225127,1.4656387470135626,1.565974887778895,1.4268727860831274,1.551434200806401,1.7538029411764704,3.3197778289553654,3.515594010498983,3.180675727259598,3.2194416881900327,3.3052371419828717,1.551434200806401,3.3052371419828717,0.8008209859805158,-3.6339700144720632,-2.951290805531581,-2.182514704742995,0.5014646262834015,2.7463026739883363,3.934592956869509,position_history,129,second_year,v2_next_year_beta_20260828T213408Z_741eb3cf,milestone_3_20260828T210736Z_903d8f44,v2_next_year_expert_residual_v1,beta,6a9a803feee65cd1bd54f3b013594fb56a3c5c3eb6f65caf5c7e61ffee7bb0e6,shadow
8b2b29e1-0738-59f3-a0de-e71006128996,00-0039798,Isaiah Davis,2026,2027,RB,NYJ,confirmed,2.5735867606095404,,,,0,0,target_incomplete,0.0,2.0,1,7.0,310.92,0.8428026342949755,0.9179742712918277,0.6357540079168625,1.0850399143181118,1.7085495748153263,0.5942195570070535,1.6692613655209154,1.4876169515514512,2.5735867606095404,3.167806317616594,3.6586266749276524,4.242848126130456,4.282136335424867,4.061203712160991,1.4876169515514512,4.061203712160991,0.8428026342949755,-5.775864899111019,-4.643358820238846,-2.737069962073368,1.761662089777431,5.120078841022579,6.865731939366032,position_history,561,veteran_with_history,v2_next_year_beta_20260828T213408Z_741eb3cf,milestone_3_20260828T210736Z_903d8f44,v2_next_year_expert_residual_v1,beta,6a9a803feee65cd1bd54f3b013594fb56a3c5c3eb6f65caf5c7e61ffee7bb0e6,shadow
8b390c2f-8be9-57ab-82e3-0fc0f593e754,00-0038564,Cameron Latu,2026,2027,TE,PHI,confirmed,0.1411764705882353,,,,0,0,target_incomplete,0.0,3.0,0,1.0,,0.3170123671449773,0.3298993417760066,0.5866373331518034,2.485573916677966,2.1344069421057044,0.9813959523087957,2.3887559544104415,2.3362456043980373,0.1411764705882353,1.122572422897031,2.6267503872662012,2.5299324249986768,2.2755834126939396,2.4774220749862725,2.3362456043980373,2.4774220749862725,0.3170123671449773,-3.6225321557766907,-2.8499637328378338,-2.028437724279195,0.7483585564925581,2.9171121138029883,4.3897953300095,position,778,other_no_history,v2_next_year_beta_20260828T213408Z_741eb3cf,milestone_3_20260828T210736Z_903d8f44,v2_next_year_expert_residual_v1,beta,6a9a803feee65cd1bd54f3b013594fb56a3c5c3eb6f65caf5c7e61ffee7bb0e6,shadow
8b92ec52-c9fb-52b8-a198-cc461e55695d,00-0033110,Tyler Higbee,2026,2027,TE,LAR,confirmed,2.8000000000000003,,,,0,0,target_incomplete,0.0,10.0,1,7.0,315.655,0.5442713300464823,0.6793009520217769,0.4951784667648797,-0.3457387570656296,1.0321993740755993,0.5492362868820017,1.0385039578391022,0.5749881916163573,2.8000000000000003,3.349236286882002,2.4542612429343706,3.8385039578391025,3.8321993740755995,3.3749881916163575,0.5749881916163573,3.3749881916163575,0.5442713300464823,-3.2358565481832877,-2.66710551537136,-1.8857939720040764,1.062470480921867,3.115963575900585,4.606394156586925,position_history,517,veteran_with_history,v2_next_year_beta_20260828T213408Z_741eb3cf,milestone_3_20260828T210736Z_903d8f44,v2_next_year_expert_residual_v1,beta,6a9a803feee65cd1bd54f3b013594fb56a3c5c3eb6f65caf5c7e61ffee7bb0e6,shadow
8bc2f102-ae09-5537-a356-5f93e2387fb9,00-0036271,Quez Watkins,2026,2027,WR,,confirmed,,,,,0,0,target_incomplete,0.0,6.0,1,,472.0,0.26113883111514324,0.21301657498368262,0.5809258307011029,,,,,,,,,,,,,,0.26113883111514324,-5.174675104176586,-4.132551138216551,-2.349516433734719,1.7104468853139558,3.790706964546365,5.521261715174053,position_history,879,veteran_with_history,v2_next_year_beta_20260828T213408Z_741eb3cf,milestone_3_20260828T210736Z_903d8f44,v2_next_year_expert_residual_v1,beta,6a9a803feee65cd1bd54f3b013594fb56a3c5c3eb6f65caf5c7e61ffee7bb0e6,shadow
8c0246ba-7b82-5db0-b5c8-4e50798c2680,00-0040785,Dohnte Meyers,2026,2027,WR,,confirmed,,,,,0,0,target_incomplete,1.0,0.0,0,,228.8852,0.43241292932907993,0.4966060565972829,0.5968118837409765,,,,,,,,,,,,,,0.43241292932907993,-5.241847632097132,-4.420861613449043,-2.79275194455823,1.666671205196188,3.4416152985046184,5.164736756719793,position_history,250,rookie,v2_next_year_beta_20260828T213408Z_741eb3cf,milestone_3_20260828T210736Z_903d8f44,v2_next_year_expert_residual_v1,beta,6a9a803feee65cd1bd54f3b013594fb56a3c5c3eb6f65caf5c7e61ffee7bb0e6,shadow
8c34d5fa-b48c-5225-becc-b6d8c1308591,00-0038979,Cedric Tillman,2026,2027,WR,CLE,confirmed,1.3145882352941176,,,,0,0,target_incomplete,0.0,3.0,1,5.0,316.94000000000005,0.7654940730355038,0.8024406931673702,0.561304531171307,2.037572088147111,1.9071647025126677,1.1528823356726514,2.012647773490326,1.9857948547167015,1.3145882352941176,2.467470570966769,3.3521603234412285,3.3272360087844435,3.2217529378067855,3.3003830900108193,1.9857948547167015,3.3003830900108193,0.7654940730355038,-5.174675104176586,-4.132551138216551,-2.349516433734719,1.7104468853139558,3.790706964546365,5.521261715174053,position_history,879,veteran_with_history,v2_next_year_beta_20260828T213408Z_741eb3cf,milestone_3_20260828T210736Z_903d8f44,v2_next_year_expert_residual_v1,beta,6a9a803feee65cd1bd54f3b013594fb56a3c5c3eb6f65caf5c7e61ffee7bb0e6,shadow
8cd0851f-aaea-5da4-8cdd-be3927fe0f42,00-0041368,Harrison Wallace III,2026,2027,WR,ARI,confirmed,,,,,0,0,target_incomplete,1.0,0.0,0,,,0.4461146014502378,0.41259910004391814,0.5968118837409765,,,,,,,,,,,,,,0.4461146014502378,-5.241847632097132,-4.420861613449043,-2.79275194455823,1.666671205196188,3.4416152985046184,5.164736756719793,position_history,250,rookie,v2_next_year_beta_20260828T213408Z_741eb3cf,milestone_3_20260828T210736Z_903d8f44,v2_next_year_expert_residual_v1,beta,6a9a803feee65cd1bd54f3b013594fb56a3c5c3eb6f65caf5c7e61ffee7bb0e6,shadow
8cd0af31-5f95-5435-a15b-9297e315aec6,00-0040876,Elijah Sarratt,2026,2027,WR,BAL,confirmed,1.3529411764705883,,,,0,0,target_incomplete,1.0,0.0,0,5.0,303.3725,0.7589522842796584,0.8409287636741591,0.5968118837409765,3.1412566399231885,2.499609255694025,2.727429987360483,2.711814092822405,2.784226662813206,1.3529411764705883,4.080371163831071,4.494197816393777,4.064755269292993,3.8525504321646133,4.137167839283794,2.784226662813206,4.137167839283794,0.7589522842796584,-5.241847632097132,-4.420861613449043,-2.79275194455823,1.666671205196188,3.4416152985046184,5.164736756719793,position_history,250,rookie,v2_next_year_beta_20260828T213408Z_741eb3cf,milestone_3_20260828T210736Z_903d8f44,v2_next_year_expert_residual_v1,beta,6a9a803feee65cd1bd54f3b013594fb56a3c5c3eb6f65caf5c7e61ffee7bb0e6,shadow
8d1930b0-0fdc-5f4c-b0c7-65e855feed4f,00-0037545,Rashid Shaheed,2026,2027,WR,SEA,confirmed,7.317088235294118,,,,0,0,target_incomplete,0.0,4.0,1,7.0,140.07605999999998,0.8490818942286879,0.9205235268192584,0.5809258307011029,0.041334413395950786,-0.5325505369985917,0.36463526135546426,-0.7531091422483055,-0.41477508861698215,7.317088235294118,7.681723496649582,7.358422648690068,6.563979093045812,6.784537698295526,6.902313146677136,-0.41477508861698215,6.902313146677136,0.8490818942286879,-5.174675104176586,-4.132551138216551,-2.349516433734719,1.7104468853139558,3.790706964546365,5.521261715174053,position_history,879,veteran_with_history,v2_next_year_beta_20260828T213408Z_741eb3cf,milestone_3_20260828T210736Z_903d8f44,v2_next_year_expert_residual_v1,beta,6a9a803feee65cd1bd54f3b013594fb56a3c5c3eb6f65caf5c7e61ffee7bb0e6,shadow
8d5300d8-e939-50a0-ae30-6124af36ef5b,00-0032268,Marcus Mariota,2026,2027,QB,WAS,confirmed,1.5872482352941177,,,,0,0,target_incomplete,0.0,11.0,1,6.0,317.2825,0.5645478045083422,0.7613856508084038,0.5462074876103052,5.080325944151223,9.794694119624076,2.230624494796814,14.29150056344928,9.722173542408193,1.5872482352941177,3.8178727300909316,6.6675741794453405,15.878748798743397,11.381942354918193,11.30942177770231,9.722173542408193,11.30942177770231,0.5645478045083422,-8.06412819759558,-5.734041511578347,-2.864465114852388,2.783835279116431,6.020518964099286,6.909064297162426,position_history,209,veteran_with_history,v2_next_year_beta_20260828T213408Z_741eb3cf,milestone_3_20260828T210736Z_903d8f44,v2_next_year_expert_residual_v1,beta,6a9a803feee65cd1bd54f3b013594fb56a3c5c3eb6f65caf5c7e61ffee7bb0e6,shadow
8d6a86be-cf54-5830-bc35-07195fbdb709,00-0041489,Germie Bernard,2026,2027,WR,PIT,confirmed,4.765991725380957,,,,0,0,target_incomplete,1.0,0.0,0,7.0,241.2,0.9004744084830373,0.9325979761248101,0.5968118837409765,1.8928393948302573,1.9071488921227855,2.727429987360483,2.175559922904013,1.9918494032856853,4.765991725380957,7.49342171274144,6.6588311202112145,6.941551648284969,6.673140617503742,6.757841128666642,1.9918494032856853,6.757841128666642,0.9004744084830373,-5.241847632097132,-4.420861613449043,-2.79275194455823,1.666671205196188,3.4416152985046184,5.164736756719793,position_history,250,rookie,v2_next_year_beta_20260828T213408Z_741eb3cf,milestone_3_20260828T210736Z_903d8f44,v2_next_year_expert_residual_v1,beta,6a9a803feee65cd1bd54f3b013594fb56a3c5c3eb6f65caf5c7e61ffee7bb0e6,shadow
8e540d4c-b87e-5127-ab6b-b2d6f688fd21,00-0038098,Pierre Strong,2026,2027,RB,GB,confirmed,0.564464705882353,,,,0,0,target_incomplete,0.0,4.0,1,2.0,302.0275,0.3002278832453805,0.4493267363545189,0.5951913648732261,2.784933509498515,2.6158864044460017,-0.13301155778163867,2.517840375478993,2.6395534298078367,0.564464705882353,0.43145314810071433,3.349398215380868,3.082305081361346,3.180351110328355,3.20401813569019,2.6395534298078367,3.20401813569019,0.3002278832453805,-5.775864899111019,-4.643358820238846,-2.737069962073368,1.761662089777431,5.120078841022579,6.865731939366032,position_history,561,veteran_with_history,v2_next_year_beta_20260828T213408Z_741eb3cf,milestone_3_20260828T210736Z_903d8f44,v2_next_year_expert_residual_v1,beta,6a9a803feee65cd1bd54f3b013594fb56a3c5c3eb6f65caf5c7e61ffee7bb0e6,shadow
8e8b0070-f072-5427-a31e-c1372387b898,00-0040250,Luke Lachey,2026,2027,TE,,confirmed,,,,,0,0,target_incomplete,0.0,1.0,0,,278.0,0.20075808845548698,0.43308974763134217,0.608365821078233,,,,,,,,,,,,,,0.20075808845548698,-3.6339700144720632,-2.951290805531581,-2.182514704742995,0.5014646262834015,2.7463026739883363,3.934592956869509,position_history,129,second_year,v2_next_year_beta_20260828T213408Z_741eb3cf,milestone_3_20260828T210736Z_903d8f44,v2_next_year_expert_residual_v1,beta,6a9a803feee65cd1bd54f3b013594fb56a3c5c3eb6f65caf5c7e61ffee7bb0e6,shadow
8ee8dd5e-fdfa-554b-92d8-19d0e9ff79e2,00-0040729,Jack Bech,2026,2027,WR,LVR,confirmed,3.8882352941176466,,,,0,0,target_incomplete,0.0,1.0,1,7.0,276.61,0.8670181391829938,0.9343786970545406,0.561305717008435,0.8436946772158019,1.17041298128304,1.6282505450092744,1.2442972620912705,1.0861349735300374,3.8882352941176466,5.516485839126921,4.731929971333448,5.132532556208917,5.058648275400687,4.974370267647684,1.0861349735300374,4.974370267647684,0.8670181391829938,-5.290117666656729,-4.500130273045835,-2.703400287276647,1.85750718837489,4.640355612959511,5.846307043900342,position_history,246,second_year,v2_next_year_beta_20260828T213408Z_741eb3cf,milestone_3_20260828T210736Z_903d8f44,v2_next_year_expert_residual_v1,beta,6a9a803feee65cd1bd54f3b013594fb56a3c5c3eb6f65caf5c7e61ffee7bb0e6,shadow
8eeceb93-8195-514f-9917-1c7575c993af,00-0040419,Garrett Greene,2026,2027,WR,TB,confirmed,0.0,,,,0,0,target_incomplete,0.0,1.0,0,1.0,,0.15832949853263556,0.42900158003444333,0.561305717008435,2.9541770611864617,2.4580320133482343,1.6282505450092744,2.553950493090315,2.6553865225416704,0.0,1.6282505450092744,2.9541770611864617,2.553950493090315,2.4580320133482343,2.6553865225416704,2.6553865225416704,2.6553865225416704,0.15832949853263556,-5.290117666656729,-4.500130273045835,-2.703400287276647,1.85750718837489,4.640355612959511,5.846307043900342,position_history,246,second_year,v2_next_year_beta_20260828T213408Z_741eb3cf,milestone_3_20260828T210736Z_903d8f44,v2_next_year_expert_residual_v1,beta,6a9a803feee65cd1bd54f3b013594fb56a3c5c3eb6f65caf5c7e61ffee7bb0e6,shadow
8f256c5f-b270-54c5-834b-7a129b5b53b6,00-0039751,Jordan Whittington,2026,2027,WR,LAR,confirmed,2.011764705882353,,,,0,0,target_incomplete,0.0,2.0,1,7.0,323.445,0.6870013631412023,0.8811140976094896,0.561304531171307,1.5336310802171624,1.7611445833983836,1.1528823356726514,1.9076501616171389,1.7341419417442283,2.011764705882353,3.1646470415550043,3.5453957860995153,3.9194148674994915,3.7729092892807365,3.7459066476265814,1.7341419417442283,3.7459066476265814,0.6870013631412023,-5.174675104176586,-4.132551138216551,-2.349516433734719,1.7104468853139558,3.790706964546365,5.521261715174053,position_history,879,veteran_with_history,v2_next_year_beta_20260828T213408Z_741eb3cf,milestone_3_20260828T210736Z_903d8f44,v2_next_year_expert_residual_v1,beta,6a9a803feee65cd1bd54f3b013594fb56a3c5c3eb6f65caf5c7e61ffee7bb0e6,shadow
8fb42cfc-c359-5d98-aee0-a31c2f092af9,00-0038806,Malik Knowles,2026,2027,WR,,confirmed,,,,,0,0,target_incomplete,0.0,3.0,0,,319.0,0.42287298324131356,0.332984591083566,0.561304531171307,,,,,,,,,,,,,,0.42287298324131356,-5.247028493584627,-4.168147262586337,-2.4882348181433445,1.7215690384925635,4.092107755797534,5.673306043718701,position,1398,other_no_history,v2_next_year_beta_20260828T213408Z_741eb3cf,milestone_3_20260828T210736Z_903d8f44,v2_next_year_expert_residual_v1,beta,6a9a803feee65cd1bd54f3b013594fb56a3c5c3eb6f65caf5c7e61ffee7bb0e6,shadow
9062049e-baa8-5701-a6af-a8b97c3b052d,00-0040398,Brady Cook,2026,2027,QB,NYJ,confirmed,,,,,0,0,target_incomplete,0.0,1.0,1,3.0,496.0,0.4973241944319824,0.6385657225729977,0.41318674656565685,,,,,,,,,,,,,,0.4973241944319824,-8.45552130817761,-6.586595987192735,-2.9812738228535967,2.974665977858852,6.51934127264136,8.784757686121404,position,274,second_year,v2_next_year_beta_20260828T213408Z_741eb3cf,milestone_3_20260828T210736Z_903d8f44,v2_next_year_expert_residual_v1,beta,6a9a803feee65cd1bd54f3b013594fb56a3c5c3eb6f65caf5c7e61ffee7bb0e6,shadow
912013f0-3c80-5d6f-944c-dea6cc074bb5,00-0033246,Johnny Mundt,2026,2027,TE,PHI,confirmed,0.7879411764705881,,,,0,0,target_incomplete,0.0,9.0,1,2.0,371.0,0.43600580505437536,0.3990391667978791,0.5338622493006663,0.9503440090307902,1.4624489803866787,-0.08955813866931404,1.860410914480502,1.4244013012993237,0.7879411764705881,0.6983830378012741,1.7382851855013783,2.6483520909510903,2.250390156857267,2.212342477769912,1.4244013012993237,2.212342477769912,0.43600580505437536,-3.2358565481832877,-2.66710551537136,-1.8857939720040764,1.062470480921867,3.115963575900585,4.606394156586925,position_history,517,veteran_with_history,v2_next_year_beta_20260828T213408Z_741eb3cf,milestone_3_20260828T210736Z_903d8f44,v2_next_year_expert_residual_v1,beta,6a9a803feee65cd1bd54f3b013594fb56a3c5c3eb6f65caf5c7e61ffee7bb0e6,shadow
91370612-7aa0-5556-bc55-1a0bce8300db,00-0040058,Nick Kallerup,2026,2027,TE,SEA,confirmed,0.11176470588235296,,,,0,0,target_incomplete,0.0,1.0,1,1.0,,0.37944460155412596,0.5360151326323124,0.608365821078233,2.325796111821163,2.0581816215242483,1.565974887778895,2.365007343330278,2.2496616922252297,0.11176470588235296,1.677739593661248,2.437560817703516,2.476772049212631,2.1699463274066013,2.3614263981075827,2.2496616922252297,2.3614263981075827,0.37944460155412596,-3.6339700144720632,-2.951290805531581,-2.182514704742995,0.5014646262834015,2.7463026739883363,3.934592956869509,position_history,129,second_year,v2_next_year_beta_20260828T213408Z_741eb3cf,milestone_3_20260828T210736Z_903d8f44,v2_next_year_expert_residual_v1,beta,6a9a803feee65cd1bd54f3b013594fb56a3c5c3eb6f65caf5c7e61ffee7bb0e6,shadow
91895c62-971e-56dd-bac6-1a3320b9f4e5,00-0034365,Ian Thomas,2026,2027,TE,LVR,confirmed,0.8070823529411765,,,,0,0,target_incomplete,0.0,8.0,1,4.0,,0.5663141433302511,0.5300868680170466,0.5338622493006663,1.601354225137546,1.6245284178518722,-0.08955813866931404,2.1816973434587457,1.802526662149388,0.8070823529411765,0.7175242142718624,2.4084365780787227,2.9887796963999222,2.4316107707930485,2.6096090150905646,1.802526662149388,2.6096090150905646,0.5663141433302511,-3.2358565481832877,-2.66710551537136,-1.8857939720040764,1.062470480921867,3.115963575900585,4.606394156586925,position_history,517,veteran_with_history,v2_next_year_beta_20260828T213408Z_741eb3cf,milestone_3_20260828T210736Z_903d8f44,v2_next_year_expert_residual_v1,beta,6a9a803feee65cd1bd54f3b013594fb56a3c5c3eb6f65caf5c7e61ffee7bb0e6,shadow
922c769f-2f60-5de7-a75b-322112ec9540,00-0031588,Stefon Diggs,2026,2027,WR,WAS,confirmed,8.196103350811075,,,,0,0,target_incomplete,0.0,11.0,1,7.0,101.5,0.6839055239229689,0.8061712600345953,0.41694036868057527,-0.723634400589455,-0.843043301324502,-1.0843664097150907,-1.1762684906907055,-0.9143153975348876,8.196103350811075,7.111736941095985,7.47246895022162,7.01983486012037,7.353060049486573,7.281787953276187,-0.9143153975348876,7.281787953276187,0.6839055239229689,-5.174675104176586,-4.132551138216551,-2.349516433734719,1.7104468853139558,3.790706964546365,5.521261715174053,position_history,879,veteran_with_history,v2_next_year_beta_20260828T213408Z_741eb3cf,milestone_3_20260828T210736Z_903d8f44,v2_next_year_expert_residual_v1,beta,6a9a803feee65cd1bd54f3b013594fb56a3c5c3eb6f65caf5c7e61ffee7bb0e6,shadow
9253375f-b718-5d18-a6ae-2dfe39cf7cb8,00-0034869,Sam Darnold,2026,2027,QB,SEA,confirmed,13.731164705882353,,,,0,0,target_incomplete,0.0,8.0,1,7.0,142.24838,0.9107723760315236,0.9847834061165183,0.5472605688041711,1.534929556203474,-0.39323746882524424,3.0996677277257425,-0.6703710272439831,0.15710702004474886,13.731164705882353,16.830832433608094,15.266094262085828,13.06079367863837,13.337927237057109,13.888271725927101,0.15710702004474886,13.888271725927101,0.9107723760315236,-8.06412819759558,-5.734041511578347,-2.864465114852388,2.783835279116431,6.020518964099286,6.909064297162426,position_history,209,veteran_with_history,v2_next_year_beta_20260828T213408Z_741eb3cf,milestone_3_20260828T210736Z_903d8f44,v2_next_year_expert_residual_v1,beta,6a9a803feee65cd1bd54f3b013594fb56a3c5c3eb6f65caf5c7e61ffee7bb0e6,shadow
926eb4a5-76b9-5300-9b33-d1158b3bc917,00-0036754,Brock Wright,2026,2027,TE,DET,confirmed,2.1523529411764706,,,,0,0,target_incomplete,0.0,5.0,1,6.0,283.52250000000004,0.6714559487131102,0.7970904735932817,0.5754647011414279,1.4943995671514028,1.7818443139465368,0.6249159376606653,1.409619498148108,1.5619544597486825,2.1523529411764706,2.777268878837136,3.6467525083278733,3.5619724393245784,3.9341972551230073,3.7143074009251533,1.5619544597486825,3.7143074009251533,0.6714559487131102,-3.2358565481832877,-2.66710551537136,-1.8857939720040764,1.062470480921867,3.115963575900585,4.606394156586925,position_history,517,veteran_with_history,v2_next_year_beta_20260828T213408Z_741eb3cf,milestone_3_20260828T210736Z_903d8f44,v2_next_year_expert_residual_v1,beta,6a9a803feee65cd1bd54f3b013594fb56a3c5c3eb6f65caf5c7e61ffee7bb0e6,shadow
9288cfdc-a7b3-5751-833f-bee6c74640b0,00-0040522,Xavier Restrepo,2026,2027,WR,TEN,confirmed,0.3890882352941177,,,,0,0,target_incomplete,0.0,1.0,1,2.0,360.0,0.5364710394952946,0.5571763243951633,0.561305717008435,2.5505009365024245,2.5015254844783796,1.6282505450092744,2.482449265815093,2.5114918955986325,0.3890882352941177,2.017338780303392,2.939589171796542,2.8715375011092106,2.8906137197724973,2.90058013089275,2.5114918955986325,2.90058013089275,0.5364710394952946,-5.290117666656729,-4.500130273045835,-2.703400287276647,1.85750718837489,4.640355612959511,5.846307043900342,position_history,246,second_year,v2_next_year_beta_20260828T213408Z_741eb3cf,milestone_3_20260828T210736Z_903d8f44,v2_next_year_expert_residual_v1,beta,6a9a803feee65cd1bd54f3b013594fb56a3c5c3eb6f65caf5c7e61ffee7bb0e6,shadow
9289898b-0b32-5ff7-9833-4a65474fcc4f,00-0035544,Tom Kennedy,2026,2027,WR,DET,confirmed,0.7293529411764705,,,,0,0,target_incomplete,0.0,7.0,1,2.0,470.0,0.4403330580362875,0.3479396153863935,0.5494986889348197,0.9100922330540295,2.073699479530313,-0.3337587311176249,2.331231256125803,1.771674322903382,0.7293529411764705,0.39559421005884565,1.6394451742305,3.0605841973022736,2.8030524207067837,2.5010272640798528,1.771674322903382,2.5010272640798528,0.4403330580362875,-5.174675104176586,-4.132551138216551,-2.349516433734719,1.7104468853139558,3.790706964546365,5.521261715174053,position_history,879,veteran_with_history,v2_next_year_beta_20260828T213408Z_741eb3cf,milestone_3_20260828T210736Z_903d8f44,v2_next_year_expert_residual_v1,beta,6a9a803feee65cd1bd54f3b013594fb56a3c5c3eb6f65caf5c7e61ffee7bb0e6,shadow
930d4dd4-0e6e-5fa9-9d56-aaadff803ef1,00-0041077,Justin Joly,2026,2027,TE,DEN,confirmed,1.0498093784683682,,,,0,0,target_incomplete,1.0,0.0,0,6.0,330.67,0.8070530163950276,0.8681789010437718,0.6038558673610269,3.1774959182380433,2.6900018857926575,2.0843437891501377,2.656477851502514,2.841325218511072,1.0498093784683682,3.134153167618506,4.227305296706412,3.706287229970882,3.739811264261026,3.89113459697944,2.841325218511072,3.89113459697944,0.8070530163950276,-4.352633110913855,-3.4831286225578566,-2.493896993771685,0.469156909097479,2.047935247444171,3.443435937814943,position_history,121,rookie,v2_next_year_beta_20260828T213408Z_741eb3cf,milestone_3_20260828T210736Z_903d8f44,v2_next_year_expert_residual_v1,beta,6a9a803feee65cd1bd54f3b013594fb56a3c5c3eb6f65caf5c7e61ffee7bb0e6,shadow
93246e69-576d-52d4-9e03-a8e511793993,00-0039521,Xavier Weaver,2026,2027,WR,ARI,confirmed,0.9130676470588235,,,,0,0,target_incomplete,0.0,2.0,1,2.0,,0.5247294117941473,0.4634338818046534,0.561304531171307,2.06501686848428,2.0179214267826024,1.1528823356726514,2.27522013488762,2.119386143384834,0.9130676470588235,2.0659499827314747,2.9780845155431033,3.1882877819464435,2.9309890738414257,3.0324537904436575,2.119386143384834,3.0324537904436575,0.5247294117941473,-5.174675104176586,-4.132551138216551,-2.349516433734719,1.7104468853139558,3.790706964546365,5.521261715174053,position_history,879,veteran_with_history,v2_next_year_beta_20260828T213408Z_741eb3cf,milestone_3_20260828T210736Z_903d8f44,v2_next_year_expert_residual_v1,beta,6a9a803feee65cd1bd54f3b013594fb56a3c5c3eb6f65caf5c7e61ffee7bb0e6,shadow
935cb825-882c-591a-bd58-6dee86a978f5,00-0033376,Patrick Ricard,2026,2027,RB,NYG,confirmed,0.2961764705882353,,,,0,0,target_incomplete,0.0,9.0,1,3.0,365.0,0.3142243949786113,0.24959699818662415,0.5443934450622839,1.0322067954817904,2.095359677985172,-0.681281550565376,2.2913388901816982,1.806301787882887,0.2961764705882353,0.0,1.3283832660700257,2.5875153607699337,2.3915361485734077,2.1024782584711224,1.806301787882887,2.1024782584711224,0.3142243949786113,-5.775864899111019,-4.643358820238846,-2.737069962073368,1.761662089777431,5.120078841022579,6.865731939366032,position_history,561,veteran_with_history,v2_next_year_beta_20260828T213408Z_741eb3cf,milestone_3_20260828T210736Z_903d8f44,v2_next_year_expert_residual_v1,beta,6a9a803feee65cd1bd54f3b013594fb56a3c5c3eb6f65caf5c7e61ffee7bb0e6,shadow
9364e98b-a83a-550d-981f-0ad4d93780e5,00-0040891,Cole Payton,2026,2027,QB,PHI,confirmed,,,,,0,0,target_incomplete,1.0,0.0,0,1.0,,0.26420660693215803,0.3401639146888329,0.44978202947919904,,,,,,,,,,,,,,0.26420660693215803,-8.45552130817761,-6.586595987192735,-2.9812738228535967,2.974665977858852,6.51934127264136,8.784757686121404,position,274,rookie,v2_next_year_beta_20260828T213408Z_741eb3cf,milestone_3_20260828T210736Z_903d8f44,v2_next_year_expert_residual_v1,beta,6a9a803feee65cd1bd54f3b013594fb56a3c5c3eb6f65caf5c7e61ffee7bb0e6,shadow
949267d9-0d3f-51f4-8751-364ac0b983e7,00-0038920,John Shenker,2026,2027,TE,,confirmed,,,,,0,0,target_incomplete,0.0,3.0,1,,297.5,0.2986539642169854,0.4130727133942668,0.5866373331518034,,,,,,,,,,,,,,0.2986539642169854,-3.2358565481832877,-2.66710551537136,-1.8857939720040764,1.062470480921867,3.115963575900585,4.606394156586925,position_history,517,veteran_with_history,v2_next_year_beta_20260828T213408Z_741eb3cf,milestone_3_20260828T210736Z_903d8f44,v2_next_year_expert_residual_v1,beta,6a9a803feee65cd1bd54f3b013594fb56a3c5c3eb6f65caf5c7e61ffee7bb0e6,shadow
9585db27-220c-5066-8bc0-daa538bd18f9,00-0037609,Aaron Shampklin,2026,2027,RB,,confirmed,,,,,0,0,target_incomplete,0.0,4.0,1,,400.0,0.30148905126070547,0.30711595495303856,0.5951913648732261,,,,,,,,,,,,,,0.30148905126070547,-5.775864899111019,-4.643358820238846,-2.737069962073368,1.761662089777431,5.120078841022579,6.865731939366032,position_history,561,veteran_with_history,v2_next_year_beta_20260828T213408Z_741eb3cf,milestone_3_20260828T210736Z_903d8f44,v2_next_year_expert_residual_v1,beta,6a9a803feee65cd1bd54f3b013594fb56a3c5c3eb6f65caf5c7e61ffee7bb0e6,shadow
95d5f209-21df-55b0-9c2c-118459e71822,00-0035019,Reggie White Jr.,2026,2027,WR,,confirmed,,,,,0,0,target_incomplete,0.0,7.0,0,,342.0,0.33123914523286907,0.2615083751054378,0.5494986889348197,,,,,,,,,,,,,,0.33123914523286907,-5.247028493584627,-4.168147262586337,-2.4882348181433445,1.7215690384925635,4.092107755797534,5.673306043718701,position,1398,other_no_history,v2_next_year_beta_20260828T213408Z_741eb3cf,milestone_3_20260828T210736Z_903d8f44,v2_next_year_expert_residual_v1,beta,6a9a803feee65cd1bd54f3b013594fb56a3c5c3eb6f65caf5c7e61ffee7bb0e6,shadow
9644627f-b01f-5dcb-8fd8-ba0a11ac06e6,00-0038489,Ben VanSumeren,2026,2027,RB,BUF,confirmed,0.034999999999999996,,,,0,0,target_incomplete,0.0,3.0,1,2.0,,0.22739705096686433,0.34978986881533963,0.6357540079168625,2.9946824653063873,2.9864799181576704,0.5942195570070535,3.033467609956724,3.004876664473594,0.034999999999999996,0.6292195570070536,3.0296824653063874,3.0684676099567243,3.0214799181576706,3.039876664473594,3.004876664473594,3.039876664473594,0.22739705096686433,-5.775864899111019,-4.643358820238846,-2.737069962073368,1.761662089777431,5.120078841022579,6.865731939366032,position_history,561,veteran_with_history,v2_next_year_beta_20260828T213408Z_741eb3cf,milestone_3_20260828T210736Z_903d8f44,v2_next_year_expert_residual_v1,beta,6a9a803feee65cd1bd54f3b013594fb56a3c5c3eb6f65caf5c7e61ffee7bb0e6,shadow
9766344d-6267-5df0-ad94-f46dbc933abd,00-0040172,Jordan Watkins,2026,2027,WR,SF,confirmed,0.0,,,,0,0,target_incomplete,0.0,1.0,1,1.0,317.05,0.2852026269241212,0.6827771473800379,0.561305717008435,3.378746102582752,2.9708360175959507,1.6282505450092744,2.7912374871210477,3.046939869099917,0.0,1.6282505450092744,3.378746102582752,2.7912374871210477,2.9708360175959507,3.046939869099917,3.046939869099917,3.046939869099917,0.2852026269241212,-5.290117666656729,-4.500130273045835,-2.703400287276647,1.85750718837489,4.640355612959511,5.846307043900342,position_history,246,second_year,v2_next_year_beta_20260828T213408Z_741eb3cf,milestone_3_20260828T210736Z_903d8f44,v2_next_year_expert_residual_v1,beta,6a9a803feee65cd1bd54f3b013594fb56a3c5c3eb6f65caf5c7e61ffee7bb0e6,shadow
976b9a2d-5e90-5207-8d87-954dafb93966,00-0039589,Kameron Johnson,2026,2027,WR,TB,confirmed,0.2259735294117647,,,,0,0,target_incomplete,0.0,2.0,1,4.0,,0.41532500749331647,0.5629741392249535,0.561304531171307,2.90066694702844,2.4580320133482343,1.1528823356726514,2.5038600895063885,2.6208530166276875,0.2259735294117647,1.378855865084416,3.1266404764402047,2.7298336189181533,2.684005542759999,2.8468265460394524,2.6208530166276875,2.8468265460394524,0.41532500749331647,-5.174675104176586,-4.132551138216551,-2.349516433734719,1.7104468853139558,3.790706964546365,5.521261715174053,position_history,879,veteran_with_history,v2_next_year_beta_20260828T213408Z_741eb3cf,milestone_3_20260828T210736Z_903d8f44,v2_next_year_expert_residual_v1,beta,6a9a803feee65cd1bd54f3b013594fb56a3c5c3eb6f65caf5c7e61ffee7bb0e6,shadow
97e39ccd-87f5-52a6-b751-0d9b693fcdb6,00-0036753,Sage Surratt,2026,2027,WR,,confirmed,,,,,0,0,target_incomplete,0.0,5.0,0,,330.0,0.3455282054653811,0.29420789974008615,0.5809258307011029,,,,,,,,,,,,,,0.3455282054653811,-5.247028493584627,-4.168147262586337,-2.4882348181433445,1.7215690384925635,4.092107755797534,5.673306043718701,position,1398,other_no_history,v2_next_year_beta_20260828T213408Z_741eb3cf,milestone_3_20260828T210736Z_903d8f44,v2_next_year_expert_residual_v1,beta,6a9a803feee65cd1bd54f3b013594fb56a3c5c3eb6f65caf5c7e61ffee7bb0e6,shadow
981d5d92-3fd4-50f4-a5bf-daeed7e92197,00-0041084,Tanner Koziol,2026,2027,TE,JAC,confirmed,1.029045911047346,,,,0,0,target_incomplete,1.0,0.0,0,5.0,347.0,0.8034721349869786,0.8337052502384605,0.6038558673610269,3.0505327121740153,2.4271019983020876,2.0843437891501377,2.5266338087915803,2.668089506422561,1.029045911047346,3.1133897001974837,4.079578623221361,3.5556797198389263,3.4561479093494336,3.697135417469907,2.668089506422561,3.697135417469907,0.8034721349869786,-4.352633110913855,-3.4831286225578566,-2.493896993771685,0.469156909097479,2.047935247444171,3.443435937814943,position_history,121,rookie,v2_next_year_beta_20260828T213408Z_741eb3cf,milestone_3_20260828T210736Z_903d8f44,v2_next_year_expert_residual_v1,beta,6a9a803feee65cd1bd54f3b013594fb56a3c5c3eb6f65caf5c7e61ffee7bb0e6,shadow
982518ba-c7c7-52da-98e4-41d1d4131987,00-0032464,Kalif Raymond,2026,2027,WR,CHI,confirmed,2.61530718954248,,,,0,0,target_incomplete,0.0,10.0,1,7.0,319.945,0.41482896758095233,0.578109591862762,0.41694036868057527,-0.19550713195422031,1.3014560605237762,-1.0843664097150907,1.528310465976984,0.8780864648488466,2.61530718954248,1.5309407798273893,2.41980005758826,4.1436176555194635,3.916763250066256,3.4933936543913267,0.8780864648488466,3.4933936543913267,0.41482896758095233,-5.174675104176586,-4.132551138216551,-2.349516433734719,1.7104468853139558,3.790706964546365,5.521261715174053,position_history,879,veteran_with_history,v2_next_year_beta_20260828T213408Z_741eb3cf,milestone_3_20260828T210736Z_903d8f44,v2_next_year_expert_residual_v1,beta,6a9a803feee65cd1bd54f3b013594fb56a3c5c3eb6f65caf5c7e61ffee7bb0e6,shadow
9826e78e-9937-5afa-93fe-ca487554f947,00-0039912,Ben Sinnott,2026,2027,TE,WAS,confirmed,1.704735294117647,,,,0,0,target_incomplete,0.0,2.0,1,6.0,331.05,0.7863673262410049,0.8940732627177916,0.5866373331518034,1.6466028385354712,1.3632238036988578,0.9813959523087957,1.508797560302466,1.506208067512265,1.704735294117647,2.686131246426443,3.351338132653118,3.213532854420113,3.0679590978165048,3.210943361629912,1.506208067512265,3.210943361629912,0.7863673262410049,-3.2358565481832877,-2.66710551537136,-1.8857939720040764,1.062470480921867,3.115963575900585,4.606394156586925,position_history,517,veteran_with_history,v2_next_year_beta_20260828T213408Z_741eb3cf,milestone_3_20260828T210736Z_903d8f44,v2_next_year_expert_residual_v1,beta,6a9a803feee65cd1bd54f3b013594fb56a3c5c3eb6f65caf5c7e61ffee7bb0e6,shadow
9916d928-6327-5a7f-9ae1-1ec039c6cb21,00-0023459,Aaron Rodgers,2026,2027,QB,PIT,confirmed,13.068235294117649,,,,0,0,target_incomplete,0.0,21.0,1,7.0,188.52749999999997,0.7029581989053983,0.739293305428196,0.5462074876103052,-0.6314869727233807,1.0226644444234907,2.230624494796814,1.6065216716236963,0.6658997144412687,13.068235294117649,15.298859788914463,12.43674832139427,14.674756965741345,14.09089973854114,13.734135008558917,0.6658997144412687,13.734135008558917,0.7029581989053983,-8.06412819759558,-5.734041511578347,-2.864465114852388,2.783835279116431,6.020518964099286,6.909064297162426,position_history,209,veteran_with_history,v2_next_year_beta_20260828T213408Z_741eb3cf,milestone_3_20260828T210736Z_903d8f44,v2_next_year_expert_residual_v1,beta,6a9a803feee65cd1bd54f3b013594fb56a3c5c3eb6f65caf5c7e61ffee7bb0e6,shadow
9925eafa-bd53-5dd3-b00c-fd1d0c2173ea,00-0034164,Trenton Cannon,2026,2027,RB,,confirmed,,,,,0,0,target_incomplete,0.0,8.0,1,,349.0,0.3426034841203706,0.21552922722393283,0.5443934450622839,,,,,,,,,,,,,,0.3426034841203706,-5.775864899111019,-4.643358820238846,-2.737069962073368,1.761662089777431,5.120078841022579,6.865731939366032,position_history,561,veteran_with_history,v2_next_year_beta_20260828T213408Z_741eb3cf,milestone_3_20260828T210736Z_903d8f44,v2_next_year_expert_residual_v1,beta,6a9a803feee65cd1bd54f3b013594fb56a3c5c3eb6f65caf5c7e61ffee7bb0e6,shadow
997f64e4-2230-5165-8023-df45a27f4520,00-0036637,Noah Gray,2026,2027,TE,KC,confirmed,2.7486289529739505,,,,0,0,target_incomplete,0.0,5.0,1,7.0,326.3925,0.8018655209987777,0.8690831878919036,0.5754647011414279,0.36073686903532054,1.4303370423357162,0.6249159376606653,0.9509989197305319,0.9140242770338561,2.7486289529739505,3.3735448906346157,3.109365822009271,3.6996278727044825,4.1789659953096665,3.6626532300078067,0.9140242770338561,3.6626532300078067,0.8018655209987777,-3.2358565481832877,-2.66710551537136,-1.8857939720040764,1.062470480921867,3.115963575900585,4.606394156586925,position_history,517,veteran_with_history,v2_next_year_beta_20260828T213408Z_741eb3cf,milestone_3_20260828T210736Z_903d8f44,v2_next_year_expert_residual_v1,beta,6a9a803feee65cd1bd54f3b013594fb56a3c5c3eb6f65caf5c7e61ffee7bb0e6,shadow
9a0f1d93-a9c2-578b-9370-80b65ac1b56e,00-0038454,Keaton Mitchell,2026,2027,RB,LAC,confirmed,5.154623529411765,,,,0,0,target_incomplete,0.0,3.0,1,7.0,139.52749999999997,0.8312086314525169,0.9071001203837976,0.6357540079168625,1.0186186974027276,1.148007538749501,0.5942195570070535,0.8800028659450506,1.0155430340324265,5.154623529411765,5.748843086418819,6.173242226814493,6.034626395356816,6.302631068161266,6.170166563444192,1.0155430340324265,6.170166563444192,0.8312086314525169,-5.775864899111019,-4.643358820238846,-2.737069962073368,1.761662089777431,5.120078841022579,6.865731939366032,position_history,561,veteran_with_history,v2_next_year_beta_20260828T213408Z_741eb3cf,milestone_3_20260828T210736Z_903d8f44,v2_next_year_expert_residual_v1,beta,6a9a803feee65cd1bd54f3b013594fb56a3c5c3eb6f65caf5c7e61ffee7bb0e6,shadow
9a6bd053-aab3-5c2f-aaff-c5d10a749e0b,00-0041029,Jordyn Tyson,2026,2027,WR,NO,confirmed,6.343751024086515,,,,0,0,target_incomplete,1.0,0.0,0,7.0,124.972265,0.9562564543566949,0.9753786354227694,0.5968118837409765,2.0872400919023226,3.060223353401227,2.727429987360483,3.4290508630826766,2.8588381027954086,6.343751024086515,9.071181011446999,8.430991115988839,9.77280188716919,9.403974377487742,9.202589126881923,2.8588381027954086,9.202589126881923,0.9562564543566949,-5.241847632097132,-4.420861613449043,-2.79275194455823,1.666671205196188,3.4416152985046184,5.164736756719793,position_history,250,rookie,v2_next_year_beta_20260828T213408Z_741eb3cf,milestone_3_20260828T210736Z_903d8f44,v2_next_year_expert_residual_v1,beta,6a9a803feee65cd1bd54f3b013594fb56a3c5c3eb6f65caf5c7e61ffee7bb0e6,shadow
9ab14166-f366-5deb-8739-7219eec73555,00-0039623,Mason Tipton,2026,2027,WR,NO,confirmed,0.7970588235294118,,,,0,0,target_incomplete,0.0,2.0,1,5.0,,0.5851419076771337,0.6759232519734164,0.561304531171307,2.1654051862480657,1.9093852493509555,1.1528823356726514,2.3040352299767517,2.1262752218585907,0.7970588235294118,1.9499411592020632,2.9624640097774773,3.1010940535061637,2.7064440728803674,2.9233340453880023,2.1262752218585907,2.9233340453880023,0.5851419076771337,-5.174675104176586,-4.132551138216551,-2.349516433734719,1.7104468853139558,3.790706964546365,5.521261715174053,position_history,879,veteran_with_history,v2_next_year_beta_20260828T213408Z_741eb3cf,milestone_3_20260828T210736Z_903d8f44,v2_next_year_expert_residual_v1,beta,6a9a803feee65cd1bd54f3b013594fb56a3c5c3eb6f65caf5c7e61ffee7bb0e6,shadow
9ad912a6-f5cd-5b4e-880c-fbbaa288c5a0,00-0037085,Tyler Badie,2026,2027,RB,DEN,confirmed,0.2941176470588236,,,,0,0,target_incomplete,0.0,4.0,1,4.0,273.06,0.5831069577874416,0.7918853005768495,0.5951913648732261,2.8725155141316563,3.3817772016517034,-0.13301155778163867,2.8189763540615385,3.0244230232816327,0.2941176470588236,0.16110608927718492,3.1666331611904797,3.113094001120362,3.675894848710527,3.3185406703404565,3.0244230232816327,3.3185406703404565,0.5831069577874416,-5.775864899111019,-4.643358820238846,-2.737069962073368,1.761662089777431,5.120078841022579,6.865731939366032,position_history,561,veteran_with_history,v2_next_year_beta_20260828T213408Z_741eb3cf,milestone_3_20260828T210736Z_903d8f44,v2_next_year_expert_residual_v1,beta,6a9a803feee65cd1bd54f3b013594fb56a3c5c3eb6f65caf5c7e61ffee7bb0e6,shadow
9b030c9d-5325-5fdb-a8fa-a79631f2897c,00-0029604,Kirk Cousins,2026,2027,QB,LVR,confirmed,2.6414599377355397,,,,0,0,target_incomplete,0.0,14.0,1,7.0,237.49,0.5636935298484885,0.3358737748964799,0.5462074876103052,4.573521904026061,8.851692057532265,2.230624494796814,9.046886752317851,7.490700237958726,2.6414599377355397,4.872084432532354,7.214981841761601,11.688346690053391,11.493151995267805,10.132160175694265,7.490700237958726,10.132160175694265,0.5636935298484885,-8.06412819759558,-5.734041511578347,-2.864465114852388,2.783835279116431,6.020518964099286,6.909064297162426,position_history,209,veteran_with_history,v2_next_year_beta_20260828T213408Z_741eb3cf,milestone_3_20260828T210736Z_903d8f44,v2_next_year_expert_residual_v1,beta,6a9a803feee65cd1bd54f3b013594fb56a3c5c3eb6f65caf5c7e61ffee7bb0e6,shadow
9b5f70d2-2f12-5454-9ee5-252004340d74,00-0040895,Emmanuel Henderson Jr.,2026,2027,WR,SEA,confirmed,0.4658529411764706,,,,0,0,target_incomplete,1.0,0.0,0,2.0,,0.525948293729951,0.5150139779880382,0.5968118837409765,3.6465356935219964,2.6936820513310833,2.727429987360483,2.7971485311216044,3.045788758658228,0.4658529411764706,3.1932829285369535,4.112388634698467,3.263001472298075,3.1595349925075538,3.5116416998346986,3.045788758658228,3.5116416998346986,0.525948293729951,-5.241847632097132,-4.420861613449043,-2.79275194455823,1.666671205196188,3.4416152985046184,5.164736756719793,position_history,250,rookie,v2_next_year_beta_20260828T213408Z_741eb3cf,milestone_3_20260828T210736Z_903d8f44,v2_next_year_expert_residual_v1,beta,6a9a803feee65cd1bd54f3b013594fb56a3c5c3eb6f65caf5c7e61ffee7bb0e6,shadow
9c2efd5b-2c25-5e47-ab1a-f984a9847486,00-0039491,Jalen Coker,2026,2027,WR,CAR,confirmed,7.346163935769297,,,,0,0,target_incomplete,0.0,2.0,1,7.0,133.04000000000002,0.8958897089879154,0.9506503032988967,0.561304531171307,-0.2408761268158579,-0.3568349099141596,1.1528823356726514,-0.44385789659157776,-0.3471896444405318,7.346163935769297,8.499046271441948,7.10528780895344,6.90230603917772,6.989329025855138,6.998974291328766,-0.3471896444405318,6.998974291328766,0.8958897089879154,-5.174675104176586,-4.132551138216551,-2.349516433734719,1.7104468853139558,3.790706964546365,5.521261715174053,position_history,879,veteran_with_history,v2_next_year_beta_20260828T213408Z_741eb3cf,milestone_3_20260828T210736Z_903d8f44,v2_next_year_expert_residual_v1,beta,6a9a803feee65cd1bd54f3b013594fb56a3c5c3eb6f65caf5c7e61ffee7bb0e6,shadow
9c3f2584-9f7e-53ac-bb98-d9725cbde550,00-0036755,Jaret Patterson,2026,2027,RB,LAC,confirmed,0.4470852941176471,,,,0,0,target_incomplete,0.0,5.0,1,2.0,,0.4176185110992889,0.5396577204985713,0.5951913648732261,2.751480003780256,2.2195385339675315,-0.13301155778163867,2.369482812508018,2.446833783418602,0.4470852941176471,0.31407373633600844,3.198565297897903,2.816568106625665,2.6666238280851786,2.893919077536249,2.446833783418602,2.893919077536249,0.4176185110992889,-5.775864899111019,-4.643358820238846,-2.737069962073368,1.761662089777431,5.120078841022579,6.865731939366032,position_history,561,veteran_with_history,v2_next_year_beta_20260828T213408Z_741eb3cf,milestone_3_20260828T210736Z_903d8f44,v2_next_year_expert_residual_v1,beta,6a9a803feee65cd1bd54f3b013594fb56a3c5c3eb6f65caf5c7e61ffee7bb0e6,shadow
9cc1df78-a5ff-5a20-bd07-cf18ff42e3d2,00-0036776,T.J. Vasher,2026,2027,WR,,confirmed,,,,,0,0,target_incomplete,0.0,5.0,0,,389.0,0.35894817982327215,0.28944728699165967,0.5809258307011029,,,,,,,,,,,,,,0.35894817982327215,-5.247028493584627,-4.168147262586337,-2.4882348181433445,1.7215690384925635,4.092107755797534,5.673306043718701,position,1398,other_no_history,v2_next_year_beta_20260828T213408Z_741eb3cf,milestone_3_20260828T210736Z_903d8f44,v2_next_year_expert_residual_v1,beta,6a9a803feee65cd1bd54f3b013594fb56a3c5c3eb6f65caf5c7e61ffee7bb0e6,shadow
9dd9dfd3-4f20-521e-ab11-b1396a8381b2,00-0037741,Jahan Dotson,2026,2027,WR,ATL,confirmed,3.9823529411764707,,,,0,0,target_incomplete,0.0,4.0,1,7.0,310.9375,0.712833719341715,0.872058248344898,0.5809258307011029,0.282650976359355,0.836303258387105,0.36463526135546426,1.0781555865469235,0.7323699404311278,3.9823529411764707,4.346988202531935,4.265003917535825,5.060508527723394,4.818656199563575,4.714722881607599,0.7323699404311278,4.714722881607599,0.712833719341715,-5.174675104176586,-4.132551138216551,-2.349516433734719,1.7104468853139558,3.790706964546365,5.521261715174053,position_history,879,veteran_with_history,v2_next_year_beta_20260828T213408Z_741eb3cf,milestone_3_20260828T210736Z_903d8f44,v2_next_year_expert_residual_v1,beta,6a9a803feee65cd1bd54f3b013594fb56a3c5c3eb6f65caf5c7e61ffee7bb0e6,shadow
9e5335bf-091e-5a42-b460-2029010a9cea,00-0039880,Malik Washington,2026,2027,WR,MIA,confirmed,5.51,,,,0,0,target_incomplete,0.0,2.0,1,7.0,175.5,0.908742839113553,0.9485750748108543,0.561304531171307,-0.12224195326825416,0.28477014999548,1.1528823356726514,0.09247360280085808,0.08500059984269465,5.51,6.662882335672651,5.387758046731745,5.602473602800858,5.79477014999548,5.595000599842694,0.08500059984269465,5.595000599842694,0.908742839113553,-5.174675104176586,-4.132551138216551,-2.349516433734719,1.7104468853139558,3.790706964546365,5.521261715174053,position_history,879,veteran_with_history,v2_next_year_beta_20260828T213408Z_741eb3cf,milestone_3_20260828T210736Z_903d8f44,v2_next_year_expert_residual_v1,beta,6a9a803feee65cd1bd54f3b013594fb56a3c5c3eb6f65caf5c7e61ffee7bb0e6,shadow
9e927bb6-b6de-5795-b13b-15ed486e7edf,00-0039801,Devin Leary,2026,2027,QB,,confirmed,,,,,0,0,target_incomplete,0.0,2.0,0,,399.0,0.22607599345527823,0.2772373862045496,0.4649623649904308,,,,,,,,,,,,,,0.22607599345527823,-8.45552130817761,-6.586595987192735,-2.9812738228535967,2.974665977858852,6.51934127264136,8.784757686121404,position,274,other_no_history,v2_next_year_beta_20260828T213408Z_741eb3cf,milestone_3_20260828T210736Z_903d8f44,v2_next_year_expert_residual_v1,beta,6a9a803feee65cd1bd54f3b013594fb56a3c5c3eb6f65caf5c7e61ffee7bb0e6,shadow
9ec7fe31-1359-555b-8460-af26f5cac090,00-0036696,Briley Moore,2026,2027,TE,,confirmed,,,,,0,0,target_incomplete,0.0,5.0,0,,360.0,0.2857537801232997,0.3659970710340042,0.5754647011414279,,,,,,,,,,,,,,0.2857537801232997,-3.6225321557766907,-2.8499637328378338,-2.028437724279195,0.7483585564925581,2.9171121138029883,4.3897953300095,position,778,other_no_history,v2_next_year_beta_20260828T213408Z_741eb3cf,milestone_3_20260828T210736Z_903d8f44,v2_next_year_expert_residual_v1,beta,6a9a803feee65cd1bd54f3b013594fb56a3c5c3eb6f65caf5c7e61ffee7bb0e6,shadow
9ee12c77-5b91-5e5c-bd19-fd2bdc6207a9,00-0030465,Kenjon Barner,2026,2027,RB,,confirmed,,,,,0,0,target_incomplete,0.0,13.0,1,,309.0,0.2258621509131149,0.12781433204504922,0.4764771129433249,,,,,,,,,,,,,,0.2258621509131149,-5.775864899111019,-4.643358820238846,-2.737069962073368,1.761662089777431,5.120078841022579,6.865731939366032,position_history,561,veteran_with_history,v2_next_year_beta_20260828T213408Z_741eb3cf,milestone_3_20260828T210736Z_903d8f44,v2_next_year_expert_residual_v1,beta,6a9a803feee65cd1bd54f3b013594fb56a3c5c3eb6f65caf5c7e61ffee7bb0e6,shadow
9f08f3c3-af3e-508a-8b15-2cbfa4ad2f03,00-0032950,Carson Wentz,2026,2027,QB,MIN,confirmed,,,,,0,0,target_incomplete,0.0,10.0,1,2.0,316.99,0.36223829516711525,0.20477448048116628,0.5462074876103052,,,,,,,,,,,,,,0.36223829516711525,-8.06412819759558,-5.734041511578347,-2.864465114852388,2.783835279116431,6.020518964099286,6.909064297162426,position_history,209,veteran_with_history,v2_next_year_beta_20260828T213408Z_741eb3cf,milestone_3_20260828T210736Z_903d8f44,v2_next_year_expert_residual_v1,beta,6a9a803feee65cd1bd54f3b013594fb56a3c5c3eb6f65caf5c7e61ffee7bb0e6,shadow
a0163b54-9746-56a6-951f-7dc7800e0b7e,00-0038618,Xavier Hutchinson,2026,2027,WR,HOU,confirmed,3.275882352941177,,,,0,0,target_incomplete,0.0,3.0,1,7.0,297.845,0.8454851974822889,0.8954340352720256,0.561304531171307,0.7479204674510768,1.2773387822158146,1.1528823356726514,1.4598535717544123,1.1617042738071013,3.275882352941177,4.428764688613828,4.023802820392254,4.7357359246955895,4.553221135156992,4.437586626748278,1.1617042738071013,4.437586626748278,0.8454851974822889,-5.174675104176586,-4.132551138216551,-2.349516433734719,1.7104468853139558,3.790706964546365,5.521261715174053,position_history,879,veteran_with_history,v2_next_year_beta_20260828T213408Z_741eb3cf,milestone_3_20260828T210736Z_903d8f44,v2_next_year_expert_residual_v1,beta,6a9a803feee65cd1bd54f3b013594fb56a3c5c3eb6f65caf5c7e61ffee7bb0e6,shadow
a0971c9e-35b5-59fd-b5c7-2a46c8577931,00-0038619,Andrei Iosivas,2026,2027,WR,CIN,confirmed,4.025882352941176,,,,0,0,target_incomplete,0.0,3.0,1,7.0,294.1225,0.8228523575756694,0.8980376862907934,0.561304531171307,0.8435613430921602,0.8576937149738327,1.1528823356726514,1.131700923889808,0.9443186606519336,4.025882352941176,5.178764688613827,4.869443696033336,5.157583276830984,4.883576067915008,4.97020101359311,0.9443186606519336,4.97020101359311,0.8228523575756694,-5.174675104176586,-4.132551138216551,-2.349516433734719,1.7104468853139558,3.790706964546365,5.521261715174053,position_history,879,veteran_with_history,v2_next_year_beta_20260828T213408Z_741eb3cf,milestone_3_20260828T210736Z_903d8f44,v2_next_year_expert_residual_v1,beta,6a9a803feee65cd1bd54f3b013594fb56a3c5c3eb6f65caf5c7e61ffee7bb0e6,shadow
a0a54b86-6373-5b03-8774-0674f1ef9003,00-0033857,JuJu Smith-Schuster,2026,2027,WR,NYG,confirmed,,,,,0,0,target_incomplete,0.0,9.0,1,,287.96000000000004,0.41581213352835394,0.3158238026302946,0.5494986889348197,,,,,,,,,,,,,,0.41581213352835394,-5.174675104176586,-4.132551138216551,-2.349516433734719,1.7104468853139558,3.790706964546365,5.521261715174053,position_history,879,veteran_with_history,v2_next_year_beta_20260828T213408Z_741eb3cf,milestone_3_20260828T210736Z_903d8f44,v2_next_year_expert_residual_v1,beta,6a9a803feee65cd1bd54f3b013594fb56a3c5c3eb6f65caf5c7e61ffee7bb0e6,shadow
a17e1cbf-1181-508b-9da2-57be21c6517b,00-0033633,Tanner Gentry,2026,2027,WR,,confirmed,,,,,0,0,target_incomplete,0.0,9.0,1,,300.0,0.1998333776539626,0.22399471671740318,0.5494986889348197,,,,,,,,,,,,,,0.1998333776539626,-5.174675104176586,-4.132551138216551,-2.349516433734719,1.7104468853139558,3.790706964546365,5.521261715174053,position_history,879,veteran_with_history,v2_next_year_beta_20260828T213408Z_741eb3cf,milestone_3_20260828T210736Z_903d8f44,v2_next_year_expert_residual_v1,beta,6a9a803feee65cd1bd54f3b013594fb56a3c5c3eb6f65caf5c7e61ffee7bb0e6,shadow
a1feaa71-a8f7-5a3f-9346-108bac317ca3,00-0040138,Jaylin Noel,2026,2027,WR,HOU,confirmed,4.632725284231341,,,,0,0,target_incomplete,0.0,1.0,1,7.0,233.2,0.8946623783941026,0.94801066968044,0.561305717008435,0.9531612270163247,0.971871483840284,1.6282505450092744,0.9493902345784494,0.958140981811686,4.632725284231341,6.260975829240616,5.585886511247666,5.582115518809791,5.604596768071625,5.590866266043028,0.958140981811686,5.590866266043028,0.8946623783941026,-5.290117666656729,-4.500130273045835,-2.703400287276647,1.85750718837489,4.640355612959511,5.846307043900342,position_history,246,second_year,v2_next_year_beta_20260828T213408Z_741eb3cf,milestone_3_20260828T210736Z_903d8f44,v2_next_year_expert_residual_v1,beta,6a9a803feee65cd1bd54f3b013594fb56a3c5c3eb6f65caf5c7e61ffee7bb0e6,shadow
a236279b-9c8b-5498-bb93-cbe6d6b799e5,00-0038933,Dalton Kincaid,2026,2027,TE,BUF,confirmed,7.5918117647058825,,,,0,0,target_incomplete,0.0,3.0,1,7.0,115.7,0.9399301823697876,0.9731540498156827,0.5866373331518034,-0.5305017743049694,-0.47726521345228995,0.9813959523087957,-0.6800122717456752,-0.5625930865009782,7.5918117647058825,8.573207717014679,7.061309990400913,6.911799492960207,7.114546551253593,7.029218678204904,-0.5625930865009782,7.029218678204904,0.9399301823697876,-3.2358565481832877,-2.66710551537136,-1.8857939720040764,1.062470480921867,3.115963575900585,4.606394156586925,position_history,517,veteran_with_history,v2_next_year_beta_20260828T213408Z_741eb3cf,milestone_3_20260828T210736Z_903d8f44,v2_next_year_expert_residual_v1,beta,6a9a803feee65cd1bd54f3b013594fb56a3c5c3eb6f65caf5c7e61ffee7bb0e6,shadow
a252ec1e-f688-51a8-b527-22bde83819ac,00-0036862,Ben Skowronek,2026,2027,WR,PIT,confirmed,0.636029411764706,,,,0,0,target_incomplete,0.0,5.0,1,4.0,367.0,0.5587439525682018,0.5688042287234558,0.5809258307011029,1.1250053125289567,2.0366212554611187,0.36463526135546426,2.215934095048915,1.7925202210129967,0.636029411764706,1.0006646731201703,1.7610347242936628,2.851963506813621,2.672650667225825,2.4285496327777025,1.7925202210129967,2.4285496327777025,0.5587439525682018,-5.174675104176586,-4.132551138216551,-2.349516433734719,1.7104468853139558,3.790706964546365,5.521261715174053,position_history,879,veteran_with_history,v2_next_year_beta_20260828T213408Z_741eb3cf,milestone_3_20260828T210736Z_903d8f44,v2_next_year_expert_residual_v1,beta,6a9a803feee65cd1bd54f3b013594fb56a3c5c3eb6f65caf5c7e61ffee7bb0e6,shadow
a257622b-dcb0-5865-b34e-ac6630b12b52,00-0041106,C.J. Williams,2026,2027,WR,JAC,confirmed,0.34117647058823536,,,,0,0,target_incomplete,1.0,0.0,0,1.0,,0.4666039013656496,0.44879021378514405,0.5968118837409765,3.331665408371448,2.5649957377584416,2.727429987360483,2.6372625702639967,2.844641238797962,0.34117647058823536,3.0686064579487184,3.6728418789596833,2.978439040852232,2.906172208346677,3.1858177093861975,2.844641238797962,3.1858177093861975,0.4666039013656496,-5.241847632097132,-4.420861613449043,-2.79275194455823,1.666671205196188,3.4416152985046184,5.164736756719793,position_history,250,rookie,v2_next_year_beta_20260828T213408Z_741eb3cf,milestone_3_20260828T210736Z_903d8f44,v2_next_year_expert_residual_v1,beta,6a9a803feee65cd1bd54f3b013594fb56a3c5c3eb6f65caf5c7e61ffee7bb0e6,shadow
a30ada7c-95a6-5fec-8917-7930ebf39aac,00-0041044,Zachariah Branch,2026,2027,WR,ATL,confirmed,3.6689705882352945,,,,0,0,target_incomplete,1.0,0.0,0,7.0,204.468965,0.8798383644361403,0.9185687600185335,0.5968118837409765,2.8751993338009134,2.863679484429411,2.727429987360483,2.658683167555453,2.7991873285952593,3.6689705882352945,6.396400575595777,6.5441699220362075,6.327653755790747,6.532650072664706,6.468157916830554,2.7991873285952593,6.468157916830554,0.8798383644361403,-5.241847632097132,-4.420861613449043,-2.79275194455823,1.666671205196188,3.4416152985046184,5.164736756719793,position_history,250,rookie,v2_next_year_beta_20260828T213408Z_741eb3cf,milestone_3_20260828T210736Z_903d8f44,v2_next_year_expert_residual_v1,beta,6a9a803feee65cd1bd54f3b013594fb56a3c5c3eb6f65caf5c7e61ffee7bb0e6,shadow
a3775e06-f7bd-5607-8fec-ab678be8d182,00-0039868,Troy Franklin,2026,2027,WR,DEN,confirmed,3.5511764705882354,,,,0,0,target_incomplete,0.0,2.0,1,7.0,230.600425,0.9089670946701036,0.935809723130952,0.561304531171307,2.20437830582238,2.0644257097393144,1.1528823356726514,1.9114180628315232,2.0600740261310726,3.5511764705882354,4.704058806260887,5.755554776410616,5.462594533419758,5.615602180327549,5.6112504967193075,2.0600740261310726,5.6112504967193075,0.9089670946701036,-5.174675104176586,-4.132551138216551,-2.349516433734719,1.7104468853139558,3.790706964546365,5.521261715174053,position_history,879,veteran_with_history,v2_next_year_beta_20260828T213408Z_741eb3cf,milestone_3_20260828T210736Z_903d8f44,v2_next_year_expert_residual_v1,beta,6a9a803feee65cd1bd54f3b013594fb56a3c5c3eb6f65caf5c7e61ffee7bb0e6,shadow
a3a84654-8d33-569d-9bfb-585d27bbff7e,00-0039797,Jordan Travis,2026,2027,QB,,confirmed,,,,,0,0,target_incomplete,0.0,2.0,0,,325.0,0.3016204460942753,0.3070183291930064,0.4649623649904308,,,,,,,,,,,,,,0.3016204460942753,-8.45552130817761,-6.586595987192735,-2.9812738228535967,2.974665977858852,6.51934127264136,8.784757686121404,position,274,other_no_history,v2_next_year_beta_20260828T213408Z_741eb3cf,milestone_3_20260828T210736Z_903d8f44,v2_next_year_expert_residual_v1,beta,6a9a803feee65cd1bd54f3b013594fb56a3c5c3eb6f65caf5c7e61ffee7bb0e6,shadow
a3a91767-a13a-50e6-a5c6-e58ef27af0ef,00-0036020,Salvon Ahmed,2026,2027,RB,CHI,confirmed,1.1647058823529413,,,,0,0,target_incomplete,0.0,6.0,1,2.0,300.03,0.355318746352856,0.3234636194448539,0.5951913648732261,2.47724087948665,1.7538368653506868,-0.13301155778163867,2.0703061419523054,2.1004612955965474,1.1647058823529413,1.0316943245713026,3.6419467618395913,3.235012024305247,2.9185427477036283,3.265167177949489,2.1004612955965474,3.265167177949489,0.355318746352856,-5.775864899111019,-4.643358820238846,-2.737069962073368,1.761662089777431,5.120078841022579,6.865731939366032,position_history,561,veteran_with_history,v2_next_year_beta_20260828T213408Z_741eb3cf,milestone_3_20260828T210736Z_903d8f44,v2_next_year_expert_residual_v1,beta,6a9a803feee65cd1bd54f3b013594fb56a3c5c3eb6f65caf5c7e61ffee7bb0e6,shadow
a3b25d8b-bcb1-55bb-92e7-098388e69d44,00-0033375,Tim Patrick,2026,2027,WR,NYJ,confirmed,1.287294117647059,,,,0,0,target_incomplete,0.0,9.0,1,3.0,390.9875,0.39849675130039325,0.4034336731582852,0.5494986889348197,0.30337428832822155,1.8381206374142662,-0.3337587311176249,1.9934099401707206,1.3783016219710695,1.287294117647059,0.953535386529434,1.5906684059752805,3.2807040578177795,3.125414755061325,2.6655957396181282,1.3783016219710695,2.6655957396181282,0.39849675130039325,-5.174675104176586,-4.132551138216551,-2.349516433734719,1.7104468853139558,3.790706964546365,5.521261715174053,position_history,879,veteran_with_history,v2_next_year_beta_20260828T213408Z_741eb3cf,milestone_3_20260828T210736Z_903d8f44,v2_next_year_expert_residual_v1,beta,6a9a803feee65cd1bd54f3b013594fb56a3c5c3eb6f65caf5c7e61ffee7bb0e6,shadow
a3ef6212-0d30-5a66-b471-9b901bd8dd8a,00-0038041,Jake Ferguson,2026,2027,TE,DAL,confirmed,7.679017647058824,,,,0,0,target_incomplete,0.0,4.0,1,7.0,121.4725,0.9363942536146626,0.9688094432736766,0.5754647011414279,-0.889650539579895,-0.9901790520321067,0.6249159376606653,-0.9358984007407137,-0.9385759974509051,7.679017647058824,8.30393358471949,6.789367107478929,6.743119246318111,6.688838595026717,6.740441649607919,-0.9385759974509051,6.740441649607919,0.9363942536146626,-3.2358565481832877,-2.66710551537136,-1.8857939720040764,1.062470480921867,3.115963575900585,4.606394156586925,position_history,517,veteran_with_history,v2_next_year_beta_20260828T213408Z_741eb3cf,milestone_3_20260828T210736Z_903d8f44,v2_next_year_expert_residual_v1,beta,6a9a803feee65cd1bd54f3b013594fb56a3c5c3eb6f65caf5c7e61ffee7bb0e6,shadow
a4e3f29f-3947-5a63-8c4d-71307ce35b88,00-0041503,Nate Boerkircher,2026,2027,TE,JAC,confirmed,1.7795882352941177,,,,0,0,target_incomplete,1.0,0.0,0,5.0,386.0,0.7534831175604952,0.8472449994214549,0.6038558673610269,1.4226150124100032,1.7559963564863905,2.0843437891501377,1.9054525611692847,1.6946879766885594,1.7795882352941177,3.8639320244442557,3.202203247704121,3.6850407964634027,3.535584591780508,3.4742762119826773,1.6946879766885594,3.4742762119826773,0.7534831175604952,-4.352633110913855,-3.4831286225578566,-2.493896993771685,0.469156909097479,2.047935247444171,3.443435937814943,position_history,121,rookie,v2_next_year_beta_20260828T213408Z_741eb3cf,milestone_3_20260828T210736Z_903d8f44,v2_next_year_expert_residual_v1,beta,6a9a803feee65cd1bd54f3b013594fb56a3c5c3eb6f65caf5c7e61ffee7bb0e6,shadow
a4fa35a8-3f4a-55d0-824a-d99047fce5db,00-0034279,Equanimeous St. Brown,2026,2027,WR,,confirmed,,,,,0,0,target_incomplete,0.0,8.0,1,,384.0,0.1970761034696438,0.20515872074704558,0.5494986889348197,,,,,,,,,,,,,,0.1970761034696438,-5.174675104176586,-4.132551138216551,-2.349516433734719,1.7104468853139558,3.790706964546365,5.521261715174053,position_history,879,veteran_with_history,v2_next_year_beta_20260828T213408Z_741eb3cf,milestone_3_20260828T210736Z_903d8f44,v2_next_year_expert_residual_v1,beta,6a9a803feee65cd1bd54f3b013594fb56a3c5c3eb6f65caf5c7e61ffee7bb0e6,shadow
a59c5681-9b75-503b-983b-796120efba59,00-0036328,Antonio Gibson,2026,2027,RB,FA,confirmed,,,,,0,0,target_incomplete,0.0,6.0,1,1.0,396.0,0.3657095171490137,0.27044199162325727,0.5951913648732261,,,,,,,,,,,,,,0.3657095171490137,-5.775864899111019,-4.643358820238846,-2.737069962073368,1.761662089777431,5.120078841022579,6.865731939366032,position_history,561,veteran_with_history,v2_next_year_beta_20260828T213408Z_741eb3cf,milestone_3_20260828T210736Z_903d8f44,v2_next_year_expert_residual_v1,beta,6a9a803feee65cd1bd54f3b013594fb56a3c5c3eb6f65caf5c7e61ffee7bb0e6,shadow
a5af3821-ea95-5730-bc3e-1cf6be5f6027,00-0040162,Dylan Sampson,2026,2027,RB,CLE,confirmed,5.375941176470588,,,,0,0,target_incomplete,0.0,1.0,1,7.0,165.2,0.8885681844484655,0.9649522701028819,0.6097613512933316,1.147596165673379,1.6347665564160803,1.403342687822953,1.6807463931290914,1.4877030384061836,5.375941176470588,6.77928386429354,6.523537342143967,7.056687569599679,7.010707732886668,6.863644214876771,1.4877030384061836,6.863644214876771,0.8885681844484655,-5.48615073240633,-4.244920053205529,-2.730536823343935,2.745851062339551,6.172636499559855,7.5044937746885285,position_history,171,second_year,v2_next_year_beta_20260828T213408Z_741eb3cf,milestone_3_20260828T210736Z_903d8f44,v2_next_year_expert_residual_v1,beta,6a9a803feee65cd1bd54f3b013594fb56a3c5c3eb6f65caf5c7e61ffee7bb0e6,shadow
a5d14ee6-0701-5e08-9910-141cfa56cd61,00-0039337,Malik Nabers,2026,2027,WR,NYG,confirmed,11.6,,,,0,0,target_incomplete,0.0,2.0,1,7.0,26.4,0.9524001479133901,0.990368447560849,0.561304531171307,0.08832554062836384,-0.10126600451200768,1.1528823356726514,-0.24932222233674056,-0.0874208954067948,11.6,12.752882335672652,11.688325540628364,11.35067777766326,11.498733995487992,11.512579104593204,-0.0874208954067948,11.512579104593204,0.9524001479133901,-5.174675104176586,-4.132551138216551,-2.349516433734719,1.7104468853139558,3.790706964546365,5.521261715174053,position_history,879,veteran_with_history,v2_next_year_beta_20260828T213408Z_741eb3cf,milestone_3_20260828T210736Z_903d8f44,v2_next_year_expert_residual_v1,beta,6a9a803feee65cd1bd54f3b013594fb56a3c5c3eb6f65caf5c7e61ffee7bb0e6,shadow
a5ec6a3e-8cba-549c-ac03-00385e0c4848,00-0039874,Jaylen Wright,2026,2027,RB,MIA,confirmed,3.1508823529411765,,,,0,0,target_incomplete,0.0,2.0,1,7.0,233.94,0.8163113021069256,0.9105258807610719,0.6357540079168625,1.8705360764659722,1.9141506642982131,0.5942195570070535,1.8375839615531706,1.8740902341057852,3.1508823529411765,3.74510190994823,5.021418429407149,4.988466314494347,5.06503301723939,5.024972587046962,1.8740902341057852,5.024972587046962,0.8163113021069256,-5.775864899111019,-4.643358820238846,-2.737069962073368,1.761662089777431,5.120078841022579,6.865731939366032,position_history,561,veteran_with_history,v2_next_year_beta_20260828T213408Z_741eb3cf,milestone_3_20260828T210736Z_903d8f44,v2_next_year_expert_residual_v1,beta,6a9a803feee65cd1bd54f3b013594fb56a3c5c3eb6f65caf5c7e61ffee7bb0e6,shadow
a5ee1820-0e44-5fe7-9e47-018aae9a246c,00-0040887,Josh Cuevas,2026,2027,TE,BAL,confirmed,1.1009411764705883,,,,0,0,target_incomplete,1.0,0.0,0,3.0,412.5,0.7839569128129825,0.7453645314321684,0.6038558673610269,2.4235159287311863,2.0245213890152125,2.0843437891501377,2.210350929560213,2.219462749102204,1.1009411764705883,3.185284965620726,3.5244571052017744,3.311292106030801,3.125462565485801,3.3204039255727924,2.219462749102204,3.3204039255727924,0.7839569128129825,-4.352633110913855,-3.4831286225578566,-2.493896993771685,0.469156909097479,2.047935247444171,3.443435937814943,position_history,121,rookie,v2_next_year_beta_20260828T213408Z_741eb3cf,milestone_3_20260828T210736Z_903d8f44,v2_next_year_expert_residual_v1,beta,6a9a803feee65cd1bd54f3b013594fb56a3c5c3eb6f65caf5c7e61ffee7bb0e6,shadow
a5efc43f-7911-5ff3-bcc0-def8b7be0172,00-0034771,Mason Rudolph,2026,2027,QB,PIT,confirmed,0.9140047058823528,,,,0,0,target_incomplete,0.0,8.0,1,5.0,316.83500000000004,0.5837588324271128,0.6566461264341088,0.5472605688041711,6.36862328732224,9.561449969783252,3.0996677277257425,10.412778953335515,8.78095073681367,0.9140047058823528,4.013672433608095,7.282627993204593,11.326783659217867,10.475454675665606,9.694955442696024,8.78095073681367,9.694955442696024,0.5837588324271128,-8.06412819759558,-5.734041511578347,-2.864465114852388,2.783835279116431,6.020518964099286,6.909064297162426,position_history,209,veteran_with_history,v2_next_year_beta_20260828T213408Z_741eb3cf,milestone_3_20260828T210736Z_903d8f44,v2_next_year_expert_residual_v1,beta,6a9a803feee65cd1bd54f3b013594fb56a3c5c3eb6f65caf5c7e61ffee7bb0e6,shadow
a5fd7583-5ea9-5996-b929-aaf792e7d4b3,00-0036959,Michael Bandy,2026,2027,WR,DEN,confirmed,0.0,,,,0,0,target_incomplete,0.0,5.0,1,2.0,,0.13793036931690258,0.5082248718760806,0.5809258307011029,2.494655041515709,2.0899911003681506,0.36463526135546426,2.369912764033482,2.3181863019724473,0.0,0.36463526135546426,2.494655041515709,2.369912764033482,2.0899911003681506,2.3181863019724473,2.3181863019724473,2.3181863019724473,0.13793036931690258,-5.174675104176586,-4.132551138216551,-2.349516433734719,1.7104468853139558,3.790706964546365,5.521261715174053,position_history,879,veteran_with_history,v2_next_year_beta_20260828T213408Z_741eb3cf,milestone_3_20260828T210736Z_903d8f44,v2_next_year_expert_residual_v1,beta,6a9a803feee65cd1bd54f3b013594fb56a3c5c3eb6f65caf5c7e61ffee7bb0e6,shadow
a63b9d55-d72a-5713-8f85-b42d57fd5e1e,00-0036040,Juwan Johnson,2026,2027,TE,NO,confirmed,7.023729411764705,,,,0,0,target_incomplete,0.0,6.0,1,7.0,142.839185,0.8711341231852897,0.9400361210613981,0.5754647011414279,-1.100342191830014,-0.9766089846333691,0.6249159376606653,-0.88420621049718,-0.9870524623201877,7.023729411764705,7.6486453494253706,5.923387219934691,6.139523201267526,6.047120427131336,6.036676949444518,-0.9870524623201877,6.036676949444518,0.8711341231852897,-3.2358565481832877,-2.66710551537136,-1.8857939720040764,1.062470480921867,3.115963575900585,4.606394156586925,position_history,517,veteran_with_history,v2_next_year_beta_20260828T213408Z_741eb3cf,milestone_3_20260828T210736Z_903d8f44,v2_next_year_expert_residual_v1,beta,6a9a803feee65cd1bd54f3b013594fb56a3c5c3eb6f65caf5c7e61ffee7bb0e6,shadow
a79d0b8d-d610-5223-8e13-1f98a6754211,00-0026293,Matthew Slater,2026,2027,WR,,confirmed,,,,,0,0,target_incomplete,0.0,18.0,1,,387.0,0.17986373950341292,0.06784537080426284,0.41694036868057527,,,,,,,,,,,,,,0.17986373950341292,-5.174675104176586,-4.132551138216551,-2.349516433734719,1.7104468853139558,3.790706964546365,5.521261715174053,position_history,879,veteran_with_history,v2_next_year_beta_20260828T213408Z_741eb3cf,milestone_3_20260828T210736Z_903d8f44,v2_next_year_expert_residual_v1,beta,6a9a803feee65cd1bd54f3b013594fb56a3c5c3eb6f65caf5c7e61ffee7bb0e6,shadow
a7be06c2-0f33-5ff3-bb5b-2aad16a268d8,00-0040998,Roman Hemby,2026,2027,RB,LVR,confirmed,0.31470588235294117,,,,0,0,target_incomplete,1.0,0.0,0,1.0,323.03195,0.4918593487407868,0.5074147142551579,0.6553958879420866,3.5630815571379775,2.6834747903458145,2.8830872316241134,2.6020041923774158,2.9495201799537356,0.31470588235294117,3.1977931139770543,3.877787439490919,2.916710074730357,2.998180672698756,3.264226062306677,2.9495201799537356,3.264226062306677,0.4918593487407868,-5.275047966924827,-4.3298006659425265,-2.5364531139387987,2.612371761579932,6.381973266338156,8.832194594599148,position_history,178,rookie,v2_next_year_beta_20260828T213408Z_741eb3cf,milestone_3_20260828T210736Z_903d8f44,v2_next_year_expert_residual_v1,beta,6a9a803feee65cd1bd54f3b013594fb56a3c5c3eb6f65caf5c7e61ffee7bb0e6,shadow
a800a969-b35f-5f60-ac89-105dce3b3473,00-0040352,Coleman Owen,2026,2027,WR,,confirmed,,,,,0,0,target_incomplete,0.0,1.0,1,,295.0,0.42267222318808484,0.4954638419020033,0.561305717008435,,,,,,,,,,,,,,0.42267222318808484,-5.290117666656729,-4.500130273045835,-2.703400287276647,1.85750718837489,4.640355612959511,5.846307043900342,position_history,246,second_year,v2_next_year_beta_20260828T213408Z_741eb3cf,milestone_3_20260828T210736Z_903d8f44,v2_next_year_expert_residual_v1,beta,6a9a803feee65cd1bd54f3b013594fb56a3c5c3eb6f65caf5c7e61ffee7bb0e6,shadow
a817f7c6-937e-5c75-937f-70406c1ddec7,00-0041117,Athan Kaliakmanis,2026,2027,QB,WAS,confirmed,,,,,0,0,target_incomplete,1.0,0.0,0,,499.0,0.4200103229714146,0.5003433464184797,0.44978202947919904,,,,,,,,,,,,,,0.4200103229714146,-8.45552130817761,-6.586595987192735,-2.9812738228535967,2.974665977858852,6.51934127264136,8.784757686121404,position,274,rookie,v2_next_year_beta_20260828T213408Z_741eb3cf,milestone_3_20260828T210736Z_903d8f44,v2_next_year_expert_residual_v1,beta,6a9a803feee65cd1bd54f3b013594fb56a3c5c3eb6f65caf5c7e61ffee7bb0e6,shadow
a88e3bfe-8150-56b3-97e3-3d7a1bc77d34,00-0039650,Bryce Oliver,2026,2027,WR,TEN,confirmed,0.1572470588235294,,,,0,0,target_incomplete,0.0,2.0,1,1.0,,0.3092169729802476,0.2833826145177868,0.561304531171307,2.5786776729115974,2.2033583755209296,1.1528823356726514,2.462639966414744,2.4148920049490905,0.1572470588235294,1.310129394496181,2.735924731735127,2.6198870252382735,2.360605434344459,2.57213906377262,2.4148920049490905,2.57213906377262,0.3092169729802476,-5.174675104176586,-4.132551138216551,-2.349516433734719,1.7104468853139558,3.790706964546365,5.521261715174053,position_history,879,veteran_with_history,v2_next_year_beta_20260828T213408Z_741eb3cf,milestone_3_20260828T210736Z_903d8f44,v2_next_year_expert_residual_v1,beta,6a9a803feee65cd1bd54f3b013594fb56a3c5c3eb6f65caf5c7e61ffee7bb0e6,shadow
a8da1d81-582a-5a09-be1b-39653fd739a0,00-0037563,Malik Davis,2026,2027,RB,DAL,confirmed,2.809294117647059,,,,0,0,target_incomplete,0.0,4.0,1,7.0,292.6425,0.7289019076042937,0.8698023752724857,0.5951913648732261,1.0446400269613543,1.6856991468278681,-0.13301155778163867,1.453957226477615,1.3947654667556126,2.809294117647059,2.6762825598654203,3.8539341446084134,4.263251344124674,4.494993264474927,4.204059584402672,1.3947654667556126,4.204059584402672,0.7289019076042937,-5.775864899111019,-4.643358820238846,-2.737069962073368,1.761662089777431,5.120078841022579,6.865731939366032,position_history,561,veteran_with_history,v2_next_year_beta_20260828T213408Z_741eb3cf,milestone_3_20260828T210736Z_903d8f44,v2_next_year_expert_residual_v1,beta,6a9a803feee65cd1bd54f3b013594fb56a3c5c3eb6f65caf5c7e61ffee7bb0e6,shadow
a9a0b5f2-4264-5a43-9775-040772ff9b5b,00-0039338,Brock Bowers,2026,2027,TE,LVR,confirmed,11.680588235294117,,,,0,0,target_incomplete,0.0,2.0,1,7.0,20.099731,0.9711714768358823,0.9950637304490952,0.5866373331518034,-0.6220614166757217,-0.16590248131292173,0.9813959523087957,-0.28885093458558714,-0.35893827752474355,11.680588235294117,12.661984187602913,11.058526818618395,11.39173730070853,11.514685753981196,11.321649957769374,-0.35893827752474355,11.321649957769374,0.9711714768358823,-3.2358565481832877,-2.66710551537136,-1.8857939720040764,1.062470480921867,3.115963575900585,4.606394156586925,position_history,517,veteran_with_history,v2_next_year_beta_20260828T213408Z_741eb3cf,milestone_3_20260828T210736Z_903d8f44,v2_next_year_expert_residual_v1,beta,6a9a803feee65cd1bd54f3b013594fb56a3c5c3eb6f65caf5c7e61ffee7bb0e6,shadow
a9ec369b-0e11-5182-afc5-1b507b5e12c1,00-0037197,Isiah Pacheco,2026,2027,RB,DET,confirmed,6.023157053907912,,,,0,0,target_incomplete,0.0,4.0,1,7.0,170.63,0.7650106632743033,0.8926448884030352,0.5951913648732261,1.0512276628328474,0.40676169814127094,-0.13301155778163867,0.008658223095237293,0.48888252802311855,6.023157053907912,5.890145496126274,7.074384716740759,6.031815277003149,6.429918752049183,6.512039581931031,0.48888252802311855,6.512039581931031,0.7650106632743033,-5.775864899111019,-4.643358820238846,-2.737069962073368,1.761662089777431,5.120078841022579,6.865731939366032,position_history,561,veteran_with_history,v2_next_year_beta_20260828T213408Z_741eb3cf,milestone_3_20260828T210736Z_903d8f44,v2_next_year_expert_residual_v1,beta,6a9a803feee65cd1bd54f3b013594fb56a3c5c3eb6f65caf5c7e61ffee7bb0e6,shadow
aaba920d-da16-5bda-a6fb-d12e0c38833a,00-0037348,Tanner Conner,2026,2027,TE,,confirmed,1.3705882352941177,,,,0,0,target_incomplete,0.0,4.0,1,1.0,,0.6003093572901272,0.4508366829404092,0.5754647011414279,1.3050959929307597,1.1789365181533968,0.6249159376606653,1.2023150286422197,1.2287825132421253,1.3705882352941177,1.9955041729547829,2.6756842282248776,2.5729032639363374,2.5495247534475145,2.599370748536243,1.2287825132421253,2.599370748536243,0.6003093572901272,-3.2358565481832877,-2.66710551537136,-1.8857939720040764,1.062470480921867,3.115963575900585,4.606394156586925,position_history,517,veteran_with_history,v2_next_year_beta_20260828T213408Z_741eb3cf,milestone_3_20260828T210736Z_903d8f44,v2_next_year_expert_residual_v1,beta,6a9a803feee65cd1bd54f3b013594fb56a3c5c3eb6f65caf5c7e61ffee7bb0e6,shadow
aad1a2d3-a992-599f-bbc5-621a65409415,00-0040075,LaJohntay Wester,2026,2027,WR,BAL,confirmed,0.43529411764705883,,,,0,0,target_incomplete,0.0,1.0,0,3.0,452.0,0.37478029274770863,0.4371057218361671,0.561305717008435,2.0734208517814956,2.4153588023048984,1.6282505450092744,2.5281553161336685,2.3389783234066877,0.43529411764705883,2.063544662656333,2.5087149694285547,2.9634494337807276,2.8506529199519575,2.7742724410537463,2.3389783234066877,2.7742724410537463,0.37478029274770863,-5.290117666656729,-4.500130273045835,-2.703400287276647,1.85750718837489,4.640355612959511,5.846307043900342,position_history,246,second_year,v2_next_year_beta_20260828T213408Z_741eb3cf,milestone_3_20260828T210736Z_903d8f44,v2_next_year_expert_residual_v1,beta,6a9a803feee65cd1bd54f3b013594fb56a3c5c3eb6f65caf5c7e61ffee7bb0e6,shadow
ab2bf058-accf-56da-b7c3-c7276db2dea6,00-0040719,Bhayshul Tuten,2026,2027,RB,JAC,confirmed,11.700000000000001,,,,0,0,target_incomplete,0.0,1.0,1,7.0,54.8,0.9627371316053328,0.9903122325476873,0.6097613512933316,-2.216182480535858,-1.2412203171074256,1.403342687822953,-1.8489735860152217,-1.7687921278861685,11.700000000000001,13.103342687822954,9.483817519464143,9.85102641398478,10.458779682892576,9.931207872113832,-1.7687921278861685,9.931207872113832,0.9627371316053328,-5.48615073240633,-4.244920053205529,-2.730536823343935,2.745851062339551,6.172636499559855,7.5044937746885285,position_history,171,second_year,v2_next_year_beta_20260828T213408Z_741eb3cf,milestone_3_20260828T210736Z_903d8f44,v2_next_year_expert_residual_v1,beta,6a9a803feee65cd1bd54f3b013594fb56a3c5c3eb6f65caf5c7e61ffee7bb0e6,shadow
ab4bc0d3-bee5-5432-9684-c47cccb7a0ca,00-0035243,Miles Sanders,2026,2027,RB,DAL,confirmed,,,,,0,0,target_incomplete,0.0,7.0,1,,316.94,0.3266457801228128,0.32866303617603587,0.5443934450622839,,,,,,,,,,,,,,0.3266457801228128,-5.775864899111019,-4.643358820238846,-2.737069962073368,1.761662089777431,5.120078841022579,6.865731939366032,position_history,561,veteran_with_history,v2_next_year_beta_20260828T213408Z_741eb3cf,milestone_3_20260828T210736Z_903d8f44,v2_next_year_expert_residual_v1,beta,6a9a803feee65cd1bd54f3b013594fb56a3c5c3eb6f65caf5c7e61ffee7bb0e6,shadow
ab60db47-6acc-517e-9c7d-5e06b2c6fc60,00-0041264,Chamon Metayer,2026,2027,TE,,confirmed,,,,,0,0,target_incomplete,1.0,0.0,0,,337.0,0.5645679686384925,0.6003899812751861,0.6038558673610269,,,,,,,,,,,,,,0.5645679686384925,-4.352633110913855,-3.4831286225578566,-2.493896993771685,0.469156909097479,2.047935247444171,3.443435937814943,position_history,121,rookie,v2_next_year_beta_20260828T213408Z_741eb3cf,milestone_3_20260828T210736Z_903d8f44,v2_next_year_expert_residual_v1,beta,6a9a803feee65cd1bd54f3b013594fb56a3c5c3eb6f65caf5c7e61ffee7bb0e6,shadow
ab7493cc-5d07-54bf-a40a-d2dc1136acb2,00-0040651,Damien Martinez,2026,2027,RB,GB,confirmed,0.6288235294117647,,,,0,0,target_incomplete,0.0,1.0,0,2.0,283.0,0.41059910100840114,0.5058794397439236,0.6097613512933316,3.9442822107470183,3.7944934576894758,1.403342687822953,3.834190021400022,3.857655229945505,0.6288235294117647,2.0321662172347175,4.573105740158783,4.4630135508117865,4.4233169871012405,4.4864787593572695,3.857655229945505,4.4864787593572695,0.41059910100840114,-5.48615073240633,-4.244920053205529,-2.730536823343935,2.745851062339551,6.172636499559855,7.5044937746885285,position_history,171,second_year,v2_next_year_beta_20260828T213408Z_741eb3cf,milestone_3_20260828T210736Z_903d8f44,v2_next_year_expert_residual_v1,beta,6a9a803feee65cd1bd54f3b013594fb56a3c5c3eb6f65caf5c7e61ffee7bb0e6,shadow
ab7af06e-aa31-5252-a689-7e8b2072cdbc,00-0036554,Nico Collins,2026,2027,WR,HOU,confirmed,12.294470588235292,,,,0,0,target_incomplete,0.0,5.0,1,7.0,24.593855,0.965367128490963,0.9867466097140171,0.5809258307011029,-1.2378044905435561,-0.8680608043479832,0.36463526135546426,-1.0015371861223101,-1.0358008270046164,12.294470588235292,12.659105849590757,11.056666097691735,11.292933402112983,11.426409783887308,11.258669761230676,-1.0358008270046164,11.258669761230676,0.965367128490963,-5.174675104176586,-4.132551138216551,-2.349516433734719,1.7104468853139558,3.790706964546365,5.521261715174053,position_history,879,veteran_with_history,v2_next_year_beta_20260828T213408Z_741eb3cf,milestone_3_20260828T210736Z_903d8f44,v2_next_year_expert_residual_v1,beta,6a9a803feee65cd1bd54f3b013594fb56a3c5c3eb6f65caf5c7e61ffee7bb0e6,shadow
ab8371db-2c4c-57aa-a7e3-7e8206667929,00-0039139,Jahmyr Gibbs,2026,2027,RB,DET,confirmed,19.564705882352943,,,,0,0,target_incomplete,0.0,3.0,1,7.0,1.0422441,0.971546121417316,0.9992256019931942,0.6357540079168625,-2.802769828804553,-1.2473526757988935,0.5942195570070535,-1.8499871657423321,-1.9667032234485928,19.564705882352943,20.158925439359997,16.76193605354839,17.714718716610612,18.31735320655405,17.59800265890435,-1.9667032234485928,17.59800265890435,0.971546121417316,-5.775864899111019,-4.643358820238846,-2.737069962073368,1.761662089777431,5.120078841022579,6.865731939366032,position_history,561,veteran_with_history,v2_next_year_beta_20260828T213408Z_741eb3cf,milestone_3_20260828T210736Z_903d8f44,v2_next_year_expert_residual_v1,beta,6a9a803feee65cd1bd54f3b013594fb56a3c5c3eb6f65caf5c7e61ffee7bb0e6,shadow
ab838654-7269-5096-8383-8d4761716bba,00-0040203,Will Howard,2026,2027,QB,PIT,confirmed,-1.1752007154213042,,,,0,0,target_incomplete,0.0,1.0,0,4.0,321.1225,0.3665648582276952,0.5876581104978694,0.41318674656565685,7.573642856988444,10.802856977454429,2.7276617028016705,12.149517652548848,10.175339162330575,-1.1752007154213042,1.5524609873803663,6.3984421415671395,10.974316937127544,9.627656262033124,9.00013844690927,10.175339162330575,9.00013844690927,0.3665648582276952,-8.45552130817761,-6.586595987192735,-2.9812738228535967,2.974665977858852,6.51934127264136,8.784757686121404,position,274,second_year,v2_next_year_beta_20260828T213408Z_741eb3cf,milestone_3_20260828T210736Z_903d8f44,v2_next_year_expert_residual_v1,beta,6a9a803feee65cd1bd54f3b013594fb56a3c5c3eb6f65caf5c7e61ffee7bb0e6,shadow
abe6d956-d6df-54b9-91d0-8c11f5341f3b,00-0035594,Travis Homer,2026,2027,RB,PIT,confirmed,0.9736764705882353,,,,0,0,target_incomplete,0.0,7.0,1,2.0,464.0,0.4350244149096959,0.30919924470454135,0.5443934450622839,0.4716727034913526,1.6944547497642377,-0.681281550565376,2.202071408340151,1.4560662871985806,0.9736764705882353,0.2923949200228593,1.4453491740795879,3.1757478789283864,2.668131220352473,2.4297427577868156,1.4560662871985806,2.4297427577868156,0.4350244149096959,-5.775864899111019,-4.643358820238846,-2.737069962073368,1.761662089777431,5.120078841022579,6.865731939366032,position_history,561,veteran_with_history,v2_next_year_beta_20260828T213408Z_741eb3cf,milestone_3_20260828T210736Z_903d8f44,v2_next_year_expert_residual_v1,beta,6a9a803feee65cd1bd54f3b013594fb56a3c5c3eb6f65caf5c7e61ffee7bb0e6,shadow
abfaa351-4b53-5eaa-a304-9825243dc5cc,00-0036212,Tua Tagovailoa,2026,2027,QB,ATL,confirmed,6.247352941176471,,,,0,0,target_incomplete,0.0,6.0,1,7.0,216.555,0.8197172557013698,0.9176430380079239,0.48962908340472044,4.835389004343007,3.640386017253608,3.309060099871514,3.8961483403723065,4.12397445398964,6.247352941176471,9.556413041047986,11.082741945519478,10.143501281548778,9.887738958430079,10.371327395166112,4.12397445398964,10.371327395166112,0.8197172557013698,-8.06412819759558,-5.734041511578347,-2.864465114852388,2.783835279116431,6.020518964099286,6.909064297162426,position_history,209,veteran_with_history,v2_next_year_beta_20260828T213408Z_741eb3cf,milestone_3_20260828T210736Z_903d8f44,v2_next_year_expert_residual_v1,beta,6a9a803feee65cd1bd54f3b013594fb56a3c5c3eb6f65caf5c7e61ffee7bb0e6,shadow
ac1112e3-b2c9-5850-adbb-9a619039033d,00-0040021,Phil Mafah,2026,2027,RB,DAL,confirmed,0.9882352941176471,,,,0,0,target_incomplete,0.0,1.0,0,5.0,316.87,0.5022416488530882,0.6462966326685304,0.6097613512933316,2.4803620159274384,2.194955138689155,1.403342687822953,2.495851310787485,2.390389488468026,0.9882352941176471,2.3915779819406,3.4685973100450855,3.4840866049051322,3.183190432806802,3.378624782585673,2.390389488468026,3.378624782585673,0.5022416488530882,-5.48615073240633,-4.244920053205529,-2.730536823343935,2.745851062339551,6.172636499559855,7.5044937746885285,position_history,171,second_year,v2_next_year_beta_20260828T213408Z_741eb3cf,milestone_3_20260828T210736Z_903d8f44,v2_next_year_expert_residual_v1,beta,6a9a803feee65cd1bd54f3b013594fb56a3c5c3eb6f65caf5c7e61ffee7bb0e6,shadow
acce423a-2757-563b-8ea5-04427182a924,00-0038710,Blake Whiteheart,2026,2027,TE,CLE,confirmed,0.5143588235294118,,,,0,0,target_incomplete,0.0,3.0,1,3.0,,0.5522967299651803,0.5395062614890818,0.5866373331518034,1.9793281518161485,2.0557788885927812,0.9813959523087957,2.2732921648722093,2.102799735093713,0.5143588235294118,1.4957547758382075,2.49368697534556,2.787650988401621,2.570137712122193,2.617158558623125,2.102799735093713,2.617158558623125,0.5522967299651803,-3.2358565481832877,-2.66710551537136,-1.8857939720040764,1.062470480921867,3.115963575900585,4.606394156586925,position_history,517,veteran_with_history,v2_next_year_beta_20260828T213408Z_741eb3cf,milestone_3_20260828T210736Z_903d8f44,v2_next_year_expert_residual_v1,beta,6a9a803feee65cd1bd54f3b013594fb56a3c5c3eb6f65caf5c7e61ffee7bb0e6,shadow
aced33f3-b887-596d-8620-5ad359aa767e,,Matt Hibner,2026,2027,TE,BAL,provisional,,,,,0,0,target_incomplete,,,0,,273.772385,0.37324397910243784,4.725717408196575e-05,0.5784638182164625,,,,,,,,,,,,,,0.37324397910243784,-3.6225321557766907,-2.8499637328378338,-2.028437724279195,0.7483585564925581,2.9171121138029883,4.3897953300095,position,778,unknown_experience,v2_next_year_beta_20260828T213408Z_741eb3cf,milestone_3_20260828T210736Z_903d8f44,v2_next_year_expert_residual_v1,beta,6a9a803feee65cd1bd54f3b013594fb56a3c5c3eb6f65caf5c7e61ffee7bb0e6,shadow
ad4b9a3e-ce64-59d9-9d10-ec1012528f13,00-0040953,Jeff Caldwell,2026,2027,WR,KC,confirmed,,,,,0,0,target_incomplete,1.0,0.0,0,,326.90001,0.5506669073818778,0.516119053460422,0.5968118837409765,,,,,,,,,,,,,,0.5506669073818778,-5.241847632097132,-4.420861613449043,-2.79275194455823,1.666671205196188,3.4416152985046184,5.164736756719793,position_history,250,rookie,v2_next_year_beta_20260828T213408Z_741eb3cf,milestone_3_20260828T210736Z_903d8f44,v2_next_year_expert_residual_v1,beta,6a9a803feee65cd1bd54f3b013594fb56a3c5c3eb6f65caf5c7e61ffee7bb0e6,shadow
ad672fdd-e651-572b-92e3-3051abf395ba,,Drew Ogletree,2026,2027,TE,IND,provisional,1.1371764705882352,,,,0,0,target_incomplete,,,0,1.0,,0.5337096255464058,3.124456795575498e-05,0.5784638182164625,2.4178545891252323,1.8169412632231545,0.9981668981146167,1.9947400790491572,2.0765119771325145,1.1371764705882352,2.135343368702852,3.5550310597134676,3.1319165496373924,2.9541177338113895,3.2136884477207497,2.0765119771325145,3.2136884477207497,0.5337096255464058,-3.6225321557766907,-2.8499637328378338,-2.028437724279195,0.7483585564925581,2.9171121138029883,4.3897953300095,position,778,unknown_experience,v2_next_year_beta_20260828T213408Z_741eb3cf,milestone_3_20260828T210736Z_903d8f44,v2_next_year_expert_residual_v1,beta,6a9a803feee65cd1bd54f3b013594fb56a3c5c3eb6f65caf5c7e61ffee7bb0e6,shadow
ad6b6c62-45ac-5341-be39-a7fe7c393a66,00-0040238,LeQuint Allen Jr.,2026,2027,RB,JAC,confirmed,2.0409675569392127,,,,0,0,target_incomplete,0.0,1.0,1,7.0,284.7075,0.66203710334081,0.9205302147982429,0.6097613512933316,1.97909169053968,2.535434378962499,1.403342687822953,2.1988267183611856,2.2377842626211213,2.0409675569392127,3.444310244762166,4.020059247478892,4.239794275300398,4.576401935901712,4.278751819560334,2.2377842626211213,4.278751819560334,0.66203710334081,-5.48615073240633,-4.244920053205529,-2.730536823343935,2.745851062339551,6.172636499559855,7.5044937746885285,position_history,171,second_year,v2_next_year_beta_20260828T213408Z_741eb3cf,milestone_3_20260828T210736Z_903d8f44,v2_next_year_expert_residual_v1,beta,6a9a803feee65cd1bd54f3b013594fb56a3c5c3eb6f65caf5c7e61ffee7bb0e6,shadow
ad6f00c4-5188-5b5f-91cf-af7806e1c3af,00-0040586,Jaydon Blue,2026,2027,RB,DAL,confirmed,2.7636117647058827,,,,0,0,target_incomplete,0.0,1.0,1,7.0,198.943085,0.7977520330484869,0.9000779117521261,0.6097613512933316,2.261787793337544,2.278380805571883,1.403342687822953,2.3322237411795013,2.2907974466963097,2.7636117647058827,4.166954452528835,5.025399558043427,5.095835505885384,5.041992570277765,5.054409211402192,2.2907974466963097,5.054409211402192,0.7977520330484869,-5.48615073240633,-4.244920053205529,-2.730536823343935,2.745851062339551,6.172636499559855,7.5044937746885285,position_history,171,second_year,v2_next_year_beta_20260828T213408Z_741eb3cf,milestone_3_20260828T210736Z_903d8f44,v2_next_year_expert_residual_v1,beta,6a9a803feee65cd1bd54f3b013594fb56a3c5c3eb6f65caf5c7e61ffee7bb0e6,shadow
ad848f28-4066-522c-b352-43abce87fbcb,00-0039916,Ricky Pearsall,2026,2027,WR,SF,confirmed,,,,,0,0,target_incomplete,0.0,2.0,1,,200.53845,0.5188280998655529,0.6524331223786799,0.561304531171307,,,,,,,,,,,,,,0.5188280998655529,-5.174675104176586,-4.132551138216551,-2.349516433734719,1.7104468853139558,3.790706964546365,5.521261715174053,position_history,879,veteran_with_history,v2_next_year_beta_20260828T213408Z_741eb3cf,milestone_3_20260828T210736Z_903d8f44,v2_next_year_expert_residual_v1,beta,6a9a803feee65cd1bd54f3b013594fb56a3c5c3eb6f65caf5c7e61ffee7bb0e6,shadow
ae104516-92b0-5032-a7e1-d459585265d8,00-0041194,Jack Strand,2026,2027,QB,ATL,confirmed,,,,,0,0,target_incomplete,1.0,0.0,0,,300.9975,0.5174433317775974,0.5184090925331061,0.44978202947919904,,,,,,,,,,,,,,0.5174433317775974,-8.45552130817761,-6.586595987192735,-2.9812738228535967,2.974665977858852,6.51934127264136,8.784757686121404,position,274,rookie,v2_next_year_beta_20260828T213408Z_741eb3cf,milestone_3_20260828T210736Z_903d8f44,v2_next_year_expert_residual_v1,beta,6a9a803feee65cd1bd54f3b013594fb56a3c5c3eb6f65caf5c7e61ffee7bb0e6,shadow
ae1f7559-0bf7-5b59-a474-69879707762a,00-0039359,Cade Stover,2026,2027,TE,HOU,confirmed,1.6070889096379286,,,,0,0,target_incomplete,0.0,2.0,1,5.0,359.5,0.7676342275015827,0.801877906080437,0.5866373331518034,0.9438052503969072,1.4089465857489885,0.9813959523087957,1.3055506249120292,1.219434153685975,1.6070889096379286,2.5884848619467244,2.5508941600348356,2.9126395345499576,3.016035495386917,2.8265230633239034,1.219434153685975,2.8265230633239034,0.7676342275015827,-3.2358565481832877,-2.66710551537136,-1.8857939720040764,1.062470480921867,3.115963575900585,4.606394156586925,position_history,517,veteran_with_history,v2_next_year_beta_20260828T213408Z_741eb3cf,milestone_3_20260828T210736Z_903d8f44,v2_next_year_expert_residual_v1,beta,6a9a803feee65cd1bd54f3b013594fb56a3c5c3eb6f65caf5c7e61ffee7bb0e6,shadow
aef6609b-c65b-5050-8f14-16e818c489cb,00-0037015,Sal Cannella,2026,2027,TE,,confirmed,,,,,0,0,target_incomplete,0.0,1.0,1,,247.0,0.40517926131980364,0.5259579119115719,0.608365821078233,,,,,,,,,,,,,,0.40517926131980364,-3.6339700144720632,-2.951290805531581,-2.182514704742995,0.5014646262834015,2.7463026739883363,3.934592956869509,position_history,129,second_year,v2_next_year_beta_20260828T213408Z_741eb3cf,milestone_3_20260828T210736Z_903d8f44,v2_next_year_expert_residual_v1,beta,6a9a803feee65cd1bd54f3b013594fb56a3c5c3eb6f65caf5c7e61ffee7bb0e6,shadow
af299ce7-1b73-5e7e-8da1-2754bee159ee,00-0040432,Beaux Collins,2026,2027,WR,,confirmed,,,,,0,0,target_incomplete,0.0,1.0,1,,495.0,0.5560135863000828,0.4435488834109734,0.561305717008435,,,,,,,,,,,,,,0.5560135863000828,-5.290117666656729,-4.500130273045835,-2.703400287276647,1.85750718837489,4.640355612959511,5.846307043900342,position_history,246,second_year,v2_next_year_beta_20260828T213408Z_741eb3cf,milestone_3_20260828T210736Z_903d8f44,v2_next_year_expert_residual_v1,beta,6a9a803feee65cd1bd54f3b013594fb56a3c5c3eb6f65caf5c7e61ffee7bb0e6,shadow
afd666e0-e97c-5447-8b7b-a416d009aeb7,00-0036309,Darnell Mooney,2026,2027,WR,NYG,confirmed,3.657058823529412,,,,0,0,target_incomplete,0.0,6.0,1,7.0,242.4225,0.6222143877333561,0.7548914600702891,0.5809258307011029,1.3793389258639182,0.9422985528186272,0.36463526135546426,1.2017815223953858,1.1744730003593105,3.657058823529412,4.021694084884876,5.0363977493933305,4.858840345924798,4.599357376348039,4.831531823888723,1.1744730003593105,4.831531823888723,0.6222143877333561,-5.174675104176586,-4.132551138216551,-2.349516433734719,1.7104468853139558,3.790706964546365,5.521261715174053,position_history,879,veteran_with_history,v2_next_year_beta_20260828T213408Z_741eb3cf,milestone_3_20260828T210736Z_903d8f44,v2_next_year_expert_residual_v1,beta,6a9a803feee65cd1bd54f3b013594fb56a3c5c3eb6f65caf5c7e61ffee7bb0e6,shadow
b008da3f-351c-5828-bc0b-d4971b8962ef,00-0037004,Hunter Long,2026,2027,TE,JAC,confirmed,0.6588235294117647,,,,0,0,target_incomplete,0.0,5.0,1,2.0,,0.6188601880205016,0.5860322399504977,0.5754647011414279,1.9378899986167626,1.8541444996824037,0.6249159376606653,1.8962600317854768,1.896098176694881,0.6588235294117647,1.28373946707243,2.5967135280285274,2.5550835611972413,2.5129680290941683,2.554921706106646,1.896098176694881,2.554921706106646,0.6188601880205016,-3.2358565481832877,-2.66710551537136,-1.8857939720040764,1.062470480921867,3.115963575900585,4.606394156586925,position_history,517,veteran_with_history,v2_next_year_beta_20260828T213408Z_741eb3cf,milestone_3_20260828T210736Z_903d8f44,v2_next_year_expert_residual_v1,beta,6a9a803feee65cd1bd54f3b013594fb56a3c5c3eb6f65caf5c7e61ffee7bb0e6,shadow
b055b321-ac7c-55a9-9223-c84eb0ec14cc,00-0040737,Terrance Ferguson,2026,2027,TE,LAR,confirmed,6.144705882352942,,,,0,0,target_incomplete,0.0,1.0,1,7.0,173.60000000000002,0.9342975258646758,0.9739030528864447,0.608365821078233,0.3485101646635562,0.6281283084828735,1.565974887778895,0.6149581689926962,0.5305322140463753,6.144705882352942,7.710680770131837,6.493216047016498,6.759664051345638,6.772834190835815,6.675238096399317,0.5305322140463753,6.675238096399317,0.9342975258646758,-3.6339700144720632,-2.951290805531581,-2.182514704742995,0.5014646262834015,2.7463026739883363,3.934592956869509,position_history,129,second_year,v2_next_year_beta_20260828T213408Z_741eb3cf,milestone_3_20260828T210736Z_903d8f44,v2_next_year_expert_residual_v1,beta,6a9a803feee65cd1bd54f3b013594fb56a3c5c3eb6f65caf5c7e61ffee7bb0e6,shadow
b0bcc606-cf59-51e3-a529-4379e33a6cac,00-0040930,Camden Brown,2026,2027,WR,DAL,confirmed,1.1976470588235293,,,,0,0,target_incomplete,1.0,0.0,0,1.0,299.0,0.7104678966714497,0.5623567834638253,0.5968118837409765,3.6254148514911932,3.149585005830497,2.727429987360483,3.1114564975193315,3.295485451613674,1.1976470588235293,3.925077046184012,4.823061910314722,4.309103556342861,4.347232064654026,4.493132510437203,3.295485451613674,4.493132510437203,0.7104678966714497,-5.241847632097132,-4.420861613449043,-2.79275194455823,1.666671205196188,3.4416152985046184,5.164736756719793,position_history,250,rookie,v2_next_year_beta_20260828T213408Z_741eb3cf,milestone_3_20260828T210736Z_903d8f44,v2_next_year_expert_residual_v1,beta,6a9a803feee65cd1bd54f3b013594fb56a3c5c3eb6f65caf5c7e61ffee7bb0e6,shadow
b13f460c-332d-5910-8e1c-422a91f8ccb3,00-0040067,Jacardia Wright,2026,2027,RB,,confirmed,,,,,0,0,target_incomplete,0.0,1.0,1,,287.67375,0.45603368129146765,0.5089718478903232,0.6097613512933316,,,,,,,,,,,,,,0.45603368129146765,-5.48615073240633,-4.244920053205529,-2.730536823343935,2.745851062339551,6.172636499559855,7.5044937746885285,position_history,171,second_year,v2_next_year_beta_20260828T213408Z_741eb3cf,milestone_3_20260828T210736Z_903d8f44,v2_next_year_expert_residual_v1,beta,6a9a803feee65cd1bd54f3b013594fb56a3c5c3eb6f65caf5c7e61ffee7bb0e6,shadow
b16c6494-1ca2-5425-a077-9e8748417278,00-0039064,Zay Flowers,2026,2027,WR,BAL,confirmed,11.711764705882352,,,,0,0,target_incomplete,0.0,3.0,1,7.0,33.611245,0.9680751303719156,0.9900552268282801,0.561304531171307,-1.2865754790074915,-0.9352771419429152,1.1528823356726514,-1.1339392420464482,-1.1185972876656185,11.711764705882352,12.864647041555003,10.42518922687486,10.577825463835904,10.776487563939437,10.593167418216733,-1.1185972876656185,10.593167418216733,0.9680751303719156,-5.174675104176586,-4.132551138216551,-2.349516433734719,1.7104468853139558,3.790706964546365,5.521261715174053,position_history,879,veteran_with_history,v2_next_year_beta_20260828T213408Z_741eb3cf,milestone_3_20260828T210736Z_903d8f44,v2_next_year_expert_residual_v1,beta,6a9a803feee65cd1bd54f3b013594fb56a3c5c3eb6f65caf5c7e61ffee7bb0e6,shadow
b16d8ee4-0daa-54c5-8718-21380dd374fb,00-0032577,D.J. Foster,2026,2027,RB,,confirmed,,,,,0,0,target_incomplete,0.0,10.0,1,,302.0,0.31154934215160407,0.17630035575623007,0.4764771129433249,,,,,,,,,,,,,,0.31154934215160407,-5.775864899111019,-4.643358820238846,-2.737069962073368,1.761662089777431,5.120078841022579,6.865731939366032,position_history,561,veteran_with_history,v2_next_year_beta_20260828T213408Z_741eb3cf,milestone_3_20260828T210736Z_903d8f44,v2_next_year_expert_residual_v1,beta,6a9a803feee65cd1bd54f3b013594fb56a3c5c3eb6f65caf5c7e61ffee7bb0e6,shadow
b1e27cd5-0ecc-54f5-a47b-3dedb50fd95e,00-0032864,Alex Ellis,2026,2027,TE,,confirmed,,,,,0,0,target_incomplete,0.0,10.0,1,,306.0,0.22133760292724503,0.15170267962694897,0.4951784667648797,,,,,,,,,,,,,,0.22133760292724503,-3.2358565481832877,-2.66710551537136,-1.8857939720040764,1.062470480921867,3.115963575900585,4.606394156586925,position_history,517,veteran_with_history,v2_next_year_beta_20260828T213408Z_741eb3cf,milestone_3_20260828T210736Z_903d8f44,v2_next_year_expert_residual_v1,beta,6a9a803feee65cd1bd54f3b013594fb56a3c5c3eb6f65caf5c7e61ffee7bb0e6,shadow
b2493328-5a41-5357-aa2e-5dac8a68fb99,00-0038104,Tyquan Thornton,2026,2027,WR,KC,confirmed,4.229411764705882,,,,0,0,target_incomplete,0.0,4.0,1,7.0,289.6875,0.8058589967215825,0.9156502537586172,0.5809258307011029,0.43034095804903005,0.7699576328648738,0.36463526135546426,0.9889109362932204,0.7297365090690414,4.229411764705882,4.594047026061347,4.659752722754913,5.218322700999103,4.9993693975707565,4.9591482737749235,0.7297365090690414,4.9591482737749235,0.8058589967215825,-5.174675104176586,-4.132551138216551,-2.349516433734719,1.7104468853139558,3.790706964546365,5.521261715174053,position_history,879,veteran_with_history,v2_next_year_beta_20260828T213408Z_741eb3cf,milestone_3_20260828T210736Z_903d8f44,v2_next_year_expert_residual_v1,beta,6a9a803feee65cd1bd54f3b013594fb56a3c5c3eb6f65caf5c7e61ffee7bb0e6,shadow
b2cb3f71-0ccd-58f3-8934-7b675a216972,00-0038108,Bailey Zappe,2026,2027,QB,,confirmed,,,,,0,0,target_incomplete,0.0,4.0,1,,479.0,0.24880626294541452,0.2838314713950692,0.48962908340472044,,,,,,,,,,,,,,0.24880626294541452,-8.06412819759558,-5.734041511578347,-2.864465114852388,2.783835279116431,6.020518964099286,6.909064297162426,position_history,209,veteran_with_history,v2_next_year_beta_20260828T213408Z_741eb3cf,milestone_3_20260828T210736Z_903d8f44,v2_next_year_expert_residual_v1,beta,6a9a803feee65cd1bd54f3b013594fb56a3c5c3eb6f65caf5c7e61ffee7bb0e6,shadow
b33359fc-5f9d-5172-99c7-2b34ec01e3a4,00-0037261,Khalil Shakir,2026,2027,WR,BUF,confirmed,7.249005882352941,,,,0,0,target_incomplete,0.0,4.0,1,7.0,133.76999999999998,0.9112635875901887,0.9531414016547939,0.5809258307011029,0.011005422925808972,-0.35424878478222765,0.36463526135546426,-0.6452111445145078,-0.3294848354569755,7.249005882352941,7.6136411437084055,7.26001130527875,6.603794737838434,6.8947570975707135,6.919521046895966,-0.3294848354569755,6.919521046895966,0.9112635875901887,-5.174675104176586,-4.132551138216551,-2.349516433734719,1.7104468853139558,3.790706964546365,5.521261715174053,position_history,879,veteran_with_history,v2_next_year_beta_20260828T213408Z_741eb3cf,milestone_3_20260828T210736Z_903d8f44,v2_next_year_expert_residual_v1,beta,6a9a803feee65cd1bd54f3b013594fb56a3c5c3eb6f65caf5c7e61ffee7bb0e6,shadow
b35d026e-99d5-53cb-8452-fb5757864cfd,00-0032208,Phillip Dorsett,2026,2027,WR,,confirmed,,,,,0,0,target_incomplete,0.0,11.0,1,,461.0,0.10319925842022123,0.15496243632028653,0.41694036868057527,,,,,,,,,,,,,,0.10319925842022123,-5.174675104176586,-4.132551138216551,-2.349516433734719,1.7104468853139558,3.790706964546365,5.521261715174053,position_history,879,veteran_with_history,v2_next_year_beta_20260828T213408Z_741eb3cf,milestone_3_20260828T210736Z_903d8f44,v2_next_year_expert_residual_v1,beta,6a9a803feee65cd1bd54f3b013594fb56a3c5c3eb6f65caf5c7e61ffee7bb0e6,shadow
b364cb25-e157-582a-97dc-f54354862a6b,00-0037525,Jordan Mason,2026,2027,RB,MIN,confirmed,8.4026573816156,,,,0,0,target_incomplete,0.0,4.0,1,7.0,99.2,0.9133947696816518,0.9635407841056655,0.5951913648732261,-0.7731583433760456,-1.1004728236362764,-0.13301155778163867,-1.5606979889694308,-1.144776385327251,8.4026573816156,8.26964582383396,7.629499038239554,6.841959392646168,7.302184557979323,7.257880996288348,-1.144776385327251,7.257880996288348,0.9133947696816518,-5.775864899111019,-4.643358820238846,-2.737069962073368,1.761662089777431,5.120078841022579,6.865731939366032,position_history,561,veteran_with_history,v2_next_year_beta_20260828T213408Z_741eb3cf,milestone_3_20260828T210736Z_903d8f44,v2_next_year_expert_residual_v1,beta,6a9a803feee65cd1bd54f3b013594fb56a3c5c3eb6f65caf5c7e61ffee7bb0e6,shadow
b3bbe5a4-9794-5449-b472-706cdf6aa453,00-0040886,Nicholas Singleton,2026,2027,RB,TEN,confirmed,2.134094117647059,,,,0,0,target_incomplete,1.0,0.0,0,7.0,211.47787,0.7463322124661892,0.8897956905975278,0.6553958879420866,3.223389381253299,2.7912548248266402,2.8830872316241134,2.9157100940190883,2.976784766699676,2.134094117647059,5.017181349271173,5.357483498900358,5.049804211666148,4.925348942473699,5.110878884346735,2.976784766699676,5.110878884346735,0.7463322124661892,-5.275047966924827,-4.3298006659425265,-2.5364531139387987,2.612371761579932,6.381973266338156,8.832194594599148,position_history,178,rookie,v2_next_year_beta_20260828T213408Z_741eb3cf,milestone_3_20260828T210736Z_903d8f44,v2_next_year_expert_residual_v1,beta,6a9a803feee65cd1bd54f3b013594fb56a3c5c3eb6f65caf5c7e61ffee7bb0e6,shadow
b3c78a9f-7349-53e9-bdfe-735ef63ed815,00-0037664,Alec Pierce,2026,2027,WR,IND,confirmed,8.66964705882353,,,,0,0,target_incomplete,0.0,4.0,1,7.0,100.8,0.9167716295099065,0.9671174879643794,0.5809258307011029,-0.8581710216509815,-0.9581758108428227,0.36463526135546426,-1.0641186745281968,-0.9601551690073337,8.66964705882353,9.034282320178995,7.8114760371725485,7.605528384295334,7.7114712479807075,7.709491889816197,-0.9601551690073337,7.709491889816197,0.9167716295099065,-5.174675104176586,-4.132551138216551,-2.349516433734719,1.7104468853139558,3.790706964546365,5.521261715174053,position_history,879,veteran_with_history,v2_next_year_beta_20260828T213408Z_741eb3cf,milestone_3_20260828T210736Z_903d8f44,v2_next_year_expert_residual_v1,beta,6a9a803feee65cd1bd54f3b013594fb56a3c5c3eb6f65caf5c7e61ffee7bb0e6,shadow
b482a4bd-ff7a-575a-bc28-7c948662ee32,00-0033526,Samaje Perine,2026,2027,RB,CIN,confirmed,4.638030886449284,,,,0,0,target_incomplete,0.0,9.0,1,7.0,259.0,0.6565799769698983,0.8160375044447138,0.5443934450622839,-0.29457635916514424,0.08778657536282604,-0.681281550565376,0.165835209814561,-0.01365152466258573,4.638030886449284,3.9567493358839085,4.34345452728414,4.803866096263845,4.7258174618121105,4.624379361786699,-0.01365152466258573,4.624379361786699,0.6565799769698983,-5.775864899111019,-4.643358820238846,-2.737069962073368,1.761662089777431,5.120078841022579,6.865731939366032,position_history,561,veteran_with_history,v2_next_year_beta_20260828T213408Z_741eb3cf,milestone_3_20260828T210736Z_903d8f44,v2_next_year_expert_residual_v1,beta,6a9a803feee65cd1bd54f3b013594fb56a3c5c3eb6f65caf5c7e61ffee7bb0e6,shadow
b4e9327d-f002-5f05-9a32-9b2fbbcd707f,00-0036971,Trevor Lawrence,2026,2027,QB,JAC,confirmed,16.685764705882352,,,,0,0,target_incomplete,0.0,5.0,1,7.0,85.3,0.9692508985527082,0.9945163224585313,0.48962908340472044,1.3197742470940361,-0.4071219021627104,3.309060099871514,-0.7408150624788183,0.0572790941508358,16.685764705882352,19.994824805753865,18.005538952976387,15.944949643403534,16.27864280371964,16.74304380003319,0.0572790941508358,16.74304380003319,0.9692508985527082,-8.06412819759558,-5.734041511578347,-2.864465114852388,2.783835279116431,6.020518964099286,6.909064297162426,position_history,209,veteran_with_history,v2_next_year_beta_20260828T213408Z_741eb3cf,milestone_3_20260828T210736Z_903d8f44,v2_next_year_expert_residual_v1,beta,6a9a803feee65cd1bd54f3b013594fb56a3c5c3eb6f65caf5c7e61ffee7bb0e6,shadow
b5324286-31ee-5934-ade1-2db0989e4aa9,00-0036775,Brandon Smith,2026,2027,WR,PIT,confirmed,1.564294117647059,,,,0,0,target_incomplete,0.0,5.0,0,1.0,,0.4492980432263633,0.24783494869582384,0.5809258307011029,1.9378549148798117,1.7540758514512529,0.36463526135546426,2.082736486255675,1.92488908419558,1.564294117647059,1.9289293790025233,3.5021490325268707,3.647030603902734,3.318369969098312,3.489183201842639,1.92488908419558,3.489183201842639,0.4492980432263633,-5.247028493584627,-4.168147262586337,-2.4882348181433445,1.7215690384925635,4.092107755797534,5.673306043718701,position,1398,other_no_history,v2_next_year_beta_20260828T213408Z_741eb3cf,milestone_3_20260828T210736Z_903d8f44,v2_next_year_expert_residual_v1,beta,6a9a803feee65cd1bd54f3b013594fb56a3c5c3eb6f65caf5c7e61ffee7bb0e6,shadow
b56670f7-b428-5dab-a014-12e764e1d46e,00-0041100,Josh Cameron,2026,2027,WR,JAC,confirmed,1.0369352941176473,,,,0,0,target_incomplete,1.0,0.0,0,4.0,309.7625,0.7264021644767542,0.7171613142276065,0.5968118837409765,3.2478060944937273,2.7249189802641403,2.727429987360483,2.737748277742474,2.903491117500114,1.0369352941176473,3.7643652814781303,4.2847413886113745,3.7746835718601215,3.7618542743817875,3.940426411617761,2.903491117500114,3.940426411617761,0.7264021644767542,-5.241847632097132,-4.420861613449043,-2.79275194455823,1.666671205196188,3.4416152985046184,5.164736756719793,position_history,250,rookie,v2_next_year_beta_20260828T213408Z_741eb3cf,milestone_3_20260828T210736Z_903d8f44,v2_next_year_expert_residual_v1,beta,6a9a803feee65cd1bd54f3b013594fb56a3c5c3eb6f65caf5c7e61ffee7bb0e6,shadow
b5862397-0d45-5560-8aa7-44b046621b96,00-0040130,Jayden Higgins,2026,2027,WR,HOU,confirmed,,,,,0,0,target_incomplete,0.0,1.0,1,,171.86285,0.7689357664717437,0.7783319294358773,0.561305717008435,,,,,,,,,,,,,,0.7689357664717437,-5.290117666656729,-4.500130273045835,-2.703400287276647,1.85750718837489,4.640355612959511,5.846307043900342,position_history,246,second_year,v2_next_year_beta_20260828T213408Z_741eb3cf,milestone_3_20260828T210736Z_903d8f44,v2_next_year_expert_residual_v1,beta,6a9a803feee65cd1bd54f3b013594fb56a3c5c3eb6f65caf5c7e61ffee7bb0e6,shadow
b5a58f0f-9cb2-5b4b-b707-11c2cbd89072,00-0040879,Matthew Hibner,2026,2027,TE,BAL,confirmed,1.5505164992826401,,,,0,0,target_incomplete,1.0,0.0,0,4.0,314.5,0.7236779137908511,0.8059764589415483,0.6038558673610269,2.78264852655931,2.3090059970707415,2.0843437891501377,2.215123862470645,2.4355927953668988,1.5505164992826401,3.634860288432778,4.33316502584195,3.765640361753285,3.8595224963533816,3.986109294649539,2.4355927953668988,3.986109294649539,0.7236779137908511,-4.352633110913855,-3.4831286225578566,-2.493896993771685,0.469156909097479,2.047935247444171,3.443435937814943,position_history,121,rookie,v2_next_year_beta_20260828T213408Z_741eb3cf,milestone_3_20260828T210736Z_903d8f44,v2_next_year_expert_residual_v1,beta,6a9a803feee65cd1bd54f3b013594fb56a3c5c3eb6f65caf5c7e61ffee7bb0e6,shadow
b64b2f27-a018-5579-9692-b8a79e6c4f67,00-0039238,Michael Pratt,2026,2027,QB,,confirmed,,,,,0,0,target_incomplete,0.0,2.0,0,,295.0,0.23469143265122755,0.3224978546904389,0.4649623649904308,,,,,,,,,,,,,,0.23469143265122755,-8.45552130817761,-6.586595987192735,-2.9812738228535967,2.974665977858852,6.51934127264136,8.784757686121404,position,274,other_no_history,v2_next_year_beta_20260828T213408Z_741eb3cf,milestone_3_20260828T210736Z_903d8f44,v2_next_year_expert_residual_v1,beta,6a9a803feee65cd1bd54f3b013594fb56a3c5c3eb6f65caf5c7e61ffee7bb0e6,shadow
b6803030-7a65-5f02-9006-617cbaf48d09,00-0038400,Tanner McKee,2026,2027,QB,PHI,confirmed,0.6821793400286954,,,,0,0,target_incomplete,0.0,3.0,0,4.0,311.0,0.45440509257704964,0.5486568923474338,0.4649623649904308,6.886694059747118,10.470170289189912,3.1546501294267837,9.898250810820779,9.085038386585937,0.6821793400286954,3.836829469455479,7.568873399775813,10.580430150849473,11.152349629218607,9.767217726614632,9.085038386585937,9.767217726614632,0.45440509257704964,-8.45552130817761,-6.586595987192735,-2.9812738228535967,2.974665977858852,6.51934127264136,8.784757686121404,position,274,other_no_history,v2_next_year_beta_20260828T213408Z_741eb3cf,milestone_3_20260828T210736Z_903d8f44,v2_next_year_expert_residual_v1,beta,6a9a803feee65cd1bd54f3b013594fb56a3c5c3eb6f65caf5c7e61ffee7bb0e6,shadow
b6a56bd2-63bf-5f16-b309-dda61c805e53,00-0037742,Treylon Burks,2026,2027,WR,WAS,confirmed,2.072941176470589,,,,0,0,target_incomplete,0.0,4.0,1,7.0,324.0825,0.589647073295679,0.8295434177526816,0.5809258307011029,0.9245519360907614,1.9117274682638499,0.36463526135546426,1.9118627027376747,1.5827140356974285,2.072941176470589,2.437576437826053,2.9974931125613504,3.984803879208264,3.984668644734439,3.6556552121680177,1.5827140356974285,3.6556552121680177,0.589647073295679,-5.174675104176586,-4.132551138216551,-2.349516433734719,1.7104468853139558,3.790706964546365,5.521261715174053,position_history,879,veteran_with_history,v2_next_year_beta_20260828T213408Z_741eb3cf,milestone_3_20260828T210736Z_903d8f44,v2_next_year_expert_residual_v1,beta,6a9a803feee65cd1bd54f3b013594fb56a3c5c3eb6f65caf5c7e61ffee7bb0e6,shadow
b85804f0-754f-561b-bf90-c8bcfadd839c,00-0040621,Montorie Foster Jr,2026,2027,WR,SEA,confirmed,,,,,0,0,target_incomplete,0.0,1.0,0,,331.68420000000003,0.4447526932954325,0.3468590724325894,0.561305717008435,,,,,,,,,,,,,,0.4447526932954325,-5.290117666656729,-4.500130273045835,-2.703400287276647,1.85750718837489,4.640355612959511,5.846307043900342,position_history,246,second_year,v2_next_year_beta_20260828T213408Z_741eb3cf,milestone_3_20260828T210736Z_903d8f44,v2_next_year_expert_residual_v1,beta,6a9a803feee65cd1bd54f3b013594fb56a3c5c3eb6f65caf5c7e61ffee7bb0e6,shadow
b8cae071-deae-54fc-90ab-b2d9b30c8796,00-0039614,Jermaine Jackson,2026,2027,WR,,confirmed,,,,,0,0,target_incomplete,0.0,2.0,1,,402.0,0.3624299873279631,0.3350812564463054,0.561304531171307,,,,,,,,,,,,,,0.3624299873279631,-5.174675104176586,-4.132551138216551,-2.349516433734719,1.7104468853139558,3.790706964546365,5.521261715174053,position_history,879,veteran_with_history,v2_next_year_beta_20260828T213408Z_741eb3cf,milestone_3_20260828T210736Z_903d8f44,v2_next_year_expert_residual_v1,beta,6a9a803feee65cd1bd54f3b013594fb56a3c5c3eb6f65caf5c7e61ffee7bb0e6,shadow
b9053494-3945-5dbf-a41d-f2d3090a8459,00-0039631,Cam Grandy,2026,2027,TE,CIN,confirmed,0.7529411764705882,,,,0,0,target_incomplete,0.0,2.0,1,2.0,,0.6094231738180466,0.5889486191256077,0.5866373331518034,1.8430612556748744,1.8131282709356036,0.9813959523087957,1.9976316830290668,1.8846070698798483,0.7529411764705882,1.734337128779384,2.596002432145463,2.750572859499655,2.566069447406192,2.6375482463504367,1.8846070698798483,2.6375482463504367,0.6094231738180466,-3.2358565481832877,-2.66710551537136,-1.8857939720040764,1.062470480921867,3.115963575900585,4.606394156586925,position_history,517,veteran_with_history,v2_next_year_beta_20260828T213408Z_741eb3cf,milestone_3_20260828T210736Z_903d8f44,v2_next_year_expert_residual_v1,beta,6a9a803feee65cd1bd54f3b013594fb56a3c5c3eb6f65caf5c7e61ffee7bb0e6,shadow
b95b9621-7926-5153-bd19-c24fd2f8d394,00-0038359,Xavier Smith,2026,2027,WR,LAR,confirmed,1.0886588235294117,,,,0,0,target_incomplete,0.0,3.0,1,5.0,376.75,0.6497983415271308,0.6853859992651999,0.561304531171307,1.1354748752234678,1.6101454225049372,1.1528823356726514,2.1441549880265574,1.629925095251654,1.0886588235294117,2.241541159202063,2.2241336987528797,3.2328138115559693,2.698804246034349,2.7185839187810656,1.629925095251654,2.7185839187810656,0.6497983415271308,-5.174675104176586,-4.132551138216551,-2.349516433734719,1.7104468853139558,3.790706964546365,5.521261715174053,position_history,879,veteran_with_history,v2_next_year_beta_20260828T213408Z_741eb3cf,milestone_3_20260828T210736Z_903d8f44,v2_next_year_expert_residual_v1,beta,6a9a803feee65cd1bd54f3b013594fb56a3c5c3eb6f65caf5c7e61ffee7bb0e6,shadow
b9915fb7-1942-5b96-9d04-49bd08a77a3b,00-0040730,RJ Harvey,2026,2027,RB,DEN,confirmed,8.592105882352943,,,,0,0,target_incomplete,0.0,1.0,1,7.0,82.20591,0.9527028597084227,0.9831565626703583,0.6097613512933316,0.4054982934906428,0.11981022318470266,1.403342687822953,-0.2693760206298987,0.08531083201514893,8.592105882352943,9.995448570175895,8.997604175843586,8.322729861723044,8.711916105537645,8.677416714368091,0.08531083201514893,8.677416714368091,0.9527028597084227,-5.48615073240633,-4.244920053205529,-2.730536823343935,2.745851062339551,6.172636499559855,7.5044937746885285,position_history,171,second_year,v2_next_year_beta_20260828T213408Z_741eb3cf,milestone_3_20260828T210736Z_903d8f44,v2_next_year_expert_residual_v1,beta,6a9a803feee65cd1bd54f3b013594fb56a3c5c3eb6f65caf5c7e61ffee7bb0e6,shadow
ba5d9692-01c7-56dc-b82c-998066f2f374,00-0040646,Jalen Royals,2026,2027,WR,KC,confirmed,1.1402321463702538,,,,0,0,target_incomplete,0.0,1.0,0,6.0,329.1,0.5875593313936648,0.6693974396147383,0.561305717008435,2.3450034658954833,2.397422360714885,1.6282505450092744,2.6865659716078625,2.476330599406077,1.1402321463702538,2.7684826913795284,3.485235612265737,3.8267981179781163,3.5376545070851386,3.616562745776331,2.476330599406077,3.616562745776331,0.5875593313936648,-5.290117666656729,-4.500130273045835,-2.703400287276647,1.85750718837489,4.640355612959511,5.846307043900342,position_history,246,second_year,v2_next_year_beta_20260828T213408Z_741eb3cf,milestone_3_20260828T210736Z_903d8f44,v2_next_year_expert_residual_v1,beta,6a9a803feee65cd1bd54f3b013594fb56a3c5c3eb6f65caf5c7e61ffee7bb0e6,shadow
ba9a66c4-fffb-50fb-805b-2927f2615273,00-0040506,Myles Price,2026,2027,WR,MIN,confirmed,0.2488323529411765,,,,0,0,target_incomplete,0.0,1.0,0,4.0,315.9575,0.4123902385393333,0.5073615506036891,0.561305717008435,3.4409575299967434,3.02865928860797,1.6282505450092744,2.7843179201477786,3.0846449129174975,0.2488323529411765,1.8770828979504508,3.68978988293792,3.033150273088955,3.2774916415491466,3.333477265858674,3.0846449129174975,3.333477265858674,0.4123902385393333,-5.290117666656729,-4.500130273045835,-2.703400287276647,1.85750718837489,4.640355612959511,5.846307043900342,position_history,246,second_year,v2_next_year_beta_20260828T213408Z_741eb3cf,milestone_3_20260828T210736Z_903d8f44,v2_next_year_expert_residual_v1,beta,6a9a803feee65cd1bd54f3b013594fb56a3c5c3eb6f65caf5c7e61ffee7bb0e6,shadow
bac7e083-0361-5d0e-9944-8017cf9f4313,00-0038805,Cephus Johnson III,2026,2027,WR,,confirmed,,,,,0,0,target_incomplete,0.0,3.0,0,,318.0,0.2968386040143283,0.28373316711707564,0.561304531171307,,,,,,,,,,,,,,0.2968386040143283,-5.247028493584627,-4.168147262586337,-2.4882348181433445,1.7215690384925635,4.092107755797534,5.673306043718701,position,1398,other_no_history,v2_next_year_beta_20260828T213408Z_741eb3cf,milestone_3_20260828T210736Z_903d8f44,v2_next_year_expert_residual_v1,beta,6a9a803feee65cd1bd54f3b013594fb56a3c5c3eb6f65caf5c7e61ffee7bb0e6,shadow
badd855e-5f90-51f8-a2f3-3108065c0064,00-0039391,Kimani Vidal,2026,2027,RB,LAC,confirmed,3.193529411764706,,,,0,0,target_incomplete,0.0,2.0,1,7.0,200.95728,0.8092728118063606,0.9164442688798261,0.6357540079168625,2.377725450639609,1.8808452641397058,0.5942195570070535,1.6402325324670028,1.9662677490821059,3.193529411764706,3.78774896877176,5.571254862404315,4.833761944231709,5.074374675904412,5.1597971608468125,1.9662677490821059,5.1597971608468125,0.8092728118063606,-5.775864899111019,-4.643358820238846,-2.737069962073368,1.761662089777431,5.120078841022579,6.865731939366032,position_history,561,veteran_with_history,v2_next_year_beta_20260828T213408Z_741eb3cf,milestone_3_20260828T210736Z_903d8f44,v2_next_year_expert_residual_v1,beta,6a9a803feee65cd1bd54f3b013594fb56a3c5c3eb6f65caf5c7e61ffee7bb0e6,shadow
bb1e45d3-127d-523e-99e9-69da9dcdad63,00-0041398,Riley Nowakowski,2026,2027,TE,PIT,confirmed,0.8237941176470589,,,,0,0,target_incomplete,1.0,0.0,0,4.0,444.0,0.6968166241572303,0.7640021566851363,0.6038558673610269,2.4949431142649923,2.0245213890152125,2.0843437891501377,2.192697981382118,2.2373874948874413,0.8237941176470589,2.9081379067971964,3.318737231912051,3.0164920990291773,2.8483155066622716,3.0611816125345,2.2373874948874413,3.0611816125345,0.6968166241572303,-4.352633110913855,-3.4831286225578566,-2.493896993771685,0.469156909097479,2.047935247444171,3.443435937814943,position_history,121,rookie,v2_next_year_beta_20260828T213408Z_741eb3cf,milestone_3_20260828T210736Z_903d8f44,v2_next_year_expert_residual_v1,beta,6a9a803feee65cd1bd54f3b013594fb56a3c5c3eb6f65caf5c7e61ffee7bb0e6,shadow
bb4a37b3-8afb-5612-b11b-7665cf567491,00-0035529,Hakeem Butler,2026,2027,WR,,confirmed,,,,,0,0,target_incomplete,0.0,7.0,1,,230.0,0.27992754354494365,0.26147290004047413,0.5494986889348197,,,,,,,,,,,,,,0.27992754354494365,-5.174675104176586,-4.132551138216551,-2.349516433734719,1.7104468853139558,3.790706964546365,5.521261715174053,position_history,879,veteran_with_history,v2_next_year_beta_20260828T213408Z_741eb3cf,milestone_3_20260828T210736Z_903d8f44,v2_next_year_expert_residual_v1,beta,6a9a803feee65cd1bd54f3b013594fb56a3c5c3eb6f65caf5c7e61ffee7bb0e6,shadow
bbf4d347-6bc2-5d09-a38d-3721a30bb430,00-0034419,Braxton Berrios,2026,2027,WR,NYG,confirmed,0.0,,,,0,0,target_incomplete,0.0,8.0,1,2.0,403.5,0.11436733877840101,0.17697539778112004,0.5494986889348197,1.6266722801779696,2.1405929649685045,-0.3337587311176249,2.310168607991423,2.0258112843792992,0.0,0.0,1.6266722801779696,2.310168607991423,2.1405929649685045,2.0258112843792992,2.0258112843792992,2.0258112843792992,0.11436733877840101,-5.174675104176586,-4.132551138216551,-2.349516433734719,1.7104468853139558,3.790706964546365,5.521261715174053,position_history,879,veteran_with_history,v2_next_year_beta_20260828T213408Z_741eb3cf,milestone_3_20260828T210736Z_903d8f44,v2_next_year_expert_residual_v1,beta,6a9a803feee65cd1bd54f3b013594fb56a3c5c3eb6f65caf5c7e61ffee7bb0e6,shadow
bc125544-e1f4-5786-8d31-4ea82a452a7b,00-0033307,Kendrick Bourne,2026,2027,WR,ARI,confirmed,3.3058823529411767,,,,0,0,target_incomplete,0.0,9.0,1,7.0,323.2125,0.5374636957262028,0.5791381232987686,0.5494986889348197,-0.4008466384101319,1.0745745204471848,-0.3337587311176249,1.1209085312885276,0.5982121377751936,3.3058823529411767,2.9721236218235516,2.905035714531045,4.426790884229704,4.380456873388361,3.9040944907163704,0.5982121377751936,3.9040944907163704,0.5374636957262028,-5.174675104176586,-4.132551138216551,-2.349516433734719,1.7104468853139558,3.790706964546365,5.521261715174053,position_history,879,veteran_with_history,v2_next_year_beta_20260828T213408Z_741eb3cf,milestone_3_20260828T210736Z_903d8f44,v2_next_year_expert_residual_v1,beta,6a9a803feee65cd1bd54f3b013594fb56a3c5c3eb6f65caf5c7e61ffee7bb0e6,shadow
bc2788cb-fb66-5316-9f71-c219e1e169c2,00-0038542,Bijan Robinson,2026,2027,RB,ATL,confirmed,18.752941176470586,,,,0,0,target_incomplete,0.0,3.0,1,7.0,2.0,0.9717748248203264,0.999015534315125,0.6357540079168625,-2.618663133980674,-1.2755016955980012,0.5942195570070535,-1.6613896630498637,-1.851851497542846,18.752941176470586,19.34716073347764,16.13427804248991,17.091551513420722,17.477439480872583,16.90108967892774,-1.851851497542846,16.90108967892774,0.9717748248203264,-5.775864899111019,-4.643358820238846,-2.737069962073368,1.761662089777431,5.120078841022579,6.865731939366032,position_history,561,veteran_with_history,v2_next_year_beta_20260828T213408Z_741eb3cf,milestone_3_20260828T210736Z_903d8f44,v2_next_year_expert_residual_v1,beta,6a9a803feee65cd1bd54f3b013594fb56a3c5c3eb6f65caf5c7e61ffee7bb0e6,shadow
bcdca427-ca54-552b-8c30-e321d850e9b7,00-0039355,Luke McCaffrey,2026,2027,WR,WAS,confirmed,2.0421617647058827,,,,0,0,target_incomplete,0.0,2.0,1,6.0,304.235,0.6654141836670696,0.8265047713870523,0.561304531171307,2.007672213736633,1.7024061608743304,1.1528823356726514,1.9517222549220743,1.8872668765110125,2.0421617647058827,3.195044100378534,4.049833978442516,3.993884019627957,3.7445679255802133,3.9294286412168953,1.8872668765110125,3.9294286412168953,0.6654141836670696,-5.174675104176586,-4.132551138216551,-2.349516433734719,1.7104468853139558,3.790706964546365,5.521261715174053,position_history,879,veteran_with_history,v2_next_year_beta_20260828T213408Z_741eb3cf,milestone_3_20260828T210736Z_903d8f44,v2_next_year_expert_residual_v1,beta,6a9a803feee65cd1bd54f3b013594fb56a3c5c3eb6f65caf5c7e61ffee7bb0e6,shadow
bce2d34d-ab67-50d6-b69c-958571fdfd63,00-0041048,Ted Hurst III,2026,2027,WR,TB,confirmed,3.4072994170641224,,,,0,0,target_incomplete,1.0,0.0,0,6.0,233.91108,0.8798383644361403,0.8940476564944371,0.5968118837409765,2.78532302378685,2.5686769179678444,2.727429987360483,2.6179833859145454,2.6573277758897462,3.4072994170641224,6.134729404424606,6.192622440850972,6.025282802978667,5.975976335031967,6.064627192953869,2.6573277758897462,6.064627192953869,0.8798383644361403,-5.241847632097132,-4.420861613449043,-2.79275194455823,1.666671205196188,3.4416152985046184,5.164736756719793,position_history,250,rookie,v2_next_year_beta_20260828T213408Z_741eb3cf,milestone_3_20260828T210736Z_903d8f44,v2_next_year_expert_residual_v1,beta,6a9a803feee65cd1bd54f3b013594fb56a3c5c3eb6f65caf5c7e61ffee7bb0e6,shadow
bcf48bd7-748b-5d6d-b5a0-68c2966dbc36,00-0033555,Mack Hollins,2026,2027,WR,NE,confirmed,3.070588235294118,,,,0,0,target_incomplete,0.0,9.0,1,7.0,333.195,0.5073591662648665,0.7583097811181533,0.5494986889348197,-0.6094727925260908,1.175847739697143,-0.3337587311176249,1.4690002128833304,0.6784583866847941,3.070588235294118,2.7368295041764927,2.461115442768027,4.539588448177448,4.246435974991261,3.749046621978912,0.6784583866847941,3.749046621978912,0.5073591662648665,-5.174675104176586,-4.132551138216551,-2.349516433734719,1.7104468853139558,3.790706964546365,5.521261715174053,position_history,879,veteran_with_history,v2_next_year_beta_20260828T213408Z_741eb3cf,milestone_3_20260828T210736Z_903d8f44,v2_next_year_expert_residual_v1,beta,6a9a803feee65cd1bd54f3b013594fb56a3c5c3eb6f65caf5c7e61ffee7bb0e6,shadow
bd12dd60-2446-5e63-b279-7d99c3ec768d,00-0036423,Albert Okwuegbunam,2026,2027,TE,LVR,confirmed,0.3352941176470589,,,,0,0,target_incomplete,0.0,6.0,1,1.0,322.97,0.458294409355312,0.611547253561659,0.5754647011414279,3.0556012168769833,2.893261236179425,0.6249159376606653,2.7333307787754304,2.894064410610613,0.3352941176470589,0.9602100553077242,3.3908953345240422,3.0686248964224894,3.228555353826484,3.229358528257672,2.894064410610613,3.229358528257672,0.458294409355312,-3.2358565481832877,-2.66710551537136,-1.8857939720040764,1.062470480921867,3.115963575900585,4.606394156586925,position_history,517,veteran_with_history,v2_next_year_beta_20260828T213408Z_741eb3cf,milestone_3_20260828T210736Z_903d8f44,v2_next_year_expert_residual_v1,beta,6a9a803feee65cd1bd54f3b013594fb56a3c5c3eb6f65caf5c7e61ffee7bb0e6,shadow
bde53080-8196-5edb-9337-4641045d8c3c,00-0036849,Tutu Atwell,2026,2027,WR,MIA,confirmed,2.3673705882352944,,,,0,0,target_incomplete,0.0,5.0,1,6.0,346.6525,0.6118996073420708,0.7473052337796262,0.5809258307011029,0.593619649771265,1.4320966887579778,0.36463526135546426,1.378193069720231,1.1346364694164912,2.3673705882352944,2.7320058495907587,2.9609902380065596,3.7455636579555254,3.7994672769932722,3.5020070576517854,1.1346364694164912,3.5020070576517854,0.6118996073420708,-5.174675104176586,-4.132551138216551,-2.349516433734719,1.7104468853139558,3.790706964546365,5.521261715174053,position_history,879,veteran_with_history,v2_next_year_beta_20260828T213408Z_741eb3cf,milestone_3_20260828T210736Z_903d8f44,v2_next_year_expert_residual_v1,beta,6a9a803feee65cd1bd54f3b013594fb56a3c5c3eb6f65caf5c7e61ffee7bb0e6,shadow
be3fbf27-4e03-5e54-af4d-1062532086d2,00-0036223,Jonathan Taylor,2026,2027,RB,IND,confirmed,17.91176470588235,,,,0,0,target_incomplete,0.0,6.0,1,7.0,7.785347,0.9725685282820018,0.9967501140353797,0.5951913648732261,-3.131010387149988,-2.250227303627877,-0.13301155778163867,-2.5337568148291916,-2.6383315018690188,17.91176470588235,17.778753148100712,14.780754318732363,15.37800789105316,15.661537402254474,15.273433204013333,-2.6383315018690188,15.273433204013333,0.9725685282820018,-5.775864899111019,-4.643358820238846,-2.737069962073368,1.761662089777431,5.120078841022579,6.865731939366032,position_history,561,veteran_with_history,v2_next_year_beta_20260828T213408Z_741eb3cf,milestone_3_20260828T210736Z_903d8f44,v2_next_year_expert_residual_v1,beta,6a9a803feee65cd1bd54f3b013594fb56a3c5c3eb6f65caf5c7e61ffee7bb0e6,shadow
be928b00-888e-5aba-bef4-aab8a1204ee9,00-0039890,Adonai Mitchell,2026,2027,WR,NYJ,confirmed,5.949434704243816,,,,0,0,target_incomplete,0.0,2.0,1,7.0,189.4275,0.8877894788715156,0.9399165957923792,0.561304531171307,0.2575292502488242,0.6977505777720221,1.1528823356726514,0.4208289306703149,0.45870291956372045,5.949434704243816,7.102317039916468,6.2069639544926405,6.3702636349141315,6.647185282015839,6.408137623807537,0.45870291956372045,6.408137623807537,0.8877894788715156,-5.174675104176586,-4.132551138216551,-2.349516433734719,1.7104468853139558,3.790706964546365,5.521261715174053,position_history,879,veteran_with_history,v2_next_year_beta_20260828T213408Z_741eb3cf,milestone_3_20260828T210736Z_903d8f44,v2_next_year_expert_residual_v1,beta,6a9a803feee65cd1bd54f3b013594fb56a3c5c3eb6f65caf5c7e61ffee7bb0e6,shadow
beb14663-23e4-58d0-9a94-53892d6a2884,00-0040234,Quinn Ewers,2026,2027,QB,MIA,confirmed,0.28747058823529403,,,,0,0,target_incomplete,0.0,1.0,1,7.0,333.37,0.42811399818021295,0.8118824432799969,0.41318674656565685,7.704042358302059,10.744174579392688,2.7276617028016705,11.990055747758408,10.146090895151051,0.28747058823529403,3.0151322910369647,7.991512946537354,12.277526335993702,11.031645167627982,10.433561483386345,10.146090895151051,10.433561483386345,0.42811399818021295,-8.45552130817761,-6.586595987192735,-2.9812738228535967,2.974665977858852,6.51934127264136,8.784757686121404,position,274,second_year,v2_next_year_beta_20260828T213408Z_741eb3cf,milestone_3_20260828T210736Z_903d8f44,v2_next_year_expert_residual_v1,beta,6a9a803feee65cd1bd54f3b013594fb56a3c5c3eb6f65caf5c7e61ffee7bb0e6,shadow
beb784d7-8af2-5381-873e-2287a37d4f37,00-0031503,Jameis Winston,2026,2027,QB,NYG,confirmed,0.39805882352941174,,,,0,0,target_incomplete,0.0,11.0,1,7.0,296.945,0.5391350441426314,0.6816807371989049,0.5462074876103052,7.497379829254626,12.242754257593909,2.230624494796814,15.09411572932636,11.611416605391632,0.39805882352941174,2.6286833183262255,7.895438652784038,15.492174552855772,12.640813081123321,12.009475428921045,11.611416605391632,12.009475428921045,0.5391350441426314,-8.06412819759558,-5.734041511578347,-2.864465114852388,2.783835279116431,6.020518964099286,6.909064297162426,position_history,209,veteran_with_history,v2_next_year_beta_20260828T213408Z_741eb3cf,milestone_3_20260828T210736Z_903d8f44,v2_next_year_expert_residual_v1,beta,6a9a803feee65cd1bd54f3b013594fb56a3c5c3eb6f65caf5c7e61ffee7bb0e6,shadow
becba3ab-03de-503b-ab94-db1241230af8,00-0040870,Ja'Kobi Lane,2026,2027,WR,BAL,confirmed,5.116613632639685,,,,0,0,target_incomplete,1.0,0.0,0,7.0,168.7,0.9056723875964077,0.9406330828658329,0.5968118837409765,2.3759349939143446,2.828411833134785,2.727429987360483,2.869297173741773,2.691214666930301,5.116613632639685,7.844043620000168,7.492548626554029,7.985910806381458,7.94502546577447,7.8078282995699855,2.691214666930301,7.8078282995699855,0.9056723875964077,-5.241847632097132,-4.420861613449043,-2.79275194455823,1.666671205196188,3.4416152985046184,5.164736756719793,position_history,250,rookie,v2_next_year_beta_20260828T213408Z_741eb3cf,milestone_3_20260828T210736Z_903d8f44,v2_next_year_expert_residual_v1,beta,6a9a803feee65cd1bd54f3b013594fb56a3c5c3eb6f65caf5c7e61ffee7bb0e6,shadow
bf1ebdf8-1cd3-5924-8593-4dd46f984b81,00-0038752,Jake Bobo,2026,2027,WR,SEA,confirmed,0.33758823529411774,,,,0,0,target_incomplete,0.0,3.0,1,2.0,325.565,0.5198651746621675,0.4070614498920949,0.561304531171307,2.4913747637053136,2.2845282132715683,1.1528823356726514,2.383638122848319,2.3865136999417333,0.33758823529411774,1.4904705709667692,2.8289629989994314,2.7212263581424367,2.622116448565686,2.724101935235851,2.3865136999417333,2.724101935235851,0.5198651746621675,-5.174675104176586,-4.132551138216551,-2.349516433734719,1.7104468853139558,3.790706964546365,5.521261715174053,position_history,879,veteran_with_history,v2_next_year_beta_20260828T213408Z_741eb3cf,milestone_3_20260828T210736Z_903d8f44,v2_next_year_expert_residual_v1,beta,6a9a803feee65cd1bd54f3b013594fb56a3c5c3eb6f65caf5c7e61ffee7bb0e6,shadow
bf9a1eb0-a5c2-541b-b440-dd77c833a1e1,00-0039067,Rashee Rice,2026,2027,WR,KC,confirmed,11.488235294117645,,,,0,0,target_incomplete,0.0,3.0,1,7.0,27.647080000000003,0.9529560298351238,0.9846594449551845,0.561304531171307,-0.874801724454171,-0.5337472783805827,1.1528823356726514,-0.8293961470603557,-0.7459817166317032,11.488235294117645,12.641117629790298,10.613433569663474,10.65883914705729,10.954488015737063,10.742253577485942,-0.7459817166317032,10.742253577485942,0.9529560298351238,-5.174675104176586,-4.132551138216551,-2.349516433734719,1.7104468853139558,3.790706964546365,5.521261715174053,position_history,879,veteran_with_history,v2_next_year_beta_20260828T213408Z_741eb3cf,milestone_3_20260828T210736Z_903d8f44,v2_next_year_expert_residual_v1,beta,6a9a803feee65cd1bd54f3b013594fb56a3c5c3eb6f65caf5c7e61ffee7bb0e6,shadow
bfd0744c-5599-5c9a-a252-b1e6b4485153,00-0033885,David Njoku,2026,2027,TE,LAC,confirmed,4.729411764705882,,,,0,0,target_incomplete,0.0,9.0,1,7.0,210.51139,0.7037123293055307,0.8238973951954573,0.5338622493006663,0.6273795262914408,0.12483917144179986,-0.08955813866931404,0.1958839728670312,0.316034223533424,4.729411764705882,4.639853626036569,5.356791290997323,4.925295737572913,4.854250936147682,5.045445988239306,0.316034223533424,5.045445988239306,0.7037123293055307,-3.2358565481832877,-2.66710551537136,-1.8857939720040764,1.062470480921867,3.115963575900585,4.606394156586925,position_history,517,veteran_with_history,v2_next_year_beta_20260828T213408Z_741eb3cf,milestone_3_20260828T210736Z_903d8f44,v2_next_year_expert_residual_v1,beta,6a9a803feee65cd1bd54f3b013594fb56a3c5c3eb6f65caf5c7e61ffee7bb0e6,shadow
c001d58a-1cd3-52c1-84c8-e2ba9beeb5a0,00-0035891,Cody White,2026,2027,WR,SEA,confirmed,0.6920000000000001,,,,0,0,target_incomplete,0.0,6.0,1,1.0,476.0,0.5235928462290357,0.34879100151259657,0.5809258307011029,1.7172300436835195,2.224668125483987,0.36463526135546426,2.384456567047554,2.108784912071687,0.6920000000000001,1.0566352613554644,2.4092300436835195,3.076456567047554,2.9166681254839872,2.8007849120716872,2.108784912071687,2.8007849120716872,0.5235928462290357,-5.174675104176586,-4.132551138216551,-2.349516433734719,1.7104468853139558,3.790706964546365,5.521261715174053,position_history,879,veteran_with_history,v2_next_year_beta_20260828T213408Z_741eb3cf,milestone_3_20260828T210736Z_903d8f44,v2_next_year_expert_residual_v1,beta,6a9a803feee65cd1bd54f3b013594fb56a3c5c3eb6f65caf5c7e61ffee7bb0e6,shadow
c0e36bab-0b9c-5ccc-952d-f89537c00441,00-0041052,Kaelon Black,2026,2027,RB,SF,confirmed,3.3907012944453574,,,,0,0,target_incomplete,1.0,0.0,0,7.0,190.6,0.8091538724493136,0.9075378179145104,0.6553958879420866,2.6150019408812737,2.012822644180477,2.8830872316241134,2.1149615138137725,2.247595366291841,3.3907012944453574,6.27378852606947,6.0057032353266315,5.50566280825913,5.403523938625835,5.638296660737199,2.247595366291841,5.638296660737199,0.8091538724493136,-5.275047966924827,-4.3298006659425265,-2.5364531139387987,2.612371761579932,6.381973266338156,8.832194594599148,position_history,178,rookie,v2_next_year_beta_20260828T213408Z_741eb3cf,milestone_3_20260828T210736Z_903d8f44,v2_next_year_expert_residual_v1,beta,6a9a803feee65cd1bd54f3b013594fb56a3c5c3eb6f65caf5c7e61ffee7bb0e6,shadow
c0ea45eb-8a3c-5a29-80b4-d9017c71749e,00-0035500,Greg Dortch,2026,2027,WR,DET,confirmed,1.4317058823529414,,,,0,0,target_incomplete,0.0,7.0,1,7.0,324.45,0.6035346742225113,0.7019527095869545,0.5494986889348197,1.6840268521341561,1.922434784030313,-0.3337587311176249,2.066865825084232,1.8911091537495672,1.4317058823529414,1.0979471512353165,3.1157327344870973,3.4985717074371734,3.3541406663832545,3.322815036102509,1.8911091537495672,3.322815036102509,0.6035346742225113,-5.174675104176586,-4.132551138216551,-2.349516433734719,1.7104468853139558,3.790706964546365,5.521261715174053,position_history,879,veteran_with_history,v2_next_year_beta_20260828T213408Z_741eb3cf,milestone_3_20260828T210736Z_903d8f44,v2_next_year_expert_residual_v1,beta,6a9a803feee65cd1bd54f3b013594fb56a3c5c3eb6f65caf5c7e61ffee7bb0e6,shadow
c1086e38-7579-5440-843c-5fca247378ae,00-0034837,Calvin Ridley,2026,2027,WR,TEN,confirmed,5.723529411764707,,,,0,0,target_incomplete,0.0,8.0,1,7.0,207.85113,0.5113363824060182,0.8393640727996899,0.5494986889348197,0.07375179946745081,0.08947208223533118,-0.3337587311176249,-0.3258743931249265,-0.05421683714071484,5.723529411764707,5.389770680647082,5.797281211232158,5.397655018639781,5.813001494000038,5.669312574623992,-0.05421683714071484,5.669312574623992,0.5113363824060182,-5.174675104176586,-4.132551138216551,-2.349516433734719,1.7104468853139558,3.790706964546365,5.521261715174053,position_history,879,veteran_with_history,v2_next_year_beta_20260828T213408Z_741eb3cf,milestone_3_20260828T210736Z_903d8f44,v2_next_year_expert_residual_v1,beta,6a9a803feee65cd1bd54f3b013594fb56a3c5c3eb6f65caf5c7e61ffee7bb0e6,shadow
c16a5e67-fff0-57b9-838c-c8df91df7b9d,00-0040124,Tetairoa McMillan,2026,2027,WR,CAR,confirmed,11.123529411764707,,,,0,0,target_incomplete,0.0,1.0,1,7.0,41.7,0.9727129067126513,0.9938802212835773,0.561305717008435,-0.4337172114748511,-0.4644068551019035,1.6282505450092744,-0.46993974790351023,-0.4560212714934216,11.123529411764707,12.751779956773982,10.689812200289856,10.653589663861197,10.659122556662803,10.667508140271286,-0.4560212714934216,10.667508140271286,0.9727129067126513,-5.290117666656729,-4.500130273045835,-2.703400287276647,1.85750718837489,4.640355612959511,5.846307043900342,position_history,246,second_year,v2_next_year_beta_20260828T213408Z_741eb3cf,milestone_3_20260828T210736Z_903d8f44,v2_next_year_expert_residual_v1,beta,6a9a803feee65cd1bd54f3b013594fb56a3c5c3eb6f65caf5c7e61ffee7bb0e6,shadow
c21d6ed2-17e6-5557-b8fb-68339dbd0650,00-0038558,Darnell Washington,2026,2027,TE,PIT,confirmed,3.464450270358844,,,,0,0,target_incomplete,0.0,3.0,1,7.0,279.2425,0.9017509432487649,0.9369809622088168,0.5866373331518034,0.6211368521626992,1.1010023052260112,0.9813959523087957,0.950019642427203,0.8907195999386378,3.464450270358844,4.445846222667639,4.085587122521543,4.414469912786047,4.565452575584855,4.355169870297482,0.8907195999386378,4.355169870297482,0.9017509432487649,-3.2358565481832877,-2.66710551537136,-1.8857939720040764,1.062470480921867,3.115963575900585,4.606394156586925,position_history,517,veteran_with_history,v2_next_year_beta_20260828T213408Z_741eb3cf,milestone_3_20260828T210736Z_903d8f44,v2_next_year_expert_residual_v1,beta,6a9a803feee65cd1bd54f3b013594fb56a3c5c3eb6f65caf5c7e61ffee7bb0e6,shadow
c24ecdca-4795-5e3e-bbeb-16c299707961,00-0035261,Tony Pollard,2026,2027,RB,TEN,confirmed,10.234614124201196,,,,0,0,target_incomplete,0.0,7.0,1,7.0,80.1,0.9102340664649383,0.9562481729366824,0.5443934450622839,-1.4857050061211217,-1.7598026726161582,-0.681281550565376,-2.2729127469769446,-1.8394734752380748,10.234614124201196,9.553332573635819,8.748909118080075,7.9617013772242515,8.474811451585037,8.395140648963121,-1.8394734752380748,8.395140648963121,0.9102340664649383,-5.775864899111019,-4.643358820238846,-2.737069962073368,1.761662089777431,5.120078841022579,6.865731939366032,position_history,561,veteran_with_history,v2_next_year_beta_20260828T213408Z_741eb3cf,milestone_3_20260828T210736Z_903d8f44,v2_next_year_expert_residual_v1,beta,6a9a803feee65cd1bd54f3b013594fb56a3c5c3eb6f65caf5c7e61ffee7bb0e6,shadow
c260102b-090c-5a7a-9adb-735d75ccb48f,00-0036727,Adam Prentice,2026,2027,RB,DEN,confirmed,0.5223529411764707,,,,0,0,target_incomplete,0.0,5.0,1,3.0,430.0,0.5280594559593177,0.5814799520681604,0.5951913648732261,0.707531514650622,2.0366212554611187,-0.13301155778163867,2.228949761052522,1.657700843721421,0.5223529411764707,0.38934138339483204,1.2298844558270927,2.7513027022289926,2.5589741966375894,2.1800537848978916,1.657700843721421,2.1800537848978916,0.5280594559593177,-5.775864899111019,-4.643358820238846,-2.737069962073368,1.761662089777431,5.120078841022579,6.865731939366032,position_history,561,veteran_with_history,v2_next_year_beta_20260828T213408Z_741eb3cf,milestone_3_20260828T210736Z_903d8f44,v2_next_year_expert_residual_v1,beta,6a9a803feee65cd1bd54f3b013594fb56a3c5c3eb6f65caf5c7e61ffee7bb0e6,shadow
c27144f9-c945-55c7-9034-cd9ddf95203f,00-0032764,Derrick Henry,2026,2027,RB,BAL,confirmed,14.694117647058823,,,,0,0,target_incomplete,0.0,10.0,1,7.0,18.7086535,0.931206645531989,0.9796495324230734,0.4764771129433249,-2.8179851224774066,-1.3573024282168036,-0.003976381530407134,-2.4435845452316216,-2.206290698641944,14.694117647058823,14.690141265528416,11.876132524581417,12.250533101827202,13.33681521884202,12.48782694841688,-2.206290698641944,12.48782694841688,0.931206645531989,-5.775864899111019,-4.643358820238846,-2.737069962073368,1.761662089777431,5.120078841022579,6.865731939366032,position_history,561,veteran_with_history,v2_next_year_beta_20260828T213408Z_741eb3cf,milestone_3_20260828T210736Z_903d8f44,v2_next_year_expert_residual_v1,beta,6a9a803feee65cd1bd54f3b013594fb56a3c5c3eb6f65caf5c7e61ffee7bb0e6,shadow
c2d2f104-196b-5707-877c-50929e6fc8ee,00-0039032,Tyjae Spears,2026,2027,RB,TEN,confirmed,6.694117647058825,,,,0,0,target_incomplete,0.0,3.0,1,7.0,150.84955000000002,0.9092471619808332,0.9553636040047039,0.6357540079168625,0.28177652371110185,-0.3907191238570885,0.5942195570070535,-0.49165602378327355,-0.2001995413097534,6.694117647058825,7.288337204065878,6.9758941707699265,6.202461623275551,6.303398523201736,6.493918105749072,-0.2001995413097534,6.493918105749072,0.9092471619808332,-5.775864899111019,-4.643358820238846,-2.737069962073368,1.761662089777431,5.120078841022579,6.865731939366032,position_history,561,veteran_with_history,v2_next_year_beta_20260828T213408Z_741eb3cf,milestone_3_20260828T210736Z_903d8f44,v2_next_year_expert_residual_v1,beta,6a9a803feee65cd1bd54f3b013594fb56a3c5c3eb6f65caf5c7e61ffee7bb0e6,shadow
c2dfcf63-23f5-53fd-80ac-dd9b5c021aca,00-0033295,Elijah McGuire,2026,2027,RB,,confirmed,,,,,0,0,target_incomplete,0.0,9.0,1,,315.0,0.3096489385495185,0.17136620630386032,0.5443934450622839,,,,,,,,,,,,,,0.3096489385495185,-5.775864899111019,-4.643358820238846,-2.737069962073368,1.761662089777431,5.120078841022579,6.865731939366032,position_history,561,veteran_with_history,v2_next_year_beta_20260828T213408Z_741eb3cf,milestone_3_20260828T210736Z_903d8f44,v2_next_year_expert_residual_v1,beta,6a9a803feee65cd1bd54f3b013594fb56a3c5c3eb6f65caf5c7e61ffee7bb0e6,shadow
c3176b58-04cb-5082-bd9b-4fe5dc7ae6dc,00-0034386,Justin Watson,2026,2027,WR,HOU,confirmed,0.6192273263820578,,,,0,0,target_incomplete,0.0,8.0,1,5.0,362.0,0.35349956767882945,0.532219394710872,0.5494986889348197,1.307327249208465,2.1405929649685045,-0.3337587311176249,2.2176875055630574,1.8885359065800091,0.6192273263820578,0.2854685952644329,1.926554575590523,2.836914831945115,2.7598202913505623,2.507763232962067,1.8885359065800091,2.507763232962067,0.35349956767882945,-5.174675104176586,-4.132551138216551,-2.349516433734719,1.7104468853139558,3.790706964546365,5.521261715174053,position_history,879,veteran_with_history,v2_next_year_beta_20260828T213408Z_741eb3cf,milestone_3_20260828T210736Z_903d8f44,v2_next_year_expert_residual_v1,beta,6a9a803feee65cd1bd54f3b013594fb56a3c5c3eb6f65caf5c7e61ffee7bb0e6,shadow
c3254b64-83c1-515c-a106-e1fe1f2a000a,00-0037834,Brock Purdy,2026,2027,QB,SF,confirmed,16.49782352941176,,,,0,0,target_incomplete,0.0,4.0,1,7.0,105.65061800000001,0.8015479040370594,0.9846724287476147,0.48962908340472044,1.529415266071931,-0.16814895314506778,3.309060099871514,-0.2348501746120684,0.3754720461049316,16.49782352941176,19.806883629283274,18.02723879548369,16.262973354799694,16.329674576266694,16.873295575516693,0.3754720461049316,16.873295575516693,0.8015479040370594,-8.06412819759558,-5.734041511578347,-2.864465114852388,2.783835279116431,6.020518964099286,6.909064297162426,position_history,209,veteran_with_history,v2_next_year_beta_20260828T213408Z_741eb3cf,milestone_3_20260828T210736Z_903d8f44,v2_next_year_expert_residual_v1,beta,6a9a803feee65cd1bd54f3b013594fb56a3c5c3eb6f65caf5c7e61ffee7bb0e6,shadow
c346e7f8-fe06-57e2-a5a1-925e5c9e43ee,00-0031280,Derek Carr,2026,2027,QB,NO,confirmed,,,,,0,0,target_incomplete,0.0,12.0,1,,354.495,0.21219868297289857,0.07173767283363289,0.5462074876103052,,,,,,,,,,,,,,0.21219868297289857,-8.06412819759558,-5.734041511578347,-2.864465114852388,2.783835279116431,6.020518964099286,6.909064297162426,position_history,209,veteran_with_history,v2_next_year_beta_20260828T213408Z_741eb3cf,milestone_3_20260828T210736Z_903d8f44,v2_next_year_expert_residual_v1,beta,6a9a803feee65cd1bd54f3b013594fb56a3c5c3eb6f65caf5c7e61ffee7bb0e6,shadow
c3846c56-1c54-55a3-a8f6-660ad18946a0,00-0039875,Ray Davis,2026,2027,RB,BUF,confirmed,3.4334391746227255,,,,0,0,target_incomplete,0.0,2.0,1,7.0,197.115925,0.8258667125196062,0.9104261143020919,0.6357540079168625,1.726868833782436,1.5668809375800625,0.5942195570070535,1.4498192372574223,1.5811896695399736,3.4334391746227255,4.027658731629779,5.160308008405162,4.883258411880147,5.000320112202788,5.014628844162699,1.5811896695399736,5.014628844162699,0.8258667125196062,-5.775864899111019,-4.643358820238846,-2.737069962073368,1.761662089777431,5.120078841022579,6.865731939366032,position_history,561,veteran_with_history,v2_next_year_beta_20260828T213408Z_741eb3cf,milestone_3_20260828T210736Z_903d8f44,v2_next_year_expert_residual_v1,beta,6a9a803feee65cd1bd54f3b013594fb56a3c5c3eb6f65caf5c7e61ffee7bb0e6,shadow
c3939202-6e8a-5463-b80c-9afca0b39e90,00-0038685,Chris Brooks,2026,2027,RB,GB,confirmed,2.4147588235294117,,,,0,0,target_incomplete,0.0,3.0,1,7.0,289.0725,0.8099272519249685,0.8667442657939106,0.6357540079168625,1.0352299748437706,1.336077204739868,0.5942195570070535,1.5611887321216464,1.3108319705684284,2.4147588235294117,3.0089783805364654,3.449988798373182,3.975947555651058,3.75083602826928,3.7255907940978403,1.3108319705684284,3.7255907940978403,0.8099272519249685,-5.775864899111019,-4.643358820238846,-2.737069962073368,1.761662089777431,5.120078841022579,6.865731939366032,position_history,561,veteran_with_history,v2_next_year_beta_20260828T213408Z_741eb3cf,milestone_3_20260828T210736Z_903d8f44,v2_next_year_expert_residual_v1,beta,6a9a803feee65cd1bd54f3b013594fb56a3c5c3eb6f65caf5c7e61ffee7bb0e6,shadow
c3eff999-26d3-5854-b8e3-112d86fe8f3c,00-0038622,Deuce Vaughn,2026,2027,RB,,confirmed,1.3294117647058825,,,,0,0,target_incomplete,0.0,3.0,1,1.0,484.0,0.4224958645343965,0.3916841261805388,0.6357540079168625,0.7668256021827271,2.8285418153463127,0.5942195570070535,1.9930265417957804,1.8627979864416069,1.3294117647058825,1.9236313217129362,2.0962373668886096,3.322438306501663,4.157953580052196,3.192209751147489,1.8627979864416069,3.192209751147489,0.4224958645343965,-5.775864899111019,-4.643358820238846,-2.737069962073368,1.761662089777431,5.120078841022579,6.865731939366032,position_history,561,veteran_with_history,v2_next_year_beta_20260828T213408Z_741eb3cf,milestone_3_20260828T210736Z_903d8f44,v2_next_year_expert_residual_v1,beta,6a9a803feee65cd1bd54f3b013594fb56a3c5c3eb6f65caf5c7e61ffee7bb0e6,shadow
c448106a-5832-5239-86c5-dcb2a8c9032e,00-0036176,Mason Kinsey,2026,2027,WR,,confirmed,0.0,,,,0,0,target_incomplete,0.0,6.0,1,1.0,,0.14703673346954493,0.2460382523771913,0.5809258307011029,2.1392962036324015,1.671765368402481,0.36463526135546426,1.3883460514636097,1.7331358744994974,0.0,0.36463526135546426,2.1392962036324015,1.3883460514636097,1.671765368402481,1.7331358744994974,1.7331358744994974,1.7331358744994974,0.14703673346954493,-5.174675104176586,-4.132551138216551,-2.349516433734719,1.7104468853139558,3.790706964546365,5.521261715174053,position_history,879,veteran_with_history,v2_next_year_beta_20260828T213408Z_741eb3cf,milestone_3_20260828T210736Z_903d8f44,v2_next_year_expert_residual_v1,beta,6a9a803feee65cd1bd54f3b013594fb56a3c5c3eb6f65caf5c7e61ffee7bb0e6,shadow
c52fd5b1-43fe-54b2-8bc3-f59cff441066,00-0037248,James Cook,2026,2027,RB,BUF,confirmed,15.937058823529412,,,,0,0,target_incomplete,0.0,4.0,1,7.0,9.399999999999999,0.9681191537002269,0.9956541125557049,0.5951913648732261,-2.5175071115263092,-1.463802922817982,-0.13301155778163867,-1.9886805395332137,-1.9899968579591685,15.937058823529412,15.804047265747773,13.419551712003102,13.948378283996199,14.47325590071143,13.947061965570244,-1.9899968579591685,13.947061965570244,0.9681191537002269,-5.775864899111019,-4.643358820238846,-2.737069962073368,1.761662089777431,5.120078841022579,6.865731939366032,position_history,561,veteran_with_history,v2_next_year_beta_20260828T213408Z_741eb3cf,milestone_3_20260828T210736Z_903d8f44,v2_next_year_expert_residual_v1,beta,6a9a803feee65cd1bd54f3b013594fb56a3c5c3eb6f65caf5c7e61ffee7bb0e6,shadow
c5e3e9a4-cc91-5fc7-83f6-2367cbd3793b,00-0036261,Brandon Aiyuk,2026,2027,WR,SF,confirmed,1.2058823529411764,,,,0,0,target_incomplete,0.0,6.0,1,2.0,271.17,0.30013912886783806,0.34917647502865884,0.5809258307011029,4.067056924670024,4.411777106947028,0.36463526135546426,5.545037199406833,4.674623743674629,1.2058823529411764,1.5705176142966406,5.272939277611201,6.75091955234801,5.617659459888205,5.880506096615806,4.674623743674629,5.880506096615806,0.30013912886783806,-5.174675104176586,-4.132551138216551,-2.349516433734719,1.7104468853139558,3.790706964546365,5.521261715174053,position_history,879,veteran_with_history,v2_next_year_beta_20260828T213408Z_741eb3cf,milestone_3_20260828T210736Z_903d8f44,v2_next_year_expert_residual_v1,beta,6a9a803feee65cd1bd54f3b013594fb56a3c5c3eb6f65caf5c7e61ffee7bb0e6,shadow
c5e7dc6b-1533-5600-b241-82f27e3aef6b,00-0039737,Tip Reiman,2026,2027,TE,ARI,confirmed,1.0887882352941176,,,,0,0,target_incomplete,0.0,2.0,1,4.0,,0.7281375958383453,0.6841806768835658,0.5866373331518034,2.1721092214406568,1.9715072493992276,0.9813959523087957,1.960706962069965,2.0347744776366166,1.0887882352941176,2.0701841876029135,3.2608974567347744,3.0494951973640827,3.060295484693345,3.123562712930734,2.0347744776366166,3.123562712930734,0.7281375958383453,-3.2358565481832877,-2.66710551537136,-1.8857939720040764,1.062470480921867,3.115963575900585,4.606394156586925,position_history,517,veteran_with_history,v2_next_year_beta_20260828T213408Z_741eb3cf,milestone_3_20260828T210736Z_903d8f44,v2_next_year_expert_residual_v1,beta,6a9a803feee65cd1bd54f3b013594fb56a3c5c3eb6f65caf5c7e61ffee7bb0e6,shadow
c637c0a4-95fe-581e-b08e-bd946d6a60a3,,John Paddock,2026,2027,QB,,provisional,,,,,0,0,target_incomplete,,,0,,386.0,0.4047034901281793,2.6484781894147395e-05,0.4737322160117323,,,,,,,,,,,,,,0.4047034901281793,-8.45552130817761,-6.586595987192735,-2.9812738228535967,2.974665977858852,6.51934127264136,8.784757686121404,position,274,unknown_experience,v2_next_year_beta_20260828T213408Z_741eb3cf,milestone_3_20260828T210736Z_903d8f44,v2_next_year_expert_residual_v1,beta,6a9a803feee65cd1bd54f3b013594fb56a3c5c3eb6f65caf5c7e61ffee7bb0e6,shadow
c63fef1b-16bd-5275-a03e-94cee125aaae,00-0034855,Baker Mayfield,2026,2027,QB,TB,confirmed,14.645510588235295,,,,0,0,target_incomplete,0.0,8.0,1,7.0,123.067895,0.9294440566038344,0.9814286939168642,0.5472605688041711,1.328609370790626,-0.09830083594662974,3.0996677277257425,-0.619939867757813,0.20345622236206107,14.645510588235295,17.745178315961038,15.97411995902592,14.025570720477482,14.547209752288666,14.848966810597355,0.20345622236206107,14.848966810597355,0.9294440566038344,-8.06412819759558,-5.734041511578347,-2.864465114852388,2.783835279116431,6.020518964099286,6.909064297162426,position_history,209,veteran_with_history,v2_next_year_beta_20260828T213408Z_741eb3cf,milestone_3_20260828T210736Z_903d8f44,v2_next_year_expert_residual_v1,beta,6a9a803feee65cd1bd54f3b013594fb56a3c5c3eb6f65caf5c7e61ffee7bb0e6,shadow
c67b8c0d-554f-56c2-9d75-e8afe640cc7f,00-0037005,Tommy Tremble,2026,2027,TE,CAR,confirmed,2.525294117647059,,,,0,0,target_incomplete,0.0,5.0,1,7.0,327.3625,0.815879371736237,0.9039981265562038,0.5754647011414279,0.5025434129593818,1.0386878217204618,0.6249159376606653,0.9426818402554722,0.8279710249784387,2.525294117647059,3.150210055307724,3.0278375306064405,3.467975957902531,3.5639819393675207,3.3532651426254976,0.8279710249784387,3.3532651426254976,0.815879371736237,-3.2358565481832877,-2.66710551537136,-1.8857939720040764,1.062470480921867,3.115963575900585,4.606394156586925,position_history,517,veteran_with_history,v2_next_year_beta_20260828T213408Z_741eb3cf,milestone_3_20260828T210736Z_903d8f44,v2_next_year_expert_residual_v1,beta,6a9a803feee65cd1bd54f3b013594fb56a3c5c3eb6f65caf5c7e61ffee7bb0e6,shadow
c6c34bd1-90df-5391-9ca7-feee264df37d,00-0033553,James Conner,2026,2027,RB,ARI,confirmed,2.5311764705882354,,,,0,0,target_incomplete,0.0,9.0,1,7.0,226.96895,0.4363940203234207,0.6368186387946612,0.5443934450622839,2.9317681058971523,3.023217032737163,-0.681281550565376,3.3937025711424393,3.1162292365922517,2.5311764705882354,1.8498949200228594,5.462944576485388,5.924879041730675,5.554393503325398,5.6474057071804875,3.1162292365922517,5.6474057071804875,0.4363940203234207,-5.775864899111019,-4.643358820238846,-2.737069962073368,1.761662089777431,5.120078841022579,6.865731939366032,position_history,561,veteran_with_history,v2_next_year_beta_20260828T213408Z_741eb3cf,milestone_3_20260828T210736Z_903d8f44,v2_next_year_expert_residual_v1,beta,6a9a803feee65cd1bd54f3b013594fb56a3c5c3eb6f65caf5c7e61ffee7bb0e6,shadow
c6f2468f-cee8-50a7-8f6d-a391e883055a,00-0036265,AJ Dillon,2026,2027,RB,CAR,confirmed,1.6043113342898139,,,,0,0,target_incomplete,0.0,6.0,1,4.0,312.7525,0.5400830822783708,0.5593917760175915,0.5951913648732261,1.705981741118777,2.1255309222674237,-0.13301155778163867,1.7898007473007675,1.873771136895656,1.6043113342898139,1.4712997765081752,3.310293075408591,3.394112081590581,3.7298422565572373,3.47808247118547,1.873771136895656,3.47808247118547,0.5400830822783708,-5.775864899111019,-4.643358820238846,-2.737069962073368,1.761662089777431,5.120078841022579,6.865731939366032,position_history,561,veteran_with_history,v2_next_year_beta_20260828T213408Z_741eb3cf,milestone_3_20260828T210736Z_903d8f44,v2_next_year_expert_residual_v1,beta,6a9a803feee65cd1bd54f3b013594fb56a3c5c3eb6f65caf5c7e61ffee7bb0e6,shadow
c73d42e2-8dd5-52c0-a050-48bd77bd2a0e,00-0036555,Chuba Hubbard,2026,2027,RB,CAR,confirmed,9.376470588235295,,,,0,0,target_incomplete,0.0,5.0,1,7.0,96.9,0.8991355786681712,0.9637089944378782,0.5951913648732261,-0.9311295656659975,-1.5726538305520603,-0.13301155778163867,-1.8680030370934688,-1.4572621444371758,9.376470588235295,9.243459030453655,8.445341022569297,7.508467551141826,7.803816757683235,7.9192084437981185,-1.4572621444371758,7.9192084437981185,0.8991355786681712,-5.775864899111019,-4.643358820238846,-2.737069962073368,1.761662089777431,5.120078841022579,6.865731939366032,position_history,561,veteran_with_history,v2_next_year_beta_20260828T213408Z_741eb3cf,milestone_3_20260828T210736Z_903d8f44,v2_next_year_expert_residual_v1,beta,6a9a803feee65cd1bd54f3b013594fb56a3c5c3eb6f65caf5c7e61ffee7bb0e6,shadow
c7b359b9-58c6-569e-a338-59c41280cb3f,00-0040242,Jacory Croskey-Merritt,2026,2027,RB,WAS,confirmed,8.860310093396693,,,,0,0,target_incomplete,0.0,1.0,1,7.0,104.69999999999999,0.899249160889881,0.9789221878111528,0.6097613512933316,-0.4080283655507473,-1.0348150398304488,1.403342687822953,-1.4628003321309933,-0.9685479125040631,8.860310093396693,10.263652781219646,8.452281727845946,7.3975097612657,7.825495053566245,7.89176218089263,-0.9685479125040631,7.89176218089263,0.899249160889881,-5.48615073240633,-4.244920053205529,-2.730536823343935,2.745851062339551,6.172636499559855,7.5044937746885285,position_history,171,second_year,v2_next_year_beta_20260828T213408Z_741eb3cf,milestone_3_20260828T210736Z_903d8f44,v2_next_year_expert_residual_v1,beta,6a9a803feee65cd1bd54f3b013594fb56a3c5c3eb6f65caf5c7e61ffee7bb0e6,shadow
c7d6b991-01e0-5ca4-b20b-689206d992c5,00-0036973,Travis Etienne,2026,2027,RB,NO,confirmed,11.995882352941177,,,,0,0,target_incomplete,0.0,5.0,1,7.0,38.7525,0.9473419823996643,0.9816866660883309,0.5951913648732261,-1.3652881015719656,-1.5420035236048382,-0.13301155778163867,-2.0494116367674513,-1.652234420648085,11.995882352941177,11.862870795159537,10.63059425136921,9.946470716173724,10.453878829336338,10.343647932293091,-1.652234420648085,10.343647932293091,0.9473419823996643,-5.775864899111019,-4.643358820238846,-2.737069962073368,1.761662089777431,5.120078841022579,6.865731939366032,position_history,561,veteran_with_history,v2_next_year_beta_20260828T213408Z_741eb3cf,milestone_3_20260828T210736Z_903d8f44,v2_next_year_expert_residual_v1,beta,6a9a803feee65cd1bd54f3b013594fb56a3c5c3eb6f65caf5c7e61ffee7bb0e6,shadow
c92a01f9-a550-5b29-8237-8ad731f5c341,00-0039259,Dayton Wade,2026,2027,WR,BAL,confirmed,0.0,,,,0,0,target_incomplete,0.0,2.0,0,1.0,,0.1493976908644372,0.40966137515671985,0.561304531171307,2.8029910728803884,2.1743052469841992,1.1528823356726514,2.488683954733957,2.4886600915328483,0.0,1.1528823356726514,2.8029910728803884,2.488683954733957,2.1743052469841992,2.4886600915328483,2.4886600915328483,2.4886600915328483,0.1493976908644372,-5.247028493584627,-4.168147262586337,-2.4882348181433445,1.7215690384925635,4.092107755797534,5.673306043718701,position,1398,other_no_history,v2_next_year_beta_20260828T213408Z_741eb3cf,milestone_3_20260828T210736Z_903d8f44,v2_next_year_expert_residual_v1,beta,6a9a803feee65cd1bd54f3b013594fb56a3c5c3eb6f65caf5c7e61ffee7bb0e6,shadow
c9684bcb-19b7-55f7-8650-60fecdc8ab6a,00-0041037,Denzel Boston,2026,2027,WR,CLE,confirmed,6.263164427330822,,,,0,0,target_incomplete,1.0,0.0,0,7.0,154.07999999999998,0.9254638067273431,0.9551724713175646,0.5968118837409765,1.579906671294583,1.8991752556161,2.727429987360483,1.453360515472517,1.6441474807944,6.263164427330822,8.990594414691305,7.843071098625405,7.716524942803339,8.162339682946921,7.907311908125222,1.6441474807944,7.907311908125222,0.9254638067273431,-5.241847632097132,-4.420861613449043,-2.79275194455823,1.666671205196188,3.4416152985046184,5.164736756719793,position_history,250,rookie,v2_next_year_beta_20260828T213408Z_741eb3cf,milestone_3_20260828T210736Z_903d8f44,v2_next_year_expert_residual_v1,beta,6a9a803feee65cd1bd54f3b013594fb56a3c5c3eb6f65caf5c7e61ffee7bb0e6,shadow
ca42cfb0-4498-54c3-a50c-601ada26ce69,00-0036613,Jaylen Waddle,2026,2027,WR,DEN,confirmed,10.613378666229725,,,,0,0,target_incomplete,0.0,5.0,1,7.0,43.015,0.9477167687147323,0.9756968420290109,0.5809258307011029,-1.0594544564667219,-0.9207390299542926,0.36463526135546426,-1.0780809261063782,-1.0194248041757976,10.613378666229725,10.97801392758519,9.553924209763004,9.535297740123347,9.692639636275432,9.593953862053928,-1.0194248041757976,9.593953862053928,0.9477167687147323,-5.174675104176586,-4.132551138216551,-2.349516433734719,1.7104468853139558,3.790706964546365,5.521261715174053,position_history,879,veteran_with_history,v2_next_year_beta_20260828T213408Z_741eb3cf,milestone_3_20260828T210736Z_903d8f44,v2_next_year_expert_residual_v1,beta,6a9a803feee65cd1bd54f3b013594fb56a3c5c3eb6f65caf5c7e61ffee7bb0e6,shadow
cac30a97-fbab-5fa5-8062-9d7b8684d6b9,00-0036158,J.K. Dobbins,2026,2027,RB,DEN,confirmed,9.208411764705883,,,,0,0,target_incomplete,0.0,6.0,1,7.0,99.32749999999999,0.8724206454213489,0.9680468762316072,0.5951913648732261,-0.5084457893365382,-1.2336636249294193,-0.13301155778163867,-1.9548354596465007,-1.2323149579708195,9.208411764705883,9.075400206924243,8.699965975369345,7.253576305059382,7.974748139776463,7.976096806735063,-1.2323149579708195,7.976096806735063,0.8724206454213489,-5.775864899111019,-4.643358820238846,-2.737069962073368,1.761662089777431,5.120078841022579,6.865731939366032,position_history,561,veteran_with_history,v2_next_year_beta_20260828T213408Z_741eb3cf,milestone_3_20260828T210736Z_903d8f44,v2_next_year_expert_residual_v1,beta,6a9a803feee65cd1bd54f3b013594fb56a3c5c3eb6f65caf5c7e61ffee7bb0e6,shadow
cb834307-fef6-5376-a173-d8f82a195625,00-0038902,Shaquan Davis,2026,2027,WR,,confirmed,,,,,0,0,target_incomplete,0.0,3.0,0,,312.0,0.4109478035812557,0.326398206143002,0.561304531171307,,,,,,,,,,,,,,0.4109478035812557,-5.247028493584627,-4.168147262586337,-2.4882348181433445,1.7215690384925635,4.092107755797534,5.673306043718701,position,1398,other_no_history,v2_next_year_beta_20260828T213408Z_741eb3cf,milestone_3_20260828T210736Z_903d8f44,v2_next_year_expert_residual_v1,beta,6a9a803feee65cd1bd54f3b013594fb56a3c5c3eb6f65caf5c7e61ffee7bb0e6,shadow
cc1b1fa6-6a71-51d7-9964-9e97713d44f6,00-0033293,Aaron Jones,2026,2027,RB,MIN,confirmed,7.852941176470588,,,,0,0,target_incomplete,0.0,9.0,1,7.0,130.255,0.7524108915149533,0.8769521319044217,0.5443934450622839,-0.8715930122565827,-1.1580600431809418,-0.681281550565376,-1.5224102335182863,-1.1840210963186035,7.852941176470588,7.171659625905212,6.981348164214005,6.330530942952302,6.6948811332896465,6.668920080151985,-1.1840210963186035,6.668920080151985,0.7524108915149533,-5.775864899111019,-4.643358820238846,-2.737069962073368,1.761662089777431,5.120078841022579,6.865731939366032,position_history,561,veteran_with_history,v2_next_year_beta_20260828T213408Z_741eb3cf,milestone_3_20260828T210736Z_903d8f44,v2_next_year_expert_residual_v1,beta,6a9a803feee65cd1bd54f3b013594fb56a3c5c3eb6f65caf5c7e61ffee7bb0e6,shadow
cc2059a6-d96d-5bdf-9d9d-7d819ea9226b,00-0036425,DeeJay Dallas,2026,2027,RB,JAC,confirmed,0.27641176470588236,,,,0,0,target_incomplete,0.0,6.0,1,3.0,,0.2537907639608609,0.3045274095742844,0.5951913648732261,2.1642807266268496,2.1743052469841992,-0.13301155778163867,2.3304163072697883,2.2230007602936124,0.27641176470588236,0.14340020692424368,2.440692491332732,2.606828071975671,2.450717011690082,2.499412524999495,2.2230007602936124,2.499412524999495,0.2537907639608609,-5.775864899111019,-4.643358820238846,-2.737069962073368,1.761662089777431,5.120078841022579,6.865731939366032,position_history,561,veteran_with_history,v2_next_year_beta_20260828T213408Z_741eb3cf,milestone_3_20260828T210736Z_903d8f44,v2_next_year_expert_residual_v1,beta,6a9a803feee65cd1bd54f3b013594fb56a3c5c3eb6f65caf5c7e61ffee7bb0e6,shadow
cc24fb31-27fe-5d1f-8303-aab4b0b6a825,00-0038651,Chase Cota,2026,2027,WR,,confirmed,,,,,0,0,target_incomplete,0.0,3.0,0,,294.0,0.4050620525759537,0.32649896560281766,0.561304531171307,,,,,,,,,,,,,,0.4050620525759537,-5.247028493584627,-4.168147262586337,-2.4882348181433445,1.7215690384925635,4.092107755797534,5.673306043718701,position,1398,other_no_history,v2_next_year_beta_20260828T213408Z_741eb3cf,milestone_3_20260828T210736Z_903d8f44,v2_next_year_expert_residual_v1,beta,6a9a803feee65cd1bd54f3b013594fb56a3c5c3eb6f65caf5c7e61ffee7bb0e6,shadow
cc2a7e3b-a37e-5cd4-89a9-f97e3049860e,00-0038935,Brenton Strange,2026,2027,TE,JAC,confirmed,7.1,,,,0,0,target_incomplete,0.0,3.0,1,7.0,152.13032,0.9319236573312382,0.9703927142808996,0.5866373331518034,-0.8137225960688395,-0.4614732799369424,0.9813959523087957,-0.5700285713611668,-0.6150748157889829,7.1,8.081395952308796,6.286277403931161,6.529971428638833,6.638526720063057,6.484925184211017,-0.6150748157889829,6.484925184211017,0.9319236573312382,-3.2358565481832877,-2.66710551537136,-1.8857939720040764,1.062470480921867,3.115963575900585,4.606394156586925,position_history,517,veteran_with_history,v2_next_year_beta_20260828T213408Z_741eb3cf,milestone_3_20260828T210736Z_903d8f44,v2_next_year_expert_residual_v1,beta,6a9a803feee65cd1bd54f3b013594fb56a3c5c3eb6f65caf5c7e61ffee7bb0e6,shadow
cc91e5d6-69c8-5ff1-8f3d-656805722ab6,00-0039530,Brevyn Spann-Ford,2026,2027,TE,DAL,confirmed,1.1496823529411766,,,,0,0,target_incomplete,0.0,2.0,1,5.0,354.0,0.7505872443545334,0.7936044115853637,0.5866373331518034,1.4677480242233059,1.634146956310783,0.9813959523087957,1.6315456429827555,1.5778135411722813,1.1496823529411766,2.1310783052499724,2.6174303771644825,2.781227995923932,2.78382930925196,2.727495894113458,1.5778135411722813,2.727495894113458,0.7505872443545334,-3.2358565481832877,-2.66710551537136,-1.8857939720040764,1.062470480921867,3.115963575900585,4.606394156586925,position_history,517,veteran_with_history,v2_next_year_beta_20260828T213408Z_741eb3cf,milestone_3_20260828T210736Z_903d8f44,v2_next_year_expert_residual_v1,beta,6a9a803feee65cd1bd54f3b013594fb56a3c5c3eb6f65caf5c7e61ffee7bb0e6,shadow
ccd22510-248d-5fa0-a292-412d841e3f68,00-0041490,Eli Heidenreich,2026,2027,RB,PIT,confirmed,1.2588235294117647,,,,0,0,target_incomplete,1.0,0.0,0,3.0,316.145,0.6475964040582073,0.7179460958495639,0.6553958879420866,2.717413847353609,2.3386839381908313,2.8830872316241134,2.642660610822072,2.5662527987888377,1.2588235294117647,4.141910761035878,3.976237376765374,3.9014841402338365,3.597507467602596,3.8250763282006024,2.5662527987888377,3.8250763282006024,0.6475964040582073,-5.275047966924827,-4.3298006659425265,-2.5364531139387987,2.612371761579932,6.381973266338156,8.832194594599148,position_history,178,rookie,v2_next_year_beta_20260828T213408Z_741eb3cf,milestone_3_20260828T210736Z_903d8f44,v2_next_year_expert_residual_v1,beta,6a9a803feee65cd1bd54f3b013594fb56a3c5c3eb6f65caf5c7e61ffee7bb0e6,shadow
ccda7d11-8596-5b2e-b55b-d640a79b3cc5,00-0034857,Josh Allen,2026,2027,QB,BUF,confirmed,20.733235294117648,,,,0,0,target_incomplete,0.0,8.0,1,7.0,28.46,0.9645792810210738,0.9950253950726329,0.5472605688041711,0.4813851434396206,-0.5486726289882863,3.0996677277257425,-0.5832678421917833,-0.216851775913483,20.733235294117648,23.83290302184339,21.21462043755727,20.149967451925864,20.184562665129363,20.516383518204165,-0.216851775913483,20.516383518204165,0.9645792810210738,-8.06412819759558,-5.734041511578347,-2.864465114852388,2.783835279116431,6.020518964099286,6.909064297162426,position_history,209,veteran_with_history,v2_next_year_beta_20260828T213408Z_741eb3cf,milestone_3_20260828T210736Z_903d8f44,v2_next_year_expert_residual_v1,beta,6a9a803feee65cd1bd54f3b013594fb56a3c5c3eb6f65caf5c7e61ffee7bb0e6,shadow
cd0167c0-d9ce-5180-856c-d26959a81941,00-0039732,Bo Nix,2026,2027,QB,DEN,confirmed,16.346,,,,0,0,target_incomplete,0.0,2.0,1,7.0,106.129728,0.9587010601323073,0.9945230099260366,0.4649623649904308,1.5208269324642054,-0.16814895314506778,3.1546501294267837,-0.37800256335744353,0.3248918053205647,16.346,19.500650129426784,17.866826932464207,15.967997436642557,16.177851046854933,16.670891805320565,0.3248918053205647,16.670891805320565,0.9587010601323073,-8.06412819759558,-5.734041511578347,-2.864465114852388,2.783835279116431,6.020518964099286,6.909064297162426,position_history,209,veteran_with_history,v2_next_year_beta_20260828T213408Z_741eb3cf,milestone_3_20260828T210736Z_903d8f44,v2_next_year_expert_residual_v1,beta,6a9a803feee65cd1bd54f3b013594fb56a3c5c3eb6f65caf5c7e61ffee7bb0e6,shadow
cd23375c-f224-5388-bda7-06939896b396,00-0040206,Riley Leonard,2026,2027,QB,IND,confirmed,-0.6492941176470587,,,,0,0,target_incomplete,0.0,1.0,1,5.0,291.0175,0.47029829551246,0.7862859865557961,0.41318674656565685,11.500096649451015,11.496863090752782,2.7276617028016705,11.205835179817472,11.400931640007089,-0.6492941176470587,2.078367585154612,10.850802531803955,10.556541062170412,10.847568973105723,10.75163752236003,11.400931640007089,10.75163752236003,0.47029829551246,-8.45552130817761,-6.586595987192735,-2.9812738228535967,2.974665977858852,6.51934127264136,8.784757686121404,position,274,second_year,v2_next_year_beta_20260828T213408Z_741eb3cf,milestone_3_20260828T210736Z_903d8f44,v2_next_year_expert_residual_v1,beta,6a9a803feee65cd1bd54f3b013594fb56a3c5c3eb6f65caf5c7e61ffee7bb0e6,shadow
cd3a744e-ec92-56bc-9622-fc1c2717a64f,00-0039325,Carson Steele,2026,2027,RB,PHI,confirmed,,,,,0,0,target_incomplete,0.0,2.0,1,,408.5,0.41540226555073706,0.2810066829501945,0.6357540079168625,,,,,,,,,,,,,,0.41540226555073706,-5.775864899111019,-4.643358820238846,-2.737069962073368,1.761662089777431,5.120078841022579,6.865731939366032,position_history,561,veteran_with_history,v2_next_year_beta_20260828T213408Z_741eb3cf,milestone_3_20260828T210736Z_903d8f44,v2_next_year_expert_residual_v1,beta,6a9a803feee65cd1bd54f3b013594fb56a3c5c3eb6f65caf5c7e61ffee7bb0e6,shadow
cd5276ae-d480-590f-868c-a3d0b1d99134,00-0030506,Travis Kelce,2026,2027,TE,KC,confirmed,8.329411764705883,,,,0,0,target_incomplete,0.0,13.0,1,7.0,116.8375,0.8015846267019461,0.8444232030934027,0.4951784667648797,-2.3246608664675676,-1.1442620195073647,0.5492362868820017,-1.2538460470481114,-1.5742563110076813,8.329411764705883,8.878648051587884,6.004750898238315,7.0755657176577715,7.185149745198518,6.755155453698202,-1.5742563110076813,6.755155453698202,0.8015846267019461,-3.2358565481832877,-2.66710551537136,-1.8857939720040764,1.062470480921867,3.115963575900585,4.606394156586925,position_history,517,veteran_with_history,v2_next_year_beta_20260828T213408Z_741eb3cf,milestone_3_20260828T210736Z_903d8f44,v2_next_year_expert_residual_v1,beta,6a9a803feee65cd1bd54f3b013594fb56a3c5c3eb6f65caf5c7e61ffee7bb0e6,shadow
cdc6646d-dd60-5579-b686-092e2194beea,00-0038124,Christian Watson,2026,2027,WR,GB,confirmed,10.298082910044243,,,,0,0,target_incomplete,0.0,4.0,1,7.0,57.235,0.9475554356465861,0.9771336393285243,0.5809258307011029,-1.3741942287441136,-0.7305035086913612,0.36463526135546426,-0.9192001633140562,-1.0079659669165102,10.298082910044243,10.662718171399709,8.92388868130013,9.378882746730188,9.567579401352882,9.290116943127734,-1.0079659669165102,9.290116943127734,0.9475554356465861,-5.174675104176586,-4.132551138216551,-2.349516433734719,1.7104468853139558,3.790706964546365,5.521261715174053,position_history,879,veteran_with_history,v2_next_year_beta_20260828T213408Z_741eb3cf,milestone_3_20260828T210736Z_903d8f44,v2_next_year_expert_residual_v1,beta,6a9a803feee65cd1bd54f3b013594fb56a3c5c3eb6f65caf5c7e61ffee7bb0e6,shadow
cdc830cf-3f5f-5b70-9b57-2c24ef411203,00-0040867,Makai Lemon,2026,2027,WR,PHI,confirmed,7.7452941176470596,,,,0,0,target_incomplete,1.0,0.0,0,7.0,105.443225,0.9559077137597998,0.9726860799634293,0.5968118837409765,1.5271908630465874,2.42163050459665,2.727429987360483,1.90229232496002,1.9503712308677528,7.7452941176470596,10.472724105007543,9.272484980693648,9.64758644260708,10.166924622243709,9.695665348514812,1.9503712308677528,9.695665348514812,0.9559077137597998,-5.241847632097132,-4.420861613449043,-2.79275194455823,1.666671205196188,3.4416152985046184,5.164736756719793,position_history,250,rookie,v2_next_year_beta_20260828T213408Z_741eb3cf,milestone_3_20260828T210736Z_903d8f44,v2_next_year_expert_residual_v1,beta,6a9a803feee65cd1bd54f3b013594fb56a3c5c3eb6f65caf5c7e61ffee7bb0e6,shadow
ce1142cb-3442-5c39-bea7-d138056cd2f8,00-0036569,Gary Brightwell,2026,2027,RB,CIN,confirmed,0.07058823529411766,,,,0,0,target_incomplete,0.0,5.0,1,1.0,,0.2131749413528725,0.3031812384044302,0.5951913648732261,2.7119565980388556,2.0447578133848183,-0.13301155778163867,2.4013356642100057,2.3860166918778933,0.07058823529411766,0.0,2.7825448333329734,2.4719238995041235,2.115346048678936,2.456604927172011,2.3860166918778933,2.456604927172011,0.2131749413528725,-5.775864899111019,-4.643358820238846,-2.737069962073368,1.761662089777431,5.120078841022579,6.865731939366032,position_history,561,veteran_with_history,v2_next_year_beta_20260828T213408Z_741eb3cf,milestone_3_20260828T210736Z_903d8f44,v2_next_year_expert_residual_v1,beta,6a9a803feee65cd1bd54f3b013594fb56a3c5c3eb6f65caf5c7e61ffee7bb0e6,shadow
ce2203c5-5ca9-598b-9df0-2726dcb0c0e0,00-0039936,Thomas Yassmin,2026,2027,TE,GB,confirmed,,,,,0,0,target_incomplete,0.0,2.0,0,,,0.28536475330010774,0.30682551464404306,0.5866373331518034,,,,,,,,,,,,,,0.28536475330010774,-3.6225321557766907,-2.8499637328378338,-2.028437724279195,0.7483585564925581,2.9171121138029883,4.3897953300095,position,778,other_no_history,v2_next_year_beta_20260828T213408Z_741eb3cf,milestone_3_20260828T210736Z_903d8f44,v2_next_year_expert_residual_v1,beta,6a9a803feee65cd1bd54f3b013594fb56a3c5c3eb6f65caf5c7e61ffee7bb0e6,shadow
ce246c60-9a12-5a83-8052-e4af200c2a16,00-0039739,Roman Wilson,2026,2027,WR,PIT,confirmed,2.443529411764706,,,,0,0,target_incomplete,0.0,2.0,1,7.0,324.1,0.7487258101831639,0.891601535352097,0.561304531171307,0.9376393433887618,1.8320685681787825,1.1528823356726514,1.8449877380730582,1.5382318832135342,2.443529411764706,3.5964117474373576,3.381168755153468,4.288517149837764,4.2755979799434884,3.9817612949782406,1.5382318832135342,3.9817612949782406,0.7487258101831639,-5.174675104176586,-4.132551138216551,-2.349516433734719,1.7104468853139558,3.790706964546365,5.521261715174053,position_history,879,veteran_with_history,v2_next_year_beta_20260828T213408Z_741eb3cf,milestone_3_20260828T210736Z_903d8f44,v2_next_year_expert_residual_v1,beta,6a9a803feee65cd1bd54f3b013594fb56a3c5c3eb6f65caf5c7e61ffee7bb0e6,shadow
ce2a93ef-bc9a-5dd0-bf44-f11a2ef3a2f9,00-0039146,Jayden Reed,2026,2027,WR,GB,confirmed,8.554407668359824,,,,0,0,target_incomplete,0.0,3.0,1,7.0,101.1175,0.8851014284219387,0.9526065579952161,0.561304531171307,-0.09448466256016164,-0.7381341703296058,1.1528823356726514,-0.8974730134462163,-0.5766972821119946,8.554407668359824,9.707290004032476,8.459923005799663,7.6569346549136075,7.816273498030218,7.977710386247829,-0.5766972821119946,7.977710386247829,0.8851014284219387,-5.174675104176586,-4.132551138216551,-2.349516433734719,1.7104468853139558,3.790706964546365,5.521261715174053,position_history,879,veteran_with_history,v2_next_year_beta_20260828T213408Z_741eb3cf,milestone_3_20260828T210736Z_903d8f44,v2_next_year_expert_residual_v1,beta,6a9a803feee65cd1bd54f3b013594fb56a3c5c3eb6f65caf5c7e61ffee7bb0e6,shadow
cec3e8c3-e26f-517b-be6b-2859e87221ac,00-0041529,Kevin Coleman Jr.,2026,2027,WR,MIA,confirmed,1.488235294117647,,,,0,0,target_incomplete,1.0,0.0,0,5.0,309.3925,0.7471451377696922,0.7980202768405574,0.5968118837409765,2.743503536038094,2.022026230902184,2.727429987360483,2.4528115192032356,2.406113762047838,1.488235294117647,4.21566528147813,4.2317388301557415,3.9410468133208827,3.510261525019831,3.894349056165485,2.406113762047838,3.894349056165485,0.7471451377696922,-5.241847632097132,-4.420861613449043,-2.79275194455823,1.666671205196188,3.4416152985046184,5.164736756719793,position_history,250,rookie,v2_next_year_beta_20260828T213408Z_741eb3cf,milestone_3_20260828T210736Z_903d8f44,v2_next_year_expert_residual_v1,beta,6a9a803feee65cd1bd54f3b013594fb56a3c5c3eb6f65caf5c7e61ffee7bb0e6,shadow
d0e529e4-2d5e-58ec-b87d-1a32b8954539,00-0039910,Jayden Daniels,2026,2027,QB,WAS,confirmed,17.118470588235294,,,,0,0,target_incomplete,0.0,2.0,1,7.0,72.3725,0.9483781875692538,0.9949593116037204,0.4649623649904308,1.788467320878239,0.1529535966909346,3.1546501294267837,-0.19499754095962873,0.5821411255365149,17.118470588235294,20.273120717662078,18.906937909113534,16.923473047275664,17.27142418492623,17.70061171377181,0.5821411255365149,17.70061171377181,0.9483781875692538,-8.06412819759558,-5.734041511578347,-2.864465114852388,2.783835279116431,6.020518964099286,6.909064297162426,position_history,209,veteran_with_history,v2_next_year_beta_20260828T213408Z_741eb3cf,milestone_3_20260828T210736Z_903d8f44,v2_next_year_expert_residual_v1,beta,6a9a803feee65cd1bd54f3b013594fb56a3c5c3eb6f65caf5c7e61ffee7bb0e6,shadow
d0fba054-41ca-5170-856c-050e23a3efd7,00-0034676,James Washington,2026,2027,WR,,confirmed,,,,,0,0,target_incomplete,0.0,8.0,1,,388.0,0.2334065759170038,0.19534266039139986,0.5494986889348197,,,,,,,,,,,,,,0.2334065759170038,-5.174675104176586,-4.132551138216551,-2.349516433734719,1.7104468853139558,3.790706964546365,5.521261715174053,position_history,879,veteran_with_history,v2_next_year_beta_20260828T213408Z_741eb3cf,milestone_3_20260828T210736Z_903d8f44,v2_next_year_expert_residual_v1,beta,6a9a803feee65cd1bd54f3b013594fb56a3c5c3eb6f65caf5c7e61ffee7bb0e6,shadow
d1180fff-b381-5bf2-b3cc-6d9fe3cac314,00-0037755,Jelani Woods,2026,2027,TE,NYJ,confirmed,0.22941176470588237,,,,0,0,target_incomplete,0.0,4.0,1,3.0,360.5,0.3946578335783927,0.589321242168792,0.5754647011414279,2.4549570563728507,2.666911699709418,0.6249159376606653,2.5439003095364936,2.555256355206254,0.22941176470588237,0.8543277023665476,2.684368821078733,2.773312074242376,2.8963234644153006,2.7846681199121366,2.555256355206254,2.7846681199121366,0.3946578335783927,-3.2358565481832877,-2.66710551537136,-1.8857939720040764,1.062470480921867,3.115963575900585,4.606394156586925,position_history,517,veteran_with_history,v2_next_year_beta_20260828T213408Z_741eb3cf,milestone_3_20260828T210736Z_903d8f44,v2_next_year_expert_residual_v1,beta,6a9a803feee65cd1bd54f3b013594fb56a3c5c3eb6f65caf5c7e61ffee7bb0e6,shadow
d14b7df0-a8f3-58f0-b68e-123490eda472,00-0041395,Eli Raridon,2026,2027,TE,NE,confirmed,2.361176470588236,,,,0,0,target_incomplete,1.0,0.0,0,5.0,308.2375,0.8573580783436061,0.8780139015539952,0.6038558673610269,2.3656532990078962,2.149129222488701,2.0843437891501377,2.198056252427621,2.237612924641406,2.361176470588236,4.445520259738373,4.726829769596132,4.559232723015857,4.510305693076937,4.598789395229642,2.237612924641406,4.598789395229642,0.8573580783436061,-4.352633110913855,-3.4831286225578566,-2.493896993771685,0.469156909097479,2.047935247444171,3.443435937814943,position_history,121,rookie,v2_next_year_beta_20260828T213408Z_741eb3cf,milestone_3_20260828T210736Z_903d8f44,v2_next_year_expert_residual_v1,beta,6a9a803feee65cd1bd54f3b013594fb56a3c5c3eb6f65caf5c7e61ffee7bb0e6,shadow
d1811d53-bfbe-5c37-bd13-be780edb43be,00-0034351,Dallas Goedert,2026,2027,TE,PHI,confirmed,7.852941176470588,,,,0,0,target_incomplete,0.0,8.0,1,7.0,118.569332,0.8669702194098537,0.9454342553920715,0.5338622493006663,-1.3885158495347913,-1.2000578234283157,-0.08955813866931404,-1.1183240655568893,-1.2356325795066656,7.852941176470588,7.763383037801274,6.464425326935796,6.734617110913699,6.652883353042272,6.617308596963922,-1.2356325795066656,6.617308596963922,0.8669702194098537,-3.2358565481832877,-2.66710551537136,-1.8857939720040764,1.062470480921867,3.115963575900585,4.606394156586925,position_history,517,veteran_with_history,v2_next_year_beta_20260828T213408Z_741eb3cf,milestone_3_20260828T210736Z_903d8f44,v2_next_year_expert_residual_v1,beta,6a9a803feee65cd1bd54f3b013594fb56a3c5c3eb6f65caf5c7e61ffee7bb0e6,shadow
d1a1d84a-5e0f-5fd7-a4c9-2acb09b0745d,00-0040260,Ahmani Marshall,2026,2027,RB,CLE,confirmed,0.06470588235294118,,,,0,0,target_incomplete,0.0,1.0,0,1.0,,0.26547601159744133,0.3950482916042677,0.6097613512933316,3.1049584459942334,2.4580320133482343,1.403342687822953,2.613363098962548,2.725451186101672,0.06470588235294118,1.468048570175894,3.169664328347175,2.6780689813154894,2.5227378957011757,2.7901570684546133,2.725451186101672,2.7901570684546133,0.26547601159744133,-5.48615073240633,-4.244920053205529,-2.730536823343935,2.745851062339551,6.172636499559855,7.5044937746885285,position_history,171,second_year,v2_next_year_beta_20260828T213408Z_741eb3cf,milestone_3_20260828T210736Z_903d8f44,v2_next_year_expert_residual_v1,beta,6a9a803feee65cd1bd54f3b013594fb56a3c5c3eb6f65caf5c7e61ffee7bb0e6,shadow
d2153ba6-e2e9-5c06-b349-4e078b8b8f01,00-0033119,Jacoby Brissett,2026,2027,QB,ARI,confirmed,12.497470588235293,,,,0,0,target_incomplete,0.0,10.0,1,7.0,179.77999999999997,0.8552116248791597,0.9526036880534787,0.5462074876103052,0.4030552468788118,-0.7741290861588149,2.230624494796814,-0.553149952342353,-0.30807459720745206,12.497470588235293,14.728095083032107,12.900525835114106,11.94432063589294,11.723341502076478,12.18939599102784,-0.30807459720745206,12.18939599102784,0.8552116248791597,-8.06412819759558,-5.734041511578347,-2.864465114852388,2.783835279116431,6.020518964099286,6.909064297162426,position_history,209,veteran_with_history,v2_next_year_beta_20260828T213408Z_741eb3cf,milestone_3_20260828T210736Z_903d8f44,v2_next_year_expert_residual_v1,beta,6a9a803feee65cd1bd54f3b013594fb56a3c5c3eb6f65caf5c7e61ffee7bb0e6,shadow
d223297e-62a1-5e06-a120-348e2de07a8b,00-0041453,Luke Altmyer,2026,2027,QB,DET,confirmed,,,,,0,0,target_incomplete,1.0,0.0,0,1.0,,0.2180634966492969,0.3022557925437999,0.44978202947919904,,,,,,,,,,,,,,0.2180634966492969,-8.45552130817761,-6.586595987192735,-2.9812738228535967,2.974665977858852,6.51934127264136,8.784757686121404,position,274,rookie,v2_next_year_beta_20260828T213408Z_741eb3cf,milestone_3_20260828T210736Z_903d8f44,v2_next_year_expert_residual_v1,beta,6a9a803feee65cd1bd54f3b013594fb56a3c5c3eb6f65caf5c7e61ffee7bb0e6,shadow
d28f3335-b00a-561e-9d3f-fdc847893de6,,Brendan Sorsby,2026,2027,QB,,provisional,,,,,0,0,target_incomplete,,,0,,445.0,0.4047034901281793,2.537727949047485e-05,0.4737322160117323,,,,,,,,,,,,,,0.4047034901281793,-8.45552130817761,-6.586595987192735,-2.9812738228535967,2.974665977858852,6.51934127264136,8.784757686121404,position,274,unknown_experience,v2_next_year_beta_20260828T213408Z_741eb3cf,milestone_3_20260828T210736Z_903d8f44,v2_next_year_expert_residual_v1,beta,6a9a803feee65cd1bd54f3b013594fb56a3c5c3eb6f65caf5c7e61ffee7bb0e6,shadow
d2c96396-a051-5897-a6ff-06b4bb2848b6,00-0040734,TreVeyon Henderson,2026,2027,RB,NE,confirmed,10.723529411764707,,,,0,0,target_incomplete,0.0,1.0,1,7.0,60.900000000000006,0.9662455456685989,0.9912244086883557,0.6097613512933316,-0.4081033116081023,-0.5443418336647252,1.403342687822953,-1.050443245475131,-0.6676294635826528,10.723529411764707,12.12687209958766,10.315426100156605,9.673086166289576,10.179187578099981,10.055899948182054,-0.6676294635826528,10.055899948182054,0.9662455456685989,-5.48615073240633,-4.244920053205529,-2.730536823343935,2.745851062339551,6.172636499559855,7.5044937746885285,position_history,171,second_year,v2_next_year_beta_20260828T213408Z_741eb3cf,milestone_3_20260828T210736Z_903d8f44,v2_next_year_expert_residual_v1,beta,6a9a803feee65cd1bd54f3b013594fb56a3c5c3eb6f65caf5c7e61ffee7bb0e6,shadow
d314a164-66a8-5d44-b902-6f75546abc63,00-0041056,Cade Klubnik,2026,2027,QB,NYJ,confirmed,-0.18649311845286023,,,,0,0,target_incomplete,1.0,0.0,0,6.0,328.0325,0.5103015857470868,0.75678752725019,0.44978202947919904,7.74907328212921,10.977580754040735,6.504290880505584,13.68521371678709,10.803955917652345,-0.18649311845286023,6.317797762052724,7.562580163676349,13.498720598334229,10.791087635587875,10.617462799199485,10.803955917652345,10.617462799199485,0.5103015857470868,-8.45552130817761,-6.586595987192735,-2.9812738228535967,2.974665977858852,6.51934127264136,8.784757686121404,position,274,rookie,v2_next_year_beta_20260828T213408Z_741eb3cf,milestone_3_20260828T210736Z_903d8f44,v2_next_year_expert_residual_v1,beta,6a9a803feee65cd1bd54f3b013594fb56a3c5c3eb6f65caf5c7e61ffee7bb0e6,shadow
d35f2425-04a3-51b8-bc3a-8df2f5db9640,00-0035700,Josh Jacobs,2026,2027,RB,GB,confirmed,13.761588235294116,,,,0,0,target_incomplete,0.0,7.0,1,7.0,40.067499999999995,0.9601487727859053,0.9858927577791897,0.5443934450622839,-2.1261824429435627,-1.3573024282168036,-0.681281550565376,-2.4334394200322444,-1.9723080970642037,13.761588235294116,13.08030668472874,11.635405792350554,11.328148815261873,12.404285807077313,11.789280138229913,-1.9723080970642037,11.789280138229913,0.9601487727859053,-5.775864899111019,-4.643358820238846,-2.737069962073368,1.761662089777431,5.120078841022579,6.865731939366032,position_history,561,veteran_with_history,v2_next_year_beta_20260828T213408Z_741eb3cf,milestone_3_20260828T210736Z_903d8f44,v2_next_year_expert_residual_v1,beta,6a9a803feee65cd1bd54f3b013594fb56a3c5c3eb6f65caf5c7e61ffee7bb0e6,shadow
d3b5fd11-b421-5bc0-a249-aa9d312aaa76,00-0037267,Jerome Ford,2026,2027,RB,WAS,confirmed,2.0588235294117645,,,,0,0,target_incomplete,0.0,4.0,1,2.0,324.66499999999996,0.5055017943790435,0.5478641945955715,0.5951913648732261,1.3201493038741774,1.7640756303860379,-0.13301155778163867,1.7600206995430783,1.6147485446010978,2.0588235294117645,1.9258119716301259,3.3789728332859417,3.818844228954843,3.822899159797802,3.6735720740128626,1.6147485446010978,3.6735720740128626,0.5055017943790435,-5.775864899111019,-4.643358820238846,-2.737069962073368,1.761662089777431,5.120078841022579,6.865731939366032,position_history,561,veteran_with_history,v2_next_year_beta_20260828T213408Z_741eb3cf,milestone_3_20260828T210736Z_903d8f44,v2_next_year_expert_residual_v1,beta,6a9a803feee65cd1bd54f3b013594fb56a3c5c3eb6f65caf5c7e61ffee7bb0e6,shadow
d43eb9ce-1eef-5fb2-bf7c-f61b2a569d31,00-0037093,Dareke Young,2026,2027,WR,LVR,confirmed,0.0,,,,0,0,target_incomplete,0.0,4.0,1,3.0,,0.11316032828165909,0.3450368917058915,0.5809258307011029,2.219348970444712,2.1344069421057044,0.36463526135546426,2.3401963595956503,2.231317424048689,0.0,0.36463526135546426,2.219348970444712,2.3401963595956503,2.1344069421057044,2.231317424048689,2.231317424048689,2.231317424048689,0.11316032828165909,-5.174675104176586,-4.132551138216551,-2.349516433734719,1.7104468853139558,3.790706964546365,5.521261715174053,position_history,879,veteran_with_history,v2_next_year_beta_20260828T213408Z_741eb3cf,milestone_3_20260828T210736Z_903d8f44,v2_next_year_expert_residual_v1,beta,6a9a803feee65cd1bd54f3b013594fb56a3c5c3eb6f65caf5c7e61ffee7bb0e6,shadow
d44345a2-9f8d-53ff-9840-a44c89da3abc,00-0033217,Mo Alie-Cox,2026,2027,TE,IND,confirmed,1.6823529411764706,,,,0,0,target_incomplete,0.0,9.0,1,5.0,392.5,0.5405508980432205,0.575964397742128,0.5338622493006663,-0.37490122561494776,1.0745745204471848,-0.08955813866931404,1.3187389310483972,0.6728040752935448,1.6823529411764706,1.5927948025071565,1.3074517155615228,3.001091872224868,2.7569274616236554,2.3551570164700153,0.6728040752935448,2.3551570164700153,0.5405508980432205,-3.2358565481832877,-2.66710551537136,-1.8857939720040764,1.062470480921867,3.115963575900585,4.606394156586925,position_history,517,veteran_with_history,v2_next_year_beta_20260828T213408Z_741eb3cf,milestone_3_20260828T210736Z_903d8f44,v2_next_year_expert_residual_v1,beta,6a9a803feee65cd1bd54f3b013594fb56a3c5c3eb6f65caf5c7e61ffee7bb0e6,shadow
d451985a-4675-56fc-86e6-4cc094695747,00-0035676,A.J. Brown,2026,2027,WR,NE,confirmed,12.399411764705883,,,,0,0,target_incomplete,0.0,7.0,1,7.0,19.2,0.9254555539939234,0.9715928449823859,0.5494986889348197,-1.369972927212034,-0.9337871125897221,-0.3337587311176249,-1.3314561222432686,-1.211738720681675,12.399411764705883,12.065653033588259,11.02943883749385,11.067955642462614,11.465624652116162,11.187673044024208,-1.211738720681675,11.187673044024208,0.9254555539939234,-5.174675104176586,-4.132551138216551,-2.349516433734719,1.7104468853139558,3.790706964546365,5.521261715174053,position_history,879,veteran_with_history,v2_next_year_beta_20260828T213408Z_741eb3cf,milestone_3_20260828T210736Z_903d8f44,v2_next_year_expert_residual_v1,beta,6a9a803feee65cd1bd54f3b013594fb56a3c5c3eb6f65caf5c7e61ffee7bb0e6,shadow
d45f6473-c406-50e0-8a2a-3862bb31a711,00-0037746,Brian Robinson,2026,2027,RB,ATL,confirmed,5.147058823529412,,,,0,0,target_incomplete,0.0,4.0,1,7.0,179.5475,0.7846161483415673,0.8952923254659907,0.5951913648732261,1.3225517404051006,0.6568923085909684,-0.13301155778163867,0.45554873262347284,0.8116642605398473,5.147058823529412,5.014047265747774,6.469610563934513,5.6026075561528845,5.80395113212038,5.958723084069259,0.8116642605398473,5.958723084069259,0.7846161483415673,-5.775864899111019,-4.643358820238846,-2.737069962073368,1.761662089777431,5.120078841022579,6.865731939366032,position_history,561,veteran_with_history,v2_next_year_beta_20260828T213408Z_741eb3cf,milestone_3_20260828T210736Z_903d8f44,v2_next_year_expert_residual_v1,beta,6a9a803feee65cd1bd54f3b013594fb56a3c5c3eb6f65caf5c7e61ffee7bb0e6,shadow
d4b9f622-031a-51c4-90e4-51d0d4a81c61,00-0032951,Laquon Treadwell,2026,2027,WR,IND,confirmed,0.7294117647058824,,,,0,0,target_incomplete,0.0,10.0,1,3.0,,0.25967958970167176,0.2277932275066401,0.41694036868057527,1.5266158869091428,3.4534116366007224,-1.0843664097150907,2.328980817563316,2.4363361136910604,0.7294117647058824,0.0,2.2560276516150255,3.0583925822691986,4.182823401306605,3.165747878396943,2.4363361136910604,3.165747878396943,0.25967958970167176,-5.174675104176586,-4.132551138216551,-2.349516433734719,1.7104468853139558,3.790706964546365,5.521261715174053,position_history,879,veteran_with_history,v2_next_year_beta_20260828T213408Z_741eb3cf,milestone_3_20260828T210736Z_903d8f44,v2_next_year_expert_residual_v1,beta,6a9a803feee65cd1bd54f3b013594fb56a3c5c3eb6f65caf5c7e61ffee7bb0e6,shadow
d4f8d952-2b1a-5d6d-8951-d0fbb08156f2,00-0035291,Trayveon Williams,2026,2027,RB,DET,confirmed,1.9411764705882353,,,,0,0,target_incomplete,0.0,7.0,1,2.0,316.0,0.4750830553674701,0.4300574916488264,0.5443934450622839,0.855562267157989,1.4092604351056113,-0.681281550565376,1.7761668419177181,1.3469965147271061,1.9411764705882353,1.2598949200228593,2.7967387377462245,3.717343312505953,3.3504369056938463,3.2881729853153416,1.3469965147271061,3.2881729853153416,0.4750830553674701,-5.775864899111019,-4.643358820238846,-2.737069962073368,1.761662089777431,5.120078841022579,6.865731939366032,position_history,561,veteran_with_history,v2_next_year_beta_20260828T213408Z_741eb3cf,milestone_3_20260828T210736Z_903d8f44,v2_next_year_expert_residual_v1,beta,6a9a803feee65cd1bd54f3b013594fb56a3c5c3eb6f65caf5c7e61ffee7bb0e6,shadow
d50b12b8-bbba-55bf-a332-0c01801664cc,00-0039356,Ja'Tavion Sanders,2026,2027,TE,CAR,confirmed,2.1152941176470588,,,,0,0,target_incomplete,0.0,2.0,1,5.0,312.8575,0.8423412011210615,0.8902340755938398,0.5866373331518034,1.7501124488575182,1.3194277998441035,0.9813959523087957,1.4259058522790955,1.498482033660239,2.1152941176470588,3.0966900699558546,3.8654065665045767,3.5411999699261543,3.4347219174911623,3.613776151307298,1.498482033660239,3.613776151307298,0.8423412011210615,-3.2358565481832877,-2.66710551537136,-1.8857939720040764,1.062470480921867,3.115963575900585,4.606394156586925,position_history,517,veteran_with_history,v2_next_year_beta_20260828T213408Z_741eb3cf,milestone_3_20260828T210736Z_903d8f44,v2_next_year_expert_residual_v1,beta,6a9a803feee65cd1bd54f3b013594fb56a3c5c3eb6f65caf5c7e61ffee7bb0e6,shadow
d52fb086-41d5-5802-895c-79100c008fb3,00-0032398,Chris Moore,2026,2027,WR,BAL,confirmed,1.2876705882352941,,,,0,0,target_incomplete,0.0,10.0,1,1.0,,0.28455387635176527,0.1641789663000773,0.41694036868057527,1.0408799804008564,1.5960157576037903,-1.0843664097150907,2.1578937831859317,1.5982631737301929,1.2876705882352941,0.20330417852020344,2.3285505686361505,3.445564371421226,2.8836863458390845,2.885933761965487,1.5982631737301929,2.885933761965487,0.28455387635176527,-5.174675104176586,-4.132551138216551,-2.349516433734719,1.7104468853139558,3.790706964546365,5.521261715174053,position_history,879,veteran_with_history,v2_next_year_beta_20260828T213408Z_741eb3cf,milestone_3_20260828T210736Z_903d8f44,v2_next_year_expert_residual_v1,beta,6a9a803feee65cd1bd54f3b013594fb56a3c5c3eb6f65caf5c7e61ffee7bb0e6,shadow
d5bb6fc0-d848-5b92-9507-ac2ecf75fd5c,00-0041483,Eli Stowers,2026,2027,TE,PHI,confirmed,2.591970588235294,,,,0,0,target_incomplete,1.0,0.0,0,6.0,272.5075,0.8607442635903356,0.9082823226735974,0.6038558673610269,2.6292172988648437,2.3814299315215406,2.0843437891501377,2.4606019707530966,2.4904164003798273,2.591970588235294,4.676314377385432,5.221187887100138,5.052572558988391,4.973400519756835,5.082386988615122,2.4904164003798273,5.082386988615122,0.8607442635903356,-4.352633110913855,-3.4831286225578566,-2.493896993771685,0.469156909097479,2.047935247444171,3.443435937814943,position_history,121,rookie,v2_next_year_beta_20260828T213408Z_741eb3cf,milestone_3_20260828T210736Z_903d8f44,v2_next_year_expert_residual_v1,beta,6a9a803feee65cd1bd54f3b013594fb56a3c5c3eb6f65caf5c7e61ffee7bb0e6,shadow
d6609ec3-d6b5-5aa7-b18a-1e31e52f29e7,00-0035719,Deebo Samuel Sr.,2026,2027,WR,SF,confirmed,7.5314764705882355,,,,0,0,target_incomplete,0.0,7.0,1,7.0,130.9,0.8094695835174228,0.8972909203104809,0.5494986889348197,-0.1400558434712571,-0.8318267688233011,-0.3337587311176249,-0.8660845352175747,-0.6126557158373775,7.5314764705882355,7.197717739470611,7.391420627116979,6.6653919353706605,6.699649701764934,6.918820754750858,-0.6126557158373775,6.918820754750858,0.8094695835174228,-5.174675104176586,-4.132551138216551,-2.349516433734719,1.7104468853139558,3.790706964546365,5.521261715174053,position_history,879,veteran_with_history,v2_next_year_beta_20260828T213408Z_741eb3cf,milestone_3_20260828T210736Z_903d8f44,v2_next_year_expert_residual_v1,beta,6a9a803feee65cd1bd54f3b013594fb56a3c5c3eb6f65caf5c7e61ffee7bb0e6,shadow
d671cd75-b8c4-58d5-849d-460d7ef95c3e,00-0026300,Josh Johnson,2026,2027,QB,CIN,confirmed,,,,,0,0,target_incomplete,0.0,18.0,1,2.0,468.0,0.23483880844350402,0.2091090668962354,0.5462074876103052,,,,,,,,,,,,,,0.23483880844350402,-8.06412819759558,-5.734041511578347,-2.864465114852388,2.783835279116431,6.020518964099286,6.909064297162426,position_history,209,veteran_with_history,v2_next_year_beta_20260828T213408Z_741eb3cf,milestone_3_20260828T210736Z_903d8f44,v2_next_year_expert_residual_v1,beta,6a9a803feee65cd1bd54f3b013594fb56a3c5c3eb6f65caf5c7e61ffee7bb0e6,shadow
d6a4da7c-fbd3-597b-974c-e696114f785f,00-0038543,Jaxon Smith-Njigba,2026,2027,WR,SEA,confirmed,15.590352941176471,,,,0,0,target_incomplete,0.0,3.0,1,7.0,5.529600199999999,0.973402846973033,0.9972997072821473,0.561304531171307,-2.035414869257094,-0.4397721269165454,1.1528823356726514,-0.6730328356964468,-1.0494066106233622,15.590352941176471,16.743235276849123,13.554938071919377,14.917320105480025,15.150580814259925,14.540946330553108,-1.0494066106233622,14.540946330553108,0.973402846973033,-5.174675104176586,-4.132551138216551,-2.349516433734719,1.7104468853139558,3.790706964546365,5.521261715174053,position_history,879,veteran_with_history,v2_next_year_beta_20260828T213408Z_741eb3cf,milestone_3_20260828T210736Z_903d8f44,v2_next_year_expert_residual_v1,beta,6a9a803feee65cd1bd54f3b013594fb56a3c5c3eb6f65caf5c7e61ffee7bb0e6,shadow
d6c85c14-11c8-50b0-bb0e-53448c296d87,00-0037509,Sincere McCormick,2026,2027,RB,,confirmed,,,,,0,0,target_incomplete,0.0,4.0,1,,227.8542,0.3171737224905141,0.3739132118735635,0.5951913648732261,,,,,,,,,,,,,,0.3171737224905141,-5.775864899111019,-4.643358820238846,-2.737069962073368,1.761662089777431,5.120078841022579,6.865731939366032,position_history,561,veteran_with_history,v2_next_year_beta_20260828T213408Z_741eb3cf,milestone_3_20260828T210736Z_903d8f44,v2_next_year_expert_residual_v1,beta,6a9a803feee65cd1bd54f3b013594fb56a3c5c3eb6f65caf5c7e61ffee7bb0e6,shadow
d6d5cd43-472b-5b92-ab62-43a6cc90e5fd,00-0038128,Malik Willis,2026,2027,QB,MIA,confirmed,13.736176470588234,,,,0,0,target_incomplete,0.0,4.0,1,7.0,136.85250000000002,0.8260930175628949,0.9590923323305502,0.48962908340472044,1.932517049420639,-0.7374175666898743,3.309060099871514,-0.7920648408175792,0.13434488063772845,13.736176470588234,17.045236570459746,15.668693520008873,12.944111629770655,12.99875890389836,13.870521351225962,0.13434488063772845,13.870521351225962,0.8260930175628949,-8.06412819759558,-5.734041511578347,-2.864465114852388,2.783835279116431,6.020518964099286,6.909064297162426,position_history,209,veteran_with_history,v2_next_year_beta_20260828T213408Z_741eb3cf,milestone_3_20260828T210736Z_903d8f44,v2_next_year_expert_residual_v1,beta,6a9a803feee65cd1bd54f3b013594fb56a3c5c3eb6f65caf5c7e61ffee7bb0e6,shadow
d756b81b-46dd-500c-8819-40916788e6fd,00-0039365,Jacob Cowing,2026,2027,WR,SF,confirmed,0.0,,,,0,0,target_incomplete,0.0,2.0,1,3.0,316.555,0.25909922134543223,0.4692703115920268,0.561304531171307,3.654200357795245,2.998996595149767,1.1528823356726514,2.902984156522329,3.18539370315578,0.0,1.1528823356726514,3.654200357795245,2.902984156522329,2.998996595149767,3.18539370315578,3.18539370315578,3.18539370315578,0.25909922134543223,-5.174675104176586,-4.132551138216551,-2.349516433734719,1.7104468853139558,3.790706964546365,5.521261715174053,position_history,879,veteran_with_history,v2_next_year_beta_20260828T213408Z_741eb3cf,milestone_3_20260828T210736Z_903d8f44,v2_next_year_expert_residual_v1,beta,6a9a803feee65cd1bd54f3b013594fb56a3c5c3eb6f65caf5c7e61ffee7bb0e6,shadow
d7bc9396-1066-506a-a354-10b0c70cf212,00-0036893,Najee Harris,2026,2027,RB,NYG,confirmed,3.559380632475831,,,,0,0,target_incomplete,0.0,5.0,1,5.0,229.05,0.5812947997113694,0.6485279924639507,0.5951913648732261,1.6637538857489294,0.864493080098334,-0.13301155778163867,1.2844587746987226,1.2709019135153288,3.559380632475831,3.426369074694192,5.22313451822476,4.843839407174554,4.4238737125741645,4.830282545991159,1.2709019135153288,4.830282545991159,0.5812947997113694,-5.775864899111019,-4.643358820238846,-2.737069962073368,1.761662089777431,5.120078841022579,6.865731939366032,position_history,561,veteran_with_history,v2_next_year_beta_20260828T213408Z_741eb3cf,milestone_3_20260828T210736Z_903d8f44,v2_next_year_expert_residual_v1,beta,6a9a803feee65cd1bd54f3b013594fb56a3c5c3eb6f65caf5c7e61ffee7bb0e6,shadow
d821e4b7-8fe2-5617-b412-a387dc1a049a,00-0040184,KeAndre Lambert-Smith,2026,2027,WR,LAC,confirmed,0.9759607843137257,,,,0,0,target_incomplete,0.0,1.0,1,6.0,313.0,0.6542588749573217,0.8127313136784478,0.561305717008435,2.4266630346911633,2.3468398809859674,1.6282505450092744,2.398253827321193,2.3905855809994416,0.9759607843137257,2.6042113293230003,3.402623819004889,3.3742146116349185,3.322800665299693,3.3665463653131673,2.3905855809994416,3.3665463653131673,0.6542588749573217,-5.290117666656729,-4.500130273045835,-2.703400287276647,1.85750718837489,4.640355612959511,5.846307043900342,position_history,246,second_year,v2_next_year_beta_20260828T213408Z_741eb3cf,milestone_3_20260828T210736Z_903d8f44,v2_next_year_expert_residual_v1,beta,6a9a803feee65cd1bd54f3b013594fb56a3c5c3eb6f65caf5c7e61ffee7bb0e6,shadow
d82ae6d6-8d2a-5517-b2cb-37189109af68,00-0037291,Jalen Nailor,2026,2027,WR,LVR,confirmed,6.2665656234638725,,,,0,0,target_incomplete,0.0,4.0,1,7.0,162.85750000000002,0.8483493969046709,0.9193604845406078,0.5809258307011029,-0.5857798856532697,-0.00473166505846022,0.36463526135546426,-0.2843166404348671,-0.2916093970488657,6.2665656234638725,6.631200884819337,5.680785737810603,5.982248983029005,6.261833958405412,5.9749562264150065,-0.2916093970488657,5.9749562264150065,0.8483493969046709,-5.174675104176586,-4.132551138216551,-2.349516433734719,1.7104468853139558,3.790706964546365,5.521261715174053,position_history,879,veteran_with_history,v2_next_year_beta_20260828T213408Z_741eb3cf,milestone_3_20260828T210736Z_903d8f44,v2_next_year_expert_residual_v1,beta,6a9a803feee65cd1bd54f3b013594fb56a3c5c3eb6f65caf5c7e61ffee7bb0e6,shadow
d843f0e8-59f0-518f-9a7a-0f80c9960068,00-0039794,Braelon Allen,2026,2027,RB,NYJ,confirmed,4.486470588235295,,,,0,0,target_incomplete,0.0,2.0,1,7.0,178.75,0.8321684734993096,0.9181464562464404,0.6357540079168625,1.8392031851301907,1.4696933429376127,0.5942195570070535,1.8169191877508095,1.7086052386062043,4.486470588235295,5.0806901452423485,6.3256737733654855,6.303389775986105,5.956163931172908,6.195075826841499,1.7086052386062043,6.195075826841499,0.8321684734993096,-5.775864899111019,-4.643358820238846,-2.737069962073368,1.761662089777431,5.120078841022579,6.865731939366032,position_history,561,veteran_with_history,v2_next_year_beta_20260828T213408Z_741eb3cf,milestone_3_20260828T210736Z_903d8f44,v2_next_year_expert_residual_v1,beta,6a9a803feee65cd1bd54f3b013594fb56a3c5c3eb6f65caf5c7e61ffee7bb0e6,shadow
d8da4fc8-4a05-588a-a4cf-f1ef6ee15d8b,00-0034798,Durham Smythe,2026,2027,TE,BAL,confirmed,1.3588235294117648,,,,0,0,target_incomplete,0.0,8.0,1,5.0,316.985,0.5827945092583997,0.5100361511861173,0.5338622493006663,0.9893873396774107,1.5321290458134438,-0.08955813866931404,1.6049447943951518,1.3754870599620022,1.3588235294117648,1.2692653907424507,2.3482108690891756,2.9637683238069163,2.8909525752252083,2.734310589373767,1.3754870599620022,2.734310589373767,0.5827945092583997,-3.2358565481832877,-2.66710551537136,-1.8857939720040764,1.062470480921867,3.115963575900585,4.606394156586925,position_history,517,veteran_with_history,v2_next_year_beta_20260828T213408Z_741eb3cf,milestone_3_20260828T210736Z_903d8f44,v2_next_year_expert_residual_v1,beta,6a9a803feee65cd1bd54f3b013594fb56a3c5c3eb6f65caf5c7e61ffee7bb0e6,shadow
d956fdde-9f76-5168-80c0-cb1c8e7c9c9c,00-0040205,Kalel Mullings,2026,2027,RB,TEN,confirmed,0.17647058823529416,,,,0,0,target_incomplete,0.0,1.0,1,1.0,,0.4027360962049544,0.5565475907161342,0.6097613512933316,2.716717535987187,3.1810443683543976,1.403342687822953,2.601117749233067,2.832959884524884,0.17647058823529416,1.579813276058247,2.8931881242224815,2.7775883374683614,3.357514956589692,3.0094304727601777,2.832959884524884,3.0094304727601777,0.4027360962049544,-5.48615073240633,-4.244920053205529,-2.730536823343935,2.745851062339551,6.172636499559855,7.5044937746885285,position_history,171,second_year,v2_next_year_beta_20260828T213408Z_741eb3cf,milestone_3_20260828T210736Z_903d8f44,v2_next_year_expert_residual_v1,beta,6a9a803feee65cd1bd54f3b013594fb56a3c5c3eb6f65caf5c7e61ffee7bb0e6,shadow
d9941072-d9df-57b5-91dd-0d0441d2b0d6,00-0036358,CeeDee Lamb,2026,2027,WR,DAL,confirmed,13.379235621825345,,,,0,0,target_incomplete,0.0,6.0,1,7.0,11.170488500000001,0.9582075703495676,0.9888566093239669,0.5809258307011029,-1.0356660781267655,-0.4946141642949931,0.36463526135546426,-0.8943726843398789,-0.8082176422538793,13.379235621825345,13.74387088318081,12.343569543698578,12.484862937485465,12.88462145753035,12.571017979571465,-0.8082176422538793,12.571017979571465,0.9582075703495676,-5.174675104176586,-4.132551138216551,-2.349516433734719,1.7104468853139558,3.790706964546365,5.521261715174053,position_history,879,veteran_with_history,v2_next_year_beta_20260828T213408Z_741eb3cf,milestone_3_20260828T210736Z_903d8f44,v2_next_year_expert_residual_v1,beta,6a9a803feee65cd1bd54f3b013594fb56a3c5c3eb6f65caf5c7e61ffee7bb0e6,shadow
d9c5031a-1b60-5c91-b49e-d3721a9aa216,00-0038393,Dontayvion Wicks,2026,2027,WR,PHI,confirmed,4.715863100114693,,,,0,0,target_incomplete,0.0,3.0,1,7.0,177.05,0.7827603970644448,0.8851280204915875,0.561304531171307,1.0199720007127344,1.0884306476603771,1.1528823356726514,0.6703137174846728,0.9262387886192615,4.715863100114693,5.8687454357873445,5.735835100827428,5.386176817599366,5.80429374777507,5.642101888733954,0.9262387886192615,5.642101888733954,0.7827603970644448,-5.174675104176586,-4.132551138216551,-2.349516433734719,1.7104468853139558,3.790706964546365,5.521261715174053,position_history,879,veteran_with_history,v2_next_year_beta_20260828T213408Z_741eb3cf,milestone_3_20260828T210736Z_903d8f44,v2_next_year_expert_residual_v1,beta,6a9a803feee65cd1bd54f3b013594fb56a3c5c3eb6f65caf5c7e61ffee7bb0e6,shadow
d9cf6e45-7558-5c7c-9ecb-60a6b637f864,00-0037837,Calvin Austin III,2026,2027,WR,NYG,confirmed,3.720419218251797,,,,0,0,target_incomplete,0.0,4.0,1,3.0,272.27715,0.6574479506386364,0.6935134129604401,0.5809258307011029,0.828763276100463,0.9759964649884686,0.36463526135546426,1.275301339743446,1.0266870269441257,3.720419218251797,4.085054479607261,4.54918249435226,4.995720557995243,4.696415683240265,4.747106245195923,1.0266870269441257,4.747106245195923,0.6574479506386364,-5.174675104176586,-4.132551138216551,-2.349516433734719,1.7104468853139558,3.790706964546365,5.521261715174053,position_history,879,veteran_with_history,v2_next_year_beta_20260828T213408Z_741eb3cf,milestone_3_20260828T210736Z_903d8f44,v2_next_year_expert_residual_v1,beta,6a9a803feee65cd1bd54f3b013594fb56a3c5c3eb6f65caf5c7e61ffee7bb0e6,shadow
d9d141c9-95cf-52d2-8d99-54e3a8ca1711,00-0036550,Rashod Bateman,2026,2027,WR,BAL,confirmed,5.7294117647058815,,,,0,0,target_incomplete,0.0,5.0,1,7.0,237.5,0.85851726276461,0.9309689347965506,0.5809258307011029,0.1717039415510513,1.0571185361523818,0.36463526135546426,-0.3411436082079975,0.2958929564984785,5.7294117647058815,6.094047026061346,5.901115706256933,5.388268156497884,6.786530300858264,6.0253047212043604,0.2958929564984785,6.0253047212043604,0.85851726276461,-5.174675104176586,-4.132551138216551,-2.349516433734719,1.7104468853139558,3.790706964546365,5.521261715174053,position_history,879,veteran_with_history,v2_next_year_beta_20260828T213408Z_741eb3cf,milestone_3_20260828T210736Z_903d8f44,v2_next_year_expert_residual_v1,beta,6a9a803feee65cd1bd54f3b013594fb56a3c5c3eb6f65caf5c7e61ffee7bb0e6,shadow
da238bb4-f764-5fd7-aded-e381937ed327,00-0040939,Michael Trigg,2026,2027,TE,DAL,confirmed,1.6770588235294122,,,,0,0,target_incomplete,1.0,0.0,0,1.0,347.0175,0.6502017469239048,0.6297751303724267,0.6038558673610269,2.0177551786907166,1.9987867551012257,2.0843437891501377,2.0779664303699357,2.031502788053959,1.6770588235294122,3.76140261267955,3.694814002220129,3.7550252538993476,3.675845578630638,3.708561611583371,2.031502788053959,3.708561611583371,0.6502017469239048,-4.352633110913855,-3.4831286225578566,-2.493896993771685,0.469156909097479,2.047935247444171,3.443435937814943,position_history,121,rookie,v2_next_year_beta_20260828T213408Z_741eb3cf,milestone_3_20260828T210736Z_903d8f44,v2_next_year_expert_residual_v1,beta,6a9a803feee65cd1bd54f3b013594fb56a3c5c3eb6f65caf5c7e61ffee7bb0e6,shadow
da6048ce-35b2-52d2-a3c0-956af54f730e,00-0040644,Trevor Etienne,2026,2027,RB,CAR,confirmed,0.7658823529411765,,,,0,0,target_incomplete,0.0,1.0,1,7.0,337.06,0.7574820384544381,0.8771948118882137,0.6097613512933316,2.2150849769651417,2.8550808736548423,1.403342687822953,2.9745213289931627,2.6815623932043824,0.7658823529411765,2.1692250407641294,2.980967329906318,3.740403681934339,3.620963226596019,3.4474447461455586,2.6815623932043824,3.4474447461455586,0.7574820384544381,-5.48615073240633,-4.244920053205529,-2.730536823343935,2.745851062339551,6.172636499559855,7.5044937746885285,position_history,171,second_year,v2_next_year_beta_20260828T213408Z_741eb3cf,milestone_3_20260828T210736Z_903d8f44,v2_next_year_expert_residual_v1,beta,6a9a803feee65cd1bd54f3b013594fb56a3c5c3eb6f65caf5c7e61ffee7bb0e6,shadow
da6fde27-09e6-5fc1-a727-9d63d7451839,00-0041032,Kenyon Sadiq,2026,2027,TE,NYJ,confirmed,6.1090294117647055,,,,0,0,target_incomplete,1.0,0.0,0,7.0,176.67,0.9615236076198322,0.9735518651609134,0.6038558673610269,1.5811843625963742,2.250232813397332,2.0843437891501377,2.389778345917755,2.0737318406371537,6.1090294117647055,8.193373200914843,7.69021377436108,8.49880775768246,8.359262225162038,8.182761252401859,2.0737318406371537,8.182761252401859,0.9615236076198322,-4.352633110913855,-3.4831286225578566,-2.493896993771685,0.469156909097479,2.047935247444171,3.443435937814943,position_history,121,rookie,v2_next_year_beta_20260828T213408Z_741eb3cf,milestone_3_20260828T210736Z_903d8f44,v2_next_year_expert_residual_v1,beta,6a9a803feee65cd1bd54f3b013594fb56a3c5c3eb6f65caf5c7e61ffee7bb0e6,shadow
dac04937-183f-50ee-9b1f-6798eee4b743,00-0035537,Ty Johnson,2026,2027,RB,BUF,confirmed,4.843640013108308,,,,0,0,target_incomplete,0.0,7.0,1,7.0,297.5425,0.7510916237415722,0.8783941521535937,0.5443934450622839,-0.4791899046296948,0.5878367498045532,-0.681281550565376,0.0005767387845621323,0.03640786131980687,4.843640013108308,4.162358462542932,4.364450108478613,4.84421675189287,5.431476762912861,4.880047874428115,0.03640786131980687,4.880047874428115,0.7510916237415722,-5.775864899111019,-4.643358820238846,-2.737069962073368,1.761662089777431,5.120078841022579,6.865731939366032,position_history,561,veteran_with_history,v2_next_year_beta_20260828T213408Z_741eb3cf,milestone_3_20260828T210736Z_903d8f44,v2_next_year_expert_residual_v1,beta,6a9a803feee65cd1bd54f3b013594fb56a3c5c3eb6f65caf5c7e61ffee7bb0e6,shadow
dae120b1-c58d-5502-9d9f-9b88d7e4191d,00-0039824,Jared Wiley,2026,2027,TE,KC,confirmed,0.6257411764705882,,,,0,0,target_incomplete,0.0,2.0,1,4.0,285.4175,0.6924008595167287,0.7396606402042052,0.5866373331518034,3.3603574287720437,3.197914380358729,0.9813959523087957,2.7738191898762756,3.1106969996690164,0.6257411764705882,1.6071371287793839,3.986098605242632,3.399560366346864,3.8236555568293173,3.736438176139605,3.1106969996690164,3.736438176139605,0.6924008595167287,-3.2358565481832877,-2.66710551537136,-1.8857939720040764,1.062470480921867,3.115963575900585,4.606394156586925,position_history,517,veteran_with_history,v2_next_year_beta_20260828T213408Z_741eb3cf,milestone_3_20260828T210736Z_903d8f44,v2_next_year_expert_residual_v1,beta,6a9a803feee65cd1bd54f3b013594fb56a3c5c3eb6f65caf5c7e61ffee7bb0e6,shadow
db0eda74-3c4b-5743-87c4-c93270f4edc1,00-0039376,Spencer Rattler,2026,2027,QB,NO,confirmed,,,,,0,0,target_incomplete,0.0,2.0,1,5.0,341.4975,0.5264038119203152,0.8034654890617482,0.4649623649904308,,,,,,,,,,,,,,0.5264038119203152,-8.06412819759558,-5.734041511578347,-2.864465114852388,2.783835279116431,6.020518964099286,6.909064297162426,position_history,209,veteran_with_history,v2_next_year_beta_20260828T213408Z_741eb3cf,milestone_3_20260828T210736Z_903d8f44,v2_next_year_expert_residual_v1,beta,6a9a803feee65cd1bd54f3b013594fb56a3c5c3eb6f65caf5c7e61ffee7bb0e6,shadow
db7d5e90-b154-5095-84a2-b527ee8684a2,00-0039849,Marvin Harrison Jr.,2026,2027,WR,ARI,confirmed,9.091764705882355,,,,0,0,target_incomplete,0.0,2.0,1,7.0,69.10749999999999,0.9516052635967008,0.9859170572887923,0.561304531171307,0.1706773725349231,-0.1392519766978113,1.1528823356726514,-0.38961651207220865,-0.11939703874503228,9.091764705882355,10.244647041555005,9.262442078417278,8.702148193810146,8.952512729184544,8.972367667137322,-0.11939703874503228,8.972367667137322,0.9516052635967008,-5.174675104176586,-4.132551138216551,-2.349516433734719,1.7104468853139558,3.790706964546365,5.521261715174053,position_history,879,veteran_with_history,v2_next_year_beta_20260828T213408Z_741eb3cf,milestone_3_20260828T210736Z_903d8f44,v2_next_year_expert_residual_v1,beta,6a9a803feee65cd1bd54f3b013594fb56a3c5c3eb6f65caf5c7e61ffee7bb0e6,shadow
dbddf1a9-f4f2-58d9-b145-32dd70ec0394,00-0038102,Kenny Pickett,2026,2027,QB,CAR,confirmed,0.07102057480526422,,,,0,0,target_incomplete,0.0,4.0,1,6.0,300.0,0.3713797140828394,0.636667439691733,0.48962908340472044,7.59287627202554,11.717204006999477,3.309060099871514,12.827392995840665,10.712491091621894,0.07102057480526422,3.380080674676778,7.663896846830805,12.898413570645928,11.78822458180474,10.783511666427158,10.712491091621894,10.783511666427158,0.3713797140828394,-8.06412819759558,-5.734041511578347,-2.864465114852388,2.783835279116431,6.020518964099286,6.909064297162426,position_history,209,veteran_with_history,v2_next_year_beta_20260828T213408Z_741eb3cf,milestone_3_20260828T210736Z_903d8f44,v2_next_year_expert_residual_v1,beta,6a9a803feee65cd1bd54f3b013594fb56a3c5c3eb6f65caf5c7e61ffee7bb0e6,shadow
dbee73e8-4c53-5352-adb1-75e935248793,00-0041087,Joe Royer,2026,2027,TE,CLE,confirmed,0.7470588235294118,,,,0,0,target_incomplete,1.0,0.0,0,3.0,397.0,0.6807644885372858,0.7331437979286003,0.6038558673610269,2.83009781095022,2.208153799750945,2.0843437891501377,2.2925669254818177,2.4436061787276606,0.7470588235294118,2.8314026126795495,3.577156634479632,3.0396257490112295,2.9552126232803566,3.1906650022570724,2.4436061787276606,3.1906650022570724,0.6807644885372858,-4.352633110913855,-3.4831286225578566,-2.493896993771685,0.469156909097479,2.047935247444171,3.443435937814943,position_history,121,rookie,v2_next_year_beta_20260828T213408Z_741eb3cf,milestone_3_20260828T210736Z_903d8f44,v2_next_year_expert_residual_v1,beta,6a9a803feee65cd1bd54f3b013594fb56a3c5c3eb6f65caf5c7e61ffee7bb0e6,shadow
dc145fd3-cd5f-52e5-a81a-94f83f705b4a,00-0041550,Brenen Thompson,2026,2027,WR,LAC,confirmed,1.7477647058823529,,,,0,0,target_incomplete,1.0,0.0,0,6.0,327.78499999999997,0.7634184168461423,0.8367421781392737,0.5968118837409765,2.3457923289843627,2.256119248667015,2.727429987360483,2.4633975467827467,2.3551030414780416,1.7477647058823529,4.475194693242836,4.093557034866715,4.211162252665099,4.003883954549368,4.102867747360395,2.3551030414780416,4.102867747360395,0.7634184168461423,-5.241847632097132,-4.420861613449043,-2.79275194455823,1.666671205196188,3.4416152985046184,5.164736756719793,position_history,250,rookie,v2_next_year_beta_20260828T213408Z_741eb3cf,milestone_3_20260828T210736Z_903d8f44,v2_next_year_expert_residual_v1,beta,6a9a803feee65cd1bd54f3b013594fb56a3c5c3eb6f65caf5c7e61ffee7bb0e6,shadow
dc2643f4-c348-59a3-8fd3-2b1f9356dc5b,00-0039847,Theo Johnson,2026,2027,TE,NYG,confirmed,3.4190000000000005,,,,0,0,target_incomplete,0.0,2.0,1,7.0,289.5375,0.9266893093151098,0.9455868374582703,0.5866373331518034,1.1604483452455625,1.1807204155415205,0.9813959523087957,0.9008124493456819,1.0806604033775882,3.4190000000000005,4.400395952308796,4.579448345245563,4.319812449345682,4.599720415541521,4.499660403377589,1.0806604033775882,4.499660403377589,0.9266893093151098,-3.2358565481832877,-2.66710551537136,-1.8857939720040764,1.062470480921867,3.115963575900585,4.606394156586925,position_history,517,veteran_with_history,v2_next_year_beta_20260828T213408Z_741eb3cf,milestone_3_20260828T210736Z_903d8f44,v2_next_year_expert_residual_v1,beta,6a9a803feee65cd1bd54f3b013594fb56a3c5c3eb6f65caf5c7e61ffee7bb0e6,shadow
dc5206de-00ba-54a5-8070-31e369af08ca,00-0037231,Kevin Austin Jr.,2026,2027,WR,NO,confirmed,0.0,,,,0,0,target_incomplete,0.0,4.0,1,1.0,,0.16510270039109598,0.5250277148029627,0.5809258307011029,2.956273941045856,2.2195385339675315,0.36463526135546426,2.433708197372741,2.5365068907953763,0.0,0.36463526135546426,2.956273941045856,2.433708197372741,2.2195385339675315,2.5365068907953763,2.5365068907953763,2.5365068907953763,0.16510270039109598,-5.174675104176586,-4.132551138216551,-2.349516433734719,1.7104468853139558,3.790706964546365,5.521261715174053,position_history,879,veteran_with_history,v2_next_year_beta_20260828T213408Z_741eb3cf,milestone_3_20260828T210736Z_903d8f44,v2_next_year_expert_residual_v1,beta,6a9a803feee65cd1bd54f3b013594fb56a3c5c3eb6f65caf5c7e61ffee7bb0e6,shadow
dc646c86-7085-5235-aea4-836e38a990dd,00-0038794,Jaleel McLaughlin,2026,2027,RB,DEN,confirmed,1.0682352941176472,,,,0,0,target_incomplete,0.0,3.0,1,3.0,316.755,0.6834556938308898,0.5642701333967768,0.6357540079168625,2.22152202764267,1.9569563848928635,0.5942195570070535,2.2174249971821856,2.1319678032392395,1.0682352941176472,1.6624548511247008,3.2897573217603173,3.2856602912998327,3.0251916790105104,3.2002030973568867,2.1319678032392395,3.2002030973568867,0.6834556938308898,-5.775864899111019,-4.643358820238846,-2.737069962073368,1.761662089777431,5.120078841022579,6.865731939366032,position_history,561,veteran_with_history,v2_next_year_beta_20260828T213408Z_741eb3cf,milestone_3_20260828T210736Z_903d8f44,v2_next_year_expert_residual_v1,beta,6a9a803feee65cd1bd54f3b013594fb56a3c5c3eb6f65caf5c7e61ffee7bb0e6,shadow
dc659f76-49c1-5ca9-b975-1914e078b12d,00-0037306,John FitzPatrick,2026,2027,TE,GB,confirmed,,,,,0,0,target_incomplete,0.0,4.0,1,1.0,,0.26555181712962417,0.46071217591514685,0.5754647011414279,,,,,,,,,,,,,,0.26555181712962417,-3.2358565481832877,-2.66710551537136,-1.8857939720040764,1.062470480921867,3.115963575900585,4.606394156586925,position_history,517,veteran_with_history,v2_next_year_beta_20260828T213408Z_741eb3cf,milestone_3_20260828T210736Z_903d8f44,v2_next_year_expert_residual_v1,beta,6a9a803feee65cd1bd54f3b013594fb56a3c5c3eb6f65caf5c7e61ffee7bb0e6,shadow
dc6afbc2-8794-5b6d-8fad-645785585c6c,00-0040078,Brashard Smith,2026,2027,RB,KC,confirmed,1.587802941176471,,,,0,0,target_incomplete,0.0,1.0,1,6.0,304.605,0.7077308480708946,0.8859132241718171,0.6097613512933316,2.3013456044884304,2.1927095275978568,1.403342687822953,2.1579710457172907,2.2173420592678594,1.587802941176471,2.9911456289994236,3.8891485456649013,3.7457739868937616,3.7805124687743277,3.8051450004443303,2.2173420592678594,3.8051450004443303,0.7077308480708946,-5.48615073240633,-4.244920053205529,-2.730536823343935,2.745851062339551,6.172636499559855,7.5044937746885285,position_history,171,second_year,v2_next_year_beta_20260828T213408Z_741eb3cf,milestone_3_20260828T210736Z_903d8f44,v2_next_year_expert_residual_v1,beta,6a9a803feee65cd1bd54f3b013594fb56a3c5c3eb6f65caf5c7e61ffee7bb0e6,shadow
dc980e68-2edd-539e-b9bd-93deb3b8bf84,00-0036919,Kenny Gainwell,2026,2027,RB,TB,confirmed,8.654058823529411,,,,0,0,target_incomplete,0.0,5.0,1,7.0,95.53712250000001,0.8185665969070467,0.9370508953630046,0.5951913648732261,-1.2349449237429515,-0.8947133782140939,-0.13301155778163867,-1.4565227738534912,-1.1953936919368455,8.654058823529411,8.521047265747772,7.41911389978646,7.19753604967592,7.759345445315317,7.458665131592565,-1.1953936919368455,7.458665131592565,0.8185665969070467,-5.775864899111019,-4.643358820238846,-2.737069962073368,1.761662089777431,5.120078841022579,6.865731939366032,position_history,561,veteran_with_history,v2_next_year_beta_20260828T213408Z_741eb3cf,milestone_3_20260828T210736Z_903d8f44,v2_next_year_expert_residual_v1,beta,6a9a803feee65cd1bd54f3b013594fb56a3c5c3eb6f65caf5c7e61ffee7bb0e6,shadow
dce82837-9b56-5207-babe-53cfac54eb70,00-0036442,Joe Burrow,2026,2027,QB,CIN,confirmed,17.666176470588237,,,,0,0,target_incomplete,0.0,6.0,1,7.0,57.575,0.9372803052688092,0.9907817947418932,0.48962908340472044,0.9942454296358605,0.11947311561729873,3.309060099871514,-0.007642572316980784,0.3686919909787261,17.666176470588237,20.97523657045975,18.660421900224097,17.658533898271255,17.785649586205537,18.034868461566962,0.3686919909787261,18.034868461566962,0.9372803052688092,-8.06412819759558,-5.734041511578347,-2.864465114852388,2.783835279116431,6.020518964099286,6.909064297162426,position_history,209,veteran_with_history,v2_next_year_beta_20260828T213408Z_741eb3cf,milestone_3_20260828T210736Z_903d8f44,v2_next_year_expert_residual_v1,beta,6a9a803feee65cd1bd54f3b013594fb56a3c5c3eb6f65caf5c7e61ffee7bb0e6,shadow
dd3c2301-3637-5019-abd1-885c52d99df6,00-0033288,George Kittle,2026,2027,TE,SF,confirmed,8.325570588235294,,,,0,0,target_incomplete,0.0,9.0,1,7.0,104.10489000000001,0.799680522277255,0.9167523725937866,0.5338622493006663,-1.8241497244766993,-1.1861721908340481,-0.08955813866931404,-1.2248070622884777,-1.4117096591997418,8.325570588235294,8.23601244956598,6.501420863758595,7.1007635259468165,7.139398397401246,6.913860929035552,-1.4117096591997418,6.913860929035552,0.799680522277255,-3.2358565481832877,-2.66710551537136,-1.8857939720040764,1.062470480921867,3.115963575900585,4.606394156586925,position_history,517,veteran_with_history,v2_next_year_beta_20260828T213408Z_741eb3cf,milestone_3_20260828T210736Z_903d8f44,v2_next_year_expert_residual_v1,beta,6a9a803feee65cd1bd54f3b013594fb56a3c5c3eb6f65caf5c7e61ffee7bb0e6,shadow
dd5c1241-2d4b-5c25-80fe-9f10b285c601,00-0040628,Drake Dabney,2026,2027,TE,GB,confirmed,0.35882352941176476,,,,0,0,target_incomplete,0.0,1.0,0,1.0,497.0,0.526460925207628,0.5304724762781522,0.608365821078233,2.5645764790582497,2.4405235340117355,1.565974887778895,2.5793240134548485,2.5281413421749446,0.35882352941176476,1.9247984171906598,2.9234000084700145,2.9381475428666133,2.7993470634235003,2.8869648715867093,2.5281413421749446,2.8869648715867093,0.526460925207628,-3.6339700144720632,-2.951290805531581,-2.182514704742995,0.5014646262834015,2.7463026739883363,3.934592956869509,position_history,129,second_year,v2_next_year_beta_20260828T213408Z_741eb3cf,milestone_3_20260828T210736Z_903d8f44,v2_next_year_expert_residual_v1,beta,6a9a803feee65cd1bd54f3b013594fb56a3c5c3eb6f65caf5c7e61ffee7bb0e6,shadow
dd950026-9269-5740-b106-2e5b095183b6,00-0035208,Olamide Zaccheaus,2026,2027,WR,ATL,confirmed,2.9424705882352944,,,,0,0,target_incomplete,0.0,7.0,1,7.0,349.22249999999997,0.6539585100192742,0.6867746168860117,0.5494986889348197,-0.11082941204470864,1.111652744516379,-0.3337587311176249,1.3503241923051672,0.7837158415922792,2.9424705882352944,2.6087118571176697,2.831641176190586,4.292794780540461,4.054123332751674,3.7261864298275738,0.7837158415922792,3.7261864298275738,0.6539585100192742,-5.174675104176586,-4.132551138216551,-2.349516433734719,1.7104468853139558,3.790706964546365,5.521261715174053,position_history,879,veteran_with_history,v2_next_year_beta_20260828T213408Z_741eb3cf,milestone_3_20260828T210736Z_903d8f44,v2_next_year_expert_residual_v1,beta,6a9a803feee65cd1bd54f3b013594fb56a3c5c3eb6f65caf5c7e61ffee7bb0e6,shadow
ddf55e16-fa43-5d7e-92f4-f41e53fd6fb7,00-0040691,Jaxson Dart,2026,2027,QB,NYG,confirmed,15.733701176470587,,,,0,0,target_incomplete,0.0,1.0,1,7.0,101.17750000000001,0.9533434835880593,0.99418739522543,0.41318674656565685,2.0641398500895,0.5762777208802753,2.7276617028016705,0.15981385737955917,0.9334104761164448,15.733701176470587,18.461362879272258,17.797841026560086,15.893515033850147,16.309978897350863,16.66711165258703,0.9334104761164448,16.66711165258703,0.9533434835880593,-8.45552130817761,-6.586595987192735,-2.9812738228535967,2.974665977858852,6.51934127264136,8.784757686121404,position,274,second_year,v2_next_year_beta_20260828T213408Z_741eb3cf,milestone_3_20260828T210736Z_903d8f44,v2_next_year_expert_residual_v1,beta,6a9a803feee65cd1bd54f3b013594fb56a3c5c3eb6f65caf5c7e61ffee7bb0e6,shadow
de62f6fc-b2f4-5dbc-a549-cf3a6a20ee4e,00-0039920,Malachi Corley,2026,2027,WR,CLE,confirmed,0.5443529411764707,,,,0,0,target_incomplete,0.0,2.0,1,4.0,287.0,0.5429716382335977,0.7451641519749393,0.561304531171307,3.174445776294993,3.506204715931743,1.1528823356726514,3.2570889520839943,3.3125798147702437,0.5443529411764707,1.6972352768491221,3.718798717471464,3.801441893260465,4.050557657108214,3.8569327559467146,3.3125798147702437,3.8569327559467146,0.5429716382335977,-5.174675104176586,-4.132551138216551,-2.349516433734719,1.7104468853139558,3.790706964546365,5.521261715174053,position_history,879,veteran_with_history,v2_next_year_beta_20260828T213408Z_741eb3cf,milestone_3_20260828T210736Z_903d8f44,v2_next_year_expert_residual_v1,beta,6a9a803feee65cd1bd54f3b013594fb56a3c5c3eb6f65caf5c7e61ffee7bb0e6,shadow
de7cc54e-8a8f-51f3-bbe4-d8e681ebdea8,00-0035644,Noah Fant,2026,2027,TE,NO,confirmed,3.031458823529412,,,,0,0,target_incomplete,0.0,7.0,1,7.0,332.8925,0.7191502519755602,0.7984788202051751,0.5338622493006663,0.11588819692495855,1.0321993740755993,-0.08955813866931404,0.8778143961331117,0.6753006557112231,3.031458823529412,2.941900684860098,3.1473470204543705,3.9092732196625235,4.063658197605012,3.706759479240635,0.6753006557112231,3.706759479240635,0.7191502519755602,-3.2358565481832877,-2.66710551537136,-1.8857939720040764,1.062470480921867,3.115963575900585,4.606394156586925,position_history,517,veteran_with_history,v2_next_year_beta_20260828T213408Z_741eb3cf,milestone_3_20260828T210736Z_903d8f44,v2_next_year_expert_residual_v1,beta,6a9a803feee65cd1bd54f3b013594fb56a3c5c3eb6f65caf5c7e61ffee7bb0e6,shadow
dee1a53c-71e9-5f9c-bab1-9ab8bdebdc8e,00-0041104,Demond Claiborne,2026,2027,RB,MIN,confirmed,1.486233819433065,,,,0,0,target_incomplete,1.0,0.0,0,7.0,231.85500000000002,0.7515802244739507,0.8698574513624984,0.6553958879420866,3.3703893576508106,2.819858883587042,2.8830872316241134,2.9695987371425883,3.053282326126814,1.486233819433065,4.369321051057178,4.8566231770838755,4.455832556575653,4.3060927030201075,4.539516145559879,3.053282326126814,4.539516145559879,0.7515802244739507,-5.275047966924827,-4.3298006659425265,-2.5364531139387987,2.612371761579932,6.381973266338156,8.832194594599148,position_history,178,rookie,v2_next_year_beta_20260828T213408Z_741eb3cf,milestone_3_20260828T210736Z_903d8f44,v2_next_year_expert_residual_v1,beta,6a9a803feee65cd1bd54f3b013594fb56a3c5c3eb6f65caf5c7e61ffee7bb0e6,shadow
dee2587d-ce48-5d4d-a3c5-c22d5c959256,00-0039648,David Martin-Robinson,2026,2027,TE,TEN,confirmed,0.25882352941176473,,,,0,0,target_incomplete,0.0,2.0,1,1.0,,0.427882109440839,0.40278584792806016,0.5866373331518034,2.228694517938545,1.8685880558573253,0.9813959523087957,2.153256426414214,2.083513000070028,0.25882352941176473,1.2402194817205605,2.4875180473503096,2.4120799558259787,2.12741158526909,2.3423365294817926,2.083513000070028,2.3423365294817926,0.427882109440839,-3.2358565481832877,-2.66710551537136,-1.8857939720040764,1.062470480921867,3.115963575900585,4.606394156586925,position_history,517,veteran_with_history,v2_next_year_beta_20260828T213408Z_741eb3cf,milestone_3_20260828T210736Z_903d8f44,v2_next_year_expert_residual_v1,beta,6a9a803feee65cd1bd54f3b013594fb56a3c5c3eb6f65caf5c7e61ffee7bb0e6,shadow
df27a497-7903-5064-8541-cc5d2b161573,00-0031585,MyCole Pruitt,2026,2027,TE,,confirmed,,,,,0,0,target_incomplete,0.0,11.0,1,,343.0,0.14146880384383245,0.2815392361920636,0.4951784667648797,,,,,,,,,,,,,,0.14146880384383245,-3.2358565481832877,-2.66710551537136,-1.8857939720040764,1.062470480921867,3.115963575900585,4.606394156586925,position_history,517,veteran_with_history,v2_next_year_beta_20260828T213408Z_741eb3cf,milestone_3_20260828T210736Z_903d8f44,v2_next_year_expert_residual_v1,beta,6a9a803feee65cd1bd54f3b013594fb56a3c5c3eb6f65caf5c7e61ffee7bb0e6,shadow
df8422ce-da76-5999-80be-a47aead4fc59,00-0039923,J.J. McCarthy,2026,2027,QB,MIN,confirmed,1.0641201048664584,,,,0,0,target_incomplete,0.0,2.0,1,7.0,275.34749999999997,0.7748010731637102,0.9255625688691396,0.4649623649904308,8.685166941115034,11.065485756476194,3.1546501294267837,14.275438341891245,11.342030346494157,1.0641201048664584,4.218770234293242,9.749287045981491,15.339558446757703,12.129605861342652,12.406150451360615,11.342030346494157,12.406150451360615,0.7748010731637102,-8.06412819759558,-5.734041511578347,-2.864465114852388,2.783835279116431,6.020518964099286,6.909064297162426,position_history,209,veteran_with_history,v2_next_year_beta_20260828T213408Z_741eb3cf,milestone_3_20260828T210736Z_903d8f44,v2_next_year_expert_residual_v1,beta,6a9a803feee65cd1bd54f3b013594fb56a3c5c3eb6f65caf5c7e61ffee7bb0e6,shadow
df9c20f9-8747-55fa-ae71-b580aa4727ea,00-0033949,Joshua Dobbs,2026,2027,QB,DET,confirmed,0.9672882352941177,,,,0,0,target_incomplete,0.0,9.0,1,4.0,295.51,0.3624032606420274,0.3906413815235433,0.5472605688041711,6.591748364053544,9.784203594574716,3.0996677277257425,9.619125830576875,8.665025929735046,0.9672882352941177,4.06695596301986,7.559036599347661,10.586414065870994,10.751491829868835,9.632314165029165,8.665025929735046,9.632314165029165,0.3624032606420274,-8.06412819759558,-5.734041511578347,-2.864465114852388,2.783835279116431,6.020518964099286,6.909064297162426,position_history,209,veteran_with_history,v2_next_year_beta_20260828T213408Z_741eb3cf,milestone_3_20260828T210736Z_903d8f44,v2_next_year_expert_residual_v1,beta,6a9a803feee65cd1bd54f3b013594fb56a3c5c3eb6f65caf5c7e61ffee7bb0e6,shadow
dffba7ed-5d39-57e1-ae64-982e184d6936,00-0038862,Elijah Dotson,2026,2027,RB,,confirmed,,,,,0,0,target_incomplete,0.0,3.0,1,,373.0,0.28211648318596816,0.2748589675785008,0.6357540079168625,,,,,,,,,,,,,,0.28211648318596816,-5.775864899111019,-4.643358820238846,-2.737069962073368,1.761662089777431,5.120078841022579,6.865731939366032,position_history,561,veteran_with_history,v2_next_year_beta_20260828T213408Z_741eb3cf,milestone_3_20260828T210736Z_903d8f44,v2_next_year_expert_residual_v1,beta,6a9a803feee65cd1bd54f3b013594fb56a3c5c3eb6f65caf5c7e61ffee7bb0e6,shadow
e034f337-1957-5829-a966-1ad15436b528,00-0039710,Jeshaun Jones,2026,2027,WR,MIN,confirmed,0.023529411764705882,,,,0,0,target_incomplete,0.0,2.0,0,3.0,362.0,0.38452056950717917,0.5366206673865739,0.561304531171307,2.5412465782810365,2.247758640380955,1.1528823356726514,2.446414368502504,2.411806529054832,0.023529411764705882,1.1764117474373572,2.5647759900457423,2.4699437802672097,2.271288052145661,2.4353359408195376,2.411806529054832,2.4353359408195376,0.38452056950717917,-5.247028493584627,-4.168147262586337,-2.4882348181433445,1.7215690384925635,4.092107755797534,5.673306043718701,position,1398,other_no_history,v2_next_year_beta_20260828T213408Z_741eb3cf,milestone_3_20260828T210736Z_903d8f44,v2_next_year_expert_residual_v1,beta,6a9a803feee65cd1bd54f3b013594fb56a3c5c3eb6f65caf5c7e61ffee7bb0e6,shadow
e075f67b-e1d2-537a-a904-4d078d618783,00-0034829,Mike Gesicki,2026,2027,TE,CIN,confirmed,5.246116663935768,,,,0,0,target_incomplete,0.0,8.0,1,7.0,255.1,0.7353803416748507,0.8591278699833803,0.5338622493006663,-0.8634431231700233,-0.3563281778511531,-0.08955813866931404,-0.3548531370711887,-0.5248748126974551,5.246116663935768,5.156558525266455,4.382673540765746,4.89126352686458,4.8897884860846155,4.721241851238314,-0.5248748126974551,4.721241851238314,0.7353803416748507,-3.2358565481832877,-2.66710551537136,-1.8857939720040764,1.062470480921867,3.115963575900585,4.606394156586925,position_history,517,veteran_with_history,v2_next_year_beta_20260828T213408Z_741eb3cf,milestone_3_20260828T210736Z_903d8f44,v2_next_year_expert_residual_v1,beta,6a9a803feee65cd1bd54f3b013594fb56a3c5c3eb6f65caf5c7e61ffee7bb0e6,shadow
e07d3f8d-4844-56f8-9663-65ceaa3310d8,00-0033280,Christian McCaffrey,2026,2027,RB,SF,confirmed,17.652588235294118,,,,0,0,target_incomplete,0.0,9.0,1,7.0,6.38,0.9539350489696435,0.9959701060249782,0.5443934450622839,-2.5150909052608155,-1.5899590010650602,-0.681281550565376,-2.4736699069809545,-2.1929066044356103,17.652588235294118,16.97130668472874,15.137497330033302,15.178918328313163,16.062629234229057,15.459681630858508,-2.1929066044356103,15.459681630858508,0.9539350489696435,-5.775864899111019,-4.643358820238846,-2.737069962073368,1.761662089777431,5.120078841022579,6.865731939366032,position_history,561,veteran_with_history,v2_next_year_beta_20260828T213408Z_741eb3cf,milestone_3_20260828T210736Z_903d8f44,v2_next_year_expert_residual_v1,beta,6a9a803feee65cd1bd54f3b013594fb56a3c5c3eb6f65caf5c7e61ffee7bb0e6,shadow
e098a313-be86-5018-8b1c-3a1fc50c7dc1,00-0040265,Ja'Seem Reed,2026,2027,WR,CAR,confirmed,1.1148823529411764,,,,0,0,target_incomplete,0.0,1.0,0,1.0,,0.5736426372887891,0.2932851417281657,0.561305717008435,2.9519458022162963,2.537298231129486,1.6282505450092744,2.7074586803735805,2.732234237906454,1.1148823529411764,2.743132897950451,4.066828155157473,3.822341033314757,3.6521805840706625,3.8471165908476306,2.732234237906454,3.8471165908476306,0.5736426372887891,-5.290117666656729,-4.500130273045835,-2.703400287276647,1.85750718837489,4.640355612959511,5.846307043900342,position_history,246,second_year,v2_next_year_beta_20260828T213408Z_741eb3cf,milestone_3_20260828T210736Z_903d8f44,v2_next_year_expert_residual_v1,beta,6a9a803feee65cd1bd54f3b013594fb56a3c5c3eb6f65caf5c7e61ffee7bb0e6,shadow
e1ec8db7-77f7-52da-a6a4-e1fda09e11d7,00-0039424,Devaughn Vele,2026,2027,WR,NO,confirmed,5.476470588235294,,,,0,0,target_incomplete,0.0,2.0,1,7.0,244.64999999999998,0.7430211417787572,0.902143244942969,0.561304531171307,-0.3453915038415556,0.060787283939352364,1.1528823356726514,-0.1730258984661218,-0.1525433727894417,5.476470588235294,6.629352923907946,5.131079084393739,5.303444689769172,5.537257872174647,5.323927215445853,-0.1525433727894417,5.323927215445853,0.7430211417787572,-5.174675104176586,-4.132551138216551,-2.349516433734719,1.7104468853139558,3.790706964546365,5.521261715174053,position_history,879,veteran_with_history,v2_next_year_beta_20260828T213408Z_741eb3cf,milestone_3_20260828T210736Z_903d8f44,v2_next_year_expert_residual_v1,beta,6a9a803feee65cd1bd54f3b013594fb56a3c5c3eb6f65caf5c7e61ffee7bb0e6,shadow
e1fa29d1-49db-50e6-859f-eb8c7c3991ef,00-0035256,Bryce Love,2026,2027,RB,,confirmed,,,,,0,0,target_incomplete,0.0,7.0,0,,385.0,0.38881170360673006,0.34171278898166413,0.5443934450622839,,,,,,,,,,,,,,0.38881170360673006,-5.658583028392476,-4.443360307688951,-2.67308436298355,2.1764076375313834,5.727661803559764,7.457871538403787,position,918,other_no_history,v2_next_year_beta_20260828T213408Z_741eb3cf,milestone_3_20260828T210736Z_903d8f44,v2_next_year_expert_residual_v1,beta,6a9a803feee65cd1bd54f3b013594fb56a3c5c3eb6f65caf5c7e61ffee7bb0e6,shadow
e1fc4185-09b7-5874-b8e4-34276bef2a4a,00-0035298,Scott Miller,2026,2027,WR,CHI,confirmed,0.1647058823529412,,,,0,0,target_incomplete,0.0,7.0,1,1.0,,0.20890720158513518,0.28815241908618766,0.5494986889348197,2.0966141610718996,2.0447578133848183,-0.3337587311176249,2.3450741462815876,2.1621487069127685,0.1647058823529412,0.0,2.2613200434248406,2.5097800286345286,2.2094636957377594,2.3268545892657095,2.1621487069127685,2.3268545892657095,0.20890720158513518,-5.174675104176586,-4.132551138216551,-2.349516433734719,1.7104468853139558,3.790706964546365,5.521261715174053,position_history,879,veteran_with_history,v2_next_year_beta_20260828T213408Z_741eb3cf,milestone_3_20260828T210736Z_903d8f44,v2_next_year_expert_residual_v1,beta,6a9a803feee65cd1bd54f3b013594fb56a3c5c3eb6f65caf5c7e61ffee7bb0e6,shadow
e2877123-a571-5cb8-9cdd-4dbd3d0de2a5,00-0038559,Michael Wilson,2026,2027,WR,ARI,confirmed,8.469376470588236,,,,0,0,target_incomplete,0.0,3.0,1,7.0,84.68,0.9398021725503223,0.971831180506383,0.561304531171307,-0.5677840219088444,-0.7154604485941739,1.1528823356726514,-0.8218164860187622,-0.7016869855072602,8.469376470588236,9.622258806260888,7.901592448679391,7.647559984569473,7.753916021994062,7.767689485080975,-0.7016869855072602,7.767689485080975,0.9398021725503223,-5.174675104176586,-4.132551138216551,-2.349516433734719,1.7104468853139558,3.790706964546365,5.521261715174053,position_history,879,veteran_with_history,v2_next_year_beta_20260828T213408Z_741eb3cf,milestone_3_20260828T210736Z_903d8f44,v2_next_year_expert_residual_v1,beta,6a9a803feee65cd1bd54f3b013594fb56a3c5c3eb6f65caf5c7e61ffee7bb0e6,shadow
e31f8f01-b73b-510f-825c-7579b9862b17,00-0040220,Tommy Mellott,2026,2027,WR,,confirmed,,,,,0,0,target_incomplete,0.0,1.0,0,,297.0,0.2928668338296528,0.35223063639160146,0.561305717008435,,,,,,,,,,,,,,0.2928668338296528,-5.290117666656729,-4.500130273045835,-2.703400287276647,1.85750718837489,4.640355612959511,5.846307043900342,position_history,246,second_year,v2_next_year_beta_20260828T213408Z_741eb3cf,milestone_3_20260828T210736Z_903d8f44,v2_next_year_expert_residual_v1,beta,6a9a803feee65cd1bd54f3b013594fb56a3c5c3eb6f65caf5c7e61ffee7bb0e6,shadow
e36034a5-fc78-5b29-90e0-66619310bb0b,00-0040718,Travis Hunter,2026,2027,WR,JAC,confirmed,4.91817190226876,,,,0,0,target_incomplete,0.0,1.0,1,6.0,183.13536,0.8787826551471584,0.9586300787022429,0.561305717008435,2.334347519592016,1.4778388369803903,1.6282505450092744,1.6837963386000139,1.83199423172414,4.91817190226876,6.546422447278035,7.252519421860776,6.601968240868774,6.39601073924915,6.7501661339929,1.83199423172414,6.7501661339929,0.8787826551471584,-5.290117666656729,-4.500130273045835,-2.703400287276647,1.85750718837489,4.640355612959511,5.846307043900342,position_history,246,second_year,v2_next_year_beta_20260828T213408Z_741eb3cf,milestone_3_20260828T210736Z_903d8f44,v2_next_year_expert_residual_v1,beta,6a9a803feee65cd1bd54f3b013594fb56a3c5c3eb6f65caf5c7e61ffee7bb0e6,shadow
e3640a49-e4df-5e1d-a699-7c70108146cc,00-0035289,Gardner Minshew,2026,2027,QB,ARI,confirmed,0.5552352941176472,,,,0,0,target_incomplete,0.0,7.0,1,6.0,328.22249999999997,0.3785706340226413,0.43095090228245947,0.5472605688041711,6.859886716397625,10.484539477960013,3.0996677277257425,10.385635909018232,9.243354034458624,0.5552352941176472,3.6549030218433898,7.415122010515272,10.94087120313588,11.03977477207766,9.798589328576272,9.243354034458624,9.798589328576272,0.3785706340226413,-8.06412819759558,-5.734041511578347,-2.864465114852388,2.783835279116431,6.020518964099286,6.909064297162426,position_history,209,veteran_with_history,v2_next_year_beta_20260828T213408Z_741eb3cf,milestone_3_20260828T210736Z_903d8f44,v2_next_year_expert_residual_v1,beta,6a9a803feee65cd1bd54f3b013594fb56a3c5c3eb6f65caf5c7e61ffee7bb0e6,shadow
e36cf9b5-cc57-5027-bb2d-829f8f55351f,00-0040509,Ben Yurosek,2026,2027,TE,MIN,confirmed,0.49076470588235294,,,,0,0,target_incomplete,0.0,1.0,1,3.0,,0.5200612135898811,0.527503952615632,0.608365821078233,2.3872338557480517,2.3650470855897847,1.565974887778895,2.2867057123393413,2.346328884559059,0.49076470588235294,2.056739593661248,2.8779985616304047,2.7774704182216943,2.8558117914721377,2.837093590441412,2.346328884559059,2.837093590441412,0.5200612135898811,-3.6339700144720632,-2.951290805531581,-2.182514704742995,0.5014646262834015,2.7463026739883363,3.934592956869509,position_history,129,second_year,v2_next_year_beta_20260828T213408Z_741eb3cf,milestone_3_20260828T210736Z_903d8f44,v2_next_year_expert_residual_v1,beta,6a9a803feee65cd1bd54f3b013594fb56a3c5c3eb6f65caf5c7e61ffee7bb0e6,shadow
e3e5c0e8-f56e-5bbc-b947-f7318a6eb879,00-0036924,Michael Carter,2026,2027,RB,TEN,confirmed,0.32930588235294117,,,,0,0,target_incomplete,0.0,5.0,1,5.0,297.0,0.47754809253602415,0.6746709758094753,0.5951913648732261,3.4139620092784058,3.0061073644770766,-0.13301155778163867,2.862711718940855,3.0942603642321127,0.32930588235294117,0.1962943245713025,3.743267891631347,3.192017601293796,3.3354132468300177,3.423566246585054,3.0942603642321127,3.423566246585054,0.47754809253602415,-5.775864899111019,-4.643358820238846,-2.737069962073368,1.761662089777431,5.120078841022579,6.865731939366032,position_history,561,veteran_with_history,v2_next_year_beta_20260828T213408Z_741eb3cf,milestone_3_20260828T210736Z_903d8f44,v2_next_year_expert_residual_v1,beta,6a9a803feee65cd1bd54f3b013594fb56a3c5c3eb6f65caf5c7e61ffee7bb0e6,shadow
e436a9b9-2e45-5fb8-8fa6-ef09405ba0a7,00-0032394,Nick Vannett,2026,2027,TE,,confirmed,1.6764705882352942,,,,0,0,target_incomplete,0.0,10.0,1,1.0,,0.27604028828674815,0.20873250997332646,0.4951784667648797,0.5685063734511336,0.8956640737574209,0.5492362868820017,1.0434584990751068,0.8358763154278872,1.6764705882352942,2.2257068751172957,2.2449769616864277,2.719929087310401,2.572134661992715,2.5123469036631816,0.8358763154278872,2.5123469036631816,0.27604028828674815,-3.2358565481832877,-2.66710551537136,-1.8857939720040764,1.062470480921867,3.115963575900585,4.606394156586925,position_history,517,veteran_with_history,v2_next_year_beta_20260828T213408Z_741eb3cf,milestone_3_20260828T210736Z_903d8f44,v2_next_year_expert_residual_v1,beta,6a9a803feee65cd1bd54f3b013594fb56a3c5c3eb6f65caf5c7e61ffee7bb0e6,shadow
e46c3203-ffb0-56b9-9955-20082151e676,00-0038608,Kayshon Boutte,2026,2027,WR,HOU,confirmed,6.007162051450107,,,,0,0,target_incomplete,0.0,3.0,1,6.0,183.855755,0.808296593142413,0.9002409557282289,0.561304531171307,0.4799209852894186,0.6977505777720221,1.1528823356726514,0.3280046998627575,0.5018920876413994,6.007162051450107,7.160044387122759,6.487083036739526,6.335166751312865,6.70491262922213,6.509054139091507,0.5018920876413994,6.509054139091507,0.808296593142413,-5.174675104176586,-4.132551138216551,-2.349516433734719,1.7104468853139558,3.790706964546365,5.521261715174053,position_history,879,veteran_with_history,v2_next_year_beta_20260828T213408Z_741eb3cf,milestone_3_20260828T210736Z_903d8f44,v2_next_year_expert_residual_v1,beta,6a9a803feee65cd1bd54f3b013594fb56a3c5c3eb6f65caf5c7e61ffee7bb0e6,shadow
e492c31b-21c9-55b9-b007-4dd0d8fd1ad4,00-0034791,Nick Chubb,2026,2027,RB,HOU,confirmed,,,,,0,0,target_incomplete,0.0,8.0,1,,271.84655,0.4784024993827258,0.4649247500605177,0.5443934450622839,,,,,,,,,,,,,,0.4784024993827258,-5.775864899111019,-4.643358820238846,-2.737069962073368,1.761662089777431,5.120078841022579,6.865731939366032,position_history,561,veteran_with_history,v2_next_year_beta_20260828T213408Z_741eb3cf,milestone_3_20260828T210736Z_903d8f44,v2_next_year_expert_residual_v1,beta,6a9a803feee65cd1bd54f3b013594fb56a3c5c3eb6f65caf5c7e61ffee7bb0e6,shadow
e589d9f6-f651-5d0c-996f-c407d4033856,00-0035973,Patrick Taylor,2026,2027,RB,,confirmed,,,,,0,0,target_incomplete,0.0,6.0,1,,477.0,0.2921265764745209,0.26043129304292856,0.5951913648732261,,,,,,,,,,,,,,0.2921265764745209,-5.775864899111019,-4.643358820238846,-2.737069962073368,1.761662089777431,5.120078841022579,6.865731939366032,position_history,561,veteran_with_history,v2_next_year_beta_20260828T213408Z_741eb3cf,milestone_3_20260828T210736Z_903d8f44,v2_next_year_expert_residual_v1,beta,6a9a803feee65cd1bd54f3b013594fb56a3c5c3eb6f65caf5c7e61ffee7bb0e6,shadow
e63926eb-062c-512b-8913-6ffdd601e5ad,00-0036415,Van Jefferson,2026,2027,WR,WAS,confirmed,1.1067058823529412,,,,0,0,target_incomplete,0.0,6.0,1,2.0,471.0,0.5299532868027373,0.40149215082858297,0.5809258307011029,0.4882508039781912,1.8080799152515141,0.36463526135546426,2.1463839568224663,1.4809048920173904,1.1067058823529412,1.4713411437084054,1.5949566863311324,3.2530898391754075,2.9147857976044556,2.5876107743703316,1.4809048920173904,2.5876107743703316,0.5299532868027373,-5.174675104176586,-4.132551138216551,-2.349516433734719,1.7104468853139558,3.790706964546365,5.521261715174053,position_history,879,veteran_with_history,v2_next_year_beta_20260828T213408Z_741eb3cf,milestone_3_20260828T210736Z_903d8f44,v2_next_year_expert_residual_v1,beta,6a9a803feee65cd1bd54f3b013594fb56a3c5c3eb6f65caf5c7e61ffee7bb0e6,shadow
e6bfb986-45c0-521f-a8e8-fd306ab4947d,00-0037238,Drake London,2026,2027,WR,ATL,confirmed,13.511764705882355,,,,0,0,target_incomplete,0.0,4.0,1,7.0,20.4175,0.9567773530367717,0.9923208525833878,0.5809258307011029,-1.6339796921528014,-0.8252327131408138,0.36463526135546426,-0.7020567588455228,-1.0537563880463792,13.511764705882355,13.87639996723782,11.877785013729554,12.809707947036832,12.686531992741541,12.458008317835976,-1.0537563880463792,12.458008317835976,0.9567773530367717,-5.174675104176586,-4.132551138216551,-2.349516433734719,1.7104468853139558,3.790706964546365,5.521261715174053,position_history,879,veteran_with_history,v2_next_year_beta_20260828T213408Z_741eb3cf,milestone_3_20260828T210736Z_903d8f44,v2_next_year_expert_residual_v1,beta,6a9a803feee65cd1bd54f3b013594fb56a3c5c3eb6f65caf5c7e61ffee7bb0e6,shadow
e71a1290-d2df-5e35-8903-0366b36e8191,00-0040142,Kaleb Johnson,2026,2027,RB,PIT,confirmed,0.7882352941176471,,,,0,0,target_incomplete,0.0,1.0,1,7.0,310.46,0.7768782762487426,0.9106232878323791,0.6097613512933316,3.119228614801113,2.537298231129486,1.403342687822953,2.9856262634690687,2.880717703133223,0.7882352941176471,2.1915779819406,3.9074639089187597,3.7738615575867156,3.325533525247133,3.6689529972508703,2.880717703133223,3.6689529972508703,0.7768782762487426,-5.48615073240633,-4.244920053205529,-2.730536823343935,2.745851062339551,6.172636499559855,7.5044937746885285,position_history,171,second_year,v2_next_year_beta_20260828T213408Z_741eb3cf,milestone_3_20260828T210736Z_903d8f44,v2_next_year_expert_residual_v1,beta,6a9a803feee65cd1bd54f3b013594fb56a3c5c3eb6f65caf5c7e61ffee7bb0e6,shadow
e7521c88-cfc0-5d9d-a164-29f159e23ac2,00-0040476,Ulysses Bentley IV,2026,2027,RB,IND,confirmed,0.058823529411764705,,,,0,0,target_incomplete,0.0,1.0,1,1.0,382.0,0.35722362453423606,0.6162128498764029,0.6097613512933316,2.703463276463155,2.159247278767968,1.403342687822953,2.45199400085435,2.4382348520284913,0.058823529411764705,1.4621662172347176,2.7622868058749197,2.5108175302661144,2.2180708081797325,2.497058381440256,2.4382348520284913,2.497058381440256,0.35722362453423606,-5.48615073240633,-4.244920053205529,-2.730536823343935,2.745851062339551,6.172636499559855,7.5044937746885285,position_history,171,second_year,v2_next_year_beta_20260828T213408Z_741eb3cf,milestone_3_20260828T210736Z_903d8f44,v2_next_year_expert_residual_v1,beta,6a9a803feee65cd1bd54f3b013594fb56a3c5c3eb6f65caf5c7e61ffee7bb0e6,shadow
e7b2c519-8ada-5b40-9b93-23904f8fd20a,00-0037012,Trey Lance,2026,2027,QB,LAC,confirmed,0.8988723098995688,,,,0,0,target_incomplete,0.0,5.0,1,6.0,340.49,0.43006597706745137,0.7362856933822358,0.48962908340472044,6.12632504077145,10.493032286984896,3.309060099871514,14.363507017063052,10.327621448273133,0.8988723098995688,4.207932409771082,7.025197350671019,15.26237932696262,11.391904596884464,11.226493758172701,10.327621448273133,11.226493758172701,0.43006597706745137,-8.06412819759558,-5.734041511578347,-2.864465114852388,2.783835279116431,6.020518964099286,6.909064297162426,position_history,209,veteran_with_history,v2_next_year_beta_20260828T213408Z_741eb3cf,milestone_3_20260828T210736Z_903d8f44,v2_next_year_expert_residual_v1,beta,6a9a803feee65cd1bd54f3b013594fb56a3c5c3eb6f65caf5c7e61ffee7bb0e6,shadow
e7e519e5-a3ec-546f-84c7-ac13364c9dde,00-0033537,Deshaun Watson,2026,2027,QB,CLE,confirmed,6.435176470588235,,,,0,0,target_incomplete,0.0,9.0,1,7.0,247.41750000000002,0.6689080409537178,0.7937066055368369,0.5472605688041711,3.9873313638956063,2.2403739950805015,3.0996677277257425,2.813492785245205,3.013732714740437,6.435176470588235,9.534844198313978,10.422507834483842,9.248669255833441,8.675550465668737,9.448909185328672,3.013732714740437,9.448909185328672,0.6689080409537178,-8.06412819759558,-5.734041511578347,-2.864465114852388,2.783835279116431,6.020518964099286,6.909064297162426,position_history,209,veteran_with_history,v2_next_year_beta_20260828T213408Z_741eb3cf,milestone_3_20260828T210736Z_903d8f44,v2_next_year_expert_residual_v1,beta,6a9a803feee65cd1bd54f3b013594fb56a3c5c3eb6f65caf5c7e61ffee7bb0e6,shadow
e8289749-67ed-5069-883d-320c3a400a98,00-0040259,Gage Larvadain,2026,2027,WR,,confirmed,0.0,,,,0,0,target_incomplete,0.0,1.0,1,1.0,,0.22510742645381682,0.4711049754579196,0.561305717008435,2.8056692579865015,2.3671335017332464,1.6282505450092744,2.0290700593340563,2.4006242730179346,0.0,1.6282505450092744,2.8056692579865015,2.0290700593340563,2.3671335017332464,2.4006242730179346,2.4006242730179346,2.4006242730179346,0.22510742645381682,-5.290117666656729,-4.500130273045835,-2.703400287276647,1.85750718837489,4.640355612959511,5.846307043900342,position_history,246,second_year,v2_next_year_beta_20260828T213408Z_741eb3cf,milestone_3_20260828T210736Z_903d8f44,v2_next_year_expert_residual_v1,beta,6a9a803feee65cd1bd54f3b013594fb56a3c5c3eb6f65caf5c7e61ffee7bb0e6,shadow
e8588db5-a29d-5d60-8e8c-2d5472aff746,00-0035125,Alec Ingold,2026,2027,RB,LAC,confirmed,0.751764705882353,,,,0,0,target_incomplete,0.0,7.0,1,3.0,,0.4149249186074805,0.2644275343730337,0.5443934450622839,1.73611432372515,1.8781162949591328,-0.681281550565376,2.195628533907062,1.936619717530448,0.751764705882353,0.07048315531697702,2.487879029607503,2.947393239789415,2.6298810008414857,2.688384423412801,1.936619717530448,2.688384423412801,0.4149249186074805,-5.775864899111019,-4.643358820238846,-2.737069962073368,1.761662089777431,5.120078841022579,6.865731939366032,position_history,561,veteran_with_history,v2_next_year_beta_20260828T213408Z_741eb3cf,milestone_3_20260828T210736Z_903d8f44,v2_next_year_expert_residual_v1,beta,6a9a803feee65cd1bd54f3b013594fb56a3c5c3eb6f65caf5c7e61ffee7bb0e6,shadow
e86ced99-27c6-5f49-bcc3-88346ad82582,00-0038738,Hunter Luepke,2026,2027,RB,DAL,confirmed,1.2507970588235295,,,,0,0,target_incomplete,0.0,3.0,1,4.0,346.0,0.7474744251420452,0.6948486983148202,0.6357540079168625,1.202654126010206,1.740406029554917,0.5942195570070535,1.9010306201406153,1.614696925235246,1.2507970588235295,1.8450166158305832,2.4534511848337353,3.151827678964145,2.9912030883784464,2.8654939840587756,1.614696925235246,2.8654939840587756,0.7474744251420452,-5.775864899111019,-4.643358820238846,-2.737069962073368,1.761662089777431,5.120078841022579,6.865731939366032,position_history,561,veteran_with_history,v2_next_year_beta_20260828T213408Z_741eb3cf,milestone_3_20260828T210736Z_903d8f44,v2_next_year_expert_residual_v1,beta,6a9a803feee65cd1bd54f3b013594fb56a3c5c3eb6f65caf5c7e61ffee7bb0e6,shadow
ea3d6b8e-ef38-5ab0-ae8a-8eb144518c4e,00-0041512,Jadarian Price,2026,2027,RB,SEA,confirmed,10.458823529411763,,,,0,0,target_incomplete,1.0,0.0,0,7.0,60.1,0.9614201607020124,0.985093452787112,0.6553958879420866,0.5046936114975705,1.4612973408294245,2.8830872316241134,0.735673650129289,0.900554867485428,10.458823529411763,13.341910761035876,10.963517140909333,11.194497179541052,11.920120870241188,11.359378396897192,0.900554867485428,11.359378396897192,0.9614201607020124,-5.275047966924827,-4.3298006659425265,-2.5364531139387987,2.612371761579932,6.381973266338156,8.832194594599148,position_history,178,rookie,v2_next_year_beta_20260828T213408Z_741eb3cf,milestone_3_20260828T210736Z_903d8f44,v2_next_year_expert_residual_v1,beta,6a9a803feee65cd1bd54f3b013594fb56a3c5c3eb6f65caf5c7e61ffee7bb0e6,shadow
eaf076f5-093e-54e2-93bb-2968c74ba14d,00-0039738,Blake Corum,2026,2027,RB,LAR,confirmed,8.255294117647061,,,,0,0,target_incomplete,0.0,2.0,1,7.0,92.16892999999999,0.9558079415798865,0.9777473884172518,0.6357540079168625,-0.7202687011866584,-0.4833163768459107,0.5942195570070535,-1.0360310615666355,-0.7465387131997349,8.255294117647061,8.849513674654114,7.535025416460403,7.219263056080425,7.771977740801151,7.508755404447326,-0.7465387131997349,7.508755404447326,0.9558079415798865,-5.775864899111019,-4.643358820238846,-2.737069962073368,1.761662089777431,5.120078841022579,6.865731939366032,position_history,561,veteran_with_history,v2_next_year_beta_20260828T213408Z_741eb3cf,milestone_3_20260828T210736Z_903d8f44,v2_next_year_expert_residual_v1,beta,6a9a803feee65cd1bd54f3b013594fb56a3c5c3eb6f65caf5c7e61ffee7bb0e6,shadow
ebfd08e8-ef59-5444-a972-78390e0d0b5d,00-0033955,Jeremy McNichols,2026,2027,RB,WAS,confirmed,1.7137121060028109,,,,0,0,target_incomplete,0.0,9.0,1,6.0,290.3925,0.5807619116392561,0.8156445403944834,0.5443934450622839,1.0117138415583196,1.2891235587222964,-0.681281550565376,1.6138567048135544,1.3048980350313901,1.7137121060028109,1.032430555437435,2.7254259475611304,3.3275688108163655,3.002835664725107,3.018610141034201,1.3048980350313901,3.018610141034201,0.5807619116392561,-5.775864899111019,-4.643358820238846,-2.737069962073368,1.761662089777431,5.120078841022579,6.865731939366032,position_history,561,veteran_with_history,v2_next_year_beta_20260828T213408Z_741eb3cf,milestone_3_20260828T210736Z_903d8f44,v2_next_year_expert_residual_v1,beta,6a9a803feee65cd1bd54f3b013594fb56a3c5c3eb6f65caf5c7e61ffee7bb0e6,shadow
ec761cea-1114-5f0f-985b-13f2f946d7eb,00-0040673,Jalen Milroe,2026,2027,QB,SEA,confirmed,,,,,0,0,target_incomplete,0.0,1.0,0,4.0,299.775,0.503618829248998,0.6637088367721613,0.41318674656565685,,,,,,,,,,,,,,0.503618829248998,-8.45552130817761,-6.586595987192735,-2.9812738228535967,2.974665977858852,6.51934127264136,8.784757686121404,position,274,second_year,v2_next_year_beta_20260828T213408Z_741eb3cf,milestone_3_20260828T210736Z_903d8f44,v2_next_year_expert_residual_v1,beta,6a9a803feee65cd1bd54f3b013594fb56a3c5c3eb6f65caf5c7e61ffee7bb0e6,shadow
ed52cc6f-11a4-516a-9105-bbafc7acdd2b,00-0034972,Alexander Mattison,2026,2027,RB,MIA,confirmed,,,,,0,0,target_incomplete,0.0,7.0,1,1.0,,0.22971785991432636,0.12410300591111932,0.5443934450622839,,,,,,,,,,,,,,0.22971785991432636,-5.775864899111019,-4.643358820238846,-2.737069962073368,1.761662089777431,5.120078841022579,6.865731939366032,position_history,561,veteran_with_history,v2_next_year_beta_20260828T213408Z_741eb3cf,milestone_3_20260828T210736Z_903d8f44,v2_next_year_expert_residual_v1,beta,6a9a803feee65cd1bd54f3b013594fb56a3c5c3eb6f65caf5c7e61ffee7bb0e6,shadow
ed943d6b-ac13-58e3-a890-c8eb009e33f0,00-0031373,Martavis Bryant,2026,2027,WR,,confirmed,,,,,0,0,target_incomplete,0.0,12.0,1,,391.0,0.1968166899301378,0.12118648771959183,0.41694036868057527,,,,,,,,,,,,,,0.1968166899301378,-5.174675104176586,-4.132551138216551,-2.349516433734719,1.7104468853139558,3.790706964546365,5.521261715174053,position_history,879,veteran_with_history,v2_next_year_beta_20260828T213408Z_741eb3cf,milestone_3_20260828T210736Z_903d8f44,v2_next_year_expert_residual_v1,beta,6a9a803feee65cd1bd54f3b013594fb56a3c5c3eb6f65caf5c7e61ffee7bb0e6,shadow
edaf2c43-0bba-5e5e-abba-7714342a2b43,00-0040727,Tre Harris,2026,2027,WR,LAC,confirmed,4.958823529411765,,,,0,0,target_incomplete,0.0,1.0,1,7.0,176.84816999999998,0.92048851034472,0.958593007067733,0.561305717008435,0.884414837699896,1.3212790323416497,1.6282505450092744,0.7309213300801021,0.9788717333738827,4.958823529411765,6.587074074421039,5.843238367111661,5.689744859491867,6.280102561753415,5.937695262785647,0.9788717333738827,5.937695262785647,0.92048851034472,-5.290117666656729,-4.500130273045835,-2.703400287276647,1.85750718837489,4.640355612959511,5.846307043900342,position_history,246,second_year,v2_next_year_beta_20260828T213408Z_741eb3cf,milestone_3_20260828T210736Z_903d8f44,v2_next_year_expert_residual_v1,beta,6a9a803feee65cd1bd54f3b013594fb56a3c5c3eb6f65caf5c7e61ffee7bb0e6,shadow
edbc89b6-a572-5f5a-9bf0-487351d2ae99,00-0038589,Josh Whyle,2026,2027,TE,GB,confirmed,1.4112482065997138,,,,0,0,target_incomplete,0.0,3.0,1,6.0,294.0,0.6853898926202157,0.7405314328109974,0.5866373331518034,2.1483812759897734,2.32010948953203,0.9813959523087957,2.0863822219460455,2.1849576624892832,1.4112482065997138,2.3926441589085097,3.559629482589487,3.4976304285457593,3.731357696131744,3.596205869088997,2.1849576624892832,3.596205869088997,0.6853898926202157,-3.2358565481832877,-2.66710551537136,-1.8857939720040764,1.062470480921867,3.115963575900585,4.606394156586925,position_history,517,veteran_with_history,v2_next_year_beta_20260828T213408Z_741eb3cf,milestone_3_20260828T210736Z_903d8f44,v2_next_year_expert_residual_v1,beta,6a9a803feee65cd1bd54f3b013594fb56a3c5c3eb6f65caf5c7e61ffee7bb0e6,shadow
eeac9ed6-b8d2-56ab-8aba-8461afb6bfea,00-0040241,Dominic Lovett,2026,2027,WR,DET,confirmed,0.12941176470588237,,,,0,0,target_incomplete,0.0,1.0,0,1.0,494.0,0.2942988978173077,0.42630939423259534,0.561305717008435,2.482709747914651,2.624459089662577,1.6282505450092744,2.8008551941157642,2.6360080105643307,0.12941176470588237,1.7576623097151567,2.6121215126205333,2.9302669588216466,2.753870854368459,2.765419775270213,2.6360080105643307,2.765419775270213,0.2942988978173077,-5.290117666656729,-4.500130273045835,-2.703400287276647,1.85750718837489,4.640355612959511,5.846307043900342,position_history,246,second_year,v2_next_year_beta_20260828T213408Z_741eb3cf,milestone_3_20260828T210736Z_903d8f44,v2_next_year_expert_residual_v1,beta,6a9a803feee65cd1bd54f3b013594fb56a3c5c3eb6f65caf5c7e61ffee7bb0e6,shadow
ef8a582d-67ea-55aa-8a3a-0c70ba488fd5,00-0039816,Anthony Gould,2026,2027,WR,IND,confirmed,0.0,,,,0,0,target_incomplete,0.0,2.0,1,2.0,,0.21334748260517927,0.39087202278439426,0.561304531171307,2.7259363372241636,2.1865912880157303,1.1528823356726514,2.467085360017785,2.459870995085893,0.0,1.1528823356726514,2.7259363372241636,2.467085360017785,2.1865912880157303,2.459870995085893,2.459870995085893,2.459870995085893,0.21334748260517927,-5.174675104176586,-4.132551138216551,-2.349516433734719,1.7104468853139558,3.790706964546365,5.521261715174053,position_history,879,veteran_with_history,v2_next_year_beta_20260828T213408Z_741eb3cf,milestone_3_20260828T210736Z_903d8f44,v2_next_year_expert_residual_v1,beta,6a9a803feee65cd1bd54f3b013594fb56a3c5c3eb6f65caf5c7e61ffee7bb0e6,shadow
f00adf10-26fe-5455-a7ff-e661f0ab38bb,00-0038555,Tank Bigsby,2026,2027,RB,PHI,confirmed,4.594306078977553,,,,0,0,target_incomplete,0.0,3.0,1,7.0,168.834825,0.8229383853982555,0.8991839613731607,0.6357540079168625,1.5940167896385364,1.4898120014653877,0.5942195570070535,1.5628277888540805,1.5488855266526682,4.594306078977553,5.188525635984607,6.18832286861609,6.157133867831633,6.0841180804429404,6.143191605630221,1.5488855266526682,6.143191605630221,0.8229383853982555,-5.775864899111019,-4.643358820238846,-2.737069962073368,1.761662089777431,5.120078841022579,6.865731939366032,position_history,561,veteran_with_history,v2_next_year_beta_20260828T213408Z_741eb3cf,milestone_3_20260828T210736Z_903d8f44,v2_next_year_expert_residual_v1,beta,6a9a803feee65cd1bd54f3b013594fb56a3c5c3eb6f65caf5c7e61ffee7bb0e6,shadow
f0dff315-6f30-55b6-bd8d-df05687e83cc,00-0040122,Ashton Jeanty,2026,2027,RB,LVR,confirmed,14.42529411764706,,,,0,0,target_incomplete,0.0,1.0,1,7.0,16.6,0.9704327950095092,0.9979068232429815,0.6097613512933316,-1.3256802339370228,-0.33010473724615036,1.403342687822953,-0.4244896675392185,-0.6934248795741306,14.42529411764706,15.828636805470012,13.099613883710036,14.000804450107841,14.095189380400909,13.731869238072928,-0.6934248795741306,13.731869238072928,0.9704327950095092,-5.48615073240633,-4.244920053205529,-2.730536823343935,2.745851062339551,6.172636499559855,7.5044937746885285,position_history,171,second_year,v2_next_year_beta_20260828T213408Z_741eb3cf,milestone_3_20260828T210736Z_903d8f44,v2_next_year_expert_residual_v1,beta,6a9a803feee65cd1bd54f3b013594fb56a3c5c3eb6f65caf5c7e61ffee7bb0e6,shadow
f1e6dc08-0452-51b0-aeb1-d9ea3334ec60,00-0038597,Chase Brown,2026,2027,RB,CIN,confirmed,14.63529411764706,,,,0,0,target_incomplete,0.0,3.0,1,7.0,13.599454,0.9649949216197587,0.9946208523403246,0.6357540079168625,-2.3591179852847315,-1.3978327751330324,0.5942195570070535,-1.6948488555392456,-1.8172665386523363,14.63529411764706,15.229513674654113,12.276176132362329,12.940445262107815,13.237461342514028,12.818027578994723,-1.8172665386523363,12.818027578994723,0.9649949216197587,-5.775864899111019,-4.643358820238846,-2.737069962073368,1.761662089777431,5.120078841022579,6.865731939366032,position_history,561,veteran_with_history,v2_next_year_beta_20260828T213408Z_741eb3cf,milestone_3_20260828T210736Z_903d8f44,v2_next_year_expert_residual_v1,beta,6a9a803feee65cd1bd54f3b013594fb56a3c5c3eb6f65caf5c7e61ffee7bb0e6,shadow
f1ecfaef-aaf9-5bed-b5bb-c4726f4652b1,00-0040225,Thomas Fidone II,2026,2027,TE,NYG,confirmed,1.3,,,,0,0,target_incomplete,0.0,1.0,0,3.0,,0.42857294150300934,0.6257914347578454,0.608365821078233,2.4195334483532656,2.022046863859455,1.565974887778895,2.0013229157929344,2.147634409335218,1.3,2.8659748877788953,3.719533448353266,3.3013229157929347,3.3220468638594554,3.447634409335218,2.147634409335218,3.447634409335218,0.42857294150300934,-3.6339700144720632,-2.951290805531581,-2.182514704742995,0.5014646262834015,2.7463026739883363,3.934592956869509,position_history,129,second_year,v2_next_year_beta_20260828T213408Z_741eb3cf,milestone_3_20260828T210736Z_903d8f44,v2_next_year_expert_residual_v1,beta,6a9a803feee65cd1bd54f3b013594fb56a3c5c3eb6f65caf5c7e61ffee7bb0e6,shadow
f1f19188-07e6-5423-bc0c-551ed04f06a0,00-0039489,Hayden Rucci,2026,2027,TE,SF,confirmed,0.011764705882352941,,,,0,0,target_incomplete,0.0,2.0,0,1.0,,0.31151474012910935,0.4426872010918145,0.5866373331518034,2.710887662276515,2.1344069421057044,0.9813959523087957,2.417298805152372,2.420864469844864,0.011764705882352941,0.9931606581911486,2.722652368158868,2.429063511034725,2.1461716479880573,2.4326291757272167,2.420864469844864,2.4326291757272167,0.31151474012910935,-3.6225321557766907,-2.8499637328378338,-2.028437724279195,0.7483585564925581,2.9171121138029883,4.3897953300095,position,778,other_no_history,v2_next_year_beta_20260828T213408Z_741eb3cf,milestone_3_20260828T210736Z_903d8f44,v2_next_year_expert_residual_v1,beta,6a9a803feee65cd1bd54f3b013594fb56a3c5c3eb6f65caf5c7e61ffee7bb0e6,shadow
f2a5e1ab-02a1-593e-bbc4-26d3d7fad71e,00-0038797,Emanuel Wilson,2026,2027,RB,SEA,confirmed,2.4888235294117647,,,,0,0,target_incomplete,0.0,3.0,1,7.0,236.731795,0.7238377011084437,0.8658992360749996,0.6357540079168625,1.189297056455514,1.5617389521907923,0.5942195570070535,1.4625933241323497,1.4045431109262188,2.4888235294117647,3.0830430864188183,3.678120585867279,3.9514168535441145,4.050562481602557,3.8933666403379834,1.4045431109262188,3.8933666403379834,0.7238377011084437,-5.775864899111019,-4.643358820238846,-2.737069962073368,1.761662089777431,5.120078841022579,6.865731939366032,position_history,561,veteran_with_history,v2_next_year_beta_20260828T213408Z_741eb3cf,milestone_3_20260828T210736Z_903d8f44,v2_next_year_expert_residual_v1,beta,6a9a803feee65cd1bd54f3b013594fb56a3c5c3eb6f65caf5c7e61ffee7bb0e6,shadow
f2c783c7-afa9-5c55-bc99-1d0967346747,00-0036389,Jalen Hurts,2026,2027,QB,PHI,confirmed,17.666082352941174,,,,0,0,target_incomplete,0.0,6.0,1,7.0,76.264193,0.9712365542174075,0.9915835845477579,0.48962908340472044,1.2823090027273905,-0.22305790481712745,3.309060099871514,-0.45853301705638966,0.2002393602846244,17.666082352941174,20.975142452812687,18.948391355668566,17.207549335884785,17.443024448124046,17.866321713225798,0.2002393602846244,17.866321713225798,0.9712365542174075,-8.06412819759558,-5.734041511578347,-2.864465114852388,2.783835279116431,6.020518964099286,6.909064297162426,position_history,209,veteran_with_history,v2_next_year_beta_20260828T213408Z_741eb3cf,milestone_3_20260828T210736Z_903d8f44,v2_next_year_expert_residual_v1,beta,6a9a803feee65cd1bd54f3b013594fb56a3c5c3eb6f65caf5c7e61ffee7bb0e6,shadow
f33368f5-f7cf-5322-8b13-c1a30fce6f3d,00-0039275,Messiah Swinson,2026,2027,TE,GB,confirmed,0.14117647058823532,,,,0,0,target_incomplete,0.0,2.0,0,1.0,382.0,0.3978574988394905,0.5037156019070697,0.5866373331518034,2.929598940218158,2.75275435026891,0.9813959523087957,2.8263432066643395,2.8362321657171354,0.14117647058823532,1.122572422897031,3.070775410806393,2.9675196772525747,2.893930820857145,2.9774086363053707,2.8362321657171354,2.9774086363053707,0.3978574988394905,-3.6225321557766907,-2.8499637328378338,-2.028437724279195,0.7483585564925581,2.9171121138029883,4.3897953300095,position,778,other_no_history,v2_next_year_beta_20260828T213408Z_741eb3cf,milestone_3_20260828T210736Z_903d8f44,v2_next_year_expert_residual_v1,beta,6a9a803feee65cd1bd54f3b013594fb56a3c5c3eb6f65caf5c7e61ffee7bb0e6,shadow
f400c9f8-898a-5de1-836d-40d00de7404e,00-0038492,Jason Brownlee,2026,2027,WR,KC,confirmed,0.46644117647058825,,,,0,0,target_incomplete,0.0,3.0,1,2.0,,0.3950885748147967,0.3805510857529174,0.561304531171307,2.474082259643586,2.2195385339675315,1.1528823356726514,2.417497944092249,2.3703729125677886,0.46644117647058825,1.6193235121432397,2.940523436114174,2.883939120562837,2.6859797104381196,2.836814089038377,2.3703729125677886,2.836814089038377,0.3950885748147967,-5.174675104176586,-4.132551138216551,-2.349516433734719,1.7104468853139558,3.790706964546365,5.521261715174053,position_history,879,veteran_with_history,v2_next_year_beta_20260828T213408Z_741eb3cf,milestone_3_20260828T210736Z_903d8f44,v2_next_year_expert_residual_v1,beta,6a9a803feee65cd1bd54f3b013594fb56a3c5c3eb6f65caf5c7e61ffee7bb0e6,shadow
f42bafa4-f744-58bf-82cf-ca40d519298c,00-0040466,Raheim Sanders,2026,2027,RB,CLE,confirmed,1.5058823529411764,,,,0,0,target_incomplete,0.0,1.0,1,6.0,316.905,0.6324221148679068,0.7096552990672632,0.6097613512933316,2.1564712722787256,1.9902423055721281,1.403342687822953,2.068276882356745,2.0716634867358663,1.5058823529411764,2.909225040764129,3.662353625219902,3.5741592352979215,3.4961246585133043,3.5775458396770428,2.0716634867358663,3.5775458396770428,0.6324221148679068,-5.48615073240633,-4.244920053205529,-2.730536823343935,2.745851062339551,6.172636499559855,7.5044937746885285,position_history,171,second_year,v2_next_year_beta_20260828T213408Z_741eb3cf,milestone_3_20260828T210736Z_903d8f44,v2_next_year_expert_residual_v1,beta,6a9a803feee65cd1bd54f3b013594fb56a3c5c3eb6f65caf5c7e61ffee7bb0e6,shadow
f510fabb-2719-5cec-a1de-6ef14d43fafc,00-0036635,Ihmir Smith-Marsette,2026,2027,WR,ARI,confirmed,0.0,,,,0,0,target_incomplete,0.0,5.0,1,2.0,454.0,0.13368393946228002,0.22317827873784785,0.5809258307011029,2.440588483936083,2.2701403985678854,0.36463526135546426,2.396465914521028,2.3690649323416655,0.0,0.36463526135546426,2.440588483936083,2.396465914521028,2.2701403985678854,2.3690649323416655,2.3690649323416655,2.3690649323416655,0.13368393946228002,-5.174675104176586,-4.132551138216551,-2.349516433734719,1.7104468853139558,3.790706964546365,5.521261715174053,position_history,879,veteran_with_history,v2_next_year_beta_20260828T213408Z_741eb3cf,milestone_3_20260828T210736Z_903d8f44,v2_next_year_expert_residual_v1,beta,6a9a803feee65cd1bd54f3b013594fb56a3c5c3eb6f65caf5c7e61ffee7bb0e6,shadow
f5534cc0-db92-53a4-b1a8-f2493702388b,00-0022942,Philip Rivers,2026,2027,QB,IND,confirmed,,,,,0,0,target_incomplete,0.0,22.0,1,,293.0,0.22889451678868528,0.05043201408663391,0.5462074876103052,,,,,,,,,,,,,,0.22889451678868528,-8.06412819759558,-5.734041511578347,-2.864465114852388,2.783835279116431,6.020518964099286,6.909064297162426,position_history,209,veteran_with_history,v2_next_year_beta_20260828T213408Z_741eb3cf,milestone_3_20260828T210736Z_903d8f44,v2_next_year_expert_residual_v1,beta,6a9a803feee65cd1bd54f3b013594fb56a3c5c3eb6f65caf5c7e61ffee7bb0e6,shadow
f5959afc-af84-54ed-8249-a1ca568b5515,00-0038839,Mitchell Tinsley,2026,2027,WR,CIN,confirmed,1.0582352941176472,,,,0,0,target_incomplete,0.0,3.0,1,7.0,353.03499999999997,0.6732050068501108,0.7924226713640948,0.561304531171307,1.7694271033356799,1.914490145150598,1.1528823356726514,2.2055328118645954,1.9631500201169576,1.0582352941176472,2.211117629790299,2.8276623974533273,3.2637681059822423,2.9727254392682454,3.021385314234605,1.9631500201169576,3.021385314234605,0.6732050068501108,-5.174675104176586,-4.132551138216551,-2.349516433734719,1.7104468853139558,3.790706964546365,5.521261715174053,position_history,879,veteran_with_history,v2_next_year_beta_20260828T213408Z_741eb3cf,milestone_3_20260828T210736Z_903d8f44,v2_next_year_expert_residual_v1,beta,6a9a803feee65cd1bd54f3b013594fb56a3c5c3eb6f65caf5c7e61ffee7bb0e6,shadow
f5b40ea8-4588-518a-a051-ee6486351f07,00-0041523,Caleb Douglas,2026,2027,WR,MIA,confirmed,5.25764705882353,,,,0,0,target_incomplete,1.0,0.0,0,7.0,198.3,0.9002183296552586,0.9362216422852879,0.5968118837409765,1.6315344358058748,1.6956023706476016,2.727429987360483,1.9723025525585887,1.766479786337355,5.25764705882353,7.985077046184013,6.889181494629405,7.229949611382118,6.953249429471131,7.024126845160884,1.766479786337355,7.024126845160884,0.9002183296552586,-5.241847632097132,-4.420861613449043,-2.79275194455823,1.666671205196188,3.4416152985046184,5.164736756719793,position_history,250,rookie,v2_next_year_beta_20260828T213408Z_741eb3cf,milestone_3_20260828T210736Z_903d8f44,v2_next_year_expert_residual_v1,beta,6a9a803feee65cd1bd54f3b013594fb56a3c5c3eb6f65caf5c7e61ffee7bb0e6,shadow
f5d6a9ec-402a-5deb-b3c5-fa5129dee194,00-0040692,Jarquez Hunter,2026,2027,RB,MIA,confirmed,1.325294117647059,,,,0,0,target_incomplete,0.0,1.0,0,2.0,297.1575,0.5019983299664446,0.4737330994863542,0.6097613512933316,2.8582939849050337,2.3375298182288318,1.403342687822953,2.4339710313879745,2.5432649448406135,1.325294117647059,2.728636805470012,4.1835881025520925,3.7592651490350333,3.662823935875891,3.8685590624876722,2.5432649448406135,3.8685590624876722,0.5019983299664446,-5.48615073240633,-4.244920053205529,-2.730536823343935,2.745851062339551,6.172636499559855,7.5044937746885285,position_history,171,second_year,v2_next_year_beta_20260828T213408Z_741eb3cf,milestone_3_20260828T210736Z_903d8f44,v2_next_year_expert_residual_v1,beta,6a9a803feee65cd1bd54f3b013594fb56a3c5c3eb6f65caf5c7e61ffee7bb0e6,shadow
f5df2348-afd6-5f32-b7d9-1f083ba5b53a,00-0039165,Zach Charbonnet,2026,2027,RB,SEA,confirmed,6.158823529411765,,,,0,0,target_incomplete,0.0,3.0,1,7.0,154.94,0.889319576683824,0.9677704631214646,0.6357540079168625,-0.20263292888395323,0.362525962367676,0.5942195570070535,0.15833351483444966,0.10607551610605748,6.158823529411765,6.753043086418819,5.956190600527812,6.317157044246215,6.521349491779441,6.264899045517822,0.10607551610605748,6.264899045517822,0.889319576683824,-5.775864899111019,-4.643358820238846,-2.737069962073368,1.761662089777431,5.120078841022579,6.865731939366032,position_history,561,veteran_with_history,v2_next_year_beta_20260828T213408Z_741eb3cf,milestone_3_20260828T210736Z_903d8f44,v2_next_year_expert_residual_v1,beta,6a9a803feee65cd1bd54f3b013594fb56a3c5c3eb6f65caf5c7e61ffee7bb0e6,shadow
f5f17b26-7bf5-5dd5-8ee1-1a08075880a5,00-0036429,Charlie Woerner,2026,2027,TE,ATL,confirmed,0.8764705882352941,,,,0,0,target_incomplete,0.0,6.0,1,5.0,405.0,0.6679841248649369,0.7227944256289315,0.5754647011414279,1.1044977646612881,1.3014560605237762,0.6249159376606653,1.7049773429565822,1.3703103893805488,0.8764705882352941,1.5013865258959593,1.9809683528965822,2.5814479311918763,2.1779266487590703,2.2467809776158427,1.3703103893805488,2.2467809776158427,0.6679841248649369,-3.2358565481832877,-2.66710551537136,-1.8857939720040764,1.062470480921867,3.115963575900585,4.606394156586925,position_history,517,veteran_with_history,v2_next_year_beta_20260828T213408Z_741eb3cf,milestone_3_20260828T210736Z_903d8f44,v2_next_year_expert_residual_v1,beta,6a9a803feee65cd1bd54f3b013594fb56a3c5c3eb6f65caf5c7e61ffee7bb0e6,shadow
f60122e0-633c-5fb0-a855-b3be05011bea,,Jordan Byrd,2026,2027,WR,,provisional,,,,,0,0,target_incomplete,,,0,,325.0,0.42287298324131356,3.103914030810413e-05,0.5634284548288704,,,,,,,,,,,,,,0.42287298324131356,-5.247028493584627,-4.168147262586337,-2.4882348181433445,1.7215690384925635,4.092107755797534,5.673306043718701,position,1398,unknown_experience,v2_next_year_beta_20260828T213408Z_741eb3cf,milestone_3_20260828T210736Z_903d8f44,v2_next_year_expert_residual_v1,beta,6a9a803feee65cd1bd54f3b013594fb56a3c5c3eb6f65caf5c7e61ffee7bb0e6,shadow
f624bc0e-d5a1-523c-b7ad-f9aa76e97237,00-0036841,Austin Trammell,2026,2027,WR,JAC,confirmed,0.5411764705882354,,,,0,0,target_incomplete,0.0,5.0,1,1.0,,0.40630962007508464,0.38774437314356935,0.5809258307011029,1.8972145653320798,2.1743052469841992,0.36463526135546426,2.3620848517193203,2.1445348880118664,0.5411764705882354,0.9058117319436996,2.438391035920315,2.9032613223075554,2.715481717572435,2.685711358600102,2.1445348880118664,2.685711358600102,0.40630962007508464,-5.174675104176586,-4.132551138216551,-2.349516433734719,1.7104468853139558,3.790706964546365,5.521261715174053,position_history,879,veteran_with_history,v2_next_year_beta_20260828T213408Z_741eb3cf,milestone_3_20260828T210736Z_903d8f44,v2_next_year_expert_residual_v1,beta,6a9a803feee65cd1bd54f3b013594fb56a3c5c3eb6f65caf5c7e61ffee7bb0e6,shadow
f6d909ba-7b69-5cd1-a342-cd76ee7a505b,00-0038389,Israel Abanikanda,2026,2027,RB,,confirmed,1.3823529411764706,,,,0,0,target_incomplete,0.0,3.0,1,1.0,289.0,0.5714656431580466,0.4409072036472512,0.6357540079168625,2.711198734591412,2.066225325419165,0.5942195570070535,1.949552416757736,2.242325492256104,1.3823529411764706,1.9765724981835242,4.093551675767882,3.3319053579342066,3.4485782665956357,3.6246784334325746,2.242325492256104,3.6246784334325746,0.5714656431580466,-5.775864899111019,-4.643358820238846,-2.737069962073368,1.761662089777431,5.120078841022579,6.865731939366032,position_history,561,veteran_with_history,v2_next_year_beta_20260828T213408Z_741eb3cf,milestone_3_20260828T210736Z_903d8f44,v2_next_year_expert_residual_v1,beta,6a9a803feee65cd1bd54f3b013594fb56a3c5c3eb6f65caf5c7e61ffee7bb0e6,shadow
f6fcc1c4-e4ca-550a-a567-7c3b7446cdf8,00-0040663,Harold Fannin Jr.,2026,2027,TE,CLE,confirmed,9.03529411764706,,,,0,0,target_incomplete,0.0,1.0,1,7.0,87.2,0.9601614652717275,0.9904452698945488,0.608365821078233,-0.34926140336094824,0.474109232498215,1.565974887778895,0.9188771641103621,0.347908331082543,9.03529411764706,10.601269005425955,8.686032714286112,9.954171281757423,9.509403350145275,9.383202448729604,0.347908331082543,9.383202448729604,0.9601614652717275,-3.6339700144720632,-2.951290805531581,-2.182514704742995,0.5014646262834015,2.7463026739883363,3.934592956869509,position_history,129,second_year,v2_next_year_beta_20260828T213408Z_741eb3cf,milestone_3_20260828T210736Z_903d8f44,v2_next_year_expert_residual_v1,beta,6a9a803feee65cd1bd54f3b013594fb56a3c5c3eb6f65caf5c7e61ffee7bb0e6,shadow
f70e5060-8905-541f-8790-b07f352827ea,00-0035329,Donald Parham,2026,2027,TE,PIT,confirmed,,,,,0,0,target_incomplete,0.0,7.0,1,1.0,,0.18895906742186458,0.16705995049529704,0.5338622493006663,,,,,,,,,,,,,,0.18895906742186458,-3.2358565481832877,-2.66710551537136,-1.8857939720040764,1.062470480921867,3.115963575900585,4.606394156586925,position_history,517,veteran_with_history,v2_next_year_beta_20260828T213408Z_741eb3cf,milestone_3_20260828T210736Z_903d8f44,v2_next_year_expert_residual_v1,beta,6a9a803feee65cd1bd54f3b013594fb56a3c5c3eb6f65caf5c7e61ffee7bb0e6,shadow
f7104dc9-79b4-5faf-ab7d-759ff3f0ba18,00-0039543,Ramel Keyton,2026,2027,WR,,confirmed,,,,,0,0,target_incomplete,0.0,2.0,1,,301.0,0.32188177048065514,0.32229706536715524,0.561304531171307,,,,,,,,,,,,,,0.32188177048065514,-5.174675104176586,-4.132551138216551,-2.349516433734719,1.7104468853139558,3.790706964546365,5.521261715174053,position_history,879,veteran_with_history,v2_next_year_beta_20260828T213408Z_741eb3cf,milestone_3_20260828T210736Z_903d8f44,v2_next_year_expert_residual_v1,beta,6a9a803feee65cd1bd54f3b013594fb56a3c5c3eb6f65caf5c7e61ffee7bb0e6,shadow
f7726e36-2f83-5b4e-94e4-7e50a809594c,00-0039796,Rasheen Ali,2026,2027,RB,BAL,confirmed,0.6574987246931294,,,,0,0,target_incomplete,0.0,2.0,1,6.0,316.66,0.6474987344132844,0.8343705450589519,0.6357540079168625,2.6171015975716507,2.2836911907234034,0.5942195570070535,2.3842974348644805,2.428363407719845,0.6574987246931294,1.251718281700183,3.27460032226478,3.04179615955761,2.941189915416533,3.0858621324129745,2.428363407719845,3.0858621324129745,0.6474987344132844,-5.775864899111019,-4.643358820238846,-2.737069962073368,1.761662089777431,5.120078841022579,6.865731939366032,position_history,561,veteran_with_history,v2_next_year_beta_20260828T213408Z_741eb3cf,milestone_3_20260828T210736Z_903d8f44,v2_next_year_expert_residual_v1,beta,6a9a803feee65cd1bd54f3b013594fb56a3c5c3eb6f65caf5c7e61ffee7bb0e6,shadow
f7ba9c4b-a090-5082-9d10-9ff125440c80,00-0033906,Alvin Kamara,2026,2027,RB,NO,confirmed,5.469352941176472,,,,0,0,target_incomplete,0.0,9.0,1,7.0,176.43,0.6527613090582757,0.8345361858860684,0.5443934450622839,1.1199298410927685,0.4771251765332591,-0.681281550565376,0.24649059789334826,0.6145152051731253,5.469352941176472,4.788071390611096,6.58928278226924,5.7158435390698195,5.946478117709731,6.083868146349597,0.6145152051731253,6.083868146349597,0.6527613090582757,-5.775864899111019,-4.643358820238846,-2.737069962073368,1.761662089777431,5.120078841022579,6.865731939366032,position_history,561,veteran_with_history,v2_next_year_beta_20260828T213408Z_741eb3cf,milestone_3_20260828T210736Z_903d8f44,v2_next_year_expert_residual_v1,beta,6a9a803feee65cd1bd54f3b013594fb56a3c5c3eb6f65caf5c7e61ffee7bb0e6,shadow
f8910582-4eb9-5ccb-9c1f-f3d2fce67d30,00-0037557,Ronnie Rivers,2026,2027,RB,LAR,confirmed,0.2802941176470588,,,,0,0,target_incomplete,0.0,4.0,1,3.0,419.0,0.35742694489483035,0.5390966570521967,0.5951913648732261,1.8078920995796517,2.224907111584553,-0.13301155778163867,2.3657008280979204,2.1328333464207083,0.2802941176470588,0.14728255986542013,2.0881862172267107,2.645994945744979,2.505201229231612,2.413127464067767,2.1328333464207083,2.413127464067767,0.35742694489483035,-5.775864899111019,-4.643358820238846,-2.737069962073368,1.761662089777431,5.120078841022579,6.865731939366032,position_history,561,veteran_with_history,v2_next_year_beta_20260828T213408Z_741eb3cf,milestone_3_20260828T210736Z_903d8f44,v2_next_year_expert_residual_v1,beta,6a9a803feee65cd1bd54f3b013594fb56a3c5c3eb6f65caf5c7e61ffee7bb0e6,shadow
f8a96beb-1229-52d6-a202-418d45d258d5,00-0036988,Josh Palmer,2026,2027,WR,BUF,confirmed,3.2235294117647055,,,,0,0,target_incomplete,0.0,5.0,1,7.0,316.4375,0.7399463035387144,0.8467082460082875,0.5809258307011029,0.9088457471154652,1.4303370423357162,0.36463526135546426,1.2741514648668253,1.2044447514393355,3.2235294117647055,3.5881646731201697,4.132375158880171,4.497680876631531,4.653866454100422,4.427974163204041,1.2044447514393355,4.427974163204041,0.7399463035387144,-5.174675104176586,-4.132551138216551,-2.349516433734719,1.7104468853139558,3.790706964546365,5.521261715174053,position_history,879,veteran_with_history,v2_next_year_beta_20260828T213408Z_741eb3cf,milestone_3_20260828T210736Z_903d8f44,v2_next_year_expert_residual_v1,beta,6a9a803feee65cd1bd54f3b013594fb56a3c5c3eb6f65caf5c7e61ffee7bb0e6,shadow
f911b2d2-de2b-56cb-8460-37ee3e9e8fdd,00-0027973,Andy Dalton,2026,2027,QB,PHI,confirmed,0.7062496413199437,,,,0,0,target_incomplete,0.0,15.0,1,5.0,316.94000000000005,0.47103140581126424,0.17115874718360494,0.5462074876103052,5.456129354005991,11.63608836654634,2.230624494796814,10.788700156962015,9.293639292504784,0.7062496413199437,2.9368741361167574,6.162378995325935,11.49494979828196,12.342338007866285,9.999888933824728,9.293639292504784,9.999888933824728,0.47103140581126424,-8.06412819759558,-5.734041511578347,-2.864465114852388,2.783835279116431,6.020518964099286,6.909064297162426,position_history,209,veteran_with_history,v2_next_year_beta_20260828T213408Z_741eb3cf,milestone_3_20260828T210736Z_903d8f44,v2_next_year_expert_residual_v1,beta,6a9a803feee65cd1bd54f3b013594fb56a3c5c3eb6f65caf5c7e61ffee7bb0e6,shadow
f913f810-06b2-51df-a166-18a992dad4da,00-0038519,Nikko Remigio,2026,2027,WR,KC,confirmed,0.2,,,,0,0,target_incomplete,0.0,3.0,1,3.0,,0.3581888271415076,0.42580379943808916,0.561304531171307,2.5202735029276133,2.1743052469841992,1.1528823356726514,2.404491721484698,2.366356823798837,0.2,1.3528823356726514,2.7202735029276135,2.604491721484698,2.3743052469841994,2.566356823798837,2.366356823798837,2.566356823798837,0.3581888271415076,-5.174675104176586,-4.132551138216551,-2.349516433734719,1.7104468853139558,3.790706964546365,5.521261715174053,position_history,879,veteran_with_history,v2_next_year_beta_20260828T213408Z_741eb3cf,milestone_3_20260828T210736Z_903d8f44,v2_next_year_expert_residual_v1,beta,6a9a803feee65cd1bd54f3b013594fb56a3c5c3eb6f65caf5c7e61ffee7bb0e6,shadow
f91490fa-a6d9-50d0-88d0-75688def9253,00-0037805,Jeremy Ruckert,2026,2027,TE,NYJ,confirmed,1.6911176470588236,,,,0,0,target_incomplete,0.0,4.0,1,5.0,317.015,0.8103948242356074,0.8576391690590057,0.5754647011414279,1.3520564309192689,1.1786149674046043,0.6249159376606653,1.2374604910752007,1.2560439631330247,1.6911176470588236,2.316033584719489,3.0431740779780925,2.928578138134024,2.8697326144634276,2.9471616101918485,1.2560439631330247,2.9471616101918485,0.8103948242356074,-3.2358565481832877,-2.66710551537136,-1.8857939720040764,1.062470480921867,3.115963575900585,4.606394156586925,position_history,517,veteran_with_history,v2_next_year_beta_20260828T213408Z_741eb3cf,milestone_3_20260828T210736Z_903d8f44,v2_next_year_expert_residual_v1,beta,6a9a803feee65cd1bd54f3b013594fb56a3c5c3eb6f65caf5c7e61ffee7bb0e6,shadow
f93486d7-837d-52d9-8342-aa5269695223,00-0041397,Kaden Wetjen,2026,2027,WR,PIT,confirmed,0.2719235294117647,,,,0,0,target_incomplete,1.0,0.0,0,4.0,314.0,0.45209003796856,0.7256178523035903,0.5968118837409765,3.616324550789831,2.9708360175959507,2.727429987360483,2.7931489665600786,3.1267698449819536,0.2719235294117647,2.999353516772248,3.888248080201596,3.0650724959718434,3.2427595470077155,3.3986933743937184,3.1267698449819536,3.3986933743937184,0.45209003796856,-5.241847632097132,-4.420861613449043,-2.79275194455823,1.666671205196188,3.4416152985046184,5.164736756719793,position_history,250,rookie,v2_next_year_beta_20260828T213408Z_741eb3cf,milestone_3_20260828T210736Z_903d8f44,v2_next_year_expert_residual_v1,beta,6a9a803feee65cd1bd54f3b013594fb56a3c5c3eb6f65caf5c7e61ffee7bb0e6,shadow
f973b1c8-3470-57f5-bc68-42e35a830411,00-0033897,Joe Mixon,2026,2027,RB,HOU,confirmed,,,,,0,0,target_incomplete,0.0,9.0,1,1.0,303.15,0.22743673194707992,0.15371978476559695,0.5443934450622839,,,,,,,,,,,,,,0.22743673194707992,-5.775864899111019,-4.643358820238846,-2.737069962073368,1.761662089777431,5.120078841022579,6.865731939366032,position_history,561,veteran_with_history,v2_next_year_beta_20260828T213408Z_741eb3cf,milestone_3_20260828T210736Z_903d8f44,v2_next_year_expert_residual_v1,beta,6a9a803feee65cd1bd54f3b013594fb56a3c5c3eb6f65caf5c7e61ffee7bb0e6,shadow
f9b1a774-f2ec-541c-870e-a4373e3cc9ca,00-0036945,Justin Fields,2026,2027,QB,KC,confirmed,0.46819058823529397,,,,0,0,target_incomplete,0.0,5.0,1,7.0,310.825,0.5339562829504144,0.7845528445289988,0.48962908340472044,8.613622012203399,12.447087826982614,3.309060099871514,13.879858694555175,11.646856177913728,0.46819058823529397,3.777250688106808,9.081812600438692,14.348049282790468,12.915278415217907,12.115046766149021,11.646856177913728,12.115046766149021,0.5339562829504144,-8.06412819759558,-5.734041511578347,-2.864465114852388,2.783835279116431,6.020518964099286,6.909064297162426,position_history,209,veteran_with_history,v2_next_year_beta_20260828T213408Z_741eb3cf,milestone_3_20260828T210736Z_903d8f44,v2_next_year_expert_residual_v1,beta,6a9a803feee65cd1bd54f3b013594fb56a3c5c3eb6f65caf5c7e61ffee7bb0e6,shadow
f9bda95b-a01c-5631-a6c0-a085304dcf4e,00-0035631,Drew Sample,2026,2027,TE,CIN,confirmed,1.71506224712107,,,,0,0,target_incomplete,0.0,7.0,1,5.0,280.0,0.6879871974234054,0.7776208143445038,0.5338622493006663,0.9857962851219,1.4208790324846754,-0.08955813866931404,1.623199157486822,1.3432914916977994,1.71506224712107,1.6255041084517559,2.70085853224297,3.3382614046078922,3.1359412796057455,3.0583537388188695,1.3432914916977994,3.0583537388188695,0.6879871974234054,-3.2358565481832877,-2.66710551537136,-1.8857939720040764,1.062470480921867,3.115963575900585,4.606394156586925,position_history,517,veteran_with_history,v2_next_year_beta_20260828T213408Z_741eb3cf,milestone_3_20260828T210736Z_903d8f44,v2_next_year_expert_residual_v1,beta,6a9a803feee65cd1bd54f3b013594fb56a3c5c3eb6f65caf5c7e61ffee7bb0e6,shadow
f9c8f147-97e6-5b74-975b-cee18b7e98d3,00-0035229,T.J. Hockenson,2026,2027,TE,MIN,confirmed,6.311764705882354,,,,0,0,target_incomplete,0.0,7.0,1,7.0,169.146615,0.8656909326331603,0.9505762933586285,0.5338622493006663,-0.40263143497881315,-0.10243991021149541,-0.08955813866931404,-0.41481572285318136,-0.3066290226811633,6.311764705882354,6.22220656721304,5.90913327090354,5.896948983029172,6.209324795670859,6.00513568320119,-0.3066290226811633,6.00513568320119,0.8656909326331603,-3.2358565481832877,-2.66710551537136,-1.8857939720040764,1.062470480921867,3.115963575900585,4.606394156586925,position_history,517,veteran_with_history,v2_next_year_beta_20260828T213408Z_741eb3cf,milestone_3_20260828T210736Z_903d8f44,v2_next_year_expert_residual_v1,beta,6a9a803feee65cd1bd54f3b013594fb56a3c5c3eb6f65caf5c7e61ffee7bb0e6,shadow
f9fefdd6-a14b-58bd-ad4c-410812cd04ab,00-0041132,Deion Burks,2026,2027,WR,IND,confirmed,1.117464705882353,,,,0,0,target_incomplete,1.0,0.0,0,3.0,316.89,0.5861219700257145,0.6956276780494202,0.5968118837409765,2.8379765135885977,2.287974655839267,2.727429987360483,2.634022617541412,2.586657928989759,1.117464705882353,3.844894693242836,3.9554412194709507,3.751487323423765,3.40543936172162,3.704122634872112,2.586657928989759,3.704122634872112,0.5861219700257145,-5.241847632097132,-4.420861613449043,-2.79275194455823,1.666671205196188,3.4416152985046184,5.164736756719793,position_history,250,rookie,v2_next_year_beta_20260828T213408Z_741eb3cf,milestone_3_20260828T210736Z_903d8f44,v2_next_year_expert_residual_v1,beta,6a9a803feee65cd1bd54f3b013594fb56a3c5c3eb6f65caf5c7e61ffee7bb0e6,shadow
fa1d6516-0109-538a-b5ed-632e817008c8,00-0033090,Hunter Henry,2026,2027,TE,NE,confirmed,7.267764705882352,,,,0,0,target_incomplete,0.0,10.0,1,7.0,158.1,0.828449109087921,0.9247579425136127,0.4951784667648797,-1.4589221866302164,-1.1391677990249516,0.5492362868820017,-0.9372167902259776,-1.1784355919603817,7.267764705882352,7.817000992764354,5.808842519252136,6.330547915656375,6.128596906857401,6.089329113921971,-1.1784355919603817,6.089329113921971,0.828449109087921,-3.2358565481832877,-2.66710551537136,-1.8857939720040764,1.062470480921867,3.115963575900585,4.606394156586925,position_history,517,veteran_with_history,v2_next_year_beta_20260828T213408Z_741eb3cf,milestone_3_20260828T210736Z_903d8f44,v2_next_year_expert_residual_v1,beta,6a9a803feee65cd1bd54f3b013594fb56a3c5c3eb6f65caf5c7e61ffee7bb0e6,shadow
fa5d6a11-e40a-56ae-aba2-e5edd2cea340,00-0037091,Bo Melton,2026,2027,WR,GB,confirmed,0.6223529411764707,,,,0,0,target_incomplete,0.0,4.0,1,5.0,288.0,0.43382878350064136,0.7056879573577078,0.5809258307011029,2.83630236900878,3.2748346063568694,0.36463526135546426,2.679910853186381,2.93034927618401,0.6223529411764707,0.986988202531935,3.4586553101852506,3.302263794362852,3.89718754753334,3.5527022173604808,2.93034927618401,3.5527022173604808,0.43382878350064136,-5.174675104176586,-4.132551138216551,-2.349516433734719,1.7104468853139558,3.790706964546365,5.521261715174053,position_history,879,veteran_with_history,v2_next_year_beta_20260828T213408Z_741eb3cf,milestone_3_20260828T210736Z_903d8f44,v2_next_year_expert_residual_v1,beta,6a9a803feee65cd1bd54f3b013594fb56a3c5c3eb6f65caf5c7e61ffee7bb0e6,shadow
fb41fc6f-3f63-5aaf-a1ae-98398cab8108,00-0038547,Luke Schoonmaker,2026,2027,TE,DAL,confirmed,1.6311994261119087,,,,0,0,target_incomplete,0.0,3.0,1,5.0,255.0,0.8339911578399817,0.865204813280827,0.5866373331518034,2.001597283073349,2.3061635016259414,0.9813959523087957,2.069880305396983,2.1258803633654244,1.6311994261119087,2.6125953784207043,3.632796709185258,3.7010797315088917,3.9373629277378503,3.7570797894773333,2.1258803633654244,3.7570797894773333,0.8339911578399817,-3.2358565481832877,-2.66710551537136,-1.8857939720040764,1.062470480921867,3.115963575900585,4.606394156586925,position_history,517,veteran_with_history,v2_next_year_beta_20260828T213408Z_741eb3cf,milestone_3_20260828T210736Z_903d8f44,v2_next_year_expert_residual_v1,beta,6a9a803feee65cd1bd54f3b013594fb56a3c5c3eb6f65caf5c7e61ffee7bb0e6,shadow
fb9dbc69-0c54-5812-bf0d-05467df7ab69,00-0031595,Michael Burton,2026,2027,RB,CLE,confirmed,0.7013988522238166,,,,0,0,target_incomplete,0.0,11.0,1,3.0,432.0,0.2530589597446782,0.2860516630049558,0.4764771129433249,0.05218897946986245,2.0622593488552803,-0.003976381530407134,2.2058212419705696,1.4400898567652376,0.7013988522238166,0.6974224706934095,0.753587831693679,2.907220094194386,2.763658201079097,2.141488708989054,1.4400898567652376,2.141488708989054,0.2530589597446782,-5.775864899111019,-4.643358820238846,-2.737069962073368,1.761662089777431,5.120078841022579,6.865731939366032,position_history,561,veteran_with_history,v2_next_year_beta_20260828T213408Z_741eb3cf,milestone_3_20260828T210736Z_903d8f44,v2_next_year_expert_residual_v1,beta,6a9a803feee65cd1bd54f3b013594fb56a3c5c3eb6f65caf5c7e61ffee7bb0e6,shadow
fbd4d1e6-2b26-59ea-9fd4-c7d16c16a1de,00-0036676,Austin Watkins Jr.,2026,2027,WR,,confirmed,,,,,0,0,target_incomplete,0.0,5.0,0,,364.0,0.3413358461867812,0.2859449105408497,0.5809258307011029,,,,,,,,,,,,,,0.3413358461867812,-5.247028493584627,-4.168147262586337,-2.4882348181433445,1.7215690384925635,4.092107755797534,5.673306043718701,position,1398,other_no_history,v2_next_year_beta_20260828T213408Z_741eb3cf,milestone_3_20260828T210736Z_903d8f44,v2_next_year_expert_residual_v1,beta,6a9a803feee65cd1bd54f3b013594fb56a3c5c3eb6f65caf5c7e61ffee7bb0e6,shadow
fbdfc391-0458-5281-9440-4a27b06c4135,00-0039041,Elijah Higgins,2026,2027,TE,ARI,confirmed,2.151849258221806,,,,0,0,target_incomplete,0.0,3.0,1,6.0,316.0075,0.8228019523816141,0.8890740503588636,0.5866373331518034,1.3570617546299286,1.509814018703236,0.9813959523087957,1.4717934551925365,1.4462230761752337,2.151849258221806,3.133245210530602,3.5089110128517347,3.6236427134143425,3.661663276925042,3.59807233439704,1.4462230761752337,3.59807233439704,0.8228019523816141,-3.2358565481832877,-2.66710551537136,-1.8857939720040764,1.062470480921867,3.115963575900585,4.606394156586925,position_history,517,veteran_with_history,v2_next_year_beta_20260828T213408Z_741eb3cf,milestone_3_20260828T210736Z_903d8f44,v2_next_year_expert_residual_v1,beta,6a9a803feee65cd1bd54f3b013594fb56a3c5c3eb6f65caf5c7e61ffee7bb0e6,shadow
fbebdefe-755c-500d-968b-70e7c69e2414,00-0035659,Terry McLaurin,2026,2027,WR,WAS,confirmed,10.46114705882353,,,,0,0,target_incomplete,0.0,7.0,1,7.0,53.384475,0.9103879083920516,0.938658474524568,0.5494986889348197,-1.5991239064656986,-1.405287152890412,-0.3337587311176249,-1.4962565680689162,-1.5002225424750089,10.46114705882353,10.127388327705905,8.862023152357832,8.964890490754613,9.055859905933117,8.96092451634852,-1.5002225424750089,8.96092451634852,0.9103879083920516,-5.174675104176586,-4.132551138216551,-2.349516433734719,1.7104468853139558,3.790706964546365,5.521261715174053,position_history,879,veteran_with_history,v2_next_year_beta_20260828T213408Z_741eb3cf,milestone_3_20260828T210736Z_903d8f44,v2_next_year_expert_residual_v1,beta,6a9a803feee65cd1bd54f3b013594fb56a3c5c3eb6f65caf5c7e61ffee7bb0e6,shadow
fcec11ba-a699-5241-83cd-e5dcce4e258d,00-0036887,Luke Farrell,2026,2027,TE,SF,confirmed,0.8706470588235293,,,,0,0,target_incomplete,0.0,5.0,1,5.0,316.905,0.687086046974032,0.7606246362339816,0.5754647011414279,2.0625872850287013,2.152468337646319,0.6249159376606653,2.202701836038058,2.1392524862376927,0.8706470588235293,1.4955629964841948,2.933234343852231,3.0733488948615877,3.0231153964698487,3.009899545061222,2.1392524862376927,3.009899545061222,0.687086046974032,-3.2358565481832877,-2.66710551537136,-1.8857939720040764,1.062470480921867,3.115963575900585,4.606394156586925,position_history,517,veteran_with_history,v2_next_year_beta_20260828T213408Z_741eb3cf,milestone_3_20260828T210736Z_903d8f44,v2_next_year_expert_residual_v1,beta,6a9a803feee65cd1bd54f3b013594fb56a3c5c3eb6f65caf5c7e61ffee7bb0e6,shadow
fcecb1c3-9ff7-58de-9f94-926e8a029396,00-0033854,Dare Ogunbowale,2026,2027,RB,LVR,confirmed,1.0647058823529412,,,,0,0,target_incomplete,0.0,9.0,1,1.0,306.77,0.3752225142360925,0.3415761920734188,0.5443934450622839,0.8555542339371882,1.6245284178518722,-0.681281550565376,2.1226490142466767,1.534243888678579,1.0647058823529412,0.3834243317875652,1.9202601162901294,3.1873548965996177,2.6892343002048134,2.59894977103152,1.534243888678579,2.59894977103152,0.3752225142360925,-5.775864899111019,-4.643358820238846,-2.737069962073368,1.761662089777431,5.120078841022579,6.865731939366032,position_history,561,veteran_with_history,v2_next_year_beta_20260828T213408Z_741eb3cf,milestone_3_20260828T210736Z_903d8f44,v2_next_year_expert_residual_v1,beta,6a9a803feee65cd1bd54f3b013594fb56a3c5c3eb6f65caf5c7e61ffee7bb0e6,shadow
fceee187-a044-5155-ba8c-1b17347ba226,00-0041399,CJ Daniels,2026,2027,WR,LAR,confirmed,1.04895,,,,0,0,target_incomplete,1.0,0.0,0,4.0,324.43,0.6283990514946854,0.7181720735862988,0.5968118837409765,2.8934912520213434,2.1487520158159326,2.727429987360483,2.4603737596354813,2.500872342490919,1.04895,3.776379987360483,3.9424412520213434,3.5093237596354814,3.1977020158159326,3.549822342490919,2.500872342490919,3.549822342490919,0.6283990514946854,-5.241847632097132,-4.420861613449043,-2.79275194455823,1.666671205196188,3.4416152985046184,5.164736756719793,position_history,250,rookie,v2_next_year_beta_20260828T213408Z_741eb3cf,milestone_3_20260828T210736Z_903d8f44,v2_next_year_expert_residual_v1,beta,6a9a803feee65cd1bd54f3b013594fb56a3c5c3eb6f65caf5c7e61ffee7bb0e6,shadow
fd1020a2-7720-5794-8bb2-eef4a5394a32,00-0040024,Darius Cooper,2026,2027,WR,PHI,confirmed,0.44235294117647056,,,,0,0,target_incomplete,0.0,1.0,1,3.0,330.98,0.548942827113986,0.5936361916019213,0.561305717008435,2.610577398789932,2.4382103311013004,1.6282505450092744,2.451209948068628,2.4999992259866204,0.44235294117647056,2.0706034861857447,3.0529303399664025,2.8935628892450986,2.880563272277771,2.942352167163091,2.4999992259866204,2.942352167163091,0.548942827113986,-5.290117666656729,-4.500130273045835,-2.703400287276647,1.85750718837489,4.640355612959511,5.846307043900342,position_history,246,second_year,v2_next_year_beta_20260828T213408Z_741eb3cf,milestone_3_20260828T210736Z_903d8f44,v2_next_year_expert_residual_v1,beta,6a9a803feee65cd1bd54f3b013594fb56a3c5c3eb6f65caf5c7e61ffee7bb0e6,shadow
fd34090b-2e7a-5aa6-b044-971a40e2d86f,00-0038551,Kendre Miller,2026,2027,RB,NO,confirmed,1.6235294117647057,,,,0,0,target_incomplete,0.0,3.0,1,7.0,306.9375,0.7212831070150275,0.8900868996029571,0.6357540079168625,2.1419556322761917,2.013313931673651,0.5942195570070535,1.9487492365658532,2.0346729335052323,1.6235294117647057,2.217748968771759,3.765485044040897,3.572278648330559,3.6368433434383567,3.658202345269938,2.0346729335052323,3.658202345269938,0.7212831070150275,-5.775864899111019,-4.643358820238846,-2.737069962073368,1.761662089777431,5.120078841022579,6.865731939366032,position_history,561,veteran_with_history,v2_next_year_beta_20260828T213408Z_741eb3cf,milestone_3_20260828T210736Z_903d8f44,v2_next_year_expert_residual_v1,beta,6a9a803feee65cd1bd54f3b013594fb56a3c5c3eb6f65caf5c7e61ffee7bb0e6,shadow
fd8c9932-9363-551f-82a7-32a992f68a96,00-0041472,Marlin Klein,2026,2027,TE,HOU,confirmed,2.158823529411765,,,,0,0,target_incomplete,1.0,0.0,0,5.0,342.0,0.7801188233154365,0.8677984412942967,0.6038558673610269,1.6660298509643887,1.8012459357556934,2.0843437891501377,2.082655916451381,1.8499772343904877,2.158823529411765,4.243167318561903,3.8248533803761537,4.2414794458631455,3.960069465167458,4.0088007638022525,1.8499772343904877,4.0088007638022525,0.7801188233154365,-4.352633110913855,-3.4831286225578566,-2.493896993771685,0.469156909097479,2.047935247444171,3.443435937814943,position_history,121,rookie,v2_next_year_beta_20260828T213408Z_741eb3cf,milestone_3_20260828T210736Z_903d8f44,v2_next_year_expert_residual_v1,beta,6a9a803feee65cd1bd54f3b013594fb56a3c5c3eb6f65caf5c7e61ffee7bb0e6,shadow
fdcc12f9-6f0d-56c9-987d-dfd27904e6f4,00-0040393,Kye Robichaux,2026,2027,RB,,confirmed,,,,,0,0,target_incomplete,0.0,1.0,0,,228.1,0.5790715866417382,0.41139475764375144,0.6097613512933316,,,,,,,,,,,,,,0.5790715866417382,-5.48615073240633,-4.244920053205529,-2.730536823343935,2.745851062339551,6.172636499559855,7.5044937746885285,position_history,171,second_year,v2_next_year_beta_20260828T213408Z_741eb3cf,milestone_3_20260828T210736Z_903d8f44,v2_next_year_expert_residual_v1,beta,6a9a803feee65cd1bd54f3b013594fb56a3c5c3eb6f65caf5c7e61ffee7bb0e6,shadow
fe9efc0d-16e6-5e1c-9a0e-91404e4399a4,00-0032392,Austin Hooper,2026,2027,TE,ATL,confirmed,2.505294117647059,,,,0,0,target_incomplete,0.0,10.0,1,7.0,317.06,0.5211349030781087,0.6176016681791368,0.4951784667648797,-0.013359454760941691,1.0745745204471848,0.5492362868820017,1.0635790461537784,0.7082647039466737,2.505294117647059,3.0545304045290607,2.491934662886117,3.5688731638008373,3.5798686380942435,3.2135588215937325,0.7082647039466737,3.2135588215937325,0.5211349030781087,-3.2358565481832877,-2.66710551537136,-1.8857939720040764,1.062470480921867,3.115963575900585,4.606394156586925,position_history,517,veteran_with_history,v2_next_year_beta_20260828T213408Z_741eb3cf,milestone_3_20260828T210736Z_903d8f44,v2_next_year_expert_residual_v1,beta,6a9a803feee65cd1bd54f3b013594fb56a3c5c3eb6f65caf5c7e61ffee7bb0e6,shadow
feaf4d80-7c9b-5d4d-8515-11cbc1eeeb85,00-0034613,Tanner Hudson,2026,2027,TE,CIN,confirmed,1.650238151658767,,,,0,0,target_incomplete,0.0,8.0,1,5.0,418.0,0.6200730837892997,0.7022165006549361,0.5338622493006663,-0.2755727297205961,0.8042193398095223,-0.08955813866931404,1.121531482555712,0.5500593642148793,1.650238151658767,1.560680012989453,1.3746654219381709,2.771769634214479,2.4544574914682893,2.2002975158736464,0.5500593642148793,2.2002975158736464,0.6200730837892997,-3.2358565481832877,-2.66710551537136,-1.8857939720040764,1.062470480921867,3.115963575900585,4.606394156586925,position_history,517,veteran_with_history,v2_next_year_beta_20260828T213408Z_741eb3cf,milestone_3_20260828T210736Z_903d8f44,v2_next_year_expert_residual_v1,beta,6a9a803feee65cd1bd54f3b013594fb56a3c5c3eb6f65caf5c7e61ffee7bb0e6,shadow
feafc016-8c00-5d21-a5e3-770f92ff1714,00-0038640,Jalen Brooks,2026,2027,WR,ARI,confirmed,0.3470588235294118,,,,0,0,target_incomplete,0.0,3.0,1,3.0,341.718535,0.39267817334891375,0.4307982910097937,0.561304531171307,2.1024918191064117,2.1262703841820048,1.1528823356726514,2.2965005955372657,2.175087599608561,0.3470588235294118,1.4999411592020633,2.4495506426358236,2.6435594190666776,2.4733292077114166,2.522146423137973,2.175087599608561,2.522146423137973,0.39267817334891375,-5.174675104176586,-4.132551138216551,-2.349516433734719,1.7104468853139558,3.790706964546365,5.521261715174053,position_history,879,veteran_with_history,v2_next_year_beta_20260828T213408Z_741eb3cf,milestone_3_20260828T210736Z_903d8f44,v2_next_year_expert_residual_v1,beta,6a9a803feee65cd1bd54f3b013594fb56a3c5c3eb6f65caf5c7e61ffee7bb0e6,shadow
fee7be21-ff73-5a39-948d-5ea1fc9b885e,00-0033869,Mitchell Trubisky,2026,2027,QB,TEN,confirmed,0.7067529411764705,,,,0,0,target_incomplete,0.0,9.0,1,5.0,336.485,0.3894878446678009,0.44777493330694185,0.5472605688041711,5.3717943087170745,11.005579736969988,3.0996677277257425,10.448182755169793,8.941852266952285,0.7067529411764705,3.806420668902213,6.078547249893545,11.154935696346262,11.712332678146458,9.648605208128755,8.941852266952285,9.648605208128755,0.3894878446678009,-8.06412819759558,-5.734041511578347,-2.864465114852388,2.783835279116431,6.020518964099286,6.909064297162426,position_history,209,veteran_with_history,v2_next_year_beta_20260828T213408Z_741eb3cf,milestone_3_20260828T210736Z_903d8f44,v2_next_year_expert_residual_v1,beta,6a9a803feee65cd1bd54f3b013594fb56a3c5c3eb6f65caf5c7e61ffee7bb0e6,shadow
ff27651d-3665-549b-a01b-2fc8ecaf250c,00-0041070,Reggie Virgil,2026,2027,WR,ARI,confirmed,0.7873823529411765,,,,0,0,target_incomplete,1.0,0.0,0,4.0,445.0,0.7503035741481127,0.7221388038165725,0.5968118837409765,2.440330180033361,2.6363499282556977,2.727429987360483,3.0868016048016345,2.721160571030231,0.7873823529411765,3.51481234030166,3.2277125329745378,3.8741839577428108,3.423732281196874,3.508542923971407,2.721160571030231,3.508542923971407,0.7503035741481127,-5.241847632097132,-4.420861613449043,-2.79275194455823,1.666671205196188,3.4416152985046184,5.164736756719793,position_history,250,rookie,v2_next_year_beta_20260828T213408Z_741eb3cf,milestone_3_20260828T210736Z_903d8f44,v2_next_year_expert_residual_v1,beta,6a9a803feee65cd1bd54f3b013594fb56a3c5c3eb6f65caf5c7e61ffee7bb0e6,shadow
ffc8d08e-a9dd-51af-af68-8b032b066512,00-0031236,Brandin Cooks,2026,2027,WR,,confirmed,,,,,0,0,target_incomplete,0.0,12.0,1,,230.5667,0.2285399993657079,0.27300922335951294,0.41694036868057527,,,,,,,,,,,,,,0.2285399993657079,-5.174675104176586,-4.132551138216551,-2.349516433734719,1.7104468853139558,3.790706964546365,5.521261715174053,position_history,879,veteran_with_history,v2_next_year_beta_20260828T213408Z_741eb3cf,milestone_3_20260828T210736Z_903d8f44,v2_next_year_expert_residual_v1,beta,6a9a803feee65cd1bd54f3b013594fb56a3c5c3eb6f65caf5c7e61ffee7bb0e6,shadow
