run_id,target_name,model_name,slice_type,slice_value,metric,n_rows,n_seasons,value,baseline_value,delta
m4a_legacy_individual_features_20260728T045617Z_de1b0e93,conditional_ppg,direct_lightgbm_plus_feature_adp_best_teammate_gap,position,QB,rmse,380,9,3.565082420978501,7.40325384335132,-3.838171422372819
m4a_legacy_individual_features_20260728T045617Z_de1b0e93,conditional_ppg,direct_lightgbm_plus_feature_adp_best_teammate_gap,position,QB,mae,380,9,2.83385704993142,5.406778790352811,-2.572921740421391
m4a_legacy_individual_features_20260728T045617Z_de1b0e93,conditional_ppg,direct_lightgbm_plus_feature_adp_best_teammate_gap,position,QB,bias,380,9,-0.2306433991671227,-4.351816669206204,4.121173270039081
m4a_legacy_individual_features_20260728T045617Z_de1b0e93,conditional_ppg,direct_lightgbm_plus_feature_adp_best_teammate_gap,position,QB,spearman,380,9,0.5828774100096239,0.6033518575734516,-0.020474447563827658
m4a_legacy_individual_features_20260728T045617Z_de1b0e93,conditional_ppg,direct_lightgbm_plus_feature_adp_best_teammate_gap,position,RB,rmse,1016,9,3.525809205671448,4.177344718174207,-0.6515355125027589
m4a_legacy_individual_features_20260728T045617Z_de1b0e93,conditional_ppg,direct_lightgbm_plus_feature_adp_best_teammate_gap,position,RB,mae,1016,9,2.787825843886427,3.1666944752693302,-0.37886863138290305
m4a_legacy_individual_features_20260728T045617Z_de1b0e93,conditional_ppg,direct_lightgbm_plus_feature_adp_best_teammate_gap,position,RB,bias,1016,9,0.12127764590183496,-2.074252054734232,2.1955297006360666
m4a_legacy_individual_features_20260728T045617Z_de1b0e93,conditional_ppg,direct_lightgbm_plus_feature_adp_best_teammate_gap,position,RB,spearman,1016,9,0.7411572911595788,0.7284272163676383,0.012730074791940549
m4a_legacy_individual_features_20260728T045617Z_de1b0e93,conditional_ppg,direct_lightgbm_plus_feature_adp_best_teammate_gap,position,TE,rmse,802,9,2.3124382687375316,2.9331861674511854,-0.6207478987136539
m4a_legacy_individual_features_20260728T045617Z_de1b0e93,conditional_ppg,direct_lightgbm_plus_feature_adp_best_teammate_gap,position,TE,mae,802,9,1.817153598388473,2.3188478825601355,-0.5016942841716625
m4a_legacy_individual_features_20260728T045617Z_de1b0e93,conditional_ppg,direct_lightgbm_plus_feature_adp_best_teammate_gap,position,TE,bias,802,9,0.34832643545284325,-1.6125117927348234,1.9608382281876666
m4a_legacy_individual_features_20260728T045617Z_de1b0e93,conditional_ppg,direct_lightgbm_plus_feature_adp_best_teammate_gap,position,TE,spearman,802,9,0.6960905812008493,0.6893443768060465,0.0067462043948027794
m4a_legacy_individual_features_20260728T045617Z_de1b0e93,conditional_ppg,direct_lightgbm_plus_feature_adp_best_teammate_gap,position,WR,rmse,1503,9,3.1448304402929548,3.7011367089159544,-0.5563062686229996
m4a_legacy_individual_features_20260728T045617Z_de1b0e93,conditional_ppg,direct_lightgbm_plus_feature_adp_best_teammate_gap,position,WR,mae,1503,9,2.5005902155183914,2.9197213919380522,-0.4191311764196608
m4a_legacy_individual_features_20260728T045617Z_de1b0e93,conditional_ppg,direct_lightgbm_plus_feature_adp_best_teammate_gap,position,WR,bias,1503,9,0.3168792803469482,-1.7484519064374633,2.0653311867844115
m4a_legacy_individual_features_20260728T045617Z_de1b0e93,conditional_ppg,direct_lightgbm_plus_feature_adp_best_teammate_gap,position,WR,spearman,1503,9,0.7509947294493349,0.7533404253666947,-0.0023456959173597802
m4a_legacy_individual_features_20260728T045617Z_de1b0e93,conditional_ppg,direct_lightgbm_plus_feature_adp_best_teammate_gap,season,2017,rmse,407,1,3.1009896465519353,4.36645042925793,-1.2654607827059947
m4a_legacy_individual_features_20260728T045617Z_de1b0e93,conditional_ppg,direct_lightgbm_plus_feature_adp_best_teammate_gap,season,2017,mae,407,1,2.437459161698343,3.155298194425311,-0.7178390327269679
m4a_legacy_individual_features_20260728T045617Z_de1b0e93,conditional_ppg,direct_lightgbm_plus_feature_adp_best_teammate_gap,season,2017,bias,407,1,0.48099028581836883,-2.001344182039299,2.482334467857668
m4a_legacy_individual_features_20260728T045617Z_de1b0e93,conditional_ppg,direct_lightgbm_plus_feature_adp_best_teammate_gap,season,2017,spearman,407,1,0.7926984240843095,0.6896147256046201,0.10308369847968935
m4a_legacy_individual_features_20260728T045617Z_de1b0e93,conditional_ppg,direct_lightgbm_plus_feature_adp_best_teammate_gap,season,2018,rmse,405,1,3.3797825710555007,4.714160529640733,-1.334377958585232
m4a_legacy_individual_features_20260728T045617Z_de1b0e93,conditional_ppg,direct_lightgbm_plus_feature_adp_best_teammate_gap,season,2018,mae,405,1,2.6066873427856057,3.591068328096669,-0.9843809853110632
m4a_legacy_individual_features_20260728T045617Z_de1b0e93,conditional_ppg,direct_lightgbm_plus_feature_adp_best_teammate_gap,season,2018,bias,405,1,-0.43552479244663594,-2.8137009099333685,2.3781761174867326
m4a_legacy_individual_features_20260728T045617Z_de1b0e93,conditional_ppg,direct_lightgbm_plus_feature_adp_best_teammate_gap,season,2018,spearman,405,1,0.7841857139199337,0.7425066216425864,0.04167909227734734
m4a_legacy_individual_features_20260728T045617Z_de1b0e93,conditional_ppg,direct_lightgbm_plus_feature_adp_best_teammate_gap,season,2019,rmse,387,1,3.2437243232891597,4.417467076151702,-1.1737427528625424
m4a_legacy_individual_features_20260728T045617Z_de1b0e93,conditional_ppg,direct_lightgbm_plus_feature_adp_best_teammate_gap,season,2019,mae,387,1,2.571316444402219,3.303386554908389,-0.7320701105061702
m4a_legacy_individual_features_20260728T045617Z_de1b0e93,conditional_ppg,direct_lightgbm_plus_feature_adp_best_teammate_gap,season,2019,bias,387,1,0.011930380450489842,-2.3390147908762615,2.3509451713267513
m4a_legacy_individual_features_20260728T045617Z_de1b0e93,conditional_ppg,direct_lightgbm_plus_feature_adp_best_teammate_gap,season,2019,spearman,387,1,0.7803245952653826,0.7230240158078952,0.057300579457487344
m4a_legacy_individual_features_20260728T045617Z_de1b0e93,conditional_ppg,direct_lightgbm_plus_feature_adp_best_teammate_gap,season,2020,rmse,420,1,3.223144171698918,4.440195645661847,-1.2170514739629286
m4a_legacy_individual_features_20260728T045617Z_de1b0e93,conditional_ppg,direct_lightgbm_plus_feature_adp_best_teammate_gap,season,2020,mae,420,1,2.4668920646829116,3.1892739075546475,-0.7223818428717359
m4a_legacy_individual_features_20260728T045617Z_de1b0e93,conditional_ppg,direct_lightgbm_plus_feature_adp_best_teammate_gap,season,2020,bias,420,1,-0.09470434894661378,-2.50699336451964,2.412289015573026
m4a_legacy_individual_features_20260728T045617Z_de1b0e93,conditional_ppg,direct_lightgbm_plus_feature_adp_best_teammate_gap,season,2020,spearman,420,1,0.8102248953489498,0.7558180220636451,0.05440687328530469
m4a_legacy_individual_features_20260728T045617Z_de1b0e93,conditional_ppg,direct_lightgbm_plus_feature_adp_best_teammate_gap,season,2021,rmse,417,1,3.087106163671599,4.1314790282308635,-1.0443728645592647
m4a_legacy_individual_features_20260728T045617Z_de1b0e93,conditional_ppg,direct_lightgbm_plus_feature_adp_best_teammate_gap,season,2021,mae,417,1,2.383695405272851,3.004519719344607,-0.620824314071756
m4a_legacy_individual_features_20260728T045617Z_de1b0e93,conditional_ppg,direct_lightgbm_plus_feature_adp_best_teammate_gap,season,2021,bias,417,1,0.1071332737974249,-2.1396464537194677,2.2467797275168926
m4a_legacy_individual_features_20260728T045617Z_de1b0e93,conditional_ppg,direct_lightgbm_plus_feature_adp_best_teammate_gap,season,2021,spearman,417,1,0.7990150272147203,0.7425784631898492,0.05643656402487107
m4a_legacy_individual_features_20260728T045617Z_de1b0e93,conditional_ppg,direct_lightgbm_plus_feature_adp_best_teammate_gap,season,2022,rmse,426,1,2.901251863131546,3.8223751589851123,-0.9211232958535662
m4a_legacy_individual_features_20260728T045617Z_de1b0e93,conditional_ppg,direct_lightgbm_plus_feature_adp_best_teammate_gap,season,2022,mae,426,1,2.364916400365402,2.842258114416837,-0.4773417140514349
m4a_legacy_individual_features_20260728T045617Z_de1b0e93,conditional_ppg,direct_lightgbm_plus_feature_adp_best_teammate_gap,season,2022,bias,426,1,0.6646011730869406,-1.7513690790122993,2.41597025209924
m4a_legacy_individual_features_20260728T045617Z_de1b0e93,conditional_ppg,direct_lightgbm_plus_feature_adp_best_teammate_gap,season,2022,spearman,426,1,0.8200753132952961,0.7428755546703996,0.07719975862489659
m4a_legacy_individual_features_20260728T045617Z_de1b0e93,conditional_ppg,direct_lightgbm_plus_feature_adp_best_teammate_gap,season,2023,rmse,415,1,3.2330805707695873,4.221586995253445,-0.988506424483858
m4a_legacy_individual_features_20260728T045617Z_de1b0e93,conditional_ppg,direct_lightgbm_plus_feature_adp_best_teammate_gap,season,2023,mae,415,1,2.524797873613244,3.0334052938510987,-0.5086074202378548
m4a_legacy_individual_features_20260728T045617Z_de1b0e93,conditional_ppg,direct_lightgbm_plus_feature_adp_best_teammate_gap,season,2023,bias,415,1,0.47281533858479896,-1.9127507670094155,2.3855661055942146
m4a_legacy_individual_features_20260728T045617Z_de1b0e93,conditional_ppg,direct_lightgbm_plus_feature_adp_best_teammate_gap,season,2023,spearman,415,1,0.8012571109617839,0.6928791932643551,0.10837791769742877
m4a_legacy_individual_features_20260728T045617Z_de1b0e93,conditional_ppg,direct_lightgbm_plus_feature_adp_best_teammate_gap,season,2024,rmse,408,1,3.1783729625636923,4.2776523227631555,-1.0992793601994633
m4a_legacy_individual_features_20260728T045617Z_de1b0e93,conditional_ppg,direct_lightgbm_plus_feature_adp_best_teammate_gap,season,2024,mae,408,1,2.5551982618610243,3.2002566358121665,-0.6450583739511422
m4a_legacy_individual_features_20260728T045617Z_de1b0e93,conditional_ppg,direct_lightgbm_plus_feature_adp_best_teammate_gap,season,2024,bias,408,1,0.29005850470075917,-2.022226818172098,2.312285322872857
m4a_legacy_individual_features_20260728T045617Z_de1b0e93,conditional_ppg,direct_lightgbm_plus_feature_adp_best_teammate_gap,season,2024,spearman,408,1,0.8069722857242835,0.7254682010396428,0.08150408468464065
m4a_legacy_individual_features_20260728T045617Z_de1b0e93,conditional_ppg,direct_lightgbm_plus_feature_adp_best_teammate_gap,season,2025,rmse,416,1,2.949307526665666,3.552154687210895,-0.6028471605452292
m4a_legacy_individual_features_20260728T045617Z_de1b0e93,conditional_ppg,direct_lightgbm_plus_feature_adp_best_teammate_gap,season,2025,mae,416,1,2.294051090050807,2.7289555795750813,-0.4349044895242744
m4a_legacy_individual_features_20260728T045617Z_de1b0e93,conditional_ppg,direct_lightgbm_plus_feature_adp_best_teammate_gap,season,2025,bias,416,1,0.3957387253468427,-1.2328853324361086,1.6286240577829514
m4a_legacy_individual_features_20260728T045617Z_de1b0e93,conditional_ppg,direct_lightgbm_plus_feature_adp_best_teammate_gap,season,2025,spearman,416,1,0.8156728064600882,0.782469913058102,0.03320289340198623
m4a_legacy_individual_features_20260728T045617Z_de1b0e93,conditional_ppg,direct_lightgbm_plus_feature_adp_best_teammate_gap,history_depth,other_no_history,rmse,27,8,2.6645630476297426,6.4683220498114276,-3.803759002181685
m4a_legacy_individual_features_20260728T045617Z_de1b0e93,conditional_ppg,direct_lightgbm_plus_feature_adp_best_teammate_gap,history_depth,other_no_history,mae,27,8,2.136958603487947,4.461598216447073,-2.324639612959126
m4a_legacy_individual_features_20260728T045617Z_de1b0e93,conditional_ppg,direct_lightgbm_plus_feature_adp_best_teammate_gap,history_depth,other_no_history,bias,27,8,0.7405186775255885,-4.368357475706332,5.10887615323192
m4a_legacy_individual_features_20260728T045617Z_de1b0e93,conditional_ppg,direct_lightgbm_plus_feature_adp_best_teammate_gap,history_depth,other_no_history,spearman,27,8,0.4603174603174603,0.3099630400605697,0.1503544202568906
m4a_legacy_individual_features_20260728T045617Z_de1b0e93,conditional_ppg,direct_lightgbm_plus_feature_adp_best_teammate_gap,history_depth,rookie,rmse,532,9,3.4647331393259275,4.9501399507842265,-1.485406811458299
m4a_legacy_individual_features_20260728T045617Z_de1b0e93,conditional_ppg,direct_lightgbm_plus_feature_adp_best_teammate_gap,history_depth,rookie,mae,532,9,2.773976151512391,3.6281836185347482,-0.8542074670223574
m4a_legacy_individual_features_20260728T045617Z_de1b0e93,conditional_ppg,direct_lightgbm_plus_feature_adp_best_teammate_gap,history_depth,rookie,bias,532,9,0.29018318016560407,-2.8213558829459355,3.1115390631115396
m4a_legacy_individual_features_20260728T045617Z_de1b0e93,conditional_ppg,direct_lightgbm_plus_feature_adp_best_teammate_gap,history_depth,rookie,spearman,532,9,0.6461964147637899,0.5456141139567152,0.10058230080707464
m4a_legacy_individual_features_20260728T045617Z_de1b0e93,conditional_ppg,direct_lightgbm_plus_feature_adp_best_teammate_gap,history_depth,second_year,rmse,568,9,3.25919034265761,4.259843856007934,-1.0006535133503238
m4a_legacy_individual_features_20260728T045617Z_de1b0e93,conditional_ppg,direct_lightgbm_plus_feature_adp_best_teammate_gap,history_depth,second_year,mae,568,9,2.50742728126592,3.194144907042518,-0.6867176257765979
m4a_legacy_individual_features_20260728T045617Z_de1b0e93,conditional_ppg,direct_lightgbm_plus_feature_adp_best_teammate_gap,history_depth,second_year,bias,568,9,0.20673508436769691,-2.2698764585662343,2.4766115429339313
m4a_legacy_individual_features_20260728T045617Z_de1b0e93,conditional_ppg,direct_lightgbm_plus_feature_adp_best_teammate_gap,history_depth,second_year,spearman,568,9,0.7608171599195854,0.7154312477547689,0.04538591216481658
m4a_legacy_individual_features_20260728T045617Z_de1b0e93,conditional_ppg,direct_lightgbm_plus_feature_adp_best_teammate_gap,history_depth,veteran_with_history,rmse,2574,9,3.053629415732741,4.018822079009796,-0.9651926632770551
m4a_legacy_individual_features_20260728T045617Z_de1b0e93,conditional_ppg,direct_lightgbm_plus_feature_adp_best_teammate_gap,history_depth,veteran_with_history,mae,2574,9,2.396025301296208,2.9739951969693554,-0.5779698956731476
m4a_legacy_individual_features_20260728T045617Z_de1b0e93,conditional_ppg,direct_lightgbm_plus_feature_adp_best_teammate_gap,history_depth,veteran_with_history,bias,2574,9,0.19401863717375953,-1.8547363189666835,2.048754956140443
m4a_legacy_individual_features_20260728T045617Z_de1b0e93,conditional_ppg,direct_lightgbm_plus_feature_adp_best_teammate_gap,history_depth,veteran_with_history,spearman,2574,9,0.8334817276876052,0.7696548572471656,0.06382687044043955
m4a_legacy_individual_features_20260728T045617Z_de1b0e93,conditional_ppg,direct_lightgbm_plus_feature_adp_best_teammate_gap,provider_depth,one,rmse,119,9,2.918740611493371,5.335759809018117,-2.4170191975247457
m4a_legacy_individual_features_20260728T045617Z_de1b0e93,conditional_ppg,direct_lightgbm_plus_feature_adp_best_teammate_gap,provider_depth,one,mae,119,9,2.337070117326342,4.162035059985875,-1.8249649426595331
m4a_legacy_individual_features_20260728T045617Z_de1b0e93,conditional_ppg,direct_lightgbm_plus_feature_adp_best_teammate_gap,provider_depth,one,bias,119,9,0.2573471874662056,-4.075903666251912,4.333250853718117
m4a_legacy_individual_features_20260728T045617Z_de1b0e93,conditional_ppg,direct_lightgbm_plus_feature_adp_best_teammate_gap,provider_depth,one,spearman,119,9,0.32825207595300354,0.0846903736327424,0.24356170232026114
m4a_legacy_individual_features_20260728T045617Z_de1b0e93,conditional_ppg,direct_lightgbm_plus_feature_adp_best_teammate_gap,provider_depth,three_plus,rmse,3047,9,3.269784666613574,4.234561588827272,-0.9647769222136975
m4a_legacy_individual_features_20260728T045617Z_de1b0e93,conditional_ppg,direct_lightgbm_plus_feature_adp_best_teammate_gap,provider_depth,three_plus,mae,3047,9,2.574836111042044,3.083413022185609,-0.5085769111435652
m4a_legacy_individual_features_20260728T045617Z_de1b0e93,conditional_ppg,direct_lightgbm_plus_feature_adp_best_teammate_gap,provider_depth,three_plus,bias,3047,9,0.162411598360555,-1.8601803512837727,2.022591949644328
m4a_legacy_individual_features_20260728T045617Z_de1b0e93,conditional_ppg,direct_lightgbm_plus_feature_adp_best_teammate_gap,provider_depth,three_plus,spearman,3047,9,0.8164756779967631,0.7420132292410677,0.07446244875569541
m4a_legacy_individual_features_20260728T045617Z_de1b0e93,conditional_ppg,direct_lightgbm_plus_feature_adp_best_teammate_gap,provider_depth,two,rmse,535,9,2.376842185356735,3.8717805693613485,-1.4949383840046133
m4a_legacy_individual_features_20260728T045617Z_de1b0e93,conditional_ppg,direct_lightgbm_plus_feature_adp_best_teammate_gap,provider_depth,two,mae,535,9,1.871783255864122,3.0458937016186125,-1.1741104457544904
m4a_legacy_individual_features_20260728T045617Z_de1b0e93,conditional_ppg,direct_lightgbm_plus_feature_adp_best_teammate_gap,provider_depth,two,bias,535,9,0.4966514030547879,-2.8584785577785787,3.3551299608333665
m4a_legacy_individual_features_20260728T045617Z_de1b0e93,conditional_ppg,direct_lightgbm_plus_feature_adp_best_teammate_gap,provider_depth,two,spearman,535,9,0.29522262150538936,0.18403251077198343,0.11119011073340593
m4a_legacy_individual_features_20260728T045617Z_de1b0e93,conditional_ppg,direct_lightgbm_plus_feature_adp_best_teammate_gap,provider_era,2017_2019,rmse,1199,3,3.243260889006247,4.503004396091149,-1.259743507084902
m4a_legacy_individual_features_20260728T045617Z_de1b0e93,conditional_ppg,direct_lightgbm_plus_feature_adp_best_teammate_gap,provider_era,2017_2019,mae,1199,3,2.5378262857573435,3.350291605304253,-0.8124653195469094
m4a_legacy_individual_features_20260728T045617Z_de1b0e93,conditional_ppg,direct_lightgbm_plus_feature_adp_best_teammate_gap,provider_era,2017_2019,bias,1199,3,0.02001047758259226,-2.3847328396014364,2.4047433171840287
m4a_legacy_individual_features_20260728T045617Z_de1b0e93,conditional_ppg,direct_lightgbm_plus_feature_adp_best_teammate_gap,provider_era,2017_2019,spearman,1199,3,0.784992425508656,0.7186707029412654,0.06632172256739055
m4a_legacy_individual_features_20260728T045617Z_de1b0e93,conditional_ppg,direct_lightgbm_plus_feature_adp_best_teammate_gap,provider_era,2020_2022,rmse,1263,3,3.072506472908531,4.137612979315968,-1.0651065064074365
m4a_legacy_individual_features_20260728T045617Z_de1b0e93,conditional_ppg,direct_lightgbm_plus_feature_adp_best_teammate_gap,provider_era,2020_2022,mae,1263,3,2.4050277416637083,3.011228599272546,-0.6062008576088376
m4a_legacy_individual_features_20260728T045617Z_de1b0e93,conditional_ppg,direct_lightgbm_plus_feature_adp_best_teammate_gap,provider_era,2020_2022,bias,1263,3,0.22804342703957647,-2.13084165634086,2.3588850833804367
m4a_legacy_individual_features_20260728T045617Z_de1b0e93,conditional_ppg,direct_lightgbm_plus_feature_adp_best_teammate_gap,provider_era,2020_2022,spearman,1263,3,0.8086594131142371,0.7457313838185303,0.06292802929570673
m4a_legacy_individual_features_20260728T045617Z_de1b0e93,conditional_ppg,direct_lightgbm_plus_feature_adp_best_teammate_gap,provider_era,2023_plus,rmse,1239,3,3.122220480958276,4.028826907371568,-0.9066064264132918
m4a_legacy_individual_features_20260728T045617Z_de1b0e93,conditional_ppg,direct_lightgbm_plus_feature_adp_best_teammate_gap,provider_era,2023_plus,mae,1239,3,2.457334351775569,2.986128672689914,-0.5287943209143449
m4a_legacy_individual_features_20260728T045617Z_de1b0e93,conditional_ppg,direct_lightgbm_plus_feature_adp_best_teammate_gap,provider_era,2023_plus,bias,1239,3,0.3867550808514026,-1.7205330172853468,2.1072880981367494
m4a_legacy_individual_features_20260728T045617Z_de1b0e93,conditional_ppg,direct_lightgbm_plus_feature_adp_best_teammate_gap,provider_era,2023_plus,spearman,1239,3,0.8060645859964741,0.7342988709869787,0.07176571500949547
m4a_legacy_individual_features_20260728T045617Z_de1b0e93,conditional_ppg,direct_lightgbm_plus_feature_adp_mean_teammate_gap,position,QB,rmse,380,9,3.5592205526022442,7.40325384335132,-3.8440332907490755
m4a_legacy_individual_features_20260728T045617Z_de1b0e93,conditional_ppg,direct_lightgbm_plus_feature_adp_mean_teammate_gap,position,QB,mae,380,9,2.822660020179586,5.406778790352811,-2.584118770173225
m4a_legacy_individual_features_20260728T045617Z_de1b0e93,conditional_ppg,direct_lightgbm_plus_feature_adp_mean_teammate_gap,position,QB,bias,380,9,-0.19720904983853488,-4.351816669206204,4.154607619367669
m4a_legacy_individual_features_20260728T045617Z_de1b0e93,conditional_ppg,direct_lightgbm_plus_feature_adp_mean_teammate_gap,position,QB,spearman,380,9,0.5882014739970219,0.6033518575734516,-0.015150383576429616
m4a_legacy_individual_features_20260728T045617Z_de1b0e93,conditional_ppg,direct_lightgbm_plus_feature_adp_mean_teammate_gap,position,RB,rmse,1016,9,3.5394193269026983,4.177344718174207,-0.6379253912715086
m4a_legacy_individual_features_20260728T045617Z_de1b0e93,conditional_ppg,direct_lightgbm_plus_feature_adp_mean_teammate_gap,position,RB,mae,1016,9,2.8045965094523764,3.1666944752693302,-0.36209796581695386
m4a_legacy_individual_features_20260728T045617Z_de1b0e93,conditional_ppg,direct_lightgbm_plus_feature_adp_mean_teammate_gap,position,RB,bias,1016,9,0.1338954696936749,-2.074252054734232,2.2081475244279067
m4a_legacy_individual_features_20260728T045617Z_de1b0e93,conditional_ppg,direct_lightgbm_plus_feature_adp_mean_teammate_gap,position,RB,spearman,1016,9,0.7373414602497121,0.7284272163676383,0.008914243882073847
m4a_legacy_individual_features_20260728T045617Z_de1b0e93,conditional_ppg,direct_lightgbm_plus_feature_adp_mean_teammate_gap,position,TE,rmse,802,9,2.3044247399196767,2.9331861674511854,-0.6287614275315088
m4a_legacy_individual_features_20260728T045617Z_de1b0e93,conditional_ppg,direct_lightgbm_plus_feature_adp_mean_teammate_gap,position,TE,mae,802,9,1.8114141605665783,2.3188478825601355,-0.5074337219935572
m4a_legacy_individual_features_20260728T045617Z_de1b0e93,conditional_ppg,direct_lightgbm_plus_feature_adp_mean_teammate_gap,position,TE,bias,802,9,0.35788105268673936,-1.6125117927348234,1.9703928454215627
m4a_legacy_individual_features_20260728T045617Z_de1b0e93,conditional_ppg,direct_lightgbm_plus_feature_adp_mean_teammate_gap,position,TE,spearman,802,9,0.6987577899470492,0.6893443768060465,0.009413413141002636
m4a_legacy_individual_features_20260728T045617Z_de1b0e93,conditional_ppg,direct_lightgbm_plus_feature_adp_mean_teammate_gap,position,WR,rmse,1503,9,3.1403825688830165,3.7011367089159544,-0.5607541400329379
m4a_legacy_individual_features_20260728T045617Z_de1b0e93,conditional_ppg,direct_lightgbm_plus_feature_adp_mean_teammate_gap,position,WR,mae,1503,9,2.4977464544533317,2.9197213919380522,-0.4219749374847206
m4a_legacy_individual_features_20260728T045617Z_de1b0e93,conditional_ppg,direct_lightgbm_plus_feature_adp_mean_teammate_gap,position,WR,bias,1503,9,0.3439046031387081,-1.7484519064374633,2.092356509576171
m4a_legacy_individual_features_20260728T045617Z_de1b0e93,conditional_ppg,direct_lightgbm_plus_feature_adp_mean_teammate_gap,position,WR,spearman,1503,9,0.7527011022956899,0.7533404253666947,-0.0006393230710047826
m4a_legacy_individual_features_20260728T045617Z_de1b0e93,conditional_ppg,direct_lightgbm_plus_feature_adp_mean_teammate_gap,season,2017,rmse,407,1,3.1274176031505814,4.36645042925793,-1.2390328261073487
m4a_legacy_individual_features_20260728T045617Z_de1b0e93,conditional_ppg,direct_lightgbm_plus_feature_adp_mean_teammate_gap,season,2017,mae,407,1,2.462612097369244,3.155298194425311,-0.6926860970560673
m4a_legacy_individual_features_20260728T045617Z_de1b0e93,conditional_ppg,direct_lightgbm_plus_feature_adp_mean_teammate_gap,season,2017,bias,407,1,0.4999774349587365,-2.001344182039299,2.5013216169980357
m4a_legacy_individual_features_20260728T045617Z_de1b0e93,conditional_ppg,direct_lightgbm_plus_feature_adp_mean_teammate_gap,season,2017,spearman,407,1,0.7865666457436988,0.6896147256046201,0.09695192013907872
m4a_legacy_individual_features_20260728T045617Z_de1b0e93,conditional_ppg,direct_lightgbm_plus_feature_adp_mean_teammate_gap,season,2018,rmse,405,1,3.373909815781245,4.714160529640733,-1.3402507138594877
m4a_legacy_individual_features_20260728T045617Z_de1b0e93,conditional_ppg,direct_lightgbm_plus_feature_adp_mean_teammate_gap,season,2018,mae,405,1,2.593015867232607,3.591068328096669,-0.998052460864062
m4a_legacy_individual_features_20260728T045617Z_de1b0e93,conditional_ppg,direct_lightgbm_plus_feature_adp_mean_teammate_gap,season,2018,bias,405,1,-0.41956338258989806,-2.8137009099333685,2.3941375273434704
m4a_legacy_individual_features_20260728T045617Z_de1b0e93,conditional_ppg,direct_lightgbm_plus_feature_adp_mean_teammate_gap,season,2018,spearman,405,1,0.7894075050043531,0.7425066216425864,0.046900883361766676
m4a_legacy_individual_features_20260728T045617Z_de1b0e93,conditional_ppg,direct_lightgbm_plus_feature_adp_mean_teammate_gap,season,2019,rmse,387,1,3.231869101906262,4.417467076151702,-1.18559797424544
m4a_legacy_individual_features_20260728T045617Z_de1b0e93,conditional_ppg,direct_lightgbm_plus_feature_adp_mean_teammate_gap,season,2019,mae,387,1,2.551399113205815,3.303386554908389,-0.7519874417025743
m4a_legacy_individual_features_20260728T045617Z_de1b0e93,conditional_ppg,direct_lightgbm_plus_feature_adp_mean_teammate_gap,season,2019,bias,387,1,0.09917372728071795,-2.3390147908762615,2.4381885181569793
m4a_legacy_individual_features_20260728T045617Z_de1b0e93,conditional_ppg,direct_lightgbm_plus_feature_adp_mean_teammate_gap,season,2019,spearman,387,1,0.7855155729331549,0.7230240158078952,0.06249155712525967
m4a_legacy_individual_features_20260728T045617Z_de1b0e93,conditional_ppg,direct_lightgbm_plus_feature_adp_mean_teammate_gap,season,2020,rmse,420,1,3.2122832479621652,4.440195645661847,-1.2279123976996815
m4a_legacy_individual_features_20260728T045617Z_de1b0e93,conditional_ppg,direct_lightgbm_plus_feature_adp_mean_teammate_gap,season,2020,mae,420,1,2.450723175474429,3.1892739075546475,-0.7385507320802183
m4a_legacy_individual_features_20260728T045617Z_de1b0e93,conditional_ppg,direct_lightgbm_plus_feature_adp_mean_teammate_gap,season,2020,bias,420,1,-0.08859288078822877,-2.50699336451964,2.418400483731411
m4a_legacy_individual_features_20260728T045617Z_de1b0e93,conditional_ppg,direct_lightgbm_plus_feature_adp_mean_teammate_gap,season,2020,spearman,420,1,0.8098773874567303,0.7558180220636451,0.0540593653930852
m4a_legacy_individual_features_20260728T045617Z_de1b0e93,conditional_ppg,direct_lightgbm_plus_feature_adp_mean_teammate_gap,season,2021,rmse,417,1,3.0983319445180615,4.1314790282308635,-1.033147083712802
m4a_legacy_individual_features_20260728T045617Z_de1b0e93,conditional_ppg,direct_lightgbm_plus_feature_adp_mean_teammate_gap,season,2021,mae,417,1,2.396327583576825,3.004519719344607,-0.6081921357677822
m4a_legacy_individual_features_20260728T045617Z_de1b0e93,conditional_ppg,direct_lightgbm_plus_feature_adp_mean_teammate_gap,season,2021,bias,417,1,0.10007995649443983,-2.1396464537194677,2.2397264102139074
m4a_legacy_individual_features_20260728T045617Z_de1b0e93,conditional_ppg,direct_lightgbm_plus_feature_adp_mean_teammate_gap,season,2021,spearman,417,1,0.7960695422040585,0.7425784631898492,0.05349107901420924
m4a_legacy_individual_features_20260728T045617Z_de1b0e93,conditional_ppg,direct_lightgbm_plus_feature_adp_mean_teammate_gap,season,2022,rmse,426,1,2.899696646536296,3.8223751589851123,-0.9226785124488162
m4a_legacy_individual_features_20260728T045617Z_de1b0e93,conditional_ppg,direct_lightgbm_plus_feature_adp_mean_teammate_gap,season,2022,mae,426,1,2.3673543601015665,2.842258114416837,-0.47490375431527054
m4a_legacy_individual_features_20260728T045617Z_de1b0e93,conditional_ppg,direct_lightgbm_plus_feature_adp_mean_teammate_gap,season,2022,bias,426,1,0.6660122127510784,-1.7513690790122993,2.4173812917633777
m4a_legacy_individual_features_20260728T045617Z_de1b0e93,conditional_ppg,direct_lightgbm_plus_feature_adp_mean_teammate_gap,season,2022,spearman,426,1,0.8199740622805043,0.7428755546703996,0.07709850761010473
m4a_legacy_individual_features_20260728T045617Z_de1b0e93,conditional_ppg,direct_lightgbm_plus_feature_adp_mean_teammate_gap,season,2023,rmse,415,1,3.2296286718149174,4.221586995253445,-0.9919583234385279
m4a_legacy_individual_features_20260728T045617Z_de1b0e93,conditional_ppg,direct_lightgbm_plus_feature_adp_mean_teammate_gap,season,2023,mae,415,1,2.525362911257242,3.0334052938510987,-0.5080423825938567
m4a_legacy_individual_features_20260728T045617Z_de1b0e93,conditional_ppg,direct_lightgbm_plus_feature_adp_mean_teammate_gap,season,2023,bias,415,1,0.4745786768770201,-1.9127507670094155,2.3873294438864354
m4a_legacy_individual_features_20260728T045617Z_de1b0e93,conditional_ppg,direct_lightgbm_plus_feature_adp_mean_teammate_gap,season,2023,spearman,415,1,0.7991036886273338,0.6928791932643551,0.10622449536297873
m4a_legacy_individual_features_20260728T045617Z_de1b0e93,conditional_ppg,direct_lightgbm_plus_feature_adp_mean_teammate_gap,season,2024,rmse,408,1,3.166922164942175,4.2776523227631555,-1.1107301578209805
m4a_legacy_individual_features_20260728T045617Z_de1b0e93,conditional_ppg,direct_lightgbm_plus_feature_adp_mean_teammate_gap,season,2024,mae,408,1,2.5514134524591885,3.2002566358121665,-0.648843183352978
m4a_legacy_individual_features_20260728T045617Z_de1b0e93,conditional_ppg,direct_lightgbm_plus_feature_adp_mean_teammate_gap,season,2024,bias,408,1,0.281165957288813,-2.022226818172098,2.303392775460911
m4a_legacy_individual_features_20260728T045617Z_de1b0e93,conditional_ppg,direct_lightgbm_plus_feature_adp_mean_teammate_gap,season,2024,spearman,408,1,0.8073040149487802,0.7254682010396428,0.08183581390913741
m4a_legacy_individual_features_20260728T045617Z_de1b0e93,conditional_ppg,direct_lightgbm_plus_feature_adp_mean_teammate_gap,season,2025,rmse,416,1,2.962345861977329,3.552154687210895,-0.589808825233566
m4a_legacy_individual_features_20260728T045617Z_de1b0e93,conditional_ppg,direct_lightgbm_plus_feature_adp_mean_teammate_gap,season,2025,mae,416,1,2.3149863994983275,2.7289555795750813,-0.41396918007675376
m4a_legacy_individual_features_20260728T045617Z_de1b0e93,conditional_ppg,direct_lightgbm_plus_feature_adp_mean_teammate_gap,season,2025,bias,416,1,0.4642988136263343,-1.2328853324361086,1.697184146062443
m4a_legacy_individual_features_20260728T045617Z_de1b0e93,conditional_ppg,direct_lightgbm_plus_feature_adp_mean_teammate_gap,season,2025,spearman,416,1,0.8131907413412373,0.782469913058102,0.03072082828313527
m4a_legacy_individual_features_20260728T045617Z_de1b0e93,conditional_ppg,direct_lightgbm_plus_feature_adp_mean_teammate_gap,history_depth,other_no_history,rmse,27,8,2.6617362251023575,6.4683220498114276,-3.80658582470907
m4a_legacy_individual_features_20260728T045617Z_de1b0e93,conditional_ppg,direct_lightgbm_plus_feature_adp_mean_teammate_gap,history_depth,other_no_history,mae,27,8,2.102634614261027,4.461598216447073,-2.358963602186046
m4a_legacy_individual_features_20260728T045617Z_de1b0e93,conditional_ppg,direct_lightgbm_plus_feature_adp_mean_teammate_gap,history_depth,other_no_history,bias,27,8,0.7474258818648769,-4.368357475706332,5.115783357571209
m4a_legacy_individual_features_20260728T045617Z_de1b0e93,conditional_ppg,direct_lightgbm_plus_feature_adp_mean_teammate_gap,history_depth,other_no_history,spearman,27,8,0.40116013289852487,0.3099630400605697,0.09119709283795518
m4a_legacy_individual_features_20260728T045617Z_de1b0e93,conditional_ppg,direct_lightgbm_plus_feature_adp_mean_teammate_gap,history_depth,rookie,rmse,532,9,3.479886206717041,4.9501399507842265,-1.4702537440671857
m4a_legacy_individual_features_20260728T045617Z_de1b0e93,conditional_ppg,direct_lightgbm_plus_feature_adp_mean_teammate_gap,history_depth,rookie,mae,532,9,2.787202925244729,3.6281836185347482,-0.8409806932900192
m4a_legacy_individual_features_20260728T045617Z_de1b0e93,conditional_ppg,direct_lightgbm_plus_feature_adp_mean_teammate_gap,history_depth,rookie,bias,532,9,0.3237982663392242,-2.8213558829459355,3.1451541492851596
m4a_legacy_individual_features_20260728T045617Z_de1b0e93,conditional_ppg,direct_lightgbm_plus_feature_adp_mean_teammate_gap,history_depth,rookie,spearman,532,9,0.6472689124856189,0.5456141139567152,0.10165479852890369
m4a_legacy_individual_features_20260728T045617Z_de1b0e93,conditional_ppg,direct_lightgbm_plus_feature_adp_mean_teammate_gap,history_depth,second_year,rmse,568,9,3.2540667318691288,4.259843856007934,-1.0057771241388052
m4a_legacy_individual_features_20260728T045617Z_de1b0e93,conditional_ppg,direct_lightgbm_plus_feature_adp_mean_teammate_gap,history_depth,second_year,mae,568,9,2.5034447249180043,3.194144907042518,-0.6907001821245138
m4a_legacy_individual_features_20260728T045617Z_de1b0e93,conditional_ppg,direct_lightgbm_plus_feature_adp_mean_teammate_gap,history_depth,second_year,bias,568,9,0.23428239550185362,-2.2698764585662343,2.504158854068088
m4a_legacy_individual_features_20260728T045617Z_de1b0e93,conditional_ppg,direct_lightgbm_plus_feature_adp_mean_teammate_gap,history_depth,second_year,spearman,568,9,0.7612789308339867,0.7154312477547689,0.04584768307921783
m4a_legacy_individual_features_20260728T045617Z_de1b0e93,conditional_ppg,direct_lightgbm_plus_feature_adp_mean_teammate_gap,history_depth,veteran_with_history,rmse,2574,9,3.0519442344321734,4.018822079009796,-0.9668778445776227
m4a_legacy_individual_features_20260728T045617Z_de1b0e93,conditional_ppg,direct_lightgbm_plus_feature_adp_mean_teammate_gap,history_depth,veteran_with_history,mae,2574,9,2.3960482690446545,2.9739951969693554,-0.5779469279247009
m4a_legacy_individual_features_20260728T045617Z_de1b0e93,conditional_ppg,direct_lightgbm_plus_feature_adp_mean_teammate_gap,history_depth,veteran_with_history,bias,2574,9,0.2095936301066441,-1.8547363189666835,2.0643299490733273
m4a_legacy_individual_features_20260728T045617Z_de1b0e93,conditional_ppg,direct_lightgbm_plus_feature_adp_mean_teammate_gap,history_depth,veteran_with_history,spearman,2574,9,0.8332503501965965,0.7696548572471656,0.0635954929494309
m4a_legacy_individual_features_20260728T045617Z_de1b0e93,conditional_ppg,direct_lightgbm_plus_feature_adp_mean_teammate_gap,provider_depth,one,rmse,119,9,2.9345374406248617,5.335759809018117,-2.401222368393255
m4a_legacy_individual_features_20260728T045617Z_de1b0e93,conditional_ppg,direct_lightgbm_plus_feature_adp_mean_teammate_gap,provider_depth,one,mae,119,9,2.3452609225166676,4.162035059985875,-1.8167741374692077
m4a_legacy_individual_features_20260728T045617Z_de1b0e93,conditional_ppg,direct_lightgbm_plus_feature_adp_mean_teammate_gap,provider_depth,one,bias,119,9,0.2687803422711033,-4.075903666251912,4.344684008523015
m4a_legacy_individual_features_20260728T045617Z_de1b0e93,conditional_ppg,direct_lightgbm_plus_feature_adp_mean_teammate_gap,provider_depth,one,spearman,119,9,0.30908129492616904,0.0846903736327424,0.22439092129342664
m4a_legacy_individual_features_20260728T045617Z_de1b0e93,conditional_ppg,direct_lightgbm_plus_feature_adp_mean_teammate_gap,provider_depth,three_plus,rmse,3047,9,3.271903513308825,4.234561588827272,-0.9626580755184468
m4a_legacy_individual_features_20260728T045617Z_de1b0e93,conditional_ppg,direct_lightgbm_plus_feature_adp_mean_teammate_gap,provider_depth,three_plus,mae,3047,9,2.578657519223621,3.083413022185609,-0.5047555029619879
m4a_legacy_individual_features_20260728T045617Z_de1b0e93,conditional_ppg,direct_lightgbm_plus_feature_adp_mean_teammate_gap,provider_depth,three_plus,bias,3047,9,0.18716842102853537,-1.8601803512837727,2.047348772312308
m4a_legacy_individual_features_20260728T045617Z_de1b0e93,conditional_ppg,direct_lightgbm_plus_feature_adp_mean_teammate_gap,provider_depth,three_plus,spearman,3047,9,0.815876846349636,0.7420132292410677,0.07386361710856826
m4a_legacy_individual_features_20260728T045617Z_de1b0e93,conditional_ppg,direct_lightgbm_plus_feature_adp_mean_teammate_gap,provider_depth,two,rmse,535,9,2.359834768838168,3.8717805693613485,-1.5119458005231805
m4a_legacy_individual_features_20260728T045617Z_de1b0e93,conditional_ppg,direct_lightgbm_plus_feature_adp_mean_teammate_gap,provider_depth,two,mae,535,9,1.8554998658612207,3.0458937016186125,-1.1903938357573918
m4a_legacy_individual_features_20260728T045617Z_de1b0e93,conditional_ppg,direct_lightgbm_plus_feature_adp_mean_teammate_gap,provider_depth,two,bias,535,9,0.4910664325947012,-2.8584785577785787,3.34954499037328
m4a_legacy_individual_features_20260728T045617Z_de1b0e93,conditional_ppg,direct_lightgbm_plus_feature_adp_mean_teammate_gap,provider_depth,two,spearman,535,9,0.31576882553196994,0.18403251077198343,0.1317363147599865
m4a_legacy_individual_features_20260728T045617Z_de1b0e93,conditional_ppg,direct_lightgbm_plus_feature_adp_mean_teammate_gap,provider_era,2017_2019,rmse,1199,3,3.2459882587343265,4.503004396091149,-1.2570161373568225
m4a_legacy_individual_features_20260728T045617Z_de1b0e93,conditional_ppg,direct_lightgbm_plus_feature_adp_mean_teammate_gap,provider_era,2017_2019,mae,1199,3,2.535317770366254,3.350291605304253,-0.8149738349379989
m4a_legacy_individual_features_20260728T045617Z_de1b0e93,conditional_ppg,direct_lightgbm_plus_feature_adp_mean_teammate_gap,provider_era,2017_2019,bias,1199,3,0.060006570923215055,-2.3847328396014364,2.4447394105246514
m4a_legacy_individual_features_20260728T045617Z_de1b0e93,conditional_ppg,direct_lightgbm_plus_feature_adp_mean_teammate_gap,provider_era,2017_2019,spearman,1199,3,0.7865346549680091,0.7186707029412654,0.06786395202674367
m4a_legacy_individual_features_20260728T045617Z_de1b0e93,conditional_ppg,direct_lightgbm_plus_feature_adp_mean_teammate_gap,provider_era,2020_2022,rmse,1263,3,3.071959590619683,4.137612979315968,-1.0656533886962847
m4a_legacy_individual_features_20260728T045617Z_de1b0e93,conditional_ppg,direct_lightgbm_plus_feature_adp_mean_teammate_gap,provider_era,2020_2022,mae,1263,3,2.404643937810026,3.011228599272546,-0.6065846614625197
m4a_legacy_individual_features_20260728T045617Z_de1b0e93,conditional_ppg,direct_lightgbm_plus_feature_adp_mean_teammate_gap,provider_era,2020_2022,bias,1263,3,0.2282229093896158,-2.13084165634086,2.359064565730476
m4a_legacy_individual_features_20260728T045617Z_de1b0e93,conditional_ppg,direct_lightgbm_plus_feature_adp_mean_teammate_gap,provider_era,2020_2022,spearman,1263,3,0.8076412313455389,0.7457313838185303,0.061909847527008566
m4a_legacy_individual_features_20260728T045617Z_de1b0e93,conditional_ppg,direct_lightgbm_plus_feature_adp_mean_teammate_gap,provider_era,2023_plus,rmse,1239,3,3.1213364929803706,4.028826907371568,-0.907490414391197
m4a_legacy_individual_features_20260728T045617Z_de1b0e93,conditional_ppg,direct_lightgbm_plus_feature_adp_mean_teammate_gap,provider_era,2023_plus,mae,1239,3,2.463306407559652,2.986128672689914,-0.5228222651302619
m4a_legacy_individual_features_20260728T045617Z_de1b0e93,conditional_ppg,direct_lightgbm_plus_feature_adp_mean_teammate_gap,provider_era,2023_plus,bias,1239,3,0.40743677800351424,-1.7205330172853468,2.127969795288861
m4a_legacy_individual_features_20260728T045617Z_de1b0e93,conditional_ppg,direct_lightgbm_plus_feature_adp_mean_teammate_gap,provider_era,2023_plus,spearman,1239,3,0.8048061077200859,0.7342988709869787,0.07050723673310721
m4a_legacy_individual_features_20260728T045617Z_de1b0e93,conditional_ppg,direct_lightgbm_plus_feature_adp_room_strength_share,position,QB,rmse,380,9,3.5606102043943837,7.40325384335132,-3.842643638956936
m4a_legacy_individual_features_20260728T045617Z_de1b0e93,conditional_ppg,direct_lightgbm_plus_feature_adp_room_strength_share,position,QB,mae,380,9,2.8331943087232663,5.406778790352811,-2.5735844816295446
m4a_legacy_individual_features_20260728T045617Z_de1b0e93,conditional_ppg,direct_lightgbm_plus_feature_adp_room_strength_share,position,QB,bias,380,9,-0.2377958022844809,-4.351816669206204,4.114020866921723
m4a_legacy_individual_features_20260728T045617Z_de1b0e93,conditional_ppg,direct_lightgbm_plus_feature_adp_room_strength_share,position,QB,spearman,380,9,0.5839236339617994,0.6033518575734516,-0.019428223611652196
m4a_legacy_individual_features_20260728T045617Z_de1b0e93,conditional_ppg,direct_lightgbm_plus_feature_adp_room_strength_share,position,RB,rmse,1016,9,3.5238715949451898,4.177344718174207,-0.6534731232290172
m4a_legacy_individual_features_20260728T045617Z_de1b0e93,conditional_ppg,direct_lightgbm_plus_feature_adp_room_strength_share,position,RB,mae,1016,9,2.7923627648451306,3.1666944752693302,-0.37433171042419966
m4a_legacy_individual_features_20260728T045617Z_de1b0e93,conditional_ppg,direct_lightgbm_plus_feature_adp_room_strength_share,position,RB,bias,1016,9,0.12643219456000587,-2.074252054734232,2.2006842492942376
m4a_legacy_individual_features_20260728T045617Z_de1b0e93,conditional_ppg,direct_lightgbm_plus_feature_adp_room_strength_share,position,RB,spearman,1016,9,0.7398678808668735,0.7284272163676383,0.011440664499235198
m4a_legacy_individual_features_20260728T045617Z_de1b0e93,conditional_ppg,direct_lightgbm_plus_feature_adp_room_strength_share,position,TE,rmse,802,9,2.3085644153299647,2.9331861674511854,-0.6246217521212207
m4a_legacy_individual_features_20260728T045617Z_de1b0e93,conditional_ppg,direct_lightgbm_plus_feature_adp_room_strength_share,position,TE,mae,802,9,1.8201398622418266,2.3188478825601355,-0.49870802031830896
m4a_legacy_individual_features_20260728T045617Z_de1b0e93,conditional_ppg,direct_lightgbm_plus_feature_adp_room_strength_share,position,TE,bias,802,9,0.351598797773894,-1.6125117927348234,1.9641105905087173
m4a_legacy_individual_features_20260728T045617Z_de1b0e93,conditional_ppg,direct_lightgbm_plus_feature_adp_room_strength_share,position,TE,spearman,802,9,0.699302783666222,0.6893443768060465,0.009958406860175462
m4a_legacy_individual_features_20260728T045617Z_de1b0e93,conditional_ppg,direct_lightgbm_plus_feature_adp_room_strength_share,position,WR,rmse,1503,9,3.1416595770423985,3.7011367089159544,-0.5594771318735559
m4a_legacy_individual_features_20260728T045617Z_de1b0e93,conditional_ppg,direct_lightgbm_plus_feature_adp_room_strength_share,position,WR,mae,1503,9,2.4967576878558426,2.9197213919380522,-0.4229637040822096
m4a_legacy_individual_features_20260728T045617Z_de1b0e93,conditional_ppg,direct_lightgbm_plus_feature_adp_room_strength_share,position,WR,bias,1503,9,0.31050506769800784,-1.7484519064374633,2.058956974135471
m4a_legacy_individual_features_20260728T045617Z_de1b0e93,conditional_ppg,direct_lightgbm_plus_feature_adp_room_strength_share,position,WR,spearman,1503,9,0.7532274793942741,0.7533404253666947,-0.00011294597242050841
m4a_legacy_individual_features_20260728T045617Z_de1b0e93,conditional_ppg,direct_lightgbm_plus_feature_adp_room_strength_share,season,2017,rmse,407,1,3.1146570290144924,4.36645042925793,-1.2517934002434377
m4a_legacy_individual_features_20260728T045617Z_de1b0e93,conditional_ppg,direct_lightgbm_plus_feature_adp_room_strength_share,season,2017,mae,407,1,2.450222175894966,3.155298194425311,-0.7050760185303453
m4a_legacy_individual_features_20260728T045617Z_de1b0e93,conditional_ppg,direct_lightgbm_plus_feature_adp_room_strength_share,season,2017,bias,407,1,0.4840134159274696,-2.001344182039299,2.485357597966769
m4a_legacy_individual_features_20260728T045617Z_de1b0e93,conditional_ppg,direct_lightgbm_plus_feature_adp_room_strength_share,season,2017,spearman,407,1,0.7884235679418603,0.6896147256046201,0.09880884233724019
m4a_legacy_individual_features_20260728T045617Z_de1b0e93,conditional_ppg,direct_lightgbm_plus_feature_adp_room_strength_share,season,2018,rmse,405,1,3.3766418117097863,4.714160529640733,-1.3375187179309465
m4a_legacy_individual_features_20260728T045617Z_de1b0e93,conditional_ppg,direct_lightgbm_plus_feature_adp_room_strength_share,season,2018,mae,405,1,2.601272279623058,3.591068328096669,-0.989796048473611
m4a_legacy_individual_features_20260728T045617Z_de1b0e93,conditional_ppg,direct_lightgbm_plus_feature_adp_room_strength_share,season,2018,bias,405,1,-0.445244534202315,-2.8137009099333685,2.3684563757310535
m4a_legacy_individual_features_20260728T045617Z_de1b0e93,conditional_ppg,direct_lightgbm_plus_feature_adp_room_strength_share,season,2018,spearman,405,1,0.7896703560123305,0.7425066216425864,0.04716373436974408
m4a_legacy_individual_features_20260728T045617Z_de1b0e93,conditional_ppg,direct_lightgbm_plus_feature_adp_room_strength_share,season,2019,rmse,387,1,3.224302441459377,4.417467076151702,-1.1931646346923253
m4a_legacy_individual_features_20260728T045617Z_de1b0e93,conditional_ppg,direct_lightgbm_plus_feature_adp_room_strength_share,season,2019,mae,387,1,2.5574951943919775,3.303386554908389,-0.7458913605164117
m4a_legacy_individual_features_20260728T045617Z_de1b0e93,conditional_ppg,direct_lightgbm_plus_feature_adp_room_strength_share,season,2019,bias,387,1,0.0299539168008941,-2.3390147908762615,2.3689687076771557
m4a_legacy_individual_features_20260728T045617Z_de1b0e93,conditional_ppg,direct_lightgbm_plus_feature_adp_room_strength_share,season,2019,spearman,387,1,0.7836799678677457,0.7230240158078952,0.060655952059850526
m4a_legacy_individual_features_20260728T045617Z_de1b0e93,conditional_ppg,direct_lightgbm_plus_feature_adp_room_strength_share,season,2020,rmse,420,1,3.2278163218497693,4.440195645661847,-1.2123793238120775
m4a_legacy_individual_features_20260728T045617Z_de1b0e93,conditional_ppg,direct_lightgbm_plus_feature_adp_room_strength_share,season,2020,mae,420,1,2.4694912413574013,3.1892739075546475,-0.7197826661972462
m4a_legacy_individual_features_20260728T045617Z_de1b0e93,conditional_ppg,direct_lightgbm_plus_feature_adp_room_strength_share,season,2020,bias,420,1,-0.11377112965850407,-2.50699336451964,2.3932222348611356
m4a_legacy_individual_features_20260728T045617Z_de1b0e93,conditional_ppg,direct_lightgbm_plus_feature_adp_room_strength_share,season,2020,spearman,420,1,0.8095510167259815,0.7558180220636451,0.053732994662336386
m4a_legacy_individual_features_20260728T045617Z_de1b0e93,conditional_ppg,direct_lightgbm_plus_feature_adp_room_strength_share,season,2021,rmse,417,1,3.0962356277869243,4.1314790282308635,-1.0352434004439393
m4a_legacy_individual_features_20260728T045617Z_de1b0e93,conditional_ppg,direct_lightgbm_plus_feature_adp_room_strength_share,season,2021,mae,417,1,2.3957663720661095,3.004519719344607,-0.6087533472784976
m4a_legacy_individual_features_20260728T045617Z_de1b0e93,conditional_ppg,direct_lightgbm_plus_feature_adp_room_strength_share,season,2021,bias,417,1,0.1040280705261447,-2.1396464537194677,2.243674524245612
m4a_legacy_individual_features_20260728T045617Z_de1b0e93,conditional_ppg,direct_lightgbm_plus_feature_adp_room_strength_share,season,2021,spearman,417,1,0.7971875948344841,0.7425784631898492,0.05460913164463488
m4a_legacy_individual_features_20260728T045617Z_de1b0e93,conditional_ppg,direct_lightgbm_plus_feature_adp_room_strength_share,season,2022,rmse,426,1,2.878708326201167,3.8223751589851123,-0.9436668327839453
m4a_legacy_individual_features_20260728T045617Z_de1b0e93,conditional_ppg,direct_lightgbm_plus_feature_adp_room_strength_share,season,2022,mae,426,1,2.3548509570860405,2.842258114416837,-0.48740715733079654
m4a_legacy_individual_features_20260728T045617Z_de1b0e93,conditional_ppg,direct_lightgbm_plus_feature_adp_room_strength_share,season,2022,bias,426,1,0.6551022855839725,-1.7513690790122993,2.406471364596272
m4a_legacy_individual_features_20260728T045617Z_de1b0e93,conditional_ppg,direct_lightgbm_plus_feature_adp_room_strength_share,season,2022,spearman,426,1,0.8229892640196217,0.7428755546703996,0.08011370934922213
m4a_legacy_individual_features_20260728T045617Z_de1b0e93,conditional_ppg,direct_lightgbm_plus_feature_adp_room_strength_share,season,2023,rmse,415,1,3.225845696510414,4.221586995253445,-0.9957412987430314
m4a_legacy_individual_features_20260728T045617Z_de1b0e93,conditional_ppg,direct_lightgbm_plus_feature_adp_room_strength_share,season,2023,mae,415,1,2.5173968183399906,3.0334052938510987,-0.5160084755111081
m4a_legacy_individual_features_20260728T045617Z_de1b0e93,conditional_ppg,direct_lightgbm_plus_feature_adp_room_strength_share,season,2023,bias,415,1,0.4669761137979964,-1.9127507670094155,2.3797268808074117
m4a_legacy_individual_features_20260728T045617Z_de1b0e93,conditional_ppg,direct_lightgbm_plus_feature_adp_room_strength_share,season,2023,spearman,415,1,0.8021941370891733,0.6928791932643551,0.10931494382481821
m4a_legacy_individual_features_20260728T045617Z_de1b0e93,conditional_ppg,direct_lightgbm_plus_feature_adp_room_strength_share,season,2024,rmse,408,1,3.1727749366076607,4.2776523227631555,-1.1048773861554948
m4a_legacy_individual_features_20260728T045617Z_de1b0e93,conditional_ppg,direct_lightgbm_plus_feature_adp_room_strength_share,season,2024,mae,408,1,2.5564303466253233,3.2002566358121665,-0.6438262891868431
m4a_legacy_individual_features_20260728T045617Z_de1b0e93,conditional_ppg,direct_lightgbm_plus_feature_adp_room_strength_share,season,2024,bias,408,1,0.289496779165102,-2.022226818172098,2.3117235973372
m4a_legacy_individual_features_20260728T045617Z_de1b0e93,conditional_ppg,direct_lightgbm_plus_feature_adp_room_strength_share,season,2024,spearman,408,1,0.8080717185335676,0.7254682010396428,0.0826035174939248
m4a_legacy_individual_features_20260728T045617Z_de1b0e93,conditional_ppg,direct_lightgbm_plus_feature_adp_room_strength_share,season,2025,rmse,416,1,2.9515635042457333,3.552154687210895,-0.6005911829651618
m4a_legacy_individual_features_20260728T045617Z_de1b0e93,conditional_ppg,direct_lightgbm_plus_feature_adp_room_strength_share,season,2025,mae,416,1,2.303837438514251,2.7289555795750813,-0.42511814106083046
m4a_legacy_individual_features_20260728T045617Z_de1b0e93,conditional_ppg,direct_lightgbm_plus_feature_adp_room_strength_share,season,2025,bias,416,1,0.41327713918271747,-1.2328853324361086,1.6461624716188261
m4a_legacy_individual_features_20260728T045617Z_de1b0e93,conditional_ppg,direct_lightgbm_plus_feature_adp_room_strength_share,season,2025,spearman,416,1,0.8173107644125001,0.782469913058102,0.03484085135439807
m4a_legacy_individual_features_20260728T045617Z_de1b0e93,conditional_ppg,direct_lightgbm_plus_feature_adp_room_strength_share,history_depth,other_no_history,rmse,27,8,2.6349785592437684,6.4683220498114276,-3.833343490567659
m4a_legacy_individual_features_20260728T045617Z_de1b0e93,conditional_ppg,direct_lightgbm_plus_feature_adp_room_strength_share,history_depth,other_no_history,mae,27,8,2.0849421238231094,4.461598216447073,-2.3766560926239637
m4a_legacy_individual_features_20260728T045617Z_de1b0e93,conditional_ppg,direct_lightgbm_plus_feature_adp_room_strength_share,history_depth,other_no_history,bias,27,8,0.7895162610309284,-4.368357475706332,5.15787373673726
m4a_legacy_individual_features_20260728T045617Z_de1b0e93,conditional_ppg,direct_lightgbm_plus_feature_adp_room_strength_share,history_depth,other_no_history,spearman,27,8,0.42253091623406275,0.3099630400605697,0.11256787617349306
m4a_legacy_individual_features_20260728T045617Z_de1b0e93,conditional_ppg,direct_lightgbm_plus_feature_adp_room_strength_share,history_depth,rookie,rmse,532,9,3.4659579873055733,4.9501399507842265,-1.4841819634786533
m4a_legacy_individual_features_20260728T045617Z_de1b0e93,conditional_ppg,direct_lightgbm_plus_feature_adp_room_strength_share,history_depth,rookie,mae,532,9,2.769516525422776,3.6281836185347482,-0.8586670931119724
m4a_legacy_individual_features_20260728T045617Z_de1b0e93,conditional_ppg,direct_lightgbm_plus_feature_adp_room_strength_share,history_depth,rookie,bias,532,9,0.28754666145528873,-2.8213558829459355,3.108902544401224
m4a_legacy_individual_features_20260728T045617Z_de1b0e93,conditional_ppg,direct_lightgbm_plus_feature_adp_room_strength_share,history_depth,rookie,spearman,532,9,0.6510681621436745,0.5456141139567152,0.10545404818695925
m4a_legacy_individual_features_20260728T045617Z_de1b0e93,conditional_ppg,direct_lightgbm_plus_feature_adp_room_strength_share,history_depth,second_year,rmse,568,9,3.2463974627372365,4.259843856007934,-1.0134463932706974
m4a_legacy_individual_features_20260728T045617Z_de1b0e93,conditional_ppg,direct_lightgbm_plus_feature_adp_room_strength_share,history_depth,second_year,mae,568,9,2.505274899661845,3.194144907042518,-0.688870007380673
m4a_legacy_individual_features_20260728T045617Z_de1b0e93,conditional_ppg,direct_lightgbm_plus_feature_adp_room_strength_share,history_depth,second_year,bias,568,9,0.20502247868335224,-2.2698764585662343,2.4748989372495864
m4a_legacy_individual_features_20260728T045617Z_de1b0e93,conditional_ppg,direct_lightgbm_plus_feature_adp_room_strength_share,history_depth,second_year,spearman,568,9,0.7644424608499012,0.7154312477547689,0.049011213095132344
m4a_legacy_individual_features_20260728T045617Z_de1b0e93,conditional_ppg,direct_lightgbm_plus_feature_adp_room_strength_share,history_depth,veteran_with_history,rmse,2574,9,3.052145873284075,4.018822079009796,-0.966676205725721
m4a_legacy_individual_features_20260728T045617Z_de1b0e93,conditional_ppg,direct_lightgbm_plus_feature_adp_room_strength_share,history_depth,veteran_with_history,mae,2574,9,2.398353150305634,2.9739951969693554,-0.5756420466637215
m4a_legacy_individual_features_20260728T045617Z_de1b0e93,conditional_ppg,direct_lightgbm_plus_feature_adp_room_strength_share,history_depth,veteran_with_history,bias,2574,9,0.1927037787627969,-1.8547363189666835,2.0474400977294804
m4a_legacy_individual_features_20260728T045617Z_de1b0e93,conditional_ppg,direct_lightgbm_plus_feature_adp_room_strength_share,history_depth,veteran_with_history,spearman,2574,9,0.8332815364817253,0.7696548572471656,0.06362667923455967
m4a_legacy_individual_features_20260728T045617Z_de1b0e93,conditional_ppg,direct_lightgbm_plus_feature_adp_room_strength_share,provider_depth,one,rmse,119,9,2.912287773393029,5.335759809018117,-2.423472035625088
m4a_legacy_individual_features_20260728T045617Z_de1b0e93,conditional_ppg,direct_lightgbm_plus_feature_adp_room_strength_share,provider_depth,one,mae,119,9,2.332214835795703,4.162035059985875,-1.8298202241901724
m4a_legacy_individual_features_20260728T045617Z_de1b0e93,conditional_ppg,direct_lightgbm_plus_feature_adp_room_strength_share,provider_depth,one,bias,119,9,0.2771982004411095,-4.075903666251912,4.353101866693021
m4a_legacy_individual_features_20260728T045617Z_de1b0e93,conditional_ppg,direct_lightgbm_plus_feature_adp_room_strength_share,provider_depth,one,spearman,119,9,0.3488376647588977,0.0846903736327424,0.2641472911261553
m4a_legacy_individual_features_20260728T045617Z_de1b0e93,conditional_ppg,direct_lightgbm_plus_feature_adp_room_strength_share,provider_depth,three_plus,rmse,3047,9,3.267248560608548,4.234561588827272,-0.9673130282187237
m4a_legacy_individual_features_20260728T045617Z_de1b0e93,conditional_ppg,direct_lightgbm_plus_feature_adp_room_strength_share,provider_depth,three_plus,mae,3047,9,2.575420545123207,3.083413022185609,-0.5079924770624022
m4a_legacy_individual_features_20260728T045617Z_de1b0e93,conditional_ppg,direct_lightgbm_plus_feature_adp_room_strength_share,provider_depth,three_plus,bias,3047,9,0.1565197440921521,-1.8601803512837727,2.0167000953759247
m4a_legacy_individual_features_20260728T045617Z_de1b0e93,conditional_ppg,direct_lightgbm_plus_feature_adp_room_strength_share,provider_depth,three_plus,spearman,3047,9,0.8170723130836826,0.7420132292410677,0.07505908384261484
m4a_legacy_individual_features_20260728T045617Z_de1b0e93,conditional_ppg,direct_lightgbm_plus_feature_adp_room_strength_share,provider_depth,two,rmse,535,9,2.3708138023036565,3.8717805693613485,-1.500966767057692
m4a_legacy_individual_features_20260728T045617Z_de1b0e93,conditional_ppg,direct_lightgbm_plus_feature_adp_room_strength_share,provider_depth,two,mae,535,9,1.871389559462936,3.0458937016186125,-1.1745041421556766
m4a_legacy_individual_features_20260728T045617Z_de1b0e93,conditional_ppg,direct_lightgbm_plus_feature_adp_room_strength_share,provider_depth,two,bias,535,9,0.5174987126511262,-2.8584785577785787,3.375977270429705
m4a_legacy_individual_features_20260728T045617Z_de1b0e93,conditional_ppg,direct_lightgbm_plus_feature_adp_room_strength_share,provider_depth,two,spearman,535,9,0.2975320582485793,0.18403251077198343,0.11349954747659588
m4a_legacy_individual_features_20260728T045617Z_de1b0e93,conditional_ppg,direct_lightgbm_plus_feature_adp_room_strength_share,provider_era,2017_2019,rmse,1199,3,3.2403492890100147,4.503004396091149,-1.2626551070811343
m4a_legacy_individual_features_20260728T045617Z_de1b0e93,conditional_ppg,direct_lightgbm_plus_feature_adp_room_strength_share,provider_era,2017_2019,mae,1199,3,2.535868506310496,3.350291605304253,-0.8144230989937569
m4a_legacy_individual_features_20260728T045617Z_de1b0e93,conditional_ppg,direct_lightgbm_plus_feature_adp_room_strength_share,provider_era,2017_2019,bias,1199,3,0.023570967249781867,-2.3847328396014364,2.4083038068512184
m4a_legacy_individual_features_20260728T045617Z_de1b0e93,conditional_ppg,direct_lightgbm_plus_feature_adp_room_strength_share,provider_era,2017_2019,spearman,1199,3,0.7864345468087387,0.7186707029412654,0.06776384386747325
m4a_legacy_individual_features_20260728T045617Z_de1b0e93,conditional_ppg,direct_lightgbm_plus_feature_adp_room_strength_share,provider_era,2020_2022,rmse,1263,3,3.070017498952911,4.137612979315968,-1.0675954803630567
m4a_legacy_individual_features_20260728T045617Z_de1b0e93,conditional_ppg,direct_lightgbm_plus_feature_adp_room_strength_share,provider_era,2020_2022,mae,1263,3,2.406482506920293,3.011228599272546,-0.604746092352253
m4a_legacy_individual_features_20260728T045617Z_de1b0e93,conditional_ppg,direct_lightgbm_plus_feature_adp_room_strength_share,provider_era,2020_2022,bias,1263,3,0.2174737962087117,-2.13084165634086,2.348315452549572
m4a_legacy_individual_features_20260728T045617Z_de1b0e93,conditional_ppg,direct_lightgbm_plus_feature_adp_room_strength_share,provider_era,2020_2022,spearman,1263,3,0.8087974204895348,0.7457313838185303,0.06306603667100452
m4a_legacy_individual_features_20260728T045617Z_de1b0e93,conditional_ppg,direct_lightgbm_plus_feature_adp_room_strength_share,provider_era,2023_plus,rmse,1239,3,3.118552648167613,4.028826907371568,-0.9102742592039545
m4a_legacy_individual_features_20260728T045617Z_de1b0e93,conditional_ppg,direct_lightgbm_plus_feature_adp_room_strength_share,provider_era,2023_plus,mae,1239,3,2.4585469212721196,2.986128672689914,-0.5275817514177943
m4a_legacy_individual_features_20260728T045617Z_de1b0e93,conditional_ppg,direct_lightgbm_plus_feature_adp_room_strength_share,provider_era,2023_plus,bias,1239,3,0.39050287572682857,-1.7205330172853468,2.1110358930121755
m4a_legacy_individual_features_20260728T045617Z_de1b0e93,conditional_ppg,direct_lightgbm_plus_feature_adp_room_strength_share,provider_era,2023_plus,spearman,1239,3,0.8071836065650876,0.7342988709869787,0.07288473557810893
m4a_legacy_individual_features_20260728T045617Z_de1b0e93,conditional_ppg,direct_lightgbm_plus_feature_adp_teammates_better_count,position,QB,rmse,380,9,3.57537342152286,7.40325384335132,-3.8278804218284597
m4a_legacy_individual_features_20260728T045617Z_de1b0e93,conditional_ppg,direct_lightgbm_plus_feature_adp_teammates_better_count,position,QB,mae,380,9,2.84183668441312,5.406778790352811,-2.5649421059396906
m4a_legacy_individual_features_20260728T045617Z_de1b0e93,conditional_ppg,direct_lightgbm_plus_feature_adp_teammates_better_count,position,QB,bias,380,9,-0.25594260103821226,-4.351816669206204,4.0958740681679915
m4a_legacy_individual_features_20260728T045617Z_de1b0e93,conditional_ppg,direct_lightgbm_plus_feature_adp_teammates_better_count,position,QB,spearman,380,9,0.5818069112124041,0.6033518575734516,-0.021544946361047423
m4a_legacy_individual_features_20260728T045617Z_de1b0e93,conditional_ppg,direct_lightgbm_plus_feature_adp_teammates_better_count,position,RB,rmse,1016,9,3.5257175567762364,4.177344718174207,-0.6516271613979705
m4a_legacy_individual_features_20260728T045617Z_de1b0e93,conditional_ppg,direct_lightgbm_plus_feature_adp_teammates_better_count,position,RB,mae,1016,9,2.788451136364461,3.1666944752693302,-0.3782433389048694
m4a_legacy_individual_features_20260728T045617Z_de1b0e93,conditional_ppg,direct_lightgbm_plus_feature_adp_teammates_better_count,position,RB,bias,1016,9,0.12722663069802245,-2.074252054734232,2.2014786854322543
m4a_legacy_individual_features_20260728T045617Z_de1b0e93,conditional_ppg,direct_lightgbm_plus_feature_adp_teammates_better_count,position,RB,spearman,1016,9,0.7386152908163772,0.7284272163676383,0.010188074448738926
m4a_legacy_individual_features_20260728T045617Z_de1b0e93,conditional_ppg,direct_lightgbm_plus_feature_adp_teammates_better_count,position,TE,rmse,802,9,2.3210958827929664,2.9331861674511854,-0.612090284658219
m4a_legacy_individual_features_20260728T045617Z_de1b0e93,conditional_ppg,direct_lightgbm_plus_feature_adp_teammates_better_count,position,TE,mae,802,9,1.8218698869849899,2.3188478825601355,-0.49697799557514566
m4a_legacy_individual_features_20260728T045617Z_de1b0e93,conditional_ppg,direct_lightgbm_plus_feature_adp_teammates_better_count,position,TE,bias,802,9,0.33723401612039156,-1.6125117927348234,1.9497458088552149
m4a_legacy_individual_features_20260728T045617Z_de1b0e93,conditional_ppg,direct_lightgbm_plus_feature_adp_teammates_better_count,position,TE,spearman,802,9,0.6925036241600301,0.6893443768060465,0.003159247353983541
m4a_legacy_individual_features_20260728T045617Z_de1b0e93,conditional_ppg,direct_lightgbm_plus_feature_adp_teammates_better_count,position,WR,rmse,1503,9,3.147646614947253,3.7011367089159544,-0.5534900939687013
m4a_legacy_individual_features_20260728T045617Z_de1b0e93,conditional_ppg,direct_lightgbm_plus_feature_adp_teammates_better_count,position,WR,mae,1503,9,2.507162021281031,2.9197213919380522,-0.4125593706570214
m4a_legacy_individual_features_20260728T045617Z_de1b0e93,conditional_ppg,direct_lightgbm_plus_feature_adp_teammates_better_count,position,WR,bias,1503,9,0.3179629743032191,-1.7484519064374633,2.0664148807406826
m4a_legacy_individual_features_20260728T045617Z_de1b0e93,conditional_ppg,direct_lightgbm_plus_feature_adp_teammates_better_count,position,WR,spearman,1503,9,0.7501336602996334,0.7533404253666947,-0.0032067650670613013
m4a_legacy_individual_features_20260728T045617Z_de1b0e93,conditional_ppg,direct_lightgbm_plus_feature_adp_teammates_better_count,season,2017,rmse,407,1,3.104107743597011,4.36645042925793,-1.262342685660919
m4a_legacy_individual_features_20260728T045617Z_de1b0e93,conditional_ppg,direct_lightgbm_plus_feature_adp_teammates_better_count,season,2017,mae,407,1,2.4440676133239716,3.155298194425311,-0.7112305811013395
m4a_legacy_individual_features_20260728T045617Z_de1b0e93,conditional_ppg,direct_lightgbm_plus_feature_adp_teammates_better_count,season,2017,bias,407,1,0.4854683700328302,-2.001344182039299,2.4868125520721294
m4a_legacy_individual_features_20260728T045617Z_de1b0e93,conditional_ppg,direct_lightgbm_plus_feature_adp_teammates_better_count,season,2017,spearman,407,1,0.7924857402687763,0.6896147256046201,0.10287101466415616
m4a_legacy_individual_features_20260728T045617Z_de1b0e93,conditional_ppg,direct_lightgbm_plus_feature_adp_teammates_better_count,season,2018,rmse,405,1,3.3643679984885813,4.714160529640733,-1.3497925311521515
m4a_legacy_individual_features_20260728T045617Z_de1b0e93,conditional_ppg,direct_lightgbm_plus_feature_adp_teammates_better_count,season,2018,mae,405,1,2.6056131770376383,3.591068328096669,-0.9854551510590306
m4a_legacy_individual_features_20260728T045617Z_de1b0e93,conditional_ppg,direct_lightgbm_plus_feature_adp_teammates_better_count,season,2018,bias,405,1,-0.4533221960372471,-2.8137009099333685,2.3603787138961216
m4a_legacy_individual_features_20260728T045617Z_de1b0e93,conditional_ppg,direct_lightgbm_plus_feature_adp_teammates_better_count,season,2018,spearman,405,1,0.7833738250189457,0.7425066216425864,0.040867203376359296
m4a_legacy_individual_features_20260728T045617Z_de1b0e93,conditional_ppg,direct_lightgbm_plus_feature_adp_teammates_better_count,season,2019,rmse,387,1,3.248588732320798,4.417467076151702,-1.168878343830904
m4a_legacy_individual_features_20260728T045617Z_de1b0e93,conditional_ppg,direct_lightgbm_plus_feature_adp_teammates_better_count,season,2019,mae,387,1,2.5686438038831083,3.303386554908389,-0.7347427510252809
m4a_legacy_individual_features_20260728T045617Z_de1b0e93,conditional_ppg,direct_lightgbm_plus_feature_adp_teammates_better_count,season,2019,bias,387,1,0.008272969591846719,-2.3390147908762615,2.347287760468108
m4a_legacy_individual_features_20260728T045617Z_de1b0e93,conditional_ppg,direct_lightgbm_plus_feature_adp_teammates_better_count,season,2019,spearman,387,1,0.7801161073000243,0.7230240158078952,0.05709209149212913
m4a_legacy_individual_features_20260728T045617Z_de1b0e93,conditional_ppg,direct_lightgbm_plus_feature_adp_teammates_better_count,season,2020,rmse,420,1,3.230737239889116,4.440195645661847,-1.2094584057727307
m4a_legacy_individual_features_20260728T045617Z_de1b0e93,conditional_ppg,direct_lightgbm_plus_feature_adp_teammates_better_count,season,2020,mae,420,1,2.464234557670952,3.1892739075546475,-0.7250393498836956
m4a_legacy_individual_features_20260728T045617Z_de1b0e93,conditional_ppg,direct_lightgbm_plus_feature_adp_teammates_better_count,season,2020,bias,420,1,-0.0997135698534173,-2.50699336451964,2.4072797946662225
m4a_legacy_individual_features_20260728T045617Z_de1b0e93,conditional_ppg,direct_lightgbm_plus_feature_adp_teammates_better_count,season,2020,spearman,420,1,0.8083697497231601,0.7558180220636451,0.05255172765951499
m4a_legacy_individual_features_20260728T045617Z_de1b0e93,conditional_ppg,direct_lightgbm_plus_feature_adp_teammates_better_count,season,2021,rmse,417,1,3.095201610995049,4.1314790282308635,-1.0362774172358145
m4a_legacy_individual_features_20260728T045617Z_de1b0e93,conditional_ppg,direct_lightgbm_plus_feature_adp_teammates_better_count,season,2021,mae,417,1,2.3959953407453662,3.004519719344607,-0.6085243785992409
m4a_legacy_individual_features_20260728T045617Z_de1b0e93,conditional_ppg,direct_lightgbm_plus_feature_adp_teammates_better_count,season,2021,bias,417,1,0.10413364682139467,-2.1396464537194677,2.2437801005408624
m4a_legacy_individual_features_20260728T045617Z_de1b0e93,conditional_ppg,direct_lightgbm_plus_feature_adp_teammates_better_count,season,2021,spearman,417,1,0.7977816928490551,0.7425784631898492,0.05520322965920588
m4a_legacy_individual_features_20260728T045617Z_de1b0e93,conditional_ppg,direct_lightgbm_plus_feature_adp_teammates_better_count,season,2022,rmse,426,1,2.905014446066215,3.8223751589851123,-0.9173607129188972
m4a_legacy_individual_features_20260728T045617Z_de1b0e93,conditional_ppg,direct_lightgbm_plus_feature_adp_teammates_better_count,season,2022,mae,426,1,2.3726010888605704,2.842258114416837,-0.46965702555626665
m4a_legacy_individual_features_20260728T045617Z_de1b0e93,conditional_ppg,direct_lightgbm_plus_feature_adp_teammates_better_count,season,2022,bias,426,1,0.6697797019453884,-1.7513690790122993,2.4211487809576875
m4a_legacy_individual_features_20260728T045617Z_de1b0e93,conditional_ppg,direct_lightgbm_plus_feature_adp_teammates_better_count,season,2022,spearman,426,1,0.8192914702780452,0.7428755546703996,0.0764159156076456
m4a_legacy_individual_features_20260728T045617Z_de1b0e93,conditional_ppg,direct_lightgbm_plus_feature_adp_teammates_better_count,season,2023,rmse,415,1,3.231988860059232,4.221586995253445,-0.9895981351942131
m4a_legacy_individual_features_20260728T045617Z_de1b0e93,conditional_ppg,direct_lightgbm_plus_feature_adp_teammates_better_count,season,2023,mae,415,1,2.5267469522712696,3.0334052938510987,-0.5066583415798291
m4a_legacy_individual_features_20260728T045617Z_de1b0e93,conditional_ppg,direct_lightgbm_plus_feature_adp_teammates_better_count,season,2023,bias,415,1,0.4768695485339975,-1.9127507670094155,2.389620315543413
m4a_legacy_individual_features_20260728T045617Z_de1b0e93,conditional_ppg,direct_lightgbm_plus_feature_adp_teammates_better_count,season,2023,spearman,415,1,0.7990347674287764,0.6928791932643551,0.10615557416442134
m4a_legacy_individual_features_20260728T045617Z_de1b0e93,conditional_ppg,direct_lightgbm_plus_feature_adp_teammates_better_count,season,2024,rmse,408,1,3.188316240402441,4.2776523227631555,-1.0893360823607146
m4a_legacy_individual_features_20260728T045617Z_de1b0e93,conditional_ppg,direct_lightgbm_plus_feature_adp_teammates_better_count,season,2024,mae,408,1,2.5572071683812685,3.2002566358121665,-0.643049467430898
m4a_legacy_individual_features_20260728T045617Z_de1b0e93,conditional_ppg,direct_lightgbm_plus_feature_adp_teammates_better_count,season,2024,bias,408,1,0.2822403564883575,-2.022226818172098,2.3044671746604553
m4a_legacy_individual_features_20260728T045617Z_de1b0e93,conditional_ppg,direct_lightgbm_plus_feature_adp_teammates_better_count,season,2024,spearman,408,1,0.8041824214145693,0.7254682010396428,0.07871422037492648
m4a_legacy_individual_features_20260728T045617Z_de1b0e93,conditional_ppg,direct_lightgbm_plus_feature_adp_teammates_better_count,season,2025,rmse,416,1,2.9633019604022826,3.552154687210895,-0.5888527268086126
m4a_legacy_individual_features_20260728T045617Z_de1b0e93,conditional_ppg,direct_lightgbm_plus_feature_adp_teammates_better_count,season,2025,mae,416,1,2.3113396862630067,2.7289555795750813,-0.4176158933120746
m4a_legacy_individual_features_20260728T045617Z_de1b0e93,conditional_ppg,direct_lightgbm_plus_feature_adp_teammates_better_count,season,2025,bias,416,1,0.3924211797042319,-1.2328853324361086,1.6253065121403405
m4a_legacy_individual_features_20260728T045617Z_de1b0e93,conditional_ppg,direct_lightgbm_plus_feature_adp_teammates_better_count,season,2025,spearman,416,1,0.8144232311494227,0.782469913058102,0.03195331809132074
m4a_legacy_individual_features_20260728T045617Z_de1b0e93,conditional_ppg,direct_lightgbm_plus_feature_adp_teammates_better_count,history_depth,other_no_history,rmse,27,8,2.6581549870628036,6.4683220498114276,-3.810167062748624
m4a_legacy_individual_features_20260728T045617Z_de1b0e93,conditional_ppg,direct_lightgbm_plus_feature_adp_teammates_better_count,history_depth,other_no_history,mae,27,8,2.132971446491624,4.461598216447073,-2.328626769955449
m4a_legacy_individual_features_20260728T045617Z_de1b0e93,conditional_ppg,direct_lightgbm_plus_feature_adp_teammates_better_count,history_depth,other_no_history,bias,27,8,0.7451373275785966,-4.368357475706332,5.113494803284929
m4a_legacy_individual_features_20260728T045617Z_de1b0e93,conditional_ppg,direct_lightgbm_plus_feature_adp_teammates_better_count,history_depth,other_no_history,spearman,27,8,0.4255189255189255,0.3099630400605697,0.11555588545835582
m4a_legacy_individual_features_20260728T045617Z_de1b0e93,conditional_ppg,direct_lightgbm_plus_feature_adp_teammates_better_count,history_depth,rookie,rmse,532,9,3.466719275876767,4.9501399507842265,-1.4834206749074594
m4a_legacy_individual_features_20260728T045617Z_de1b0e93,conditional_ppg,direct_lightgbm_plus_feature_adp_teammates_better_count,history_depth,rookie,mae,532,9,2.7798318901827592,3.6281836185347482,-0.848351728351989
m4a_legacy_individual_features_20260728T045617Z_de1b0e93,conditional_ppg,direct_lightgbm_plus_feature_adp_teammates_better_count,history_depth,rookie,bias,532,9,0.29740670300514527,-2.8213558829459355,3.118762585951081
m4a_legacy_individual_features_20260728T045617Z_de1b0e93,conditional_ppg,direct_lightgbm_plus_feature_adp_teammates_better_count,history_depth,rookie,spearman,532,9,0.6440705995529539,0.5456141139567152,0.09845648559623865
m4a_legacy_individual_features_20260728T045617Z_de1b0e93,conditional_ppg,direct_lightgbm_plus_feature_adp_teammates_better_count,history_depth,second_year,rmse,568,9,3.2651726978436106,4.259843856007934,-0.9946711581643233
m4a_legacy_individual_features_20260728T045617Z_de1b0e93,conditional_ppg,direct_lightgbm_plus_feature_adp_teammates_better_count,history_depth,second_year,mae,568,9,2.512980829521514,3.194144907042518,-0.6811640775210042
m4a_legacy_individual_features_20260728T045617Z_de1b0e93,conditional_ppg,direct_lightgbm_plus_feature_adp_teammates_better_count,history_depth,second_year,bias,568,9,0.20964470573648022,-2.2698764585662343,2.4795211643027146
m4a_legacy_individual_features_20260728T045617Z_de1b0e93,conditional_ppg,direct_lightgbm_plus_feature_adp_teammates_better_count,history_depth,second_year,spearman,568,9,0.7580326207481815,0.7154312477547689,0.0426013729934126
m4a_legacy_individual_features_20260728T045617Z_de1b0e93,conditional_ppg,direct_lightgbm_plus_feature_adp_teammates_better_count,history_depth,veteran_with_history,rmse,2574,9,3.0572850200565913,4.018822079009796,-0.9615370589532048
m4a_legacy_individual_features_20260728T045617Z_de1b0e93,conditional_ppg,direct_lightgbm_plus_feature_adp_teammates_better_count,history_depth,veteran_with_history,mae,2574,9,2.4003630754350844,2.9739951969693554,-0.573632121534271
m4a_legacy_individual_features_20260728T045617Z_de1b0e93,conditional_ppg,direct_lightgbm_plus_feature_adp_teammates_better_count,history_depth,veteran_with_history,bias,2574,9,0.18762503224525348,-1.8547363189666835,2.042361351211937
m4a_legacy_individual_features_20260728T045617Z_de1b0e93,conditional_ppg,direct_lightgbm_plus_feature_adp_teammates_better_count,history_depth,veteran_with_history,spearman,2574,9,0.8322679437765313,0.7696548572471656,0.0626130865293657
m4a_legacy_individual_features_20260728T045617Z_de1b0e93,conditional_ppg,direct_lightgbm_plus_feature_adp_teammates_better_count,provider_depth,one,rmse,119,9,2.915108506727183,5.335759809018117,-2.420651302290934
m4a_legacy_individual_features_20260728T045617Z_de1b0e93,conditional_ppg,direct_lightgbm_plus_feature_adp_teammates_better_count,provider_depth,one,mae,119,9,2.3312601524628973,4.162035059985875,-1.830774907522978
m4a_legacy_individual_features_20260728T045617Z_de1b0e93,conditional_ppg,direct_lightgbm_plus_feature_adp_teammates_better_count,provider_depth,one,bias,119,9,0.2552540271041285,-4.075903666251912,4.33115769335604
m4a_legacy_individual_features_20260728T045617Z_de1b0e93,conditional_ppg,direct_lightgbm_plus_feature_adp_teammates_better_count,provider_depth,one,spearman,119,9,0.3284277244666254,0.0846903736327424,0.24373735083388298
m4a_legacy_individual_features_20260728T045617Z_de1b0e93,conditional_ppg,direct_lightgbm_plus_feature_adp_teammates_better_count,provider_depth,three_plus,rmse,3047,9,3.273724272084944,4.234561588827272,-0.9608373167423276
m4a_legacy_individual_features_20260728T045617Z_de1b0e93,conditional_ppg,direct_lightgbm_plus_feature_adp_teammates_better_count,provider_depth,three_plus,mae,3047,9,2.5794617574560843,3.083413022185609,-0.5039512647295248
m4a_legacy_individual_features_20260728T045617Z_de1b0e93,conditional_ppg,direct_lightgbm_plus_feature_adp_teammates_better_count,provider_depth,three_plus,bias,3047,9,0.15926043886792235,-1.8601803512837727,2.019440790151695
m4a_legacy_individual_features_20260728T045617Z_de1b0e93,conditional_ppg,direct_lightgbm_plus_feature_adp_teammates_better_count,provider_depth,three_plus,spearman,3047,9,0.8155261172076373,0.7420132292410677,0.07351288796656963
m4a_legacy_individual_features_20260728T045617Z_de1b0e93,conditional_ppg,direct_lightgbm_plus_feature_adp_teammates_better_count,provider_depth,two,rmse,535,9,2.3807893459741307,3.8717805693613485,-1.4909912233872178
m4a_legacy_individual_features_20260728T045617Z_de1b0e93,conditional_ppg,direct_lightgbm_plus_feature_adp_teammates_better_count,provider_depth,two,mae,535,9,1.879118745530569,3.0458937016186125,-1.1667749560880436
m4a_legacy_individual_features_20260728T045617Z_de1b0e93,conditional_ppg,direct_lightgbm_plus_feature_adp_teammates_better_count,provider_depth,two,bias,535,9,0.4948080621402091,-2.8584785577785787,3.353286619918788
m4a_legacy_individual_features_20260728T045617Z_de1b0e93,conditional_ppg,direct_lightgbm_plus_feature_adp_teammates_better_count,provider_depth,two,spearman,535,9,0.28557459168042343,0.18403251077198343,0.10154208090844
m4a_legacy_individual_features_20260728T045617Z_de1b0e93,conditional_ppg,direct_lightgbm_plus_feature_adp_teammates_better_count,provider_era,2017_2019,rmse,1199,3,3.2404300941008066,4.503004396091149,-1.2625743019903424
m4a_legacy_individual_features_20260728T045617Z_de1b0e93,conditional_ppg,direct_lightgbm_plus_feature_adp_teammates_better_count,provider_era,2017_2019,mae,1199,3,2.5388440428906285,3.350291605304253,-0.8114475624136244
m4a_legacy_individual_features_20260728T045617Z_de1b0e93,conditional_ppg,direct_lightgbm_plus_feature_adp_teammates_better_count,provider_era,2017_2019,bias,1199,3,0.014338429057816017,-2.3847328396014364,2.3990712686592524
m4a_legacy_individual_features_20260728T045617Z_de1b0e93,conditional_ppg,direct_lightgbm_plus_feature_adp_teammates_better_count,provider_era,2017_2019,spearman,1199,3,0.7840222121004883,0.7186707029412654,0.06535150915922283
m4a_legacy_individual_features_20260728T045617Z_de1b0e93,conditional_ppg,direct_lightgbm_plus_feature_adp_teammates_better_count,provider_era,2020_2022,rmse,1263,3,3.0790396492045247,4.137612979315968,-1.058573330111443
m4a_legacy_individual_features_20260728T045617Z_de1b0e93,conditional_ppg,direct_lightgbm_plus_feature_adp_teammates_better_count,provider_era,2020_2022,mae,1263,3,2.410797019134775,3.011228599272546,-0.6004315801377706
m4a_legacy_individual_features_20260728T045617Z_de1b0e93,conditional_ppg,direct_lightgbm_plus_feature_adp_teammates_better_count,provider_era,2020_2022,bias,1263,3,0.22713395440603465,-2.13084165634086,2.3579756107468945
m4a_legacy_individual_features_20260728T045617Z_de1b0e93,conditional_ppg,direct_lightgbm_plus_feature_adp_teammates_better_count,provider_era,2020_2022,spearman,1263,3,0.8075360428626365,0.7457313838185303,0.06180465904410615
m4a_legacy_individual_features_20260728T045617Z_de1b0e93,conditional_ppg,direct_lightgbm_plus_feature_adp_teammates_better_count,provider_era,2023_plus,rmse,1239,3,3.1296205329898648,4.028826907371568,-0.8992063743817029
m4a_legacy_individual_features_20260728T045617Z_de1b0e93,conditional_ppg,direct_lightgbm_plus_feature_adp_teammates_better_count,provider_era,2023_plus,mae,1239,3,2.464453445825299,2.986128672689914,-0.5216752268646148
m4a_legacy_individual_features_20260728T045617Z_de1b0e93,conditional_ppg,direct_lightgbm_plus_feature_adp_teammates_better_count,provider_era,2023_plus,bias,1239,3,0.3844246479788695,-1.7205330172853468,2.1049576652642163
m4a_legacy_individual_features_20260728T045617Z_de1b0e93,conditional_ppg,direct_lightgbm_plus_feature_adp_teammates_better_count,provider_era,2023_plus,spearman,1239,3,0.8041890385529473,0.7342988709869787,0.06989016756596866
m4a_legacy_individual_features_20260728T045617Z_de1b0e93,conditional_ppg,direct_lightgbm_plus_feature_adp_worst_teammate_gap,position,QB,rmse,380,9,3.547003103892176,7.40325384335132,-3.856250739459144
m4a_legacy_individual_features_20260728T045617Z_de1b0e93,conditional_ppg,direct_lightgbm_plus_feature_adp_worst_teammate_gap,position,QB,mae,380,9,2.812654768936344,5.406778790352811,-2.5941240214164667
m4a_legacy_individual_features_20260728T045617Z_de1b0e93,conditional_ppg,direct_lightgbm_plus_feature_adp_worst_teammate_gap,position,QB,bias,380,9,-0.2535387008785604,-4.351816669206204,4.098277968327643
m4a_legacy_individual_features_20260728T045617Z_de1b0e93,conditional_ppg,direct_lightgbm_plus_feature_adp_worst_teammate_gap,position,QB,spearman,380,9,0.590137994293116,0.6033518575734516,-0.01321386328033558
m4a_legacy_individual_features_20260728T045617Z_de1b0e93,conditional_ppg,direct_lightgbm_plus_feature_adp_worst_teammate_gap,position,RB,rmse,1016,9,3.528503347620112,4.177344718174207,-0.648841370554095
m4a_legacy_individual_features_20260728T045617Z_de1b0e93,conditional_ppg,direct_lightgbm_plus_feature_adp_worst_teammate_gap,position,RB,mae,1016,9,2.796755219126483,3.1666944752693302,-0.3699392561428474
m4a_legacy_individual_features_20260728T045617Z_de1b0e93,conditional_ppg,direct_lightgbm_plus_feature_adp_worst_teammate_gap,position,RB,bias,1016,9,0.13492520471436895,-2.074252054734232,2.2091772594486008
m4a_legacy_individual_features_20260728T045617Z_de1b0e93,conditional_ppg,direct_lightgbm_plus_feature_adp_worst_teammate_gap,position,RB,spearman,1016,9,0.7410271959963113,0.7284272163676383,0.012599979628672986
m4a_legacy_individual_features_20260728T045617Z_de1b0e93,conditional_ppg,direct_lightgbm_plus_feature_adp_worst_teammate_gap,position,TE,rmse,802,9,2.310610221104061,2.9331861674511854,-0.6225759463471245
m4a_legacy_individual_features_20260728T045617Z_de1b0e93,conditional_ppg,direct_lightgbm_plus_feature_adp_worst_teammate_gap,position,TE,mae,802,9,1.8234187181456252,2.3188478825601355,-0.49542916441451035
m4a_legacy_individual_features_20260728T045617Z_de1b0e93,conditional_ppg,direct_lightgbm_plus_feature_adp_worst_teammate_gap,position,TE,bias,802,9,0.3707466484472925,-1.6125117927348234,1.983258441182116
m4a_legacy_individual_features_20260728T045617Z_de1b0e93,conditional_ppg,direct_lightgbm_plus_feature_adp_worst_teammate_gap,position,TE,spearman,802,9,0.6999578323871692,0.6893443768060465,0.0106134555811227
m4a_legacy_individual_features_20260728T045617Z_de1b0e93,conditional_ppg,direct_lightgbm_plus_feature_adp_worst_teammate_gap,position,WR,rmse,1503,9,3.146391956336072,3.7011367089159544,-0.5547447525798823
m4a_legacy_individual_features_20260728T045617Z_de1b0e93,conditional_ppg,direct_lightgbm_plus_feature_adp_worst_teammate_gap,position,WR,mae,1503,9,2.5034525115438933,2.9197213919380522,-0.416268880394159
m4a_legacy_individual_features_20260728T045617Z_de1b0e93,conditional_ppg,direct_lightgbm_plus_feature_adp_worst_teammate_gap,position,WR,bias,1503,9,0.32424557074506494,-1.7484519064374633,2.0726974771825284
m4a_legacy_individual_features_20260728T045617Z_de1b0e93,conditional_ppg,direct_lightgbm_plus_feature_adp_worst_teammate_gap,position,WR,spearman,1503,9,0.7517249023412762,0.7533404253666947,-0.0016155230254184527
m4a_legacy_individual_features_20260728T045617Z_de1b0e93,conditional_ppg,direct_lightgbm_plus_feature_adp_worst_teammate_gap,season,2017,rmse,407,1,3.1076244729420037,4.36645042925793,-1.2588259563159263
m4a_legacy_individual_features_20260728T045617Z_de1b0e93,conditional_ppg,direct_lightgbm_plus_feature_adp_worst_teammate_gap,season,2017,mae,407,1,2.451518601994009,3.155298194425311,-0.7037795924313022
m4a_legacy_individual_features_20260728T045617Z_de1b0e93,conditional_ppg,direct_lightgbm_plus_feature_adp_worst_teammate_gap,season,2017,bias,407,1,0.47985258396796227,-2.001344182039299,2.4811967660072614
m4a_legacy_individual_features_20260728T045617Z_de1b0e93,conditional_ppg,direct_lightgbm_plus_feature_adp_worst_teammate_gap,season,2017,spearman,407,1,0.78923775795572,0.6896147256046201,0.09962303235109993
m4a_legacy_individual_features_20260728T045617Z_de1b0e93,conditional_ppg,direct_lightgbm_plus_feature_adp_worst_teammate_gap,season,2018,rmse,405,1,3.3761105733994974,4.714160529640733,-1.3380499562412353
m4a_legacy_individual_features_20260728T045617Z_de1b0e93,conditional_ppg,direct_lightgbm_plus_feature_adp_worst_teammate_gap,season,2018,mae,405,1,2.6045768436213854,3.591068328096669,-0.9864914844752835
m4a_legacy_individual_features_20260728T045617Z_de1b0e93,conditional_ppg,direct_lightgbm_plus_feature_adp_worst_teammate_gap,season,2018,bias,405,1,-0.44869015306780374,-2.8137009099333685,2.3650107568655647
m4a_legacy_individual_features_20260728T045617Z_de1b0e93,conditional_ppg,direct_lightgbm_plus_feature_adp_worst_teammate_gap,season,2018,spearman,405,1,0.7897859146630248,0.7425066216425864,0.04727929302043843
m4a_legacy_individual_features_20260728T045617Z_de1b0e93,conditional_ppg,direct_lightgbm_plus_feature_adp_worst_teammate_gap,season,2019,rmse,387,1,3.2214150803007953,4.417467076151702,-1.1960519958509068
m4a_legacy_individual_features_20260728T045617Z_de1b0e93,conditional_ppg,direct_lightgbm_plus_feature_adp_worst_teammate_gap,season,2019,mae,387,1,2.557962196664622,3.303386554908389,-0.745424358243767
m4a_legacy_individual_features_20260728T045617Z_de1b0e93,conditional_ppg,direct_lightgbm_plus_feature_adp_worst_teammate_gap,season,2019,bias,387,1,0.08819770210536444,-2.3390147908762615,2.427212492981626
m4a_legacy_individual_features_20260728T045617Z_de1b0e93,conditional_ppg,direct_lightgbm_plus_feature_adp_worst_teammate_gap,season,2019,spearman,387,1,0.7833467390889531,0.7230240158078952,0.06032272328105792
m4a_legacy_individual_features_20260728T045617Z_de1b0e93,conditional_ppg,direct_lightgbm_plus_feature_adp_worst_teammate_gap,season,2020,rmse,420,1,3.229245018862063,4.440195645661847,-1.2109506267997836
m4a_legacy_individual_features_20260728T045617Z_de1b0e93,conditional_ppg,direct_lightgbm_plus_feature_adp_worst_teammate_gap,season,2020,mae,420,1,2.4680375163378407,3.1892739075546475,-0.7212363912168067
m4a_legacy_individual_features_20260728T045617Z_de1b0e93,conditional_ppg,direct_lightgbm_plus_feature_adp_worst_teammate_gap,season,2020,bias,420,1,-0.1114606096608071,-2.50699336451964,2.3955327548588325
m4a_legacy_individual_features_20260728T045617Z_de1b0e93,conditional_ppg,direct_lightgbm_plus_feature_adp_worst_teammate_gap,season,2020,spearman,420,1,0.809841672942522,0.7558180220636451,0.05402365087887684
m4a_legacy_individual_features_20260728T045617Z_de1b0e93,conditional_ppg,direct_lightgbm_plus_feature_adp_worst_teammate_gap,season,2021,rmse,417,1,3.1004843404552016,4.1314790282308635,-1.030994687775662
m4a_legacy_individual_features_20260728T045617Z_de1b0e93,conditional_ppg,direct_lightgbm_plus_feature_adp_worst_teammate_gap,season,2021,mae,417,1,2.391798314460206,3.004519719344607,-0.6127214048844012
m4a_legacy_individual_features_20260728T045617Z_de1b0e93,conditional_ppg,direct_lightgbm_plus_feature_adp_worst_teammate_gap,season,2021,bias,417,1,0.09465794932841148,-2.1396464537194677,2.2343044030478794
m4a_legacy_individual_features_20260728T045617Z_de1b0e93,conditional_ppg,direct_lightgbm_plus_feature_adp_worst_teammate_gap,season,2021,spearman,417,1,0.7970519499105868,0.7425784631898492,0.054473486720737596
m4a_legacy_individual_features_20260728T045617Z_de1b0e93,conditional_ppg,direct_lightgbm_plus_feature_adp_worst_teammate_gap,season,2022,rmse,426,1,2.89396298216197,3.8223751589851123,-0.9284121768231421
m4a_legacy_individual_features_20260728T045617Z_de1b0e93,conditional_ppg,direct_lightgbm_plus_feature_adp_worst_teammate_gap,season,2022,mae,426,1,2.366274378781121,2.842258114416837,-0.47598373563571617
m4a_legacy_individual_features_20260728T045617Z_de1b0e93,conditional_ppg,direct_lightgbm_plus_feature_adp_worst_teammate_gap,season,2022,bias,426,1,0.6624975882254569,-1.7513690790122993,2.4138666672377562
m4a_legacy_individual_features_20260728T045617Z_de1b0e93,conditional_ppg,direct_lightgbm_plus_feature_adp_worst_teammate_gap,season,2022,spearman,426,1,0.8212267555415157,0.7428755546703996,0.07835120087111613
m4a_legacy_individual_features_20260728T045617Z_de1b0e93,conditional_ppg,direct_lightgbm_plus_feature_adp_worst_teammate_gap,season,2023,rmse,415,1,3.228903357517083,4.221586995253445,-0.9926836377363624
m4a_legacy_individual_features_20260728T045617Z_de1b0e93,conditional_ppg,direct_lightgbm_plus_feature_adp_worst_teammate_gap,season,2023,mae,415,1,2.5236244717093452,3.0334052938510987,-0.5097808221417535
m4a_legacy_individual_features_20260728T045617Z_de1b0e93,conditional_ppg,direct_lightgbm_plus_feature_adp_worst_teammate_gap,season,2023,bias,415,1,0.45955833209794655,-1.9127507670094155,2.372309099107362
m4a_legacy_individual_features_20260728T045617Z_de1b0e93,conditional_ppg,direct_lightgbm_plus_feature_adp_worst_teammate_gap,season,2023,spearman,415,1,0.8011267902407699,0.6928791932643551,0.10824759697641484
m4a_legacy_individual_features_20260728T045617Z_de1b0e93,conditional_ppg,direct_lightgbm_plus_feature_adp_worst_teammate_gap,season,2024,rmse,408,1,3.1712535105873405,4.2776523227631555,-1.106398812175815
m4a_legacy_individual_features_20260728T045617Z_de1b0e93,conditional_ppg,direct_lightgbm_plus_feature_adp_worst_teammate_gap,season,2024,mae,408,1,2.5519429762684513,3.2002566358121665,-0.6483136595437151
m4a_legacy_individual_features_20260728T045617Z_de1b0e93,conditional_ppg,direct_lightgbm_plus_feature_adp_worst_teammate_gap,season,2024,bias,408,1,0.28682306611397057,-2.022226818172098,2.3090498842860683
m4a_legacy_individual_features_20260728T045617Z_de1b0e93,conditional_ppg,direct_lightgbm_plus_feature_adp_worst_teammate_gap,season,2024,spearman,408,1,0.8075474365085417,0.7254682010396428,0.08207923546889884
m4a_legacy_individual_features_20260728T045617Z_de1b0e93,conditional_ppg,direct_lightgbm_plus_feature_adp_worst_teammate_gap,season,2025,rmse,416,1,2.959122311574539,3.552154687210895,-0.5930323756363562
m4a_legacy_individual_features_20260728T045617Z_de1b0e93,conditional_ppg,direct_lightgbm_plus_feature_adp_worst_teammate_gap,season,2025,mae,416,1,2.3133282678237634,2.7289555795750813,-0.41562731175131784
m4a_legacy_individual_features_20260728T045617Z_de1b0e93,conditional_ppg,direct_lightgbm_plus_feature_adp_worst_teammate_gap,season,2025,bias,416,1,0.4689490527683411,-1.2328853324361086,1.7018343852044497
m4a_legacy_individual_features_20260728T045617Z_de1b0e93,conditional_ppg,direct_lightgbm_plus_feature_adp_worst_teammate_gap,season,2025,spearman,416,1,0.8185658404215251,0.782469913058102,0.03609592736342315
m4a_legacy_individual_features_20260728T045617Z_de1b0e93,conditional_ppg,direct_lightgbm_plus_feature_adp_worst_teammate_gap,history_depth,other_no_history,rmse,27,8,2.610568799790034,6.4683220498114276,-3.8577532500213936
m4a_legacy_individual_features_20260728T045617Z_de1b0e93,conditional_ppg,direct_lightgbm_plus_feature_adp_worst_teammate_gap,history_depth,other_no_history,mae,27,8,2.0677679533940156,4.461598216447073,-2.3938302630530575
m4a_legacy_individual_features_20260728T045617Z_de1b0e93,conditional_ppg,direct_lightgbm_plus_feature_adp_worst_teammate_gap,history_depth,other_no_history,bias,27,8,0.794797480948014,-4.368357475706332,5.1631549566543455
m4a_legacy_individual_features_20260728T045617Z_de1b0e93,conditional_ppg,direct_lightgbm_plus_feature_adp_worst_teammate_gap,history_depth,other_no_history,spearman,27,8,0.4487179487179487,0.3099630400605697,0.138754908657379
m4a_legacy_individual_features_20260728T045617Z_de1b0e93,conditional_ppg,direct_lightgbm_plus_feature_adp_worst_teammate_gap,history_depth,rookie,rmse,532,9,3.478079837698546,4.9501399507842265,-1.4720601130856807
m4a_legacy_individual_features_20260728T045617Z_de1b0e93,conditional_ppg,direct_lightgbm_plus_feature_adp_worst_teammate_gap,history_depth,rookie,mae,532,9,2.781116997351125,3.6281836185347482,-0.8470666211836231
m4a_legacy_individual_features_20260728T045617Z_de1b0e93,conditional_ppg,direct_lightgbm_plus_feature_adp_worst_teammate_gap,history_depth,rookie,bias,532,9,0.3111358056631704,-2.8213558829459355,3.132491688609106
m4a_legacy_individual_features_20260728T045617Z_de1b0e93,conditional_ppg,direct_lightgbm_plus_feature_adp_worst_teammate_gap,history_depth,rookie,spearman,532,9,0.6500562887938842,0.5456141139567152,0.104442174837169
m4a_legacy_individual_features_20260728T045617Z_de1b0e93,conditional_ppg,direct_lightgbm_plus_feature_adp_worst_teammate_gap,history_depth,second_year,rmse,568,9,3.250604725532001,4.259843856007934,-1.0092391304759327
m4a_legacy_individual_features_20260728T045617Z_de1b0e93,conditional_ppg,direct_lightgbm_plus_feature_adp_worst_teammate_gap,history_depth,second_year,mae,568,9,2.509758669226485,3.194144907042518,-0.684386237816033
m4a_legacy_individual_features_20260728T045617Z_de1b0e93,conditional_ppg,direct_lightgbm_plus_feature_adp_worst_teammate_gap,history_depth,second_year,bias,568,9,0.2185674883639718,-2.2698764585662343,2.488443946930206
m4a_legacy_individual_features_20260728T045617Z_de1b0e93,conditional_ppg,direct_lightgbm_plus_feature_adp_worst_teammate_gap,history_depth,second_year,spearman,568,9,0.7617555916127348,0.7154312477547689,0.04632434385796591
m4a_legacy_individual_features_20260728T045617Z_de1b0e93,conditional_ppg,direct_lightgbm_plus_feature_adp_worst_teammate_gap,history_depth,veteran_with_history,rmse,2574,9,3.0516297213382675,4.018822079009796,-0.9671923576715287
m4a_legacy_individual_features_20260728T045617Z_de1b0e93,conditional_ppg,direct_lightgbm_plus_feature_adp_worst_teammate_gap,history_depth,veteran_with_history,mae,2574,9,2.39877861312296,2.9739951969693554,-0.5752165838463954
m4a_legacy_individual_features_20260728T045617Z_de1b0e93,conditional_ppg,direct_lightgbm_plus_feature_adp_worst_teammate_gap,history_depth,veteran_with_history,bias,2574,9,0.19980151225771875,-1.8547363189666835,2.054537831224402
m4a_legacy_individual_features_20260728T045617Z_de1b0e93,conditional_ppg,direct_lightgbm_plus_feature_adp_worst_teammate_gap,history_depth,veteran_with_history,spearman,2574,9,0.8334866011859831,0.7696548572471656,0.06383174393881741
m4a_legacy_individual_features_20260728T045617Z_de1b0e93,conditional_ppg,direct_lightgbm_plus_feature_adp_worst_teammate_gap,provider_depth,one,rmse,119,9,2.9238854410016746,5.335759809018117,-2.4118743680164423
m4a_legacy_individual_features_20260728T045617Z_de1b0e93,conditional_ppg,direct_lightgbm_plus_feature_adp_worst_teammate_gap,provider_depth,one,mae,119,9,2.3322595285684753,4.162035059985875,-1.8297755314174
m4a_legacy_individual_features_20260728T045617Z_de1b0e93,conditional_ppg,direct_lightgbm_plus_feature_adp_worst_teammate_gap,provider_depth,one,bias,119,9,0.27956434004375713,-4.075903666251912,4.355468006295669
m4a_legacy_individual_features_20260728T045617Z_de1b0e93,conditional_ppg,direct_lightgbm_plus_feature_adp_worst_teammate_gap,provider_depth,one,spearman,119,9,0.3406252392541223,0.0846903736327424,0.2559348656213799
m4a_legacy_individual_features_20260728T045617Z_de1b0e93,conditional_ppg,direct_lightgbm_plus_feature_adp_worst_teammate_gap,provider_depth,three_plus,rmse,3047,9,3.2693389786242166,4.234561588827272,-0.965222610203055
m4a_legacy_individual_features_20260728T045617Z_de1b0e93,conditional_ppg,direct_lightgbm_plus_feature_adp_worst_teammate_gap,provider_depth,three_plus,mae,3047,9,2.578521990854331,3.083413022185609,-0.5048910313312782
m4a_legacy_individual_features_20260728T045617Z_de1b0e93,conditional_ppg,direct_lightgbm_plus_feature_adp_worst_teammate_gap,provider_depth,three_plus,bias,3047,9,0.16978775913007096,-1.8601803512837727,2.0299681104138436
m4a_legacy_individual_features_20260728T045617Z_de1b0e93,conditional_ppg,direct_lightgbm_plus_feature_adp_worst_teammate_gap,provider_depth,three_plus,spearman,3047,9,0.8166894073169723,0.7420132292410677,0.07467617807590454
m4a_legacy_individual_features_20260728T045617Z_de1b0e93,conditional_ppg,direct_lightgbm_plus_feature_adp_worst_teammate_gap,provider_depth,two,rmse,535,9,2.3704396773504417,3.8717805693613485,-1.5013408920109068
m4a_legacy_individual_features_20260728T045617Z_de1b0e93,conditional_ppg,direct_lightgbm_plus_feature_adp_worst_teammate_gap,provider_depth,two,mae,535,9,1.871191890838853,3.0458937016186125,-1.1747018107797595
m4a_legacy_individual_features_20260728T045617Z_de1b0e93,conditional_ppg,direct_lightgbm_plus_feature_adp_worst_teammate_gap,provider_depth,two,bias,535,9,0.5136593420672404,-2.8584785577785787,3.372137899845819
m4a_legacy_individual_features_20260728T045617Z_de1b0e93,conditional_ppg,direct_lightgbm_plus_feature_adp_worst_teammate_gap,provider_depth,two,spearman,535,9,0.2983211118525929,0.18403251077198343,0.11428860108060948
m4a_legacy_individual_features_20260728T045617Z_de1b0e93,conditional_ppg,direct_lightgbm_plus_feature_adp_worst_teammate_gap,provider_era,2017_2019,rmse,1199,3,3.2369415929868084,4.503004396091149,-1.2660628031043406
m4a_legacy_individual_features_20260728T045617Z_de1b0e93,conditional_ppg,direct_lightgbm_plus_feature_adp_worst_teammate_gap,provider_era,2017_2019,mae,1199,3,2.5375755319328035,3.350291605304253,-0.8127160733714494
m4a_legacy_individual_features_20260728T045617Z_de1b0e93,conditional_ppg,direct_lightgbm_plus_feature_adp_worst_teammate_gap,provider_era,2017_2019,bias,1199,3,0.039793995327169415,-2.3847328396014364,2.424526834928606
m4a_legacy_individual_features_20260728T045617Z_de1b0e93,conditional_ppg,direct_lightgbm_plus_feature_adp_worst_teammate_gap,provider_era,2017_2019,spearman,1199,3,0.7861793589192304,0.7186707029412654,0.06750865597796496
m4a_legacy_individual_features_20260728T045617Z_de1b0e93,conditional_ppg,direct_lightgbm_plus_feature_adp_worst_teammate_gap,provider_era,2020_2022,rmse,1263,3,3.0767628820607396,4.137612979315968,-1.0608500972552282
m4a_legacy_individual_features_20260728T045617Z_de1b0e93,conditional_ppg,direct_lightgbm_plus_feature_adp_worst_teammate_gap,provider_era,2020_2022,mae,1263,3,2.4085419947367828,3.011228599272546,-0.6026866045357631
m4a_legacy_individual_features_20260728T045617Z_de1b0e93,conditional_ppg,direct_lightgbm_plus_feature_adp_worst_teammate_gap,provider_era,2020_2022,bias,1263,3,0.21764281979133276,-2.13084165634086,2.348484476132193
m4a_legacy_individual_features_20260728T045617Z_de1b0e93,conditional_ppg,direct_lightgbm_plus_feature_adp_worst_teammate_gap,provider_era,2020_2022,spearman,1263,3,0.8084164637501647,0.7457313838185303,0.06268507993163441
m4a_legacy_individual_features_20260728T045617Z_de1b0e93,conditional_ppg,direct_lightgbm_plus_feature_adp_worst_teammate_gap,provider_era,2023_plus,rmse,1239,3,3.1215066352365466,4.028826907371568,-0.9073202721350211
m4a_legacy_individual_features_20260728T045617Z_de1b0e93,conditional_ppg,direct_lightgbm_plus_feature_adp_worst_teammate_gap,provider_era,2023_plus,mae,1239,3,2.462341767144142,2.986128672689914,-0.523786905545772
m4a_legacy_individual_features_20260728T045617Z_de1b0e93,conditional_ppg,direct_lightgbm_plus_feature_adp_worst_teammate_gap,provider_era,2023_plus,bias,1239,3,0.4058299634760111,-1.7205330172853468,2.1263629807613578
m4a_legacy_individual_features_20260728T045617Z_de1b0e93,conditional_ppg,direct_lightgbm_plus_feature_adp_worst_teammate_gap,provider_era,2023_plus,spearman,1239,3,0.8073441259477029,0.7342988709869787,0.07304525496072423
m4a_legacy_individual_features_20260728T045617Z_de1b0e93,conditional_ppg,direct_lightgbm_plus_feature_expert_ppg_exp_diff,position,QB,rmse,380,9,3.5682266080218583,7.40325384335132,-3.8350272353294614
m4a_legacy_individual_features_20260728T045617Z_de1b0e93,conditional_ppg,direct_lightgbm_plus_feature_expert_ppg_exp_diff,position,QB,mae,380,9,2.842493033826953,5.406778790352811,-2.564285756525858
m4a_legacy_individual_features_20260728T045617Z_de1b0e93,conditional_ppg,direct_lightgbm_plus_feature_expert_ppg_exp_diff,position,QB,bias,380,9,-0.24334970062717584,-4.351816669206204,4.108466968579028
m4a_legacy_individual_features_20260728T045617Z_de1b0e93,conditional_ppg,direct_lightgbm_plus_feature_expert_ppg_exp_diff,position,QB,spearman,380,9,0.5792783908664483,0.6033518575734516,-0.024073466707003277
m4a_legacy_individual_features_20260728T045617Z_de1b0e93,conditional_ppg,direct_lightgbm_plus_feature_expert_ppg_exp_diff,position,RB,rmse,1016,9,3.542030872371007,4.177344718174207,-0.6353138458031999
m4a_legacy_individual_features_20260728T045617Z_de1b0e93,conditional_ppg,direct_lightgbm_plus_feature_expert_ppg_exp_diff,position,RB,mae,1016,9,2.8030428805728107,3.1666944752693302,-0.36365159469651953
m4a_legacy_individual_features_20260728T045617Z_de1b0e93,conditional_ppg,direct_lightgbm_plus_feature_expert_ppg_exp_diff,position,RB,bias,1016,9,0.12062250208084838,-2.074252054734232,2.1948745568150803
m4a_legacy_individual_features_20260728T045617Z_de1b0e93,conditional_ppg,direct_lightgbm_plus_feature_expert_ppg_exp_diff,position,RB,spearman,1016,9,0.7363279580747044,0.7284272163676383,0.007900741707066117
m4a_legacy_individual_features_20260728T045617Z_de1b0e93,conditional_ppg,direct_lightgbm_plus_feature_expert_ppg_exp_diff,position,TE,rmse,802,9,2.309509230758749,2.9331861674511854,-0.6236769366924366
m4a_legacy_individual_features_20260728T045617Z_de1b0e93,conditional_ppg,direct_lightgbm_plus_feature_expert_ppg_exp_diff,position,TE,mae,802,9,1.8050428066993056,2.3188478825601355,-0.5138050758608299
m4a_legacy_individual_features_20260728T045617Z_de1b0e93,conditional_ppg,direct_lightgbm_plus_feature_expert_ppg_exp_diff,position,TE,bias,802,9,0.30068947408647084,-1.6125117927348234,1.9132012668212943
m4a_legacy_individual_features_20260728T045617Z_de1b0e93,conditional_ppg,direct_lightgbm_plus_feature_expert_ppg_exp_diff,position,TE,spearman,802,9,0.6949401913962898,0.6893443768060465,0.005595814590243275
m4a_legacy_individual_features_20260728T045617Z_de1b0e93,conditional_ppg,direct_lightgbm_plus_feature_expert_ppg_exp_diff,position,WR,rmse,1503,9,3.132592044769934,3.7011367089159544,-0.5685446641460206
m4a_legacy_individual_features_20260728T045617Z_de1b0e93,conditional_ppg,direct_lightgbm_plus_feature_expert_ppg_exp_diff,position,WR,mae,1503,9,2.495621094187388,2.9197213919380522,-0.42410029775066427
m4a_legacy_individual_features_20260728T045617Z_de1b0e93,conditional_ppg,direct_lightgbm_plus_feature_expert_ppg_exp_diff,position,WR,bias,1503,9,0.36022909116563745,-1.7484519064374633,2.1086809976031007
m4a_legacy_individual_features_20260728T045617Z_de1b0e93,conditional_ppg,direct_lightgbm_plus_feature_expert_ppg_exp_diff,position,WR,spearman,1503,9,0.7523121349552588,0.7533404253666947,-0.0010282904114358171
m4a_legacy_individual_features_20260728T045617Z_de1b0e93,conditional_ppg,direct_lightgbm_plus_feature_expert_ppg_exp_diff,season,2017,rmse,407,1,3.130578276488696,4.36645042925793,-1.2358721527692342
m4a_legacy_individual_features_20260728T045617Z_de1b0e93,conditional_ppg,direct_lightgbm_plus_feature_expert_ppg_exp_diff,season,2017,mae,407,1,2.454349941459031,3.155298194425311,-0.7009482529662803
m4a_legacy_individual_features_20260728T045617Z_de1b0e93,conditional_ppg,direct_lightgbm_plus_feature_expert_ppg_exp_diff,season,2017,bias,407,1,0.5154340767313282,-2.001344182039299,2.5167782587706276
m4a_legacy_individual_features_20260728T045617Z_de1b0e93,conditional_ppg,direct_lightgbm_plus_feature_expert_ppg_exp_diff,season,2017,spearman,407,1,0.7871354036579816,0.6896147256046201,0.09752067805336151
m4a_legacy_individual_features_20260728T045617Z_de1b0e93,conditional_ppg,direct_lightgbm_plus_feature_expert_ppg_exp_diff,season,2018,rmse,405,1,3.3453355571423615,4.714160529640733,-1.3688249724983712
m4a_legacy_individual_features_20260728T045617Z_de1b0e93,conditional_ppg,direct_lightgbm_plus_feature_expert_ppg_exp_diff,season,2018,mae,405,1,2.5835571381454816,3.591068328096669,-1.0075111899511873
m4a_legacy_individual_features_20260728T045617Z_de1b0e93,conditional_ppg,direct_lightgbm_plus_feature_expert_ppg_exp_diff,season,2018,bias,405,1,-0.4477352375363133,-2.8137009099333685,2.3659656723970555
m4a_legacy_individual_features_20260728T045617Z_de1b0e93,conditional_ppg,direct_lightgbm_plus_feature_expert_ppg_exp_diff,season,2018,spearman,405,1,0.7873900606465637,0.7425066216425864,0.04488343900397729
m4a_legacy_individual_features_20260728T045617Z_de1b0e93,conditional_ppg,direct_lightgbm_plus_feature_expert_ppg_exp_diff,season,2019,rmse,387,1,3.23809766103749,4.417467076151702,-1.1793694151142122
m4a_legacy_individual_features_20260728T045617Z_de1b0e93,conditional_ppg,direct_lightgbm_plus_feature_expert_ppg_exp_diff,season,2019,mae,387,1,2.5719630724898095,3.303386554908389,-0.7314234824185797
m4a_legacy_individual_features_20260728T045617Z_de1b0e93,conditional_ppg,direct_lightgbm_plus_feature_expert_ppg_exp_diff,season,2019,bias,387,1,0.043940395330008944,-2.3390147908762615,2.3829551862062703
m4a_legacy_individual_features_20260728T045617Z_de1b0e93,conditional_ppg,direct_lightgbm_plus_feature_expert_ppg_exp_diff,season,2019,spearman,387,1,0.7834822459145012,0.7230240158078952,0.060458230106606003
m4a_legacy_individual_features_20260728T045617Z_de1b0e93,conditional_ppg,direct_lightgbm_plus_feature_expert_ppg_exp_diff,season,2020,rmse,420,1,3.23211582678367,4.440195645661847,-1.208079818878177
m4a_legacy_individual_features_20260728T045617Z_de1b0e93,conditional_ppg,direct_lightgbm_plus_feature_expert_ppg_exp_diff,season,2020,mae,420,1,2.466715746157108,3.1892739075546475,-0.7225581613975396
m4a_legacy_individual_features_20260728T045617Z_de1b0e93,conditional_ppg,direct_lightgbm_plus_feature_expert_ppg_exp_diff,season,2020,bias,420,1,-0.06247602752688242,-2.50699336451964,2.4445173369927575
m4a_legacy_individual_features_20260728T045617Z_de1b0e93,conditional_ppg,direct_lightgbm_plus_feature_expert_ppg_exp_diff,season,2020,spearman,420,1,0.8088408239396699,0.7558180220636451,0.05302280187602482
m4a_legacy_individual_features_20260728T045617Z_de1b0e93,conditional_ppg,direct_lightgbm_plus_feature_expert_ppg_exp_diff,season,2021,rmse,417,1,3.1071093453952177,4.1314790282308635,-1.024369682835646
m4a_legacy_individual_features_20260728T045617Z_de1b0e93,conditional_ppg,direct_lightgbm_plus_feature_expert_ppg_exp_diff,season,2021,mae,417,1,2.40216816644727,3.004519719344607,-0.6023515528973373
m4a_legacy_individual_features_20260728T045617Z_de1b0e93,conditional_ppg,direct_lightgbm_plus_feature_expert_ppg_exp_diff,season,2021,bias,417,1,0.09286887857645458,-2.1396464537194677,2.232515332295922
m4a_legacy_individual_features_20260728T045617Z_de1b0e93,conditional_ppg,direct_lightgbm_plus_feature_expert_ppg_exp_diff,season,2021,spearman,417,1,0.7965416061812277,0.7425784631898492,0.0539631429913785
m4a_legacy_individual_features_20260728T045617Z_de1b0e93,conditional_ppg,direct_lightgbm_plus_feature_expert_ppg_exp_diff,season,2022,rmse,426,1,2.874282719271137,3.8223751589851123,-0.9480924397139754
m4a_legacy_individual_features_20260728T045617Z_de1b0e93,conditional_ppg,direct_lightgbm_plus_feature_expert_ppg_exp_diff,season,2022,mae,426,1,2.3426644285033595,2.842258114416837,-0.4995936859134775
m4a_legacy_individual_features_20260728T045617Z_de1b0e93,conditional_ppg,direct_lightgbm_plus_feature_expert_ppg_exp_diff,season,2022,bias,426,1,0.667757765934783,-1.7513690790122993,2.4191268449470824
m4a_legacy_individual_features_20260728T045617Z_de1b0e93,conditional_ppg,direct_lightgbm_plus_feature_expert_ppg_exp_diff,season,2022,spearman,426,1,0.821095437107935,0.7428755546703996,0.07821988243753542
m4a_legacy_individual_features_20260728T045617Z_de1b0e93,conditional_ppg,direct_lightgbm_plus_feature_expert_ppg_exp_diff,season,2023,rmse,415,1,3.224530516638724,4.221586995253445,-0.9970564786147214
m4a_legacy_individual_features_20260728T045617Z_de1b0e93,conditional_ppg,direct_lightgbm_plus_feature_expert_ppg_exp_diff,season,2023,mae,415,1,2.51299954677071,3.0334052938510987,-0.5204057470803889
m4a_legacy_individual_features_20260728T045617Z_de1b0e93,conditional_ppg,direct_lightgbm_plus_feature_expert_ppg_exp_diff,season,2023,bias,415,1,0.47346911536499625,-1.9127507670094155,2.386219882374412
m4a_legacy_individual_features_20260728T045617Z_de1b0e93,conditional_ppg,direct_lightgbm_plus_feature_expert_ppg_exp_diff,season,2023,spearman,415,1,0.8024456112265614,0.6928791932643551,0.10956641796220634
m4a_legacy_individual_features_20260728T045617Z_de1b0e93,conditional_ppg,direct_lightgbm_plus_feature_expert_ppg_exp_diff,season,2024,rmse,408,1,3.1926553905743376,4.2776523227631555,-1.084996932188818
m4a_legacy_individual_features_20260728T045617Z_de1b0e93,conditional_ppg,direct_lightgbm_plus_feature_expert_ppg_exp_diff,season,2024,mae,408,1,2.575440128086619,3.2002566358121665,-0.6248165077255474
m4a_legacy_individual_features_20260728T045617Z_de1b0e93,conditional_ppg,direct_lightgbm_plus_feature_expert_ppg_exp_diff,season,2024,bias,408,1,0.28465361011236223,-2.022226818172098,2.30688042828446
m4a_legacy_individual_features_20260728T045617Z_de1b0e93,conditional_ppg,direct_lightgbm_plus_feature_expert_ppg_exp_diff,season,2024,spearman,408,1,0.8034527755845431,0.7254682010396428,0.07798457454490026
m4a_legacy_individual_features_20260728T045617Z_de1b0e93,conditional_ppg,direct_lightgbm_plus_feature_expert_ppg_exp_diff,season,2025,rmse,416,1,2.9524543799569716,3.552154687210895,-0.5997003072539235
m4a_legacy_individual_features_20260728T045617Z_de1b0e93,conditional_ppg,direct_lightgbm_plus_feature_expert_ppg_exp_diff,season,2025,mae,416,1,2.2995596379093506,2.7289555795750813,-0.4293959416657307
m4a_legacy_individual_features_20260728T045617Z_de1b0e93,conditional_ppg,direct_lightgbm_plus_feature_expert_ppg_exp_diff,season,2025,bias,416,1,0.37890257740224753,-1.2328853324361086,1.6117879098383563
m4a_legacy_individual_features_20260728T045617Z_de1b0e93,conditional_ppg,direct_lightgbm_plus_feature_expert_ppg_exp_diff,season,2025,spearman,416,1,0.8150506441380634,0.782469913058102,0.0325807310799614
m4a_legacy_individual_features_20260728T045617Z_de1b0e93,conditional_ppg,direct_lightgbm_plus_feature_expert_ppg_exp_diff,history_depth,other_no_history,rmse,27,8,2.6464191245879802,6.4683220498114276,-3.8219029252234473
m4a_legacy_individual_features_20260728T045617Z_de1b0e93,conditional_ppg,direct_lightgbm_plus_feature_expert_ppg_exp_diff,history_depth,other_no_history,mae,27,8,2.026842708189117,4.461598216447073,-2.434755508257956
m4a_legacy_individual_features_20260728T045617Z_de1b0e93,conditional_ppg,direct_lightgbm_plus_feature_expert_ppg_exp_diff,history_depth,other_no_history,bias,27,8,0.6986996264729212,-4.368357475706332,5.067057102179253
m4a_legacy_individual_features_20260728T045617Z_de1b0e93,conditional_ppg,direct_lightgbm_plus_feature_expert_ppg_exp_diff,history_depth,other_no_history,spearman,27,8,0.4438339438339438,0.3099630400605697,0.13387090377337413
m4a_legacy_individual_features_20260728T045617Z_de1b0e93,conditional_ppg,direct_lightgbm_plus_feature_expert_ppg_exp_diff,history_depth,rookie,rmse,532,9,3.4677745028307663,4.9501399507842265,-1.4823654479534603
m4a_legacy_individual_features_20260728T045617Z_de1b0e93,conditional_ppg,direct_lightgbm_plus_feature_expert_ppg_exp_diff,history_depth,rookie,mae,532,9,2.776276596498906,3.6281836185347482,-0.8519070220358422
m4a_legacy_individual_features_20260728T045617Z_de1b0e93,conditional_ppg,direct_lightgbm_plus_feature_expert_ppg_exp_diff,history_depth,rookie,bias,532,9,0.313745154758217,-2.8213558829459355,3.1351010377041524
m4a_legacy_individual_features_20260728T045617Z_de1b0e93,conditional_ppg,direct_lightgbm_plus_feature_expert_ppg_exp_diff,history_depth,rookie,spearman,532,9,0.6503980612475713,0.5456141139567152,0.10478394729085605
m4a_legacy_individual_features_20260728T045617Z_de1b0e93,conditional_ppg,direct_lightgbm_plus_feature_expert_ppg_exp_diff,history_depth,second_year,rmse,568,9,3.241773766292407,4.259843856007934,-1.0180700897155268
m4a_legacy_individual_features_20260728T045617Z_de1b0e93,conditional_ppg,direct_lightgbm_plus_feature_expert_ppg_exp_diff,history_depth,second_year,mae,568,9,2.4974416998661657,3.194144907042518,-0.6967032071763524
m4a_legacy_individual_features_20260728T045617Z_de1b0e93,conditional_ppg,direct_lightgbm_plus_feature_expert_ppg_exp_diff,history_depth,second_year,bias,568,9,0.2309527205536983,-2.2698764585662343,2.5008291791199326
m4a_legacy_individual_features_20260728T045617Z_de1b0e93,conditional_ppg,direct_lightgbm_plus_feature_expert_ppg_exp_diff,history_depth,second_year,spearman,568,9,0.7605319832899848,0.7154312477547689,0.045100735535215986
m4a_legacy_individual_features_20260728T045617Z_de1b0e93,conditional_ppg,direct_lightgbm_plus_feature_expert_ppg_exp_diff,history_depth,veteran_with_history,rmse,2574,9,3.0570867061624063,4.018822079009796,-0.9617353728473899
m4a_legacy_individual_features_20260728T045617Z_de1b0e93,conditional_ppg,direct_lightgbm_plus_feature_expert_ppg_exp_diff,history_depth,veteran_with_history,mae,2574,9,2.3995147502215226,2.9739951969693554,-0.5744804467478328
m4a_legacy_individual_features_20260728T045617Z_de1b0e93,conditional_ppg,direct_lightgbm_plus_feature_expert_ppg_exp_diff,history_depth,veteran_with_history,bias,2574,9,0.1925790212099755,-1.8547363189666835,2.047315340176659
m4a_legacy_individual_features_20260728T045617Z_de1b0e93,conditional_ppg,direct_lightgbm_plus_feature_expert_ppg_exp_diff,history_depth,veteran_with_history,spearman,2574,9,0.8310292381040684,0.7696548572471656,0.06137438085690272
m4a_legacy_individual_features_20260728T045617Z_de1b0e93,conditional_ppg,direct_lightgbm_plus_feature_expert_ppg_exp_diff,provider_depth,one,rmse,119,9,2.9036432500302976,5.335759809018117,-2.4321165589878193
m4a_legacy_individual_features_20260728T045617Z_de1b0e93,conditional_ppg,direct_lightgbm_plus_feature_expert_ppg_exp_diff,provider_depth,one,mae,119,9,2.3226155728698292,4.162035059985875,-1.839419487116046
m4a_legacy_individual_features_20260728T045617Z_de1b0e93,conditional_ppg,direct_lightgbm_plus_feature_expert_ppg_exp_diff,provider_depth,one,bias,119,9,0.2530931951720062,-4.075903666251912,4.328996861423918
m4a_legacy_individual_features_20260728T045617Z_de1b0e93,conditional_ppg,direct_lightgbm_plus_feature_expert_ppg_exp_diff,provider_depth,one,spearman,119,9,0.3238106090194262,0.0846903736327424,0.2391202353866838
m4a_legacy_individual_features_20260728T045617Z_de1b0e93,conditional_ppg,direct_lightgbm_plus_feature_expert_ppg_exp_diff,provider_depth,three_plus,rmse,3047,9,3.2729293178237846,4.234561588827272,-0.961632271003487
m4a_legacy_individual_features_20260728T045617Z_de1b0e93,conditional_ppg,direct_lightgbm_plus_feature_expert_ppg_exp_diff,provider_depth,three_plus,mae,3047,9,2.579494058877999,3.083413022185609,-0.5039189633076102
m4a_legacy_individual_features_20260728T045617Z_de1b0e93,conditional_ppg,direct_lightgbm_plus_feature_expert_ppg_exp_diff,provider_depth,three_plus,bias,3047,9,0.17494036458432174,-1.8601803512837727,2.0351207158680946
m4a_legacy_individual_features_20260728T045617Z_de1b0e93,conditional_ppg,direct_lightgbm_plus_feature_expert_ppg_exp_diff,provider_depth,three_plus,spearman,3047,9,0.81561793604003,0.7420132292410677,0.07360470679896225
m4a_legacy_individual_features_20260728T045617Z_de1b0e93,conditional_ppg,direct_lightgbm_plus_feature_expert_ppg_exp_diff,provider_depth,two,rmse,535,9,2.3556932739156062,3.8717805693613485,-1.5160872954457423
m4a_legacy_individual_features_20260728T045617Z_de1b0e93,conditional_ppg,direct_lightgbm_plus_feature_expert_ppg_exp_diff,provider_depth,two,mae,535,9,1.8513871111774431,3.0458937016186125,-1.1945065904411694
m4a_legacy_individual_features_20260728T045617Z_de1b0e93,conditional_ppg,direct_lightgbm_plus_feature_expert_ppg_exp_diff,provider_depth,two,bias,535,9,0.46634668598359,-2.8584785577785787,3.324825243762169
m4a_legacy_individual_features_20260728T045617Z_de1b0e93,conditional_ppg,direct_lightgbm_plus_feature_expert_ppg_exp_diff,provider_depth,two,spearman,535,9,0.2966791710451325,0.18403251077198343,0.11264666027314904
m4a_legacy_individual_features_20260728T045617Z_de1b0e93,conditional_ppg,direct_lightgbm_plus_feature_expert_ppg_exp_diff,provider_era,2017_2019,rmse,1199,3,3.239028844321635,4.503004396091149,-1.263975551769514
m4a_legacy_individual_features_20260728T045617Z_de1b0e93,conditional_ppg,direct_lightgbm_plus_feature_expert_ppg_exp_diff,provider_era,2017_2019,mae,1199,3,2.53595560982177,3.350291605304253,-0.8143359954824829
m4a_legacy_individual_features_20260728T045617Z_de1b0e93,conditional_ppg,direct_lightgbm_plus_feature_expert_ppg_exp_diff,provider_era,2017_2019,bias,1199,3,0.03790978400346722,-2.3847328396014364,2.4226426236049035
m4a_legacy_individual_features_20260728T045617Z_de1b0e93,conditional_ppg,direct_lightgbm_plus_feature_expert_ppg_exp_diff,provider_era,2017_2019,spearman,1199,3,0.7841562934314518,0.7186707029412654,0.06548559049018632
m4a_legacy_individual_features_20260728T045617Z_de1b0e93,conditional_ppg,direct_lightgbm_plus_feature_expert_ppg_exp_diff,provider_era,2020_2022,rmse,1263,3,3.0737480131438564,4.137612979315968,-1.0638649661721113
m4a_legacy_individual_features_20260728T045617Z_de1b0e93,conditional_ppg,direct_lightgbm_plus_feature_expert_ppg_exp_diff,provider_era,2020_2022,mae,1263,3,2.403562775405327,3.011228599272546,-0.6076658238672188
m4a_legacy_individual_features_20260728T045617Z_de1b0e93,conditional_ppg,direct_lightgbm_plus_feature_expert_ppg_exp_diff,provider_era,2020_2022,bias,1263,3,0.23511575541829646,-2.13084165634086,2.3659574117591564
m4a_legacy_individual_features_20260728T045617Z_de1b0e93,conditional_ppg,direct_lightgbm_plus_feature_expert_ppg_exp_diff,provider_era,2020_2022,spearman,1263,3,0.807969576688675,0.7457313838185303,0.06223819287014465
m4a_legacy_individual_features_20260728T045617Z_de1b0e93,conditional_ppg,direct_lightgbm_plus_feature_expert_ppg_exp_diff,provider_era,2023_plus,rmse,1239,3,3.12505471496976,4.028826907371568,-0.9037721924018078
m4a_legacy_individual_features_20260728T045617Z_de1b0e93,conditional_ppg,direct_lightgbm_plus_feature_expert_ppg_exp_diff,provider_era,2023_plus,mae,1239,3,2.461897654188438,2.986128672689914,-0.5242310185014758
m4a_legacy_individual_features_20260728T045617Z_de1b0e93,conditional_ppg,direct_lightgbm_plus_feature_expert_ppg_exp_diff,provider_era,2023_plus,bias,1239,3,0.379541426958557,-1.7205330172853468,2.1000744442439037
m4a_legacy_individual_features_20260728T045617Z_de1b0e93,conditional_ppg,direct_lightgbm_plus_feature_expert_ppg_exp_diff,provider_era,2023_plus,spearman,1239,3,0.8043008399595999,0.7342988709869787,0.07000196897262123
m4a_legacy_individual_features_20260728T045617Z_de1b0e93,conditional_ppg,direct_lightgbm_plus_feature_expert_ppg_exp_peer_mean,position,QB,rmse,380,9,3.5675736075135696,7.40325384335132,-3.83568023583775
m4a_legacy_individual_features_20260728T045617Z_de1b0e93,conditional_ppg,direct_lightgbm_plus_feature_expert_ppg_exp_peer_mean,position,QB,mae,380,9,2.817552819294328,5.406778790352811,-2.589225971058483
m4a_legacy_individual_features_20260728T045617Z_de1b0e93,conditional_ppg,direct_lightgbm_plus_feature_expert_ppg_exp_peer_mean,position,QB,bias,380,9,-0.33158896430168233,-4.351816669206204,4.020227704904522
m4a_legacy_individual_features_20260728T045617Z_de1b0e93,conditional_ppg,direct_lightgbm_plus_feature_expert_ppg_exp_peer_mean,position,QB,spearman,380,9,0.5855438158492768,0.6033518575734516,-0.017808041724174717
m4a_legacy_individual_features_20260728T045617Z_de1b0e93,conditional_ppg,direct_lightgbm_plus_feature_expert_ppg_exp_peer_mean,position,RB,rmse,1016,9,3.5404121419259025,4.177344718174207,-0.6369325762483045
m4a_legacy_individual_features_20260728T045617Z_de1b0e93,conditional_ppg,direct_lightgbm_plus_feature_expert_ppg_exp_peer_mean,position,RB,mae,1016,9,2.7991984343657967,3.1666944752693302,-0.3674960409035335
m4a_legacy_individual_features_20260728T045617Z_de1b0e93,conditional_ppg,direct_lightgbm_plus_feature_expert_ppg_exp_peer_mean,position,RB,bias,1016,9,0.11290529670813339,-2.074252054734232,2.187157351442365
m4a_legacy_individual_features_20260728T045617Z_de1b0e93,conditional_ppg,direct_lightgbm_plus_feature_expert_ppg_exp_peer_mean,position,RB,spearman,1016,9,0.73764848690891,0.7284272163676383,0.009221270541271753
m4a_legacy_individual_features_20260728T045617Z_de1b0e93,conditional_ppg,direct_lightgbm_plus_feature_expert_ppg_exp_peer_mean,position,TE,rmse,802,9,2.3173753775627612,2.9331861674511854,-0.6158107898884242
m4a_legacy_individual_features_20260728T045617Z_de1b0e93,conditional_ppg,direct_lightgbm_plus_feature_expert_ppg_exp_peer_mean,position,TE,mae,802,9,1.8177258655767534,2.3188478825601355,-0.5011220169833821
m4a_legacy_individual_features_20260728T045617Z_de1b0e93,conditional_ppg,direct_lightgbm_plus_feature_expert_ppg_exp_peer_mean,position,TE,bias,802,9,0.3091211450289017,-1.6125117927348234,1.9216329377637251
m4a_legacy_individual_features_20260728T045617Z_de1b0e93,conditional_ppg,direct_lightgbm_plus_feature_expert_ppg_exp_peer_mean,position,TE,spearman,802,9,0.6958957676766698,0.6893443768060465,0.006551390870623286
m4a_legacy_individual_features_20260728T045617Z_de1b0e93,conditional_ppg,direct_lightgbm_plus_feature_expert_ppg_exp_peer_mean,position,WR,rmse,1503,9,3.145109504297111,3.7011367089159544,-0.5560272046188435
m4a_legacy_individual_features_20260728T045617Z_de1b0e93,conditional_ppg,direct_lightgbm_plus_feature_expert_ppg_exp_peer_mean,position,WR,mae,1503,9,2.4982136134131676,2.9197213919380522,-0.42150777852488464
m4a_legacy_individual_features_20260728T045617Z_de1b0e93,conditional_ppg,direct_lightgbm_plus_feature_expert_ppg_exp_peer_mean,position,WR,bias,1503,9,0.2946331777998503,-1.7484519064374633,2.0430850842373136
m4a_legacy_individual_features_20260728T045617Z_de1b0e93,conditional_ppg,direct_lightgbm_plus_feature_expert_ppg_exp_peer_mean,position,WR,spearman,1503,9,0.7514197171398885,0.7533404253666947,-0.0019207082268061226
m4a_legacy_individual_features_20260728T045617Z_de1b0e93,conditional_ppg,direct_lightgbm_plus_feature_expert_ppg_exp_peer_mean,season,2017,rmse,407,1,3.1284892385615963,4.36645042925793,-1.2379611906963337
m4a_legacy_individual_features_20260728T045617Z_de1b0e93,conditional_ppg,direct_lightgbm_plus_feature_expert_ppg_exp_peer_mean,season,2017,mae,407,1,2.4368940904166023,3.155298194425311,-0.7184041040087088
m4a_legacy_individual_features_20260728T045617Z_de1b0e93,conditional_ppg,direct_lightgbm_plus_feature_expert_ppg_exp_peer_mean,season,2017,bias,407,1,0.3736738483135985,-2.001344182039299,2.375018030352898
m4a_legacy_individual_features_20260728T045617Z_de1b0e93,conditional_ppg,direct_lightgbm_plus_feature_expert_ppg_exp_peer_mean,season,2017,spearman,407,1,0.790951279096184,0.6896147256046201,0.1013365534915639
m4a_legacy_individual_features_20260728T045617Z_de1b0e93,conditional_ppg,direct_lightgbm_plus_feature_expert_ppg_exp_peer_mean,season,2018,rmse,405,1,3.422614103967788,4.714160529640733,-1.2915464256729448
m4a_legacy_individual_features_20260728T045617Z_de1b0e93,conditional_ppg,direct_lightgbm_plus_feature_expert_ppg_exp_peer_mean,season,2018,mae,405,1,2.629652997495767,3.591068328096669,-0.9614153306009019
m4a_legacy_individual_features_20260728T045617Z_de1b0e93,conditional_ppg,direct_lightgbm_plus_feature_expert_ppg_exp_peer_mean,season,2018,bias,405,1,-0.5565350526256546,-2.8137009099333685,2.257165857307714
m4a_legacy_individual_features_20260728T045617Z_de1b0e93,conditional_ppg,direct_lightgbm_plus_feature_expert_ppg_exp_peer_mean,season,2018,spearman,405,1,0.7829463158192868,0.7425066216425864,0.04043969417670035
m4a_legacy_individual_features_20260728T045617Z_de1b0e93,conditional_ppg,direct_lightgbm_plus_feature_expert_ppg_exp_peer_mean,season,2019,rmse,387,1,3.2365295297305834,4.417467076151702,-1.1809375464211187
m4a_legacy_individual_features_20260728T045617Z_de1b0e93,conditional_ppg,direct_lightgbm_plus_feature_expert_ppg_exp_peer_mean,season,2019,mae,387,1,2.5647949418810168,3.303386554908389,-0.7385916130273724
m4a_legacy_individual_features_20260728T045617Z_de1b0e93,conditional_ppg,direct_lightgbm_plus_feature_expert_ppg_exp_peer_mean,season,2019,bias,387,1,0.030382589077140972,-2.3390147908762615,2.3693973799534023
m4a_legacy_individual_features_20260728T045617Z_de1b0e93,conditional_ppg,direct_lightgbm_plus_feature_expert_ppg_exp_peer_mean,season,2019,spearman,387,1,0.7837505680625694,0.7230240158078952,0.06072655225467416
m4a_legacy_individual_features_20260728T045617Z_de1b0e93,conditional_ppg,direct_lightgbm_plus_feature_expert_ppg_exp_peer_mean,season,2020,rmse,420,1,3.2229954738274555,4.440195645661847,-1.2172001718343912
m4a_legacy_individual_features_20260728T045617Z_de1b0e93,conditional_ppg,direct_lightgbm_plus_feature_expert_ppg_exp_peer_mean,season,2020,mae,420,1,2.4648798407606622,3.1892739075546475,-0.7243940667939852
m4a_legacy_individual_features_20260728T045617Z_de1b0e93,conditional_ppg,direct_lightgbm_plus_feature_expert_ppg_exp_peer_mean,season,2020,bias,420,1,-0.11033657942782306,-2.50699336451964,2.3966567850918166
m4a_legacy_individual_features_20260728T045617Z_de1b0e93,conditional_ppg,direct_lightgbm_plus_feature_expert_ppg_exp_peer_mean,season,2020,spearman,420,1,0.8089087551221149,0.7558180220636451,0.053090733058469786
m4a_legacy_individual_features_20260728T045617Z_de1b0e93,conditional_ppg,direct_lightgbm_plus_feature_expert_ppg_exp_peer_mean,season,2021,rmse,417,1,3.098242703197088,4.1314790282308635,-1.0332363250337755
m4a_legacy_individual_features_20260728T045617Z_de1b0e93,conditional_ppg,direct_lightgbm_plus_feature_expert_ppg_exp_peer_mean,season,2021,mae,417,1,2.392972845344538,3.004519719344607,-0.6115468740000694
m4a_legacy_individual_features_20260728T045617Z_de1b0e93,conditional_ppg,direct_lightgbm_plus_feature_expert_ppg_exp_peer_mean,season,2021,bias,417,1,0.0948560479234867,-2.1396464537194677,2.2345025016429543
m4a_legacy_individual_features_20260728T045617Z_de1b0e93,conditional_ppg,direct_lightgbm_plus_feature_expert_ppg_exp_peer_mean,season,2021,spearman,417,1,0.7977717219809528,0.7425784631898492,0.055193258791103594
m4a_legacy_individual_features_20260728T045617Z_de1b0e93,conditional_ppg,direct_lightgbm_plus_feature_expert_ppg_exp_peer_mean,season,2022,rmse,426,1,2.886943389640392,3.8223751589851123,-0.9354317693447203
m4a_legacy_individual_features_20260728T045617Z_de1b0e93,conditional_ppg,direct_lightgbm_plus_feature_expert_ppg_exp_peer_mean,season,2022,mae,426,1,2.3551555589376836,2.842258114416837,-0.4871025554791535
m4a_legacy_individual_features_20260728T045617Z_de1b0e93,conditional_ppg,direct_lightgbm_plus_feature_expert_ppg_exp_peer_mean,season,2022,bias,426,1,0.653785527892415,-1.7513690790122993,2.4051546069047145
m4a_legacy_individual_features_20260728T045617Z_de1b0e93,conditional_ppg,direct_lightgbm_plus_feature_expert_ppg_exp_peer_mean,season,2022,spearman,426,1,0.8206265092263187,0.7428755546703996,0.07775095455591918
m4a_legacy_individual_features_20260728T045617Z_de1b0e93,conditional_ppg,direct_lightgbm_plus_feature_expert_ppg_exp_peer_mean,season,2023,rmse,415,1,3.2303288841642015,4.221586995253445,-0.9912581110892438
m4a_legacy_individual_features_20260728T045617Z_de1b0e93,conditional_ppg,direct_lightgbm_plus_feature_expert_ppg_exp_peer_mean,season,2023,mae,415,1,2.5176285812231405,3.0334052938510987,-0.5157767126279582
m4a_legacy_individual_features_20260728T045617Z_de1b0e93,conditional_ppg,direct_lightgbm_plus_feature_expert_ppg_exp_peer_mean,season,2023,bias,415,1,0.46976405330584386,-1.9127507670094155,2.3825148203152593
m4a_legacy_individual_features_20260728T045617Z_de1b0e93,conditional_ppg,direct_lightgbm_plus_feature_expert_ppg_exp_peer_mean,season,2023,spearman,415,1,0.800217895073707,0.6928791932643551,0.1073387018093519
m4a_legacy_individual_features_20260728T045617Z_de1b0e93,conditional_ppg,direct_lightgbm_plus_feature_expert_ppg_exp_peer_mean,season,2024,rmse,408,1,3.1809421533475546,4.2776523227631555,-1.096710169415601
m4a_legacy_individual_features_20260728T045617Z_de1b0e93,conditional_ppg,direct_lightgbm_plus_feature_expert_ppg_exp_peer_mean,season,2024,mae,408,1,2.5553949793008255,3.2002566358121665,-0.644861656511341
m4a_legacy_individual_features_20260728T045617Z_de1b0e93,conditional_ppg,direct_lightgbm_plus_feature_expert_ppg_exp_peer_mean,season,2024,bias,408,1,0.26887821487469077,-2.022226818172098,2.291105033046789
m4a_legacy_individual_features_20260728T045617Z_de1b0e93,conditional_ppg,direct_lightgbm_plus_feature_expert_ppg_exp_peer_mean,season,2024,spearman,408,1,0.8054447411115611,0.7254682010396428,0.07997654007191823
m4a_legacy_individual_features_20260728T045617Z_de1b0e93,conditional_ppg,direct_lightgbm_plus_feature_expert_ppg_exp_peer_mean,season,2025,rmse,416,1,2.9372841764448543,3.552154687210895,-0.6148705107660408
m4a_legacy_individual_features_20260728T045617Z_de1b0e93,conditional_ppg,direct_lightgbm_plus_feature_expert_ppg_exp_peer_mean,season,2025,mae,416,1,2.293397581751925,2.7289555795750813,-0.4355579978231563
m4a_legacy_individual_features_20260728T045617Z_de1b0e93,conditional_ppg,direct_lightgbm_plus_feature_expert_ppg_exp_peer_mean,season,2025,bias,416,1,0.3957440873718854,-1.2328853324361086,1.628629419807994
m4a_legacy_individual_features_20260728T045617Z_de1b0e93,conditional_ppg,direct_lightgbm_plus_feature_expert_ppg_exp_peer_mean,season,2025,spearman,416,1,0.8154742812556591,0.782469913058102,0.03300436819755714
m4a_legacy_individual_features_20260728T045617Z_de1b0e93,conditional_ppg,direct_lightgbm_plus_feature_expert_ppg_exp_peer_mean,history_depth,other_no_history,rmse,27,8,2.608746683347537,6.4683220498114276,-3.8595753664638908
m4a_legacy_individual_features_20260728T045617Z_de1b0e93,conditional_ppg,direct_lightgbm_plus_feature_expert_ppg_exp_peer_mean,history_depth,other_no_history,mae,27,8,2.046647429993569,4.461598216447073,-2.4149507864535043
m4a_legacy_individual_features_20260728T045617Z_de1b0e93,conditional_ppg,direct_lightgbm_plus_feature_expert_ppg_exp_peer_mean,history_depth,other_no_history,bias,27,8,0.6913323143211038,-4.368357475706332,5.059689790027435
m4a_legacy_individual_features_20260728T045617Z_de1b0e93,conditional_ppg,direct_lightgbm_plus_feature_expert_ppg_exp_peer_mean,history_depth,other_no_history,spearman,27,8,0.43101343101343104,0.3099630400605697,0.12105039095286135
m4a_legacy_individual_features_20260728T045617Z_de1b0e93,conditional_ppg,direct_lightgbm_plus_feature_expert_ppg_exp_peer_mean,history_depth,rookie,rmse,532,9,3.4848787009323323,4.9501399507842265,-1.4652612498518942
m4a_legacy_individual_features_20260728T045617Z_de1b0e93,conditional_ppg,direct_lightgbm_plus_feature_expert_ppg_exp_peer_mean,history_depth,rookie,mae,532,9,2.777734334005715,3.6281836185347482,-0.8504492845290335
m4a_legacy_individual_features_20260728T045617Z_de1b0e93,conditional_ppg,direct_lightgbm_plus_feature_expert_ppg_exp_peer_mean,history_depth,rookie,bias,532,9,0.22214906377752008,-2.8213558829459355,3.0435049467234556
m4a_legacy_individual_features_20260728T045617Z_de1b0e93,conditional_ppg,direct_lightgbm_plus_feature_expert_ppg_exp_peer_mean,history_depth,rookie,spearman,532,9,0.6425945247187905,0.5456141139567152,0.09698041076207531
m4a_legacy_individual_features_20260728T045617Z_de1b0e93,conditional_ppg,direct_lightgbm_plus_feature_expert_ppg_exp_peer_mean,history_depth,second_year,rmse,568,9,3.257741681642519,4.259843856007934,-1.0021021743654148
m4a_legacy_individual_features_20260728T045617Z_de1b0e93,conditional_ppg,direct_lightgbm_plus_feature_expert_ppg_exp_peer_mean,history_depth,second_year,mae,568,9,2.4975851142759784,3.194144907042518,-0.6965597927665397
m4a_legacy_individual_features_20260728T045617Z_de1b0e93,conditional_ppg,direct_lightgbm_plus_feature_expert_ppg_exp_peer_mean,history_depth,second_year,bias,568,9,0.1634986330815408,-2.2698764585662343,2.433375091647775
m4a_legacy_individual_features_20260728T045617Z_de1b0e93,conditional_ppg,direct_lightgbm_plus_feature_expert_ppg_exp_peer_mean,history_depth,second_year,spearman,568,9,0.7605042677153568,0.7154312477547689,0.04507301996058799
m4a_legacy_individual_features_20260728T045617Z_de1b0e93,conditional_ppg,direct_lightgbm_plus_feature_expert_ppg_exp_peer_mean,history_depth,veteran_with_history,rmse,2574,9,3.0581672667678026,4.018822079009796,-0.9606548122419936
m4a_legacy_individual_features_20260728T045617Z_de1b0e93,conditional_ppg,direct_lightgbm_plus_feature_expert_ppg_exp_peer_mean,history_depth,veteran_with_history,mae,2574,9,2.3992402465386244,2.9739951969693554,-0.574754950430731
m4a_legacy_individual_features_20260728T045617Z_de1b0e93,conditional_ppg,direct_lightgbm_plus_feature_expert_ppg_exp_peer_mean,history_depth,veteran_with_history,bias,2574,9,0.17472428188055658,-1.8547363189666835,2.0294606008472402
m4a_legacy_individual_features_20260728T045617Z_de1b0e93,conditional_ppg,direct_lightgbm_plus_feature_expert_ppg_exp_peer_mean,history_depth,veteran_with_history,spearman,2574,9,0.8323244239365859,0.7696548572471656,0.06266956668942025
m4a_legacy_individual_features_20260728T045617Z_de1b0e93,conditional_ppg,direct_lightgbm_plus_feature_expert_ppg_exp_peer_mean,provider_depth,one,rmse,119,9,2.913132064046147,5.335759809018117,-2.4226277449719698
m4a_legacy_individual_features_20260728T045617Z_de1b0e93,conditional_ppg,direct_lightgbm_plus_feature_expert_ppg_exp_peer_mean,provider_depth,one,mae,119,9,2.3083577488009026,4.162035059985875,-1.8536773111849727
m4a_legacy_individual_features_20260728T045617Z_de1b0e93,conditional_ppg,direct_lightgbm_plus_feature_expert_ppg_exp_peer_mean,provider_depth,one,bias,119,9,0.2151327348295943,-4.075903666251912,4.291036401081506
m4a_legacy_individual_features_20260728T045617Z_de1b0e93,conditional_ppg,direct_lightgbm_plus_feature_expert_ppg_exp_peer_mean,provider_depth,one,spearman,119,9,0.32500106824735625,0.0846903736327424,0.24031069461461385
m4a_legacy_individual_features_20260728T045617Z_de1b0e93,conditional_ppg,direct_lightgbm_plus_feature_expert_ppg_exp_peer_mean,provider_depth,three_plus,rmse,3047,9,3.2769155704830664,4.234561588827272,-0.9576460183442053
m4a_legacy_individual_features_20260728T045617Z_de1b0e93,conditional_ppg,direct_lightgbm_plus_feature_expert_ppg_exp_peer_mean,provider_depth,three_plus,mae,3047,9,2.5778278658198577,3.083413022185609,-0.5055851563657514
m4a_legacy_individual_features_20260728T045617Z_de1b0e93,conditional_ppg,direct_lightgbm_plus_feature_expert_ppg_exp_peer_mean,provider_depth,three_plus,bias,3047,9,0.1306797165546308,-1.8601803512837727,1.9908600678384034
m4a_legacy_individual_features_20260728T045617Z_de1b0e93,conditional_ppg,direct_lightgbm_plus_feature_expert_ppg_exp_peer_mean,provider_depth,three_plus,spearman,3047,9,0.8152903003858467,0.7420132292410677,0.073277071144779
m4a_legacy_individual_features_20260728T045617Z_de1b0e93,conditional_ppg,direct_lightgbm_plus_feature_expert_ppg_exp_peer_mean,provider_depth,two,rmse,535,9,2.374563444280077,3.8717805693613485,-1.4972171250812716
m4a_legacy_individual_features_20260728T045617Z_de1b0e93,conditional_ppg,direct_lightgbm_plus_feature_expert_ppg_exp_peer_mean,provider_depth,two,mae,535,9,1.865328610354443,3.0458937016186125,-1.1805650912641694
m4a_legacy_individual_features_20260728T045617Z_de1b0e93,conditional_ppg,direct_lightgbm_plus_feature_expert_ppg_exp_peer_mean,provider_depth,two,bias,535,9,0.4778970238887787,-2.8584785577785787,3.3363755816673573
m4a_legacy_individual_features_20260728T045617Z_de1b0e93,conditional_ppg,direct_lightgbm_plus_feature_expert_ppg_exp_peer_mean,provider_depth,two,spearman,535,9,0.2972138475604805,0.18403251077198343,0.1131813367884971
m4a_legacy_individual_features_20260728T045617Z_de1b0e93,conditional_ppg,direct_lightgbm_plus_feature_expert_ppg_exp_peer_mean,provider_era,2017_2019,rmse,1199,3,3.2650050346526833,4.503004396091149,-1.2379993614384657
m4a_legacy_individual_features_20260728T045617Z_de1b0e93,conditional_ppg,direct_lightgbm_plus_feature_expert_ppg_exp_peer_mean,provider_era,2017_2019,mae,1199,3,2.5432869068334414,3.350291605304253,-0.8070046984708115
m4a_legacy_individual_features_20260728T045617Z_de1b0e93,conditional_ppg,direct_lightgbm_plus_feature_expert_ppg_exp_peer_mean,provider_era,2017_2019,bias,1199,3,-0.05133726278307086,-2.3847328396014364,2.3333955768183654
m4a_legacy_individual_features_20260728T045617Z_de1b0e93,conditional_ppg,direct_lightgbm_plus_feature_expert_ppg_exp_peer_mean,provider_era,2017_2019,spearman,1199,3,0.7845525421153196,0.7186707029412654,0.0658818391740541
m4a_legacy_individual_features_20260728T045617Z_de1b0e93,conditional_ppg,direct_lightgbm_plus_feature_expert_ppg_exp_peer_mean,provider_era,2020_2022,rmse,1263,3,3.0716096151862744,4.137612979315968,-1.0660033641296933
m4a_legacy_individual_features_20260728T045617Z_de1b0e93,conditional_ppg,direct_lightgbm_plus_feature_expert_ppg_exp_peer_mean,provider_era,2020_2022,mae,1263,3,2.404129436053527,3.011228599272546,-0.607099163219019
m4a_legacy_individual_features_20260728T045617Z_de1b0e93,conditional_ppg,direct_lightgbm_plus_feature_expert_ppg_exp_peer_mean,provider_era,2020_2022,bias,1263,3,0.21514350238050434,-2.13084165634086,2.3459851587213643
m4a_legacy_individual_features_20260728T045617Z_de1b0e93,conditional_ppg,direct_lightgbm_plus_feature_expert_ppg_exp_peer_mean,provider_era,2020_2022,spearman,1263,3,0.8082003866202075,0.7457313838185303,0.06246900280167722
m4a_legacy_individual_features_20260728T045617Z_de1b0e93,conditional_ppg,direct_lightgbm_plus_feature_expert_ppg_exp_peer_mean,provider_era,2023_plus,rmse,1239,3,3.1183200934284336,4.028826907371568,-0.910506813943134
m4a_legacy_individual_features_20260728T045617Z_de1b0e93,conditional_ppg,direct_lightgbm_plus_feature_expert_ppg_exp_peer_mean,provider_era,2023_plus,mae,1239,3,2.4547783751179506,2.986128672689914,-0.5313502975719633
m4a_legacy_individual_features_20260728T045617Z_de1b0e93,conditional_ppg,direct_lightgbm_plus_feature_expert_ppg_exp_peer_mean,provider_era,2023_plus,bias,1239,3,0.3787602373991149,-1.7205330172853468,2.099293254684462
m4a_legacy_individual_features_20260728T045617Z_de1b0e93,conditional_ppg,direct_lightgbm_plus_feature_expert_ppg_exp_peer_mean,provider_era,2023_plus,spearman,1239,3,0.804890389772905,0.7342988709869787,0.07059151878592629
m4a_legacy_individual_features_20260728T045617Z_de1b0e93,conditional_ppg,direct_lightgbm_plus_feature_expert_ppg_exp_percentile,position,QB,rmse,380,9,3.569096519067628,7.40325384335132,-3.8341573242836917
m4a_legacy_individual_features_20260728T045617Z_de1b0e93,conditional_ppg,direct_lightgbm_plus_feature_expert_ppg_exp_percentile,position,QB,mae,380,9,2.8379408822770955,5.406778790352811,-2.5688379080757153
m4a_legacy_individual_features_20260728T045617Z_de1b0e93,conditional_ppg,direct_lightgbm_plus_feature_expert_ppg_exp_percentile,position,QB,bias,380,9,-0.23398532868206406,-4.351816669206204,4.117831340524139
m4a_legacy_individual_features_20260728T045617Z_de1b0e93,conditional_ppg,direct_lightgbm_plus_feature_expert_ppg_exp_percentile,position,QB,spearman,380,9,0.5842978164831565,0.6033518575734516,-0.01905404109029507
m4a_legacy_individual_features_20260728T045617Z_de1b0e93,conditional_ppg,direct_lightgbm_plus_feature_expert_ppg_exp_percentile,position,RB,rmse,1016,9,3.5353165570747205,4.177344718174207,-0.6420281610994865
m4a_legacy_individual_features_20260728T045617Z_de1b0e93,conditional_ppg,direct_lightgbm_plus_feature_expert_ppg_exp_percentile,position,RB,mae,1016,9,2.7930320727394067,3.1666944752693302,-0.37366240252992355
m4a_legacy_individual_features_20260728T045617Z_de1b0e93,conditional_ppg,direct_lightgbm_plus_feature_expert_ppg_exp_percentile,position,RB,bias,1016,9,0.12490843412637043,-2.074252054734232,2.1991604888606022
m4a_legacy_individual_features_20260728T045617Z_de1b0e93,conditional_ppg,direct_lightgbm_plus_feature_expert_ppg_exp_percentile,position,RB,spearman,1016,9,0.7383098783597459,0.7284272163676383,0.009882661992107633
m4a_legacy_individual_features_20260728T045617Z_de1b0e93,conditional_ppg,direct_lightgbm_plus_feature_expert_ppg_exp_percentile,position,TE,rmse,802,9,2.31748501682815,2.9331861674511854,-0.6157011506230354
m4a_legacy_individual_features_20260728T045617Z_de1b0e93,conditional_ppg,direct_lightgbm_plus_feature_expert_ppg_exp_percentile,position,TE,mae,802,9,1.8172683505304428,2.3188478825601355,-0.5015795320296927
m4a_legacy_individual_features_20260728T045617Z_de1b0e93,conditional_ppg,direct_lightgbm_plus_feature_expert_ppg_exp_percentile,position,TE,bias,802,9,0.2980940487009695,-1.6125117927348234,1.910605841435793
m4a_legacy_individual_features_20260728T045617Z_de1b0e93,conditional_ppg,direct_lightgbm_plus_feature_expert_ppg_exp_percentile,position,TE,spearman,802,9,0.6936958614682648,0.6893443768060465,0.004351484662218241
m4a_legacy_individual_features_20260728T045617Z_de1b0e93,conditional_ppg,direct_lightgbm_plus_feature_expert_ppg_exp_percentile,position,WR,rmse,1503,9,3.1458794855583547,3.7011367089159544,-0.5552572233575996
m4a_legacy_individual_features_20260728T045617Z_de1b0e93,conditional_ppg,direct_lightgbm_plus_feature_expert_ppg_exp_percentile,position,WR,mae,1503,9,2.506080796355764,2.9197213919380522,-0.4136405955822884
m4a_legacy_individual_features_20260728T045617Z_de1b0e93,conditional_ppg,direct_lightgbm_plus_feature_expert_ppg_exp_percentile,position,WR,bias,1503,9,0.32036246422906134,-1.7484519064374633,2.0688143706665247
m4a_legacy_individual_features_20260728T045617Z_de1b0e93,conditional_ppg,direct_lightgbm_plus_feature_expert_ppg_exp_percentile,position,WR,spearman,1503,9,0.7494411428215604,0.7533404253666947,-0.003899282545134275
m4a_legacy_individual_features_20260728T045617Z_de1b0e93,conditional_ppg,direct_lightgbm_plus_feature_expert_ppg_exp_percentile,season,2017,rmse,407,1,3.1372077815319086,4.36645042925793,-1.2292426477260214
m4a_legacy_individual_features_20260728T045617Z_de1b0e93,conditional_ppg,direct_lightgbm_plus_feature_expert_ppg_exp_percentile,season,2017,mae,407,1,2.4769737284787254,3.155298194425311,-0.6783244659465857
m4a_legacy_individual_features_20260728T045617Z_de1b0e93,conditional_ppg,direct_lightgbm_plus_feature_expert_ppg_exp_percentile,season,2017,bias,407,1,0.508789614330083,-2.001344182039299,2.510133796369382
m4a_legacy_individual_features_20260728T045617Z_de1b0e93,conditional_ppg,direct_lightgbm_plus_feature_expert_ppg_exp_percentile,season,2017,spearman,407,1,0.7828066538622719,0.6896147256046201,0.09319192825765177
m4a_legacy_individual_features_20260728T045617Z_de1b0e93,conditional_ppg,direct_lightgbm_plus_feature_expert_ppg_exp_percentile,season,2018,rmse,405,1,3.383468887829098,4.714160529640733,-1.3306916418116348
m4a_legacy_individual_features_20260728T045617Z_de1b0e93,conditional_ppg,direct_lightgbm_plus_feature_expert_ppg_exp_percentile,season,2018,mae,405,1,2.6165331584444926,3.591068328096669,-0.9745351696521762
m4a_legacy_individual_features_20260728T045617Z_de1b0e93,conditional_ppg,direct_lightgbm_plus_feature_expert_ppg_exp_percentile,season,2018,bias,405,1,-0.48625205322168635,-2.8137009099333685,2.327448856711682
m4a_legacy_individual_features_20260728T045617Z_de1b0e93,conditional_ppg,direct_lightgbm_plus_feature_expert_ppg_exp_percentile,season,2018,spearman,405,1,0.7810993797608335,0.7425066216425864,0.03859275811824714
m4a_legacy_individual_features_20260728T045617Z_de1b0e93,conditional_ppg,direct_lightgbm_plus_feature_expert_ppg_exp_percentile,season,2019,rmse,387,1,3.2449135108457896,4.417467076151702,-1.1725535653059125
m4a_legacy_individual_features_20260728T045617Z_de1b0e93,conditional_ppg,direct_lightgbm_plus_feature_expert_ppg_exp_percentile,season,2019,mae,387,1,2.573366203848504,3.303386554908389,-0.7300203510598853
m4a_legacy_individual_features_20260728T045617Z_de1b0e93,conditional_ppg,direct_lightgbm_plus_feature_expert_ppg_exp_percentile,season,2019,bias,387,1,0.023706248051502815,-2.3390147908762615,2.362721038927764
m4a_legacy_individual_features_20260728T045617Z_de1b0e93,conditional_ppg,direct_lightgbm_plus_feature_expert_ppg_exp_percentile,season,2019,spearman,387,1,0.7855954898692307,0.7230240158078952,0.06257147406133545
m4a_legacy_individual_features_20260728T045617Z_de1b0e93,conditional_ppg,direct_lightgbm_plus_feature_expert_ppg_exp_percentile,season,2020,rmse,420,1,3.239018240858844,4.440195645661847,-1.2011774048030026
m4a_legacy_individual_features_20260728T045617Z_de1b0e93,conditional_ppg,direct_lightgbm_plus_feature_expert_ppg_exp_percentile,season,2020,mae,420,1,2.473657516209726,3.1892739075546475,-0.7156163913449216
m4a_legacy_individual_features_20260728T045617Z_de1b0e93,conditional_ppg,direct_lightgbm_plus_feature_expert_ppg_exp_percentile,season,2020,bias,420,1,-0.09134179151164315,-2.50699336451964,2.4156515730079966
m4a_legacy_individual_features_20260728T045617Z_de1b0e93,conditional_ppg,direct_lightgbm_plus_feature_expert_ppg_exp_percentile,season,2020,spearman,420,1,0.807555701077298,0.7558180220636451,0.05173767901365289
m4a_legacy_individual_features_20260728T045617Z_de1b0e93,conditional_ppg,direct_lightgbm_plus_feature_expert_ppg_exp_percentile,season,2021,rmse,417,1,3.11679348760927,4.1314790282308635,-1.0146855406215933
m4a_legacy_individual_features_20260728T045617Z_de1b0e93,conditional_ppg,direct_lightgbm_plus_feature_expert_ppg_exp_percentile,season,2021,mae,417,1,2.4082116661287563,3.004519719344607,-0.5963080532158509
m4a_legacy_individual_features_20260728T045617Z_de1b0e93,conditional_ppg,direct_lightgbm_plus_feature_expert_ppg_exp_percentile,season,2021,bias,417,1,0.09170589903755488,-2.1396464537194677,2.2313523527570225
m4a_legacy_individual_features_20260728T045617Z_de1b0e93,conditional_ppg,direct_lightgbm_plus_feature_expert_ppg_exp_percentile,season,2021,spearman,417,1,0.7944540719156105,0.7425784631898492,0.051875608725761246
m4a_legacy_individual_features_20260728T045617Z_de1b0e93,conditional_ppg,direct_lightgbm_plus_feature_expert_ppg_exp_percentile,season,2022,rmse,426,1,2.889075017922952,3.8223751589851123,-0.9333001410621602
m4a_legacy_individual_features_20260728T045617Z_de1b0e93,conditional_ppg,direct_lightgbm_plus_feature_expert_ppg_exp_percentile,season,2022,mae,426,1,2.3514747563576583,2.842258114416837,-0.4907833580591787
m4a_legacy_individual_features_20260728T045617Z_de1b0e93,conditional_ppg,direct_lightgbm_plus_feature_expert_ppg_exp_percentile,season,2022,bias,426,1,0.6599485073700353,-1.7513690790122993,2.4113175863823346
m4a_legacy_individual_features_20260728T045617Z_de1b0e93,conditional_ppg,direct_lightgbm_plus_feature_expert_ppg_exp_percentile,season,2022,spearman,426,1,0.8205025957127666,0.7428755546703996,0.07762704104236706
m4a_legacy_individual_features_20260728T045617Z_de1b0e93,conditional_ppg,direct_lightgbm_plus_feature_expert_ppg_exp_percentile,season,2023,rmse,415,1,3.2166087035362625,4.221586995253445,-1.0049782917171828
m4a_legacy_individual_features_20260728T045617Z_de1b0e93,conditional_ppg,direct_lightgbm_plus_feature_expert_ppg_exp_percentile,season,2023,mae,415,1,2.5102071908950228,3.0334052938510987,-0.5231981029560759
m4a_legacy_individual_features_20260728T045617Z_de1b0e93,conditional_ppg,direct_lightgbm_plus_feature_expert_ppg_exp_percentile,season,2023,bias,415,1,0.47089479269472684,-1.9127507670094155,2.383645559704142
m4a_legacy_individual_features_20260728T045617Z_de1b0e93,conditional_ppg,direct_lightgbm_plus_feature_expert_ppg_exp_percentile,season,2023,spearman,415,1,0.8007923419398537,0.6928791932643551,0.10791314867549862
m4a_legacy_individual_features_20260728T045617Z_de1b0e93,conditional_ppg,direct_lightgbm_plus_feature_expert_ppg_exp_percentile,season,2024,rmse,408,1,3.171261383958969,4.2776523227631555,-1.1063909388041866
m4a_legacy_individual_features_20260728T045617Z_de1b0e93,conditional_ppg,direct_lightgbm_plus_feature_expert_ppg_exp_percentile,season,2024,mae,408,1,2.549678175196018,3.2002566358121665,-0.6505784606161487
m4a_legacy_individual_features_20260728T045617Z_de1b0e93,conditional_ppg,direct_lightgbm_plus_feature_expert_ppg_exp_percentile,season,2024,bias,408,1,0.2682567057404497,-2.022226818172098,2.2904835239125476
m4a_legacy_individual_features_20260728T045617Z_de1b0e93,conditional_ppg,direct_lightgbm_plus_feature_expert_ppg_exp_percentile,season,2024,spearman,408,1,0.8059223607817347,0.7254682010396428,0.08045415974209191
m4a_legacy_individual_features_20260728T045617Z_de1b0e93,conditional_ppg,direct_lightgbm_plus_feature_expert_ppg_exp_percentile,season,2025,rmse,416,1,2.939253367079482,3.552154687210895,-0.6129013201314133
m4a_legacy_individual_features_20260728T045617Z_de1b0e93,conditional_ppg,direct_lightgbm_plus_feature_expert_ppg_exp_percentile,season,2025,mae,416,1,2.2827318994540415,2.7289555795750813,-0.44622368012103975
m4a_legacy_individual_features_20260728T045617Z_de1b0e93,conditional_ppg,direct_lightgbm_plus_feature_expert_ppg_exp_percentile,season,2025,bias,416,1,0.3686615360104615,-1.2328853324361086,1.6015468684465701
m4a_legacy_individual_features_20260728T045617Z_de1b0e93,conditional_ppg,direct_lightgbm_plus_feature_expert_ppg_exp_percentile,season,2025,spearman,416,1,0.8153400975532532,0.782469913058102,0.03287018449515122
m4a_legacy_individual_features_20260728T045617Z_de1b0e93,conditional_ppg,direct_lightgbm_plus_feature_expert_ppg_exp_percentile,history_depth,other_no_history,rmse,27,8,2.6630711859726595,6.4683220498114276,-3.805250863838768
m4a_legacy_individual_features_20260728T045617Z_de1b0e93,conditional_ppg,direct_lightgbm_plus_feature_expert_ppg_exp_percentile,history_depth,other_no_history,mae,27,8,2.094517478955091,4.461598216447073,-2.3670807374919822
m4a_legacy_individual_features_20260728T045617Z_de1b0e93,conditional_ppg,direct_lightgbm_plus_feature_expert_ppg_exp_percentile,history_depth,other_no_history,bias,27,8,0.7684395726459338,-4.368357475706332,5.136797048352266
m4a_legacy_individual_features_20260728T045617Z_de1b0e93,conditional_ppg,direct_lightgbm_plus_feature_expert_ppg_exp_percentile,history_depth,other_no_history,spearman,27,8,0.4126984126984126,0.3099630400605697,0.10273537263784294
m4a_legacy_individual_features_20260728T045617Z_de1b0e93,conditional_ppg,direct_lightgbm_plus_feature_expert_ppg_exp_percentile,history_depth,rookie,rmse,532,9,3.4744458196986416,4.9501399507842265,-1.475694131085585
m4a_legacy_individual_features_20260728T045617Z_de1b0e93,conditional_ppg,direct_lightgbm_plus_feature_expert_ppg_exp_percentile,history_depth,rookie,mae,532,9,2.7856336172025835,3.6281836185347482,-0.8425500013321647
m4a_legacy_individual_features_20260728T045617Z_de1b0e93,conditional_ppg,direct_lightgbm_plus_feature_expert_ppg_exp_percentile,history_depth,rookie,bias,532,9,0.3120004864454539,-2.8213558829459355,3.1333563693913895
m4a_legacy_individual_features_20260728T045617Z_de1b0e93,conditional_ppg,direct_lightgbm_plus_feature_expert_ppg_exp_percentile,history_depth,rookie,spearman,532,9,0.6404414144369603,0.5456141139567152,0.09482730048024512
m4a_legacy_individual_features_20260728T045617Z_de1b0e93,conditional_ppg,direct_lightgbm_plus_feature_expert_ppg_exp_percentile,history_depth,second_year,rmse,568,9,3.245071657911082,4.259843856007934,-1.014772198096852
m4a_legacy_individual_features_20260728T045617Z_de1b0e93,conditional_ppg,direct_lightgbm_plus_feature_expert_ppg_exp_percentile,history_depth,second_year,mae,568,9,2.5010009818348524,3.194144907042518,-0.6931439252076657
m4a_legacy_individual_features_20260728T045617Z_de1b0e93,conditional_ppg,direct_lightgbm_plus_feature_expert_ppg_exp_percentile,history_depth,second_year,bias,568,9,0.20589460098461543,-2.2698764585662343,2.4757710595508495
m4a_legacy_individual_features_20260728T045617Z_de1b0e93,conditional_ppg,direct_lightgbm_plus_feature_expert_ppg_exp_percentile,history_depth,second_year,spearman,568,9,0.7600141000960392,0.7154312477547689,0.04458285234127035
m4a_legacy_individual_features_20260728T045617Z_de1b0e93,conditional_ppg,direct_lightgbm_plus_feature_expert_ppg_exp_percentile,history_depth,veteran_with_history,rmse,2574,9,3.061524151615468,4.018822079009796,-0.9572979273943281
m4a_legacy_individual_features_20260728T045617Z_de1b0e93,conditional_ppg,direct_lightgbm_plus_feature_expert_ppg_exp_percentile,history_depth,veteran_with_history,mae,2574,9,2.4013788505248264,2.9739951969693554,-0.5726163464445291
m4a_legacy_individual_features_20260728T045617Z_de1b0e93,conditional_ppg,direct_lightgbm_plus_feature_expert_ppg_exp_percentile,history_depth,veteran_with_history,bias,2574,9,0.1767243567824326,-1.8547363189666835,2.0314606757491163
m4a_legacy_individual_features_20260728T045617Z_de1b0e93,conditional_ppg,direct_lightgbm_plus_feature_expert_ppg_exp_percentile,history_depth,veteran_with_history,spearman,2574,9,0.8315244474359904,0.7696548572471656,0.06186959018882476
m4a_legacy_individual_features_20260728T045617Z_de1b0e93,conditional_ppg,direct_lightgbm_plus_feature_expert_ppg_exp_percentile,provider_depth,one,rmse,119,9,2.909504835116695,5.335759809018117,-2.426254973901422
m4a_legacy_individual_features_20260728T045617Z_de1b0e93,conditional_ppg,direct_lightgbm_plus_feature_expert_ppg_exp_percentile,provider_depth,one,mae,119,9,2.3319820563586524,4.162035059985875,-1.830053003627223
m4a_legacy_individual_features_20260728T045617Z_de1b0e93,conditional_ppg,direct_lightgbm_plus_feature_expert_ppg_exp_percentile,provider_depth,one,bias,119,9,0.26874934604472134,-4.075903666251912,4.344653012296633
m4a_legacy_individual_features_20260728T045617Z_de1b0e93,conditional_ppg,direct_lightgbm_plus_feature_expert_ppg_exp_percentile,provider_depth,one,spearman,119,9,0.3280764286944276,0.0846903736327424,0.2433860550616852
m4a_legacy_individual_features_20260728T045617Z_de1b0e93,conditional_ppg,direct_lightgbm_plus_feature_expert_ppg_exp_percentile,provider_depth,three_plus,rmse,3047,9,3.275709503646095,4.234561588827272,-0.9588520851811766
m4a_legacy_individual_features_20260728T045617Z_de1b0e93,conditional_ppg,direct_lightgbm_plus_feature_expert_ppg_exp_percentile,provider_depth,three_plus,mae,3047,9,2.5812388534752917,3.083413022185609,-0.5021741687103174
m4a_legacy_individual_features_20260728T045617Z_de1b0e93,conditional_ppg,direct_lightgbm_plus_feature_expert_ppg_exp_percentile,provider_depth,three_plus,bias,3047,9,0.1540754736974292,-1.8601803512837727,2.014255824981202
m4a_legacy_individual_features_20260728T045617Z_de1b0e93,conditional_ppg,direct_lightgbm_plus_feature_expert_ppg_exp_percentile,provider_depth,three_plus,spearman,3047,9,0.8149653361567881,0.7420132292410677,0.0729521069157204
m4a_legacy_individual_features_20260728T045617Z_de1b0e93,conditional_ppg,direct_lightgbm_plus_feature_expert_ppg_exp_percentile,provider_depth,two,rmse,535,9,2.3752637578273283,3.8717805693613485,-1.4965168115340202
m4a_legacy_individual_features_20260728T045617Z_de1b0e93,conditional_ppg,direct_lightgbm_plus_feature_expert_ppg_exp_percentile,provider_depth,two,mae,535,9,1.8648338765808747,3.0458937016186125,-1.1810598250377378
m4a_legacy_individual_features_20260728T045617Z_de1b0e93,conditional_ppg,direct_lightgbm_plus_feature_expert_ppg_exp_percentile,provider_depth,two,bias,535,9,0.48059741015378704,-2.8584785577785787,3.3390759679323656
m4a_legacy_individual_features_20260728T045617Z_de1b0e93,conditional_ppg,direct_lightgbm_plus_feature_expert_ppg_exp_percentile,provider_depth,two,spearman,535,9,0.2950738072967964,0.18403251077198343,0.11104129652481295
m4a_legacy_individual_features_20260728T045617Z_de1b0e93,conditional_ppg,direct_lightgbm_plus_feature_expert_ppg_exp_percentile,provider_era,2017_2019,rmse,1199,3,3.25673870166437,4.503004396091149,-1.246265694426779
m4a_legacy_individual_features_20260728T045617Z_de1b0e93,conditional_ppg,direct_lightgbm_plus_feature_expert_ppg_exp_percentile,provider_era,2017_2019,mae,1199,3,2.5552268203087842,3.350291605304253,-0.7950647849954686
m4a_legacy_individual_features_20260728T045617Z_de1b0e93,conditional_ppg,direct_lightgbm_plus_feature_expert_ppg_exp_percentile,provider_era,2017_2019,bias,1199,3,0.016113102146365608,-2.3847328396014364,2.400845941747802
m4a_legacy_individual_features_20260728T045617Z_de1b0e93,conditional_ppg,direct_lightgbm_plus_feature_expert_ppg_exp_percentile,provider_era,2017_2019,spearman,1199,3,0.781546077395703,0.7186707029412654,0.06287537445443758
m4a_legacy_individual_features_20260728T045617Z_de1b0e93,conditional_ppg,direct_lightgbm_plus_feature_expert_ppg_exp_percentile,provider_era,2020_2022,rmse,1263,3,3.084061564872091,4.137612979315968,-1.0535514144438767
m4a_legacy_individual_features_20260728T045617Z_de1b0e93,conditional_ppg,direct_lightgbm_plus_feature_expert_ppg_exp_percentile,provider_era,2020_2022,mae,1263,3,2.410838216779207,3.011228599272546,-0.6003903824933388
m4a_legacy_individual_features_20260728T045617Z_de1b0e93,conditional_ppg,direct_lightgbm_plus_feature_expert_ppg_exp_percentile,provider_era,2020_2022,bias,1263,3,0.22249871069153235,-2.13084165634086,2.3533403670323922
m4a_legacy_individual_features_20260728T045617Z_de1b0e93,conditional_ppg,direct_lightgbm_plus_feature_expert_ppg_exp_percentile,provider_era,2020_2022,spearman,1263,3,0.8066622746308689,0.7457313838185303,0.0609308908123386
m4a_legacy_individual_features_20260728T045617Z_de1b0e93,conditional_ppg,direct_lightgbm_plus_feature_expert_ppg_exp_percentile,provider_era,2023_plus,rmse,1239,3,3.110936915034042,4.028826907371568,-0.9178899923375257
m4a_legacy_individual_features_20260728T045617Z_de1b0e93,conditional_ppg,direct_lightgbm_plus_feature_expert_ppg_exp_percentile,provider_era,2023_plus,mae,1239,3,2.4468290152334875,2.986128672689914,-0.5392996574564264
m4a_legacy_individual_features_20260728T045617Z_de1b0e93,conditional_ppg,direct_lightgbm_plus_feature_expert_ppg_exp_percentile,provider_era,2023_plus,bias,1239,3,0.3698412218650259,-1.7205330172853468,2.0903742391503726
m4a_legacy_individual_features_20260728T045617Z_de1b0e93,conditional_ppg,direct_lightgbm_plus_feature_expert_ppg_exp_percentile,provider_era,2023_plus,spearman,1239,3,0.8051546254806144,0.7342988709869787,0.07085575449363579
m4a_legacy_individual_features_20260728T045617Z_de1b0e93,conditional_ppg,direct_lightgbm_plus_feature_team_receiving_yard_share,position,QB,rmse,380,9,3.5817778973192684,7.40325384335132,-3.8214759460320513
m4a_legacy_individual_features_20260728T045617Z_de1b0e93,conditional_ppg,direct_lightgbm_plus_feature_team_receiving_yard_share,position,QB,mae,380,9,2.839690924767949,5.406778790352811,-2.567087865584862
m4a_legacy_individual_features_20260728T045617Z_de1b0e93,conditional_ppg,direct_lightgbm_plus_feature_team_receiving_yard_share,position,QB,bias,380,9,-0.17115887283415435,-4.351816669206204,4.180657796372049
m4a_legacy_individual_features_20260728T045617Z_de1b0e93,conditional_ppg,direct_lightgbm_plus_feature_team_receiving_yard_share,position,QB,spearman,380,9,0.5832873487216542,0.6033518575734516,-0.020064508851797336
m4a_legacy_individual_features_20260728T045617Z_de1b0e93,conditional_ppg,direct_lightgbm_plus_feature_team_receiving_yard_share,position,RB,rmse,1016,9,3.5427196865348765,4.177344718174207,-0.6346250316393305
m4a_legacy_individual_features_20260728T045617Z_de1b0e93,conditional_ppg,direct_lightgbm_plus_feature_team_receiving_yard_share,position,RB,mae,1016,9,2.800118342377246,3.1666944752693302,-0.36657613289208424
m4a_legacy_individual_features_20260728T045617Z_de1b0e93,conditional_ppg,direct_lightgbm_plus_feature_team_receiving_yard_share,position,RB,bias,1016,9,0.07187932836237856,-2.074252054734232,2.1461313830966104
m4a_legacy_individual_features_20260728T045617Z_de1b0e93,conditional_ppg,direct_lightgbm_plus_feature_team_receiving_yard_share,position,RB,spearman,1016,9,0.736792195102622,0.7284272163676383,0.008364978734983652
m4a_legacy_individual_features_20260728T045617Z_de1b0e93,conditional_ppg,direct_lightgbm_plus_feature_team_receiving_yard_share,position,TE,rmse,802,9,2.302918076635504,2.9331861674511854,-0.6302680908156812
m4a_legacy_individual_features_20260728T045617Z_de1b0e93,conditional_ppg,direct_lightgbm_plus_feature_team_receiving_yard_share,position,TE,mae,802,9,1.8042300822760813,2.3188478825601355,-0.5146178002840542
m4a_legacy_individual_features_20260728T045617Z_de1b0e93,conditional_ppg,direct_lightgbm_plus_feature_team_receiving_yard_share,position,TE,bias,802,9,0.2620749620825955,-1.6125117927348234,1.8745867548174189
m4a_legacy_individual_features_20260728T045617Z_de1b0e93,conditional_ppg,direct_lightgbm_plus_feature_team_receiving_yard_share,position,TE,spearman,802,9,0.6937072024786417,0.6893443768060465,0.004362825672595161
m4a_legacy_individual_features_20260728T045617Z_de1b0e93,conditional_ppg,direct_lightgbm_plus_feature_team_receiving_yard_share,position,WR,rmse,1503,9,3.138366603925538,3.7011367089159544,-0.5627701049904164
m4a_legacy_individual_features_20260728T045617Z_de1b0e93,conditional_ppg,direct_lightgbm_plus_feature_team_receiving_yard_share,position,WR,mae,1503,9,2.4960256310038256,2.9197213919380522,-0.4236957609342267
m4a_legacy_individual_features_20260728T045617Z_de1b0e93,conditional_ppg,direct_lightgbm_plus_feature_team_receiving_yard_share,position,WR,bias,1503,9,0.33452388738634564,-1.7484519064374633,2.0829757938238087
m4a_legacy_individual_features_20260728T045617Z_de1b0e93,conditional_ppg,direct_lightgbm_plus_feature_team_receiving_yard_share,position,WR,spearman,1503,9,0.7508978491555474,0.7533404253666947,-0.002442576211147296
m4a_legacy_individual_features_20260728T045617Z_de1b0e93,conditional_ppg,direct_lightgbm_plus_feature_team_receiving_yard_share,season,2017,rmse,407,1,3.136266115851672,4.36645042925793,-1.2301843134062582
m4a_legacy_individual_features_20260728T045617Z_de1b0e93,conditional_ppg,direct_lightgbm_plus_feature_team_receiving_yard_share,season,2017,mae,407,1,2.462698149473789,3.155298194425311,-0.6926000449515222
m4a_legacy_individual_features_20260728T045617Z_de1b0e93,conditional_ppg,direct_lightgbm_plus_feature_team_receiving_yard_share,season,2017,bias,407,1,0.44625735490476304,-2.001344182039299,2.4476015369440622
m4a_legacy_individual_features_20260728T045617Z_de1b0e93,conditional_ppg,direct_lightgbm_plus_feature_team_receiving_yard_share,season,2017,spearman,407,1,0.7868371778081014,0.6896147256046201,0.09722245220348125
m4a_legacy_individual_features_20260728T045617Z_de1b0e93,conditional_ppg,direct_lightgbm_plus_feature_team_receiving_yard_share,season,2018,rmse,405,1,3.353200156086352,4.714160529640733,-1.3609603735543807
m4a_legacy_individual_features_20260728T045617Z_de1b0e93,conditional_ppg,direct_lightgbm_plus_feature_team_receiving_yard_share,season,2018,mae,405,1,2.5900705559207955,3.591068328096669,-1.0009977721758734
m4a_legacy_individual_features_20260728T045617Z_de1b0e93,conditional_ppg,direct_lightgbm_plus_feature_team_receiving_yard_share,season,2018,bias,405,1,-0.462239514564848,-2.8137009099333685,2.3514613953685206
m4a_legacy_individual_features_20260728T045617Z_de1b0e93,conditional_ppg,direct_lightgbm_plus_feature_team_receiving_yard_share,season,2018,spearman,405,1,0.7859782683897888,0.7425066216425864,0.043471646747202386
m4a_legacy_individual_features_20260728T045617Z_de1b0e93,conditional_ppg,direct_lightgbm_plus_feature_team_receiving_yard_share,season,2019,rmse,387,1,3.2361676047259853,4.417467076151702,-1.1812994714257168
m4a_legacy_individual_features_20260728T045617Z_de1b0e93,conditional_ppg,direct_lightgbm_plus_feature_team_receiving_yard_share,season,2019,mae,387,1,2.5569175457751285,3.303386554908389,-0.7464690091332606
m4a_legacy_individual_features_20260728T045617Z_de1b0e93,conditional_ppg,direct_lightgbm_plus_feature_team_receiving_yard_share,season,2019,bias,387,1,0.002079483844180481,-2.3390147908762615,2.341094274720442
m4a_legacy_individual_features_20260728T045617Z_de1b0e93,conditional_ppg,direct_lightgbm_plus_feature_team_receiving_yard_share,season,2019,spearman,387,1,0.7886805734559281,0.7230240158078952,0.06565655764803291
m4a_legacy_individual_features_20260728T045617Z_de1b0e93,conditional_ppg,direct_lightgbm_plus_feature_team_receiving_yard_share,season,2020,rmse,420,1,3.220346189271748,4.440195645661847,-1.2198494563900986
m4a_legacy_individual_features_20260728T045617Z_de1b0e93,conditional_ppg,direct_lightgbm_plus_feature_team_receiving_yard_share,season,2020,mae,420,1,2.4491196985256223,3.1892739075546475,-0.7401542090290252
m4a_legacy_individual_features_20260728T045617Z_de1b0e93,conditional_ppg,direct_lightgbm_plus_feature_team_receiving_yard_share,season,2020,bias,420,1,-0.10220847162100319,-2.50699336451964,2.4047848928986366
m4a_legacy_individual_features_20260728T045617Z_de1b0e93,conditional_ppg,direct_lightgbm_plus_feature_team_receiving_yard_share,season,2020,spearman,420,1,0.8099192568532062,0.7558180220636451,0.05410123478956108
m4a_legacy_individual_features_20260728T045617Z_de1b0e93,conditional_ppg,direct_lightgbm_plus_feature_team_receiving_yard_share,season,2021,rmse,417,1,3.1004175619519896,4.1314790282308635,-1.031061466278874
m4a_legacy_individual_features_20260728T045617Z_de1b0e93,conditional_ppg,direct_lightgbm_plus_feature_team_receiving_yard_share,season,2021,mae,417,1,2.4022499932348005,3.004519719344607,-0.6022697261098067
m4a_legacy_individual_features_20260728T045617Z_de1b0e93,conditional_ppg,direct_lightgbm_plus_feature_team_receiving_yard_share,season,2021,bias,417,1,0.09283877839966559,-2.1396464537194677,2.2324852321191333
m4a_legacy_individual_features_20260728T045617Z_de1b0e93,conditional_ppg,direct_lightgbm_plus_feature_team_receiving_yard_share,season,2021,spearman,417,1,0.7958381689619358,0.7425784631898492,0.05325970577208661
m4a_legacy_individual_features_20260728T045617Z_de1b0e93,conditional_ppg,direct_lightgbm_plus_feature_team_receiving_yard_share,season,2022,rmse,426,1,2.8994593768883057,3.8223751589851123,-0.9229157820968066
m4a_legacy_individual_features_20260728T045617Z_de1b0e93,conditional_ppg,direct_lightgbm_plus_feature_team_receiving_yard_share,season,2022,mae,426,1,2.357639907430548,2.842258114416837,-0.4846182069862892
m4a_legacy_individual_features_20260728T045617Z_de1b0e93,conditional_ppg,direct_lightgbm_plus_feature_team_receiving_yard_share,season,2022,bias,426,1,0.6334559487629496,-1.7513690790122993,2.384825027775249
m4a_legacy_individual_features_20260728T045617Z_de1b0e93,conditional_ppg,direct_lightgbm_plus_feature_team_receiving_yard_share,season,2022,spearman,426,1,0.8175806828408415,0.7428755546703996,0.07470512817044195
m4a_legacy_individual_features_20260728T045617Z_de1b0e93,conditional_ppg,direct_lightgbm_plus_feature_team_receiving_yard_share,season,2023,rmse,415,1,3.2312964704180893,4.221586995253445,-0.990290524835356
m4a_legacy_individual_features_20260728T045617Z_de1b0e93,conditional_ppg,direct_lightgbm_plus_feature_team_receiving_yard_share,season,2023,mae,415,1,2.5108614238442097,3.0334052938510987,-0.522543870006889
m4a_legacy_individual_features_20260728T045617Z_de1b0e93,conditional_ppg,direct_lightgbm_plus_feature_team_receiving_yard_share,season,2023,bias,415,1,0.47012485006815435,-1.9127507670094155,2.38287561707757
m4a_legacy_individual_features_20260728T045617Z_de1b0e93,conditional_ppg,direct_lightgbm_plus_feature_team_receiving_yard_share,season,2023,spearman,415,1,0.7982360539199375,0.6928791932643551,0.10535686065558236
m4a_legacy_individual_features_20260728T045617Z_de1b0e93,conditional_ppg,direct_lightgbm_plus_feature_team_receiving_yard_share,season,2024,rmse,408,1,3.189097403767735,4.2776523227631555,-1.0885549189954205
m4a_legacy_individual_features_20260728T045617Z_de1b0e93,conditional_ppg,direct_lightgbm_plus_feature_team_receiving_yard_share,season,2024,mae,408,1,2.569714528106675,3.2002566358121665,-0.6305421077054914
m4a_legacy_individual_features_20260728T045617Z_de1b0e93,conditional_ppg,direct_lightgbm_plus_feature_team_receiving_yard_share,season,2024,bias,408,1,0.26700893071506393,-2.022226818172098,2.2892357488871617
m4a_legacy_individual_features_20260728T045617Z_de1b0e93,conditional_ppg,direct_lightgbm_plus_feature_team_receiving_yard_share,season,2024,spearman,408,1,0.8016794598126861,0.7254682010396428,0.07621125877304324
m4a_legacy_individual_features_20260728T045617Z_de1b0e93,conditional_ppg,direct_lightgbm_plus_feature_team_receiving_yard_share,season,2025,rmse,416,1,2.9602783495015808,3.552154687210895,-0.5918763377093144
m4a_legacy_individual_features_20260728T045617Z_de1b0e93,conditional_ppg,direct_lightgbm_plus_feature_team_receiving_yard_share,season,2025,mae,416,1,2.299336261934095,2.7289555795750813,-0.42961931764098615
m4a_legacy_individual_features_20260728T045617Z_de1b0e93,conditional_ppg,direct_lightgbm_plus_feature_team_receiving_yard_share,season,2025,bias,416,1,0.375139771108313,-1.2328853324361086,1.6080251035444215
m4a_legacy_individual_features_20260728T045617Z_de1b0e93,conditional_ppg,direct_lightgbm_plus_feature_team_receiving_yard_share,season,2025,spearman,416,1,0.8143597230865448,0.782469913058102,0.03188981002844282
m4a_legacy_individual_features_20260728T045617Z_de1b0e93,conditional_ppg,direct_lightgbm_plus_feature_team_receiving_yard_share,history_depth,other_no_history,rmse,27,8,2.6615112318578573,6.4683220498114276,-3.8068108179535702
m4a_legacy_individual_features_20260728T045617Z_de1b0e93,conditional_ppg,direct_lightgbm_plus_feature_team_receiving_yard_share,history_depth,other_no_history,mae,27,8,2.0859124230068393,4.461598216447073,-2.375685793440234
m4a_legacy_individual_features_20260728T045617Z_de1b0e93,conditional_ppg,direct_lightgbm_plus_feature_team_receiving_yard_share,history_depth,other_no_history,bias,27,8,0.714376503883495,-4.368357475706332,5.082733979589827
m4a_legacy_individual_features_20260728T045617Z_de1b0e93,conditional_ppg,direct_lightgbm_plus_feature_team_receiving_yard_share,history_depth,other_no_history,spearman,27,8,0.39316239316239315,0.3099630400605697,0.08319935310182347
m4a_legacy_individual_features_20260728T045617Z_de1b0e93,conditional_ppg,direct_lightgbm_plus_feature_team_receiving_yard_share,history_depth,rookie,rmse,532,9,3.4666961145678394,4.9501399507842265,-1.483443836216387
m4a_legacy_individual_features_20260728T045617Z_de1b0e93,conditional_ppg,direct_lightgbm_plus_feature_team_receiving_yard_share,history_depth,rookie,mae,532,9,2.776626055766343,3.6281836185347482,-0.8515575627684053
m4a_legacy_individual_features_20260728T045617Z_de1b0e93,conditional_ppg,direct_lightgbm_plus_feature_team_receiving_yard_share,history_depth,rookie,bias,532,9,0.30920186899481616,-2.8213558829459355,3.130557751940752
m4a_legacy_individual_features_20260728T045617Z_de1b0e93,conditional_ppg,direct_lightgbm_plus_feature_team_receiving_yard_share,history_depth,rookie,spearman,532,9,0.6464476244749519,0.5456141139567152,0.10083351051823664
m4a_legacy_individual_features_20260728T045617Z_de1b0e93,conditional_ppg,direct_lightgbm_plus_feature_team_receiving_yard_share,history_depth,second_year,rmse,568,9,3.24434331050554,4.259843856007934,-1.0155005455023938
m4a_legacy_individual_features_20260728T045617Z_de1b0e93,conditional_ppg,direct_lightgbm_plus_feature_team_receiving_yard_share,history_depth,second_year,mae,568,9,2.4902195868916643,3.194144907042518,-0.7039253201508537
m4a_legacy_individual_features_20260728T045617Z_de1b0e93,conditional_ppg,direct_lightgbm_plus_feature_team_receiving_yard_share,history_depth,second_year,bias,568,9,0.21263940680940857,-2.2698764585662343,2.482515865375643
m4a_legacy_individual_features_20260728T045617Z_de1b0e93,conditional_ppg,direct_lightgbm_plus_feature_team_receiving_yard_share,history_depth,second_year,spearman,568,9,0.7601837825613725,0.7154312477547689,0.04475253480660368
m4a_legacy_individual_features_20260728T045617Z_de1b0e93,conditional_ppg,direct_lightgbm_plus_feature_team_receiving_yard_share,history_depth,veteran_with_history,rmse,2574,9,3.061161466777021,4.018822079009796,-0.9576606122327753
m4a_legacy_individual_features_20260728T045617Z_de1b0e93,conditional_ppg,direct_lightgbm_plus_feature_team_receiving_yard_share,history_depth,veteran_with_history,mae,2574,9,2.398831551751331,2.9739951969693554,-0.5751636452180247
m4a_legacy_individual_features_20260728T045617Z_de1b0e93,conditional_ppg,direct_lightgbm_plus_feature_team_receiving_yard_share,history_depth,veteran_with_history,bias,2574,9,0.16177148612792405,-1.8547363189666835,2.0165078050946077
m4a_legacy_individual_features_20260728T045617Z_de1b0e93,conditional_ppg,direct_lightgbm_plus_feature_team_receiving_yard_share,history_depth,veteran_with_history,spearman,2574,9,0.8316948634641956,0.7696548572471656,0.062040006217029986
m4a_legacy_individual_features_20260728T045617Z_de1b0e93,conditional_ppg,direct_lightgbm_plus_feature_team_receiving_yard_share,provider_depth,one,rmse,119,9,2.9188960201371623,5.335759809018117,-2.4168637888809545
m4a_legacy_individual_features_20260728T045617Z_de1b0e93,conditional_ppg,direct_lightgbm_plus_feature_team_receiving_yard_share,provider_depth,one,mae,119,9,2.3422737765843533,4.162035059985875,-1.819761283401522
m4a_legacy_individual_features_20260728T045617Z_de1b0e93,conditional_ppg,direct_lightgbm_plus_feature_team_receiving_yard_share,provider_depth,one,bias,119,9,0.23606253477134073,-4.075903666251912,4.311966201023252
m4a_legacy_individual_features_20260728T045617Z_de1b0e93,conditional_ppg,direct_lightgbm_plus_feature_team_receiving_yard_share,provider_depth,one,spearman,119,9,0.31965930355761096,0.0846903736327424,0.23496892992486856
m4a_legacy_individual_features_20260728T045617Z_de1b0e93,conditional_ppg,direct_lightgbm_plus_feature_team_receiving_yard_share,provider_depth,three_plus,rmse,3047,9,3.2776783763421347,4.234561588827272,-0.956883212485137
m4a_legacy_individual_features_20260728T045617Z_de1b0e93,conditional_ppg,direct_lightgbm_plus_feature_team_receiving_yard_share,provider_depth,three_plus,mae,3047,9,2.579505348213228,3.083413022185609,-0.5039076739723809
m4a_legacy_individual_features_20260728T045617Z_de1b0e93,conditional_ppg,direct_lightgbm_plus_feature_team_receiving_yard_share,provider_depth,three_plus,bias,3047,9,0.1520402737261772,-1.8601803512837727,2.0122206250099497
m4a_legacy_individual_features_20260728T045617Z_de1b0e93,conditional_ppg,direct_lightgbm_plus_feature_team_receiving_yard_share,provider_depth,three_plus,spearman,3047,9,0.8147713598289851,0.7420132292410677,0.07275813058791736
m4a_legacy_individual_features_20260728T045617Z_de1b0e93,conditional_ppg,direct_lightgbm_plus_feature_team_receiving_yard_share,provider_depth,two,rmse,535,9,2.342350580522257,3.8717805693613485,-1.5294299888390914
m4a_legacy_individual_features_20260728T045617Z_de1b0e93,conditional_ppg,direct_lightgbm_plus_feature_team_receiving_yard_share,provider_depth,two,mae,535,9,1.8393242266019159,3.0458937016186125,-1.2065694750166966
m4a_legacy_individual_features_20260728T045617Z_de1b0e93,conditional_ppg,direct_lightgbm_plus_feature_team_receiving_yard_share,provider_depth,two,bias,535,9,0.4291670889526461,-2.8584785577785787,3.287645646731225
m4a_legacy_individual_features_20260728T045617Z_de1b0e93,conditional_ppg,direct_lightgbm_plus_feature_team_receiving_yard_share,provider_depth,two,spearman,535,9,0.31188640317502203,0.18403251077198343,0.1278538924030386
m4a_legacy_individual_features_20260728T045617Z_de1b0e93,conditional_ppg,direct_lightgbm_plus_feature_team_receiving_yard_share,provider_era,2017_2019,rmse,1199,3,3.2430185029243686,4.503004396091149,-1.2599858931667804
m4a_legacy_individual_features_20260728T045617Z_de1b0e93,conditional_ppg,direct_lightgbm_plus_feature_team_receiving_yard_share,provider_era,2017_2019,mae,1199,3,2.5361332879055287,3.350291605304253,-0.8141583173987241
m4a_legacy_individual_features_20260728T045617Z_de1b0e93,conditional_ppg,direct_lightgbm_plus_feature_team_receiving_yard_share,provider_era,2017_2019,bias,1199,3,-0.003982902172499641,-2.3847328396014364,2.380749937428937
m4a_legacy_individual_features_20260728T045617Z_de1b0e93,conditional_ppg,direct_lightgbm_plus_feature_team_receiving_yard_share,provider_era,2017_2019,spearman,1199,3,0.7862279567916449,0.7186707029412654,0.06755725385037947
m4a_legacy_individual_features_20260728T045617Z_de1b0e93,conditional_ppg,direct_lightgbm_plus_feature_team_receiving_yard_share,provider_era,2020_2022,rmse,1263,3,3.075384148208135,4.137612979315968,-1.0622288311078325
m4a_legacy_individual_features_20260728T045617Z_de1b0e93,conditional_ppg,direct_lightgbm_plus_feature_team_receiving_yard_share,provider_era,2020_2022,mae,1263,3,2.4027894862431407,3.011228599272546,-0.6084391130294051
m4a_legacy_individual_features_20260728T045617Z_de1b0e93,conditional_ppg,direct_lightgbm_plus_feature_team_receiving_yard_share,provider_era,2020_2022,bias,1263,3,0.21032339404976708,-2.13084165634086,2.341165050390627
m4a_legacy_individual_features_20260728T045617Z_de1b0e93,conditional_ppg,direct_lightgbm_plus_feature_team_receiving_yard_share,provider_era,2020_2022,spearman,1263,3,0.8072602537650908,0.7457313838185303,0.06152886994656048
m4a_legacy_individual_features_20260728T045617Z_de1b0e93,conditional_ppg,direct_lightgbm_plus_feature_team_receiving_yard_share,provider_era,2023_plus,rmse,1239,3,3.1286822596098482,4.028826907371568,-0.9001446477617194
m4a_legacy_individual_features_20260728T045617Z_de1b0e93,conditional_ppg,direct_lightgbm_plus_feature_team_receiving_yard_share,provider_era,2023_plus,mae,1239,3,2.459221068060899,2.986128672689914,-0.5269076046290149
m4a_legacy_individual_features_20260728T045617Z_de1b0e93,conditional_ppg,direct_lightgbm_plus_feature_team_receiving_yard_share,provider_era,2023_plus,bias,1239,3,0.37134753937940945,-1.7205330172853468,2.0918805566647563
m4a_legacy_individual_features_20260728T045617Z_de1b0e93,conditional_ppg,direct_lightgbm_plus_feature_team_receiving_yard_share,provider_era,2023_plus,spearman,1239,3,0.802337420245881,0.7342988709869787,0.06803854925890229
m4a_legacy_individual_features_20260728T045617Z_de1b0e93,conditional_ppg,direct_lightgbm_plus_feature_team_reception_share,position,QB,rmse,380,9,3.5894689015928782,7.40325384335132,-3.8137849417584415
m4a_legacy_individual_features_20260728T045617Z_de1b0e93,conditional_ppg,direct_lightgbm_plus_feature_team_reception_share,position,QB,mae,380,9,2.847787935739945,5.406778790352811,-2.558990854612866
m4a_legacy_individual_features_20260728T045617Z_de1b0e93,conditional_ppg,direct_lightgbm_plus_feature_team_reception_share,position,QB,bias,380,9,-0.26461922265202,-4.351816669206204,4.087197446554184
m4a_legacy_individual_features_20260728T045617Z_de1b0e93,conditional_ppg,direct_lightgbm_plus_feature_team_reception_share,position,QB,spearman,380,9,0.5790790528370987,0.6033518575734516,-0.02427280473635285
m4a_legacy_individual_features_20260728T045617Z_de1b0e93,conditional_ppg,direct_lightgbm_plus_feature_team_reception_share,position,RB,rmse,1016,9,3.543281259552799,4.177344718174207,-0.6340634586214078
m4a_legacy_individual_features_20260728T045617Z_de1b0e93,conditional_ppg,direct_lightgbm_plus_feature_team_reception_share,position,RB,mae,1016,9,2.7978263763991986,3.1666944752693302,-0.3688680988701316
m4a_legacy_individual_features_20260728T045617Z_de1b0e93,conditional_ppg,direct_lightgbm_plus_feature_team_reception_share,position,RB,bias,1016,9,0.09552989803902578,-2.074252054734232,2.1697819527732576
m4a_legacy_individual_features_20260728T045617Z_de1b0e93,conditional_ppg,direct_lightgbm_plus_feature_team_reception_share,position,RB,spearman,1016,9,0.7376231092353825,0.7284272163676383,0.009195892867744249
m4a_legacy_individual_features_20260728T045617Z_de1b0e93,conditional_ppg,direct_lightgbm_plus_feature_team_reception_share,position,TE,rmse,802,9,2.318839975383858,2.9331861674511854,-0.6143461920673272
m4a_legacy_individual_features_20260728T045617Z_de1b0e93,conditional_ppg,direct_lightgbm_plus_feature_team_reception_share,position,TE,mae,802,9,1.818274957648191,2.3188478825601355,-0.5005729249119446
m4a_legacy_individual_features_20260728T045617Z_de1b0e93,conditional_ppg,direct_lightgbm_plus_feature_team_reception_share,position,TE,bias,802,9,0.3052967913112149,-1.6125117927348234,1.9178085840460382
m4a_legacy_individual_features_20260728T045617Z_de1b0e93,conditional_ppg,direct_lightgbm_plus_feature_team_reception_share,position,TE,spearman,802,9,0.6940986308743181,0.6893443768060465,0.004754254068271568
m4a_legacy_individual_features_20260728T045617Z_de1b0e93,conditional_ppg,direct_lightgbm_plus_feature_team_reception_share,position,WR,rmse,1503,9,3.1403113267230363,3.7011367089159544,-0.5608253821929181
m4a_legacy_individual_features_20260728T045617Z_de1b0e93,conditional_ppg,direct_lightgbm_plus_feature_team_reception_share,position,WR,mae,1503,9,2.4968248777848148,2.9197213919380522,-0.4228965141532375
m4a_legacy_individual_features_20260728T045617Z_de1b0e93,conditional_ppg,direct_lightgbm_plus_feature_team_reception_share,position,WR,bias,1503,9,0.3159347729332877,-1.7484519064374633,2.064386679370751
m4a_legacy_individual_features_20260728T045617Z_de1b0e93,conditional_ppg,direct_lightgbm_plus_feature_team_reception_share,position,WR,spearman,1503,9,0.7504793917646322,0.7533404253666947,-0.0028610336020624683
m4a_legacy_individual_features_20260728T045617Z_de1b0e93,conditional_ppg,direct_lightgbm_plus_feature_team_reception_share,season,2017,rmse,407,1,3.1242559847330065,4.36645042925793,-1.2421944445249236
m4a_legacy_individual_features_20260728T045617Z_de1b0e93,conditional_ppg,direct_lightgbm_plus_feature_team_reception_share,season,2017,mae,407,1,2.441355048173227,3.155298194425311,-0.7139431462520842
m4a_legacy_individual_features_20260728T045617Z_de1b0e93,conditional_ppg,direct_lightgbm_plus_feature_team_reception_share,season,2017,bias,407,1,0.44327072449826777,-2.001344182039299,2.444614906537567
m4a_legacy_individual_features_20260728T045617Z_de1b0e93,conditional_ppg,direct_lightgbm_plus_feature_team_reception_share,season,2017,spearman,407,1,0.7886346666429624,0.6896147256046201,0.09901994103834233
m4a_legacy_individual_features_20260728T045617Z_de1b0e93,conditional_ppg,direct_lightgbm_plus_feature_team_reception_share,season,2018,rmse,405,1,3.389447745846683,4.714160529640733,-1.3247127837940496
m4a_legacy_individual_features_20260728T045617Z_de1b0e93,conditional_ppg,direct_lightgbm_plus_feature_team_reception_share,season,2018,mae,405,1,2.618009151102501,3.591068328096669,-0.9730591769941679
m4a_legacy_individual_features_20260728T045617Z_de1b0e93,conditional_ppg,direct_lightgbm_plus_feature_team_reception_share,season,2018,bias,405,1,-0.4725763302508045,-2.8137009099333685,2.341124579682564
m4a_legacy_individual_features_20260728T045617Z_de1b0e93,conditional_ppg,direct_lightgbm_plus_feature_team_reception_share,season,2018,spearman,405,1,0.7820715956041313,0.7425066216425864,0.0395649739615449
m4a_legacy_individual_features_20260728T045617Z_de1b0e93,conditional_ppg,direct_lightgbm_plus_feature_team_reception_share,season,2019,rmse,387,1,3.244003693041653,4.417467076151702,-1.173463383110049
m4a_legacy_individual_features_20260728T045617Z_de1b0e93,conditional_ppg,direct_lightgbm_plus_feature_team_reception_share,season,2019,mae,387,1,2.570155713351023,3.303386554908389,-0.7332308415573663
m4a_legacy_individual_features_20260728T045617Z_de1b0e93,conditional_ppg,direct_lightgbm_plus_feature_team_reception_share,season,2019,bias,387,1,0.022348458492081915,-2.3390147908762615,2.3613632493683436
m4a_legacy_individual_features_20260728T045617Z_de1b0e93,conditional_ppg,direct_lightgbm_plus_feature_team_reception_share,season,2019,spearman,387,1,0.7840371096157528,0.7230240158078952,0.06101309380785758
m4a_legacy_individual_features_20260728T045617Z_de1b0e93,conditional_ppg,direct_lightgbm_plus_feature_team_reception_share,season,2020,rmse,420,1,3.2344413595077253,4.440195645661847,-1.2057542861541215
m4a_legacy_individual_features_20260728T045617Z_de1b0e93,conditional_ppg,direct_lightgbm_plus_feature_team_reception_share,season,2020,mae,420,1,2.4654697162445336,3.1892739075546475,-0.7238041913101139
m4a_legacy_individual_features_20260728T045617Z_de1b0e93,conditional_ppg,direct_lightgbm_plus_feature_team_reception_share,season,2020,bias,420,1,-0.12224828864666476,-2.50699336451964,2.384745075872975
m4a_legacy_individual_features_20260728T045617Z_de1b0e93,conditional_ppg,direct_lightgbm_plus_feature_team_reception_share,season,2020,spearman,420,1,0.8083807309904402,0.7558180220636451,0.05256270892679504
m4a_legacy_individual_features_20260728T045617Z_de1b0e93,conditional_ppg,direct_lightgbm_plus_feature_team_reception_share,season,2021,rmse,417,1,3.121489029267275,4.1314790282308635,-1.0099899989635888
m4a_legacy_individual_features_20260728T045617Z_de1b0e93,conditional_ppg,direct_lightgbm_plus_feature_team_reception_share,season,2021,mae,417,1,2.40617005764561,3.004519719344607,-0.5983496616989972
m4a_legacy_individual_features_20260728T045617Z_de1b0e93,conditional_ppg,direct_lightgbm_plus_feature_team_reception_share,season,2021,bias,417,1,0.0687798921897047,-2.1396464537194677,2.2084263459091726
m4a_legacy_individual_features_20260728T045617Z_de1b0e93,conditional_ppg,direct_lightgbm_plus_feature_team_reception_share,season,2021,spearman,417,1,0.7947840196193918,0.7425784631898492,0.05220555642954261
m4a_legacy_individual_features_20260728T045617Z_de1b0e93,conditional_ppg,direct_lightgbm_plus_feature_team_reception_share,season,2022,rmse,426,1,2.891777756657286,3.8223751589851123,-0.9305974023278263
m4a_legacy_individual_features_20260728T045617Z_de1b0e93,conditional_ppg,direct_lightgbm_plus_feature_team_reception_share,season,2022,mae,426,1,2.3539493782899634,2.842258114416837,-0.48830873612687364
m4a_legacy_individual_features_20260728T045617Z_de1b0e93,conditional_ppg,direct_lightgbm_plus_feature_team_reception_share,season,2022,bias,426,1,0.6400089364503236,-1.7513690790122993,2.3913780154626227
m4a_legacy_individual_features_20260728T045617Z_de1b0e93,conditional_ppg,direct_lightgbm_plus_feature_team_reception_share,season,2022,spearman,426,1,0.8186741494380725,0.7428755546703996,0.07579859476767292
m4a_legacy_individual_features_20260728T045617Z_de1b0e93,conditional_ppg,direct_lightgbm_plus_feature_team_reception_share,season,2023,rmse,415,1,3.2159694613404777,4.221586995253445,-1.0056175339129676
m4a_legacy_individual_features_20260728T045617Z_de1b0e93,conditional_ppg,direct_lightgbm_plus_feature_team_reception_share,season,2023,mae,415,1,2.5045090799457865,3.0334052938510987,-0.5288962139053122
m4a_legacy_individual_features_20260728T045617Z_de1b0e93,conditional_ppg,direct_lightgbm_plus_feature_team_reception_share,season,2023,bias,415,1,0.4556307498396028,-1.9127507670094155,2.368381516849018
m4a_legacy_individual_features_20260728T045617Z_de1b0e93,conditional_ppg,direct_lightgbm_plus_feature_team_reception_share,season,2023,spearman,415,1,0.8008932305610138,0.6928791932643551,0.1080140372966587
m4a_legacy_individual_features_20260728T045617Z_de1b0e93,conditional_ppg,direct_lightgbm_plus_feature_team_reception_share,season,2024,rmse,408,1,3.1812749963425073,4.2776523227631555,-1.0963773264206482
m4a_legacy_individual_features_20260728T045617Z_de1b0e93,conditional_ppg,direct_lightgbm_plus_feature_team_reception_share,season,2024,mae,408,1,2.5689464261602324,3.2002566358121665,-0.6313102096519341
m4a_legacy_individual_features_20260728T045617Z_de1b0e93,conditional_ppg,direct_lightgbm_plus_feature_team_reception_share,season,2024,bias,408,1,0.2848151693224741,-2.022226818172098,2.3070419874945722
m4a_legacy_individual_features_20260728T045617Z_de1b0e93,conditional_ppg,direct_lightgbm_plus_feature_team_reception_share,season,2024,spearman,408,1,0.8049348061467492,0.7254682010396428,0.07946660510710635
m4a_legacy_individual_features_20260728T045617Z_de1b0e93,conditional_ppg,direct_lightgbm_plus_feature_team_reception_share,season,2025,rmse,416,1,2.9609871633791824,3.552154687210895,-0.5911675238317127
m4a_legacy_individual_features_20260728T045617Z_de1b0e93,conditional_ppg,direct_lightgbm_plus_feature_team_reception_share,season,2025,mae,416,1,2.302898580322125,2.7289555795750813,-0.42605699925295637
m4a_legacy_individual_features_20260728T045617Z_de1b0e93,conditional_ppg,direct_lightgbm_plus_feature_team_reception_share,season,2025,bias,416,1,0.3924575639139502,-1.2328853324361086,1.625342896350059
m4a_legacy_individual_features_20260728T045617Z_de1b0e93,conditional_ppg,direct_lightgbm_plus_feature_team_reception_share,season,2025,spearman,416,1,0.8137693981398735,0.782469913058102,0.031299485081771494
m4a_legacy_individual_features_20260728T045617Z_de1b0e93,conditional_ppg,direct_lightgbm_plus_feature_team_reception_share,history_depth,other_no_history,rmse,27,8,2.6497663504484676,6.4683220498114276,-3.81855569936296
m4a_legacy_individual_features_20260728T045617Z_de1b0e93,conditional_ppg,direct_lightgbm_plus_feature_team_reception_share,history_depth,other_no_history,mae,27,8,2.047343872311934,4.461598216447073,-2.414254344135139
m4a_legacy_individual_features_20260728T045617Z_de1b0e93,conditional_ppg,direct_lightgbm_plus_feature_team_reception_share,history_depth,other_no_history,bias,27,8,0.7705840419038246,-4.368357475706332,5.1389415176101565
m4a_legacy_individual_features_20260728T045617Z_de1b0e93,conditional_ppg,direct_lightgbm_plus_feature_team_reception_share,history_depth,other_no_history,spearman,27,8,0.4444444444444444,0.3099630400605697,0.13448140438387474
m4a_legacy_individual_features_20260728T045617Z_de1b0e93,conditional_ppg,direct_lightgbm_plus_feature_team_reception_share,history_depth,rookie,rmse,532,9,3.478603895635605,4.9501399507842265,-1.4715360551486216
m4a_legacy_individual_features_20260728T045617Z_de1b0e93,conditional_ppg,direct_lightgbm_plus_feature_team_reception_share,history_depth,rookie,mae,532,9,2.7862026012001633,3.6281836185347482,-0.841981017334585
m4a_legacy_individual_features_20260728T045617Z_de1b0e93,conditional_ppg,direct_lightgbm_plus_feature_team_reception_share,history_depth,rookie,bias,532,9,0.30667357704054055,-2.8213558829459355,3.128029459986476
m4a_legacy_individual_features_20260728T045617Z_de1b0e93,conditional_ppg,direct_lightgbm_plus_feature_team_reception_share,history_depth,rookie,spearman,532,9,0.642946976876818,0.5456141139567152,0.09733286292010279
m4a_legacy_individual_features_20260728T045617Z_de1b0e93,conditional_ppg,direct_lightgbm_plus_feature_team_reception_share,history_depth,second_year,rmse,568,9,3.2426829035096754,4.259843856007934,-1.0171609524982586
m4a_legacy_individual_features_20260728T045617Z_de1b0e93,conditional_ppg,direct_lightgbm_plus_feature_team_reception_share,history_depth,second_year,mae,568,9,2.4953119573595464,3.194144907042518,-0.6988329496829717
m4a_legacy_individual_features_20260728T045617Z_de1b0e93,conditional_ppg,direct_lightgbm_plus_feature_team_reception_share,history_depth,second_year,bias,568,9,0.19667773754111537,-2.2698764585662343,2.46655419610735
m4a_legacy_individual_features_20260728T045617Z_de1b0e93,conditional_ppg,direct_lightgbm_plus_feature_team_reception_share,history_depth,second_year,spearman,568,9,0.7623692706693866,0.7154312477547689,0.046938022914617794
m4a_legacy_individual_features_20260728T045617Z_de1b0e93,conditional_ppg,direct_lightgbm_plus_feature_team_reception_share,history_depth,veteran_with_history,rmse,2574,9,3.0653577966905656,4.018822079009796,-0.9534642823192305
m4a_legacy_individual_features_20260728T045617Z_de1b0e93,conditional_ppg,direct_lightgbm_plus_feature_team_reception_share,history_depth,veteran_with_history,mae,2574,9,2.401266535033434,2.9739951969693554,-0.5727286619359213
m4a_legacy_individual_features_20260728T045617Z_de1b0e93,conditional_ppg,direct_lightgbm_plus_feature_team_reception_share,history_depth,veteran_with_history,bias,2574,9,0.16337684347703338,-1.8547363189666835,2.0181131624437167
m4a_legacy_individual_features_20260728T045617Z_de1b0e93,conditional_ppg,direct_lightgbm_plus_feature_team_reception_share,history_depth,veteran_with_history,spearman,2574,9,0.8310917273330739,0.7696548572471656,0.06143687008590826
m4a_legacy_individual_features_20260728T045617Z_de1b0e93,conditional_ppg,direct_lightgbm_plus_feature_team_reception_share,provider_depth,one,rmse,119,9,2.8996816149703366,5.335759809018117,-2.4360781940477803
m4a_legacy_individual_features_20260728T045617Z_de1b0e93,conditional_ppg,direct_lightgbm_plus_feature_team_reception_share,provider_depth,one,mae,119,9,2.325428611230904,4.162035059985875,-1.8366064487549711
m4a_legacy_individual_features_20260728T045617Z_de1b0e93,conditional_ppg,direct_lightgbm_plus_feature_team_reception_share,provider_depth,one,bias,119,9,0.2626149114800204,-4.075903666251912,4.338518577731932
m4a_legacy_individual_features_20260728T045617Z_de1b0e93,conditional_ppg,direct_lightgbm_plus_feature_team_reception_share,provider_depth,one,spearman,119,9,0.34545011066525894,0.0846903736327424,0.26075973703251654
m4a_legacy_individual_features_20260728T045617Z_de1b0e93,conditional_ppg,direct_lightgbm_plus_feature_team_reception_share,provider_depth,three_plus,rmse,3047,9,3.2789634996711805,4.234561588827272,-0.9555980891560911
m4a_legacy_individual_features_20260728T045617Z_de1b0e93,conditional_ppg,direct_lightgbm_plus_feature_team_reception_share,provider_depth,three_plus,mae,3047,9,2.5804739815764566,3.083413022185609,-0.5029390406091525
m4a_legacy_individual_features_20260728T045617Z_de1b0e93,conditional_ppg,direct_lightgbm_plus_feature_team_reception_share,provider_depth,three_plus,bias,3047,9,0.14092082082864513,-1.8601803512837727,2.001101172112418
m4a_legacy_individual_features_20260728T045617Z_de1b0e93,conditional_ppg,direct_lightgbm_plus_feature_team_reception_share,provider_depth,three_plus,spearman,3047,9,0.8150488060217745,0.7420132292410677,0.07303557678070682
m4a_legacy_individual_features_20260728T045617Z_de1b0e93,conditional_ppg,direct_lightgbm_plus_feature_team_reception_share,provider_depth,two,rmse,535,9,2.377988937351779,3.8717805693613485,-1.4937916320095694
m4a_legacy_individual_features_20260728T045617Z_de1b0e93,conditional_ppg,direct_lightgbm_plus_feature_team_reception_share,provider_depth,two,mae,535,9,1.8622525135462609,3.0458937016186125,-1.1836411880723516
m4a_legacy_individual_features_20260728T045617Z_de1b0e93,conditional_ppg,direct_lightgbm_plus_feature_team_reception_share,provider_depth,two,bias,535,9,0.47768999368075554,-2.8584785577785787,3.3361685514593344
m4a_legacy_individual_features_20260728T045617Z_de1b0e93,conditional_ppg,direct_lightgbm_plus_feature_team_reception_share,provider_depth,two,spearman,535,9,0.2938840455613101,0.18403251077198343,0.10985153478932666
m4a_legacy_individual_features_20260728T045617Z_de1b0e93,conditional_ppg,direct_lightgbm_plus_feature_team_reception_share,provider_era,2017_2019,rmse,1199,3,3.254318860664256,4.503004396091149,-1.248685535426893
m4a_legacy_individual_features_20260728T045617Z_de1b0e93,conditional_ppg,direct_lightgbm_plus_feature_team_reception_share,provider_era,2017_2019,mae,1199,3,2.542598391884789,3.350291605304253,-0.8076932134194639
m4a_legacy_individual_features_20260728T045617Z_de1b0e93,conditional_ppg,direct_lightgbm_plus_feature_team_reception_share,provider_era,2017_2019,bias,1199,3,-0.0019461012880276135,-2.3847328396014364,2.382786738313409
m4a_legacy_individual_features_20260728T045617Z_de1b0e93,conditional_ppg,direct_lightgbm_plus_feature_team_reception_share,provider_era,2017_2019,spearman,1199,3,0.7830852869866483,0.7186707029412654,0.0644145840453828
m4a_legacy_individual_features_20260728T045617Z_de1b0e93,conditional_ppg,direct_lightgbm_plus_feature_team_reception_share,provider_era,2020_2022,rmse,1263,3,3.0848864283363295,4.137612979315968,-1.0527265509796382
m4a_legacy_individual_features_20260728T045617Z_de1b0e93,conditional_ppg,direct_lightgbm_plus_feature_team_reception_share,provider_era,2020_2022,mae,1263,3,2.4082760332640127,3.011228599272546,-0.6029525660085331
m4a_legacy_individual_features_20260728T045617Z_de1b0e93,conditional_ppg,direct_lightgbm_plus_feature_team_reception_share,provider_era,2020_2022,bias,1263,3,0.19792616052204712,-2.13084165634086,2.328767816862907
m4a_legacy_individual_features_20260728T045617Z_de1b0e93,conditional_ppg,direct_lightgbm_plus_feature_team_reception_share,provider_era,2020_2022,spearman,1263,3,0.8065110248246941,0.7457313838185303,0.06077964100616373
m4a_legacy_individual_features_20260728T045617Z_de1b0e93,conditional_ppg,direct_lightgbm_plus_feature_team_reception_share,provider_era,2023_plus,rmse,1239,3,3.120986030617432,4.028826907371568,-0.9078408767541357
m4a_legacy_individual_features_20260728T045617Z_de1b0e93,conditional_ppg,direct_lightgbm_plus_feature_team_reception_share,provider_era,2023_plus,mae,1239,3,2.458036496743245,2.986128672689914,-0.5280921759466688
m4a_legacy_individual_features_20260728T045617Z_de1b0e93,conditional_ppg,direct_lightgbm_plus_feature_team_reception_share,provider_era,2023_plus,bias,1239,3,0.37817086106150755,-1.7205330172853468,2.0987038783468543
m4a_legacy_individual_features_20260728T045617Z_de1b0e93,conditional_ppg,direct_lightgbm_plus_feature_team_reception_share,provider_era,2023_plus,spearman,1239,3,0.8046115999609355,0.7342988709869787,0.0703127289739568
m4a_legacy_individual_features_20260728T045617Z_de1b0e93,conditional_ppg,direct_lightgbm_plus_feature_team_rush_attempt_share,position,QB,rmse,380,9,3.581763941054838,7.40325384335132,-3.8214899022964817
m4a_legacy_individual_features_20260728T045617Z_de1b0e93,conditional_ppg,direct_lightgbm_plus_feature_team_rush_attempt_share,position,QB,mae,380,9,2.8401802737281976,5.406778790352811,-2.5665985166246132
m4a_legacy_individual_features_20260728T045617Z_de1b0e93,conditional_ppg,direct_lightgbm_plus_feature_team_rush_attempt_share,position,QB,bias,380,9,-0.2402334622427312,-4.351816669206204,4.111583206963473
m4a_legacy_individual_features_20260728T045617Z_de1b0e93,conditional_ppg,direct_lightgbm_plus_feature_team_rush_attempt_share,position,QB,spearman,380,9,0.582704971132891,0.6033518575734516,-0.020646886440560563
m4a_legacy_individual_features_20260728T045617Z_de1b0e93,conditional_ppg,direct_lightgbm_plus_feature_team_rush_attempt_share,position,RB,rmse,1016,9,3.5239856202776862,4.177344718174207,-0.6533590978965207
m4a_legacy_individual_features_20260728T045617Z_de1b0e93,conditional_ppg,direct_lightgbm_plus_feature_team_rush_attempt_share,position,RB,mae,1016,9,2.7917784002156236,3.1666944752693302,-0.3749160750537066
m4a_legacy_individual_features_20260728T045617Z_de1b0e93,conditional_ppg,direct_lightgbm_plus_feature_team_rush_attempt_share,position,RB,bias,1016,9,0.13151579759895565,-2.074252054734232,2.2057678523331874
m4a_legacy_individual_features_20260728T045617Z_de1b0e93,conditional_ppg,direct_lightgbm_plus_feature_team_rush_attempt_share,position,RB,spearman,1016,9,0.7400921434180904,0.7284272163676383,0.011664927050452079
m4a_legacy_individual_features_20260728T045617Z_de1b0e93,conditional_ppg,direct_lightgbm_plus_feature_team_rush_attempt_share,position,TE,rmse,802,9,2.3110669802136794,2.9331861674511854,-0.622119187237506
m4a_legacy_individual_features_20260728T045617Z_de1b0e93,conditional_ppg,direct_lightgbm_plus_feature_team_rush_attempt_share,position,TE,mae,802,9,1.8127649407318425,2.3188478825601355,-0.506082941828293
m4a_legacy_individual_features_20260728T045617Z_de1b0e93,conditional_ppg,direct_lightgbm_plus_feature_team_rush_attempt_share,position,TE,bias,802,9,0.30620297873242464,-1.6125117927348234,1.918714771467248
m4a_legacy_individual_features_20260728T045617Z_de1b0e93,conditional_ppg,direct_lightgbm_plus_feature_team_rush_attempt_share,position,TE,spearman,802,9,0.6948544427289114,0.6893443768060465,0.0055100659228648485
m4a_legacy_individual_features_20260728T045617Z_de1b0e93,conditional_ppg,direct_lightgbm_plus_feature_team_rush_attempt_share,position,WR,rmse,1503,9,3.1460964029803966,3.7011367089159544,-0.5550403059355578
m4a_legacy_individual_features_20260728T045617Z_de1b0e93,conditional_ppg,direct_lightgbm_plus_feature_team_rush_attempt_share,position,WR,mae,1503,9,2.505345372442104,2.9197213919380522,-0.41437601949594827
m4a_legacy_individual_features_20260728T045617Z_de1b0e93,conditional_ppg,direct_lightgbm_plus_feature_team_rush_attempt_share,position,WR,bias,1503,9,0.30997955349487005,-1.7484519064374633,2.0584314599323332
m4a_legacy_individual_features_20260728T045617Z_de1b0e93,conditional_ppg,direct_lightgbm_plus_feature_team_rush_attempt_share,position,WR,spearman,1503,9,0.7507191747884909,0.7533404253666947,-0.0026212505782037265
m4a_legacy_individual_features_20260728T045617Z_de1b0e93,conditional_ppg,direct_lightgbm_plus_feature_team_rush_attempt_share,season,2017,rmse,407,1,3.1122400879467556,4.36645042925793,-1.2542103413111745
m4a_legacy_individual_features_20260728T045617Z_de1b0e93,conditional_ppg,direct_lightgbm_plus_feature_team_rush_attempt_share,season,2017,mae,407,1,2.446506050725921,3.155298194425311,-0.70879214369939
m4a_legacy_individual_features_20260728T045617Z_de1b0e93,conditional_ppg,direct_lightgbm_plus_feature_team_rush_attempt_share,season,2017,bias,407,1,0.46891440475273183,-2.001344182039299,2.4702585867920313
m4a_legacy_individual_features_20260728T045617Z_de1b0e93,conditional_ppg,direct_lightgbm_plus_feature_team_rush_attempt_share,season,2017,spearman,407,1,0.7886205607643263,0.6896147256046201,0.09900583515970618
m4a_legacy_individual_features_20260728T045617Z_de1b0e93,conditional_ppg,direct_lightgbm_plus_feature_team_rush_attempt_share,season,2018,rmse,405,1,3.3583844650963695,4.714160529640733,-1.3557760645443633
m4a_legacy_individual_features_20260728T045617Z_de1b0e93,conditional_ppg,direct_lightgbm_plus_feature_team_rush_attempt_share,season,2018,mae,405,1,2.6024946734054764,3.591068328096669,-0.9885736546911925
m4a_legacy_individual_features_20260728T045617Z_de1b0e93,conditional_ppg,direct_lightgbm_plus_feature_team_rush_attempt_share,season,2018,bias,405,1,-0.4639275373152538,-2.8137009099333685,2.349773372618115
m4a_legacy_individual_features_20260728T045617Z_de1b0e93,conditional_ppg,direct_lightgbm_plus_feature_team_rush_attempt_share,season,2018,spearman,405,1,0.784784349634322,0.7425066216425864,0.04227772799173557
m4a_legacy_individual_features_20260728T045617Z_de1b0e93,conditional_ppg,direct_lightgbm_plus_feature_team_rush_attempt_share,season,2019,rmse,387,1,3.232137875851298,4.417467076151702,-1.1853292003004041
m4a_legacy_individual_features_20260728T045617Z_de1b0e93,conditional_ppg,direct_lightgbm_plus_feature_team_rush_attempt_share,season,2019,mae,387,1,2.562165277788043,3.303386554908389,-0.7412212771203461
m4a_legacy_individual_features_20260728T045617Z_de1b0e93,conditional_ppg,direct_lightgbm_plus_feature_team_rush_attempt_share,season,2019,bias,387,1,0.022573717829004008,-2.3390147908762615,2.3615885087052657
m4a_legacy_individual_features_20260728T045617Z_de1b0e93,conditional_ppg,direct_lightgbm_plus_feature_team_rush_attempt_share,season,2019,spearman,387,1,0.7840749976968457,0.7230240158078952,0.06105098188895053
m4a_legacy_individual_features_20260728T045617Z_de1b0e93,conditional_ppg,direct_lightgbm_plus_feature_team_rush_attempt_share,season,2020,rmse,420,1,3.2453292444950756,4.440195645661847,-1.1948664011667711
m4a_legacy_individual_features_20260728T045617Z_de1b0e93,conditional_ppg,direct_lightgbm_plus_feature_team_rush_attempt_share,season,2020,mae,420,1,2.4748187308096914,3.1892739075546475,-0.7144551767449561
m4a_legacy_individual_features_20260728T045617Z_de1b0e93,conditional_ppg,direct_lightgbm_plus_feature_team_rush_attempt_share,season,2020,bias,420,1,-0.09850853990101202,-2.50699336451964,2.4084848246186277
m4a_legacy_individual_features_20260728T045617Z_de1b0e93,conditional_ppg,direct_lightgbm_plus_feature_team_rush_attempt_share,season,2020,spearman,420,1,0.8089406633288448,0.7558180220636451,0.05312264126519972
m4a_legacy_individual_features_20260728T045617Z_de1b0e93,conditional_ppg,direct_lightgbm_plus_feature_team_rush_attempt_share,season,2021,rmse,417,1,3.1067397595097543,4.1314790282308635,-1.0247392687211092
m4a_legacy_individual_features_20260728T045617Z_de1b0e93,conditional_ppg,direct_lightgbm_plus_feature_team_rush_attempt_share,season,2021,mae,417,1,2.402298716087087,3.004519719344607,-0.6022210032575201
m4a_legacy_individual_features_20260728T045617Z_de1b0e93,conditional_ppg,direct_lightgbm_plus_feature_team_rush_attempt_share,season,2021,bias,417,1,0.09129352021632657,-2.1396464537194677,2.2309399739357945
m4a_legacy_individual_features_20260728T045617Z_de1b0e93,conditional_ppg,direct_lightgbm_plus_feature_team_rush_attempt_share,season,2021,spearman,417,1,0.7956066293768118,0.7425784631898492,0.0530281661869626
m4a_legacy_individual_features_20260728T045617Z_de1b0e93,conditional_ppg,direct_lightgbm_plus_feature_team_rush_attempt_share,season,2022,rmse,426,1,2.882460032810634,3.8223751589851123,-0.9399151261744785
m4a_legacy_individual_features_20260728T045617Z_de1b0e93,conditional_ppg,direct_lightgbm_plus_feature_team_rush_attempt_share,season,2022,mae,426,1,2.3514257448574654,2.842258114416837,-0.4908323695593717
m4a_legacy_individual_features_20260728T045617Z_de1b0e93,conditional_ppg,direct_lightgbm_plus_feature_team_rush_attempt_share,season,2022,bias,426,1,0.6473329996629673,-1.7513690790122993,2.3987020786752664
m4a_legacy_individual_features_20260728T045617Z_de1b0e93,conditional_ppg,direct_lightgbm_plus_feature_team_rush_attempt_share,season,2022,spearman,426,1,0.8202052347242642,0.7428755546703996,0.07732968005386465
m4a_legacy_individual_features_20260728T045617Z_de1b0e93,conditional_ppg,direct_lightgbm_plus_feature_team_rush_attempt_share,season,2023,rmse,415,1,3.2278564497946216,4.221586995253445,-0.9937305454588237
m4a_legacy_individual_features_20260728T045617Z_de1b0e93,conditional_ppg,direct_lightgbm_plus_feature_team_rush_attempt_share,season,2023,mae,415,1,2.5232937416010754,3.0334052938510987,-0.5101115522500232
m4a_legacy_individual_features_20260728T045617Z_de1b0e93,conditional_ppg,direct_lightgbm_plus_feature_team_rush_attempt_share,season,2023,bias,415,1,0.4765256514529076,-1.9127507670094155,2.389276418462323
m4a_legacy_individual_features_20260728T045617Z_de1b0e93,conditional_ppg,direct_lightgbm_plus_feature_team_rush_attempt_share,season,2023,spearman,415,1,0.8026074627135511,0.6928791932643551,0.109728269449196
m4a_legacy_individual_features_20260728T045617Z_de1b0e93,conditional_ppg,direct_lightgbm_plus_feature_team_rush_attempt_share,season,2024,rmse,408,1,3.183716731654469,4.2776523227631555,-1.0939355911086865
m4a_legacy_individual_features_20260728T045617Z_de1b0e93,conditional_ppg,direct_lightgbm_plus_feature_team_rush_attempt_share,season,2024,mae,408,1,2.5652170795265983,3.2002566358121665,-0.6350395562855682
m4a_legacy_individual_features_20260728T045617Z_de1b0e93,conditional_ppg,direct_lightgbm_plus_feature_team_rush_attempt_share,season,2024,bias,408,1,0.26947188236766967,-2.022226818172098,2.2916987005397678
m4a_legacy_individual_features_20260728T045617Z_de1b0e93,conditional_ppg,direct_lightgbm_plus_feature_team_rush_attempt_share,season,2024,spearman,408,1,0.8060477028457745,0.7254682010396428,0.08057950180613171
m4a_legacy_individual_features_20260728T045617Z_de1b0e93,conditional_ppg,direct_lightgbm_plus_feature_team_rush_attempt_share,season,2025,rmse,416,1,2.9629543606272812,3.552154687210895,-0.5892003265836139
m4a_legacy_individual_features_20260728T045617Z_de1b0e93,conditional_ppg,direct_lightgbm_plus_feature_team_rush_attempt_share,season,2025,mae,416,1,2.300782206575972,2.7289555795750813,-0.42817337299910907
m4a_legacy_individual_features_20260728T045617Z_de1b0e93,conditional_ppg,direct_lightgbm_plus_feature_team_rush_attempt_share,season,2025,bias,416,1,0.3893017097255133,-1.2328853324361086,1.622187042161622
m4a_legacy_individual_features_20260728T045617Z_de1b0e93,conditional_ppg,direct_lightgbm_plus_feature_team_rush_attempt_share,season,2025,spearman,416,1,0.8161673692489556,0.782469913058102,0.033697456190853625
m4a_legacy_individual_features_20260728T045617Z_de1b0e93,conditional_ppg,direct_lightgbm_plus_feature_team_rush_attempt_share,history_depth,other_no_history,rmse,27,8,2.6035815310126136,6.4683220498114276,-3.864740518798814
m4a_legacy_individual_features_20260728T045617Z_de1b0e93,conditional_ppg,direct_lightgbm_plus_feature_team_rush_attempt_share,history_depth,other_no_history,mae,27,8,2.0608479547909773,4.461598216447073,-2.400750261656096
m4a_legacy_individual_features_20260728T045617Z_de1b0e93,conditional_ppg,direct_lightgbm_plus_feature_team_rush_attempt_share,history_depth,other_no_history,bias,27,8,0.7618934458262627,-4.368357475706332,5.130250921532594
m4a_legacy_individual_features_20260728T045617Z_de1b0e93,conditional_ppg,direct_lightgbm_plus_feature_team_rush_attempt_share,history_depth,other_no_history,spearman,27,8,0.398046398046398,0.3099630400605697,0.08808335798582834
m4a_legacy_individual_features_20260728T045617Z_de1b0e93,conditional_ppg,direct_lightgbm_plus_feature_team_rush_attempt_share,history_depth,rookie,rmse,532,9,3.4601536633161536,4.9501399507842265,-1.489986287468073
m4a_legacy_individual_features_20260728T045617Z_de1b0e93,conditional_ppg,direct_lightgbm_plus_feature_team_rush_attempt_share,history_depth,rookie,mae,532,9,2.772355673722523,3.6281836185347482,-0.8558279448122255
m4a_legacy_individual_features_20260728T045617Z_de1b0e93,conditional_ppg,direct_lightgbm_plus_feature_team_rush_attempt_share,history_depth,rookie,bias,532,9,0.2945693542806869,-2.8213558829459355,3.1159252372266226
m4a_legacy_individual_features_20260728T045617Z_de1b0e93,conditional_ppg,direct_lightgbm_plus_feature_team_rush_attempt_share,history_depth,rookie,spearman,532,9,0.6468867611394423,0.5456141139567152,0.1012726471827271
m4a_legacy_individual_features_20260728T045617Z_de1b0e93,conditional_ppg,direct_lightgbm_plus_feature_team_rush_attempt_share,history_depth,second_year,rmse,568,9,3.2429802474151876,4.259843856007934,-1.0168636085927463
m4a_legacy_individual_features_20260728T045617Z_de1b0e93,conditional_ppg,direct_lightgbm_plus_feature_team_rush_attempt_share,history_depth,second_year,mae,568,9,2.499002863656043,3.194144907042518,-0.695142043386475
m4a_legacy_individual_features_20260728T045617Z_de1b0e93,conditional_ppg,direct_lightgbm_plus_feature_team_rush_attempt_share,history_depth,second_year,bias,568,9,0.2090666253185981,-2.2698764585662343,2.4789430838848325
m4a_legacy_individual_features_20260728T045617Z_de1b0e93,conditional_ppg,direct_lightgbm_plus_feature_team_rush_attempt_share,history_depth,second_year,spearman,568,9,0.761862061412253,0.7154312477547689,0.04643081365748414
m4a_legacy_individual_features_20260728T045617Z_de1b0e93,conditional_ppg,direct_lightgbm_plus_feature_team_rush_attempt_share,history_depth,veteran_with_history,rmse,2574,9,3.0615415108841244,4.018822079009796,-0.9572805681256717
m4a_legacy_individual_features_20260728T045617Z_de1b0e93,conditional_ppg,direct_lightgbm_plus_feature_team_rush_attempt_share,history_depth,veteran_with_history,mae,2574,9,2.402920433615711,2.9739951969693554,-0.5710747633536446
m4a_legacy_individual_features_20260728T045617Z_de1b0e93,conditional_ppg,direct_lightgbm_plus_feature_team_rush_attempt_share,history_depth,veteran_with_history,bias,2574,9,0.17784519419537567,-1.8547363189666835,2.032581513162059
m4a_legacy_individual_features_20260728T045617Z_de1b0e93,conditional_ppg,direct_lightgbm_plus_feature_team_rush_attempt_share,history_depth,veteran_with_history,spearman,2574,9,0.8317940431505093,0.7696548572471656,0.06213918590334366
m4a_legacy_individual_features_20260728T045617Z_de1b0e93,conditional_ppg,direct_lightgbm_plus_feature_team_rush_attempt_share,provider_depth,one,rmse,119,9,2.9123917830397263,5.335759809018117,-2.4233680259783905
m4a_legacy_individual_features_20260728T045617Z_de1b0e93,conditional_ppg,direct_lightgbm_plus_feature_team_rush_attempt_share,provider_depth,one,mae,119,9,2.330928096507959,4.162035059985875,-1.8311069634779162
m4a_legacy_individual_features_20260728T045617Z_de1b0e93,conditional_ppg,direct_lightgbm_plus_feature_team_rush_attempt_share,provider_depth,one,bias,119,9,0.23158728761691283,-4.075903666251912,4.307490953868824
m4a_legacy_individual_features_20260728T045617Z_de1b0e93,conditional_ppg,direct_lightgbm_plus_feature_team_rush_attempt_share,provider_depth,one,spearman,119,9,0.3276633777075326,0.0846903736327424,0.24297300407479022
m4a_legacy_individual_features_20260728T045617Z_de1b0e93,conditional_ppg,direct_lightgbm_plus_feature_team_rush_attempt_share,provider_depth,three_plus,rmse,3047,9,3.273100079650748,4.234561588827272,-0.9614615091765235
m4a_legacy_individual_features_20260728T045617Z_de1b0e93,conditional_ppg,direct_lightgbm_plus_feature_team_rush_attempt_share,provider_depth,three_plus,mae,3047,9,2.579709119457247,3.083413022185609,-0.5037039027283621
m4a_legacy_individual_features_20260728T045617Z_de1b0e93,conditional_ppg,direct_lightgbm_plus_feature_team_rush_attempt_share,provider_depth,three_plus,bias,3047,9,0.15519808515061378,-1.8601803512837727,2.0153784364343865
m4a_legacy_individual_features_20260728T045617Z_de1b0e93,conditional_ppg,direct_lightgbm_plus_feature_team_rush_attempt_share,provider_depth,three_plus,spearman,3047,9,0.815998615687096,0.7420132292410677,0.07398538644602826
m4a_legacy_individual_features_20260728T045617Z_de1b0e93,conditional_ppg,direct_lightgbm_plus_feature_team_rush_attempt_share,provider_depth,two,rmse,535,9,2.3679534099221393,3.8717805693613485,-1.5038271594392092
m4a_legacy_individual_features_20260728T045617Z_de1b0e93,conditional_ppg,direct_lightgbm_plus_feature_team_rush_attempt_share,provider_depth,two,mae,535,9,1.8641734680608057,3.0458937016186125,-1.1817202335578068
m4a_legacy_individual_features_20260728T045617Z_de1b0e93,conditional_ppg,direct_lightgbm_plus_feature_team_rush_attempt_share,provider_depth,two,bias,535,9,0.4735662427554439,-2.8584785577785787,3.332044800534023
m4a_legacy_individual_features_20260728T045617Z_de1b0e93,conditional_ppg,direct_lightgbm_plus_feature_team_rush_attempt_share,provider_depth,two,spearman,535,9,0.29261729469665837,0.18403251077198343,0.10858478392467494
m4a_legacy_individual_features_20260728T045617Z_de1b0e93,conditional_ppg,direct_lightgbm_plus_feature_team_rush_attempt_share,provider_era,2017_2019,rmse,1199,3,3.235668166631179,4.503004396091149,-1.26733622945997
m4a_legacy_individual_features_20260728T045617Z_de1b0e93,conditional_ppg,direct_lightgbm_plus_feature_team_rush_attempt_share,provider_era,2017_2019,mae,1199,3,2.5365273293399837,3.350291605304253,-0.8137642759642691
m4a_legacy_individual_features_20260728T045617Z_de1b0e93,conditional_ppg,direct_lightgbm_plus_feature_team_rush_attempt_share,provider_era,2017_2019,bias,1199,3,0.00975274305380204,-2.3847328396014364,2.3944855826552387
m4a_legacy_individual_features_20260728T045617Z_de1b0e93,conditional_ppg,direct_lightgbm_plus_feature_team_rush_attempt_share,provider_era,2017_2019,spearman,1199,3,0.7846394241455156,0.7186707029412654,0.06596872120425012
m4a_legacy_individual_features_20260728T045617Z_de1b0e93,conditional_ppg,direct_lightgbm_plus_feature_team_rush_attempt_share,provider_era,2020_2022,rmse,1263,3,3.0808291889217267,4.137612979315968,-1.056783790394241
m4a_legacy_individual_features_20260728T045617Z_de1b0e93,conditional_ppg,direct_lightgbm_plus_feature_team_rush_attempt_share,provider_era,2020_2022,mae,1263,3,2.4092555810432823,3.011228599272546,-0.6019730182292635
m4a_legacy_individual_features_20260728T045617Z_de1b0e93,conditional_ppg,direct_lightgbm_plus_feature_team_rush_attempt_share,provider_era,2020_2022,bias,1263,3,0.2157242035061023,-2.13084165634086,2.3465658598469625
m4a_legacy_individual_features_20260728T045617Z_de1b0e93,conditional_ppg,direct_lightgbm_plus_feature_team_rush_attempt_share,provider_era,2020_2022,spearman,1263,3,0.8074211339843208,0.7457313838185303,0.06168975016579048
m4a_legacy_individual_features_20260728T045617Z_de1b0e93,conditional_ppg,direct_lightgbm_plus_feature_team_rush_attempt_share,provider_era,2023_plus,rmse,1239,3,3.1265381126231837,4.028826907371568,-0.902288794748384
m4a_legacy_individual_features_20260728T045617Z_de1b0e93,conditional_ppg,direct_lightgbm_plus_feature_team_rush_attempt_share,provider_era,2023_plus,mae,1239,3,2.462389724896613,2.986128672689914,-0.523738947793301
m4a_legacy_individual_features_20260728T045617Z_de1b0e93,conditional_ppg,direct_lightgbm_plus_feature_team_rush_attempt_share,provider_era,2023_plus,bias,1239,3,0.3790574532726226,-1.7205330172853468,2.0995904705579695
m4a_legacy_individual_features_20260728T045617Z_de1b0e93,conditional_ppg,direct_lightgbm_plus_feature_team_rush_attempt_share,provider_era,2023_plus,spearman,1239,3,0.805662479361555,0.7342988709869787,0.07136360837457634
m4a_legacy_individual_features_20260728T045617Z_de1b0e93,conditional_ppg,direct_lightgbm_plus_feature_team_target_share,position,QB,rmse,380,9,3.540521429282468,7.40325384335132,-3.862732414068852
m4a_legacy_individual_features_20260728T045617Z_de1b0e93,conditional_ppg,direct_lightgbm_plus_feature_team_target_share,position,QB,mae,380,9,2.8100527706100222,5.406778790352811,-2.5967260197427886
m4a_legacy_individual_features_20260728T045617Z_de1b0e93,conditional_ppg,direct_lightgbm_plus_feature_team_target_share,position,QB,bias,380,9,-0.2623443931931256,-4.351816669206204,4.089472276013078
m4a_legacy_individual_features_20260728T045617Z_de1b0e93,conditional_ppg,direct_lightgbm_plus_feature_team_target_share,position,QB,spearman,380,9,0.5883508408363481,0.6033518575734516,-0.015001016737103412
m4a_legacy_individual_features_20260728T045617Z_de1b0e93,conditional_ppg,direct_lightgbm_plus_feature_team_target_share,position,RB,rmse,1016,9,3.5225984630851124,4.177344718174207,-0.6547462550890946
m4a_legacy_individual_features_20260728T045617Z_de1b0e93,conditional_ppg,direct_lightgbm_plus_feature_team_target_share,position,RB,mae,1016,9,2.788901189732283,3.1666944752693302,-0.3777932855370474
m4a_legacy_individual_features_20260728T045617Z_de1b0e93,conditional_ppg,direct_lightgbm_plus_feature_team_target_share,position,RB,bias,1016,9,0.12740794312325063,-2.074252054734232,2.2016599978574822
m4a_legacy_individual_features_20260728T045617Z_de1b0e93,conditional_ppg,direct_lightgbm_plus_feature_team_target_share,position,RB,spearman,1016,9,0.7398837787358183,0.7284272163676383,0.011456562368180045
m4a_legacy_individual_features_20260728T045617Z_de1b0e93,conditional_ppg,direct_lightgbm_plus_feature_team_target_share,position,TE,rmse,802,9,2.3157744264012114,2.9331861674511854,-0.617411741049974
m4a_legacy_individual_features_20260728T045617Z_de1b0e93,conditional_ppg,direct_lightgbm_plus_feature_team_target_share,position,TE,mae,802,9,1.8195175103896706,2.3188478825601355,-0.49933037217046494
m4a_legacy_individual_features_20260728T045617Z_de1b0e93,conditional_ppg,direct_lightgbm_plus_feature_team_target_share,position,TE,bias,802,9,0.32840589511677065,-1.6125117927348234,1.9409176878515941
m4a_legacy_individual_features_20260728T045617Z_de1b0e93,conditional_ppg,direct_lightgbm_plus_feature_team_target_share,position,TE,spearman,802,9,0.6962495889564333,0.6893443768060465,0.0069052121503867525
m4a_legacy_individual_features_20260728T045617Z_de1b0e93,conditional_ppg,direct_lightgbm_plus_feature_team_target_share,position,WR,rmse,1503,9,3.141185340865257,3.7011367089159544,-0.5599513680506973
m4a_legacy_individual_features_20260728T045617Z_de1b0e93,conditional_ppg,direct_lightgbm_plus_feature_team_target_share,position,WR,mae,1503,9,2.499621991069458,2.9197213919380522,-0.4200994008685943
m4a_legacy_individual_features_20260728T045617Z_de1b0e93,conditional_ppg,direct_lightgbm_plus_feature_team_target_share,position,WR,bias,1503,9,0.3256140978503193,-1.7484519064374633,2.0740660042877828
m4a_legacy_individual_features_20260728T045617Z_de1b0e93,conditional_ppg,direct_lightgbm_plus_feature_team_target_share,position,WR,spearman,1503,9,0.7512102494420348,0.7533404253666947,-0.002130175924659805
m4a_legacy_individual_features_20260728T045617Z_de1b0e93,conditional_ppg,direct_lightgbm_plus_feature_team_target_share,season,2017,rmse,407,1,3.1112534674483974,4.36645042925793,-1.2551969618095327
m4a_legacy_individual_features_20260728T045617Z_de1b0e93,conditional_ppg,direct_lightgbm_plus_feature_team_target_share,season,2017,mae,407,1,2.452233761390179,3.155298194425311,-0.7030644330351321
m4a_legacy_individual_features_20260728T045617Z_de1b0e93,conditional_ppg,direct_lightgbm_plus_feature_team_target_share,season,2017,bias,407,1,0.4965973343798613,-2.001344182039299,2.4979415164191607
m4a_legacy_individual_features_20260728T045617Z_de1b0e93,conditional_ppg,direct_lightgbm_plus_feature_team_target_share,season,2017,spearman,407,1,0.7892409945403126,0.6896147256046201,0.09962626893569249
m4a_legacy_individual_features_20260728T045617Z_de1b0e93,conditional_ppg,direct_lightgbm_plus_feature_team_target_share,season,2018,rmse,405,1,3.355184019825891,4.714160529640733,-1.3589765098148416
m4a_legacy_individual_features_20260728T045617Z_de1b0e93,conditional_ppg,direct_lightgbm_plus_feature_team_target_share,season,2018,mae,405,1,2.589328231227514,3.591068328096669,-1.0017400968691548
m4a_legacy_individual_features_20260728T045617Z_de1b0e93,conditional_ppg,direct_lightgbm_plus_feature_team_target_share,season,2018,bias,405,1,-0.43907241436847083,-2.8137009099333685,2.3746284955648975
m4a_legacy_individual_features_20260728T045617Z_de1b0e93,conditional_ppg,direct_lightgbm_plus_feature_team_target_share,season,2018,spearman,405,1,0.7895745990026303,0.7425066216425864,0.04706797736004387
m4a_legacy_individual_features_20260728T045617Z_de1b0e93,conditional_ppg,direct_lightgbm_plus_feature_team_target_share,season,2019,rmse,387,1,3.26072635478374,4.417467076151702,-1.156740721367962
m4a_legacy_individual_features_20260728T045617Z_de1b0e93,conditional_ppg,direct_lightgbm_plus_feature_team_target_share,season,2019,mae,387,1,2.586555206349808,3.303386554908389,-0.7168313485585811
m4a_legacy_individual_features_20260728T045617Z_de1b0e93,conditional_ppg,direct_lightgbm_plus_feature_team_target_share,season,2019,bias,387,1,0.04209748749793195,-2.3390147908762615,2.3811122783741934
m4a_legacy_individual_features_20260728T045617Z_de1b0e93,conditional_ppg,direct_lightgbm_plus_feature_team_target_share,season,2019,spearman,387,1,0.7776251212471854,0.7230240158078952,0.0546011054392902
m4a_legacy_individual_features_20260728T045617Z_de1b0e93,conditional_ppg,direct_lightgbm_plus_feature_team_target_share,season,2020,rmse,420,1,3.2107032809547507,4.440195645661847,-1.229492364707096
m4a_legacy_individual_features_20260728T045617Z_de1b0e93,conditional_ppg,direct_lightgbm_plus_feature_team_target_share,season,2020,mae,420,1,2.445993252506785,3.1892739075546475,-0.7432806550478626
m4a_legacy_individual_features_20260728T045617Z_de1b0e93,conditional_ppg,direct_lightgbm_plus_feature_team_target_share,season,2020,bias,420,1,-0.10316333088747227,-2.50699336451964,2.4038300336321674
m4a_legacy_individual_features_20260728T045617Z_de1b0e93,conditional_ppg,direct_lightgbm_plus_feature_team_target_share,season,2020,spearman,420,1,0.8118593076577605,0.7558180220636451,0.056041285594115364
m4a_legacy_individual_features_20260728T045617Z_de1b0e93,conditional_ppg,direct_lightgbm_plus_feature_team_target_share,season,2021,rmse,417,1,3.0933703731070077,4.1314790282308635,-1.0381086551238559
m4a_legacy_individual_features_20260728T045617Z_de1b0e93,conditional_ppg,direct_lightgbm_plus_feature_team_target_share,season,2021,mae,417,1,2.3913136652663427,3.004519719344607,-0.6132060540782645
m4a_legacy_individual_features_20260728T045617Z_de1b0e93,conditional_ppg,direct_lightgbm_plus_feature_team_target_share,season,2021,bias,417,1,0.0897767419782313,-2.1396464537194677,2.229423195697699
m4a_legacy_individual_features_20260728T045617Z_de1b0e93,conditional_ppg,direct_lightgbm_plus_feature_team_target_share,season,2021,spearman,417,1,0.7972796657334841,0.7425784631898492,0.054701202543634864
m4a_legacy_individual_features_20260728T045617Z_de1b0e93,conditional_ppg,direct_lightgbm_plus_feature_team_target_share,season,2022,rmse,426,1,2.8838095008929767,3.8223751589851123,-0.9385656580921355
m4a_legacy_individual_features_20260728T045617Z_de1b0e93,conditional_ppg,direct_lightgbm_plus_feature_team_target_share,season,2022,mae,426,1,2.348336096478188,2.842258114416837,-0.4939220179386492
m4a_legacy_individual_features_20260728T045617Z_de1b0e93,conditional_ppg,direct_lightgbm_plus_feature_team_target_share,season,2022,bias,426,1,0.6551798932139413,-1.7513690790122993,2.4065489722262408
m4a_legacy_individual_features_20260728T045617Z_de1b0e93,conditional_ppg,direct_lightgbm_plus_feature_team_target_share,season,2022,spearman,426,1,0.8203878403316585,0.7428755546703996,0.0775122856612589
m4a_legacy_individual_features_20260728T045617Z_de1b0e93,conditional_ppg,direct_lightgbm_plus_feature_team_target_share,season,2023,rmse,415,1,3.2189933357722236,4.221586995253445,-1.0025936594812217
m4a_legacy_individual_features_20260728T045617Z_de1b0e93,conditional_ppg,direct_lightgbm_plus_feature_team_target_share,season,2023,mae,415,1,2.513307077220525,3.0334052938510987,-0.5200982166305739
m4a_legacy_individual_features_20260728T045617Z_de1b0e93,conditional_ppg,direct_lightgbm_plus_feature_team_target_share,season,2023,bias,415,1,0.46027305593401524,-1.9127507670094155,2.3730238229434306
m4a_legacy_individual_features_20260728T045617Z_de1b0e93,conditional_ppg,direct_lightgbm_plus_feature_team_target_share,season,2023,spearman,415,1,0.801972489775789,0.6928791932643551,0.10909329651143396
m4a_legacy_individual_features_20260728T045617Z_de1b0e93,conditional_ppg,direct_lightgbm_plus_feature_team_target_share,season,2024,rmse,408,1,3.169659264024114,4.2776523227631555,-1.1079930587390416
m4a_legacy_individual_features_20260728T045617Z_de1b0e93,conditional_ppg,direct_lightgbm_plus_feature_team_target_share,season,2024,mae,408,1,2.5583805886104534,3.2002566358121665,-0.6418760472017131
m4a_legacy_individual_features_20260728T045617Z_de1b0e93,conditional_ppg,direct_lightgbm_plus_feature_team_target_share,season,2024,bias,408,1,0.28557215719000845,-2.022226818172098,2.307798975362106
m4a_legacy_individual_features_20260728T045617Z_de1b0e93,conditional_ppg,direct_lightgbm_plus_feature_team_target_share,season,2024,spearman,408,1,0.8074819740941048,0.7254682010396428,0.082013773054462
m4a_legacy_individual_features_20260728T045617Z_de1b0e93,conditional_ppg,direct_lightgbm_plus_feature_team_target_share,season,2025,rmse,416,1,2.9524558743984053,3.552154687210895,-0.5996988128124898
m4a_legacy_individual_features_20260728T045617Z_de1b0e93,conditional_ppg,direct_lightgbm_plus_feature_team_target_share,season,2025,mae,416,1,2.3030450945942107,2.7289555795750813,-0.4259104849808706
m4a_legacy_individual_features_20260728T045617Z_de1b0e93,conditional_ppg,direct_lightgbm_plus_feature_team_target_share,season,2025,bias,416,1,0.3875262200239891,-1.2328853324361086,1.6204115524600977
m4a_legacy_individual_features_20260728T045617Z_de1b0e93,conditional_ppg,direct_lightgbm_plus_feature_team_target_share,season,2025,spearman,416,1,0.8111936882651017,0.782469913058102,0.028723775206999758
m4a_legacy_individual_features_20260728T045617Z_de1b0e93,conditional_ppg,direct_lightgbm_plus_feature_team_target_share,history_depth,other_no_history,rmse,27,8,2.6654464404446623,6.4683220498114276,-3.8028756093667653
m4a_legacy_individual_features_20260728T045617Z_de1b0e93,conditional_ppg,direct_lightgbm_plus_feature_team_target_share,history_depth,other_no_history,mae,27,8,2.052369763116644,4.461598216447073,-2.409228453330429
m4a_legacy_individual_features_20260728T045617Z_de1b0e93,conditional_ppg,direct_lightgbm_plus_feature_team_target_share,history_depth,other_no_history,bias,27,8,0.7757337147674862,-4.368357475706332,5.144091190473818
m4a_legacy_individual_features_20260728T045617Z_de1b0e93,conditional_ppg,direct_lightgbm_plus_feature_team_target_share,history_depth,other_no_history,spearman,27,8,0.4694749694749695,0.3099630400605697,0.1595119294143998
m4a_legacy_individual_features_20260728T045617Z_de1b0e93,conditional_ppg,direct_lightgbm_plus_feature_team_target_share,history_depth,rookie,rmse,532,9,3.4557792755619463,4.9501399507842265,-1.4943606752222802
m4a_legacy_individual_features_20260728T045617Z_de1b0e93,conditional_ppg,direct_lightgbm_plus_feature_team_target_share,history_depth,rookie,mae,532,9,2.761709598392626,3.6281836185347482,-0.8664740201421224
m4a_legacy_individual_features_20260728T045617Z_de1b0e93,conditional_ppg,direct_lightgbm_plus_feature_team_target_share,history_depth,rookie,bias,532,9,0.3096081679909605,-2.8213558829459355,3.130964050936896
m4a_legacy_individual_features_20260728T045617Z_de1b0e93,conditional_ppg,direct_lightgbm_plus_feature_team_target_share,history_depth,rookie,spearman,532,9,0.6521616326004049,0.5456141139567152,0.10654751864368972
m4a_legacy_individual_features_20260728T045617Z_de1b0e93,conditional_ppg,direct_lightgbm_plus_feature_team_target_share,history_depth,second_year,rmse,568,9,3.2400592170642497,4.259843856007934,-1.0197846389436842
m4a_legacy_individual_features_20260728T045617Z_de1b0e93,conditional_ppg,direct_lightgbm_plus_feature_team_target_share,history_depth,second_year,mae,568,9,2.4989623506130707,3.194144907042518,-0.6951825564294474
m4a_legacy_individual_features_20260728T045617Z_de1b0e93,conditional_ppg,direct_lightgbm_plus_feature_team_target_share,history_depth,second_year,bias,568,9,0.22149827849719936,-2.2698764585662343,2.491374737063434
m4a_legacy_individual_features_20260728T045617Z_de1b0e93,conditional_ppg,direct_lightgbm_plus_feature_team_target_share,history_depth,second_year,spearman,568,9,0.7612236791260233,0.7154312477547689,0.04579243137125444
m4a_legacy_individual_features_20260728T045617Z_de1b0e93,conditional_ppg,direct_lightgbm_plus_feature_team_target_share,history_depth,veteran_with_history,rmse,2574,9,3.0531266152850174,4.018822079009796,-0.9656954637247788
m4a_legacy_individual_features_20260728T045617Z_de1b0e93,conditional_ppg,direct_lightgbm_plus_feature_team_target_share,history_depth,veteran_with_history,mae,2574,9,2.3983972231594666,2.9739951969693554,-0.5755979738098889
m4a_legacy_individual_features_20260728T045617Z_de1b0e93,conditional_ppg,direct_lightgbm_plus_feature_team_target_share,history_depth,veteran_with_history,bias,2574,9,0.18300999995967074,-1.8547363189666835,2.037746318926354
m4a_legacy_individual_features_20260728T045617Z_de1b0e93,conditional_ppg,direct_lightgbm_plus_feature_team_target_share,history_depth,veteran_with_history,spearman,2574,9,0.8322791472669742,0.7696548572471656,0.06262429001980852
m4a_legacy_individual_features_20260728T045617Z_de1b0e93,conditional_ppg,direct_lightgbm_plus_feature_team_target_share,provider_depth,one,rmse,119,9,2.926813461944195,5.335759809018117,-2.408946347073922
m4a_legacy_individual_features_20260728T045617Z_de1b0e93,conditional_ppg,direct_lightgbm_plus_feature_team_target_share,provider_depth,one,mae,119,9,2.3351338382916422,4.162035059985875,-1.826901221694233
m4a_legacy_individual_features_20260728T045617Z_de1b0e93,conditional_ppg,direct_lightgbm_plus_feature_team_target_share,provider_depth,one,bias,119,9,0.2620667170807399,-4.075903666251912,4.337970383332651
m4a_legacy_individual_features_20260728T045617Z_de1b0e93,conditional_ppg,direct_lightgbm_plus_feature_team_target_share,provider_depth,one,spearman,119,9,0.31250912457690955,0.0846903736327424,0.22781875094416715
m4a_legacy_individual_features_20260728T045617Z_de1b0e93,conditional_ppg,direct_lightgbm_plus_feature_team_target_share,provider_depth,three_plus,rmse,3047,9,3.2645880638217504,4.234561588827272,-0.9699735250055213
m4a_legacy_individual_features_20260728T045617Z_de1b0e93,conditional_ppg,direct_lightgbm_plus_feature_team_target_share,provider_depth,three_plus,mae,3047,9,2.5733491351014237,3.083413022185609,-0.5100638870841854
m4a_legacy_individual_features_20260728T045617Z_de1b0e93,conditional_ppg,direct_lightgbm_plus_feature_team_target_share,provider_depth,three_plus,bias,3047,9,0.1559795589319429,-1.8601803512837727,2.0161599102157157
m4a_legacy_individual_features_20260728T045617Z_de1b0e93,conditional_ppg,direct_lightgbm_plus_feature_team_target_share,provider_depth,three_plus,spearman,3047,9,0.8162913990773362,0.7420132292410677,0.07427816983626845
m4a_legacy_individual_features_20260728T045617Z_de1b0e93,conditional_ppg,direct_lightgbm_plus_feature_team_target_share,provider_depth,two,rmse,535,9,2.3715217626909864,3.8717805693613485,-1.5002588066703622
m4a_legacy_individual_features_20260728T045617Z_de1b0e93,conditional_ppg,direct_lightgbm_plus_feature_team_target_share,provider_depth,two,mae,535,9,1.8666407777550944,3.0458937016186125,-1.179252923863518
m4a_legacy_individual_features_20260728T045617Z_de1b0e93,conditional_ppg,direct_lightgbm_plus_feature_team_target_share,provider_depth,two,bias,535,9,0.5160363782322929,-2.8584785577785787,3.3745149360108715
m4a_legacy_individual_features_20260728T045617Z_de1b0e93,conditional_ppg,direct_lightgbm_plus_feature_team_target_share,provider_depth,two,spearman,535,9,0.2980289099943316,0.18403251077198343,0.1139963992223482
m4a_legacy_individual_features_20260728T045617Z_de1b0e93,conditional_ppg,direct_lightgbm_plus_feature_team_target_share,provider_era,2017_2019,rmse,1199,3,3.243473325398026,4.503004396091149,-1.2595310706931229
m4a_legacy_individual_features_20260728T045617Z_de1b0e93,conditional_ppg,direct_lightgbm_plus_feature_team_target_share,provider_era,2017_2019,mae,1199,3,2.5418965299335463,3.350291605304253,-0.8083950753707065
m4a_legacy_individual_features_20260728T045617Z_de1b0e93,conditional_ppg,direct_lightgbm_plus_feature_team_target_share,provider_era,2017_2019,bias,1199,3,0.033846968252771094,-2.3847328396014364,2.4185798078542073
m4a_legacy_individual_features_20260728T045617Z_de1b0e93,conditional_ppg,direct_lightgbm_plus_feature_team_target_share,provider_era,2017_2019,spearman,1199,3,0.7841172469208948,0.7186707029412654,0.06544654397962935
m4a_legacy_individual_features_20260728T045617Z_de1b0e93,conditional_ppg,direct_lightgbm_plus_feature_team_target_share,provider_era,2020_2022,rmse,1263,3,3.0647066107302163,4.137612979315968,-1.0729063685857514
m4a_legacy_individual_features_20260728T045617Z_de1b0e93,conditional_ppg,direct_lightgbm_plus_feature_team_target_share,provider_era,2020_2022,mae,1263,3,2.395000903854808,3.011228599272546,-0.6162276954177379
m4a_legacy_individual_features_20260728T045617Z_de1b0e93,conditional_ppg,direct_lightgbm_plus_feature_team_target_share,provider_era,2020_2022,bias,1263,3,0.21632219868671665,-2.13084165634086,2.347163855027577
m4a_legacy_individual_features_20260728T045617Z_de1b0e93,conditional_ppg,direct_lightgbm_plus_feature_team_target_share,provider_era,2020_2022,spearman,1263,3,0.8091006588329481,0.7457313838185303,0.0633692750144178
m4a_legacy_individual_features_20260728T045617Z_de1b0e93,conditional_ppg,direct_lightgbm_plus_feature_team_target_share,provider_era,2023_plus,rmse,1239,3,3.1154197557947385,4.028826907371568,-0.9134071515768292
m4a_legacy_individual_features_20260728T045617Z_de1b0e93,conditional_ppg,direct_lightgbm_plus_feature_team_target_share,provider_era,2023_plus,mae,1239,3,2.4575532498392043,2.986128672689914,-0.5285754228507096
m4a_legacy_individual_features_20260728T045617Z_de1b0e93,conditional_ppg,direct_lightgbm_plus_feature_team_target_share,provider_era,2023_plus,bias,1239,3,0.37831934291857894,-1.7205330172853468,2.0988523602039257
m4a_legacy_individual_features_20260728T045617Z_de1b0e93,conditional_ppg,direct_lightgbm_plus_feature_team_target_share,provider_era,2023_plus,spearman,1239,3,0.8053155912742688,0.7342988709869787,0.07101672028729011
