scope,period,method,n,ppg_crps,ppg_mae_mean,ppg_bias,ppg_80_coverage,ppg_pit_mean,ppg_pit_ks,contribution_crps,contribution_mae_mean,contribution_bias,contribution_80_coverage,contribution_pit_mean,contribution_pit_ks,plus3_actual_rate,plus3_predicted_rate,plus3_brier,plus3_auc,plus5_actual_rate,plus5_predicted_rate,plus5_brier,plus5_auc,impact_actual_rate,impact_predicted_rate,impact_brier,impact_auc,zero_actual_rate,zero_predicted_rate,zero_brier,zero_auc,contribution_q90_spearman,tail_lift_surprise_spearman,raw_residual_mean,effective_sample_size,max_donor_probability,played_crps,played_mae_mean,played_bias,played_80_coverage,extended_absence_actual_rate,extended_absence_predicted_rate,extended_absence_brier,extended_absence_auc,weighted_season_gap,weight_last3_seasons,weight_10plus_seasons,height_weight,weight_weight,positions,primary,recency_half_life,total_match_weight,qb_feature_count,rb_feature_count,wr_feature_count,te_feature_count
all,all_2017_2025,height_w025_all,1620.0,1.9121722528825134,2.6905388516868416,-0.07371966714864389,0.817283950617284,0.5111773342990451,0.028456399163370727,20.60406607697536,29.66795707115627,-0.19382166036399742,0.8117283950617284,0.5019898630111651,0.016826937838581135,0.18888888888888888,0.18317539562008622,0.15343462927447193,0.547044896091364,0.07469135802469136,0.08134616376704391,0.06932807461642612,0.5762574498701614,0.11419753086419752,0.12135390922491873,0.09753014369153963,0.6752914587060929,0.03209876543209877,0.03080389773843355,0.029495544223368638,0.714978659733124,0.5490005845090937,-0.018659397333905283,-0.7441955295265946,61.677076728489276,0.050000000000000024,1.5148222925822052,2.284496314078425,0.13550131696389325,0.9067901234567901,0.12777777777777777,0.12155747059548216,0.10821289442512748,0.5998851246705027,5.675417632903543,0.3599482184864729,0.17244356754660628,0.25,0.0,"QB,RB,WR,TE",0,12.0,59.25,14,17,14,14
all,all_2017_2025,height_weight_w025_all,1620.0,1.9119727554692125,2.690578847310711,-0.0736979448836599,0.8154320987654321,0.5115116293791017,0.026760168650882044,20.59558603063758,29.666079118968653,-0.21094787059495906,0.8067901234567901,0.5023463810165358,0.017288599206517707,0.18888888888888888,0.1835577617618312,0.15321082017057053,0.5481441688801345,0.07469135802469136,0.08124951440437628,0.06933663265614916,0.5767095418984557,0.11419753086419752,0.12138863875718352,0.09722342209183843,0.6823618043130238,0.03209876543209877,0.03072829670500682,0.029658742822078723,0.7044618328100472,0.5462063570444234,-0.03100261981674449,-0.7448647429382761,61.904459943558486,0.050000000000000024,1.5129778105900507,2.2818124934739057,0.13738302774345904,0.9074074074074074,0.12777777777777777,0.12151963866265722,0.10811049610228068,0.6032664252917184,5.676057471257612,0.3600702013450676,0.17252598575836187,0.25,0.25,"QB,RB,WR,TE",1,12.0,60.25,15,18,15,15
all,all_2017_2025,height_weight_w025_skill,1620.0,1.9122360744923956,2.690496699351525,-0.07376633436583854,0.8148148148148148,0.5115067159830509,0.027377452601499264,20.599090485962993,29.66572583301841,-0.20737700364795975,0.8067901234567901,0.5023549256876846,0.017288599206517707,0.18888888888888888,0.1830836676541342,0.15328404130649845,0.5490618875657822,0.07469135802469136,0.0812211801643607,0.0693878469698213,0.5743774086305471,0.11419753086419752,0.12110496393507858,0.09729713998093288,0.6809982107543083,0.03209876543209877,0.03080082183438798,0.029631904766636536,0.7101525706436421,0.5469428682119831,-0.026950853354460423,-0.7416369561006475,61.73841746559656,0.050000000000000024,1.5128949092854158,2.2817031304168975,0.13786989424673526,0.9074074074074074,0.12777777777777777,0.12150013396038127,0.1080564495257011,0.6045314214796352,5.678618654807646,0.35954593334993856,0.17257670351246376,0.25,0.25,"RB,WR,TE",0,12.0,59.75,13,18,15,15
all,all_2017_2025,height_weight_w050_all,1620.0,1.9115095554354609,2.690771142045812,-0.07349972727754385,0.817283950617284,0.5116833265955179,0.028783985715658655,20.591588757142098,29.6657790896948,-0.21252380920461747,0.8067901234567901,0.5029037935018794,0.01670403717014768,0.18888888888888888,0.18444006603328492,0.15335162126270888,0.5449284229166045,0.07469135802469136,0.08101055811132549,0.06952951131417362,0.5665705511663423,0.11419753086419752,0.12163949521797007,0.097286820361794,0.6817704115265091,0.03209876543209877,0.03065621008513553,0.02949567550788195,0.7126116071428571,0.5481720436691675,-0.027064767266009527,-0.7455760139568729,61.48142402895718,0.050000000000000024,1.511453798408257,2.278764992041814,0.13889364770197915,0.908641975308642,0.12777777777777777,0.12142635437526464,0.1082646338559736,0.600538136216157,5.682895461853978,0.359915180537545,0.1733783227020862,0.5,0.5,"QB,RB,WR,TE",0,12.0,62.25,15,18,15,15
all,all_2017_2025,production,1620.0,1.9130747337398202,2.6905233397557193,-0.07380498980529963,0.8154320987654321,0.5107108286865966,0.028923712543083124,20.6142475132792,29.673370913277868,-0.18933817641317613,0.8123456790123457,0.501714609484731,0.015819274577727915,0.18888888888888888,0.18269115457436982,0.15325987486057108,0.5509520398722655,0.07469135802469136,0.08127107632700652,0.0694128168902955,0.572034248727802,0.11419753086419752,0.12127678199059766,0.09752248408617205,0.6762708352952256,0.03209876543209877,0.030892295450320472,0.02957138630958185,0.7163216248037677,0.5492020816491305,-0.021333688631610934,-0.7447879070844888,61.08784211522414,0.050000000000000024,1.5158156297030325,2.285608207008276,0.13444883041971661,0.9092592592592592,0.12777777777777777,0.12160055538447129,0.10820026225604157,0.600175731902862,5.676644204785133,0.3591332807495283,0.17222334178197166,0.0,0.0,,0,12.0,58.25,13,16,13,13
all,all_2017_2025,weight_w025_all,1620.0,1.9124967705352722,2.690585347076075,-0.07379566673819847,0.8148148148148148,0.51112035654843,0.0257538212394145,20.607371744063897,29.670490638111684,-0.20859817491749819,0.8067901234567901,0.5020126925079907,0.01764053180258235,0.18888888888888888,0.1824902334243586,0.15345877813871162,0.5440231394434993,0.07469135802469136,0.08094992638728837,0.06933076800869412,0.5774372997976612,0.11419753086419752,0.12114206491353925,0.09728149197212994,0.6801054713249836,0.03209876543209877,0.030943303337385483,0.029565220237253838,0.7163277570643642,0.5468295408891692,-0.027594417984065284,-0.7449002567743772,61.59868122538421,0.050000000000000024,1.513701491082327,2.281273034171221,0.13727869005136453,0.9067901234567901,0.12777777777777777,0.12151371230431252,0.10819199375490283,0.5996799901535432,5.675733661091773,0.35966926415400097,0.17216136564242723,0.0,0.25,"QB,RB,WR,TE",0,12.0,59.25,14,17,14,14
all,development_2017_2022,height_w025_all,1080.0,1.874082788440147,2.6192149861783784,-0.15765408476513454,0.8324074074074074,0.5197894515280872,0.04279112706367544,20.44020038572331,29.165900414246153,-0.41512964848035067,0.8194444444444444,0.5072526675798469,0.033802246480556464,0.18333333333333332,0.18441411370374433,0.1489200729423501,0.5627190270047413,0.075,0.08435277109377015,0.06967049958279353,0.5676417157898639,0.11574074074074074,0.12359938367372023,0.09739109389727704,0.6987727748691099,0.028703703703703703,0.02927953869228252,0.026846741861253853,0.7031581536947631,0.5570144896335557,-0.019030518525631257,-0.749833955864968,61.35684474428785,0.05000000000000002,1.5113698667686302,2.2575536500209417,0.19838868012377137,0.9083333333333333,0.1287037037037037,0.12070756984643194,0.10955455708823475,0.6004480156576121,5.144073600891789,0.3888905972090459,0.120161190587374,0.25,0.0,"QB,RB,WR,TE",0,12.0,59.25,14,17,14,14
all,development_2017_2022,height_weight_w025_all,1080.0,1.8747316305334225,2.6193108734191837,-0.15765283022086615,0.8333333333333334,0.5203358974566772,0.04114178961631232,20.43313049825177,29.16695662085466,-0.4331933797385354,0.8175925925925925,0.507915484958413,0.03395526587318437,0.18333333333333332,0.18466865130220045,0.1486607072185619,0.5664811379097093,0.075,0.084337874354848,0.0696462938562471,0.5669990978632954,0.11574074074074074,0.12357107615134431,0.0973157218815371,0.7001382198952879,0.028703703703703703,0.029319323550321477,0.026958166147476807,0.7038346812632614,0.5545559383757497,-0.033202808149031524,-0.7488593195347282,61.623069799312,0.050000000000000024,1.5082985999988074,2.2534802438008983,0.20023496001723973,0.9074074074074074,0.1287037037037037,0.12063630775535082,0.10929919945227995,0.6058991276691718,5.143216633913918,0.3891256812927409,0.12024193541763897,0.25,0.25,"QB,RB,WR,TE",1,12.0,60.25,15,18,15,15
all,development_2017_2022,height_weight_w025_skill,1080.0,1.8746045361063564,2.6192893823940677,-0.1577694178423792,0.8333333333333334,0.5202877872243852,0.04175695798672552,20.430991772122177,29.158951695024534,-0.4324315019114985,0.8157407407407408,0.5079875412448596,0.03395526587318437,0.18333333333333332,0.18412987999109082,0.14864630756094838,0.5680329370805561,0.075,0.08425522444882962,0.06967735386127234,0.5659239486399981,0.11574074074074074,0.12328613535427624,0.09727308175972864,0.7006910994764398,0.028703703703703703,0.029385121421699963,0.026963620496398846,0.7031274024416495,0.5555583425139332,-0.028076050972075398,-0.7457996719422368,61.455574162565796,0.050000000000000024,1.50899563813367,2.254357728355789,0.20151098507334633,0.9064814814814814,0.1287037037037037,0.12050303303080562,0.10931399292783363,0.605394536655479,5.144318172863197,0.38858205757026065,0.12006671518511237,0.25,0.25,"RB,WR,TE",0,12.0,59.75,13,18,15,15
all,development_2017_2022,height_weight_w050_all,1080.0,1.874456697083982,2.6194017451303764,-0.15751262727377416,0.8342592592592593,0.5206869822334111,0.04178265917114943,20.427145729892725,29.174207964206452,-0.43837500550216163,0.8166666666666667,0.508250159452239,0.033597414213121235,0.18333333333333332,0.18512433011866358,0.14910823632539288,0.558390022675737,0.075,0.08392135602084634,0.06989118117658356,0.5542456036283196,0.11574074074074074,0.12381289631759318,0.09747638288721223,0.6983539267015707,0.028703703703703703,0.029111846861274875,0.02672044772343262,0.7225006919031951,0.5535860325670577,-0.03581311178917143,-0.7462179978016233,61.23355692418487,0.050000000000000024,1.506179693688537,2.250606803531993,0.20371706883733265,0.9092592592592592,0.1287037037037037,0.12017454131920388,0.10928779834591279,0.6049205269153434,5.150527821893059,0.38839868521963844,0.12107042546109546,0.5,0.5,"QB,RB,WR,TE",0,12.0,62.25,15,18,15,15
all,development_2017_2022,production,1080.0,1.875112166598737,2.6192747963546403,-0.15774312583501945,0.8305555555555556,0.5191591575850133,0.04330514083657905,20.448134671872072,29.174613645746035,-0.40710532833386626,0.8203703703703704,0.5068881639858273,0.031714220591374076,0.18333333333333332,0.18428233571992603,0.14861508252658726,0.570088641517213,0.075,0.0844601069108116,0.06978474739606111,0.5628097233035505,0.11574074074074074,0.12355077836605499,0.09730753802379359,0.7011769633507854,0.028703703703703703,0.02937111077235455,0.026914648161173445,0.703373412466558,0.5576507576750046,-0.021572415995250713,-0.7488051769074247,60.719032853284496,0.050000000000000024,1.5104946293507457,2.2581668972920506,0.19594625825361603,0.9092592592592592,0.1287037037037037,0.12093930739631813,0.10942236577412864,0.6022370201607046,5.147314426790402,0.38791524775374414,0.12028954139451897,0.0,0.0,,0,12.0,58.25,13,16,13,13
all,development_2017_2022,weight_w025_all,1080.0,1.8752101574780493,2.619305790153898,-0.15771342837617958,0.8314814814814815,0.5200115582774822,0.038984901957432594,20.441515211340526,29.168775240147227,-0.4304475733750352,0.8175925925925925,0.5073882198714953,0.033689914518631736,0.18333333333333332,0.18364281991151518,0.1489652549833049,0.5613390137199661,0.075,0.0840574183633376,0.0697297291834763,0.5660722450845908,0.11574074074074074,0.12322497114898288,0.09704680104424865,0.7060188481675392,0.028703703703703703,0.029417679853831744,0.026810588933791967,0.7141363510563056,0.5558792629222807,-0.027413832373541693,-0.7495007009974415,61.290144517198684,0.050000000000000024,1.5088529007434661,2.253934625795977,0.19973751813499552,0.9074074074074074,0.1287037037037037,0.12080031573791417,0.10933150677217476,0.6022370201607046,5.1441775279389965,0.38884928682149855,0.12010285250256732,0.0,0.25,"QB,RB,WR,TE",0,12.0,59.25,14,17,14,14
all,recent_2020_2025,height_w025_all,1080.0,1.9130720356695023,2.699386916403542,-0.007029388943098202,0.8175925925925925,0.5062528987588404,0.027529766199773875,20.549708635034463,29.805478657337833,0.760221129040487,0.8101851851851852,0.494218277134323,0.01721957682890274,0.18518518518518517,0.18380557612917903,0.15097080338808053,0.5553068181818182,0.06759259259259259,0.0789314851001674,0.06376370523542223,0.5757097577233339,0.1111111111111111,0.1216995579515264,0.09565191355197873,0.671171875,0.03333333333333333,0.031301541344363935,0.0298450232780187,0.757742656449553,0.5558193269821642,-0.016073802075161812,-0.7144197110845631,61.961905142672265,0.050000000000000024,1.5380913440565274,2.2965501839890288,0.19597044363697752,0.9027777777777778,0.13333333333333333,0.1221941236227284,0.1099519089543104,0.6244732312440646,6.199610535040368,0.32574875437380213,0.22965982308275656,0.25,0.0,"QB,RB,WR,TE",0,12.0,59.25,14,17,14,14
all,recent_2020_2025,height_weight_w025_all,1080.0,1.912704850367187,2.699344236842768,-0.006959018426139773,0.812962962962963,0.506857032057386,0.024154746596670718,20.54176256120545,29.801340713459723,0.7362214424967436,0.8037037037037037,0.494439470891108,0.01665805642677476,0.18518518518518517,0.18415565752918853,0.15078804775292534,0.5536022727272727,0.06759259259259259,0.07888046288185101,0.06389241309731133,0.5702683952061596,0.1111111111111111,0.1216057230428105,0.09515458369363702,0.6830555555555555,0.03333333333333333,0.031128024507876228,0.03002030139128909,0.743680821626224,0.5534179067852223,-0.026734219308029807,-0.7166093620937968,62.169385940098934,0.050000000000000024,1.5377520391257513,2.296088633025244,0.19646799620396868,0.9055555555555556,0.13333333333333333,0.12226704153978069,0.10992387590837567,0.6260980531813866,6.2011361935425615,0.32575319770831035,0.22970426311742004,0.25,0.25,"QB,RB,WR,TE",1,12.0,60.25,15,18,15,15
all,recent_2020_2025,height_weight_w025_skill,1080.0,1.9128370911878576,2.699221143112892,-0.007005977589965249,0.812037037037037,0.5068390955119024,0.024525520917357047,20.547443433560275,29.802110734987536,0.7395259898382084,0.8037037037037037,0.4944068906105058,0.019434221723018674,0.18518518518518517,0.18366719925792227,0.15084688190336412,0.5551704545454546,0.06759259259259259,0.07885476660518799,0.0638957434748046,0.5690712954523813,0.1111111111111111,0.12129362570909247,0.0952508734101066,0.6812847222222222,0.03333333333333333,0.031163884739202504,0.029975437044502506,0.7533790974882929,0.5537590010190336,-0.022676107308810183,-0.7131248014581417,61.97169958450528,0.050000000000000024,1.5371572295664144,2.295578171449816,0.19631906210460623,0.9055555555555556,0.13333333333333333,0.12234194985728714,0.10981913420526254,0.6283312559354226,6.204788721567379,0.325108309291409,0.2298301549620643,0.25,0.25,"RB,WR,TE",0,12.0,59.75,13,18,15,15
all,recent_2020_2025,height_weight_w050_all,1080.0,1.9124777934721793,2.6995069122993134,-0.00667056673310399,0.8138888888888889,0.5075042548357035,0.02712889479113778,20.550128607225574,29.81100374437266,0.7360192580006099,0.8009259259259259,0.49535914815596443,0.020387298844931623,0.18518518518518517,0.1851728244710103,0.15071666773315967,0.5562102272727273,0.06759259259259259,0.07848137591087058,0.0639934551640364,0.5588279305138006,0.1111111111111111,0.12167447924348222,0.09508613735180457,0.6856510416666667,0.03333333333333333,0.031185302570473333,0.02982302698025568,0.7457960834397616,0.552925927460383,-0.028124643072872622,-0.7194303230505508,61.70345902669449,0.05000000000000002,1.5387824031399904,2.2952984133187537,0.19617646385887036,0.9046296296296297,0.13333333333333333,0.12235292081176288,0.1103380920447061,0.6181668447293447,6.210900479641961,0.32599241961926756,0.23096462841803506,0.5,0.5,"QB,RB,WR,TE",0,12.0,62.25,15,18,15,15
all,recent_2020_2025,production,1080.0,1.9139888801368876,2.6992561148607455,-0.007082628140284455,0.8148148148148148,0.5058584517413308,0.02522000883937947,20.560161386404324,29.802827127342432,0.7670020253271974,0.8101851851851852,0.4940304948512756,0.02032206889166932,0.18518518518518517,0.18328312860165333,0.15101634112789353,0.5538977272727272,0.06759259259259259,0.07870902993459773,0.06373859282145783,0.5748935533457578,0.1111111111111111,0.12149114769465509,0.09566500088122275,0.67171875,0.03333333333333333,0.03129302268513396,0.02995211124932527,0.7585674755214985,0.5555979958245824,-0.023030722000885726,-0.7153092232598559,61.408066475777794,0.050000000000000024,1.539402662533548,2.2966827295083254,0.19611908508244444,0.9064814814814814,0.13333333333333333,0.12210839482216337,0.1099207600644786,0.6247032288698955,6.200988018673033,0.32466759266994605,0.22933433177388235,0.0,0.0,,0,12.0,58.25,13,16,13,13
all,recent_2020_2025,weight_w025_all,1080.0,1.9131751635526404,2.6993705910172783,-0.0070483615120271095,0.812037037037037,0.5063632970384871,0.024455107031436718,20.55250000292522,29.804899070821946,0.7408972651170005,0.8027777777777778,0.4944020620915196,0.019145238202400494,0.18518518518518517,0.18299058903272067,0.1509699708159569,0.5501193181818181,0.06759259259259259,0.07855324324999376,0.06371495553677067,0.5804845533321543,0.1111111111111111,0.121221058214806,0.09520631669424943,0.679140625,0.03333333333333333,0.03144472666820036,0.029981544216121675,0.7553746275010643,0.5524408307972187,-0.02974885380845948,-0.7162048840150529,61.890643071707046,0.05000000000000002,1.5389495838826137,2.2959557299512343,0.19614886449621693,0.9027777777777778,0.13333333333333333,0.12205522072046225,0.1100294698396685,0.6219209995251662,6.2016793220808575,0.32506733332740473,0.22936631602067784,0.0,0.25,"QB,RB,WR,TE",0,12.0,59.25,14,17,14,14
all,temporal_2023_2025,height_w025_all,540.0,1.9883511817672452,2.83318658270377,0.09414916808433738,0.7870370370370371,0.4939530998409615,0.036862966872838576,20.931797459479473,30.672070384976514,0.24879431586870948,0.7962962962962963,0.4914642538738016,0.03690044468677117,0.2,0.18069795945277004,0.1624637419387157,0.5226551783264746,0.07407407407407407,0.07533294911359147,0.06864322468369131,0.6001,0.1111111111111111,0.11686296032731576,0.09780824328006477,0.6269097222222222,0.03888888888888889,0.033852615830735594,0.0347931489475982,0.7323607670428479,0.5285112543991709,-0.022438653386633315,-0.732918676849848,62.3175406968921,0.050000000000000024,1.5217271442093556,2.338381642193391,0.009726590644137006,0.9037037037037037,0.1259259259259259,0.12325727209358264,0.10552956909891288,0.596367148554337,6.73810569692705,0.3020634610413267,0.2770083214650708,0.25,0.0,"QB,RB,WR,TE",0,12.0,59.25,14,17,14,14
all,temporal_2023_2025,height_weight_w025_all,540.0,1.9864550053407928,2.8331147950937665,0.09421182579075259,0.7796296296296297,0.4938630932239507,0.03516133326938692,20.92049709540921,30.66432411519665,0.23354314769219442,0.7851851851851852,0.49120817313278164,0.03853642678074953,0.2,0.18133598268109263,0.16231104607458785,0.5181541495198903,0.07407407407407407,0.07507279450343277,0.06871731025595332,0.5986,0.1111111111111111,0.1170237639688619,0.09703882251244106,0.6440277777777778,0.03888888888888889,0.03354624301437751,0.03505989617128255,0.7028626479493532,0.525815576393662,-0.03080478480531293,-0.7368755897453713,62.46724023205147,0.05000000000000002,1.5223362317725366,2.3384769928199205,0.011679163195897738,0.9074074074074074,0.1259259259259259,0.12328630047726997,0.10573308940228221,0.594435443668993,6.741739145945002,0.30195924144972136,0.27709408643980765,0.25,0.25,"QB,RB,WR,TE",1,12.0,60.25,15,18,15,15
all,temporal_2023_2025,height_weight_w025_skill,540.0,1.9874991512644733,2.83291133326644,0.09423983258724283,0.7777777777777778,0.49394457350038223,0.03330948141753509,20.935287913644633,30.679274109006183,0.2427319928791179,0.7888888888888889,0.4910896945733345,0.040388278632601415,0.2,0.18099124298022098,0.16255950879759867,0.517554012345679,0.07407407407407407,0.07515309159542283,0.0688088331869192,0.59435,0.1111111111111111,0.11674262109668321,0.09734525642334141,0.6382638888888889,0.03888888888888889,0.03363222265976402,0.03496847330711191,0.7182310303697587,0.5258896529530773,-0.028879233315462525,-0.7333115244174686,62.304104071658124,0.05000000000000002,1.5206934515889077,2.336393934539114,0.010587712593513111,0.9092592592592592,0.1259259259259259,0.12349433581953251,0.10554136272143608,0.5997632103688934,6.747219618696541,0.3014736849092944,0.27759668016716643,0.25,0.25,"RB,WR,TE",0,12.0,59.75,13,18,15,15
all,temporal_2023_2025,height_weight_w050_all,540.0,1.9856152721384188,2.833509935876682,0.09452607271491677,0.7833333333333333,0.49367601531973104,0.03711072671361848,20.920474811640844,30.648921340671507,0.23917858339047093,0.7870370370370371,0.4922110616011606,0.04057327536592281,0.2,0.18307153786252758,0.1618383911373408,0.5228052126200274,0.07407407407407407,0.07518896229228379,0.06880617158935373,0.5944,0.1111111111111111,0.11729269301872394,0.09690769531095748,0.6462847222222222,0.03888888888888889,0.03374493653285684,0.035046131076780604,0.6968070465180292,0.5348514305385009,-0.011628755014020395,-0.7442920462673722,61.97715823850181,0.05000000000000002,1.522002007847697,2.3350813690614562,0.009246805431272098,0.9074074074074074,0.1259259259259259,0.12392998048738614,0.10621830487609522,0.588515702891326,6.7476307417758195,0.30294817117335804,0.2779941171840677,0.5,0.5,"QB,RB,WR,TE",0,12.0,62.25,15,18,15,15
all,temporal_2023_2025,production,540.0,1.9889998680219863,2.833020426557878,0.09407128225413999,0.7851851851851852,0.49381417088976287,0.040248462031119536,20.94647319609346,30.67088544834154,0.24619612742820313,0.7962962962962963,0.49136750048253847,0.03795933806401064,0.2,0.17950879228325756,0.16254945952853864,0.5197616598079561,0.07407407407407407,0.07489301515939632,0.06866895587876432,0.59765,0.1111111111111111,0.11672878923968294,0.09795237621092895,0.6240625,0.03888888888888889,0.03393466480625232,0.03488486260639865,0.7337829158638407,0.5292577357772285,-0.024024011665944593,-0.7367533674386173,61.82546063910343,0.050000000000000024,1.526457630407606,2.3404908264407265,0.01145397475191781,0.9092592592592592,0.1259259259259259,0.12292305136077765,0.10575605521986742,0.5924414257228315,6.735303760774593,0.3015693467410965,0.27609094255687716,0.0,0.0,,0,12.0,58.25,13,16,13,13
all,temporal_2023_2025,weight_w025_all,540.0,1.9870699966497167,2.833144460920428,0.09403985653776384,0.7814814814814814,0.49333795309032563,0.041876171639155635,20.93908480951064,30.673921434040583,0.2351006219975763,0.7851851851851852,0.49126163778098164,0.036087027029273855,0.2,0.18018506045004554,0.16244582444952496,0.5157964677640604,0.07407407407407407,0.07473494243518994,0.06853284565912975,0.60545,0.1111111111111111,0.11697625244265202,0.09775087382789249,0.6271527777777778,0.03888888888888889,0.03399455030449295,0.03507448284417757,0.7185980365171116,0.5266961500621424,-0.032332148677540806,-0.7356993683282487,62.21575464175527,0.05000000000000002,1.5233986717600492,2.33594985092171,0.012361033884102464,0.9055555555555556,0.1259259259259259,0.12294050543710924,0.10591296772035892,0.5904785643070788,6.738845927397326,0.30130921881900574,0.2762783919221471,0.0,0.25,"QB,RB,WR,TE",0,12.0,59.25,14,17,14,14
qb,all_2017_2025,height_w025_all,216.0,2.4100492994069245,3.392288186178908,0.3778605575411464,0.8240740740740741,0.4801631361235421,0.0662487634559828,21.99268410314045,32.394701721517634,4.0829611771576575,0.8379629629629629,0.46973614750458487,0.07529211302220784,0.2222222222222222,0.2231404020309008,0.1736681464600847,0.5438988095238095,0.06481481481481481,0.10128765088992454,0.06368429995928106,0.57001414427157,0.1388888888888889,0.15650748025530378,0.1193466451345414,0.5899641577060932,0.037037037037037035,0.03227867288645298,0.028492490099014584,0.7740384615384616,0.33523147447455487,-0.10034532442634468,-1.4347371191892013,59.47986790877355,0.050000000000000024,1.3393423679241296,2.0574496151433412,0.33867478145743335,0.9027777777777778,0.12037037037037036,0.10372179798101934,0.08652910207204317,0.654251012145749,6.799079426763133,0.23368893046513256,0.24166484195653123,0.25,0.0,"QB,RB,WR,TE",0,12.0,59.25,14,17,14,14
qb,all_2017_2025,height_weight_w025_all,216.0,2.40727883216128,3.3926492550132457,0.3780538277433344,0.8333333333333334,0.47989792350761845,0.06434986661316022,21.993284707753293,32.409717064569655,4.064946890273537,0.8240740740740741,0.4705350098731162,0.07493801795007238,0.2222222222222222,0.22574388104899137,0.1727564178562098,0.5535714285714286,0.06481481481481481,0.10113787580038874,0.06389966679973298,0.556930693069307,0.1388888888888889,0.15806411324376018,0.11873149668295968,0.6030465949820788,0.037037037037037035,0.032194688670703644,0.02861391350260927,0.7626201923076923,0.3317519461746133,-0.12012169709093938,-1.449758263962551,60.1318167213161,0.05000000000000002,1.3411080993042968,2.062028308698797,0.33535236030135596,0.8981481481481481,0.12037037037037036,0.10396356529880259,0.08680011249887108,0.6530364372469636,6.7885251113981795,0.2356024435368248,0.24166999105788511,0.25,0.25,"QB,RB,WR,TE",1,12.0,60.25,15,18,15,15
qb,all_2017_2025,height_weight_w025_skill,216.0,2.40925372483515,3.392033145319353,0.3775409066269948,0.8287037037037037,0.479861073037238,0.061974907717736616,22.01956812269389,32.40706741994284,4.091728392376031,0.8240740740740741,0.47059909490673085,0.07934176274495586,0.2222222222222222,0.22218817524126405,0.1733055763756692,0.5548115079365079,0.06481481481481481,0.10092536900027194,0.06428377415227396,0.5286421499292786,0.1388888888888889,0.15593655207797316,0.11928438085116821,0.5933691756272401,0.037037037037037035,0.03273862714106236,0.028412628086792874,0.7980769230769231,0.34280796277311004,-0.07882684956953523,-1.4255498626803373,58.88649813660167,0.05000000000000002,1.3404863395195379,2.0612080857712365,0.33900385907592745,0.8981481481481481,0.12037037037037036,0.10381728003173275,0.08639476317452423,0.6574898785425102,6.8077339880234256,0.23167043357335654,0.24205037421364922,0.25,0.25,"RB,WR,TE",0,12.0,59.75,13,18,15,15
qb,all_2017_2025,height_weight_w050_all,216.0,2.405437898356718,3.39309097924529,0.3782102976971248,0.8425925925925926,0.4805977235004721,0.06605666332466881,21.981958875573362,32.42445840827739,4.06889809231993,0.8333333333333334,0.4718226712244721,0.07762717111891981,0.2222222222222222,0.227679660381132,0.17267620659886393,0.5523313492063492,0.06481481481481481,0.10202198984950081,0.06378104302655645,0.5668316831683168,0.1388888888888889,0.15971256227422273,0.11893664147329266,0.5973118279569892,0.037037037037037035,0.032248128183823464,0.028756325942358826,0.7599158653846154,0.3332190162860192,-0.11056930899391514,-1.4851692631959523,60.39123470559153,0.05000000000000002,1.3406428368920507,2.060204097303093,0.3351107573347742,0.8981481481481481,0.12037037037037036,0.10389097963008316,0.08694230080500888,0.6502024291497975,6.761397461996631,0.240232417242661,0.24024975147137284,0.5,0.5,"QB,RB,WR,TE",0,12.0,62.25,15,18,15,15
qb,all_2017_2025,production,216.0,2.40925372483515,3.392033145319353,0.3775409066269948,0.8287037037037037,0.479861073037238,0.061974907717736616,22.01956812269389,32.40706741994284,4.091728392376031,0.8240740740740741,0.47059909490673085,0.07934176274495586,0.2222222222222222,0.22218817524126405,0.1733055763756692,0.5548115079365079,0.06481481481481481,0.10092536900027194,0.06428377415227396,0.5286421499292786,0.1388888888888889,0.15593655207797316,0.11928438085116821,0.5933691756272401,0.037037037037037035,0.03273862714106236,0.028412628086792874,0.7980769230769231,0.34280796277311004,-0.07882684956953523,-1.4255498626803373,58.88649813660167,0.05000000000000002,1.3404863395195379,2.0612080857712365,0.33900385907592745,0.8981481481481481,0.12037037037037036,0.10381728003173275,0.08639476317452423,0.6574898785425102,6.8077339880234256,0.23167043357335654,0.24205037421364922,0.0,0.0,,0,12.0,58.25,13,16,13,13
qb,all_2017_2025,weight_w025_all,216.0,2.407085082032199,3.392654455726912,0.37785847732111677,0.8287037037037037,0.48043738152702375,0.06473234751784313,22.01556078345547,32.431318316953515,4.08128855929574,0.8148148148148148,0.47049113206488047,0.07556854497318943,0.2222222222222222,0.22404846959084615,0.1727764827645567,0.5620039682539683,0.06481481481481481,0.10124861838589048,0.06388967299090913,0.5505657708628006,0.1388888888888889,0.15694318436962781,0.11884776446633057,0.6,0.037037037037037035,0.03270562691759746,0.028520707662734273,0.7782451923076923,0.3418708002912298,-0.08302551828433297,-1.4506306082851097,59.762461568787835,0.05000000000000002,1.3393698222629906,2.060605192401522,0.33670380543138567,0.8981481481481481,0.12037037037037036,0.10381249584714135,0.0865679890079413,0.659919028340081,6.790515345593753,0.23500848594050086,0.24137161159716147,0.0,0.25,"QB,RB,WR,TE",0,12.0,59.25,14,17,14,14
qb,development_2017_2022,height_w025_all,144.0,2.398588169752695,3.3501510052174472,-0.0435505493275167,0.8125,0.5032364253766998,0.03527297785821805,22.50902771689739,32.32381107542264,0.7550089368559659,0.8263888888888888,0.48863237606572796,0.05100710213023851,0.25,0.2161940640538853,0.1850168168307097,0.6054526748971193,0.08333333333333333,0.10009767993199101,0.07782009729435163,0.5896464646464646,0.16666666666666666,0.14370838591264562,0.13279061016965088,0.6666666666666666,0.027777777777777776,0.027736335395838394,0.02086803019684433,0.7946428571428571,0.394819496237036,-0.010063499718672132,-1.1293821689040275,57.710405208839134,0.05000000000000002,1.1365877834482947,1.7937374732887126,0.07489855342857678,0.9305555555555556,0.08333333333333333,0.09882203790595061,0.05928914248221097,0.7613636363636364,5.631780190086703,0.28344306337303515,0.11488445592445896,0.25,0.0,"QB,RB,WR,TE",0,12.0,59.25,14,17,14,14
qb,development_2017_2022,height_weight_w025_all,144.0,2.400102837931508,3.3507820319497807,-0.04317122054340732,0.8194444444444444,0.5036587288981625,0.03487843779929689,22.548379387099796,32.38157859556091,0.7623077309877897,0.8263888888888888,0.4891675647026152,0.053101379928969905,0.25,0.2185794215864919,0.18467285141240666,0.6049382716049383,0.08333333333333333,0.10000321190840637,0.0782992635087757,0.5637626262626263,0.16666666666666666,0.14478518212075106,0.13260712348096232,0.6673611111111111,0.027777777777777776,0.027797654186498884,0.020830750256601235,0.8285714285714286,0.38612034927145183,-0.05229483160517643,-1.1436513331901805,58.344891546818644,0.05000000000000002,1.1343617841134372,1.793304336946458,0.06801779069145421,0.9305555555555556,0.08333333333333333,0.09943880954794392,0.05913237137524736,0.7834595959595959,5.632213909898441,0.28474657643001916,0.11591452231922478,0.25,0.25,"QB,RB,WR,TE",1,12.0,60.25,15,18,15,15
qb,development_2017_2022,height_weight_w025_skill,144.0,2.3991496297285115,3.3506208492614125,-0.04404562770475532,0.8194444444444444,0.5032979021559737,0.038722461155081905,22.53233894112785,32.321541651834934,0.768021814690568,0.8125,0.4897079868509641,0.05619361459680772,0.25,0.21453863675316961,0.18456485398030534,0.6170267489711934,0.08333333333333333,0.09938333761326848,0.07853221354646507,0.5486111111111112,0.16666666666666666,0.14264812614274058,0.13228732256739878,0.6743055555555556,0.027777777777777776,0.028291138221837535,0.020871657873516514,0.8,0.3994956142755933,-0.0005626557350695283,-1.1207039762464948,57.08867427122206,0.05000000000000002,1.1395895701249072,1.7998854711081427,0.07758797861225382,0.9236111111111112,0.08333333333333333,0.09843924911385472,0.05924332244189994,0.7657828282828283,5.640475452018035,0.28066939851141803,0.11460037057527536,0.25,0.25,"RB,WR,TE",0,12.0,59.75,13,18,15,15
qb,development_2017_2022,height_weight_w050_all,144.0,2.3967009056280886,3.350951091144442,-0.043430042766127656,0.8333333333333334,0.5044192803942978,0.03861363796772975,22.527914285919877,32.36345483850203,0.6951699402416361,0.8263888888888888,0.49017755681191194,0.05216420815595679,0.25,0.21996726632459246,0.18518165206073908,0.5954218106995884,0.08333333333333333,0.10050728562224481,0.0781722823481098,0.5713383838383839,0.16666666666666666,0.14620366085431202,0.1326237930008987,0.6697916666666667,0.027777777777777776,0.027538422323048255,0.02097330884550596,0.8214285714285714,0.38840113739941157,-0.052166224580017684,-1.1651401878310523,58.63268818427787,0.05000000000000002,1.132625607520175,1.7902774417682505,0.0682076929580749,0.9236111111111112,0.08333333333333333,0.09940188343746027,0.05913280858608359,0.7847222222222222,5.624824873731193,0.2885008257586915,0.11745001975699876,0.5,0.5,"QB,RB,WR,TE",0,12.0,62.25,15,18,15,15
qb,development_2017_2022,production,144.0,2.3991496297285115,3.3506208492614125,-0.04404562770475532,0.8194444444444444,0.5032979021559737,0.038722461155081905,22.53233894112785,32.321541651834934,0.768021814690568,0.8125,0.4897079868509641,0.05619361459680772,0.25,0.21453863675316961,0.18456485398030534,0.6170267489711934,0.08333333333333333,0.09938333761326848,0.07853221354646507,0.5486111111111112,0.16666666666666666,0.14264812614274058,0.13228732256739878,0.6743055555555556,0.027777777777777776,0.028291138221837535,0.020871657873516514,0.8,0.3994956142755933,-0.0005626557350695283,-1.1207039762464948,57.08867427122206,0.05000000000000002,1.1395895701249072,1.7998854711081427,0.07758797861225382,0.9236111111111112,0.08333333333333333,0.09843924911385472,0.05924332244189994,0.7657828282828283,5.640475452018035,0.28066939851141803,0.11460037057527536,0.0,0.0,,0,12.0,58.25,13,16,13,13
qb,development_2017_2022,weight_w025_all,144.0,2.398473540502702,3.350939523363886,-0.04331455583312829,0.8194444444444444,0.5045970725991773,0.036686489884704576,22.539798839284835,32.373252029004426,0.7904172728829807,0.8055555555555556,0.4893778045239718,0.05473521163985606,0.25,0.21688259736694102,0.18407530914269807,0.6352880658436214,0.08333333333333333,0.09964879055125803,0.07820466309613386,0.5643939393939394,0.16666666666666666,0.14396840995703292,0.1321400303185293,0.6770833333333334,0.027777777777777776,0.028154875008014207,0.0208197318781132,0.8410714285714286,0.3961497885195993,-0.014335664335664336,-1.1457412427367768,57.96937169234391,0.05000000000000002,1.1337651954245236,1.7924076966149738,0.07182235974730102,0.9305555555555556,0.08333333333333333,0.09900157697541004,0.05897919332630362,0.7891414141414141,5.6331365571801815,0.28349270804931753,0.11499911334947267,0.0,0.25,"QB,RB,WR,TE",0,12.0,59.25,14,17,14,14
qb,recent_2020_2025,height_w025_all,144.0,2.5648190608337345,3.6707690592079336,0.6658716514758047,0.8125,0.4693561322563677,0.09319666900694568,22.724538312479307,35.11570860104584,7.373437948724458,0.8333333333333334,0.4471820096162625,0.11905367449450638,0.22916666666666666,0.23575494599241845,0.18000707588470904,0.4987714987714988,0.0625,0.1077247265336117,0.0636924894061927,0.5102880658436214,0.13194444444444445,0.16807232125267824,0.11712606550586384,0.5637894736842105,0.04861111111111111,0.0369462079384527,0.035640433805356295,0.8070907194994786,0.3383358927568633,-0.10143075315489108,-1.8491556589343068,60.36140371194243,0.050000000000000024,1.5126729956797718,2.2108928468096494,0.6456320927521634,0.8888888888888888,0.1527777777777778,0.11368076057791561,0.10163793506806365,0.6844262295081968,7.799498803161451,0.16351669168850771,0.33819623393585896,0.25,0.0,"QB,RB,WR,TE",0,12.0,59.25,14,17,14,14
qb,recent_2020_2025,height_weight_w025_all,144.0,2.560528765252706,3.6708404360704856,0.6662136336554497,0.8194444444444444,0.4691377104017282,0.09868062439743763,22.704151218780268,35.11209977399386,7.363980284251678,0.8125,0.44776948429662056,0.12145395173639151,0.22916666666666666,0.23865171497397863,0.17896225087320664,0.5077805077805078,0.0625,0.10767582697715244,0.06407262078427388,0.4888888888888889,0.13194444444444445,0.17028089554154144,0.1161205595395089,0.5890526315789474,0.04861111111111111,0.0369174884207778,0.03585496973898552,0.7867570385818561,0.33577968430125193,-0.12382043244112209,-1.8638295035122239,61.15183583024577,0.05000000000000002,1.514592316986353,2.2132025087078424,0.645106280280356,0.8819444444444444,0.1527777777777778,0.11358102461587677,0.10219032296064347,0.6713859910581222,7.781090295700086,0.16613050071797464,0.3377427545680713,0.25,0.25,"QB,RB,WR,TE",1,12.0,60.25,15,18,15,15
qb,recent_2020_2025,height_weight_w025_skill,144.0,2.561520571407735,3.669917233096418,0.6658614399267587,0.8125,0.46900318631060156,0.0908408035419695,22.746757761441472,35.11787493545247,7.388764389312663,0.8125,0.4475251321921035,0.12676195535651347,0.22916666666666666,0.23498827793948182,0.17940350700149738,0.5113295113295113,0.0625,0.10748310490217995,0.06409759861547334,0.47818930041152263,0.13194444444444445,0.16794016553865612,0.11684273241303068,0.5747368421052632,0.04861111111111111,0.03718644015572487,0.035518487138086134,0.8362877997914494,0.3434362520810313,-0.08494494011735391,-1.8376952987448105,59.66918816329342,0.05000000000000002,1.5101312452913274,2.2093740468921306,0.6439892745351375,0.8819444444444444,0.1527777777777778,0.11414283699717516,0.10140476018729508,0.6851713859910581,7.808484255886223,0.16129383759121504,0.3386869434029037,0.25,0.25,"RB,WR,TE",0,12.0,59.75,13,18,15,15
qb,recent_2020_2025,height_weight_w050_all,144.0,2.558497997421721,3.671065619679792,0.6668439867652407,0.8333333333333334,0.4705910214606829,0.09511882436278252,22.68725887018879,35.159497163294745,7.426788644751216,0.8263888888888888,0.4496836760107104,0.10771976371151237,0.22916666666666666,0.24145912786031914,0.17862725068106544,0.5140595140595141,0.0625,0.10826731100593597,0.06399572728469362,0.4872427983539095,0.13194444444444445,0.17271894682299868,0.11692680098157303,0.5692631578947368,0.04861111111111111,0.037145242084256846,0.036079100205751544,0.7831074035453598,0.33523307368810235,-0.11444015754360584,-1.9139789891743402,61.59259884948656,0.05000000000000002,1.5166980672003172,2.215985757241773,0.6413885306585851,0.8819444444444444,0.1527777777777778,0.11345329580779172,0.1026116137503823,0.6624441132637854,7.737597729724574,0.1724517275554086,0.33516245366839204,0.5,0.5,"QB,RB,WR,TE",0,12.0,62.25,15,18,15,15
qb,recent_2020_2025,production,144.0,2.561520571407735,3.669917233096418,0.6658614399267587,0.8125,0.46900318631060156,0.0908408035419695,22.746757761441472,35.11787493545247,7.388764389312663,0.8125,0.4475251321921035,0.12676195535651347,0.22916666666666666,0.23498827793948182,0.17940350700149738,0.5113295113295113,0.0625,0.10748310490217995,0.06409759861547334,0.47818930041152263,0.13194444444444445,0.16794016553865612,0.11684273241303068,0.5747368421052632,0.04861111111111111,0.03718644015572487,0.035518487138086134,0.8362877997914494,0.3434362520810313,-0.08494494011735391,-1.8376952987448105,59.66918816329342,0.05000000000000002,1.5101312452913274,2.2093740468921306,0.6439892745351375,0.8819444444444444,0.1527777777777778,0.11414283699717516,0.10140476018729508,0.6851713859910581,7.808484255886223,0.16129383759121504,0.3386869434029037,0.0,0.0,,0,12.0,58.25,13,16,13,13
qb,recent_2020_2025,weight_w025_all,144.0,2.560196391115225,3.6707424540331774,0.6659989385861915,0.8125,0.4695032195800563,0.0964039647263788,22.745327439257178,35.14192814392331,7.356548275145908,0.7986111111111112,0.44771768800776,0.12177245079548371,0.22916666666666666,0.2366293773335545,0.17890654376320614,0.5126945126945127,0.0625,0.10748123286053,0.06391204519437198,0.4831275720164609,0.13194444444444445,0.16831524567478306,0.11648471357435192,0.5802105263157895,0.04861111111111111,0.03731522156179551,0.035701256303047005,0.8008342022940563,0.3392522693730259,-0.08622699139940519,-1.8695212025891688,60.67017897947949,0.05000000000000002,1.5125110569953912,2.2140657207964636,0.6430265835735199,0.8819444444444444,0.1527777777777778,0.11368427164489514,0.1017996735411397,0.6792101341281669,7.782664879671234,0.16580968830398327,0.33767363955761653,0.0,0.25,"QB,RB,WR,TE",0,12.0,59.25,14,17,14,14
qb,temporal_2023_2025,height_w025_all,72.0,2.4329715587153844,3.47656254810183,1.2206827712784725,0.8472222222222222,0.434016557617227,0.15059652766616682,20.959996875626572,32.53648301370762,10.738865657761044,0.8611111111111112,0.43194369038229863,0.13953619770044146,0.16666666666666666,0.23703307798493187,0.15097080571883462,0.42083333333333334,0.027777777777777776,0.10366759280579159,0.03541270528913988,0.45714285714285713,0.08333333333333333,0.18210566894062016,0.09245871506432242,0.3888888888888889,0.05555555555555555,0.04136334786768214,0.0437414099033551,0.75,0.20465983890169545,-0.2505305807447425,-2.045447019759549,63.018793308642394,0.050000000000000024,1.7448515368757995,2.5848738988525986,0.8662272375151469,0.8472222222222222,0.19444444444444445,0.11352131813115686,0.14100902125170758,0.5246305418719212,9.133677900115995,0.1341806646493274,0.49522561402067566,0.25,0.0,"QB,RB,WR,TE",0,12.0,59.25,14,17,14,14
qb,temporal_2023_2025,height_weight_w025_all,72.0,2.4216308206208246,3.476383701140176,1.220503924316818,0.8611111111111112,0.43237631272652993,0.15434932003278684,20.883095349060294,32.465994002587145,10.67022520884503,0.8194444444444444,0.43326990021411826,0.12963278514777105,0.16666666666666666,0.24007279997399034,0.148923550743816,0.46805555555555556,0.027777777777777776,0.10340720358435343,0.035100473381647575,0.5428571428571428,0.08333333333333333,0.18462197548977835,0.09098024308695447,0.4671717171717172,0.05555555555555555,0.040988757639113166,0.044180239994625364,0.7334558823529411,0.2058497216860076,-0.24143031706219054,-2.061972125507292,63.705667070311016,0.05000000000000002,1.7546007296860162,2.5994762522034756,0.8700214995211595,0.8333333333333334,0.19444444444444445,0.11301307680051992,0.14213559474611856,0.48891625615763545,9.10114751439766,0.1373141777504362,0.4931809285352058,0.25,0.25,"QB,RB,WR,TE",1,12.0,60.25,15,18,15,15
qb,temporal_2023_2025,height_weight_w025_skill,72.0,2.4294619150484267,3.474857737435233,1.220713975290495,0.8472222222222222,0.43298741479976666,0.1512618886141882,20.994026485825977,32.57811895615865,10.739141547746957,0.8472222222222222,0.43238131101826444,0.13510839482695336,0.16666666666666666,0.23748725221745293,0.15078702116639692,0.4361111111111111,0.027777777777777776,0.10400943177427886,0.03578689536389173,0.4142857142857143,0.08333333333333333,0.1825134039484383,0.09327849741870706,0.3813131313131313,0.05555555555555555,0.04163360497951201,0.043494568513345586,0.7941176470588235,0.21302117738605134,-0.21576950286192045,-2.0352416355480227,62.48214586736089,0.05000000000000002,1.7422798783087992,2.583853315097425,0.8618356200032746,0.8472222222222222,0.19444444444444445,0.11457334186748883,0.14069764463977277,0.5197044334975369,9.142251060034205,0.13367250369723369,0.4969503814903969,0.25,0.25,"RB,WR,TE",0,12.0,59.75,13,18,15,15
qb,temporal_2023_2025,height_weight_w050_all,72.0,2.4229118838139785,3.4773707554469864,1.2214909786236292,0.8611111111111112,0.43295460971282074,0.13978336956569032,20.890048054880335,32.546465547828106,10.81635439647652,0.8472222222222222,0.43511290004959263,0.1317409777654026,0.16666666666666666,0.24310444849421112,0.14766531567511362,0.5,0.027777777777777776,0.10505139830401282,0.03499856438344971,0.5928571428571429,0.08333333333333333,0.18673036511404417,0.09156233841808062,0.42676767676767674,0.05555555555555555,0.04166753990537389,0.04432236013606456,0.7279411764705882,0.20872795166427627,-0.21274680043732722,-2.125227413925753,63.90832774821885,0.05000000000000002,1.7566772956358023,2.600057408372778,0.8689168860881726,0.8472222222222222,0.19444444444444445,0.11286917201532898,0.14256128524285944,0.48645320197044334,9.034542638527505,0.14369560021059988,0.485849214900121,0.5,0.5,"QB,RB,WR,TE",0,12.0,62.25,15,18,15,15
qb,temporal_2023_2025,production,72.0,2.4294619150484267,3.474857737435233,1.220713975290495,0.8472222222222222,0.43298741479976666,0.1512618886141882,20.994026485825977,32.57811895615865,10.739141547746957,0.8472222222222222,0.43238131101826444,0.13510839482695336,0.16666666666666666,0.23748725221745293,0.15078702116639692,0.4361111111111111,0.027777777777777776,0.10400943177427886,0.03578689536389173,0.4142857142857143,0.08333333333333333,0.1825134039484383,0.09327849741870706,0.3813131313131313,0.05555555555555555,0.04163360497951201,0.043494568513345586,0.7941176470588235,0.21302117738605134,-0.21576950286192045,-2.0352416355480227,62.48214586736089,0.05000000000000002,1.7422798783087992,2.583853315097425,0.8618356200032746,0.8472222222222222,0.19444444444444445,0.11457334186748883,0.14069764463977277,0.5197044334975369,9.142251060034205,0.13367250369723369,0.4969503814903969,0.0,0.0,,0,12.0,58.25,13,16,13,13
qb,temporal_2023_2025,weight_w025_all,72.0,2.4243081650911944,3.4760843204529643,1.220204543629607,0.8472222222222222,0.43211799938271667,0.14875877926635783,20.96708467179675,32.54745089285169,10.663031132121258,0.8333333333333334,0.4327177871466977,0.13412930644782595,0.16666666666666666,0.2383802140386564,0.15017883000827392,0.42916666666666664,0.027777777777777776,0.1044482740551554,0.03525969278045967,0.4928571428571429,0.08333333333333333,0.18289273319481766,0.09226323276193299,0.4015151515151515,0.05555555555555555,0.04180713073676396,0.043922659231976434,0.7316176470588235,0.21080220678827996,-0.2045147597916265,-2.0604093393817755,63.348641321675686,0.05000000000000001,1.7505790759399247,2.5970001839746195,0.8664666967995553,0.8333333333333334,0.19444444444444445,0.113434333590604,0.14174558037121668,0.5049261083743842,9.105272922420893,0.1380400417228676,0.494116608092539,0.0,0.25,"QB,RB,WR,TE",0,12.0,59.25,14,17,14,14
rb,all_2017_2025,height_w025_all,540.0,2.093566863535709,2.9361560565174574,-0.04722519237948919,0.8333333333333334,0.5081603716450842,0.03808017185244714,23.358971654850926,33.3727142541943,-1.1436777831952087,0.8185185185185185,0.5098573252117639,0.03416216976018144,0.21296296296296297,0.20892957409106647,0.16916166308281042,0.5071304347826087,0.10185185185185185,0.11231353306404557,0.0905512677858696,0.6088097469540769,0.12962962962962962,0.1312013374058313,0.10724845182574698,0.6940121580547113,0.03888888888888889,0.03556538314699774,0.03637282195307812,0.6760711991925865,0.5931980906433975,-0.0023733506173432236,-0.3238341824743764,61.84872024455372,0.05000000000000002,1.6453958534524213,2.530458895795091,-0.07754190136806079,0.9185185185185185,0.14629629629629629,0.15692859377459187,0.12374686336843865,0.5795052033279332,5.5415500851519734,0.3775649699899998,0.166521947453934,0.25,0.0,"QB,RB,WR,TE",0,12.0,59.25,14,17,14,14
rb,all_2017_2025,height_weight_w025_all,540.0,2.09458357230648,2.9360839644568744,-0.04705009659376081,0.825925925925926,0.5082850699394096,0.03391624037939403,23.35451541473322,33.36740150341212,-1.1304394494591412,0.8166666666666667,0.5093618060985191,0.03380716630028785,0.21296296296296297,0.20884941730344433,0.16908056218967388,0.5081739130434783,0.10185185185185185,0.11221745200985864,0.09071938682622073,0.604311152764761,0.12962962962962962,0.13139332849840096,0.10722042487740206,0.6955927051671732,0.03888888888888889,0.03593648592112223,0.03668853757295862,0.6581337737407101,0.5920640408384633,-0.012019321815994645,-0.3148869249344585,62.22149064894985,0.050000000000000024,1.6444701373892692,2.5275902983668934,-0.07255938849060604,0.9185185185185185,0.14629629629629629,0.15705410503238945,0.12369259484359253,0.5798347016667125,5.5439064093297405,0.37679071683208265,0.16630914802188448,0.25,0.25,"QB,RB,WR,TE",1,12.0,60.25,15,18,15,15
rb,all_2017_2025,height_weight_w025_skill,540.0,2.09458357230648,2.9360839644568744,-0.04705009659376081,0.825925925925926,0.5082850699394096,0.03391624037939403,23.35451541473322,33.36740150341212,-1.1304394494591412,0.8166666666666667,0.5093618060985191,0.03380716630028785,0.21296296296296297,0.20884941730344433,0.16908056218967388,0.5081739130434783,0.10185185185185185,0.11221745200985864,0.09071938682622073,0.604311152764761,0.12962962962962962,0.13139332849840096,0.10722042487740206,0.6955927051671732,0.03888888888888889,0.03593648592112223,0.03668853757295862,0.6581337737407101,0.5920640408384633,-0.012019321815994645,-0.3148869249344585,62.22149064894985,0.050000000000000024,1.6444701373892692,2.5275902983668934,-0.07255938849060604,0.9185185185185185,0.14629629629629629,0.15705410503238945,0.12369259484359253,0.5798347016667125,5.5439064093297405,0.37679071683208265,0.16630914802188448,0.25,0.25,"RB,WR,TE",0,12.0,59.75,13,18,15,15
rb,all_2017_2025,height_weight_w050_all,540.0,2.0935514989044006,2.936181609162958,-0.046817665887738724,0.8277777777777777,0.5079996954875077,0.03344291447851691,23.317984505053996,33.34766171290341,-1.1480298863297151,0.8203703703703704,0.509581773255721,0.035324096483087986,0.21296296296296297,0.21106178833327144,0.16875737441020067,0.5224347826086957,0.10185185185185185,0.112253294694742,0.09087097647060688,0.5953889409559513,0.12962962962962962,0.13198385809581303,0.10680701057335192,0.7024012158054711,0.03888888888888889,0.03577057207292165,0.036360516772198384,0.6651986420772548,0.597131617516276,-0.0003348586395853362,-0.2943607502732648,62.26746875298536,0.050000000000000024,1.6439775455925414,2.523849122869199,-0.06877300060590119,0.9185185185185185,0.14629629629629629,0.1571645142803332,0.12407637880158517,0.5737938987890936,5.545850907020873,0.3765105455656267,0.16627981140548675,0.5,0.5,"QB,RB,WR,TE",0,12.0,62.25,15,18,15,15
rb,all_2017_2025,production,540.0,2.0946753133423273,2.9360607303934643,-0.047249367734512715,0.8296296296296296,0.5076280997329135,0.03094529807214358,23.37294176125349,33.39391433057512,-1.1237756297475596,0.8166666666666667,0.5091552218492198,0.03552452310935378,0.21296296296296297,0.20629514496935217,0.16931840361746778,0.5056982097186701,0.10185185185185185,0.11176469235853191,0.09065710071162525,0.6013870665417057,0.12962962962962962,0.13036185856375102,0.10750319150195393,0.6908206686930091,0.03888888888888889,0.03541077596664438,0.03652488964112407,0.6733186530874392,0.5924647554565436,-0.013169150481006833,-0.3378583918724944,61.257853182909,0.050000000000000024,1.645180629820211,2.528991732824738,-0.07646930600496388,0.9185185185185185,0.14629629629629629,0.15666935458814993,0.12391497890990777,0.5735742332299074,5.546737578077186,0.37682924155652014,0.16686972094106778,0.0,0.0,,0,12.0,58.25,13,16,13,13
rb,all_2017_2025,weight_w025_all,540.0,2.094718963660755,2.936033061586899,-0.04724273176633358,0.825925925925926,0.5075081707666148,0.031706951251354254,23.352164127381236,33.36966208568012,-1.1374066971680807,0.8185185185185185,0.5093096332184679,0.03434960428168571,0.21296296296296297,0.20644194766454496,0.16963914102096794,0.49628644501278774,0.10185185185185185,0.1114028723875985,0.0906197581715015,0.6102717900656045,0.12962962962962962,0.1304750313686795,0.10727582777489096,0.6940121580547113,0.03888888888888889,0.035420155458268765,0.036422103373340474,0.6794201302871823,0.5899129623955907,-0.016156052966192918,-0.3232845498177557,61.75584233224972,0.05000000000000002,1.6414133697232778,2.5210798131821504,-0.06872475393132689,0.9185185185185185,0.14629629629629629,0.15651430862467416,0.12352957050644799,0.5800543672258985,5.548017939701976,0.37650828431890276,0.166774734023018,0.0,0.25,"QB,RB,WR,TE",0,12.0,59.25,14,17,14,14
rb,development_2017_2022,height_w025_all,360.0,1.9907632891363132,2.768178584428353,-0.024809922326077195,0.8611111111111112,0.5101252142426146,0.0547468385191138,22.607107942989135,32.084451447876035,0.367611383809775,0.8388888888888889,0.5060931128761764,0.04759258244582587,0.19722222222222222,0.21245783860931797,0.1586028029135847,0.538427798625664,0.08888888888888889,0.11704289990679963,0.07949404743935194,0.6642530487804879,0.12777777777777777,0.14382915900893783,0.10483992310752814,0.7154527831625589,0.03333333333333333,0.03263060946714654,0.032345634872574316,0.6654693486590039,0.616124486004357,0.004343140507771408,-0.38346773644978627,61.7865262539876,0.05000000000000002,1.6732980847023065,2.535473959587036,0.033761397495961076,0.9138888888888889,0.1527777777777778,0.1588838198725495,0.1311325404625987,0.5027123695976154,5.129277553685453,0.39980762364272127,0.12451843647783362,0.25,0.0,"QB,RB,WR,TE",0,12.0,59.25,14,17,14,14
rb,development_2017_2022,height_weight_w025_all,360.0,1.9911204652893497,2.7682710755777356,-0.024675027182537185,0.8611111111111112,0.5102601776864576,0.05380006572428295,22.597274864877555,32.07937241664226,0.3854507973247045,0.8416666666666667,0.5065901919691062,0.047893636229872874,0.19722222222222222,0.21246570637175152,0.15856502069969836,0.5380866513962669,0.08888888888888889,0.11723018673527569,0.079676168099584,0.6576791158536586,0.12777777777777777,0.14397352315491085,0.10509605042716606,0.7137219606757131,0.03333333333333333,0.03361570820693326,0.03249881409964313,0.6566091954022989,0.6179610841942889,-0.004411299469903316,-0.36908821223840826,62.16787071929211,0.050000000000000024,1.6699035441475694,2.531805700346469,0.042444278141952355,0.9138888888888889,0.1527777777777778,0.15873164671966122,0.13064529966007912,0.5080178837555887,5.123375670237719,0.3998884960855898,0.12380276547384028,0.25,0.25,"QB,RB,WR,TE",1,12.0,60.25,15,18,15,15
rb,development_2017_2022,height_weight_w025_skill,360.0,1.9911204652893497,2.7682710755777356,-0.024675027182537185,0.8611111111111112,0.5102601776864576,0.05380006572428295,22.597274864877555,32.07937241664226,0.3854507973247045,0.8416666666666667,0.5065901919691062,0.047893636229872874,0.19722222222222222,0.21246570637175152,0.15856502069969836,0.5380866513962669,0.08888888888888889,0.11723018673527569,0.079676168099584,0.6576791158536586,0.12777777777777777,0.14397352315491085,0.10509605042716606,0.7137219606757131,0.03333333333333333,0.03361570820693326,0.03249881409964313,0.6566091954022989,0.6179610841942889,-0.004411299469903316,-0.36908821223840826,62.16787071929211,0.050000000000000024,1.6699035441475694,2.531805700346469,0.042444278141952355,0.9138888888888889,0.1527777777777778,0.15873164671966122,0.13064529966007912,0.5080178837555887,5.123375670237719,0.3998884960855898,0.12380276547384028,0.25,0.25,"RB,WR,TE",0,12.0,59.75,13,18,15,15
rb,development_2017_2022,height_weight_w050_all,360.0,1.9907236482361983,2.7682442228537076,-0.02444349658994428,0.8611111111111112,0.5094329874585317,0.05068091757722622,22.568405344252234,32.084110323427424,0.3824372693437043,0.8444444444444444,0.5062154826513487,0.050937257358513066,0.19722222222222222,0.2140681365076453,0.15847649431548871,0.5492957746478874,0.08888888888888889,0.11697230017999297,0.07989696295721477,0.6512004573170732,0.12777777777777777,0.14451722258973956,0.10471856409407214,0.7225837718083633,0.03333333333333333,0.03327459819806269,0.03203822356083745,0.6818726053639846,0.616289356733262,-0.006334925423807282,-0.34695715001663263,62.21776864151622,0.050000000000000024,1.6688469646297088,2.5274988153420495,0.052384163792451234,0.9138888888888889,0.1527777777777778,0.15806076364061122,0.1308562960695514,0.5058122205663189,5.123304316784536,0.39967849841515884,0.12359940458938425,0.5,0.5,"QB,RB,WR,TE",0,12.0,62.25,15,18,15,15
rb,development_2017_2022,production,360.0,1.9908178221298594,2.7680701318235177,-0.024821299508636062,0.8583333333333333,0.5092423900229301,0.0496401666889726,22.60807934598926,32.11874093343243,0.39846624293960814,0.8361111111111111,0.5055120146218309,0.052685265695082195,0.19722222222222222,0.21035740856581597,0.1586222022588286,0.5396461815877966,0.08888888888888889,0.11703520216255837,0.07981552681843568,0.6491996951219512,0.12777777777777777,0.14302345377074122,0.105178286162418,0.7106064801993908,0.03333333333333333,0.03262855347901072,0.03247527157661973,0.6572078544061303,0.6159629589875826,-0.0070309184484448175,-0.3978140820277508,61.138593574364755,0.05000000000000002,1.6707094278449444,2.5338714035625993,0.03129292944088576,0.9138888888888889,0.1527777777777778,0.15923567246796463,0.1309919183968129,0.504441132637854,5.135970829850837,0.398969056609777,0.1252341729713134,0.0,0.0,,0,12.0,58.25,13,16,13,13
rb,development_2017_2022,weight_w025_all,360.0,1.9911352275599923,2.76805082015657,-0.024843859499727727,0.8583333333333333,0.5097695650101868,0.05042924216107386,22.59630676673069,32.080762821918206,0.369635108465569,0.8444444444444444,0.5059422820469359,0.04692968178273854,0.19722222222222222,0.20936024316320143,0.1592224955934669,0.5224913494809689,0.08888888888888889,0.11642432268902884,0.07977594591146543,0.659203506097561,0.12777777777777777,0.14280375608253548,0.10496762519400933,0.7150373857657158,0.03333333333333333,0.032721074607934664,0.032255565797874704,0.6713362068965517,0.6153830821415351,-0.00828015648268891,-0.3808801640069441,61.64575911305641,0.05000000000000002,1.668122948231243,2.527486871466484,0.04393140793377466,0.9138888888888889,0.1527777777777778,0.15862105738514548,0.13052082914936117,0.509210134128167,5.1308597447559245,0.3992398334766834,0.12461501258695155,0.0,0.25,"QB,RB,WR,TE",0,12.0,59.25,14,17,14,14
rb,recent_2020_2025,height_w025_all,360.0,2.0919122838361015,2.9446555045178875,-0.008740569415785165,0.8305555555555556,0.5043839076631412,0.03423488668978725,23.094645687687247,32.98380342848938,-0.9027586234529581,0.8111111111111111,0.5076591238346118,0.029652302317053625,0.21388888888888888,0.2047925299774134,0.1695348274582647,0.5144325639025286,0.09722222222222222,0.10690102288910042,0.08795408029642086,0.5839120879120879,0.12777777777777777,0.12270793622602863,0.10651950890581484,0.691359734145666,0.044444444444444446,0.03765254766750394,0.040604960022091525,0.7222020348837209,0.5985561352587009,-0.005029874201704231,-0.23726951442749705,62.42351922227848,0.05000000000000002,1.6653156007323924,2.525187028982745,0.00708476999039848,0.9166666666666666,0.1527777777777778,0.15286523143371641,0.12537400230928786,0.6416095380029806,6.004253500706631,0.3504766726119456,0.22040331202932179,0.25,0.0,"QB,RB,WR,TE",0,12.0,59.25,14,17,14,14
rb,recent_2020_2025,height_weight_w025_all,360.0,2.093606501341346,2.9444161379296223,-0.008645694889276268,0.8166666666666667,0.5048409420429617,0.03195385489155056,23.094407815170047,32.96860780645015,-0.8908697397676608,0.8055555555555556,0.5063664197716011,0.030734741096805185,0.21388888888888888,0.20439411605027769,0.16919531395610266,0.5203983295856087,0.09722222222222222,0.1065290985967658,0.08813748901264816,0.5799560439560439,0.12777777777777777,0.12236286829477794,0.10630132638477109,0.6955137081140959,0.044444444444444446,0.03776960854222146,0.04104941596671681,0.7000363372093024,0.5972049831609322,-0.009135872961982731,-0.23450612461672268,62.753624825060335,0.050000000000000024,1.6657636608644586,2.524965043156872,0.008592536226934162,0.9166666666666666,0.1527777777777778,0.15320711175119775,0.1254826886260858,0.6379731743666169,6.008342218396877,0.34914915413639264,0.21986807953423937,0.25,0.25,"QB,RB,WR,TE",1,12.0,60.25,15,18,15,15
rb,recent_2020_2025,height_weight_w025_skill,360.0,2.093606501341346,2.9444161379296223,-0.008645694889276268,0.8166666666666667,0.5048409420429617,0.03195385489155056,23.094407815170047,32.96860780645015,-0.8908697397676608,0.8055555555555556,0.5063664197716011,0.030734741096805185,0.21388888888888888,0.20439411605027769,0.16919531395610266,0.5203983295856087,0.09722222222222222,0.1065290985967658,0.08813748901264816,0.5799560439560439,0.12777777777777777,0.12236286829477794,0.10630132638477109,0.6955137081140959,0.044444444444444446,0.03776960854222146,0.04104941596671681,0.7000363372093024,0.5972049831609322,-0.009135872961982731,-0.23450612461672268,62.753624825060335,0.050000000000000024,1.6657636608644586,2.524965043156872,0.008592536226934162,0.9166666666666666,0.1527777777777778,0.15320711175119775,0.1254826886260858,0.6379731743666169,6.008342218396877,0.34914915413639264,0.21986807953423937,0.25,0.25,"RB,WR,TE",0,12.0,59.75,13,18,15,15
rb,recent_2020_2025,height_weight_w050_all,360.0,2.0922784877117824,2.9446317924913576,-0.008371302830844045,0.8222222222222222,0.5053387329705779,0.03281506266969181,23.065759406183453,32.959014314618315,-0.936157508145016,0.8083333333333333,0.5073864622172961,0.027102995828643617,0.21388888888888888,0.2070180973964081,0.16852703308905032,0.5410490569501171,0.09722222222222222,0.10652406669920358,0.08813577814055429,0.5621978021978022,0.12777777777777777,0.12292935721434728,0.10569311323181846,0.7027139296593742,0.044444444444444446,0.037730788248534215,0.040629717571908884,0.7065770348837209,0.5992065042058183,-0.008325424321689723,-0.2142679129962218,62.65845010299562,0.05000000000000002,1.6692092980401532,2.527637918159492,0.006410252196982806,0.9111111111111111,0.1527777777777778,0.15373723760483352,0.12640684678589958,0.6197317436661699,6.013167867420431,0.34880614422819645,0.2200762290227549,0.5,0.5,"QB,RB,WR,TE",0,12.0,62.25,15,18,15,15
rb,recent_2020_2025,production,360.0,2.094661522283912,2.944494622892942,-0.00886605235824318,0.8222222222222222,0.5041580566051059,0.033168677775622823,23.12995460105476,33.0020766629895,-0.8784021751288886,0.8111111111111111,0.5068414357945542,0.02946473530060459,0.21388888888888888,0.20185637616957372,0.17007874334382136,0.5042448717360378,0.09722222222222222,0.10609709976659439,0.0879340584899957,0.5781978021978021,0.12777777777777777,0.12187126951235573,0.10697349393986649,0.686444198283024,0.044444444444444446,0.037262951459025126,0.04085388863835576,0.721656976744186,0.5982526211762019,-0.015416271216084484,-0.25124101404502824,61.93639507833223,0.050000000000000024,1.6650761340773799,2.522558603780114,0.010239726975187916,0.9166666666666666,0.1527777777777778,0.1521145958261958,0.12533976525991392,0.6397019374068554,6.009412371368856,0.34964267232047674,0.22076197775103598,0.0,0.0,,0,12.0,58.25,13,16,13,13
rb,recent_2020_2025,weight_w025_all,360.0,2.0941705886055955,2.9445369744367325,-0.008774464585038978,0.8166666666666667,0.5038263019793905,0.03314759838375536,23.09287631279354,32.9806147569488,-0.8861823153762799,0.8083333333333333,0.5068129834493954,0.026191884391852827,0.21388888888888888,0.20210604213303845,0.170134926287455,0.4979578725161764,0.09722222222222222,0.10589404148213417,0.08785884964622794,0.5871648351648352,0.12777777777777777,0.12161886575277003,0.10643626700853971,0.6929520908335641,0.044444444444444446,0.03749168795098435,0.04075282477584722,0.7265625,0.5918897570949999,-0.01746104008004177,-0.23959489283273439,62.38147023324034,0.05000000000000002,1.662126195131218,2.5176113747933746,0.012679460459941635,0.9111111111111111,0.1527777777777778,0.15227795216508305,0.12519913320283815,0.6410134128166916,6.016092516208316,0.3484396414074204,0.2208096600361063,0.0,0.25,"QB,RB,WR,TE",0,12.0,59.25,14,17,14,14
rb,temporal_2023_2025,height_w025_all,180.0,2.299174012334501,3.272111000695664,-0.09205573248631331,0.7777777777777778,0.5042306864500234,0.07034599780089834,24.862699078574508,35.94923986683082,-4.166256117205175,0.7777777777777778,0.5173857498829392,0.0861545358463669,0.24444444444444444,0.2018730450545634,0.19027938342126183,0.4732620320855615,0.12777777777777777,0.10285479937853745,0.11266570847890489,0.5599556909443367,0.13333333333333333,0.10594569419961815,0.11206550926218467,0.6856303418803419,0.05,0.041434930506700135,0.04442719611408573,0.691358024691358,0.5585516725720641,-0.008893278599133718,-0.20456707452355674,61.973108225685955,0.05000000000000002,1.5895913909526516,2.520428768211201,-0.3001484990961046,0.9277777777777778,0.13333333333333333,0.15301814157867666,0.10897550918011854,0.7243589743589743,6.366095148085012,0.333079662684557,0.2505289694061348,0.25,0.0,"QB,RB,WR,TE",0,12.0,59.25,14,17,14,14
rb,temporal_2023_2025,height_weight_w025_all,180.0,2.3015097863407408,3.271709742215152,-0.09180023541620817,0.7555555555555555,0.5043348544453137,0.06625113626369372,24.868996514444547,35.94345967695184,-4.162219943026834,0.7666666666666667,0.5149050343573448,0.07116877540125177,0.24444444444444444,0.20161683916683001,0.19011164516962503,0.47459893048128343,0.12777777777777777,0.10219198255902459,0.11280582427949422,0.561894212129604,0.13333333333333333,0.1062329391853812,0.11146917377787403,0.6923076923076923,0.05,0.04057804134950014,0.045067984519589606,0.6621182586094867,0.553093328573621,-0.00782740208031112,-0.206484350326559,62.32873050826531,0.05000000000000002,1.5936033238726677,2.5191594944077416,-0.30256672175572286,0.9277777777777778,0.13333333333333333,0.1536990216578459,0.10978718521061932,0.7126068376068376,6.384967887513785,0.3305951583250681,0.2513219131179729,0.25,0.25,"QB,RB,WR,TE",1,12.0,60.25,15,18,15,15
rb,temporal_2023_2025,height_weight_w025_skill,180.0,2.3015097863407408,3.271709742215152,-0.09180023541620817,0.7555555555555555,0.5043348544453137,0.06625113626369372,24.868996514444547,35.94345967695184,-4.162219943026834,0.7666666666666667,0.5149050343573448,0.07116877540125177,0.24444444444444444,0.20161683916683001,0.19011164516962503,0.47459893048128343,0.12777777777777777,0.10219198255902459,0.11280582427949422,0.561894212129604,0.13333333333333333,0.1062329391853812,0.11146917377787403,0.6923076923076923,0.05,0.04057804134950014,0.045067984519589606,0.6621182586094867,0.553093328573621,-0.00782740208031112,-0.206484350326559,62.32873050826531,0.05000000000000002,1.5936033238726677,2.5191594944077416,-0.30256672175572286,0.9277777777777778,0.13333333333333333,0.1536990216578459,0.10978718521061932,0.7126068376068376,6.384967887513785,0.3305951583250681,0.2513219131179729,0.25,0.25,"RB,WR,TE",0,12.0,59.75,13,18,15,15
rb,temporal_2023_2025,height_weight_w050_all,180.0,2.299207200240805,3.2720563817814567,-0.09156600448332769,0.7611111111111111,0.5051331115454594,0.06669149141031694,24.817142826657527,35.87476449185537,-4.2089641976765515,0.7722222222222223,0.5163143544644656,0.0632515053884386,0.24444444444444444,0.20504909198452373,0.18931913459962457,0.48629679144385024,0.12777777777777777,0.10281528372424008,0.1128190034973911,0.5458321794516754,0.13333333333333333,0.10691712910795997,0.11098390353191144,0.6936431623931624,0.05,0.04076251982263957,0.04500510319492025,0.6478232618583496,0.570785359686388,0.0343755465703674,-0.18916795078652918,62.36686897592366,0.05000000000000002,1.5942387075182063,2.5165497379234982,-0.31108732940260614,0.9277777777777778,0.13333333333333333,0.15537201555977714,0.11051654426565276,0.6992521367521367,6.390944087493548,0.3301746398665623,0.25164062503769175,0.5,0.5,"QB,RB,WR,TE",0,12.0,62.25,15,18,15,15
rb,temporal_2023_2025,production,180.0,2.3023902957672626,3.2720419275333574,-0.0921055041862658,0.7722222222222223,0.50439951915288,0.07374635145740494,24.90266659178195,35.94426112486051,-4.168259375121896,0.7777777777777778,0.5164416363039978,0.07909169946872763,0.24444444444444444,0.1981706177764245,0.19071080633474605,0.4627339572192513,0.12777777777777777,0.10122367275047903,0.11234024849800438,0.569648296870673,0.13333333333333333,0.10503866814977064,0.11215300218102574,0.6864316239316239,0.05,0.040975220941911736,0.04462412577013273,0.6939571150097466,0.5621569576560499,-0.012247291583073552,-0.21794701156198143,61.49637239999746,0.050000000000000024,1.5941230337707437,2.5192323913490164,-0.2919937768966631,0.9277777777777778,0.13333333333333333,0.15153671882852052,0.10976109993609755,0.7035256410256411,6.368271074529886,0.3325496114500064,0.25014081688057654,0.0,0.0,,0,12.0,58.25,13,16,13,13
rb,temporal_2023_2025,weight_w025_all,180.0,2.301886435862282,3.271997544447556,-0.09204047629954534,0.7611111111111111,0.5029853822794709,0.06618236334338345,24.863878848682322,35.94746061320396,-4.151490308435382,0.7666666666666667,0.5160443355615317,0.07603128482541921,0.24444444444444444,0.20060535666723195,0.19047243187597,0.459725935828877,0.12777777777777777,0.10135997178473777,0.11230738269157363,0.5710329548601495,0.13333333333333333,0.10581758194096746,0.11189223293665419,0.6885683760683761,0.05,0.04081831715893697,0.044755178524272035,0.695906432748538,0.5553373716010678,-0.012119715629083202,-0.20809332143937892,61.97600877063637,0.05000000000000002,1.5879942127073474,2.5082656966134835,-0.29403707766153003,0.9277777777777778,0.13333333333333333,0.15230081110373156,0.10954705322062165,0.7091346153846154,6.382334329594082,0.33104518600334143,0.2510941768951509,0.0,0.25,"QB,RB,WR,TE",0,12.0,59.25,14,17,14,14
wr,all_2017_2025,height_w025_all,648.0,1.745679880138265,2.4609176774242165,-0.21907559662290252,0.8055555555555556,0.5203127220863475,0.04436087301814584,19.015227755690596,27.43551010572797,-0.5084524419914191,0.8040123456790124,0.5037908251233439,0.01813201320419988,0.17746913580246915,0.16576396633968382,0.14717615685925495,0.5027979443674035,0.06327160493827161,0.06177673115769633,0.06052472960732939,0.44758307550126575,0.09722222222222222,0.10701721192981685,0.08412440468381159,0.6984126984126984,0.029320987654320986,0.032674729825054205,0.027741655164943434,0.7635762697682202,0.5966692656061423,0.020401493078516107,-0.7219839718811204,62.256601345791964,0.05000000000000002,1.4562135094596473,2.163251190271918,0.19412414064657812,0.9027777777777778,0.12037037037037036,0.10410053205299728,0.10524229056192773,0.5987179487179487,5.363939992358384,0.38992653470154937,0.14848591005829087,0.25,0.0,"QB,RB,WR,TE",0,12.0,59.25,14,17,14,14
wr,all_2017_2025,height_weight_w025_all,648.0,1.7454837354089638,2.46094288910553,-0.2192384474110438,0.8009259259259259,0.5211843277181659,0.045498474304995096,19.005927001218694,27.43396680674046,-0.5678906087177156,0.7962962962962963,0.5045042541307148,0.02100554350115369,0.17746913580246915,0.16603585705769008,0.14704057081657573,0.5064524023166653,0.06327160493827161,0.06167147652237744,0.06031339670033937,0.4683971551412384,0.09722222222222222,0.10655301939122491,0.08370393462150201,0.7104870438203772,0.029320987654320986,0.03229073922868089,0.02788043024890791,0.7534097565057317,0.5955004394574439,0.007939796677910003,-0.728735142686024,62.219191478319225,0.05000000000000002,1.4534607240420796,2.1604447375459257,0.19067220736443272,0.9027777777777778,0.12037037037037036,0.10450973649443641,0.10511609519982988,0.6010571300044985,5.3678525410719224,0.38964343334034246,0.1486563628566443,0.25,0.25,"QB,RB,WR,TE",1,12.0,60.25,15,18,15,15
wr,all_2017_2025,height_weight_w025_skill,648.0,1.7454837354089638,2.46094288910553,-0.2192384474110438,0.8009259259259259,0.5211843277181659,0.045498474304995096,19.005927001218694,27.43396680674046,-0.5678906087177156,0.7962962962962963,0.5045042541307148,0.02100554350115369,0.17746913580246915,0.16603585705769008,0.14704057081657573,0.5064524023166653,0.06327160493827161,0.06167147652237744,0.06031339670033937,0.4683971551412384,0.09722222222222222,0.10655301939122491,0.08370393462150201,0.7104870438203772,0.029320987654320986,0.03229073922868089,0.02788043024890791,0.7534097565057317,0.5955004394574439,0.007939796677910003,-0.728735142686024,62.219191478319225,0.05000000000000002,1.4534607240420796,2.1604447375459257,0.19067220736443272,0.9027777777777778,0.12037037037037036,0.10450973649443641,0.10511609519982988,0.6010571300044985,5.3678525410719224,0.38964343334034246,0.1486563628566443,0.25,0.25,"RB,WR,TE",0,12.0,59.75,13,18,15,15
wr,all_2017_2025,height_weight_w050_all,648.0,1.7465585643616723,2.4612285419809043,-0.21896439428547335,0.8009259259259259,0.5211774116805744,0.044391529628230786,19.030258668814334,27.428927349805537,-0.5709154845423803,0.7885802469135802,0.5054413685785817,0.03134454761924155,0.17746913580246915,0.16606532425057594,0.1474852863642769,0.49584794844603963,0.06327160493827161,0.06104280013531423,0.06055497267978562,0.45907501908626996,0.09722222222222222,0.10631463762960992,0.08396463605632648,0.7054402387735721,0.029320987654320986,0.03232142502917299,0.027735976492151027,0.7538281315371098,0.5927947298588886,0.013246710152900392,-0.7381451720338061,61.19122719406297,0.05000000000000002,1.4493553790344462,2.1548488960418357,0.18710971650120625,0.9089506172839507,0.12037037037037036,0.10467884752031485,0.10509704141010037,0.5993027440395862,5.385931535412383,0.38832722200702213,0.15061733910523833,0.5,0.5,"QB,RB,WR,TE",0,12.0,62.25,15,18,15,15
wr,all_2017_2025,production,648.0,1.7469573790438462,2.4610589262798714,-0.2191614487056588,0.8024691358024691,0.5197774077664142,0.04034346562950286,19.018849736978034,27.428398925755804,-0.5051968884306163,0.8101851851851852,0.503659386523729,0.0193236160130984,0.17746913580246915,0.16671561498356008,0.14678805507531534,0.5157353780895668,0.06327160493827161,0.06190190349952373,0.0604558152061022,0.44545344959215655,0.09722222222222222,0.10751269854393915,0.08392891903620939,0.7040293040293041,0.029320987654320986,0.032903895204706324,0.02782586740271315,0.7689733076729981,0.5984970490570111,0.026832872600823766,-0.7142060505179163,61.67441590717517,0.050000000000000024,1.4575206244617307,2.164669459720237,0.19443013058319908,0.9058641975308642,0.12037037037037036,0.10394307411778062,0.10506821938211991,0.602361673414305,5.361134811288398,0.38938009870838675,0.14767343863509683,0.0,0.0,,0,12.0,58.25,13,16,13,13
wr,all_2017_2025,weight_w025_all,648.0,1.7463901535888662,2.461035387423904,-0.21924802345107533,0.8024691358024691,0.5209067847454573,0.043949875742419264,19.02496310955321,27.437396759590072,-0.5555468021310672,0.7978395061728395,0.5044714348165743,0.02167680069125033,0.17746913580246915,0.1656863122920497,0.14715684480348035,0.4965005302226935,0.06327160493827161,0.0614552518002095,0.060403925824725826,0.4564632137260417,0.09722222222222222,0.10683276860938613,0.08376172708122029,0.7048975715642383,0.029320987654320986,0.03295818337759004,0.027891315369212126,0.754915906618693,0.5970591315868796,0.014935636369634221,-0.7219466736123178,62.11018410912144,0.050000000000000024,1.4567590663668046,2.164305491975443,0.18838546818721688,0.9027777777777778,0.12037037037037036,0.10462551673036373,0.10539126587569969,0.5939496176338281,5.362195880828914,0.38956819506791923,0.14752617154251874,0.0,0.25,"QB,RB,WR,TE",0,12.0,59.25,14,17,14,14
wr,development_2017_2022,height_w025_all,432.0,1.7406217669105757,2.4475388256631163,-0.30452258277192096,0.8240740740740741,0.5322740525917368,0.06614576383430776,18.897428973331667,27.204185890282336,-1.064026904114407,0.8148148148148148,0.5130303136551653,0.039835135579663894,0.1712962962962963,0.16632472257520076,0.14374391167084805,0.4830137399969802,0.06712962962962964,0.0654225051905383,0.064377688789227,0.41909814323607425,0.09490740740740741,0.10481266681511885,0.08237177189880134,0.7008296425675254,0.03009259259259259,0.033194647065985974,0.028453120048472696,0.7464659445566367,0.573392622431407,-0.01114948318267309,-0.8016704046260869,62.268741256242166,0.05000000000000002,1.4731804476946804,2.1710330465517225,0.30751073507214716,0.9050925925925926,0.12268518518518519,0.10284289451778213,0.10585228918800918,0.6291133568974959,4.921197652029671,0.4204519866207865,0.10955323576188863,0.25,0.0,"QB,RB,WR,TE",0,12.0,59.25,14,17,14,14
wr,development_2017_2022,height_weight_w025_all,432.0,1.7416254773485984,2.4474972469121834,-0.3047467866223429,0.8194444444444444,0.5333108619968979,0.06633180763832847,18.880539688199416,27.200795370008155,-1.1312157587772929,0.8078703703703703,0.5137235548857176,0.03386567887450942,0.1712962962962963,0.1663085593590285,0.14329793621023978,0.4970557149328099,0.06712962962962964,0.06517639856077095,0.06397230546346615,0.44143064943954824,0.09490740740740741,0.10442137742976387,0.08216249122918795,0.7063813860645001,0.03009259259259259,0.03261336615137013,0.028657491845549582,0.7332476592619791,0.5688397798551973,-0.02764009676073034,-0.8093927860856062,62.31031639220513,0.05000000000000002,1.4701936325504035,2.165428686212598,0.30122269694075327,0.9004629629629629,0.12268518518518519,0.1032763100944117,0.1059633471435497,0.6260267834918106,4.923946725430092,0.4198633962935272,0.10961462959671923,0.25,0.25,"QB,RB,WR,TE",1,12.0,60.25,15,18,15,15
wr,development_2017_2022,height_weight_w025_skill,432.0,1.7416254773485984,2.4474972469121834,-0.3047467866223429,0.8194444444444444,0.5333108619968979,0.06633180763832847,18.880539688199416,27.200795370008155,-1.1312157587772929,0.8078703703703703,0.5137235548857176,0.03386567887450942,0.1712962962962963,0.1663085593590285,0.14329793621023978,0.4970557149328099,0.06712962962962964,0.06517639856077095,0.06397230546346615,0.44143064943954824,0.09490740740740741,0.10442137742976387,0.08216249122918795,0.7063813860645001,0.03009259259259259,0.03261336615137013,0.028657491845549582,0.7332476592619791,0.5688397798551973,-0.02764009676073034,-0.8093927860856062,62.31031639220513,0.05000000000000002,1.4701936325504035,2.165428686212598,0.30122269694075327,0.9004629629629629,0.12268518518518519,0.1032763100944117,0.1059633471435497,0.6260267834918106,4.923946725430092,0.4198633962935272,0.10961462959671923,0.25,0.25,"RB,WR,TE",0,12.0,59.75,13,18,15,15
wr,development_2017_2022,height_weight_w050_all,432.0,1.7433638049457232,2.4477530909179626,-0.3044728742163929,0.8194444444444444,0.5340258749523384,0.06545915393964508,18.898097477735575,27.209258060408203,-1.139511002301668,0.8009259259259259,0.5147130077352716,0.03674578218714286,0.1712962962962963,0.16616473585936528,0.1440657621355528,0.47678544466253964,0.06712962962962964,0.06439742291281893,0.06439469971281207,0.41935483870967744,0.09490740740740741,0.10443673376727833,0.08260699353039998,0.6979602021084149,0.03009259259259259,0.0326181297134518,0.028435813869891774,0.7376537543601983,0.5669905852578768,-0.026865659645381332,-0.8145284818060008,61.315952336761406,0.05000000000000002,1.4655343634080074,2.162415279393179,0.29570055182990673,0.9097222222222222,0.12268518518518519,0.10332334538033744,0.10572020601901189,0.6265246179120825,4.9393932447914475,0.41759414918330623,0.11094563762764954,0.5,0.5,"QB,RB,WR,TE",0,12.0,62.25,15,18,15,15
wr,development_2017_2022,production,432.0,1.7426406464753317,2.447632438075719,-0.3045730715815717,0.8194444444444444,0.5314058379092464,0.0692896590061367,18.908198917293902,27.197065370484207,-1.0558987586574768,0.8217592592592593,0.5124932113053816,0.03843395785074821,0.1712962962962963,0.16783078249103447,0.14320269585478218,0.49898082439981883,0.06712962962962964,0.06560524809132363,0.06416264268981593,0.41490545050055616,0.09490740740740741,0.10535897148980079,0.08210362596891076,0.707504210591978,0.03009259259259259,0.03327598827663309,0.02851184085525269,0.7554617220488342,0.5778676182837146,-0.0030334477053263055,-0.7917043917805955,61.644170202090166,0.050000000000000024,1.471447032224218,2.1700416071992525,0.3083676330747256,0.9074074074074074,0.12268518518518519,0.10257665631713947,0.10568506030114803,0.6333947329118336,4.921113512099986,0.41995084985921477,0.10941931813006951,0.0,0.0,,0,12.0,58.25,13,16,13,13
wr,development_2017_2022,weight_w025_all,432.0,1.74313534438838,2.4476295472751963,-0.30472235458229274,0.8217592592592593,0.5328270984576068,0.06576761556150545,18.903352167123597,27.20537809088621,-1.117884098130988,0.8101851851851852,0.5137102671571598,0.038025351529958895,0.1712962962962963,0.1665713231594827,0.1436838832955609,0.4806734108410086,0.06712962962962964,0.0650018053071853,0.06413664929416936,0.4234619662873278,0.09490740740740741,0.10453752738660266,0.0817775084724145,0.7127440583868754,0.03009259259259259,0.03332981439476856,0.028499191637495827,0.7448136588948044,0.5743155452068476,-0.018936423818190804,-0.8015596741499132,62.19071827097578,0.050000000000000024,1.4724766750322371,2.170016778786621,0.3008049405187208,0.9004629629629629,0.12268518518518519,0.1033317204657951,0.10605275379332427,0.6227410763180167,4.918838653416828,0.42058754639136364,0.10892375771000672,0.0,0.25,"QB,RB,WR,TE",0,12.0,59.25,14,17,14,14
wr,recent_2020_2025,height_w025_all,432.0,1.719746326335813,2.403903911617672,-0.19271792271576227,0.8032407407407407,0.5148394774681024,0.050775146194381005,19.24034489139547,27.63587311721537,0.17144682325674698,0.7962962962962963,0.49572512549461006,0.023404998455956894,0.16898148148148148,0.16689199593216106,0.14140258801019623,0.5102835120387683,0.05324074074074074,0.05861080687639402,0.051434054936671934,0.44339321781651964,0.09722222222222222,0.10940757017276655,0.08408096681371209,0.6974358974358974,0.02546296296296296,0.030127968466767192,0.024281794147214004,0.7670049665299071,0.6044785969588569,0.045033004744562274,-0.579560840451942,62.08528207217559,0.05000000000000002,1.4730085732549603,2.1857860614756603,0.20906697157000342,0.8958333333333334,0.125,0.10411618915605023,0.1090058588588011,0.5939643347050755,5.793823143477941,0.3593212983210719,0.19553266295825486,0.25,0.0,"QB,RB,WR,TE",0,12.0,59.25,14,17,14,14
wr,recent_2020_2025,height_weight_w025_all,432.0,1.7188704289979673,2.4039514122650236,-0.192745016025305,0.7986111111111112,0.5164765446970806,0.05020705195095032,19.237677924052612,27.641480011368895,0.0881315931056789,0.7916666666666666,0.496825007431652,0.018855036343636167,0.16898148148148148,0.16719561589232923,0.14154293358245168,0.5051703743274698,0.05324074074074074,0.058787105793963214,0.05142548917968757,0.4555118528755182,0.09722222222222222,0.10887265449129119,0.08340104417769974,0.7197802197802198,0.02546296296296296,0.02971614803869848,0.024299991665285,0.7708918160224574,0.6029087954360147,0.03910840452558247,-0.5850063532948442,61.971431765953625,0.05000000000000002,1.4718066379641126,2.1857504898959013,0.2045066802360101,0.9004629629629629,0.125,0.10484850756695796,0.10873001927822709,0.6006270821085636,5.800945966809856,0.35894140795433316,0.19593436372502315,0.25,0.25,"QB,RB,WR,TE",1,12.0,60.25,15,18,15,15
wr,recent_2020_2025,height_weight_w025_skill,432.0,1.7188704289979673,2.4039514122650236,-0.192745016025305,0.7986111111111112,0.5164765446970806,0.05020705195095032,19.237677924052612,27.641480011368895,0.0881315931056789,0.7916666666666666,0.496825007431652,0.018855036343636167,0.16898148148148148,0.16719561589232923,0.14154293358245168,0.5051703743274698,0.05324074074074074,0.058787105793963214,0.05142548917968757,0.4555118528755182,0.09722222222222222,0.10887265449129119,0.08340104417769974,0.7197802197802198,0.02546296296296296,0.02971614803869848,0.024299991665285,0.7708918160224574,0.6029087954360147,0.03910840452558247,-0.5850063532948442,61.971431765953625,0.05000000000000002,1.4718066379641126,2.1857504898959013,0.2045066802360101,0.9004629629629629,0.125,0.10484850756695796,0.10873001927822709,0.6006270821085636,5.800945966809856,0.35894140795433316,0.19593436372502315,0.25,0.25,"RB,WR,TE",0,12.0,59.75,13,18,15,15
wr,recent_2020_2025,height_weight_w050_all,432.0,1.720794337528581,2.40416359521129,-0.1924161519321061,0.7916666666666666,0.5167621940500449,0.04321325488472477,19.28663949392656,27.636493225691478,0.096224929358861,0.7777777777777778,0.4978064793280485,0.02054207848343914,0.16898148148148148,0.16698408286653676,0.14187868156490047,0.5030716984011905,0.05324074074074074,0.05800014166259207,0.05151923194714842,0.45572446050813226,0.09722222222222222,0.10787557278081705,0.08336422063452843,0.7230769230769231,0.02546296296296296,0.0299311961638769,0.024107804135639396,0.763118117037357,0.598365279436891,0.040773377343628604,-0.5957959463507512,60.89224936122064,0.05000000000000002,1.4692033679153358,2.1771167220599406,0.2029122125235395,0.9050925925925926,0.125,0.10522701541182794,0.10879132966289713,0.5982265334117186,5.829701305429718,0.3576625856783448,0.19889014918187106,0.5,0.5,"QB,RB,WR,TE",0,12.0,62.25,15,18,15,15
wr,recent_2020_2025,production,432.0,1.7203990136789895,2.4040147684261854,-0.19274542488573787,0.8032407407407407,0.5142646684336891,0.042741301800603704,19.227356423587853,27.62217962303765,0.1724880093985723,0.8032407407407407,0.4960685245561367,0.02127474806243082,0.16898148148148148,0.16794395930056596,0.1412459765194874,0.5204334719731369,0.05324074074074074,0.05852998505687873,0.051269551698774424,0.4467949399383438,0.09722222222222222,0.1095529598664544,0.0838003791603184,0.7063492063492064,0.02546296296296296,0.03032157758762331,0.02437124557228591,0.7708918160224574,0.606544278041112,0.04041451363324873,-0.5720918772895102,61.51796935825091,0.050000000000000024,1.475864278934791,2.1875381270552703,0.21103225740135828,0.9004629629629629,0.125,0.10392055887901036,0.10890350814385447,0.5963648834019204,5.79032775062824,0.3584213558872026,0.1944557646368049,0.0,0.0,,0,12.0,58.25,13,16,13,13
wr,recent_2020_2025,weight_w025_all,432.0,1.719187803361531,2.404001066124922,-0.1927774172125194,0.7986111111111112,0.5158449677923302,0.052345018309522706,19.24590681734631,27.639252141013568,0.11473096434276818,0.7916666666666666,0.49688101830318,0.02360450141350484,0.16898148148148148,0.16659953561898536,0.14124146364037107,0.5050940588392414,0.05324074074074074,0.05857650910079503,0.051336918659190885,0.4689061337302009,0.09722222222222222,0.10899503049977029,0.08327499428201757,0.7156898656898657,0.02546296296296296,0.03046577249828984,0.02447509691678895,0.7633340531202764,0.6038833628726817,0.027571628363063504,-0.5783566710875844,61.89228701603268,0.05000000000000002,1.4763930902166538,2.1903656529126674,0.2034082983048052,0.9004629629629629,0.125,0.10457686374838893,0.10923858450118357,0.5892612188908485,5.793371350369697,0.35847881578335034,0.19435212803858126,0.0,0.25,"QB,RB,WR,TE",0,12.0,59.25,14,17,14,14
wr,temporal_2023_2025,height_w025_all,216.0,1.7557961065936434,2.487675380946417,-0.04818162432486571,0.7685185185185185,0.496390061075569,0.04914390472406538,19.25082532040845,27.898158536619235,0.6026964822545577,0.7824074074074074,0.48531184805970135,0.05462642123163183,0.18981481481481483,0.1646424538686499,0.15404064723606878,0.5425783972125435,0.05555555555555555,0.05448518309201238,0.052818811243534165,0.5053104575163399,0.10185185185185185,0.11142630215921291,0.08762967025383211,0.6928303655107779,0.027777777777777776,0.031634895343190673,0.026318725397884903,0.8119047619047619,0.6258003959242242,0.0707569749580252,-0.5626111063911873,62.23232152489155,0.05000000000000002,1.4222796329895806,2.1476874777123096,-0.03264904820455993,0.8981481481481481,0.11574074074074074,0.10661580712342757,0.10402229330976485,0.5403141361256545,6.249424673015811,0.328875630863075,0.2263512586510954,0.25,0.0,"QB,RB,WR,TE",0,12.0,59.25,14,17,14,14
wr,temporal_2023_2025,height_weight_w025_all,216.0,1.7532002515296952,2.4878341734922227,-0.04822176898844562,0.7638888888888888,0.4969312591607019,0.051634558045017154,19.256701627257243,27.900309680205076,0.5587596914014387,0.7731481481481481,0.4860656526207088,0.047662694853733034,0.18981481481481483,0.16549045245501326,0.15452584002924774,0.5258536585365854,0.05555555555555555,0.05466163244559046,0.05299557917408579,0.5073529411764706,0.10185185185185185,0.11081630331414703,0.08678682140613014,0.7174320524835989,0.027777777777777776,0.0316454853833024,0.026326307055624554,0.7936507936507936,0.6305224673962921,0.07238833517903286,-0.56741985588686,62.036941650547405,0.05000000000000002,1.419994907025432,2.1504768402125807,-0.030428771788208426,0.9074074074074074,0.11574074074074074,0.10697658929448581,0.10342159131239023,0.5564397905759162,6.255664172355582,0.329203507433973,0.22673982937649445,0.25,0.25,"QB,RB,WR,TE",1,12.0,60.25,15,18,15,15
wr,temporal_2023_2025,height_weight_w025_skill,216.0,1.7532002515296952,2.4878341734922227,-0.04822176898844562,0.7638888888888888,0.4969312591607019,0.051634558045017154,19.256701627257243,27.900309680205076,0.5587596914014387,0.7731481481481481,0.4860656526207088,0.047662694853733034,0.18981481481481483,0.16549045245501326,0.15452584002924774,0.5258536585365854,0.05555555555555555,0.05466163244559046,0.05299557917408579,0.5073529411764706,0.10185185185185185,0.11081630331414703,0.08678682140613014,0.7174320524835989,0.027777777777777776,0.0316454853833024,0.026326307055624554,0.7936507936507936,0.6305224673962921,0.07238833517903286,-0.56741985588686,62.036941650547405,0.05000000000000002,1.419994907025432,2.1504768402125807,-0.030428771788208426,0.9074074074074074,0.11574074074074074,0.10697658929448581,0.10342159131239023,0.5564397905759162,6.255664172355582,0.329203507433973,0.22673982937649445,0.25,0.25,"RB,WR,TE",0,12.0,59.75,13,18,15,15
wr,temporal_2023_2025,height_weight_w050_all,216.0,1.7529480831935702,2.4881794441067884,-0.04794743442363419,0.7638888888888888,0.4954804851370463,0.055415214387673495,19.29458105097185,27.868265928600202,0.5662755509761948,0.7638888888888888,0.4868980902652018,0.04925390737940666,0.18981481481481483,0.16586650103299727,0.1543243348217251,0.5331010452961672,0.05555555555555555,0.054333554580304845,0.052875518613732714,0.5363562091503268,0.10185185185185185,0.11007044535427314,0.0866799211081795,0.7249297094657919,0.027777777777777776,0.031728015660615366,0.02633630173666954,0.7984126984126985,0.6275008417853044,0.09307326831707927,-0.5853785524894173,60.9417769086661,0.05000000000000002,1.4169974102873237,2.139716129339149,-0.030071954156194753,0.9074074074074074,0.11574074074074074,0.10738985180026966,0.10385071219227732,0.5459685863874345,6.279008116654255,0.3297933676544538,0.22996074206041597,0.5,0.5,"QB,RB,WR,TE",0,12.0,62.25,15,18,15,15
wr,temporal_2023_2025,production,216.0,1.7555908441808752,2.487911902688176,-0.04833820295383296,0.7685185185185185,0.49652054748074975,0.047012364833613485,19.240151376346308,27.891066036298987,0.5962068520231043,0.7870370370370371,0.4859917369604236,0.04907074147141255,0.18981481481481483,0.1644852799686112,0.15395877351638165,0.5473170731707317,0.05555555555555555,0.05449521431592395,0.053042160238674724,0.4979575163398693,0.10185185185185185,0.11182015265221588,0.08757950517080666,0.6961105904404874,0.027777777777777776,0.03215970906085278,0.026453920497634065,0.7968253968253968,0.62762408838658,0.08275759416044486,-0.5592093679925583,61.734907317345154,0.050000000000000024,1.4296678089367558,2.153925164762206,-0.03344487439985391,0.9027777777777778,0.11574074074074074,0.10667590971906292,0.10383453754406373,0.5428272251308901,6.241177409665228,0.32823859640673086,0.22418167964515134,0.0,0.0,,0,12.0,58.25,13,16,13,13
wr,temporal_2023_2025,weight_w025_all,216.0,1.7528997719898387,2.487847067721319,-0.04829936118864073,0.7638888888888888,0.4970661573211577,0.04993748094338313,19.268184994412447,27.901434096997793,0.5691277898687758,0.7731481481481481,0.48599377013540335,0.04565934468384891,0.18981481481481483,0.16391629055718357,0.15410276781931917,0.5294773519163763,0.05555555555555555,0.054362144786257886,0.05293847888583881,0.5200163398692811,0.10185185185185185,0.1114232510549531,0.08773016429883188,0.6850984067478912,0.027777777777777776,0.03221492134323302,0.02667556283264472,0.7722222222222223,0.629920523850931,0.0778968551661725,-0.5627206725371269,61.949115785412765,0.05000000000000002,1.4253238490359397,2.1528829183530878,-0.03645347647579115,0.9074074074074074,0.11574074074074074,0.10721310925950102,0.1040682900404505,0.5386387434554973,6.248910335653085,0.3275294924210304,0.22473099920754275,0.0,0.25,"QB,RB,WR,TE",0,12.0,59.25,14,17,14,14
te,all_2017_2025,height_w025_all,216.0,1.4602857979578574,2.0636100279061163,-0.15546829033854495,0.8055555555555556,0.5223277757475441,0.07318537317910401,17.09469906997566,24.37666035948477,-1.152071845925361,0.7916666666666666,0.5091720366797119,0.03343669010857775,0.12962962962962962,0.13105923087302837,0.11265894481366416,0.5628799392097265,0.05092592592592592,0.042694551229701956,0.0483239013772527,0.5645232815964524,0.10185185185185185,0.10459185962755789,0.09163508893620355,0.5611527647610122,0.018518518518518517,0.011812912809141663,0.01856707119872457,0.44221698113207547,0.5244005761070207,0.0866883387513545,-1.1711919804309565,61.70660290613582,0.05000000000000002,1.539694664432416,2.2603719301413623,0.2890674272521836,0.8935185185185185,0.1111111111111111,0.10333615088962536,0.099973576009533,0.4852430555555556,5.820857630058351,0.3522306791037664,0.18989931583330819,0.25,0.0,"QB,RB,WR,TE",0,12.0,59.25,14,17,14,14
te,all_2017_2025,height_weight_w025_all,216.0,1.4596066968647234,2.0636535213583107,-0.15544783065325019,0.8148148148148148,0.5221736388326224,0.07230911568107157,17.069540981539458,24.365472148943574,-1.117285469934728,0.7962962962962963,0.5101455701124614,0.0395559429189849,0.12962962962962962,0.13070821773306135,0.11250161549915727,0.5617401215805471,0.05092592592592592,0.04267542264065424,0.04838642095481586,0.5574279379157427,0.10185185185185185,0.104208298015439,0.09128130294781728,0.5752108716026242,0.018518518518518517,0.011554104127999301,0.01846402298386088,0.5165094339622641,0.505034916661563,0.03516593434072803,-1.1633045676803002,61.940331798040276,0.05000000000000002,1.53466796452167,2.251255433800484,0.3044021969078039,0.9027777777777778,0.1111111111111111,0.10126925260684377,0.0994488355597632,0.5234375,5.8185822764937924,0.35401697444994895,0.19053294350518465,0.25,0.25,"QB,RB,WR,TE",1,12.0,60.25,15,18,15,15
te,all_2017_2025,height_weight_w025_skill,216.0,1.4596066968647234,2.0636535213583107,-0.15544783065325019,0.8148148148148148,0.5221736388326224,0.07230911568107157,17.069540981539458,24.365472148943574,-1.117285469934728,0.7962962962962963,0.5101455701124614,0.0395559429189849,0.12962962962962962,0.13070821773306135,0.11250161549915727,0.5617401215805471,0.05092592592592592,0.04267542264065424,0.04838642095481586,0.5574279379157427,0.10185185185185185,0.104208298015439,0.09128130294781728,0.5752108716026242,0.018518518518518517,0.011554104127999301,0.01846402298386088,0.5165094339622641,0.505034916661563,0.03516593434072803,-1.1633045676803002,61.940331798040276,0.05000000000000002,1.53466796452167,2.251255433800484,0.3044021969078039,0.9027777777777778,0.1111111111111111,0.10126925260684377,0.0994488355597632,0.5234375,5.8185822764937924,0.35401697444994895,0.19053294350518465,0.25,0.25,"RB,WR,TE",0,12.0,59.75,13,18,15,15
te,all_2017_2025,height_weight_w050_all,216.0,1.4573293270632206,2.0635529372481907,-0.15552090470293653,0.8148148148148148,0.5234957522054196,0.07608404410906744,17.06921953391438,24.412948432758494,-1.0800054919031337,0.8009259259259259,0.5096772411645764,0.037569611365697475,0.12962962962962962,0.1297703912835984,0.11311165775312021,0.541983282674772,0.05092592592592592,0.04179555884264268,0.048847932613871645,0.47361419068736144,0.10185185185185185,0.10368009373219055,0.09180307663780306,0.5590440487347704,0.018518518518518517,0.011282742184869911,0.018352018959806746,0.59375,0.5037441108545855,0.02727586658569404,-1.1563134496960132,61.477092046935006,0.050000000000000024,1.5372506500851844,2.2563638477120054,0.3171949524412038,0.8935185185185185,0.1111111111111111,0.09985884992262416,0.09956038188052906,0.517578125,5.837896628118882,0.3528734068537935,0.19253612296484168,0.5,0.5,"QB,RB,WR,TE",0,12.0,62.25,15,18,15,15
te,all_2017_2025,production,216.0,1.4612463577261436,2.0635632980252714,-0.15547056471348386,0.8055555555555556,0.5220676694807092,0.07066085244819553,17.098384612832284,24.37323182593597,-1.1867349758141035,0.7962962962962963,0.5083942620345149,0.029161056328588564,0.12962962962962962,0.13211077669244922,0.11248331080899837,0.5712386018237082,0.05092592592592592,0.043490262057375904,0.048302155127572695,0.5671840354767184,0.10185185185185185,0.1051965708103141,0.09158951393160916,0.5663074039362699,0.018518518518518517,0.01171496320561127,0.018582942924121378,0.4345518867924528,0.5113805846923596,0.050473332618869,-1.1730953092183445,61.1044370487814,0.050000000000000024,1.5426174353174869,2.264365755568275,0.2772452423347596,0.9074074074074074,0.1111111111111111,0.10468427652808525,0.10011509832465826,0.4774305555555556,5.8168491688069,0.3516157720316447,0.1894300708931785,0.0,0.0,,0,12.0,58.25,13,16,13,13
te,all_2017_2025,weight_w025_all,216.0,1.4606728270638536,2.06354683110469,-0.15547507808854508,0.8101851851851852,0.521474511433293,0.06304158981293351,17.08442764991103,24.36101597591355,-1.1356177218635717,0.7962962962962963,0.5079156742491576,0.03895535934516359,0.12962962962962962,0.13146447505433215,0.1125959663129195,0.5592705167173252,0.05092592592592592,0.043002893149147674,0.048329914171365465,0.5565410199556541,0.10185185185185185,0.10493641823205957,0.09128867464375566,0.573805060918463,0.018518518518518517,0.01194420933435161,0.018489239575681916,0.5153301886792453,0.5040924140820218,0.0326510198978316,-1.162069922141377,61.50748946360513,0.05000000000000002,1.539580737445854,2.2533265550009314,0.2995418502205147,0.8981481481481481,0.1111111111111111,0.10237802468242595,0.09987424026061084,0.5086805555555556,5.820854620852858,0.3525356992134914,0.1903232810359416,0.0,0.25,"QB,RB,WR,TE",0,12.0,59.25,14,17,14,14
te,development_2017_2022,height_w025_all,144.0,1.4582592199758981,2.0308984530601584,-0.16326253228003665,0.8055555555555556,0.5230492677022072,0.08244463243836331,17.582418398559575,24.596755740886408,-1.5954290476398139,0.7777777777777778,0.5114389076271869,0.05257160488391044,0.11805555555555555,0.1367930244752999,0.10414498794041019,0.5701713756368689,0.05555555555555555,0.04367333793267112,0.05284046461053891,0.5,0.09722222222222222,0.10927609367255488,0.08842747059470266,0.5483516483516484,0.013888888888888888,0.010699739930456269,0.014259086435705682,0.2852112676056338,0.5340669321919677,0.14404388714733543,-1.130691945080506,61.193390969624296,0.05000000000000002,1.5958996624766248,2.2861308632455932,0.40608084854336424,0.8819444444444444,0.13194444444444445,0.10074650270756877,0.11698181695902544,0.4694736842105263,5.361984976299069,0.3723613967256467,0.14636867500059603,0.25,0.0,"QB,RB,WR,TE",0,12.0,59.25,14,17,14,14
te,development_2017_2022,height_weight_w025_all,144.0,1.4577067957999934,2.030880089013205,-0.1632970782897171,0.8194444444444444,0.5232774718200786,0.08029988054561066,17.565293122996348,24.569778909218922,-1.5812377960066912,0.7777777777777778,0.5125524279055643,0.05825456679998886,0.11805555555555555,0.1363455191735472,0.10397609234684227,0.5771190365910144,0.05555555555555555,0.04392618323245163,0.05294060377371908,0.48253676470588236,0.09722222222222222,0.10879994883776264,0.0880331908750869,0.5664835164835165,0.013888888888888888,0.010217903469468638,0.014135985063718262,0.4278169014084507,0.5289628203676686,0.11234627441523995,-1.1218946744674427,61.47750597317569,0.05000000000000002,1.5925379578574836,2.2819971820563105,0.42396562326070303,0.8888888888888888,0.13194444444444445,0.09867545153479923,0.1161083339360053,0.5258947368421053,5.361631492571364,0.37438460417098096,0.1475491908383091,0.25,0.25,"QB,RB,WR,TE",1,12.0,60.25,15,18,15,15
te,development_2017_2022,height_weight_w025_skill,144.0,1.4577067957999934,2.030880089013205,-0.1632970782897171,0.8194444444444444,0.5232774718200786,0.08029988054561066,17.565293122996348,24.569778909218922,-1.5812377960066912,0.7777777777777778,0.5125524279055643,0.05825456679998886,0.11805555555555555,0.1363455191735472,0.10397609234684227,0.5771190365910144,0.05555555555555555,0.04392618323245163,0.05294060377371908,0.48253676470588236,0.09722222222222222,0.10879994883776264,0.0880331908750869,0.5664835164835165,0.013888888888888888,0.010217903469468638,0.014135985063718262,0.4278169014084507,0.5289628203676686,0.11234627441523995,-1.1218946744674427,61.47750597317569,0.05000000000000002,1.5925379578574836,2.2819971820563105,0.42396562326070303,0.8888888888888888,0.13194444444444445,0.09867545153479923,0.1161083339360053,0.5258947368421053,5.361631492571364,0.37438460417098096,0.1475491908383091,0.25,0.25,"RB,WR,TE",0,12.0,59.75,13,18,15,15
te,development_2017_2022,height_weight_w050_all,144.0,1.4548237870741105,2.030692167445224,-0.16338729766313934,0.8125,0.5250729928529417,0.08986259772451133,17.56037289443826,24.60505490325315,-1.5205426479621067,0.7847222222222222,0.5120209092456931,0.06319993031704951,0.11805555555555555,0.13480066071817523,0.10474159818432756,0.539601667438629,0.05555555555555555,0.04327986534566359,0.05308506994479381,0.42463235294117646,0.09722222222222222,0.10778980375145279,0.08883168782681293,0.528021978021978,0.013888888888888888,0.009759544501001178,0.014027048568469749,0.5985915492957746,0.522291304124884,0.09588055622538381,-1.1205164752215382,61.126710133033875,0.050000000000000024,1.5950015933455566,2.2832807081870334,0.44160825835107165,0.8819444444444444,0.13194444444444445,0.09678523121402859,0.11622432077734815,0.5271578947368422,5.377693264131068,0.37251061980078093,0.1487427468448079,0.5,0.5,"QB,RB,WR,TE",0,12.0,62.25,15,18,15,15
te,development_2017_2022,production,144.0,1.4592251250113717,2.0308674796124424,-0.16325535254158507,0.8055555555555556,0.5230722909465609,0.07343187415830721,17.58387598105784,24.600012246226626,-1.649781108571154,0.7847222222222222,0.5106935725720176,0.058981567266151724,0.11805555555555555,0.138193012258632,0.10388467175768111,0.5896248263084761,0.05555555555555555,0.044663714537451785,0.05282664680845624,0.5101102941176471,0.09722222222222222,0.11034716270641648,0.08826261929827589,0.5604395604395604,0.013888888888888888,0.010592844043395546,0.014264501827976934,0.28169014084507044,0.5206234250641879,0.109717868338558,-1.1256864701480271,60.52507758622927,0.050000000000000024,1.5980054837206703,2.2915629280779797,0.38867373546347533,0.8888888888888888,0.13194444444444445,0.1027864062372011,0.11688944396858852,0.4665263157894737,5.361115137982929,0.37141976853957626,0.14622780306512473,0.0,0.0,,0,12.0,58.25,13,16,13,13
te,development_2017_2022,weight_w025_all,144.0,1.4583585385175495,2.0308382105733376,-0.16325944449202112,0.8055555555555556,0.5225844065836522,0.07461566388700758,17.570741827571588,24.574520944645638,-1.589209549966703,0.7847222222222222,0.5100473379234234,0.05284424823405254,0.11805555555555555,0.13732397458297108,0.1040562143617389,0.5812876331635016,0.05555555555555555,0.04471562452964594,0.05291849311876668,0.49172794117647056,0.09722222222222222,0.10959690129419214,0.0879593891110687,0.5719780219780219,0.013888888888888888,0.01068559419158155,0.014123195718152327,0.4471830985915493,0.5280344346736426,0.11971304557511456,-1.1186345822769348,61.020159591077864,0.05000000000000002,1.5948941644766539,2.2833344818287804,0.4139656848745663,0.8888888888888888,0.13194444444444445,0.10045298619869716,0.1165467732116314,0.5077894736842106,5.364529580221998,0.3730147202461217,0.14746347582238306,0.0,0.25,"QB,RB,WR,TE",0,12.0,59.25,14,17,14,14
te,recent_2020_2025,height_w025_all,144.0,1.3942015180898402,2.0012823176708974,-0.11858687686229169,0.8333333333333334,0.5220624068727755,0.07148161813975507,15.940627556874663,23.05825340611834,0.07077660794135104,0.8263888888888888,0.5031318828208002,0.03954171645474233,0.11805555555555555,0.1301295622364078,0.10422911684964437,0.5664659564613247,0.041666666666666664,0.04117643386571067,0.040347934308406046,0.4963768115942029,0.09027777777777778,0.10968181230039856,0.08172161342830332,0.6118614210217264,0.013888888888888888,0.013300077575215308,0.013839458282913181,0.5915492957746479,0.5560076923641687,0.04765292179085283,-1.1771358667753475,62.0382405858766,0.05000000000000002,1.4406973631483222,2.1429077762242215,0.1792333948391616,0.9027777777777778,0.09027777777777778,0.10826352054010563,0.08254879973964153,0.5554903112155021,6.305477027440909,0.32544338962192865,0.24664617023674593,0.25,0.0,"QB,RB,WR,TE",0,12.0,59.25,14,17,14,14
te,recent_2020_2025,height_weight_w025_all,144.0,1.394130072153933,2.0013467586311466,-0.11855698655239245,0.8402777777777778,0.5207580408300202,0.06999430086625669,15.910014680177621,23.05199602672195,0.12046010457601601,0.8263888888888888,0.5041354756627312,0.040782178169778915,0.11805555555555555,0.12994357869225334,0.10433102163612179,0.5521074571560908,0.041666666666666664,0.04124358076292584,0.04050028737487802,0.49516908212560384,0.09027777777777778,0.10923689306871898,0.08158236966774185,0.6159718144450969,0.013888888888888888,0.012970229916644838,0.013773775783035637,0.6056338028169014,0.5323257716062384,-0.01505505988264609,-1.1694563407649126,62.32020135998456,0.05000000000000002,1.4387189104032982,2.1377981614016046,0.19340230997404328,0.9166666666666666,0.09027777777777778,0.10585848485361019,0.08234196695227833,0.5566647093364651,6.3037377094473594,0.3273213728903717,0.247565928801911,0.25,0.25,"QB,RB,WR,TE",1,12.0,60.25,15,18,15,15
te,recent_2020_2025,height_weight_w025_skill,144.0,1.394130072153933,2.0013467586311466,-0.11855698655239245,0.8402777777777778,0.5207580408300202,0.06999430086625669,15.910014680177621,23.05199602672195,0.12046010457601601,0.8263888888888888,0.5041354756627312,0.040782178169778915,0.11805555555555555,0.12994357869225334,0.10433102163612179,0.5521074571560908,0.041666666666666664,0.04124358076292584,0.04050028737487802,0.49516908212560384,0.09027777777777778,0.10923689306871898,0.08158236966774185,0.6159718144450969,0.013888888888888888,0.012970229916644838,0.013773775783035637,0.6056338028169014,0.5323257716062384,-0.01505505988264609,-1.1694563407649126,62.32020135998456,0.05000000000000002,1.4387189104032982,2.1377981614016046,0.19340230997404328,0.9166666666666666,0.09027777777777778,0.10585848485361019,0.08234196695227833,0.5566647093364651,6.3037377094473594,0.3273213728903717,0.247565928801911,0.25,0.25,"RB,WR,TE",0,12.0,59.75,13,18,15,15
te,recent_2020_2025,height_weight_w050_all,144.0,1.3920062217544236,2.0011659557027963,-0.1186965243900921,0.8402777777777778,0.5220574752305142,0.0681493551622937,15.91438868676469,23.116015455879975,0.1450747725393121,0.8263888888888888,0.5036243416316378,0.0441932400298949,0.11805555555555555,0.1288395635816276,0.1047941299003049,0.5409911996294581,0.041666666666666664,0.040032416589808224,0.04105804525274836,0.392512077294686,0.09027777777777778,0.1088895361247985,0.0818937841738298,0.6077510275983559,0.013888888888888888,0.012623968081326965,0.0136958958094757,0.602112676056338,0.5276436438704745,-0.024953781850333576,-1.158690812161983,61.860470509571165,0.05000000000000002,1.443536607503221,2.148307381070327,0.20517268021986726,0.9097222222222222,0.09027777777777778,0.10416947003286242,0.08253297063147318,0.5408103347034645,6.322132282749913,0.3274883019835724,0.25021123936437023,0.5,0.5,"QB,RB,WR,TE",0,12.0,62.25,15,18,15,15
te,recent_2020_2025,production,144.0,1.3955451828721739,2.0012227658482598,-0.11857974542607039,0.8333333333333334,0.5217460549355467,0.07250757806123542,15.947496863190493,23.031597993029052,0.04229221026782347,0.8263888888888888,0.5023944160376682,0.03471416843560646,0.11805555555555555,0.13116236824728603,0.10428426353968856,0.5641500694766095,0.041666666666666664,0.04200191502018081,0.040298046224147885,0.501207729468599,0.09027777777777778,0.10990638879100463,0.08180990186551843,0.6083382266588373,0.013888888888888888,0.013389118572347113,0.013873888919106273,0.5845070422535211,0.542327037589456,0.015758379551483,-1.1827457087230075,61.49641463445664,0.05000000000000002,1.4451055517124576,2.1467355338042164,0.16820777394115127,0.9236111111111112,0.09027777777777778,0.10962195796652964,0.08294100271494614,0.5349383440986495,6.304411703854655,0.3243423589705809,0.24604830661320903,0.0,0.0,,0,12.0,58.25,13,16,13,13
te,recent_2020_2025,weight_w025_all,144.0,1.3956274539309952,2.001191344129811,-0.1185932368262392,0.8402777777777778,0.5211208498831309,0.06737751801198821,15.928511348659223,23.02552157182855,0.07144410864399225,0.8263888888888888,0.5026222641456086,0.04208399446135014,0.11805555555555555,0.1307363282222984,0.10430653071671998,0.5484020379805465,0.041666666666666664,0.041203460506702774,0.04029224123826553,0.5036231884057971,0.09027777777777778,0.10981043505502586,0.08164701126511688,0.6059894304169113,0.013888888888888888,0.013393691077376826,0.013852972627880643,0.5845070422535211,0.5297576345906563,-0.024121855156337916,-1.1679581821791392,61.879107427124396,0.05000000000000002,1.4451160636462028,2.1404768581163554,0.1861663540838371,0.9097222222222222,0.09027777777777778,0.10730441210069736,0.08270776374572796,0.5543159130945391,6.309584694305315,0.32565976078295,0.24749319639145778,0.0,0.25,"QB,RB,WR,TE",0,12.0,59.25,14,17,14,14
te,temporal_2023_2025,height_w025_all,72.0,1.4643389539217755,2.129033177598032,-0.13987980645556153,0.8055555555555556,0.5208847918382179,0.08429762245455152,16.119260412807833,23.936469596681494,-0.2653574424964571,0.8194444444444444,0.5046382947847619,0.0854235248798555,0.1527777777777778,0.11959164366848528,0.12968685856017215,0.5737704918032787,0.041666666666666664,0.04073697782376365,0.039290774910680275,0.6908212560386473,0.1111111111111111,0.09522339153756393,0.09805032561920538,0.58203125,0.027777777777777776,0.014039258566512454,0.027183040724762346,0.5892857142857143,0.5164563068438285,-0.03305678821789183,-1.252192051131858,62.73302677915884,0.05000000000000002,1.4272846683439981,2.208854063932901,0.055040584669822264,0.9166666666666666,0.06944444444444445,0.10851544725373853,0.06595709411054812,0.5850746268656717,6.738602937576919,0.3119692438600055,0.2769605974987325,0.25,0.0,"QB,RB,WR,TE",0,12.0,59.25,14,17,14,14
te,temporal_2023_2025,height_weight_w025_all,72.0,1.463406498994184,2.1292003860485225,-0.13974933538031653,0.8055555555555556,0.5199659728577102,0.09309555810224412,16.078036698625674,23.956858628392883,-0.1893808177908013,0.8333333333333334,0.5053318545262555,0.07067264241357485,0.1527777777777778,0.11943361485208959,0.12955266180378727,0.5722801788375559,0.041666666666666664,0.04017390145705949,0.039278055317009425,0.7294685990338164,0.1111111111111111,0.0950249963707917,0.09777752709327804,0.615234375,0.027777777777777776,0.014226505445060631,0.02712009882414613,0.5857142857142857,0.47585818801874,-0.14203485754710918,-1.2461243541060147,62.86598344776948,0.05000000000000002,1.418927977850042,2.189771937288832,0.06527534420200551,0.9305555555555556,0.06944444444444445,0.10645685475093283,0.06612983880727895,0.5402985074626866,6.732483844338649,0.31328171500788493,0.2765004488389357,0.25,0.25,"QB,RB,WR,TE",1,12.0,60.25,15,18,15,15
te,temporal_2023_2025,height_weight_w025_skill,72.0,1.463406498994184,2.1292003860485225,-0.13974933538031653,0.8055555555555556,0.5199659728577102,0.09309555810224412,16.078036698625674,23.956858628392883,-0.1893808177908013,0.8333333333333334,0.5053318545262555,0.07067264241357485,0.1527777777777778,0.11943361485208959,0.12955266180378727,0.5722801788375559,0.041666666666666664,0.04017390145705949,0.039278055317009425,0.7294685990338164,0.1111111111111111,0.0950249963707917,0.09777752709327804,0.615234375,0.027777777777777776,0.014226505445060631,0.02712009882414613,0.5857142857142857,0.47585818801874,-0.14203485754710918,-1.2461243541060147,62.86598344776948,0.05000000000000002,1.418927977850042,2.189771937288832,0.06527534420200551,0.9305555555555556,0.06944444444444445,0.10645685475093283,0.06612983880727895,0.5402985074626866,6.732483844338649,0.31328171500788493,0.2765004488389357,0.25,0.25,"RB,WR,TE",0,12.0,59.75,13,18,15,15
te,temporal_2023_2025,height_weight_w050_all,72.0,1.4623404070414412,2.1292744768541234,-0.13978811878253103,0.8194444444444444,0.520341270910375,0.0797059883147837,16.086912812866622,24.028735491769176,-0.1989311797851886,0.8333333333333334,0.5049899050023426,0.07610212802598969,0.1527777777777778,0.11970985241444472,0.12985177689070557,0.5737704918032787,0.041666666666666664,0.038826945836600874,0.040373657952027325,0.5265700483091788,0.1111111111111111,0.09546067369366604,0.09774585425978327,0.642578125,0.027777777777777776,0.014329137552607377,0.027001959742480746,0.5821428571428572,0.4902323338522565,-0.12129397388899608,-1.2279073986449633,62.177855874737276,0.05000000000000002,1.4217487635644401,2.2025301267619493,0.0683683406214681,0.9166666666666666,0.06944444444444445,0.1060060873398153,0.0662325040868909,0.5373134328358209,6.758303356094512,0.3135989809598185,0.28012287520490925,0.5,0.5,"QB,RB,WR,TE",0,12.0,62.25,15,18,15,15
te,temporal_2023_2025,production,72.0,1.4652888231556875,2.1289549348509293,-0.13990098905728146,0.8055555555555556,0.5200584265490058,0.08591028326291372,16.12740187638117,23.919670985354646,-0.2606427103000024,0.8194444444444444,0.5037956409595092,0.06760418103619059,0.1527777777777778,0.11994630556008364,0.12968058891163292,0.5678092399403875,0.041666666666666664,0.04114335709722413,0.039253171765805624,0.6859903381642513,0.1111111111111111,0.09489538701810939,0.09824330319827568,0.5859375,0.027777777777777776,0.013959201530042716,0.027219825116410273,0.5821428571428572,0.5080311922836913,-0.08341372435526401,-1.267912987358979,62.263155973885645,0.05000000000000002,1.43184133851112,2.2099714105488655,0.05438825607732816,0.9444444444444444,0.06944444444444445,0.10848001710985353,0.06656640703679775,0.5671641791044776,6.728317230454841,0.3120077790157817,0.27583460654928604,0.0,0.0,,0,12.0,58.25,13,16,13,13
te,temporal_2023_2025,weight_w025_all,72.0,1.4653014041564616,2.1289640721673946,-0.1399063452815931,0.8194444444444444,0.5192547211325748,0.0885852549550823,16.111799294589918,23.934006038449365,-0.22843406565730856,0.8194444444444444,0.5036523469006261,0.07744415335356825,0.1527777777777778,0.11974547599705428,0.12967547021528072,0.5573770491803278,0.041666666666666664,0.03957743038815112,0.03915275627656301,0.6956521739130435,0.1111111111111111,0.09561545210779449,0.09794724570912956,0.58984375,0.027777777777777776,0.014461439619891733,0.0272213272907411,0.5857142857142857,0.4742824986544395,-0.15203550067528462,-1.2489406018702622,62.48214920865967,0.05000000000000002,1.4289538833842548,2.1933107013452338,0.07069418091241153,0.9166666666666666,0.06944444444444445,0.10622810164988353,0.06652917435856974,0.5462686567164179,6.7335047021145815,0.311577657148231,0.2760428914630586,0.0,0.25,"QB,RB,WR,TE",0,12.0,59.25,14,17,14,14
wr_te,all_2017_2025,height_w025_all,864.0,1.6743313595931628,2.3615907650446917,-0.20317377005181317,0.8055555555555556,0.5208164855016467,0.04967553496583976,18.53509558426186,26.67079766916717,-0.6693572929749044,0.8009259259259259,0.5051361280124359,0.019267252244831723,0.16550925925925927,0.15708778247301997,0.13854685384785725,0.5274046342007507,0.06018518518518518,0.057006186175697734,0.05747452254981021,0.47967980295566504,0.09837962962962964,0.10641087385425213,0.08600207574690957,0.6715698859774976,0.02662037037037037,0.027459275571076074,0.02544800917338872,0.7153492219407538,0.5782986720363997,0.03610554807615739,-0.8342859740185794,62.119101735877926,0.05000000000000002,1.4770837982028395,2.187531375239279,0.21785996229797952,0.9004629629629629,0.11805555555555555,0.1039094367621543,0.10392511192382904,0.5800010292831043,5.478169401783377,0.38050257080210365,0.15883926150204525,0.25,0.0,"QB,RB,WR,TE",0,12.0,59.25,14,17,14,14
wr_te,all_2017_2025,height_weight_w025_all,864.0,1.6740144757729039,2.3616205471687253,-0.20329079322159543,0.8043981481481481,0.52143165549678,0.04929103284841285,18.521830496298882,26.66684314229124,-0.7052393240219686,0.7962962962962963,0.5059145831261515,0.021738687260740686,0.16550925925925927,0.15720394722653291,0.13840583198722112,0.5290631698398689,0.06018518518518518,0.056922463051946655,0.05733165276395848,0.49647120121258054,0.09837962962962964,0.10596683904727844,0.08559827670308083,0.6842860379068187,0.02662037037037037,0.02710658045351049,0.025526328432646152,0.7195367833324717,0.5733679225134231,0.017047967129347443,-0.837377498934593,62.14947655824948,0.05000000000000002,1.4737625341619773,2.1831474116095655,0.21910470475027546,0.9027777777777778,0.11805555555555555,0.10369961552253823,0.10369928028981322,0.5880809016519993,5.48053497492739,0.3807368186177441,0.15912550801877942,0.25,0.25,"QB,RB,WR,TE",1,12.0,60.25,15,18,15,15
wr_te,all_2017_2025,height_weight_w025_skill,864.0,1.6740144757729039,2.3616205471687253,-0.20329079322159543,0.8043981481481481,0.52143165549678,0.04929103284841285,18.521830496298882,26.66684314229124,-0.7052393240219686,0.7962962962962963,0.5059145831261515,0.021738687260740686,0.16550925925925927,0.15720394722653291,0.13840583198722112,0.5290631698398689,0.06018518518518518,0.056922463051946655,0.05733165276395848,0.49647120121258054,0.09837962962962964,0.10596683904727844,0.08559827670308083,0.6842860379068187,0.02662037037037037,0.02710658045351049,0.025526328432646152,0.7195367833324717,0.5733679225134231,0.017047967129347443,-0.837377498934593,62.14947655824948,0.05000000000000002,1.4737625341619773,2.1831474116095655,0.21910470475027546,0.9027777777777778,0.11805555555555555,0.10369961552253823,0.10369928028981322,0.5880809016519993,5.48053497492739,0.3807368186177441,0.15912550801877942,0.25,0.25,"RB,WR,TE",0,12.0,59.75,13,18,15,15
wr_te,all_2017_2025,height_weight_w050_all,864.0,1.6742512550370592,2.361809640797726,-0.20310352188983918,0.8043981481481481,0.5217569968117857,0.049758490548320156,18.539998885089343,26.674932620543775,-0.698187986382569,0.7916666666666666,0.5065003367250803,0.02796978968519237,0.16550925925925927,0.15699159100883156,0.13889187921148774,0.518423324248567,0.06018518518518518,0.056230989812146345,0.057628212663307116,0.47726411519514966,0.09837962962962964,0.10565600165525507,0.08592424620169563,0.6781695990334516,0.02662037037037037,0.027061754318097223,0.025389987109064954,0.7274983198056144,0.5699970245192649,0.014246690645393916,-0.842687241449358,61.262693407280985,0.050000000000000024,1.4713291967971307,2.1802276339593782,0.2196310254862056,0.9050925925925926,0.11805555555555555,0.10347384812089216,0.10371287652770754,0.5853275693479492,5.4989228085890085,0.37946376821871497,0.1610970350701392,0.5,0.5,"QB,RB,WR,TE",0,12.0,62.25,15,18,15,15
wr_te,all_2017_2025,production,864.0,1.6755296237144208,2.3616850192162215,-0.20323872770761503,0.8032407407407407,0.520349973194988,0.04767371254308317,18.538733455941596,26.66460715080084,-0.6755814102764881,0.8067129629629629,0.5048431054014254,0.019721073983816284,0.16550925925925927,0.15806440541078234,0.1382118690087361,0.5372394595695567,0.06018518518518518,0.057298993138986766,0.057417400186469826,0.47825881015536187,0.09837962962962964,0.10693366661053288,0.08584406776005933,0.6772181529864835,0.02662037037037037,0.02760666220493256,0.025515136283065207,0.7213462234400041,0.5766026829362513,0.03085078712293228,-0.8289283651930234,61.531921192576725,0.050000000000000024,1.47879482717567,2.1895935336822467,0.2151339085210892,0.90625,0.11805555555555555,0.1041283747203568,0.1038299391177545,0.5816350162112089,5.475063400668024,0.3799390170392013,0.15811259669961722,0.0,0.0,,0,12.0,58.25,13,16,13,13
wr_te,all_2017_2025,weight_w025_all,864.0,1.6749608219576129,2.3616632483441005,-0.20330478711044278,0.8043981481481481,0.5210487164174161,0.0459366333913398,18.539829244642664,26.66830156367094,-0.7005645320641931,0.7974537037037037,0.5053324946747202,0.021401823630650574,0.16550925925925927,0.15713085298262028,0.13851662518084012,0.5206056079842487,0.06018518518518518,0.05684216213744404,0.05738542291138575,0.48813471011746873,0.09837962962962964,0.1063586810150545,0.08564346397185413,0.679679830854036,0.02662037037037037,0.027704689866780433,0.025540796420829574,0.7204673525306312,0.5740298093565656,0.018556517086145547,-0.8319774857445827,61.959510447742375,0.050000000000000024,1.477464484136567,2.186560757731815,0.21617456369554133,0.9016203703703703,0.11805555555555555,0.1040636437183793,0.10401200947192747,0.5798080387010447,5.476860565834901,0.38031007110431225,0.15822544891587445,0.0,0.25,"QB,RB,WR,TE",0,12.0,59.25,14,17,14,14
wr_te,development_2017_2022,height_w025_all,576.0,1.6700311301769064,2.3433787325123765,-0.26920757014894986,0.8194444444444444,0.5299678563693544,0.06512148437637888,18.568676329638645,26.552328352933355,-1.1968774399957587,0.8055555555555556,0.5126324621481706,0.035784209653737964,0.1579861111111111,0.15894179805022557,0.13384418073823856,0.5132434575733544,0.0642361111111111,0.05998521337607151,0.061493382744554986,0.4485283056711628,0.0954861111111111,0.10592852352947785,0.08388569657277666,0.6717850287907869,0.026041666666666668,0.027570920282103544,0.024904611645280947,0.7026143790849673,0.5602650868670922,0.023324416647828604,-0.8839257897396917,61.99990368458768,0.05000000000000002,1.5038602513901667,2.1998075007251896,0.33215326343995144,0.8993055555555556,0.125,0.1023187965652288,0.10863467113076325,0.5987654320987654,5.031394483097021,0.4084293391470016,0.1187570955715655,0.25,0.0,"QB,RB,WR,TE",0,12.0,59.25,14,17,14,14
wr_te,development_2017_2022,height_weight_w025_all,576.0,1.670645806961447,2.343342957437439,-0.2693843595391865,0.8194444444444444,0.530802514452693,0.06701202323863831,18.55172804689865,26.54304125481085,-1.2437212680846423,0.8003472222222222,0.5134307731406794,0.03568512235554444,0.1579861111111111,0.1588177993126582,0.1334674752443904,0.5250028322193271,0.0642361111111111,0.05986384472869112,0.06121438004102938,0.46948804091661234,0.0954861111111111,0.10551602028176357,0.0836301661406627,0.6790088989705113,0.026041666666666668,0.02701450048089476,0.02502711515009175,0.7096850861556744,0.5556439383747087,0.007973212267349861,-0.8875182581810652,62.102113787447756,0.05000000000000002,1.5007797138771735,2.1945708101735266,0.3319084285207407,0.8975694444444444,0.125,0.10212609545450856,0.1084995938416636,0.6058752204585538,5.033367917215411,0.40849369826289056,0.11909826990711671,0.25,0.25,"QB,RB,WR,TE",1,12.0,60.25,15,18,15,15
wr_te,development_2017_2022,height_weight_w025_skill,576.0,1.670645806961447,2.343342957437439,-0.2693843595391865,0.8194444444444444,0.530802514452693,0.06701202323863831,18.55172804689865,26.54304125481085,-1.2437212680846423,0.8003472222222222,0.5134307731406794,0.03568512235554444,0.1579861111111111,0.1588177993126582,0.1334674752443904,0.5250028322193271,0.0642361111111111,0.05986384472869112,0.06121438004102938,0.46948804091661234,0.0954861111111111,0.10551602028176357,0.0836301661406627,0.6790088989705113,0.026041666666666668,0.02701450048089476,0.02502711515009175,0.7096850861556744,0.5556439383747087,0.007973212267349861,-0.8875182581810652,62.102113787447756,0.05000000000000002,1.5007797138771735,2.1945708101735266,0.3319084285207407,0.8975694444444444,0.125,0.10212609545450856,0.1084995938416636,0.6058752204585538,5.033367917215411,0.40849369826289056,0.11909826990711671,0.25,0.25,"RB,WR,TE",0,12.0,59.75,13,18,15,15
wr_te,development_2017_2022,height_weight_w050_all,576.0,1.6712288004778202,2.3434878600497777,-0.26920148007807954,0.8177083333333334,0.5317876544274892,0.07008878356927473,18.56366633191125,26.558207271119443,-1.2347689137167772,0.796875,0.5140399831128771,0.03889437476149393,0.1579861111111111,0.15832371707406778,0.13423472114774648,0.505562478758355,0.0642361111111111,0.0591180335210301,0.0615672922708075,0.44351401494258635,0.0954861111111111,0.10527500126332194,0.08416316710450321,0.6682952364334322,0.026041666666666668,0.026903483410339143,0.024833622544536263,0.7239453357100416,0.5524138691103904,0.0031593323788712234,-0.8910254801598853,61.26864178582952,0.050000000000000024,1.4979011708923946,2.192631636591643,0.332177478460198,0.9027777777777778,0.125,0.10168881683876023,0.10834623470859595,0.6048004850088183,5.048968249626352,0.40632326683767495,0.12039491493193914,0.5,0.5,"QB,RB,WR,TE",0,12.0,62.25,15,18,15,15
wr_te,development_2017_2022,production,576.0,1.6717867661093417,2.3434411984599,-0.2692436418215751,0.8159722222222222,0.529322451168575,0.06272000883937945,18.577118183234887,26.547802089419815,-1.204369346135896,0.8125,0.5120433016220406,0.03944106577589079,0.1579861111111111,0.16042133993293387,0.13337318983050692,0.5282655488841056,0.0642361111111111,0.06036986470285566,0.06132864371947602,0.4473248758963045,0.0954861111111111,0.10660601929395473,0.08364337430125203,0.679183388588379,0.026041666666666668,0.027605202218323705,0.024950006098433754,0.7137254901960784,0.5603685088635992,0.021888327933087186,-0.8751999113724533,61.36439704812494,0.050000000000000024,1.5030866450983311,2.2004219374189344,0.328444158671913,0.9027777777777778,0.125,0.10262909379715489,0.10848615621800814,0.6031746031746031,5.031113918570721,0.4078180795293052,0.11862143936383333,0.0,0.0,,0,12.0,58.25,13,16,13,13
wr_te,development_2017_2022,weight_w025_all,576.0,1.671941142920672,2.3434317130997315,-0.26935662705972485,0.8177083333333334,0.5302664254891182,0.06634631926520917,18.57019958223559,26.547663804326064,-1.2357154610899168,0.8038194444444444,0.5127945348487258,0.0353042448475856,0.1579861111111111,0.15925948601535478,0.1337769660621054,0.5104792115101393,0.0642361111111111,0.059930260112800476,0.06133211025031869,0.4525898811613097,0.0954861111111111,0.10580237086350003,0.08332297863207806,0.685430116908044,0.026041666666666668,0.027668759343971804,0.02490519265765995,0.7193107546048723,0.559239406909018,0.01340265742345465,-0.8808284011816687,61.898078601001316,0.050000000000000024,1.5030810473933414,2.198346204547161,0.32909512660768225,0.8975694444444444,0.125,0.10261203689902063,0.10867625864790105,0.5999503968253969,5.03026138511812,0.40869433985505316,0.11855868723810081,0.0,0.25,"QB,RB,WR,TE",0,12.0,59.25,14,17,14,14
wr_te,recent_2020_2025,height_w025_all,576.0,1.6383601242743195,2.303248513130978,-0.17418516125239464,0.8107638888888888,0.5166452098192705,0.047302923972158795,18.415415557765268,26.49146818944111,0.1462792694278978,0.8038194444444444,0.4975768148261576,0.020511479937438404,0.15625,0.15770138750822277,0.13210922022005828,0.5373113854595336,0.050347222222222224,0.054252213623723185,0.048662524779605455,0.4640988463720608,0.0954861111111111,0.10947613070467455,0.0834911284673599,0.6827080788693073,0.022569444444444444,0.02592099574387922,0.021671210181138798,0.7461401830851209,0.5925019541609803,0.05105819707130837,-0.7289545970327934,62.07352170060085,0.05000000000000002,1.464930770728301,2.1750664901628003,0.20160857738729293,0.8975694444444444,0.11631944444444445,0.10515302200206407,0.10239159407901119,0.5882180453332552,5.921736614468681,0.3508518211462861,0.20831103977787763,0.25,0.0,"QB,RB,WR,TE",0,12.0,59.25,14,17,14,14
wr_te,recent_2020_2025,height_weight_w025_all,576.0,1.6376853397869588,2.3033002488565546,-0.17419800865707685,0.8090277777777778,0.5175469187303156,0.04731353343243183,18.405762113083863,26.49410901520716,0.09621372097326326,0.8003472222222222,0.4986526244894218,0.01757925922274739,0.15625,0.15788260659231027,0.1322399555958692,0.5295610425240055,0.050347222222222224,0.05440122453620387,0.048694188728485174,0.4722940175250583,0.0954861111111111,0.10896371413564813,0.08294637555021027,0.7034374454719944,0.022569444444444444,0.02552966850818507,0.02166843769472266,0.7555677005055336,0.5862684595558539,0.033029538090573435,-0.7311188501623612,62.058624164461335,0.05000000000000002,1.463534706073909,2.1737624077723274,0.2017305876705184,0.9045138888888888,0.11631944444444445,0.10510100188862102,0.10213300619673989,0.5960765915022139,5.926643902469232,0.35103639918834273,0.2088422549942451,0.25,0.25,"QB,RB,WR,TE",1,12.0,60.25,15,18,15,15
wr_te,recent_2020_2025,height_weight_w025_skill,576.0,1.6376853397869588,2.3033002488565546,-0.17419800865707685,0.8090277777777778,0.5175469187303156,0.04731353343243183,18.405762113083863,26.49410901520716,0.09621372097326326,0.8003472222222222,0.4986526244894218,0.01757925922274739,0.15625,0.15788260659231027,0.1322399555958692,0.5295610425240055,0.050347222222222224,0.05440122453620387,0.048694188728485174,0.4722940175250583,0.0954861111111111,0.10896371413564813,0.08294637555021027,0.7034374454719944,0.022569444444444444,0.02552966850818507,0.02166843769472266,0.7555677005055336,0.5862684595558539,0.033029538090573435,-0.7311188501623612,62.058624164461335,0.05000000000000002,1.463534706073909,2.1737624077723274,0.2017305876705184,0.9045138888888888,0.11631944444444445,0.10510100188862102,0.10213300619673989,0.5960765915022139,5.926643902469232,0.35103639918834273,0.2088422549942451,0.25,0.25,"RB,WR,TE",0,12.0,59.75,13,18,15,15
wr_te,recent_2020_2025,height_weight_w050_all,576.0,1.6385973085850418,2.3034141853341663,-0.17398624504660262,0.8038194444444444,0.5180860143451622,0.04222964908364585,18.443576792136096,26.5063737832386,0.10843739015397397,0.7899305555555556,0.4992609449039459,0.02140581750670406,0.15625,0.15744795304530945,0.1326075436487516,0.5252400548696845,0.050347222222222224,0.0535082103943961,0.04890393527354841,0.456723192334363,0.0954861111111111,0.1081290636168124,0.08299661151935377,0.7044494852556273,0.022569444444444444,0.02560438914323941,0.02150482705409847,0.7462768137723733,0.5807662635250188,0.02487070806018135,-0.7365196628035591,61.134304648308266,0.05000000000000002,1.462786677812307,2.1699143868125375,0.20347732944762142,0.90625,0.11631944444444445,0.10496262906708657,0.10222673990504114,0.591091692812949,5.952809049759767,0.35011901475465174,0.21172042172749583,0.5,0.5,"QB,RB,WR,TE",0,12.0,62.25,15,18,15,15
wr_te,recent_2020_2025,production,576.0,1.6391855559772859,2.303316767781704,-0.17420400502082103,0.8107638888888888,0.5161350150591536,0.0410051906894926,18.407391533488514,26.474534215535503,0.1399390596158851,0.8090277777777778,0.49764999742651955,0.019220085257489417,0.15625,0.158748561537246,0.1320055482745377,0.5420896204846822,0.050347222222222224,0.05439796754770425,0.0485266753301178,0.46517052259976044,0.0954861111111111,0.10964131709759198,0.0833027598366184,0.6913627639155471,0.022569444444444444,0.026088462833804258,0.021746906408991,0.7505123650771963,0.5909321049116862,0.038021060959987946,-0.7247553351478845,61.51258067730234,0.050000000000000024,1.468174597129208,2.1773374787425066,0.20032613653630651,0.90625,0.11631944444444445,0.10534590865089019,0.10241288178662739,0.5846992933173034,5.9188487389348445,0.34990160665804715,0.20735390013090596,0.0,0.0,,0,12.0,58.25,13,16,13,13
wr_te,recent_2020_2025,weight_w025_all,576.0,1.638297716003897,2.303298635626144,-0.17423137211594936,0.8090277777777778,0.5171639383150304,0.047715388679893056,18.41655795017454,26.485819498717312,0.10390925041807443,0.8003472222222222,0.4983163297637872,0.022404492348354454,0.15625,0.15763373376981363,0.13200773040945832,0.5297668038408779,0.050347222222222224,0.05423324695227197,0.048575749303959546,0.48616276870705416,0.0954861111111111,0.1091988816385842,0.08286799852779242,0.6986215320188449,0.022569444444444444,0.026197752143061588,0.02181956584456187,0.7454570296488592,0.5863243775861138,0.021791877025092308,-0.7257570488604731,61.888992118805604,0.05000000000000002,1.468573833574041,2.1778934542135895,0.19909781224956324,0.9027777777777778,0.11631944444444445,0.10525875083646603,0.10260587931231967,0.5841128346479781,5.922424686353602,0.3502740520332502,0.20763739512680038,0.0,0.25,"QB,RB,WR,TE",0,12.0,59.25,14,17,14,14
wr_te,temporal_2023_2025,height_w025_all,288.0,1.682931818425676,2.3980148301093207,-0.07110616985753965,0.7777777777777778,0.5025137437662311,0.04798649731665794,18.467934093508298,26.907736301634802,0.38568300106680337,0.7916666666666666,0.49014345974096646,0.042861353639729816,0.18055555555555555,0.15337975131860876,0.14795220006709464,0.5567959582790091,0.052083333333333336,0.0510481317749502,0.04943680216032068,0.5504273504273505,0.10416666666666667,0.10737557450380066,0.09023483409517545,0.6711886304909561,0.027777777777777776,0.02723598614902112,0.026534804229604265,0.746875,0.6071901372293492,0.05122091878358231,-0.735006342576355,62.357497838458386,0.05000000000000002,1.423530891828185,2.1629791242674576,-0.010726639985964447,0.9027777777777778,0.10416666666666667,0.10709071715600531,0.09450599350996065,0.541860465116279,6.371719239156088,0.3246490341123076,0.23900359336300467,0.25,0.0,"QB,RB,WR,TE",0,12.0,59.25,14,17,14,14
wr_te,temporal_2023_2025,height_weight_w025_all,288.0,1.6807518133958175,2.398175726631298,-0.07110366058641338,0.7743055555555556,0.502689937584954,0.04815539680763348,18.462035395099356,26.91444691725203,0.3717245641033789,0.7881944444444444,0.4908822030970954,0.04316605641037918,0.18055555555555555,0.15397624305428234,0.14828254547288264,0.5423728813559322,0.052083333333333336,0.05103969969845771,0.0495661982098167,0.548962148962149,0.10416666666666667,0.10686847657830818,0.0895344978279171,0.6945736434108527,0.027777777777777776,0.027290740398741953,0.02652475499775495,0.7361607142857143,0.6034932781652554,0.030119077760228912,-0.7370959804416486,62.24420209985291,0.05000000000000002,1.4197281747315846,2.1603006144816437,-0.00650274279065493,0.9131944444444444,0.10416666666666667,0.10684665565859758,0.0940986531861124,0.5542635658914729,6.374869090351349,0.325223059327451,0.23917998424210474,0.25,0.25,"QB,RB,WR,TE",1,12.0,60.25,15,18,15,15
wr_te,temporal_2023_2025,height_weight_w025_skill,288.0,1.6807518133958175,2.398175726631298,-0.07110366058641338,0.7743055555555556,0.502689937584954,0.04815539680763348,18.462035395099356,26.91444691725203,0.3717245641033789,0.7881944444444444,0.4908822030970954,0.04316605641037918,0.18055555555555555,0.15397624305428234,0.14828254547288264,0.5423728813559322,0.052083333333333336,0.05103969969845771,0.0495661982098167,0.548962148962149,0.10416666666666667,0.10686847657830818,0.0895344978279171,0.6945736434108527,0.027777777777777776,0.027290740398741953,0.02652475499775495,0.7361607142857143,0.6034932781652554,0.030119077760228912,-0.7370959804416486,62.24420209985291,0.05000000000000002,1.4197281747315846,2.1603006144816437,-0.00650274279065493,0.9131944444444444,0.10416666666666667,0.10684665565859758,0.0940986531861124,0.5542635658914729,6.374869090351349,0.325223059327451,0.23917998424210474,0.25,0.25,"RB,WR,TE",0,12.0,59.75,13,18,15,15
wr_te,temporal_2023_2025,height_weight_w050_all,288.0,1.680296164155538,2.3984532022936222,-0.0709076055133584,0.7777777777777778,0.5016956815803785,0.045547240839973524,18.492663991445543,26.908383319392442,0.37497386828584883,0.78125,0.491421043949487,0.04633186386677163,0.18055555555555555,0.15432733887835914,0.14820619533897025,0.5466101694915254,0.052083333333333336,0.050456902394378854,0.049750053448306374,0.5406593406593406,0.10416666666666667,0.10641800243912135,0.08944640439608044,0.7003875968992248,0.027777777777777776,0.027378296133613367,0.02650271623812234,0.7408482142857142,0.6016689618598802,0.03693349649759474,-0.7460107640283038,61.250796650183894,0.05000000000000002,1.4181852486066029,2.1554196286948493,-0.005461880461779052,0.9097222222222222,0.10416666666666667,0.10704391068515608,0.09444616016593071,0.5457364341085271,6.398831926514319,0.32574477098079496,0.2425012753465393,0.5,0.5,"QB,RB,WR,TE",0,12.0,62.25,15,18,15,15
wr_te,temporal_2023_2025,production,288.0,1.6830153389245783,2.3981726607288647,-0.07122889947969514,0.7777777777777778,0.5024050172478138,0.044697550018798715,18.461964001355025,26.898217273562903,0.38199446144232774,0.7951388888888888,0.490442712960195,0.042126297026968074,0.18055555555555555,0.15335053636647933,0.1478892273651945,0.5583441981747066,0.052083333333333336,0.051157250011248996,0.049594913120457454,0.5435897435897435,0.10416666666666667,0.10758896124368926,0.09024545467767392,0.6737726098191215,0.027777777777777776,0.027609582178150262,0.026645396652328113,0.7334821428571429,0.6062158121641488,0.04409102234868123,-0.7363852728341634,61.86696948148028,0.050000000000000024,1.4302111913303468,2.167936726208871,-0.011486591780558417,0.9131944444444444,0.10416666666666667,0.10712693656676059,0.09451750491724724,0.5373385012919897,6.362962364862631,0.3241808920589936,0.23709491137118505,0.0,0.0,,0,12.0,58.25,13,16,13,13
wr_te,temporal_2023_2025,weight_w025_all,288.0,1.6810001800314944,2.3981263188328383,-0.07120110721187875,0.7777777777777778,0.502613298274012,0.04841516568747917,18.479088569456813,26.909577082360688,0.369737325987255,0.7847222222222222,0.49040841432670906,0.03987230764681188,0.18055555555555555,0.15287358691715125,0.14799594341830957,0.5442470664928292,0.052083333333333336,0.05066596618673119,0.04949204823351985,0.5648351648351648,0.10416666666666667,0.10747130131816346,0.0902844346514063,0.6677002583979328,0.027777777777777776,0.027776550912397696,0.026812003947168817,0.7171875,0.6014062281609373,0.022167331782067208,-0.7342756548704107,62.08237414122449,0.05000000000000002,1.4262313576230181,2.162989864101124,-0.009666562128740471,0.9097222222222222,0.10416666666666667,0.10696685735709661,0.09468351111998032,0.539405684754522,6.37005892726846,0.3235415336028305,0.23755897227142173,0.0,0.25,"QB,RB,WR,TE",0,12.0,59.25,14,17,14,14
