year,trial,order_regime,price_rule,policy_mode,complete_5,clean_policy_path_5,actual_points_5,failure_penalized_points_5,actual_ppg_5,final_forecast_ev_5,paid_spend_5,unused_personal_budget_5,events_seen_5,forced_buys_5,nominal_relaxation_events_5,top_n_relaxation_events_5,generic_repair_buys_5,synthetic_contract_fill_buys_5,synthetic_contract_fill_events_seen_5,complete_10,clean_policy_path_10,actual_points_10,failure_penalized_points_10,actual_ppg_10,final_forecast_ev_10,paid_spend_10,unused_personal_budget_10,events_seen_10,forced_buys_10,nominal_relaxation_events_10,top_n_relaxation_events_10,generic_repair_buys_10,synthetic_contract_fill_buys_10,synthetic_contract_fill_events_seen_10,paired_complete,paired_clean,actual_points_diff_5_minus_10,failure_penalized_points_diff_5_minus_10,actual_ppg_diff_5_minus_10,final_forecast_ev_diff_5_minus_10,paid_spend_diff_5_minus_10,unused_personal_budget_diff_5_minus_10,events_seen_diff_5_minus_10,forced_buys_diff_5_minus_10,nominal_relaxation_events_diff_5_minus_10,top_n_relaxation_events_diff_5_minus_10,generic_repair_buys_diff_5_minus_10,synthetic_contract_fill_buys_diff_5_minus_10,synthetic_contract_fill_events_seen_diff_5_minus_10,points_win_5
2022,0,position_run,clearing,operational,True,True,1343.3800048828125,1343.3800048828125,83.96125030517578,1578.923828125,298.0,0.0,98,0,0,0,0,0,0,True,True,1343.3800048828125,1343.3800048828125,83.96125030517578,1578.923828125,298.0,0.0,98,0,0,0,0,0,0,True,True,0.0,0.0,0.0,0.0,0.0,0.0,0,0,0,0,0,0,0,False
2022,0,position_run,clearing,strict,True,True,1343.3800048828125,1343.3800048828125,83.96125030517578,1578.923828125,298.0,0.0,98,0,0,0,0,0,0,True,True,1343.3800048828125,1343.3800048828125,83.96125030517578,1578.923828125,298.0,0.0,98,0,0,0,0,0,0,True,True,0.0,0.0,0.0,0.0,0.0,0.0,0,0,0,0,0,0,0,False
2022,0,position_run,plus_one,operational,False,False,,0.0,,,297.0,1.0,132,0,0,0,0,0,0,False,False,,0.0,,,297.0,1.0,132,0,0,0,0,0,0,False,False,,0.0,,,0.0,0.0,0,0,0,0,0,0,0,False
2022,0,position_run,plus_one,strict,False,False,,0.0,,,297.0,1.0,132,0,0,0,0,0,0,False,False,,0.0,,,297.0,1.0,132,0,0,0,0,0,0,False,False,,0.0,,,0.0,0.0,0,0,0,0,0,0,0,False
2022,0,star_late,clearing,operational,True,True,1437.06005859375,1437.06005859375,89.81625366210938,1559.1094970703125,273.0,25.0,127,0,0,0,0,0,0,True,True,1381.56005859375,1381.56005859375,86.34750366210938,1513.183349609375,295.0,3.0,111,0,0,0,0,0,0,True,True,55.5,55.5,3.46875,45.9261474609375,-22.0,22.0,16,0,0,0,0,0,0,True
2022,0,star_late,clearing,strict,True,True,1437.06005859375,1437.06005859375,89.81625366210938,1559.1094970703125,273.0,25.0,127,0,0,0,0,0,0,True,True,1381.56005859375,1381.56005859375,86.34750366210938,1513.183349609375,295.0,3.0,111,0,0,0,0,0,0,True,True,55.5,55.5,3.46875,45.9261474609375,-22.0,22.0,16,0,0,0,0,0,0,True
2022,0,star_late,plus_one,operational,True,True,1543.0999755859375,1543.0999755859375,96.4437484741211,1567.813232421875,286.0,12.0,113,0,0,0,0,0,0,True,True,1566.06005859375,1566.06005859375,97.87875366210938,1546.3443603515625,284.0,14.0,124,0,0,0,0,0,0,True,True,-22.9600830078125,-22.9600830078125,-1.4350051879882812,21.4688720703125,2.0,-2.0,-11,0,0,0,0,0,0,False
2022,0,star_late,plus_one,strict,True,True,1543.0999755859375,1543.0999755859375,96.4437484741211,1567.813232421875,286.0,12.0,113,0,0,0,0,0,0,True,True,1566.06005859375,1566.06005859375,97.87875366210938,1546.3443603515625,284.0,14.0,124,0,0,0,0,0,0,True,True,-22.9600830078125,-22.9600830078125,-1.4350051879882812,21.4688720703125,2.0,-2.0,-11,0,0,0,0,0,0,False
2022,0,tier_early,clearing,operational,True,True,1875.280029296875,1875.280029296875,117.20500183105469,1567.142578125,297.0,1.0,128,0,0,0,0,0,0,True,True,1559.380126953125,1559.380126953125,97.46125793457031,1577.8056640625,298.0,0.0,133,0,0,0,0,0,0,True,True,315.89990234375,315.89990234375,19.743743896484375,-10.6630859375,-1.0,1.0,-5,0,0,0,0,0,0,True
2022,0,tier_early,clearing,strict,True,True,1875.280029296875,1875.280029296875,117.20500183105469,1567.142578125,297.0,1.0,128,0,0,0,0,0,0,True,True,1559.380126953125,1559.380126953125,97.46125793457031,1577.8056640625,298.0,0.0,133,0,0,0,0,0,0,True,True,315.89990234375,315.89990234375,19.743743896484375,-10.6630859375,-1.0,1.0,-5,0,0,0,0,0,0,True
2022,0,tier_early,plus_one,operational,False,False,,0.0,,,293.0,5.0,103,0,0,0,0,0,0,False,False,,0.0,,,290.0,8.0,103,0,0,0,0,0,0,False,False,,0.0,,,3.0,-3.0,0,0,0,0,0,0,0,False
2022,0,tier_early,plus_one,strict,False,False,,0.0,,,293.0,5.0,103,0,0,0,0,0,0,False,False,,0.0,,,290.0,8.0,103,0,0,0,0,0,0,False,False,,0.0,,,3.0,-3.0,0,0,0,0,0,0,0,False
2022,0,uniform,clearing,operational,True,True,1707.699951171875,1707.699951171875,106.73124694824219,1597.743408203125,298.0,0.0,70,0,0,0,0,0,0,True,True,1707.699951171875,1707.699951171875,106.73124694824219,1597.743408203125,298.0,0.0,70,0,0,0,0,0,0,True,True,0.0,0.0,0.0,0.0,0.0,0.0,0,0,0,0,0,0,0,False
2022,0,uniform,clearing,strict,True,True,1707.699951171875,1707.699951171875,106.73124694824219,1597.743408203125,298.0,0.0,70,0,0,0,0,0,0,True,True,1707.699951171875,1707.699951171875,106.73124694824219,1597.743408203125,298.0,0.0,70,0,0,0,0,0,0,True,True,0.0,0.0,0.0,0.0,0.0,0.0,0,0,0,0,0,0,0,False
2022,0,uniform,plus_one,operational,True,True,1540.0999755859375,1540.0999755859375,96.2562484741211,1539.8642578125,282.0,16.0,116,0,0,0,0,0,0,True,True,1540.0999755859375,1540.0999755859375,96.2562484741211,1539.8642578125,282.0,16.0,116,0,0,0,0,0,0,True,True,0.0,0.0,0.0,0.0,0.0,0.0,0,0,0,0,0,0,0,False
2022,0,uniform,plus_one,strict,True,True,1540.0999755859375,1540.0999755859375,96.2562484741211,1539.8642578125,282.0,16.0,116,0,0,0,0,0,0,True,True,1540.0999755859375,1540.0999755859375,96.2562484741211,1539.8642578125,282.0,16.0,116,0,0,0,0,0,0,True,True,0.0,0.0,0.0,0.0,0.0,0.0,0,0,0,0,0,0,0,False
2022,1,position_run,clearing,operational,True,True,1582.239990234375,1582.239990234375,98.88999938964844,1579.189697265625,298.0,0.0,107,0,0,0,0,0,0,True,True,1599.840087890625,1599.840087890625,99.99000549316406,1584.824462890625,297.0,1.0,113,0,0,0,0,0,0,True,True,-17.60009765625,-17.60009765625,-1.100006103515625,-5.634765625,1.0,-1.0,-6,0,0,0,0,0,0,False
2022,1,position_run,clearing,strict,True,True,1582.239990234375,1582.239990234375,98.88999938964844,1579.189697265625,298.0,0.0,107,0,0,0,0,0,0,True,True,1599.840087890625,1599.840087890625,99.99000549316406,1584.824462890625,297.0,1.0,113,0,0,0,0,0,0,True,True,-17.60009765625,-17.60009765625,-1.100006103515625,-5.634765625,1.0,-1.0,-6,0,0,0,0,0,0,False
2022,1,position_run,plus_one,operational,False,False,,0.0,,,292.0,6.0,98,0,0,0,0,0,0,False,False,,0.0,,,296.0,2.0,126,0,0,0,0,0,0,False,False,,0.0,,,-4.0,4.0,-28,0,0,0,0,0,0,False
2022,1,position_run,plus_one,strict,False,False,,0.0,,,292.0,6.0,98,0,0,0,0,0,0,False,False,,0.0,,,296.0,2.0,126,0,0,0,0,0,0,False,False,,0.0,,,-4.0,4.0,-28,0,0,0,0,0,0,False
2022,1,star_late,clearing,operational,True,True,1445.199951171875,1445.199951171875,90.32499694824219,1529.927001953125,274.0,24.0,118,0,0,0,0,0,0,True,True,1399.760009765625,1399.760009765625,87.48500061035156,1549.431396484375,284.0,14.0,118,0,0,0,0,0,0,True,True,45.43994140625,45.43994140625,2.839996337890625,-19.50439453125,-10.0,10.0,0,0,0,0,0,0,0,True
2022,1,star_late,clearing,strict,True,True,1445.199951171875,1445.199951171875,90.32499694824219,1529.927001953125,274.0,24.0,118,0,0,0,0,0,0,True,True,1399.760009765625,1399.760009765625,87.48500061035156,1549.431396484375,284.0,14.0,118,0,0,0,0,0,0,True,True,45.43994140625,45.43994140625,2.839996337890625,-19.50439453125,-10.0,10.0,0,0,0,0,0,0,0,True
2022,1,star_late,plus_one,operational,True,True,1412.10009765625,1412.10009765625,88.25625610351562,1554.31298828125,289.0,9.0,132,0,0,0,0,0,0,True,True,1572.5999755859375,1572.5999755859375,98.2874984741211,1550.2044677734375,286.0,12.0,123,0,0,0,0,0,0,True,True,-160.4998779296875,-160.4998779296875,-10.031242370605469,4.1085205078125,3.0,-3.0,9,0,0,0,0,0,0,False
2022,1,star_late,plus_one,strict,True,True,1412.10009765625,1412.10009765625,88.25625610351562,1554.31298828125,289.0,9.0,132,0,0,0,0,0,0,True,True,1572.5999755859375,1572.5999755859375,98.2874984741211,1550.2044677734375,286.0,12.0,123,0,0,0,0,0,0,True,True,-160.4998779296875,-160.4998779296875,-10.031242370605469,4.1085205078125,3.0,-3.0,9,0,0,0,0,0,0,False
2022,1,tier_early,clearing,operational,True,True,1587.3599853515625,1587.3599853515625,99.20999908447266,1599.7916259765625,297.0,1.0,99,0,0,0,0,0,0,True,True,1583.06005859375,1583.06005859375,98.94125366210938,1598.8111572265625,295.0,3.0,97,0,0,0,0,0,0,True,True,4.2999267578125,4.2999267578125,0.26874542236328125,0.98046875,2.0,-2.0,2,0,0,0,0,0,0,True
2022,1,tier_early,clearing,strict,True,True,1587.3599853515625,1587.3599853515625,99.20999908447266,1599.7916259765625,297.0,1.0,99,0,0,0,0,0,0,True,True,1583.06005859375,1583.06005859375,98.94125366210938,1598.8111572265625,295.0,3.0,97,0,0,0,0,0,0,True,True,4.2999267578125,4.2999267578125,0.26874542236328125,0.98046875,2.0,-2.0,2,0,0,0,0,0,0,True
2022,1,tier_early,plus_one,operational,False,False,,0.0,,,296.0,2.0,113,0,0,0,0,0,0,False,False,,0.0,,,294.0,4.0,117,0,0,0,0,0,0,False,False,,0.0,,,2.0,-2.0,-4,0,0,0,0,0,0,False
2022,1,tier_early,plus_one,strict,False,False,,0.0,,,296.0,2.0,113,0,0,0,0,0,0,False,False,,0.0,,,294.0,4.0,117,0,0,0,0,0,0,False,False,,0.0,,,2.0,-2.0,-4,0,0,0,0,0,0,False
2022,1,uniform,clearing,operational,True,True,1703.39990234375,1703.39990234375,106.46249389648438,1572.715087890625,295.0,3.0,126,0,0,0,0,0,0,True,True,1633.3399658203125,1633.3399658203125,102.08374786376953,1554.9210205078125,288.0,10.0,123,0,0,0,0,0,0,True,True,70.0599365234375,70.0599365234375,4.378746032714844,17.7940673828125,7.0,-7.0,3,0,0,0,0,0,0,True
2022,1,uniform,clearing,strict,True,True,1703.39990234375,1703.39990234375,106.46249389648438,1572.715087890625,295.0,3.0,126,0,0,0,0,0,0,True,True,1633.3399658203125,1633.3399658203125,102.08374786376953,1554.9210205078125,288.0,10.0,123,0,0,0,0,0,0,True,True,70.0599365234375,70.0599365234375,4.378746032714844,17.7940673828125,7.0,-7.0,3,0,0,0,0,0,0,True
2022,1,uniform,plus_one,operational,True,True,1562.659912109375,1562.659912109375,97.66624450683594,1550.161865234375,297.0,1.0,102,0,0,0,0,0,0,True,True,1464.4599609375,1464.4599609375,91.52874755859375,1542.7435302734375,288.0,10.0,124,0,0,0,0,0,0,True,True,98.199951171875,98.199951171875,6.1374969482421875,7.4183349609375,9.0,-9.0,-22,0,0,0,0,0,0,True
2022,1,uniform,plus_one,strict,True,True,1562.659912109375,1562.659912109375,97.66624450683594,1550.161865234375,297.0,1.0,102,0,0,0,0,0,0,True,True,1464.4599609375,1464.4599609375,91.52874755859375,1542.7435302734375,288.0,10.0,124,0,0,0,0,0,0,True,True,98.199951171875,98.199951171875,6.1374969482421875,7.4183349609375,9.0,-9.0,-22,0,0,0,0,0,0,True
2022,2,position_run,clearing,operational,True,True,1473.9600830078125,1473.9600830078125,92.12250518798828,1616.1405029296875,294.0,4.0,113,0,0,0,0,0,0,True,True,1555.60009765625,1555.60009765625,97.22500610351562,1607.0728759765625,295.0,3.0,106,0,0,0,0,0,0,True,True,-81.6400146484375,-81.6400146484375,-5.102500915527344,9.067626953125,-1.0,1.0,7,0,0,0,0,0,0,False
2022,2,position_run,clearing,strict,True,True,1473.9600830078125,1473.9600830078125,92.12250518798828,1616.1405029296875,294.0,4.0,113,0,0,0,0,0,0,True,True,1555.60009765625,1555.60009765625,97.22500610351562,1607.0728759765625,295.0,3.0,106,0,0,0,0,0,0,True,True,-81.6400146484375,-81.6400146484375,-5.102500915527344,9.067626953125,-1.0,1.0,7,0,0,0,0,0,0,False
2022,2,position_run,plus_one,operational,True,True,1438.06005859375,1438.06005859375,89.87875366210938,1602.0267333984375,297.0,1.0,111,0,0,0,0,0,0,True,True,1542.0,1542.0,96.375,1605.190185546875,298.0,0.0,107,0,0,0,0,0,0,True,True,-103.93994140625,-103.93994140625,-6.496246337890625,-3.1634521484375,-1.0,1.0,4,0,0,0,0,0,0,False
2022,2,position_run,plus_one,strict,True,True,1438.06005859375,1438.06005859375,89.87875366210938,1602.0267333984375,297.0,1.0,111,0,0,0,0,0,0,True,True,1542.0,1542.0,96.375,1605.190185546875,298.0,0.0,107,0,0,0,0,0,0,True,True,-103.93994140625,-103.93994140625,-6.496246337890625,-3.1634521484375,-1.0,1.0,4,0,0,0,0,0,0,False
2022,2,star_late,clearing,operational,True,True,1374.5599365234375,1374.5599365234375,85.90999603271484,1552.0712890625,270.0,28.0,105,0,0,0,0,0,0,True,True,1348.260009765625,1348.260009765625,84.26625061035156,1590.0947265625,288.0,10.0,124,0,0,0,0,0,0,True,True,26.2999267578125,26.2999267578125,1.6437454223632812,-38.0234375,-18.0,18.0,-19,0,0,0,0,0,0,True
2022,2,star_late,clearing,strict,True,True,1374.5599365234375,1374.5599365234375,85.90999603271484,1552.0712890625,270.0,28.0,105,0,0,0,0,0,0,True,True,1348.260009765625,1348.260009765625,84.26625061035156,1590.0947265625,288.0,10.0,124,0,0,0,0,0,0,True,True,26.2999267578125,26.2999267578125,1.6437454223632812,-38.0234375,-18.0,18.0,-19,0,0,0,0,0,0,True
2022,2,star_late,plus_one,operational,True,True,1428.659912109375,1428.659912109375,89.29124450683594,1582.906494140625,291.0,7.0,116,0,0,0,0,0,0,True,True,1411.4599609375,1411.4599609375,88.21624755859375,1553.520263671875,289.0,9.0,125,0,0,0,0,0,0,True,True,17.199951171875,17.199951171875,1.0749969482421875,29.38623046875,2.0,-2.0,-9,0,0,0,0,0,0,True
2022,2,star_late,plus_one,strict,True,True,1428.659912109375,1428.659912109375,89.29124450683594,1582.906494140625,291.0,7.0,116,0,0,0,0,0,0,True,True,1411.4599609375,1411.4599609375,88.21624755859375,1553.520263671875,289.0,9.0,125,0,0,0,0,0,0,True,True,17.199951171875,17.199951171875,1.0749969482421875,29.38623046875,2.0,-2.0,-9,0,0,0,0,0,0,True
2022,2,tier_early,clearing,operational,True,True,1606.260009765625,1606.260009765625,100.39125061035156,1582.415771484375,298.0,0.0,98,0,0,0,0,0,0,True,True,1606.260009765625,1606.260009765625,100.39125061035156,1582.415771484375,298.0,0.0,98,0,0,0,0,0,0,True,True,0.0,0.0,0.0,0.0,0.0,0.0,0,0,0,0,0,0,0,False
2022,2,tier_early,clearing,strict,True,True,1606.260009765625,1606.260009765625,100.39125061035156,1582.415771484375,298.0,0.0,98,0,0,0,0,0,0,True,True,1606.260009765625,1606.260009765625,100.39125061035156,1582.415771484375,298.0,0.0,98,0,0,0,0,0,0,True,True,0.0,0.0,0.0,0.0,0.0,0.0,0,0,0,0,0,0,0,False
2022,2,tier_early,plus_one,operational,True,True,1570.60009765625,1570.60009765625,98.16250610351562,1567.3876953125,296.0,2.0,106,0,0,0,0,0,0,False,False,,0.0,,,297.0,1.0,136,0,0,0,0,0,0,False,False,,1570.60009765625,,,-1.0,1.0,-30,0,0,0,0,0,0,False
2022,2,tier_early,plus_one,strict,True,True,1570.60009765625,1570.60009765625,98.16250610351562,1567.3876953125,296.0,2.0,106,0,0,0,0,0,0,False,False,,0.0,,,297.0,1.0,136,0,0,0,0,0,0,False,False,,1570.60009765625,,,-1.0,1.0,-30,0,0,0,0,0,0,False
2022,2,uniform,clearing,operational,True,True,1294.8599853515625,1294.8599853515625,80.92874908447266,1585.883056640625,291.0,7.0,95,0,0,0,0,0,0,True,True,1358.360107421875,1358.360107421875,84.89750671386719,1557.727783203125,288.0,10.0,120,0,0,0,0,0,0,True,True,-63.5001220703125,-63.5001220703125,-3.9687576293945312,28.1552734375,3.0,-3.0,-25,0,0,0,0,0,0,False
2022,2,uniform,clearing,strict,True,True,1294.8599853515625,1294.8599853515625,80.92874908447266,1585.883056640625,291.0,7.0,95,0,0,0,0,0,0,True,True,1358.360107421875,1358.360107421875,84.89750671386719,1557.727783203125,288.0,10.0,120,0,0,0,0,0,0,True,True,-63.5001220703125,-63.5001220703125,-3.9687576293945312,28.1552734375,3.0,-3.0,-25,0,0,0,0,0,0,False
2022,2,uniform,plus_one,operational,True,True,1345.06005859375,1345.06005859375,84.06625366210938,1562.7955322265625,297.0,1.0,131,0,0,0,0,0,0,True,True,1345.06005859375,1345.06005859375,84.06625366210938,1562.7955322265625,297.0,1.0,131,0,0,0,0,0,0,True,True,0.0,0.0,0.0,0.0,0.0,0.0,0,0,0,0,0,0,0,False
2022,2,uniform,plus_one,strict,True,True,1345.06005859375,1345.06005859375,84.06625366210938,1562.7955322265625,297.0,1.0,131,0,0,0,0,0,0,True,True,1345.06005859375,1345.06005859375,84.06625366210938,1562.7955322265625,297.0,1.0,131,0,0,0,0,0,0,True,True,0.0,0.0,0.0,0.0,0.0,0.0,0,0,0,0,0,0,0,False
2022,3,position_run,clearing,operational,True,True,1437.159912109375,1437.159912109375,89.82249450683594,1577.622314453125,297.0,1.0,97,0,0,0,0,0,0,True,True,1471.47998046875,1471.47998046875,91.96749877929688,1580.12548828125,293.0,5.0,91,0,0,0,0,0,0,True,True,-34.320068359375,-34.320068359375,-2.1450042724609375,-2.503173828125,4.0,-4.0,6,0,0,0,0,0,0,False
2022,3,position_run,clearing,strict,True,True,1437.159912109375,1437.159912109375,89.82249450683594,1577.622314453125,297.0,1.0,97,0,0,0,0,0,0,True,True,1471.47998046875,1471.47998046875,91.96749877929688,1580.12548828125,293.0,5.0,91,0,0,0,0,0,0,True,True,-34.320068359375,-34.320068359375,-2.1450042724609375,-2.503173828125,4.0,-4.0,6,0,0,0,0,0,0,False
2022,3,position_run,plus_one,operational,True,True,1409.9599609375,1409.9599609375,88.12249755859375,1574.519287109375,296.0,2.0,105,0,0,0,0,0,0,True,True,1408.760009765625,1408.760009765625,88.04750061035156,1564.019287109375,297.0,1.0,100,0,0,0,0,0,0,True,True,1.199951171875,1.199951171875,0.0749969482421875,10.5,-1.0,1.0,5,0,0,0,0,0,0,True
2022,3,position_run,plus_one,strict,True,True,1409.9599609375,1409.9599609375,88.12249755859375,1574.519287109375,296.0,2.0,105,0,0,0,0,0,0,True,True,1408.760009765625,1408.760009765625,88.04750061035156,1564.019287109375,297.0,1.0,100,0,0,0,0,0,0,True,True,1.199951171875,1.199951171875,0.0749969482421875,10.5,-1.0,1.0,5,0,0,0,0,0,0,True
2022,3,star_late,clearing,operational,True,True,1341.0,1341.0,83.8125,1611.2611083984375,286.0,12.0,117,0,0,0,0,0,0,True,True,1416.3599853515625,1416.3599853515625,88.52249908447266,1601.41943359375,285.0,13.0,134,0,0,0,0,0,0,True,True,-75.3599853515625,-75.3599853515625,-4.709999084472656,9.8416748046875,1.0,-1.0,-17,0,0,0,0,0,0,False
2022,3,star_late,clearing,strict,True,True,1341.0,1341.0,83.8125,1611.2611083984375,286.0,12.0,117,0,0,0,0,0,0,True,True,1416.3599853515625,1416.3599853515625,88.52249908447266,1601.41943359375,285.0,13.0,134,0,0,0,0,0,0,True,True,-75.3599853515625,-75.3599853515625,-4.709999084472656,9.8416748046875,1.0,-1.0,-17,0,0,0,0,0,0,False
2022,3,star_late,plus_one,operational,True,True,1492.2000732421875,1492.2000732421875,93.26250457763672,1577.772216796875,294.0,4.0,117,0,0,0,0,0,0,True,True,1433.9599609375,1433.9599609375,89.62249755859375,1598.9361572265625,285.0,13.0,134,0,0,0,0,0,0,True,True,58.2401123046875,58.2401123046875,3.6400070190429688,-21.1639404296875,9.0,-9.0,-17,0,0,0,0,0,0,True
2022,3,star_late,plus_one,strict,True,True,1492.2000732421875,1492.2000732421875,93.26250457763672,1577.772216796875,294.0,4.0,117,0,0,0,0,0,0,True,True,1433.9599609375,1433.9599609375,89.62249755859375,1598.9361572265625,285.0,13.0,134,0,0,0,0,0,0,True,True,58.2401123046875,58.2401123046875,3.6400070190429688,-21.1639404296875,9.0,-9.0,-17,0,0,0,0,0,0,True
2022,3,tier_early,clearing,operational,True,True,1451.760009765625,1451.760009765625,90.73500061035156,1557.956298828125,298.0,0.0,98,0,0,0,0,0,0,True,True,1478.760009765625,1478.760009765625,92.42250061035156,1562.157958984375,292.0,6.0,90,0,0,0,0,0,0,True,True,-27.0,-27.0,-1.6875,-4.20166015625,6.0,-6.0,8,0,0,0,0,0,0,False
2022,3,tier_early,clearing,strict,True,True,1451.760009765625,1451.760009765625,90.73500061035156,1557.956298828125,298.0,0.0,98,0,0,0,0,0,0,True,True,1478.760009765625,1478.760009765625,92.42250061035156,1562.157958984375,292.0,6.0,90,0,0,0,0,0,0,True,True,-27.0,-27.0,-1.6875,-4.20166015625,6.0,-6.0,8,0,0,0,0,0,0,False
2022,3,tier_early,plus_one,operational,False,False,,0.0,,,293.0,5.0,104,0,0,0,0,0,0,True,True,1444.5599365234375,1444.5599365234375,90.28499603271484,1566.947998046875,294.0,4.0,97,0,0,0,0,0,0,False,False,,-1444.5599365234375,,,-1.0,1.0,7,0,0,0,0,0,0,False
2022,3,tier_early,plus_one,strict,False,False,,0.0,,,293.0,5.0,104,0,0,0,0,0,0,True,True,1444.5599365234375,1444.5599365234375,90.28499603271484,1566.947998046875,294.0,4.0,97,0,0,0,0,0,0,False,False,,-1444.5599365234375,,,-1.0,1.0,7,0,0,0,0,0,0,False
2022,3,uniform,clearing,operational,True,True,1529.659912109375,1529.659912109375,95.60374450683594,1576.547607421875,287.0,11.0,136,1,0,0,0,0,0,True,True,1786.93994140625,1786.93994140625,111.68374633789062,1559.382568359375,296.0,2.0,94,0,0,0,0,0,0,True,True,-257.280029296875,-257.280029296875,-16.080001831054688,17.1650390625,-9.0,9.0,42,1,0,0,0,0,0,False
2022,3,uniform,clearing,strict,True,True,1529.659912109375,1529.659912109375,95.60374450683594,1576.547607421875,287.0,11.0,136,1,0,0,0,0,0,True,True,1786.93994140625,1786.93994140625,111.68374633789062,1559.382568359375,296.0,2.0,94,0,0,0,0,0,0,True,True,-257.280029296875,-257.280029296875,-16.080001831054688,17.1650390625,-9.0,9.0,42,1,0,0,0,0,0,False
2022,3,uniform,plus_one,operational,True,True,1492.159912109375,1492.159912109375,93.25999450683594,1543.872314453125,282.0,16.0,126,0,0,0,0,0,0,True,True,1548.9599609375,1548.9599609375,96.80999755859375,1589.840576171875,285.0,13.0,119,0,0,0,0,0,0,True,True,-56.800048828125,-56.800048828125,-3.5500030517578125,-45.96826171875,-3.0,3.0,7,0,0,0,0,0,0,False
2022,3,uniform,plus_one,strict,True,True,1492.159912109375,1492.159912109375,93.25999450683594,1543.872314453125,282.0,16.0,126,0,0,0,0,0,0,True,True,1548.9599609375,1548.9599609375,96.80999755859375,1589.840576171875,285.0,13.0,119,0,0,0,0,0,0,True,True,-56.800048828125,-56.800048828125,-3.5500030517578125,-45.96826171875,-3.0,3.0,7,0,0,0,0,0,0,False
2022,4,position_run,clearing,operational,True,True,1368.6199951171875,1368.6199951171875,85.53874969482422,1576.867919921875,297.0,1.0,98,0,0,0,0,0,0,True,True,1473.900146484375,1473.900146484375,92.11875915527344,1596.942138671875,297.0,1.0,108,0,0,0,0,0,0,True,True,-105.2801513671875,-105.2801513671875,-6.580009460449219,-20.07421875,0.0,0.0,-10,0,0,0,0,0,0,False
2022,4,position_run,clearing,strict,True,True,1368.6199951171875,1368.6199951171875,85.53874969482422,1576.867919921875,297.0,1.0,98,0,0,0,0,0,0,True,True,1473.900146484375,1473.900146484375,92.11875915527344,1596.942138671875,297.0,1.0,108,0,0,0,0,0,0,True,True,-105.2801513671875,-105.2801513671875,-6.580009460449219,-20.07421875,0.0,0.0,-10,0,0,0,0,0,0,False
2022,4,position_run,plus_one,operational,False,False,,0.0,,,295.0,3.0,105,0,0,0,0,0,0,False,False,,0.0,,,295.0,3.0,105,0,0,0,0,0,0,False,False,,0.0,,,0.0,0.0,0,0,0,0,0,0,0,False
2022,4,position_run,plus_one,strict,False,False,,0.0,,,295.0,3.0,105,0,0,0,0,0,0,False,False,,0.0,,,295.0,3.0,105,0,0,0,0,0,0,False,False,,0.0,,,0.0,0.0,0,0,0,0,0,0,0,False
2022,4,star_late,clearing,operational,True,True,1626.1400146484375,1626.1400146484375,101.63375091552734,1560.140869140625,271.0,27.0,119,0,0,0,0,0,0,True,True,1323.4600830078125,1323.4600830078125,82.71625518798828,1544.353271484375,286.0,12.0,110,0,0,0,0,0,0,True,True,302.679931640625,302.679931640625,18.917495727539062,15.78759765625,-15.0,15.0,9,0,0,0,0,0,0,True
2022,4,star_late,clearing,strict,True,True,1626.1400146484375,1626.1400146484375,101.63375091552734,1560.140869140625,271.0,27.0,119,0,0,0,0,0,0,True,True,1323.4600830078125,1323.4600830078125,82.71625518798828,1544.353271484375,286.0,12.0,110,0,0,0,0,0,0,True,True,302.679931640625,302.679931640625,18.917495727539062,15.78759765625,-15.0,15.0,9,0,0,0,0,0,0,True
2022,4,star_late,plus_one,operational,True,True,1318.9599609375,1318.9599609375,82.43499755859375,1570.906982421875,296.0,2.0,110,0,0,0,0,0,0,False,False,,0.0,,,255.0,43.0,135,0,0,0,0,0,0,False,False,,1318.9599609375,,,41.0,-41.0,-25,0,0,0,0,0,0,False
2022,4,star_late,plus_one,strict,True,True,1318.9599609375,1318.9599609375,82.43499755859375,1570.906982421875,296.0,2.0,110,0,0,0,0,0,0,False,False,,0.0,,,255.0,43.0,135,0,0,0,0,0,0,False,False,,1318.9599609375,,,41.0,-41.0,-25,0,0,0,0,0,0,False
2022,4,tier_early,clearing,operational,True,True,1321.860107421875,1321.860107421875,82.61625671386719,1563.2218017578125,297.0,1.0,136,1,0,0,0,0,0,True,True,1728.340087890625,1728.340087890625,108.02125549316406,1575.337646484375,297.0,1.0,136,1,0,0,0,0,0,True,True,-406.47998046875,-406.47998046875,-25.404998779296875,-12.1158447265625,0.0,0.0,0,0,0,0,0,0,0,False
2022,4,tier_early,clearing,strict,True,True,1321.860107421875,1321.860107421875,82.61625671386719,1563.2218017578125,297.0,1.0,136,1,0,0,0,0,0,True,True,1728.340087890625,1728.340087890625,108.02125549316406,1575.337646484375,297.0,1.0,136,1,0,0,0,0,0,True,True,-406.47998046875,-406.47998046875,-25.404998779296875,-12.1158447265625,0.0,0.0,0,0,0,0,0,0,0,False
2022,4,tier_early,plus_one,operational,False,False,,0.0,,,295.0,3.0,111,0,0,0,0,0,0,False,False,,0.0,,,295.0,3.0,111,0,0,0,0,0,0,False,False,,0.0,,,0.0,0.0,0,0,0,0,0,0,0,False
2022,4,tier_early,plus_one,strict,False,False,,0.0,,,295.0,3.0,111,0,0,0,0,0,0,False,False,,0.0,,,295.0,3.0,111,0,0,0,0,0,0,False,False,,0.0,,,0.0,0.0,0,0,0,0,0,0,0,False
2022,4,uniform,clearing,operational,True,True,1349.56005859375,1349.56005859375,84.34750366210938,1553.12451171875,297.0,1.0,108,0,0,0,0,0,0,True,True,1331.260009765625,1331.260009765625,83.20375061035156,1576.7425537109375,286.0,12.0,100,0,0,0,0,0,0,True,True,18.300048828125,18.300048828125,1.1437530517578125,-23.6180419921875,11.0,-11.0,8,0,0,0,0,0,0,True
2022,4,uniform,clearing,strict,True,True,1349.56005859375,1349.56005859375,84.34750366210938,1553.12451171875,297.0,1.0,108,0,0,0,0,0,0,True,True,1331.260009765625,1331.260009765625,83.20375061035156,1576.7425537109375,286.0,12.0,100,0,0,0,0,0,0,True,True,18.300048828125,18.300048828125,1.1437530517578125,-23.6180419921875,11.0,-11.0,8,0,0,0,0,0,0,True
2022,4,uniform,plus_one,operational,True,True,1483.06005859375,1483.06005859375,92.69125366210938,1518.7679443359375,276.0,22.0,85,0,0,0,0,0,0,True,True,1487.6600341796875,1487.6600341796875,92.97875213623047,1572.801025390625,287.0,11.0,100,0,0,0,0,0,0,True,True,-4.5999755859375,-4.5999755859375,-0.28749847412109375,-54.0330810546875,-11.0,11.0,-15,0,0,0,0,0,0,False
2022,4,uniform,plus_one,strict,True,True,1483.06005859375,1483.06005859375,92.69125366210938,1518.7679443359375,276.0,22.0,85,0,0,0,0,0,0,True,True,1487.6600341796875,1487.6600341796875,92.97875213623047,1572.801025390625,287.0,11.0,100,0,0,0,0,0,0,True,True,-4.5999755859375,-4.5999755859375,-0.28749847412109375,-54.0330810546875,-11.0,11.0,-15,0,0,0,0,0,0,False
2022,5,position_run,clearing,operational,True,True,1590.860107421875,1590.860107421875,99.42875671386719,1620.8834228515625,295.0,3.0,100,0,0,0,0,0,0,True,True,1520.56005859375,1520.56005859375,95.03500366210938,1614.556640625,296.0,2.0,95,0,0,0,0,0,0,True,True,70.300048828125,70.300048828125,4.3937530517578125,6.3267822265625,-1.0,1.0,5,0,0,0,0,0,0,True
2022,5,position_run,clearing,strict,True,True,1590.860107421875,1590.860107421875,99.42875671386719,1620.8834228515625,295.0,3.0,100,0,0,0,0,0,0,True,True,1520.56005859375,1520.56005859375,95.03500366210938,1614.556640625,296.0,2.0,95,0,0,0,0,0,0,True,True,70.300048828125,70.300048828125,4.3937530517578125,6.3267822265625,-1.0,1.0,5,0,0,0,0,0,0,True
2022,5,position_run,plus_one,operational,False,False,,0.0,,,296.0,2.0,123,0,0,0,0,0,0,False,False,,0.0,,,297.0,1.0,136,0,0,0,0,0,0,False,False,,0.0,,,-1.0,1.0,-13,0,0,0,0,0,0,False
2022,5,position_run,plus_one,strict,False,False,,0.0,,,296.0,2.0,123,0,0,0,0,0,0,False,False,,0.0,,,297.0,1.0,136,0,0,0,0,0,0,False,False,,0.0,,,-1.0,1.0,-13,0,0,0,0,0,0,False
2022,5,star_late,clearing,operational,True,True,1357.9599609375,1357.9599609375,84.87249755859375,1589.8746337890625,292.0,6.0,113,0,0,0,0,0,0,True,True,1495.4599609375,1495.4599609375,93.46624755859375,1590.361572265625,275.0,23.0,113,0,0,0,0,0,0,True,True,-137.5,-137.5,-8.59375,-0.4869384765625,17.0,-17.0,0,0,0,0,0,0,0,False
2022,5,star_late,clearing,strict,True,True,1357.9599609375,1357.9599609375,84.87249755859375,1589.8746337890625,292.0,6.0,113,0,0,0,0,0,0,True,True,1495.4599609375,1495.4599609375,93.46624755859375,1590.361572265625,275.0,23.0,113,0,0,0,0,0,0,True,True,-137.5,-137.5,-8.59375,-0.4869384765625,17.0,-17.0,0,0,0,0,0,0,0,False
2022,5,star_late,plus_one,operational,True,True,1572.56005859375,1572.56005859375,98.28500366210938,1592.68115234375,293.0,5.0,131,0,0,0,0,0,0,True,True,1524.7598876953125,1524.7598876953125,95.29749298095703,1624.693603515625,293.0,5.0,112,0,0,0,0,0,0,True,True,47.8001708984375,47.8001708984375,2.9875106811523438,-32.012451171875,0.0,0.0,19,0,0,0,0,0,0,True
2022,5,star_late,plus_one,strict,True,True,1572.56005859375,1572.56005859375,98.28500366210938,1592.68115234375,293.0,5.0,131,0,0,0,0,0,0,True,True,1524.7598876953125,1524.7598876953125,95.29749298095703,1624.693603515625,293.0,5.0,112,0,0,0,0,0,0,True,True,47.8001708984375,47.8001708984375,2.9875106811523438,-32.012451171875,0.0,0.0,19,0,0,0,0,0,0,True
2022,5,tier_early,clearing,operational,True,True,1508.56005859375,1508.56005859375,94.28500366210938,1586.95751953125,296.0,2.0,89,0,0,0,0,0,0,True,True,1433.300048828125,1433.300048828125,89.58125305175781,1584.3931884765625,296.0,2.0,121,0,0,0,0,0,0,True,True,75.260009765625,75.260009765625,4.7037506103515625,2.5643310546875,0.0,0.0,-32,0,0,0,0,0,0,True
2022,5,tier_early,clearing,strict,True,True,1508.56005859375,1508.56005859375,94.28500366210938,1586.95751953125,296.0,2.0,89,0,0,0,0,0,0,True,True,1433.300048828125,1433.300048828125,89.58125305175781,1584.3931884765625,296.0,2.0,121,0,0,0,0,0,0,True,True,75.260009765625,75.260009765625,4.7037506103515625,2.5643310546875,0.0,0.0,-32,0,0,0,0,0,0,True
2022,5,tier_early,plus_one,operational,False,False,,0.0,,,294.0,4.0,115,0,0,0,0,0,0,True,True,1564.4000244140625,1564.4000244140625,97.7750015258789,1600.230224609375,298.0,0.0,121,0,0,0,0,0,0,False,False,,-1564.4000244140625,,,-4.0,4.0,-6,0,0,0,0,0,0,False
2022,5,tier_early,plus_one,strict,False,False,,0.0,,,294.0,4.0,115,0,0,0,0,0,0,True,True,1564.4000244140625,1564.4000244140625,97.7750015258789,1600.230224609375,298.0,0.0,121,0,0,0,0,0,0,False,False,,-1564.4000244140625,,,-4.0,4.0,-6,0,0,0,0,0,0,False
2022,5,uniform,clearing,operational,True,True,1537.9600830078125,1537.9600830078125,96.12250518798828,1568.913330078125,294.0,4.0,125,0,0,0,0,0,0,True,True,1544.6600341796875,1544.6600341796875,96.54125213623047,1577.318115234375,297.0,1.0,116,0,0,0,0,0,0,True,True,-6.699951171875,-6.699951171875,-0.4187469482421875,-8.40478515625,-3.0,3.0,9,0,0,0,0,0,0,False
2022,5,uniform,clearing,strict,True,True,1537.9600830078125,1537.9600830078125,96.12250518798828,1568.913330078125,294.0,4.0,125,0,0,0,0,0,0,True,True,1544.6600341796875,1544.6600341796875,96.54125213623047,1577.318115234375,297.0,1.0,116,0,0,0,0,0,0,True,True,-6.699951171875,-6.699951171875,-0.4187469482421875,-8.40478515625,-3.0,3.0,9,0,0,0,0,0,0,False
2022,5,uniform,plus_one,operational,True,True,1383.760009765625,1383.760009765625,86.48500061035156,1590.17578125,284.0,14.0,116,0,0,0,0,0,0,True,True,1531.56005859375,1531.56005859375,95.72250366210938,1589.8890380859375,292.0,6.0,116,0,0,0,0,0,0,True,True,-147.800048828125,-147.800048828125,-9.237503051757812,0.2867431640625,-8.0,8.0,0,0,0,0,0,0,0,False
2022,5,uniform,plus_one,strict,True,True,1383.760009765625,1383.760009765625,86.48500061035156,1590.17578125,284.0,14.0,116,0,0,0,0,0,0,True,True,1531.56005859375,1531.56005859375,95.72250366210938,1589.8890380859375,292.0,6.0,116,0,0,0,0,0,0,True,True,-147.800048828125,-147.800048828125,-9.237503051757812,0.2867431640625,-8.0,8.0,0,0,0,0,0,0,0,False
2022,6,position_run,clearing,operational,True,True,1476.7000732421875,1476.7000732421875,92.29375457763672,1624.244384765625,296.0,2.0,88,0,0,0,0,0,0,True,True,1500.0,1500.0,93.75,1603.554443359375,296.0,2.0,97,0,0,0,0,0,0,True,True,-23.2999267578125,-23.2999267578125,-1.4562454223632812,20.68994140625,0.0,0.0,-9,0,0,0,0,0,0,False
2022,6,position_run,clearing,strict,True,True,1476.7000732421875,1476.7000732421875,92.29375457763672,1624.244384765625,296.0,2.0,88,0,0,0,0,0,0,True,True,1500.0,1500.0,93.75,1603.554443359375,296.0,2.0,97,0,0,0,0,0,0,True,True,-23.2999267578125,-23.2999267578125,-1.4562454223632812,20.68994140625,0.0,0.0,-9,0,0,0,0,0,0,False
2022,6,position_run,plus_one,operational,True,True,1653.0999755859375,1653.0999755859375,103.3187484741211,1612.450439453125,298.0,0.0,104,0,0,0,0,0,0,True,True,1605.260009765625,1605.260009765625,100.32875061035156,1599.0882568359375,297.0,1.0,97,0,0,0,0,0,0,True,True,47.8399658203125,47.8399658203125,2.9899978637695312,13.3621826171875,1.0,-1.0,7,0,0,0,0,0,0,True
2022,6,position_run,plus_one,strict,True,True,1653.0999755859375,1653.0999755859375,103.3187484741211,1612.450439453125,298.0,0.0,104,0,0,0,0,0,0,True,True,1605.260009765625,1605.260009765625,100.32875061035156,1599.0882568359375,297.0,1.0,97,0,0,0,0,0,0,True,True,47.8399658203125,47.8399658203125,2.9899978637695312,13.3621826171875,1.0,-1.0,7,0,0,0,0,0,0,True
2022,6,star_late,clearing,operational,True,True,1670.9599609375,1670.9599609375,104.43499755859375,1540.212646484375,286.0,12.0,108,0,0,0,0,0,0,True,True,1271.3599853515625,1271.3599853515625,79.45999908447266,1579.875732421875,292.0,6.0,125,0,0,0,0,0,0,True,True,399.5999755859375,399.5999755859375,24.974998474121094,-39.6630859375,-6.0,6.0,-17,0,0,0,0,0,0,True
2022,6,star_late,clearing,strict,True,True,1670.9599609375,1670.9599609375,104.43499755859375,1540.212646484375,286.0,12.0,108,0,0,0,0,0,0,True,True,1271.3599853515625,1271.3599853515625,79.45999908447266,1579.875732421875,292.0,6.0,125,0,0,0,0,0,0,True,True,399.5999755859375,399.5999755859375,24.974998474121094,-39.6630859375,-6.0,6.0,-17,0,0,0,0,0,0,True
2022,6,star_late,plus_one,operational,True,True,1601.9599609375,1601.9599609375,100.12249755859375,1592.377197265625,289.0,9.0,117,0,0,0,0,0,0,False,False,,0.0,,,288.0,10.0,136,0,0,0,0,0,0,False,False,,1601.9599609375,,,1.0,-1.0,-19,0,0,0,0,0,0,False
2022,6,star_late,plus_one,strict,True,True,1601.9599609375,1601.9599609375,100.12249755859375,1592.377197265625,289.0,9.0,117,0,0,0,0,0,0,False,False,,0.0,,,288.0,10.0,136,0,0,0,0,0,0,False,False,,1601.9599609375,,,1.0,-1.0,-19,0,0,0,0,0,0,False
2022,6,tier_early,clearing,operational,True,True,1590.3599853515625,1590.3599853515625,99.39749908447266,1611.6588134765625,297.0,1.0,96,0,0,0,0,0,0,True,True,1447.56005859375,1447.56005859375,90.47250366210938,1611.556396484375,297.0,1.0,109,0,0,0,0,0,0,True,True,142.7999267578125,142.7999267578125,8.924995422363281,0.1024169921875,0.0,0.0,-13,0,0,0,0,0,0,True
2022,6,tier_early,clearing,strict,True,True,1590.3599853515625,1590.3599853515625,99.39749908447266,1611.6588134765625,297.0,1.0,96,0,0,0,0,0,0,True,True,1447.56005859375,1447.56005859375,90.47250366210938,1611.556396484375,297.0,1.0,109,0,0,0,0,0,0,True,True,142.7999267578125,142.7999267578125,8.924995422363281,0.1024169921875,0.0,0.0,-13,0,0,0,0,0,0,True
2022,6,tier_early,plus_one,operational,True,True,1570.659912109375,1570.659912109375,98.16624450683594,1588.994384765625,298.0,0.0,109,0,0,0,0,0,0,False,False,,0.0,,,296.0,2.0,109,0,0,0,0,0,0,False,False,,1570.659912109375,,,2.0,-2.0,0,0,0,0,0,0,0,False
2022,6,tier_early,plus_one,strict,True,True,1570.659912109375,1570.659912109375,98.16624450683594,1588.994384765625,298.0,0.0,109,0,0,0,0,0,0,False,False,,0.0,,,296.0,2.0,109,0,0,0,0,0,0,False,False,,1570.659912109375,,,2.0,-2.0,0,0,0,0,0,0,0,False
2022,6,uniform,clearing,operational,False,False,,0.0,,,296.0,2.0,136,0,0,0,0,0,0,True,True,1415.4599609375,1415.4599609375,88.46624755859375,1589.3050537109375,295.0,3.0,103,0,0,0,0,0,0,False,False,,-1415.4599609375,,,1.0,-1.0,33,0,0,0,0,0,0,False
2022,6,uniform,clearing,strict,False,False,,0.0,,,296.0,2.0,136,0,0,0,0,0,0,True,True,1415.4599609375,1415.4599609375,88.46624755859375,1589.3050537109375,295.0,3.0,103,0,0,0,0,0,0,False,False,,-1415.4599609375,,,1.0,-1.0,33,0,0,0,0,0,0,False
2022,6,uniform,plus_one,operational,True,True,1366.8599853515625,1366.8599853515625,85.42874908447266,1565.619140625,295.0,3.0,135,0,0,0,0,0,0,True,True,1406.360107421875,1406.360107421875,87.89750671386719,1595.9007568359375,297.0,1.0,110,0,0,0,0,0,0,True,True,-39.5001220703125,-39.5001220703125,-2.4687576293945312,-30.2816162109375,-2.0,2.0,25,0,0,0,0,0,0,False
2022,6,uniform,plus_one,strict,True,True,1366.8599853515625,1366.8599853515625,85.42874908447266,1565.619140625,295.0,3.0,135,0,0,0,0,0,0,True,True,1406.360107421875,1406.360107421875,87.89750671386719,1595.9007568359375,297.0,1.0,110,0,0,0,0,0,0,True,True,-39.5001220703125,-39.5001220703125,-2.4687576293945312,-30.2816162109375,-2.0,2.0,25,0,0,0,0,0,0,False
2022,7,position_run,clearing,operational,True,True,1709.3399658203125,1709.3399658203125,106.83374786376953,1593.6263427734375,295.0,3.0,108,0,0,0,0,0,0,True,True,1709.3399658203125,1709.3399658203125,106.83374786376953,1593.6263427734375,295.0,3.0,108,0,0,0,0,0,0,True,True,0.0,0.0,0.0,0.0,0.0,0.0,0,0,0,0,0,0,0,False
2022,7,position_run,clearing,strict,True,True,1709.3399658203125,1709.3399658203125,106.83374786376953,1593.6263427734375,295.0,3.0,108,0,0,0,0,0,0,True,True,1709.3399658203125,1709.3399658203125,106.83374786376953,1593.6263427734375,295.0,3.0,108,0,0,0,0,0,0,True,True,0.0,0.0,0.0,0.0,0.0,0.0,0,0,0,0,0,0,0,False
2022,7,position_run,plus_one,operational,True,True,1430.06005859375,1430.06005859375,89.37875366210938,1606.714111328125,297.0,1.0,105,0,0,0,0,0,0,True,True,1430.06005859375,1430.06005859375,89.37875366210938,1606.714111328125,297.0,1.0,105,0,0,0,0,0,0,True,True,0.0,0.0,0.0,0.0,0.0,0.0,0,0,0,0,0,0,0,False
2022,7,position_run,plus_one,strict,True,True,1430.06005859375,1430.06005859375,89.37875366210938,1606.714111328125,297.0,1.0,105,0,0,0,0,0,0,True,True,1430.06005859375,1430.06005859375,89.37875366210938,1606.714111328125,297.0,1.0,105,0,0,0,0,0,0,True,True,0.0,0.0,0.0,0.0,0.0,0.0,0,0,0,0,0,0,0,False
2022,7,star_late,clearing,operational,True,True,1527.260009765625,1527.260009765625,95.45375061035156,1566.935791015625,291.0,7.0,117,0,0,0,0,0,0,True,True,1442.4599609375,1442.4599609375,90.15374755859375,1542.880126953125,242.0,56.0,116,0,0,0,0,0,0,True,True,84.800048828125,84.800048828125,5.3000030517578125,24.0556640625,49.0,-49.0,1,0,0,0,0,0,0,True
2022,7,star_late,clearing,strict,True,True,1527.260009765625,1527.260009765625,95.45375061035156,1566.935791015625,291.0,7.0,117,0,0,0,0,0,0,True,True,1442.4599609375,1442.4599609375,90.15374755859375,1542.880126953125,242.0,56.0,116,0,0,0,0,0,0,True,True,84.800048828125,84.800048828125,5.3000030517578125,24.0556640625,49.0,-49.0,1,0,0,0,0,0,0,True
2022,7,star_late,plus_one,operational,True,True,1479.5599365234375,1479.5599365234375,92.47249603271484,1595.5601806640625,288.0,10.0,129,0,0,0,0,0,0,False,False,,0.0,,,248.0,50.0,136,0,0,0,0,0,0,False,False,,1479.5599365234375,,,40.0,-40.0,-7,0,0,0,0,0,0,False
2022,7,star_late,plus_one,strict,True,True,1479.5599365234375,1479.5599365234375,92.47249603271484,1595.5601806640625,288.0,10.0,129,0,0,0,0,0,0,False,False,,0.0,,,248.0,50.0,136,0,0,0,0,0,0,False,False,,1479.5599365234375,,,40.0,-40.0,-7,0,0,0,0,0,0,False
2022,7,tier_early,clearing,operational,True,True,1504.860107421875,1504.860107421875,94.05375671386719,1621.888916015625,298.0,0.0,103,0,0,0,0,0,0,True,True,1569.260009765625,1569.260009765625,98.07875061035156,1620.766357421875,297.0,1.0,94,0,0,0,0,0,0,True,True,-64.39990234375,-64.39990234375,-4.024993896484375,1.12255859375,1.0,-1.0,9,0,0,0,0,0,0,False
2022,7,tier_early,clearing,strict,True,True,1504.860107421875,1504.860107421875,94.05375671386719,1621.888916015625,298.0,0.0,103,0,0,0,0,0,0,True,True,1569.260009765625,1569.260009765625,98.07875061035156,1620.766357421875,297.0,1.0,94,0,0,0,0,0,0,True,True,-64.39990234375,-64.39990234375,-4.024993896484375,1.12255859375,1.0,-1.0,9,0,0,0,0,0,0,False
2022,7,tier_early,plus_one,operational,False,False,,0.0,,,295.0,3.0,111,0,0,0,0,0,0,False,False,,0.0,,,297.0,1.0,112,0,0,0,0,0,0,False,False,,0.0,,,-2.0,2.0,-1,0,0,0,0,0,0,False
2022,7,tier_early,plus_one,strict,False,False,,0.0,,,295.0,3.0,111,0,0,0,0,0,0,False,False,,0.0,,,297.0,1.0,112,0,0,0,0,0,0,False,False,,0.0,,,-2.0,2.0,-1,0,0,0,0,0,0,False
2022,7,uniform,clearing,operational,True,True,1555.8599853515625,1555.8599853515625,97.24124908447266,1595.8590087890625,298.0,0.0,113,0,0,0,0,0,0,True,True,1395.56005859375,1395.56005859375,87.22250366210938,1592.39794921875,288.0,10.0,113,0,0,0,0,0,0,True,True,160.2999267578125,160.2999267578125,10.018745422363281,3.4610595703125,10.0,-10.0,0,0,0,0,0,0,0,True
2022,7,uniform,clearing,strict,True,True,1555.8599853515625,1555.8599853515625,97.24124908447266,1595.8590087890625,298.0,0.0,113,0,0,0,0,0,0,True,True,1395.56005859375,1395.56005859375,87.22250366210938,1592.39794921875,288.0,10.0,113,0,0,0,0,0,0,True,True,160.2999267578125,160.2999267578125,10.018745422363281,3.4610595703125,10.0,-10.0,0,0,0,0,0,0,0,True
2022,7,uniform,plus_one,operational,True,True,1682.6600341796875,1682.6600341796875,105.16625213623047,1593.5048828125,290.0,8.0,86,0,0,0,0,0,0,True,True,1330.8599853515625,1330.8599853515625,83.17874908447266,1628.3753662109375,294.0,4.0,118,0,0,0,0,0,0,True,True,351.800048828125,351.800048828125,21.987503051757812,-34.8704833984375,-4.0,4.0,-32,0,0,0,0,0,0,True
2022,7,uniform,plus_one,strict,True,True,1682.6600341796875,1682.6600341796875,105.16625213623047,1593.5048828125,290.0,8.0,86,0,0,0,0,0,0,True,True,1330.8599853515625,1330.8599853515625,83.17874908447266,1628.3753662109375,294.0,4.0,118,0,0,0,0,0,0,True,True,351.800048828125,351.800048828125,21.987503051757812,-34.8704833984375,-4.0,4.0,-32,0,0,0,0,0,0,True
2023,0,position_run,clearing,operational,True,False,1661.739990234375,1661.739990234375,103.85874938964844,1551.9761962890625,295.0,3.0,90,0,0,0,0,0,1,True,False,1792.5400390625,1792.5400390625,112.03375244140625,1531.129638671875,297.0,1.0,114,0,0,0,0,0,1,True,False,-130.800048828125,-130.800048828125,-8.175003051757812,20.8465576171875,-2.0,2.0,-24,0,0,0,0,0,0,False
2023,0,position_run,clearing,strict,True,False,1661.739990234375,1661.739990234375,103.85874938964844,1551.9761962890625,295.0,3.0,90,0,0,0,0,0,1,True,False,1792.5400390625,1792.5400390625,112.03375244140625,1531.129638671875,297.0,1.0,114,0,0,0,0,0,1,True,False,-130.800048828125,-130.800048828125,-8.175003051757812,20.8465576171875,-2.0,2.0,-24,0,0,0,0,0,0,False
2023,0,position_run,plus_one,operational,False,False,,0.0,,,292.0,6.0,120,0,0,0,0,0,1,False,False,,0.0,,,292.0,6.0,120,0,0,0,0,0,1,False,False,,0.0,,,0.0,0.0,0,0,0,0,0,0,0,False
2023,0,position_run,plus_one,strict,False,False,,0.0,,,292.0,6.0,120,0,0,0,0,0,1,False,False,,0.0,,,292.0,6.0,120,0,0,0,0,0,1,False,False,,0.0,,,0.0,0.0,0,0,0,0,0,0,0,False
2023,0,star_late,clearing,operational,True,False,1856.6400146484375,1856.6400146484375,116.04000091552734,1491.466552734375,285.0,13.0,132,0,0,0,0,0,1,True,False,1956.0400390625,1956.0400390625,122.25250244140625,1499.6287841796875,284.0,14.0,132,0,0,0,0,0,1,True,False,-99.4000244140625,-99.4000244140625,-6.212501525878906,-8.1622314453125,1.0,-1.0,0,0,0,0,0,0,0,False
2023,0,star_late,clearing,strict,True,False,1856.6400146484375,1856.6400146484375,116.04000091552734,1491.466552734375,285.0,13.0,132,0,0,0,0,0,1,True,False,1956.0400390625,1956.0400390625,122.25250244140625,1499.6287841796875,284.0,14.0,132,0,0,0,0,0,1,True,False,-99.4000244140625,-99.4000244140625,-6.212501525878906,-8.1622314453125,1.0,-1.0,0,0,0,0,0,0,0,False
2023,0,star_late,plus_one,operational,True,False,1950.239990234375,1950.239990234375,121.88999938964844,1488.4827880859375,264.0,34.0,132,0,0,0,0,0,1,True,False,1795.239990234375,1795.239990234375,112.20249938964844,1477.4739990234375,283.0,15.0,132,0,0,0,0,0,1,True,False,155.0,155.0,9.6875,11.0087890625,-19.0,19.0,0,0,0,0,0,0,0,True
2023,0,star_late,plus_one,strict,True,False,1950.239990234375,1950.239990234375,121.88999938964844,1488.4827880859375,264.0,34.0,132,0,0,0,0,0,1,True,False,1795.239990234375,1795.239990234375,112.20249938964844,1477.4739990234375,283.0,15.0,132,0,0,0,0,0,1,True,False,155.0,155.0,9.6875,11.0087890625,-19.0,19.0,0,0,0,0,0,0,0,True
2023,0,tier_early,clearing,operational,True,True,1828.93994140625,1828.93994140625,114.30874633789062,1513.798583984375,296.0,2.0,110,0,0,0,0,0,0,True,True,1828.93994140625,1828.93994140625,114.30874633789062,1513.798583984375,296.0,2.0,110,0,0,0,0,0,0,True,True,0.0,0.0,0.0,0.0,0.0,0.0,0,0,0,0,0,0,0,False
2023,0,tier_early,clearing,strict,True,True,1828.93994140625,1828.93994140625,114.30874633789062,1513.798583984375,296.0,2.0,110,0,0,0,0,0,0,True,True,1828.93994140625,1828.93994140625,114.30874633789062,1513.798583984375,296.0,2.0,110,0,0,0,0,0,0,True,True,0.0,0.0,0.0,0.0,0.0,0.0,0,0,0,0,0,0,0,False
2023,0,tier_early,plus_one,operational,True,False,1885.239990234375,1885.239990234375,117.82749938964844,1517.634765625,298.0,0.0,135,1,0,0,0,0,1,True,False,1885.239990234375,1885.239990234375,117.82749938964844,1517.634765625,298.0,0.0,135,1,0,0,0,0,1,True,False,0.0,0.0,0.0,0.0,0.0,0.0,0,0,0,0,0,0,0,False
2023,0,tier_early,plus_one,strict,True,False,1885.239990234375,1885.239990234375,117.82749938964844,1517.634765625,298.0,0.0,135,1,0,0,0,0,1,True,False,1885.239990234375,1885.239990234375,117.82749938964844,1517.634765625,298.0,0.0,135,1,0,0,0,0,1,True,False,0.0,0.0,0.0,0.0,0.0,0.0,0,0,0,0,0,0,0,False
2023,0,uniform,clearing,operational,True,False,1597.3199462890625,1597.3199462890625,99.8324966430664,1516.90185546875,295.0,3.0,48,0,0,0,0,0,1,True,False,1765.02001953125,1765.02001953125,110.31375122070312,1534.5394287109375,291.0,7.0,74,0,0,0,0,0,1,True,False,-167.7000732421875,-167.7000732421875,-10.481254577636719,-17.6375732421875,4.0,-4.0,-26,0,0,0,0,0,0,False
2023,0,uniform,clearing,strict,True,False,1597.3199462890625,1597.3199462890625,99.8324966430664,1516.90185546875,295.0,3.0,48,0,0,0,0,0,1,True,False,1765.02001953125,1765.02001953125,110.31375122070312,1534.5394287109375,291.0,7.0,74,0,0,0,0,0,1,True,False,-167.7000732421875,-167.7000732421875,-10.481254577636719,-17.6375732421875,4.0,-4.0,-26,0,0,0,0,0,0,False
2023,0,uniform,plus_one,operational,True,False,1643.619873046875,1643.619873046875,102.72624206542969,1487.628173828125,298.0,0.0,103,0,0,0,0,0,1,True,False,1643.619873046875,1643.619873046875,102.72624206542969,1487.628173828125,298.0,0.0,103,0,0,0,0,0,1,True,False,0.0,0.0,0.0,0.0,0.0,0.0,0,0,0,0,0,0,0,False
2023,0,uniform,plus_one,strict,True,False,1643.619873046875,1643.619873046875,102.72624206542969,1487.628173828125,298.0,0.0,103,0,0,0,0,0,1,True,False,1643.619873046875,1643.619873046875,102.72624206542969,1487.628173828125,298.0,0.0,103,0,0,0,0,0,1,True,False,0.0,0.0,0.0,0.0,0.0,0.0,0,0,0,0,0,0,0,False
2023,1,position_run,clearing,operational,True,True,1695.02001953125,1695.02001953125,105.93875122070312,1555.6578369140625,298.0,0.0,89,0,0,0,0,0,0,True,True,1660.719970703125,1660.719970703125,103.79499816894531,1553.224609375,293.0,5.0,87,0,0,0,0,0,0,True,True,34.300048828125,34.300048828125,2.1437530517578125,2.4332275390625,5.0,-5.0,2,0,0,0,0,0,0,True
2023,1,position_run,clearing,strict,True,True,1695.02001953125,1695.02001953125,105.93875122070312,1555.6578369140625,298.0,0.0,89,0,0,0,0,0,0,True,True,1660.719970703125,1660.719970703125,103.79499816894531,1553.224609375,293.0,5.0,87,0,0,0,0,0,0,True,True,34.300048828125,34.300048828125,2.1437530517578125,2.4332275390625,5.0,-5.0,2,0,0,0,0,0,0,True
2023,1,position_run,plus_one,operational,True,False,1735.1199951171875,1735.1199951171875,108.44499969482422,1553.434814453125,298.0,0.0,118,0,0,0,0,0,1,True,False,1777.6400146484375,1777.6400146484375,111.10250091552734,1501.33984375,298.0,0.0,103,0,0,0,0,0,1,True,False,-42.52001953125,-42.52001953125,-2.657501220703125,52.094970703125,0.0,0.0,15,0,0,0,0,0,0,False
2023,1,position_run,plus_one,strict,True,False,1735.1199951171875,1735.1199951171875,108.44499969482422,1553.434814453125,298.0,0.0,118,0,0,0,0,0,1,True,False,1777.6400146484375,1777.6400146484375,111.10250091552734,1501.33984375,298.0,0.0,103,0,0,0,0,0,1,True,False,-42.52001953125,-42.52001953125,-2.657501220703125,52.094970703125,0.0,0.0,15,0,0,0,0,0,0,False
2023,1,star_late,clearing,operational,True,False,1746.6400146484375,1746.6400146484375,109.16500091552734,1505.1383056640625,294.0,4.0,119,0,0,0,0,0,1,True,False,1793.0400390625,1793.0400390625,112.06500244140625,1513.1805419921875,291.0,7.0,119,0,0,0,0,0,1,True,False,-46.4000244140625,-46.4000244140625,-2.9000015258789062,-8.042236328125,3.0,-3.0,0,0,0,0,0,0,0,False
2023,1,star_late,clearing,strict,True,False,1746.6400146484375,1746.6400146484375,109.16500091552734,1505.1383056640625,294.0,4.0,119,0,0,0,0,0,1,True,False,1793.0400390625,1793.0400390625,112.06500244140625,1513.1805419921875,291.0,7.0,119,0,0,0,0,0,1,True,False,-46.4000244140625,-46.4000244140625,-2.9000015258789062,-8.042236328125,3.0,-3.0,0,0,0,0,0,0,0,False
2023,1,star_late,plus_one,operational,True,False,1890.1199951171875,1890.1199951171875,118.13249969482422,1464.4798583984375,280.0,18.0,115,0,0,0,0,0,1,True,False,1705.7401123046875,1705.7401123046875,106.60875701904297,1502.982421875,279.0,19.0,115,0,0,0,0,0,1,True,False,184.3798828125,184.3798828125,11.52374267578125,-38.5025634765625,1.0,-1.0,0,0,0,0,0,0,0,True
2023,1,star_late,plus_one,strict,True,False,1890.1199951171875,1890.1199951171875,118.13249969482422,1464.4798583984375,280.0,18.0,115,0,0,0,0,0,1,True,False,1705.7401123046875,1705.7401123046875,106.60875701904297,1502.982421875,279.0,19.0,115,0,0,0,0,0,1,True,False,184.3798828125,184.3798828125,11.52374267578125,-38.5025634765625,1.0,-1.0,0,0,0,0,0,0,0,True
2023,1,tier_early,clearing,operational,True,False,1782.93994140625,1782.93994140625,111.43374633789062,1552.052734375,296.0,2.0,117,0,0,0,0,0,1,True,False,1765.93994140625,1765.93994140625,110.37124633789062,1525.646240234375,297.0,1.0,130,0,0,0,0,0,1,True,False,17.0,17.0,1.0625,26.406494140625,-1.0,1.0,-13,0,0,0,0,0,0,True
2023,1,tier_early,clearing,strict,True,False,1782.93994140625,1782.93994140625,111.43374633789062,1552.052734375,296.0,2.0,117,0,0,0,0,0,1,True,False,1765.93994140625,1765.93994140625,110.37124633789062,1525.646240234375,297.0,1.0,130,0,0,0,0,0,1,True,False,17.0,17.0,1.0625,26.406494140625,-1.0,1.0,-13,0,0,0,0,0,0,True
2023,1,tier_early,plus_one,operational,False,False,,0.0,,,294.0,4.0,112,0,0,0,0,0,0,False,False,,0.0,,,294.0,4.0,112,0,0,0,0,0,0,False,False,,0.0,,,0.0,0.0,0,0,0,0,0,0,0,False
2023,1,tier_early,plus_one,strict,False,False,,0.0,,,294.0,4.0,112,0,0,0,0,0,0,False,False,,0.0,,,294.0,4.0,112,0,0,0,0,0,0,False,False,,0.0,,,0.0,0.0,0,0,0,0,0,0,0,False
2023,1,uniform,clearing,operational,True,False,1698.0,1698.0,106.125,1490.509033203125,289.0,9.0,88,0,0,0,0,0,1,True,False,1617.0,1617.0,101.0625,1481.692626953125,298.0,0.0,96,0,0,0,0,0,1,True,False,81.0,81.0,5.0625,8.81640625,-9.0,9.0,-8,0,0,0,0,0,0,True
2023,1,uniform,clearing,strict,True,False,1698.0,1698.0,106.125,1490.509033203125,289.0,9.0,88,0,0,0,0,0,1,True,False,1617.0,1617.0,101.0625,1481.692626953125,298.0,0.0,96,0,0,0,0,0,1,True,False,81.0,81.0,5.0625,8.81640625,-9.0,9.0,-8,0,0,0,0,0,0,True
2023,1,uniform,plus_one,operational,True,False,1805.239990234375,1805.239990234375,112.82749938964844,1499.95654296875,288.0,10.0,101,0,0,0,0,0,1,True,False,1806.93994140625,1806.93994140625,112.93374633789062,1509.6292724609375,283.0,15.0,98,0,0,0,0,0,1,True,False,-1.699951171875,-1.699951171875,-0.1062469482421875,-9.6727294921875,5.0,-5.0,3,0,0,0,0,0,0,False
2023,1,uniform,plus_one,strict,True,False,1805.239990234375,1805.239990234375,112.82749938964844,1499.95654296875,288.0,10.0,101,0,0,0,0,0,1,True,False,1806.93994140625,1806.93994140625,112.93374633789062,1509.6292724609375,283.0,15.0,98,0,0,0,0,0,1,True,False,-1.699951171875,-1.699951171875,-0.1062469482421875,-9.6727294921875,5.0,-5.0,3,0,0,0,0,0,0,False
2023,2,position_run,clearing,operational,True,True,1657.5400390625,1657.5400390625,103.59625244140625,1600.078369140625,296.0,2.0,81,0,0,0,0,0,0,True,True,1705.93994140625,1705.93994140625,106.62124633789062,1571.3839111328125,298.0,0.0,80,0,0,0,0,0,0,True,True,-48.39990234375,-48.39990234375,-3.024993896484375,28.6944580078125,-2.0,2.0,1,0,0,0,0,0,0,False
2023,2,position_run,clearing,strict,True,True,1657.5400390625,1657.5400390625,103.59625244140625,1600.078369140625,296.0,2.0,81,0,0,0,0,0,0,True,True,1705.93994140625,1705.93994140625,106.62124633789062,1571.3839111328125,298.0,0.0,80,0,0,0,0,0,0,True,True,-48.39990234375,-48.39990234375,-3.024993896484375,28.6944580078125,-2.0,2.0,1,0,0,0,0,0,0,False
2023,2,position_run,plus_one,operational,False,False,,0.0,,,297.0,1.0,135,0,0,0,0,0,1,False,False,,0.0,,,297.0,1.0,135,0,0,0,0,0,1,False,False,,0.0,,,0.0,0.0,0,0,0,0,0,0,0,False
2023,2,position_run,plus_one,strict,False,False,,0.0,,,297.0,1.0,135,0,0,0,0,0,1,False,False,,0.0,,,297.0,1.0,135,0,0,0,0,0,1,False,False,,0.0,,,0.0,0.0,0,0,0,0,0,0,0,False
2023,2,star_late,clearing,operational,False,False,,0.0,,,212.0,86.0,135,0,0,0,0,0,1,True,False,1814.239990234375,1814.239990234375,113.38999938964844,1519.3160400390625,288.0,10.0,129,0,0,0,0,0,1,False,False,,-1814.239990234375,,,-76.0,76.0,6,0,0,0,0,0,0,False
2023,2,star_late,clearing,strict,False,False,,0.0,,,212.0,86.0,135,0,0,0,0,0,1,True,False,1814.239990234375,1814.239990234375,113.38999938964844,1519.3160400390625,288.0,10.0,129,0,0,0,0,0,1,False,False,,-1814.239990234375,,,-76.0,76.0,6,0,0,0,0,0,0,False
2023,2,star_late,plus_one,operational,False,False,,0.0,,,273.0,25.0,135,0,0,0,0,0,1,True,False,1762.6400146484375,1762.6400146484375,110.16500091552734,1490.3736572265625,277.0,21.0,129,0,0,0,0,0,1,False,False,,-1762.6400146484375,,,-4.0,4.0,6,0,0,0,0,0,0,False
2023,2,star_late,plus_one,strict,False,False,,0.0,,,273.0,25.0,135,0,0,0,0,0,1,True,False,1762.6400146484375,1762.6400146484375,110.16500091552734,1490.3736572265625,277.0,21.0,129,0,0,0,0,0,1,False,False,,-1762.6400146484375,,,-4.0,4.0,6,0,0,0,0,0,0,False
2023,2,tier_early,clearing,operational,True,True,1689.820068359375,1689.820068359375,105.61375427246094,1577.3118896484375,297.0,1.0,96,0,0,0,0,0,0,True,True,1689.820068359375,1689.820068359375,105.61375427246094,1577.3118896484375,297.0,1.0,96,0,0,0,0,0,0,True,True,0.0,0.0,0.0,0.0,0.0,0.0,0,0,0,0,0,0,0,False
2023,2,tier_early,clearing,strict,True,True,1689.820068359375,1689.820068359375,105.61375427246094,1577.3118896484375,297.0,1.0,96,0,0,0,0,0,0,True,True,1689.820068359375,1689.820068359375,105.61375427246094,1577.3118896484375,297.0,1.0,96,0,0,0,0,0,0,True,True,0.0,0.0,0.0,0.0,0.0,0.0,0,0,0,0,0,0,0,False
2023,2,tier_early,plus_one,operational,False,False,,0.0,,,295.0,3.0,135,0,0,0,0,0,1,False,False,,0.0,,,295.0,3.0,135,0,0,0,0,0,1,False,False,,0.0,,,0.0,0.0,0,0,0,0,0,0,0,False
2023,2,tier_early,plus_one,strict,False,False,,0.0,,,295.0,3.0,135,0,0,0,0,0,1,False,False,,0.0,,,295.0,3.0,135,0,0,0,0,0,1,False,False,,0.0,,,0.0,0.0,0,0,0,0,0,0,0,False
2023,2,uniform,clearing,operational,True,False,1581.3599853515625,1581.3599853515625,98.83499908447266,1547.5799560546875,298.0,0.0,104,0,0,0,0,0,1,True,False,1581.3599853515625,1581.3599853515625,98.83499908447266,1547.5799560546875,298.0,0.0,104,0,0,0,0,0,1,True,False,0.0,0.0,0.0,0.0,0.0,0.0,0,0,0,0,0,0,0,False
2023,2,uniform,clearing,strict,True,False,1581.3599853515625,1581.3599853515625,98.83499908447266,1547.5799560546875,298.0,0.0,104,0,0,0,0,0,1,True,False,1581.3599853515625,1581.3599853515625,98.83499908447266,1547.5799560546875,298.0,0.0,104,0,0,0,0,0,1,True,False,0.0,0.0,0.0,0.0,0.0,0.0,0,0,0,0,0,0,0,False
2023,2,uniform,plus_one,operational,True,False,1659.659912109375,1659.659912109375,103.72874450683594,1521.522705078125,287.0,11.0,129,0,0,0,0,0,1,True,False,1659.659912109375,1659.659912109375,103.72874450683594,1521.522705078125,287.0,11.0,129,0,0,0,0,0,1,True,False,0.0,0.0,0.0,0.0,0.0,0.0,0,0,0,0,0,0,0,False
2023,2,uniform,plus_one,strict,True,False,1659.659912109375,1659.659912109375,103.72874450683594,1521.522705078125,287.0,11.0,129,0,0,0,0,0,1,True,False,1659.659912109375,1659.659912109375,103.72874450683594,1521.522705078125,287.0,11.0,129,0,0,0,0,0,1,True,False,0.0,0.0,0.0,0.0,0.0,0.0,0,0,0,0,0,0,0,False
2023,3,position_run,clearing,operational,True,False,1751.93994140625,1751.93994140625,109.49624633789062,1572.2410888671875,298.0,0.0,107,0,0,0,0,0,1,True,False,1751.93994140625,1751.93994140625,109.49624633789062,1572.2410888671875,298.0,0.0,107,0,0,0,0,0,1,True,False,0.0,0.0,0.0,0.0,0.0,0.0,0,0,0,0,0,0,0,False
2023,3,position_run,clearing,strict,True,False,1751.93994140625,1751.93994140625,109.49624633789062,1572.2410888671875,298.0,0.0,107,0,0,0,0,0,1,True,False,1751.93994140625,1751.93994140625,109.49624633789062,1572.2410888671875,298.0,0.0,107,0,0,0,0,0,1,True,False,0.0,0.0,0.0,0.0,0.0,0.0,0,0,0,0,0,0,0,False
2023,3,position_run,plus_one,operational,True,False,1683.43994140625,1683.43994140625,105.21499633789062,1510.5350341796875,298.0,0.0,124,0,0,0,0,0,1,True,False,1683.43994140625,1683.43994140625,105.21499633789062,1510.5350341796875,298.0,0.0,124,0,0,0,0,0,1,True,False,0.0,0.0,0.0,0.0,0.0,0.0,0,0,0,0,0,0,0,False
2023,3,position_run,plus_one,strict,True,False,1683.43994140625,1683.43994140625,105.21499633789062,1510.5350341796875,298.0,0.0,124,0,0,0,0,0,1,True,False,1683.43994140625,1683.43994140625,105.21499633789062,1510.5350341796875,298.0,0.0,124,0,0,0,0,0,1,True,False,0.0,0.0,0.0,0.0,0.0,0.0,0,0,0,0,0,0,0,False
2023,3,star_late,clearing,operational,True,False,1907.8199462890625,1907.8199462890625,119.2387466430664,1488.3743896484375,286.0,12.0,125,0,0,0,0,0,1,True,False,1907.8199462890625,1907.8199462890625,119.2387466430664,1488.3743896484375,286.0,12.0,125,0,0,0,0,0,1,True,False,0.0,0.0,0.0,0.0,0.0,0.0,0,0,0,0,0,0,0,False
2023,3,star_late,clearing,strict,True,False,1907.8199462890625,1907.8199462890625,119.2387466430664,1488.3743896484375,286.0,12.0,125,0,0,0,0,0,1,True,False,1907.8199462890625,1907.8199462890625,119.2387466430664,1488.3743896484375,286.0,12.0,125,0,0,0,0,0,1,True,False,0.0,0.0,0.0,0.0,0.0,0.0,0,0,0,0,0,0,0,False
2023,3,star_late,plus_one,operational,True,False,1850.4200439453125,1850.4200439453125,115.65125274658203,1518.802978515625,282.0,16.0,125,0,0,0,0,0,1,True,False,1850.4200439453125,1850.4200439453125,115.65125274658203,1518.802978515625,282.0,16.0,125,0,0,0,0,0,1,True,False,0.0,0.0,0.0,0.0,0.0,0.0,0,0,0,0,0,0,0,False
2023,3,star_late,plus_one,strict,True,False,1850.4200439453125,1850.4200439453125,115.65125274658203,1518.802978515625,282.0,16.0,125,0,0,0,0,0,1,True,False,1850.4200439453125,1850.4200439453125,115.65125274658203,1518.802978515625,282.0,16.0,125,0,0,0,0,0,1,True,False,0.0,0.0,0.0,0.0,0.0,0.0,0,0,0,0,0,0,0,False
2023,3,tier_early,clearing,operational,True,False,1900.739990234375,1900.739990234375,118.79624938964844,1553.8961181640625,296.0,2.0,135,1,0,0,0,0,1,True,False,1900.739990234375,1900.739990234375,118.79624938964844,1553.8961181640625,296.0,2.0,135,1,0,0,0,0,1,True,False,0.0,0.0,0.0,0.0,0.0,0.0,0,0,0,0,0,0,0,False
2023,3,tier_early,clearing,strict,True,False,1900.739990234375,1900.739990234375,118.79624938964844,1553.8961181640625,296.0,2.0,135,1,0,0,0,0,1,True,False,1900.739990234375,1900.739990234375,118.79624938964844,1553.8961181640625,296.0,2.0,135,1,0,0,0,0,1,True,False,0.0,0.0,0.0,0.0,0.0,0.0,0,0,0,0,0,0,0,False
2023,3,tier_early,plus_one,operational,True,False,1889.840087890625,1889.840087890625,118.11500549316406,1551.94189453125,298.0,0.0,135,1,0,0,0,0,1,True,False,1889.840087890625,1889.840087890625,118.11500549316406,1551.94189453125,298.0,0.0,135,1,0,0,0,0,1,True,False,0.0,0.0,0.0,0.0,0.0,0.0,0,0,0,0,0,0,0,False
2023,3,tier_early,plus_one,strict,True,False,1889.840087890625,1889.840087890625,118.11500549316406,1551.94189453125,298.0,0.0,135,1,0,0,0,0,1,True,False,1889.840087890625,1889.840087890625,118.11500549316406,1551.94189453125,298.0,0.0,135,1,0,0,0,0,1,True,False,0.0,0.0,0.0,0.0,0.0,0.0,0,0,0,0,0,0,0,False
2023,3,uniform,clearing,operational,True,False,1788.93994140625,1788.93994140625,111.80874633789062,1532.2991943359375,285.0,13.0,125,0,0,0,0,0,1,True,False,1788.93994140625,1788.93994140625,111.80874633789062,1532.2991943359375,285.0,13.0,125,0,0,0,0,0,1,True,False,0.0,0.0,0.0,0.0,0.0,0.0,0,0,0,0,0,0,0,False
2023,3,uniform,clearing,strict,True,False,1788.93994140625,1788.93994140625,111.80874633789062,1532.2991943359375,285.0,13.0,125,0,0,0,0,0,1,True,False,1788.93994140625,1788.93994140625,111.80874633789062,1532.2991943359375,285.0,13.0,125,0,0,0,0,0,1,True,False,0.0,0.0,0.0,0.0,0.0,0.0,0,0,0,0,0,0,0,False
2023,3,uniform,plus_one,operational,True,False,1796.139892578125,1796.139892578125,112.25874328613281,1533.33984375,290.0,8.0,120,0,0,0,0,0,1,True,False,1796.139892578125,1796.139892578125,112.25874328613281,1533.33984375,290.0,8.0,120,0,0,0,0,0,1,True,False,0.0,0.0,0.0,0.0,0.0,0.0,0,0,0,0,0,0,0,False
2023,3,uniform,plus_one,strict,True,False,1796.139892578125,1796.139892578125,112.25874328613281,1533.33984375,290.0,8.0,120,0,0,0,0,0,1,True,False,1796.139892578125,1796.139892578125,112.25874328613281,1533.33984375,290.0,8.0,120,0,0,0,0,0,1,True,False,0.0,0.0,0.0,0.0,0.0,0.0,0,0,0,0,0,0,0,False
2023,4,position_run,clearing,operational,True,False,1690.02001953125,1690.02001953125,105.62625122070312,1550.2569580078125,284.0,14.0,85,0,0,0,0,0,1,True,False,1656.260009765625,1656.260009765625,103.51625061035156,1559.099609375,295.0,3.0,76,0,0,0,0,0,1,True,False,33.760009765625,33.760009765625,2.1100006103515625,-8.8426513671875,-11.0,11.0,9,0,0,0,0,0,0,True
2023,4,position_run,clearing,strict,True,False,1690.02001953125,1690.02001953125,105.62625122070312,1550.2569580078125,284.0,14.0,85,0,0,0,0,0,1,True,False,1656.260009765625,1656.260009765625,103.51625061035156,1559.099609375,295.0,3.0,76,0,0,0,0,0,1,True,False,33.760009765625,33.760009765625,2.1100006103515625,-8.8426513671875,-11.0,11.0,9,0,0,0,0,0,0,True
2023,4,position_run,plus_one,operational,True,False,1687.639892578125,1687.639892578125,105.47749328613281,1532.529052734375,294.0,4.0,85,0,0,0,0,0,1,True,False,1655.719970703125,1655.719970703125,103.48249816894531,1540.7864990234375,291.0,7.0,89,0,0,0,0,0,1,True,False,31.919921875,31.919921875,1.9949951171875,-8.2574462890625,3.0,-3.0,-4,0,0,0,0,0,0,True
2023,4,position_run,plus_one,strict,True,False,1687.639892578125,1687.639892578125,105.47749328613281,1532.529052734375,294.0,4.0,85,0,0,0,0,0,1,True,False,1655.719970703125,1655.719970703125,103.48249816894531,1540.7864990234375,291.0,7.0,89,0,0,0,0,0,1,True,False,31.919921875,31.919921875,1.9949951171875,-8.2574462890625,3.0,-3.0,-4,0,0,0,0,0,0,True
2023,4,star_late,clearing,operational,True,False,1827.840087890625,1827.840087890625,114.24000549316406,1528.3438720703125,284.0,14.0,131,0,0,0,0,0,1,True,False,1768.840087890625,1768.840087890625,110.55250549316406,1519.921875,295.0,3.0,131,0,0,0,0,0,1,True,False,59.0,59.0,3.6875,8.4219970703125,-11.0,11.0,0,0,0,0,0,0,0,True
2023,4,star_late,clearing,strict,True,False,1827.840087890625,1827.840087890625,114.24000549316406,1528.3438720703125,284.0,14.0,131,0,0,0,0,0,1,True,False,1768.840087890625,1768.840087890625,110.55250549316406,1519.921875,295.0,3.0,131,0,0,0,0,0,1,True,False,59.0,59.0,3.6875,8.4219970703125,-11.0,11.0,0,0,0,0,0,0,0,True
2023,4,star_late,plus_one,operational,True,False,1910.239990234375,1910.239990234375,119.38999938964844,1469.234619140625,295.0,3.0,130,0,0,0,0,0,1,False,False,,0.0,,,234.0,64.0,135,0,0,0,0,0,1,False,False,,1910.239990234375,,,61.0,-61.0,-5,0,0,0,0,0,0,False
2023,4,star_late,plus_one,strict,True,False,1910.239990234375,1910.239990234375,119.38999938964844,1469.234619140625,295.0,3.0,130,0,0,0,0,0,1,False,False,,0.0,,,234.0,64.0,135,0,0,0,0,0,1,False,False,,1910.239990234375,,,61.0,-61.0,-5,0,0,0,0,0,0,False
2023,4,tier_early,clearing,operational,True,True,1694.239990234375,1694.239990234375,105.88999938964844,1524.394287109375,296.0,2.0,134,0,0,0,0,0,0,False,False,,0.0,,,294.0,4.0,135,0,0,0,0,0,1,False,False,,1694.239990234375,,,2.0,-2.0,-1,0,0,0,0,0,-1,False
2023,4,tier_early,clearing,strict,True,True,1694.239990234375,1694.239990234375,105.88999938964844,1524.394287109375,296.0,2.0,134,0,0,0,0,0,0,False,False,,0.0,,,294.0,4.0,135,0,0,0,0,0,1,False,False,,1694.239990234375,,,2.0,-2.0,-1,0,0,0,0,0,-1,False
2023,4,tier_early,plus_one,operational,True,True,1599.340087890625,1599.340087890625,99.95875549316406,1527.551025390625,298.0,0.0,134,0,0,0,0,0,0,True,True,1664.840087890625,1664.840087890625,104.05250549316406,1545.752685546875,298.0,0.0,129,0,0,0,0,0,0,True,True,-65.5,-65.5,-4.09375,-18.20166015625,0.0,0.0,5,0,0,0,0,0,0,False
2023,4,tier_early,plus_one,strict,True,True,1599.340087890625,1599.340087890625,99.95875549316406,1527.551025390625,298.0,0.0,134,0,0,0,0,0,0,True,True,1664.840087890625,1664.840087890625,104.05250549316406,1545.752685546875,298.0,0.0,129,0,0,0,0,0,0,True,True,-65.5,-65.5,-4.09375,-18.20166015625,0.0,0.0,5,0,0,0,0,0,0,False
2023,4,uniform,clearing,operational,True,False,1843.340087890625,1843.340087890625,115.20875549316406,1519.278076171875,283.0,15.0,110,0,0,0,0,0,1,True,False,1753.739990234375,1753.739990234375,109.60874938964844,1532.0531005859375,295.0,3.0,101,0,0,0,0,0,1,True,False,89.60009765625,89.60009765625,5.600006103515625,-12.7750244140625,-12.0,12.0,9,0,0,0,0,0,0,True
2023,4,uniform,clearing,strict,True,False,1843.340087890625,1843.340087890625,115.20875549316406,1519.278076171875,283.0,15.0,110,0,0,0,0,0,1,True,False,1753.739990234375,1753.739990234375,109.60874938964844,1532.0531005859375,295.0,3.0,101,0,0,0,0,0,1,True,False,89.60009765625,89.60009765625,5.600006103515625,-12.7750244140625,-12.0,12.0,9,0,0,0,0,0,0,True
2023,4,uniform,plus_one,operational,True,False,1712.239990234375,1712.239990234375,107.01499938964844,1513.9879150390625,286.0,12.0,103,0,0,0,0,0,1,True,False,1858.8399658203125,1858.8399658203125,116.17749786376953,1495.358642578125,275.0,23.0,124,0,0,0,0,0,1,True,False,-146.5999755859375,-146.5999755859375,-9.162498474121094,18.6292724609375,11.0,-11.0,-21,0,0,0,0,0,0,False
2023,4,uniform,plus_one,strict,True,False,1712.239990234375,1712.239990234375,107.01499938964844,1513.9879150390625,286.0,12.0,103,0,0,0,0,0,1,True,False,1858.8399658203125,1858.8399658203125,116.17749786376953,1495.358642578125,275.0,23.0,124,0,0,0,0,0,1,True,False,-146.5999755859375,-146.5999755859375,-9.162498474121094,18.6292724609375,11.0,-11.0,-21,0,0,0,0,0,0,False
2023,5,position_run,clearing,operational,True,False,1596.340087890625,1596.340087890625,99.77125549316406,1558.0675048828125,296.0,2.0,134,0,0,0,0,0,1,True,False,1596.340087890625,1596.340087890625,99.77125549316406,1558.0675048828125,296.0,2.0,134,0,0,0,0,0,1,True,False,0.0,0.0,0.0,0.0,0.0,0.0,0,0,0,0,0,0,0,False
2023,5,position_run,clearing,strict,True,False,1596.340087890625,1596.340087890625,99.77125549316406,1558.0675048828125,296.0,2.0,134,0,0,0,0,0,1,True,False,1596.340087890625,1596.340087890625,99.77125549316406,1558.0675048828125,296.0,2.0,134,0,0,0,0,0,1,True,False,0.0,0.0,0.0,0.0,0.0,0.0,0,0,0,0,0,0,0,False
2023,5,position_run,plus_one,operational,True,False,1632.340087890625,1632.340087890625,102.02125549316406,1527.7623291015625,298.0,0.0,124,0,0,0,0,0,1,True,False,1632.340087890625,1632.340087890625,102.02125549316406,1527.7623291015625,298.0,0.0,124,0,0,0,0,0,1,True,False,0.0,0.0,0.0,0.0,0.0,0.0,0,0,0,0,0,0,0,False
2023,5,position_run,plus_one,strict,True,False,1632.340087890625,1632.340087890625,102.02125549316406,1527.7623291015625,298.0,0.0,124,0,0,0,0,0,1,True,False,1632.340087890625,1632.340087890625,102.02125549316406,1527.7623291015625,298.0,0.0,124,0,0,0,0,0,1,True,False,0.0,0.0,0.0,0.0,0.0,0.0,0,0,0,0,0,0,0,False
2023,5,star_late,clearing,operational,True,False,1799.4400634765625,1799.4400634765625,112.46500396728516,1530.260009765625,289.0,9.0,130,0,0,0,0,0,1,True,False,1799.4400634765625,1799.4400634765625,112.46500396728516,1530.260009765625,289.0,9.0,130,0,0,0,0,0,1,True,False,0.0,0.0,0.0,0.0,0.0,0.0,0,0,0,0,0,0,0,False
2023,5,star_late,clearing,strict,True,False,1799.4400634765625,1799.4400634765625,112.46500396728516,1530.260009765625,289.0,9.0,130,0,0,0,0,0,1,True,False,1799.4400634765625,1799.4400634765625,112.46500396728516,1530.260009765625,289.0,9.0,130,0,0,0,0,0,1,True,False,0.0,0.0,0.0,0.0,0.0,0.0,0,0,0,0,0,0,0,False
2023,5,star_late,plus_one,operational,True,False,1833.239990234375,1833.239990234375,114.57749938964844,1521.2789306640625,291.0,7.0,130,0,0,0,0,0,1,False,False,,0.0,,,278.0,20.0,135,0,0,0,0,0,1,False,False,,1833.239990234375,,,13.0,-13.0,-5,0,0,0,0,0,0,False
2023,5,star_late,plus_one,strict,True,False,1833.239990234375,1833.239990234375,114.57749938964844,1521.2789306640625,291.0,7.0,130,0,0,0,0,0,1,False,False,,0.0,,,278.0,20.0,135,0,0,0,0,0,1,False,False,,1833.239990234375,,,13.0,-13.0,-5,0,0,0,0,0,0,False
2023,5,tier_early,clearing,operational,True,False,1842.5400390625,1842.5400390625,115.15875244140625,1572.881103515625,297.0,1.0,127,0,0,0,0,0,1,True,False,1842.5400390625,1842.5400390625,115.15875244140625,1572.881103515625,297.0,1.0,127,0,0,0,0,0,1,True,False,0.0,0.0,0.0,0.0,0.0,0.0,0,0,0,0,0,0,0,False
2023,5,tier_early,clearing,strict,True,False,1842.5400390625,1842.5400390625,115.15875244140625,1572.881103515625,297.0,1.0,127,0,0,0,0,0,1,True,False,1842.5400390625,1842.5400390625,115.15875244140625,1572.881103515625,297.0,1.0,127,0,0,0,0,0,1,True,False,0.0,0.0,0.0,0.0,0.0,0.0,0,0,0,0,0,0,0,False
2023,5,tier_early,plus_one,operational,True,False,1866.739990234375,1866.739990234375,116.67124938964844,1551.939453125,298.0,0.0,127,0,0,0,0,0,1,True,False,1866.739990234375,1866.739990234375,116.67124938964844,1551.939453125,298.0,0.0,127,0,0,0,0,0,1,True,False,0.0,0.0,0.0,0.0,0.0,0.0,0,0,0,0,0,0,0,False
2023,5,tier_early,plus_one,strict,True,False,1866.739990234375,1866.739990234375,116.67124938964844,1551.939453125,298.0,0.0,127,0,0,0,0,0,1,True,False,1866.739990234375,1866.739990234375,116.67124938964844,1551.939453125,298.0,0.0,127,0,0,0,0,0,1,True,False,0.0,0.0,0.0,0.0,0.0,0.0,0,0,0,0,0,0,0,False
2023,5,uniform,clearing,operational,True,False,1788.93994140625,1788.93994140625,111.80874633789062,1562.002197265625,289.0,9.0,124,0,0,0,0,0,1,True,False,1788.93994140625,1788.93994140625,111.80874633789062,1562.002197265625,289.0,9.0,124,0,0,0,0,0,1,True,False,0.0,0.0,0.0,0.0,0.0,0.0,0,0,0,0,0,0,0,False
2023,5,uniform,clearing,strict,True,False,1788.93994140625,1788.93994140625,111.80874633789062,1562.002197265625,289.0,9.0,124,0,0,0,0,0,1,True,False,1788.93994140625,1788.93994140625,111.80874633789062,1562.002197265625,289.0,9.0,124,0,0,0,0,0,1,True,False,0.0,0.0,0.0,0.0,0.0,0.0,0,0,0,0,0,0,0,False
2023,5,uniform,plus_one,operational,True,False,1917.1400146484375,1917.1400146484375,119.82125091552734,1530.447265625,294.0,4.0,124,0,0,0,0,0,1,True,False,1917.1400146484375,1917.1400146484375,119.82125091552734,1530.447265625,294.0,4.0,124,0,0,0,0,0,1,True,False,0.0,0.0,0.0,0.0,0.0,0.0,0,0,0,0,0,0,0,False
2023,5,uniform,plus_one,strict,True,False,1917.1400146484375,1917.1400146484375,119.82125091552734,1530.447265625,294.0,4.0,124,0,0,0,0,0,1,True,False,1917.1400146484375,1917.1400146484375,119.82125091552734,1530.447265625,294.0,4.0,124,0,0,0,0,0,1,True,False,0.0,0.0,0.0,0.0,0.0,0.0,0,0,0,0,0,0,0,False
2023,6,position_run,clearing,operational,True,True,1736.239990234375,1736.239990234375,108.51499938964844,1479.657470703125,297.0,1.0,70,0,0,0,0,0,0,True,True,1874.219970703125,1874.219970703125,117.13874816894531,1534.7880859375,298.0,0.0,91,0,0,0,0,0,0,True,True,-137.97998046875,-137.97998046875,-8.623748779296875,-55.130615234375,-1.0,1.0,-21,0,0,0,0,0,0,False
2023,6,position_run,clearing,strict,True,True,1736.239990234375,1736.239990234375,108.51499938964844,1479.657470703125,297.0,1.0,70,0,0,0,0,0,0,True,True,1874.219970703125,1874.219970703125,117.13874816894531,1534.7880859375,298.0,0.0,91,0,0,0,0,0,0,True,True,-137.97998046875,-137.97998046875,-8.623748779296875,-55.130615234375,-1.0,1.0,-21,0,0,0,0,0,0,False
2023,6,position_run,plus_one,operational,True,True,1822.739990234375,1822.739990234375,113.92124938964844,1533.727783203125,297.0,1.0,92,0,0,0,0,0,0,False,False,,0.0,,,297.0,1.0,135,0,0,0,0,0,1,False,False,,1822.739990234375,,,0.0,0.0,-43,0,0,0,0,0,-1,False
2023,6,position_run,plus_one,strict,True,True,1822.739990234375,1822.739990234375,113.92124938964844,1533.727783203125,297.0,1.0,92,0,0,0,0,0,0,False,False,,0.0,,,297.0,1.0,135,0,0,0,0,0,1,False,False,,1822.739990234375,,,0.0,0.0,-43,0,0,0,0,0,-1,False
2023,6,star_late,clearing,operational,True,False,1859.93994140625,1859.93994140625,116.24624633789062,1466.7860107421875,276.0,22.0,135,1,0,0,0,0,1,True,False,1656.219970703125,1656.219970703125,103.51374816894531,1495.3402099609375,278.0,20.0,118,0,0,0,0,0,1,True,False,203.719970703125,203.719970703125,12.732498168945312,-28.55419921875,-2.0,2.0,17,1,0,0,0,0,0,True
2023,6,star_late,clearing,strict,True,False,1859.93994140625,1859.93994140625,116.24624633789062,1466.7860107421875,276.0,22.0,135,1,0,0,0,0,1,True,False,1656.219970703125,1656.219970703125,103.51374816894531,1495.3402099609375,278.0,20.0,118,0,0,0,0,0,1,True,False,203.719970703125,203.719970703125,12.732498168945312,-28.55419921875,-2.0,2.0,17,1,0,0,0,0,0,True
2023,6,star_late,plus_one,operational,True,False,1818.5399169921875,1818.5399169921875,113.65874481201172,1509.87451171875,291.0,7.0,135,1,0,0,0,0,1,True,False,1564.0400390625,1564.0400390625,97.75250244140625,1439.204345703125,244.0,54.0,132,0,0,0,0,0,1,True,False,254.4998779296875,254.4998779296875,15.906242370605469,70.670166015625,47.0,-47.0,3,1,0,0,0,0,0,True
2023,6,star_late,plus_one,strict,True,False,1818.5399169921875,1818.5399169921875,113.65874481201172,1509.87451171875,291.0,7.0,135,1,0,0,0,0,1,True,False,1564.0400390625,1564.0400390625,97.75250244140625,1439.204345703125,244.0,54.0,132,0,0,0,0,0,1,True,False,254.4998779296875,254.4998779296875,15.906242370605469,70.670166015625,47.0,-47.0,3,1,0,0,0,0,0,True
2023,6,tier_early,clearing,operational,True,False,1521.0599365234375,1521.0599365234375,95.06624603271484,1511.3118896484375,296.0,2.0,132,0,0,0,0,0,1,True,True,1839.93994140625,1839.93994140625,114.99624633789062,1574.411865234375,298.0,0.0,98,0,0,0,0,0,0,True,False,-318.8800048828125,-318.8800048828125,-19.93000030517578,-63.0999755859375,-2.0,2.0,34,0,0,0,0,0,1,False
2023,6,tier_early,clearing,strict,True,False,1521.0599365234375,1521.0599365234375,95.06624603271484,1511.3118896484375,296.0,2.0,132,0,0,0,0,0,1,True,True,1839.93994140625,1839.93994140625,114.99624633789062,1574.411865234375,298.0,0.0,98,0,0,0,0,0,0,True,False,-318.8800048828125,-318.8800048828125,-19.93000030517578,-63.0999755859375,-2.0,2.0,34,0,0,0,0,0,1,False
2023,6,tier_early,plus_one,operational,True,True,1677.0400390625,1677.0400390625,104.81500244140625,1504.8336181640625,294.0,4.0,120,0,0,0,0,0,0,False,False,,0.0,,,296.0,2.0,135,1,0,0,0,0,1,False,False,,1677.0400390625,,,-2.0,2.0,-15,-1,0,0,0,0,-1,False
2023,6,tier_early,plus_one,strict,True,True,1677.0400390625,1677.0400390625,104.81500244140625,1504.8336181640625,294.0,4.0,120,0,0,0,0,0,0,False,False,,0.0,,,296.0,2.0,135,1,0,0,0,0,1,False,False,,1677.0400390625,,,-2.0,2.0,-15,-1,0,0,0,0,-1,False
2023,6,uniform,clearing,operational,True,False,1842.340087890625,1842.340087890625,115.14625549316406,1528.8203125,291.0,7.0,129,0,0,0,0,0,1,True,False,1872.239990234375,1872.239990234375,117.01499938964844,1527.0791015625,289.0,9.0,129,0,0,0,0,0,1,True,False,-29.89990234375,-29.89990234375,-1.868743896484375,1.7412109375,2.0,-2.0,0,0,0,0,0,0,0,False
2023,6,uniform,clearing,strict,True,False,1842.340087890625,1842.340087890625,115.14625549316406,1528.8203125,291.0,7.0,129,0,0,0,0,0,1,True,False,1872.239990234375,1872.239990234375,117.01499938964844,1527.0791015625,289.0,9.0,129,0,0,0,0,0,1,True,False,-29.89990234375,-29.89990234375,-1.868743896484375,1.7412109375,2.0,-2.0,0,0,0,0,0,0,0,False
2023,6,uniform,plus_one,operational,True,False,1649.0399169921875,1649.0399169921875,103.06499481201172,1502.322509765625,293.0,5.0,126,0,0,0,0,0,1,True,False,1823.5400390625,1823.5400390625,113.97125244140625,1514.86474609375,289.0,9.0,135,1,0,0,0,0,1,True,False,-174.5001220703125,-174.5001220703125,-10.906257629394531,-12.542236328125,4.0,-4.0,-9,-1,0,0,0,0,0,False
2023,6,uniform,plus_one,strict,True,False,1649.0399169921875,1649.0399169921875,103.06499481201172,1502.322509765625,293.0,5.0,126,0,0,0,0,0,1,True,False,1823.5400390625,1823.5400390625,113.97125244140625,1514.86474609375,289.0,9.0,135,1,0,0,0,0,1,True,False,-174.5001220703125,-174.5001220703125,-10.906257629394531,-12.542236328125,4.0,-4.0,-9,-1,0,0,0,0,0,False
2023,7,position_run,clearing,operational,True,True,1662.4599609375,1662.4599609375,103.90374755859375,1508.071044921875,297.0,1.0,83,0,0,0,0,0,0,True,True,1639.419921875,1639.419921875,102.4637451171875,1516.502685546875,297.0,1.0,100,0,0,0,0,0,0,True,True,23.0400390625,23.0400390625,1.44000244140625,-8.431640625,0.0,0.0,-17,0,0,0,0,0,0,True
2023,7,position_run,clearing,strict,True,True,1662.4599609375,1662.4599609375,103.90374755859375,1508.071044921875,297.0,1.0,83,0,0,0,0,0,0,True,True,1639.419921875,1639.419921875,102.4637451171875,1516.502685546875,297.0,1.0,100,0,0,0,0,0,0,True,True,23.0400390625,23.0400390625,1.44000244140625,-8.431640625,0.0,0.0,-17,0,0,0,0,0,0,True
2023,7,position_run,plus_one,operational,False,False,,0.0,,,295.0,3.0,134,0,0,0,0,0,1,False,False,,0.0,,,294.0,4.0,125,0,0,0,0,0,1,False,False,,0.0,,,1.0,-1.0,9,0,0,0,0,0,0,False
2023,7,position_run,plus_one,strict,False,False,,0.0,,,295.0,3.0,134,0,0,0,0,0,1,False,False,,0.0,,,294.0,4.0,125,0,0,0,0,0,1,False,False,,0.0,,,1.0,-1.0,9,0,0,0,0,0,0,False
2023,7,star_late,clearing,operational,False,False,,0.0,,,276.0,22.0,134,0,0,0,0,0,1,False,False,,0.0,,,288.0,10.0,134,0,0,0,0,0,1,False,False,,0.0,,,-12.0,12.0,0,0,0,0,0,0,0,False
2023,7,star_late,clearing,strict,False,False,,0.0,,,276.0,22.0,134,0,0,0,0,0,1,False,False,,0.0,,,288.0,10.0,134,0,0,0,0,0,1,False,False,,0.0,,,-12.0,12.0,0,0,0,0,0,0,0,False
2023,7,star_late,plus_one,operational,True,False,1804.739990234375,1804.739990234375,112.79624938964844,1492.3277587890625,292.0,6.0,126,0,0,0,0,0,1,True,False,1656.340087890625,1656.340087890625,103.52125549316406,1501.12744140625,287.0,11.0,113,0,0,0,0,0,1,True,False,148.39990234375,148.39990234375,9.274993896484375,-8.7996826171875,5.0,-5.0,13,0,0,0,0,0,0,True
2023,7,star_late,plus_one,strict,True,False,1804.739990234375,1804.739990234375,112.79624938964844,1492.3277587890625,292.0,6.0,126,0,0,0,0,0,1,True,False,1656.340087890625,1656.340087890625,103.52125549316406,1501.12744140625,287.0,11.0,113,0,0,0,0,0,1,True,False,148.39990234375,148.39990234375,9.274993896484375,-8.7996826171875,5.0,-5.0,13,0,0,0,0,0,0,True
2023,7,tier_early,clearing,operational,False,False,,0.0,,,296.0,2.0,134,0,0,0,0,0,1,True,False,1786.739990234375,1786.739990234375,111.67124938964844,1558.2872314453125,297.0,1.0,125,0,0,0,0,0,1,False,False,,-1786.739990234375,,,-1.0,1.0,9,0,0,0,0,0,0,False
2023,7,tier_early,clearing,strict,False,False,,0.0,,,296.0,2.0,134,0,0,0,0,0,1,True,False,1786.739990234375,1786.739990234375,111.67124938964844,1558.2872314453125,297.0,1.0,125,0,0,0,0,0,1,False,False,,-1786.739990234375,,,-1.0,1.0,9,0,0,0,0,0,0,False
2023,7,tier_early,plus_one,operational,False,False,,0.0,,,291.0,7.0,129,0,0,0,0,0,1,False,False,,0.0,,,295.0,3.0,134,0,0,0,0,0,1,False,False,,0.0,,,-4.0,4.0,-5,0,0,0,0,0,0,False
2023,7,tier_early,plus_one,strict,False,False,,0.0,,,291.0,7.0,129,0,0,0,0,0,1,False,False,,0.0,,,295.0,3.0,134,0,0,0,0,0,1,False,False,,0.0,,,-4.0,4.0,-5,0,0,0,0,0,0,False
2023,7,uniform,clearing,operational,True,False,1629.43994140625,1629.43994140625,101.83999633789062,1523.166259765625,297.0,1.0,113,0,0,0,0,0,1,True,False,1635.340087890625,1635.340087890625,102.20875549316406,1480.7786865234375,263.0,35.0,119,0,0,0,0,0,1,True,False,-5.900146484375,-5.900146484375,-0.3687591552734375,42.3875732421875,34.0,-34.0,-6,0,0,0,0,0,0,False
2023,7,uniform,clearing,strict,True,False,1629.43994140625,1629.43994140625,101.83999633789062,1523.166259765625,297.0,1.0,113,0,0,0,0,0,1,True,False,1635.340087890625,1635.340087890625,102.20875549316406,1480.7786865234375,263.0,35.0,119,0,0,0,0,0,1,True,False,-5.900146484375,-5.900146484375,-0.3687591552734375,42.3875732421875,34.0,-34.0,-6,0,0,0,0,0,0,False
2023,7,uniform,plus_one,operational,True,False,1650.739990234375,1650.739990234375,103.17124938964844,1503.6650390625,292.0,6.0,113,0,0,0,0,0,1,True,False,1686.739990234375,1686.739990234375,105.42124938964844,1534.895263671875,289.0,9.0,119,0,0,0,0,0,1,True,False,-36.0,-36.0,-2.25,-31.230224609375,3.0,-3.0,-6,0,0,0,0,0,0,False
2023,7,uniform,plus_one,strict,True,False,1650.739990234375,1650.739990234375,103.17124938964844,1503.6650390625,292.0,6.0,113,0,0,0,0,0,1,True,False,1686.739990234375,1686.739990234375,105.42124938964844,1534.895263671875,289.0,9.0,119,0,0,0,0,0,1,True,False,-36.0,-36.0,-2.25,-31.230224609375,3.0,-3.0,-6,0,0,0,0,0,0,False
2024,0,position_run,clearing,operational,True,False,1621.219970703125,1621.219970703125,101.32624816894531,1667.9556884765625,298.0,0.0,117,0,0,0,0,0,1,True,False,1621.219970703125,1621.219970703125,101.32624816894531,1667.9556884765625,298.0,0.0,117,0,0,0,0,0,1,True,False,0.0,0.0,0.0,0.0,0.0,0.0,0,0,0,0,0,0,0,False
2024,0,position_run,clearing,strict,True,False,1621.219970703125,1621.219970703125,101.32624816894531,1667.9556884765625,298.0,0.0,117,0,0,0,0,0,1,True,False,1621.219970703125,1621.219970703125,101.32624816894531,1667.9556884765625,298.0,0.0,117,0,0,0,0,0,1,True,False,0.0,0.0,0.0,0.0,0.0,0.0,0,0,0,0,0,0,0,False
2024,0,position_run,plus_one,operational,False,False,,0.0,,,295.0,3.0,136,0,0,0,0,0,1,False,False,,0.0,,,297.0,1.0,138,0,0,0,0,0,1,False,False,,0.0,,,-2.0,2.0,-2,0,0,0,0,0,0,False
2024,0,position_run,plus_one,strict,False,False,,0.0,,,295.0,3.0,136,0,0,0,0,0,1,False,False,,0.0,,,297.0,1.0,138,0,0,0,0,0,1,False,False,,0.0,,,-2.0,2.0,-2,0,0,0,0,0,0,False
2024,0,star_late,clearing,operational,True,False,1678.0400390625,1678.0400390625,104.87750244140625,1648.669189453125,290.0,8.0,114,0,0,0,0,0,1,True,False,1660.9200439453125,1660.9200439453125,103.80750274658203,1647.4320068359375,297.0,1.0,117,0,0,0,0,0,1,True,False,17.1199951171875,17.1199951171875,1.0699996948242188,1.2371826171875,-7.0,7.0,-3,0,0,0,0,0,0,True
2024,0,star_late,clearing,strict,True,False,1678.0400390625,1678.0400390625,104.87750244140625,1648.669189453125,290.0,8.0,114,0,0,0,0,0,1,True,False,1660.9200439453125,1660.9200439453125,103.80750274658203,1647.4320068359375,297.0,1.0,117,0,0,0,0,0,1,True,False,17.1199951171875,17.1199951171875,1.0699996948242188,1.2371826171875,-7.0,7.0,-3,0,0,0,0,0,0,True
2024,0,star_late,plus_one,operational,True,False,1672.340087890625,1672.340087890625,104.52125549316406,1605.9227294921875,283.0,15.0,133,0,0,0,0,0,1,True,False,1535.93994140625,1535.93994140625,95.99624633789062,1634.405029296875,269.0,29.0,118,0,0,0,0,0,1,True,False,136.400146484375,136.400146484375,8.525009155273438,-28.4822998046875,14.0,-14.0,15,0,0,0,0,0,0,True
2024,0,star_late,plus_one,strict,True,False,1672.340087890625,1672.340087890625,104.52125549316406,1605.9227294921875,283.0,15.0,133,0,0,0,0,0,1,True,False,1535.93994140625,1535.93994140625,95.99624633789062,1634.405029296875,269.0,29.0,118,0,0,0,0,0,1,True,False,136.400146484375,136.400146484375,8.525009155273438,-28.4822998046875,14.0,-14.0,15,0,0,0,0,0,0,True
2024,0,tier_early,clearing,operational,True,True,1701.6199951171875,1701.6199951171875,106.35124969482422,1712.512451171875,296.0,2.0,107,0,0,0,0,0,0,True,True,1701.6199951171875,1701.6199951171875,106.35124969482422,1712.512451171875,296.0,2.0,107,0,0,0,0,0,0,True,True,0.0,0.0,0.0,0.0,0.0,0.0,0,0,0,0,0,0,0,False
2024,0,tier_early,clearing,strict,True,True,1701.6199951171875,1701.6199951171875,106.35124969482422,1712.512451171875,296.0,2.0,107,0,0,0,0,0,0,True,True,1701.6199951171875,1701.6199951171875,106.35124969482422,1712.512451171875,296.0,2.0,107,0,0,0,0,0,0,True,True,0.0,0.0,0.0,0.0,0.0,0.0,0,0,0,0,0,0,0,False
2024,0,tier_early,plus_one,operational,False,False,,0.0,,,296.0,2.0,137,0,0,0,0,0,1,True,False,1677.320068359375,1677.320068359375,104.83250427246094,1664.744140625,292.0,6.0,121,0,0,0,0,0,1,False,False,,-1677.320068359375,,,4.0,-4.0,16,0,0,0,0,0,0,False
2024,0,tier_early,plus_one,strict,False,False,,0.0,,,296.0,2.0,137,0,0,0,0,0,1,True,False,1677.320068359375,1677.320068359375,104.83250427246094,1664.744140625,292.0,6.0,121,0,0,0,0,0,1,False,False,,-1677.320068359375,,,4.0,-4.0,16,0,0,0,0,0,0,False
2024,0,uniform,clearing,operational,True,False,1707.780029296875,1707.780029296875,106.73625183105469,1640.197998046875,291.0,7.0,89,0,0,0,0,0,1,True,False,1842.52001953125,1842.52001953125,115.15750122070312,1644.4954833984375,283.0,15.0,123,0,0,0,0,0,1,True,False,-134.739990234375,-134.739990234375,-8.421249389648438,-4.2974853515625,8.0,-8.0,-34,0,0,0,0,0,0,False
2024,0,uniform,clearing,strict,True,False,1707.780029296875,1707.780029296875,106.73625183105469,1640.197998046875,291.0,7.0,89,0,0,0,0,0,1,True,False,1842.52001953125,1842.52001953125,115.15750122070312,1644.4954833984375,283.0,15.0,123,0,0,0,0,0,1,True,False,-134.739990234375,-134.739990234375,-8.421249389648438,-4.2974853515625,8.0,-8.0,-34,0,0,0,0,0,0,False
2024,0,uniform,plus_one,operational,False,False,,0.0,,,283.0,15.0,138,0,0,0,0,0,1,False,False,,0.0,,,283.0,15.0,138,0,0,0,0,0,1,False,False,,0.0,,,0.0,0.0,0,0,0,0,0,0,0,False
2024,0,uniform,plus_one,strict,False,False,,0.0,,,283.0,15.0,138,0,0,0,0,0,1,False,False,,0.0,,,283.0,15.0,138,0,0,0,0,0,1,False,False,,0.0,,,0.0,0.0,0,0,0,0,0,0,0,False
2024,1,position_run,clearing,operational,True,False,1522.5400390625,1522.5400390625,95.15875244140625,1664.23046875,298.0,0.0,138,1,0,0,0,0,1,True,False,1522.5400390625,1522.5400390625,95.15875244140625,1664.23046875,298.0,0.0,138,1,0,0,0,0,1,True,False,0.0,0.0,0.0,0.0,0.0,0.0,0,0,0,0,0,0,0,False
2024,1,position_run,clearing,strict,True,False,1522.5400390625,1522.5400390625,95.15875244140625,1664.23046875,298.0,0.0,138,1,0,0,0,0,1,True,False,1522.5400390625,1522.5400390625,95.15875244140625,1664.23046875,298.0,0.0,138,1,0,0,0,0,1,True,False,0.0,0.0,0.0,0.0,0.0,0.0,0,0,0,0,0,0,0,False
2024,1,position_run,plus_one,operational,False,False,,0.0,,,297.0,1.0,138,0,0,0,0,0,1,False,False,,0.0,,,297.0,1.0,138,0,0,0,0,0,1,False,False,,0.0,,,0.0,0.0,0,0,0,0,0,0,0,False
2024,1,position_run,plus_one,strict,False,False,,0.0,,,297.0,1.0,138,0,0,0,0,0,1,False,False,,0.0,,,297.0,1.0,138,0,0,0,0,0,1,False,False,,0.0,,,0.0,0.0,0,0,0,0,0,0,0,False
2024,1,star_late,clearing,operational,True,False,1555.6400146484375,1555.6400146484375,97.22750091552734,1615.9403076171875,286.0,12.0,113,0,0,0,0,0,1,True,False,1555.6400146484375,1555.6400146484375,97.22750091552734,1615.9403076171875,286.0,12.0,113,0,0,0,0,0,1,True,False,0.0,0.0,0.0,0.0,0.0,0.0,0,0,0,0,0,0,0,False
2024,1,star_late,clearing,strict,True,False,1555.6400146484375,1555.6400146484375,97.22750091552734,1615.9403076171875,286.0,12.0,113,0,0,0,0,0,1,True,False,1555.6400146484375,1555.6400146484375,97.22750091552734,1615.9403076171875,286.0,12.0,113,0,0,0,0,0,1,True,False,0.0,0.0,0.0,0.0,0.0,0.0,0,0,0,0,0,0,0,False
2024,1,star_late,plus_one,operational,True,False,1436.179931640625,1436.179931640625,89.76124572753906,1590.305908203125,282.0,16.0,114,0,0,0,0,0,1,True,False,1436.179931640625,1436.179931640625,89.76124572753906,1590.305908203125,282.0,16.0,114,0,0,0,0,0,1,True,False,0.0,0.0,0.0,0.0,0.0,0.0,0,0,0,0,0,0,0,False
2024,1,star_late,plus_one,strict,True,False,1436.179931640625,1436.179931640625,89.76124572753906,1590.305908203125,282.0,16.0,114,0,0,0,0,0,1,True,False,1436.179931640625,1436.179931640625,89.76124572753906,1590.305908203125,282.0,16.0,114,0,0,0,0,0,1,True,False,0.0,0.0,0.0,0.0,0.0,0.0,0,0,0,0,0,0,0,False
2024,1,tier_early,clearing,operational,True,True,1625.1800537109375,1625.1800537109375,101.5737533569336,1679.97265625,298.0,0.0,120,0,0,0,0,0,0,True,True,1625.1800537109375,1625.1800537109375,101.5737533569336,1679.97265625,298.0,0.0,120,0,0,0,0,0,0,True,True,0.0,0.0,0.0,0.0,0.0,0.0,0,0,0,0,0,0,0,False
2024,1,tier_early,clearing,strict,True,True,1625.1800537109375,1625.1800537109375,101.5737533569336,1679.97265625,298.0,0.0,120,0,0,0,0,0,0,True,True,1625.1800537109375,1625.1800537109375,101.5737533569336,1679.97265625,298.0,0.0,120,0,0,0,0,0,0,True,True,0.0,0.0,0.0,0.0,0.0,0.0,0,0,0,0,0,0,0,False
2024,1,tier_early,plus_one,operational,False,False,,0.0,,,293.0,5.0,134,0,0,0,0,0,0,False,False,,0.0,,,293.0,5.0,134,0,0,0,0,0,0,False,False,,0.0,,,0.0,0.0,0,0,0,0,0,0,0,False
2024,1,tier_early,plus_one,strict,False,False,,0.0,,,293.0,5.0,134,0,0,0,0,0,0,False,False,,0.0,,,293.0,5.0,134,0,0,0,0,0,0,False,False,,0.0,,,0.0,0.0,0,0,0,0,0,0,0,False
2024,1,uniform,clearing,operational,True,False,1439.340087890625,1439.340087890625,89.95875549316406,1596.61962890625,247.0,51.0,136,0,0,0,0,0,1,True,False,1439.340087890625,1439.340087890625,89.95875549316406,1596.61962890625,247.0,51.0,136,0,0,0,0,0,1,True,False,0.0,0.0,0.0,0.0,0.0,0.0,0,0,0,0,0,0,0,False
2024,1,uniform,clearing,strict,True,False,1439.340087890625,1439.340087890625,89.95875549316406,1596.61962890625,247.0,51.0,136,0,0,0,0,0,1,True,False,1439.340087890625,1439.340087890625,89.95875549316406,1596.61962890625,247.0,51.0,136,0,0,0,0,0,1,True,False,0.0,0.0,0.0,0.0,0.0,0.0,0,0,0,0,0,0,0,False
2024,1,uniform,plus_one,operational,False,False,,0.0,,,297.0,1.0,138,0,0,0,0,0,1,False,False,,0.0,,,297.0,1.0,138,0,0,0,0,0,1,False,False,,0.0,,,0.0,0.0,0,0,0,0,0,0,0,False
2024,1,uniform,plus_one,strict,False,False,,0.0,,,297.0,1.0,138,0,0,0,0,0,1,False,False,,0.0,,,297.0,1.0,138,0,0,0,0,0,1,False,False,,0.0,,,0.0,0.0,0,0,0,0,0,0,0,False
2024,2,position_run,clearing,operational,True,True,1722.739990234375,1722.739990234375,107.67124938964844,1692.4183349609375,298.0,0.0,97,0,0,0,0,0,0,True,True,1722.739990234375,1722.739990234375,107.67124938964844,1692.4183349609375,298.0,0.0,97,0,0,0,0,0,0,True,True,0.0,0.0,0.0,0.0,0.0,0.0,0,0,0,0,0,0,0,False
2024,2,position_run,clearing,strict,True,True,1722.739990234375,1722.739990234375,107.67124938964844,1692.4183349609375,298.0,0.0,97,0,0,0,0,0,0,True,True,1722.739990234375,1722.739990234375,107.67124938964844,1692.4183349609375,298.0,0.0,97,0,0,0,0,0,0,True,True,0.0,0.0,0.0,0.0,0.0,0.0,0,0,0,0,0,0,0,False
2024,2,position_run,plus_one,operational,False,False,,0.0,,,296.0,2.0,137,0,0,0,0,0,1,False,False,,0.0,,,297.0,1.0,138,0,0,0,0,0,1,False,False,,0.0,,,-1.0,1.0,-1,0,0,0,0,0,0,False
2024,2,position_run,plus_one,strict,False,False,,0.0,,,296.0,2.0,137,0,0,0,0,0,1,False,False,,0.0,,,297.0,1.0,138,0,0,0,0,0,1,False,False,,0.0,,,-1.0,1.0,-1,0,0,0,0,0,0,False
2024,2,star_late,clearing,operational,True,False,1598.6400146484375,1598.6400146484375,99.91500091552734,1668.322021484375,286.0,12.0,117,0,0,0,0,0,1,True,False,1508.340087890625,1508.340087890625,94.27125549316406,1636.7789306640625,288.0,10.0,128,0,0,0,0,0,1,True,False,90.2999267578125,90.2999267578125,5.643745422363281,31.5430908203125,-2.0,2.0,-11,0,0,0,0,0,0,True
2024,2,star_late,clearing,strict,True,False,1598.6400146484375,1598.6400146484375,99.91500091552734,1668.322021484375,286.0,12.0,117,0,0,0,0,0,1,True,False,1508.340087890625,1508.340087890625,94.27125549316406,1636.7789306640625,288.0,10.0,128,0,0,0,0,0,1,True,False,90.2999267578125,90.2999267578125,5.643745422363281,31.5430908203125,-2.0,2.0,-11,0,0,0,0,0,0,True
2024,2,star_late,plus_one,operational,True,False,1754.239990234375,1754.239990234375,109.63999938964844,1682.4820556640625,285.0,13.0,137,0,0,0,0,0,1,True,False,1754.239990234375,1754.239990234375,109.63999938964844,1682.4820556640625,285.0,13.0,137,0,0,0,0,0,1,True,False,0.0,0.0,0.0,0.0,0.0,0.0,0,0,0,0,0,0,0,False
2024,2,star_late,plus_one,strict,True,False,1754.239990234375,1754.239990234375,109.63999938964844,1682.4820556640625,285.0,13.0,137,0,0,0,0,0,1,True,False,1754.239990234375,1754.239990234375,109.63999938964844,1682.4820556640625,285.0,13.0,137,0,0,0,0,0,1,True,False,0.0,0.0,0.0,0.0,0.0,0.0,0,0,0,0,0,0,0,False
2024,2,tier_early,clearing,operational,True,False,1498.139892578125,1498.139892578125,93.63374328613281,1658.568359375,295.0,3.0,132,0,0,0,0,0,1,True,False,1498.139892578125,1498.139892578125,93.63374328613281,1658.568359375,295.0,3.0,132,0,0,0,0,0,1,True,False,0.0,0.0,0.0,0.0,0.0,0.0,0,0,0,0,0,0,0,False
2024,2,tier_early,clearing,strict,True,False,1498.139892578125,1498.139892578125,93.63374328613281,1658.568359375,295.0,3.0,132,0,0,0,0,0,1,True,False,1498.139892578125,1498.139892578125,93.63374328613281,1658.568359375,295.0,3.0,132,0,0,0,0,0,1,True,False,0.0,0.0,0.0,0.0,0.0,0.0,0,0,0,0,0,0,0,False
2024,2,tier_early,plus_one,operational,True,True,1706.52001953125,1706.52001953125,106.65750122070312,1659.055908203125,297.0,1.0,113,0,0,0,0,0,0,True,True,1706.52001953125,1706.52001953125,106.65750122070312,1659.055908203125,297.0,1.0,113,0,0,0,0,0,0,True,True,0.0,0.0,0.0,0.0,0.0,0.0,0,0,0,0,0,0,0,False
2024,2,tier_early,plus_one,strict,True,True,1706.52001953125,1706.52001953125,106.65750122070312,1659.055908203125,297.0,1.0,113,0,0,0,0,0,0,True,True,1706.52001953125,1706.52001953125,106.65750122070312,1659.055908203125,297.0,1.0,113,0,0,0,0,0,0,True,True,0.0,0.0,0.0,0.0,0.0,0.0,0,0,0,0,0,0,0,False
2024,2,uniform,clearing,operational,True,False,1553.2200927734375,1553.2200927734375,97.07625579833984,1681.535400390625,297.0,1.0,119,0,0,0,0,0,1,True,False,1553.2200927734375,1553.2200927734375,97.07625579833984,1681.535400390625,297.0,1.0,119,0,0,0,0,0,1,True,False,0.0,0.0,0.0,0.0,0.0,0.0,0,0,0,0,0,0,0,False
2024,2,uniform,clearing,strict,True,False,1553.2200927734375,1553.2200927734375,97.07625579833984,1681.535400390625,297.0,1.0,119,0,0,0,0,0,1,True,False,1553.2200927734375,1553.2200927734375,97.07625579833984,1681.535400390625,297.0,1.0,119,0,0,0,0,0,1,True,False,0.0,0.0,0.0,0.0,0.0,0.0,0,0,0,0,0,0,0,False
2024,2,uniform,plus_one,operational,True,False,1641.2799072265625,1641.2799072265625,102.57999420166016,1671.094970703125,294.0,4.0,136,0,0,0,0,0,1,True,False,1574.3798828125,1574.3798828125,98.39874267578125,1684.4267578125,298.0,0.0,124,0,0,0,0,0,1,True,False,66.9000244140625,66.9000244140625,4.181251525878906,-13.331787109375,-4.0,4.0,12,0,0,0,0,0,0,True
2024,2,uniform,plus_one,strict,True,False,1641.2799072265625,1641.2799072265625,102.57999420166016,1671.094970703125,294.0,4.0,136,0,0,0,0,0,1,True,False,1574.3798828125,1574.3798828125,98.39874267578125,1684.4267578125,298.0,0.0,124,0,0,0,0,0,1,True,False,66.9000244140625,66.9000244140625,4.181251525878906,-13.331787109375,-4.0,4.0,12,0,0,0,0,0,0,True
2024,3,position_run,clearing,operational,True,False,1605.280029296875,1605.280029296875,100.33000183105469,1666.740966796875,298.0,0.0,121,0,0,0,0,0,1,True,False,1485.2200927734375,1485.2200927734375,92.82625579833984,1656.641357421875,297.0,1.0,118,0,0,0,0,0,1,True,False,120.0599365234375,120.0599365234375,7.503746032714844,10.099609375,1.0,-1.0,3,0,0,0,0,0,0,True
2024,3,position_run,clearing,strict,True,False,1605.280029296875,1605.280029296875,100.33000183105469,1666.740966796875,298.0,0.0,121,0,0,0,0,0,1,True,False,1485.2200927734375,1485.2200927734375,92.82625579833984,1656.641357421875,297.0,1.0,118,0,0,0,0,0,1,True,False,120.0599365234375,120.0599365234375,7.503746032714844,10.099609375,1.0,-1.0,3,0,0,0,0,0,0,True
2024,3,position_run,plus_one,operational,False,False,,0.0,,,293.0,5.0,133,0,0,0,0,0,1,False,False,,0.0,,,296.0,2.0,137,0,0,0,0,0,1,False,False,,0.0,,,-3.0,3.0,-4,0,0,0,0,0,0,False
2024,3,position_run,plus_one,strict,False,False,,0.0,,,293.0,5.0,133,0,0,0,0,0,1,False,False,,0.0,,,296.0,2.0,137,0,0,0,0,0,1,False,False,,0.0,,,-3.0,3.0,-4,0,0,0,0,0,0,False
2024,3,star_late,clearing,operational,True,False,1595.52001953125,1595.52001953125,99.72000122070312,1644.3544921875,294.0,4.0,130,0,0,0,0,0,1,True,False,1597.3800048828125,1597.3800048828125,99.83625030517578,1619.811279296875,267.0,31.0,133,0,0,0,0,0,1,True,False,-1.8599853515625,-1.8599853515625,-0.11624908447265625,24.543212890625,27.0,-27.0,-3,0,0,0,0,0,0,False
2024,3,star_late,clearing,strict,True,False,1595.52001953125,1595.52001953125,99.72000122070312,1644.3544921875,294.0,4.0,130,0,0,0,0,0,1,True,False,1597.3800048828125,1597.3800048828125,99.83625030517578,1619.811279296875,267.0,31.0,133,0,0,0,0,0,1,True,False,-1.8599853515625,-1.8599853515625,-0.11624908447265625,24.543212890625,27.0,-27.0,-3,0,0,0,0,0,0,False
2024,3,star_late,plus_one,operational,True,False,1603.1400146484375,1603.1400146484375,100.19625091552734,1659.868896484375,284.0,14.0,119,0,0,0,0,0,1,True,False,1776.52001953125,1776.52001953125,111.03250122070312,1659.7552490234375,288.0,10.0,112,0,0,0,0,0,1,True,False,-173.3800048828125,-173.3800048828125,-10.836250305175781,0.1136474609375,-4.0,4.0,7,0,0,0,0,0,0,False
2024,3,star_late,plus_one,strict,True,False,1603.1400146484375,1603.1400146484375,100.19625091552734,1659.868896484375,284.0,14.0,119,0,0,0,0,0,1,True,False,1776.52001953125,1776.52001953125,111.03250122070312,1659.7552490234375,288.0,10.0,112,0,0,0,0,0,1,True,False,-173.3800048828125,-173.3800048828125,-10.836250305175781,0.1136474609375,-4.0,4.0,7,0,0,0,0,0,0,False
2024,3,tier_early,clearing,operational,True,True,1492.1199951171875,1492.1199951171875,93.25749969482422,1668.748779296875,298.0,0.0,116,0,0,0,0,0,0,True,False,1503.580078125,1503.580078125,93.9737548828125,1630.19873046875,298.0,0.0,133,0,0,0,0,0,1,True,False,-11.4600830078125,-11.4600830078125,-0.7162551879882812,38.550048828125,0.0,0.0,-17,0,0,0,0,0,-1,False
2024,3,tier_early,clearing,strict,True,True,1492.1199951171875,1492.1199951171875,93.25749969482422,1668.748779296875,298.0,0.0,116,0,0,0,0,0,0,True,False,1503.580078125,1503.580078125,93.9737548828125,1630.19873046875,298.0,0.0,133,0,0,0,0,0,1,True,False,-11.4600830078125,-11.4600830078125,-0.7162551879882812,38.550048828125,0.0,0.0,-17,0,0,0,0,0,-1,False
2024,3,tier_early,plus_one,operational,False,False,,0.0,,,297.0,1.0,138,0,0,0,0,0,1,False,False,,0.0,,,297.0,1.0,138,0,0,0,0,0,1,False,False,,0.0,,,0.0,0.0,0,0,0,0,0,0,0,False
2024,3,tier_early,plus_one,strict,False,False,,0.0,,,297.0,1.0,138,0,0,0,0,0,1,False,False,,0.0,,,297.0,1.0,138,0,0,0,0,0,1,False,False,,0.0,,,0.0,0.0,0,0,0,0,0,0,0,False
2024,3,uniform,clearing,operational,True,False,1544.3800048828125,1544.3800048828125,96.52375030517578,1592.2552490234375,277.0,21.0,133,0,0,0,0,0,1,True,False,1663.47998046875,1663.47998046875,103.96749877929688,1671.40234375,295.0,3.0,119,0,0,0,0,0,1,True,False,-119.0999755859375,-119.0999755859375,-7.443748474121094,-79.1470947265625,-18.0,18.0,14,0,0,0,0,0,0,False
2024,3,uniform,clearing,strict,True,False,1544.3800048828125,1544.3800048828125,96.52375030517578,1592.2552490234375,277.0,21.0,133,0,0,0,0,0,1,True,False,1663.47998046875,1663.47998046875,103.96749877929688,1671.40234375,295.0,3.0,119,0,0,0,0,0,1,True,False,-119.0999755859375,-119.0999755859375,-7.443748474121094,-79.1470947265625,-18.0,18.0,14,0,0,0,0,0,0,False
2024,3,uniform,plus_one,operational,True,False,1667.47998046875,1667.47998046875,104.21749877929688,1632.47802734375,285.0,13.0,134,0,0,0,0,0,1,True,False,1721.5400390625,1721.5400390625,107.59625244140625,1638.933837890625,286.0,12.0,133,0,0,0,0,0,1,True,False,-54.06005859375,-54.06005859375,-3.378753662109375,-6.455810546875,-1.0,1.0,1,0,0,0,0,0,0,False
2024,3,uniform,plus_one,strict,True,False,1667.47998046875,1667.47998046875,104.21749877929688,1632.47802734375,285.0,13.0,134,0,0,0,0,0,1,True,False,1721.5400390625,1721.5400390625,107.59625244140625,1638.933837890625,286.0,12.0,133,0,0,0,0,0,1,True,False,-54.06005859375,-54.06005859375,-3.378753662109375,-6.455810546875,-1.0,1.0,1,0,0,0,0,0,0,False
2024,4,position_run,clearing,operational,True,False,1452.0400390625,1452.0400390625,90.75250244140625,1645.442138671875,298.0,0.0,117,0,0,0,0,0,1,True,False,1595.1199951171875,1595.1199951171875,99.69499969482422,1699.481201171875,298.0,0.0,107,0,0,0,0,0,1,True,False,-143.0799560546875,-143.0799560546875,-8.942497253417969,-54.0390625,0.0,0.0,10,0,0,0,0,0,0,False
2024,4,position_run,clearing,strict,True,False,1452.0400390625,1452.0400390625,90.75250244140625,1645.442138671875,298.0,0.0,117,0,0,0,0,0,1,True,False,1595.1199951171875,1595.1199951171875,99.69499969482422,1699.481201171875,298.0,0.0,107,0,0,0,0,0,1,True,False,-143.0799560546875,-143.0799560546875,-8.942497253417969,-54.0390625,0.0,0.0,10,0,0,0,0,0,0,False
2024,4,position_run,plus_one,operational,False,False,,0.0,,,297.0,1.0,138,0,0,0,0,0,1,False,False,,0.0,,,294.0,4.0,128,0,0,0,0,0,1,False,False,,0.0,,,3.0,-3.0,10,0,0,0,0,0,0,False
2024,4,position_run,plus_one,strict,False,False,,0.0,,,297.0,1.0,138,0,0,0,0,0,1,False,False,,0.0,,,294.0,4.0,128,0,0,0,0,0,1,False,False,,0.0,,,3.0,-3.0,10,0,0,0,0,0,0,False
2024,4,star_late,clearing,operational,True,False,1504.3399658203125,1504.3399658203125,94.02124786376953,1616.668701171875,290.0,8.0,115,0,0,0,0,0,1,True,False,1434.43994140625,1434.43994140625,89.65249633789062,1650.308837890625,289.0,9.0,115,0,0,0,0,0,1,True,False,69.9000244140625,69.9000244140625,4.368751525878906,-33.64013671875,1.0,-1.0,0,0,0,0,0,0,0,True
2024,4,star_late,clearing,strict,True,False,1504.3399658203125,1504.3399658203125,94.02124786376953,1616.668701171875,290.0,8.0,115,0,0,0,0,0,1,True,False,1434.43994140625,1434.43994140625,89.65249633789062,1650.308837890625,289.0,9.0,115,0,0,0,0,0,1,True,False,69.9000244140625,69.9000244140625,4.368751525878906,-33.64013671875,1.0,-1.0,0,0,0,0,0,0,0,True
2024,4,star_late,plus_one,operational,True,False,1425.820068359375,1425.820068359375,89.11375427246094,1579.1663818359375,297.0,1.0,131,0,0,0,0,0,1,True,False,1602.1199951171875,1602.1199951171875,100.13249969482422,1587.0797119140625,290.0,8.0,131,0,0,0,0,0,1,True,False,-176.2999267578125,-176.2999267578125,-11.018745422363281,-7.913330078125,7.0,-7.0,0,0,0,0,0,0,0,False
2024,4,star_late,plus_one,strict,True,False,1425.820068359375,1425.820068359375,89.11375427246094,1579.1663818359375,297.0,1.0,131,0,0,0,0,0,1,True,False,1602.1199951171875,1602.1199951171875,100.13249969482422,1587.0797119140625,290.0,8.0,131,0,0,0,0,0,1,True,False,-176.2999267578125,-176.2999267578125,-11.018745422363281,-7.913330078125,7.0,-7.0,0,0,0,0,0,0,0,False
2024,4,tier_early,clearing,operational,True,True,1747.43994140625,1747.43994140625,109.21499633789062,1717.5367431640625,295.0,3.0,91,0,0,0,0,0,0,True,True,1689.139892578125,1689.139892578125,105.57124328613281,1713.793701171875,298.0,0.0,115,0,0,0,0,0,0,True,True,58.300048828125,58.300048828125,3.6437530517578125,3.7430419921875,-3.0,3.0,-24,0,0,0,0,0,0,True
2024,4,tier_early,clearing,strict,True,True,1747.43994140625,1747.43994140625,109.21499633789062,1717.5367431640625,295.0,3.0,91,0,0,0,0,0,0,True,True,1689.139892578125,1689.139892578125,105.57124328613281,1713.793701171875,298.0,0.0,115,0,0,0,0,0,0,True,True,58.300048828125,58.300048828125,3.6437530517578125,3.7430419921875,-3.0,3.0,-24,0,0,0,0,0,0,True
2024,4,tier_early,plus_one,operational,True,True,1630.8399658203125,1630.8399658203125,101.92749786376953,1701.990234375,294.0,4.0,122,0,0,0,0,0,0,True,True,1630.8399658203125,1630.8399658203125,101.92749786376953,1701.990234375,294.0,4.0,122,0,0,0,0,0,0,True,True,0.0,0.0,0.0,0.0,0.0,0.0,0,0,0,0,0,0,0,False
2024,4,tier_early,plus_one,strict,True,True,1630.8399658203125,1630.8399658203125,101.92749786376953,1701.990234375,294.0,4.0,122,0,0,0,0,0,0,True,True,1630.8399658203125,1630.8399658203125,101.92749786376953,1701.990234375,294.0,4.0,122,0,0,0,0,0,0,True,True,0.0,0.0,0.0,0.0,0.0,0.0,0,0,0,0,0,0,0,False
2024,4,uniform,clearing,operational,True,False,1576.93994140625,1576.93994140625,98.55874633789062,1609.910400390625,290.0,8.0,118,0,0,0,0,0,1,True,False,1576.93994140625,1576.93994140625,98.55874633789062,1609.910400390625,290.0,8.0,118,0,0,0,0,0,1,True,False,0.0,0.0,0.0,0.0,0.0,0.0,0,0,0,0,0,0,0,False
2024,4,uniform,clearing,strict,True,False,1576.93994140625,1576.93994140625,98.55874633789062,1609.910400390625,290.0,8.0,118,0,0,0,0,0,1,True,False,1576.93994140625,1576.93994140625,98.55874633789062,1609.910400390625,290.0,8.0,118,0,0,0,0,0,1,True,False,0.0,0.0,0.0,0.0,0.0,0.0,0,0,0,0,0,0,0,False
2024,4,uniform,plus_one,operational,True,False,1546.320068359375,1546.320068359375,96.64500427246094,1601.733642578125,294.0,4.0,91,0,0,0,0,0,1,True,False,1658.639892578125,1658.639892578125,103.66499328613281,1641.7945556640625,296.0,2.0,138,1,0,0,0,0,1,True,False,-112.31982421875,-112.31982421875,-7.019989013671875,-40.0609130859375,-2.0,2.0,-47,-1,0,0,0,0,0,False
2024,4,uniform,plus_one,strict,True,False,1546.320068359375,1546.320068359375,96.64500427246094,1601.733642578125,294.0,4.0,91,0,0,0,0,0,1,True,False,1658.639892578125,1658.639892578125,103.66499328613281,1641.7945556640625,296.0,2.0,138,1,0,0,0,0,1,True,False,-112.31982421875,-112.31982421875,-7.019989013671875,-40.0609130859375,-2.0,2.0,-47,-1,0,0,0,0,0,False
2024,5,position_run,clearing,operational,True,False,1727.5400390625,1727.5400390625,107.97125244140625,1621.526123046875,298.0,0.0,95,0,0,0,0,0,1,True,False,1727.5400390625,1727.5400390625,107.97125244140625,1621.526123046875,298.0,0.0,95,0,0,0,0,0,1,True,False,0.0,0.0,0.0,0.0,0.0,0.0,0,0,0,0,0,0,0,False
2024,5,position_run,clearing,strict,True,False,1727.5400390625,1727.5400390625,107.97125244140625,1621.526123046875,298.0,0.0,95,0,0,0,0,0,1,True,False,1727.5400390625,1727.5400390625,107.97125244140625,1621.526123046875,298.0,0.0,95,0,0,0,0,0,1,True,False,0.0,0.0,0.0,0.0,0.0,0.0,0,0,0,0,0,0,0,False
2024,5,position_run,plus_one,operational,True,False,1694.3399658203125,1694.3399658203125,105.89624786376953,1628.8782958984375,298.0,0.0,104,0,0,0,0,0,1,True,False,1694.3399658203125,1694.3399658203125,105.89624786376953,1628.8782958984375,298.0,0.0,104,0,0,0,0,0,1,True,False,0.0,0.0,0.0,0.0,0.0,0.0,0,0,0,0,0,0,0,False
2024,5,position_run,plus_one,strict,True,False,1694.3399658203125,1694.3399658203125,105.89624786376953,1628.8782958984375,298.0,0.0,104,0,0,0,0,0,1,True,False,1694.3399658203125,1694.3399658203125,105.89624786376953,1628.8782958984375,298.0,0.0,104,0,0,0,0,0,1,True,False,0.0,0.0,0.0,0.0,0.0,0.0,0,0,0,0,0,0,0,False
2024,5,star_late,clearing,operational,True,False,1633.8199462890625,1633.8199462890625,102.1137466430664,1638.9228515625,291.0,7.0,121,0,0,0,0,0,1,True,False,1633.8199462890625,1633.8199462890625,102.1137466430664,1638.9228515625,291.0,7.0,121,0,0,0,0,0,1,True,False,0.0,0.0,0.0,0.0,0.0,0.0,0,0,0,0,0,0,0,False
2024,5,star_late,clearing,strict,True,False,1633.8199462890625,1633.8199462890625,102.1137466430664,1638.9228515625,291.0,7.0,121,0,0,0,0,0,1,True,False,1633.8199462890625,1633.8199462890625,102.1137466430664,1638.9228515625,291.0,7.0,121,0,0,0,0,0,1,True,False,0.0,0.0,0.0,0.0,0.0,0.0,0,0,0,0,0,0,0,False
2024,5,star_late,plus_one,operational,True,False,1711.5400390625,1711.5400390625,106.97125244140625,1651.416748046875,298.0,0.0,121,0,0,0,0,0,1,True,False,1895.1199951171875,1895.1199951171875,118.44499969482422,1642.113037109375,280.0,18.0,129,0,0,0,0,0,1,True,False,-183.5799560546875,-183.5799560546875,-11.473747253417969,9.3037109375,18.0,-18.0,-8,0,0,0,0,0,0,False
2024,5,star_late,plus_one,strict,True,False,1711.5400390625,1711.5400390625,106.97125244140625,1651.416748046875,298.0,0.0,121,0,0,0,0,0,1,True,False,1895.1199951171875,1895.1199951171875,118.44499969482422,1642.113037109375,280.0,18.0,129,0,0,0,0,0,1,True,False,-183.5799560546875,-183.5799560546875,-11.473747253417969,9.3037109375,18.0,-18.0,-8,0,0,0,0,0,0,False
2024,5,tier_early,clearing,operational,True,False,1699.8800048828125,1699.8800048828125,106.24250030517578,1702.21875,298.0,0.0,113,0,0,0,0,0,1,True,False,1699.8800048828125,1699.8800048828125,106.24250030517578,1702.21875,298.0,0.0,113,0,0,0,0,0,1,True,False,0.0,0.0,0.0,0.0,0.0,0.0,0,0,0,0,0,0,0,False
2024,5,tier_early,clearing,strict,True,False,1699.8800048828125,1699.8800048828125,106.24250030517578,1702.21875,298.0,0.0,113,0,0,0,0,0,1,True,False,1699.8800048828125,1699.8800048828125,106.24250030517578,1702.21875,298.0,0.0,113,0,0,0,0,0,1,True,False,0.0,0.0,0.0,0.0,0.0,0.0,0,0,0,0,0,0,0,False
2024,5,tier_early,plus_one,operational,True,False,1813.52001953125,1813.52001953125,113.34500122070312,1684.4228515625,298.0,0.0,134,0,0,0,0,0,1,True,False,1818.820068359375,1818.820068359375,113.67625427246094,1677.3170166015625,295.0,3.0,120,0,0,0,0,0,1,True,False,-5.300048828125,-5.300048828125,-0.3312530517578125,7.1058349609375,3.0,-3.0,14,0,0,0,0,0,0,False
2024,5,tier_early,plus_one,strict,True,False,1813.52001953125,1813.52001953125,113.34500122070312,1684.4228515625,298.0,0.0,134,0,0,0,0,0,1,True,False,1818.820068359375,1818.820068359375,113.67625427246094,1677.3170166015625,295.0,3.0,120,0,0,0,0,0,1,True,False,-5.300048828125,-5.300048828125,-0.3312530517578125,7.1058349609375,3.0,-3.0,14,0,0,0,0,0,0,False
2024,5,uniform,clearing,operational,True,False,1569.280029296875,1569.280029296875,98.08000183105469,1633.2467041015625,294.0,4.0,108,0,0,0,0,0,1,False,False,,0.0,,,297.0,1.0,138,0,0,0,0,0,1,False,False,,1569.280029296875,,,-3.0,3.0,-30,0,0,0,0,0,0,False
2024,5,uniform,clearing,strict,True,False,1569.280029296875,1569.280029296875,98.08000183105469,1633.2467041015625,294.0,4.0,108,0,0,0,0,0,1,False,False,,0.0,,,297.0,1.0,138,0,0,0,0,0,1,False,False,,1569.280029296875,,,-3.0,3.0,-30,0,0,0,0,0,0,False
2024,5,uniform,plus_one,operational,True,True,1687.02001953125,1687.02001953125,105.43875122070312,1582.6077880859375,279.0,19.0,69,0,0,0,0,0,0,False,False,,0.0,,,296.0,2.0,138,0,0,0,0,0,1,False,False,,1687.02001953125,,,-17.0,17.0,-69,0,0,0,0,0,-1,False
2024,5,uniform,plus_one,strict,True,True,1687.02001953125,1687.02001953125,105.43875122070312,1582.6077880859375,279.0,19.0,69,0,0,0,0,0,0,False,False,,0.0,,,296.0,2.0,138,0,0,0,0,0,1,False,False,,1687.02001953125,,,-17.0,17.0,-69,0,0,0,0,0,-1,False
2024,6,position_run,clearing,operational,True,False,1721.4200439453125,1721.4200439453125,107.58875274658203,1705.167236328125,296.0,2.0,96,0,0,0,0,0,1,False,False,,0.0,,,297.0,1.0,138,1,0,0,0,0,1,False,False,,1721.4200439453125,,,-1.0,1.0,-42,-1,0,0,0,0,0,False
2024,6,position_run,clearing,strict,True,False,1721.4200439453125,1721.4200439453125,107.58875274658203,1705.167236328125,296.0,2.0,96,0,0,0,0,0,1,False,False,,0.0,,,297.0,1.0,138,1,0,0,0,0,1,False,False,,1721.4200439453125,,,-1.0,1.0,-42,-1,0,0,0,0,0,False
2024,6,position_run,plus_one,operational,False,False,,0.0,,,297.0,1.0,138,0,0,0,0,0,1,True,False,1620.679931640625,1620.679931640625,101.29249572753906,1700.9163818359375,291.0,7.0,97,0,0,0,0,0,1,False,False,,-1620.679931640625,,,6.0,-6.0,41,0,0,0,0,0,0,False
2024,6,position_run,plus_one,strict,False,False,,0.0,,,297.0,1.0,138,0,0,0,0,0,1,True,False,1620.679931640625,1620.679931640625,101.29249572753906,1700.9163818359375,291.0,7.0,97,0,0,0,0,0,1,False,False,,-1620.679931640625,,,6.0,-6.0,41,0,0,0,0,0,0,False
2024,6,star_late,clearing,operational,True,False,1535.52001953125,1535.52001953125,95.97000122070312,1635.850341796875,291.0,7.0,133,0,0,0,0,0,1,True,False,1692.739990234375,1692.739990234375,105.79624938964844,1656.4310302734375,295.0,3.0,122,0,0,0,0,0,1,True,False,-157.219970703125,-157.219970703125,-9.826248168945312,-20.5806884765625,-4.0,4.0,11,0,0,0,0,0,0,False
2024,6,star_late,clearing,strict,True,False,1535.52001953125,1535.52001953125,95.97000122070312,1635.850341796875,291.0,7.0,133,0,0,0,0,0,1,True,False,1692.739990234375,1692.739990234375,105.79624938964844,1656.4310302734375,295.0,3.0,122,0,0,0,0,0,1,True,False,-157.219970703125,-157.219970703125,-9.826248168945312,-20.5806884765625,-4.0,4.0,11,0,0,0,0,0,0,False
2024,6,star_late,plus_one,operational,True,False,1559.43994140625,1559.43994140625,97.46499633789062,1625.451416015625,284.0,14.0,118,0,0,0,0,0,1,True,False,1812.340087890625,1812.340087890625,113.27125549316406,1664.912841796875,298.0,0.0,122,0,0,0,0,0,1,True,False,-252.900146484375,-252.900146484375,-15.806259155273438,-39.46142578125,-14.0,14.0,-4,0,0,0,0,0,0,False
2024,6,star_late,plus_one,strict,True,False,1559.43994140625,1559.43994140625,97.46499633789062,1625.451416015625,284.0,14.0,118,0,0,0,0,0,1,True,False,1812.340087890625,1812.340087890625,113.27125549316406,1664.912841796875,298.0,0.0,122,0,0,0,0,0,1,True,False,-252.900146484375,-252.900146484375,-15.806259155273438,-39.46142578125,-14.0,14.0,-4,0,0,0,0,0,0,False
2024,6,tier_early,clearing,operational,True,False,1707.9200439453125,1707.9200439453125,106.74500274658203,1727.7679443359375,298.0,0.0,109,0,0,0,0,0,1,True,False,1707.9200439453125,1707.9200439453125,106.74500274658203,1727.7679443359375,298.0,0.0,109,0,0,0,0,0,1,True,False,0.0,0.0,0.0,0.0,0.0,0.0,0,0,0,0,0,0,0,False
2024,6,tier_early,clearing,strict,True,False,1707.9200439453125,1707.9200439453125,106.74500274658203,1727.7679443359375,298.0,0.0,109,0,0,0,0,0,1,True,False,1707.9200439453125,1707.9200439453125,106.74500274658203,1727.7679443359375,298.0,0.0,109,0,0,0,0,0,1,True,False,0.0,0.0,0.0,0.0,0.0,0.0,0,0,0,0,0,0,0,False
2024,6,tier_early,plus_one,operational,True,False,1453.1201171875,1453.1201171875,90.82000732421875,1678.4140625,295.0,3.0,126,0,0,0,0,0,1,True,False,1701.93994140625,1701.93994140625,106.37124633789062,1693.59375,298.0,0.0,132,0,0,0,0,0,1,True,False,-248.81982421875,-248.81982421875,-15.551239013671875,-15.1796875,-3.0,3.0,-6,0,0,0,0,0,0,False
2024,6,tier_early,plus_one,strict,True,False,1453.1201171875,1453.1201171875,90.82000732421875,1678.4140625,295.0,3.0,126,0,0,0,0,0,1,True,False,1701.93994140625,1701.93994140625,106.37124633789062,1693.59375,298.0,0.0,132,0,0,0,0,0,1,True,False,-248.81982421875,-248.81982421875,-15.551239013671875,-15.1796875,-3.0,3.0,-6,0,0,0,0,0,0,False
2024,6,uniform,clearing,operational,True,False,1784.5400390625,1784.5400390625,111.53375244140625,1667.383544921875,298.0,0.0,98,0,0,0,0,0,1,True,False,1763.1400146484375,1763.1400146484375,110.19625091552734,1659.9339599609375,298.0,0.0,80,0,0,0,0,0,1,True,False,21.4000244140625,21.4000244140625,1.3375015258789062,7.4495849609375,0.0,0.0,18,0,0,0,0,0,0,True
2024,6,uniform,clearing,strict,True,False,1784.5400390625,1784.5400390625,111.53375244140625,1667.383544921875,298.0,0.0,98,0,0,0,0,0,1,True,False,1763.1400146484375,1763.1400146484375,110.19625091552734,1659.9339599609375,298.0,0.0,80,0,0,0,0,0,1,True,False,21.4000244140625,21.4000244140625,1.3375015258789062,7.4495849609375,0.0,0.0,18,0,0,0,0,0,0,True
2024,6,uniform,plus_one,operational,True,False,1667.340087890625,1667.340087890625,104.20875549316406,1638.2427978515625,285.0,13.0,122,0,0,0,0,0,1,True,False,1903.580078125,1903.580078125,118.9737548828125,1681.152587890625,292.0,6.0,87,0,0,0,0,0,1,True,False,-236.239990234375,-236.239990234375,-14.764999389648438,-42.9097900390625,-7.0,7.0,35,0,0,0,0,0,0,False
2024,6,uniform,plus_one,strict,True,False,1667.340087890625,1667.340087890625,104.20875549316406,1638.2427978515625,285.0,13.0,122,0,0,0,0,0,1,True,False,1903.580078125,1903.580078125,118.9737548828125,1681.152587890625,292.0,6.0,87,0,0,0,0,0,1,True,False,-236.239990234375,-236.239990234375,-14.764999389648438,-42.9097900390625,-7.0,7.0,35,0,0,0,0,0,0,False
2024,7,position_run,clearing,operational,True,False,1808.419921875,1808.419921875,113.0262451171875,1698.610595703125,297.0,1.0,120,0,0,0,0,0,1,True,False,1808.419921875,1808.419921875,113.0262451171875,1698.610595703125,297.0,1.0,120,0,0,0,0,0,1,True,False,0.0,0.0,0.0,0.0,0.0,0.0,0,0,0,0,0,0,0,False
2024,7,position_run,clearing,strict,True,False,1808.419921875,1808.419921875,113.0262451171875,1698.610595703125,297.0,1.0,120,0,0,0,0,0,1,True,False,1808.419921875,1808.419921875,113.0262451171875,1698.610595703125,297.0,1.0,120,0,0,0,0,0,1,True,False,0.0,0.0,0.0,0.0,0.0,0.0,0,0,0,0,0,0,0,False
2024,7,position_run,plus_one,operational,False,False,,0.0,,,295.0,3.0,136,0,0,0,0,0,1,False,False,,0.0,,,297.0,1.0,138,0,0,0,0,0,1,False,False,,0.0,,,-2.0,2.0,-2,0,0,0,0,0,0,False
2024,7,position_run,plus_one,strict,False,False,,0.0,,,295.0,3.0,136,0,0,0,0,0,1,False,False,,0.0,,,297.0,1.0,138,0,0,0,0,0,1,False,False,,0.0,,,-2.0,2.0,-2,0,0,0,0,0,0,False
2024,7,star_late,clearing,operational,True,False,1670.239990234375,1670.239990234375,104.38999938964844,1606.101806640625,282.0,16.0,127,0,0,0,0,0,1,True,False,1670.239990234375,1670.239990234375,104.38999938964844,1606.101806640625,282.0,16.0,127,0,0,0,0,0,1,True,False,0.0,0.0,0.0,0.0,0.0,0.0,0,0,0,0,0,0,0,False
2024,7,star_late,clearing,strict,True,False,1670.239990234375,1670.239990234375,104.38999938964844,1606.101806640625,282.0,16.0,127,0,0,0,0,0,1,True,False,1670.239990234375,1670.239990234375,104.38999938964844,1606.101806640625,282.0,16.0,127,0,0,0,0,0,1,True,False,0.0,0.0,0.0,0.0,0.0,0.0,0,0,0,0,0,0,0,False
2024,7,star_late,plus_one,operational,True,False,1695.8399658203125,1695.8399658203125,105.98999786376953,1624.198486328125,278.0,20.0,125,0,0,0,0,0,1,True,False,1751.1199951171875,1751.1199951171875,109.44499969482422,1622.6578369140625,292.0,6.0,127,0,0,0,0,0,1,True,False,-55.280029296875,-55.280029296875,-3.4550018310546875,1.5406494140625,-14.0,14.0,-2,0,0,0,0,0,0,False
2024,7,star_late,plus_one,strict,True,False,1695.8399658203125,1695.8399658203125,105.98999786376953,1624.198486328125,278.0,20.0,125,0,0,0,0,0,1,True,False,1751.1199951171875,1751.1199951171875,109.44499969482422,1622.6578369140625,292.0,6.0,127,0,0,0,0,0,1,True,False,-55.280029296875,-55.280029296875,-3.4550018310546875,1.5406494140625,-14.0,14.0,-2,0,0,0,0,0,0,False
2024,7,tier_early,clearing,operational,True,False,1710.93994140625,1710.93994140625,106.93374633789062,1726.831298828125,298.0,0.0,138,1,0,0,0,0,1,True,False,1710.93994140625,1710.93994140625,106.93374633789062,1726.831298828125,298.0,0.0,138,1,0,0,0,0,1,True,False,0.0,0.0,0.0,0.0,0.0,0.0,0,0,0,0,0,0,0,False
2024,7,tier_early,clearing,strict,True,False,1710.93994140625,1710.93994140625,106.93374633789062,1726.831298828125,298.0,0.0,138,1,0,0,0,0,1,True,False,1710.93994140625,1710.93994140625,106.93374633789062,1726.831298828125,298.0,0.0,138,1,0,0,0,0,1,True,False,0.0,0.0,0.0,0.0,0.0,0.0,0,0,0,0,0,0,0,False
2024,7,tier_early,plus_one,operational,True,False,1677.47998046875,1677.47998046875,104.84249877929688,1659.856689453125,298.0,0.0,129,0,0,0,0,0,1,False,False,,0.0,,,297.0,1.0,138,0,0,0,0,0,1,False,False,,1677.47998046875,,,1.0,-1.0,-9,0,0,0,0,0,0,False
2024,7,tier_early,plus_one,strict,True,False,1677.47998046875,1677.47998046875,104.84249877929688,1659.856689453125,298.0,0.0,129,0,0,0,0,0,1,False,False,,0.0,,,297.0,1.0,138,0,0,0,0,0,1,False,False,,1677.47998046875,,,1.0,-1.0,-9,0,0,0,0,0,0,False
2024,7,uniform,clearing,operational,True,False,1502.840087890625,1502.840087890625,93.92750549316406,1664.8785400390625,287.0,11.0,78,0,0,0,0,0,1,True,False,1532.840087890625,1532.840087890625,95.80250549316406,1639.75390625,283.0,15.0,124,0,0,0,0,0,1,True,False,-30.0,-30.0,-1.875,25.1246337890625,4.0,-4.0,-46,0,0,0,0,0,0,False
2024,7,uniform,clearing,strict,True,False,1502.840087890625,1502.840087890625,93.92750549316406,1664.8785400390625,287.0,11.0,78,0,0,0,0,0,1,True,False,1532.840087890625,1532.840087890625,95.80250549316406,1639.75390625,283.0,15.0,124,0,0,0,0,0,1,True,False,-30.0,-30.0,-1.875,25.1246337890625,4.0,-4.0,-46,0,0,0,0,0,0,False
2024,7,uniform,plus_one,operational,True,False,1560.0400390625,1560.0400390625,97.50250244140625,1626.3861083984375,293.0,5.0,84,0,0,0,0,0,1,True,False,1586.739990234375,1586.739990234375,99.17124938964844,1624.627685546875,265.0,33.0,60,0,0,0,0,0,1,True,False,-26.699951171875,-26.699951171875,-1.6687469482421875,1.7584228515625,28.0,-28.0,24,0,0,0,0,0,0,False
2024,7,uniform,plus_one,strict,True,False,1560.0400390625,1560.0400390625,97.50250244140625,1626.3861083984375,293.0,5.0,84,0,0,0,0,0,1,True,False,1586.739990234375,1586.739990234375,99.17124938964844,1624.627685546875,265.0,33.0,60,0,0,0,0,0,1,True,False,-26.699951171875,-26.699951171875,-1.6687469482421875,1.7584228515625,28.0,-28.0,24,0,0,0,0,0,0,False
2025,0,position_run,clearing,operational,False,False,,0.0,,,295.0,3.0,110,0,0,0,0,0,0,True,True,1448.239990234375,1448.239990234375,90.51499938964844,1645.5963134765625,295.0,3.0,136,0,0,0,0,0,0,False,False,,-1448.239990234375,,,0.0,0.0,-26,0,0,0,0,0,0,False
2025,0,position_run,clearing,strict,False,False,,0.0,,,295.0,3.0,110,0,0,0,0,0,0,True,True,1448.239990234375,1448.239990234375,90.51499938964844,1645.5963134765625,295.0,3.0,136,0,0,0,0,0,0,False,False,,-1448.239990234375,,,0.0,0.0,-26,0,0,0,0,0,0,False
2025,0,position_run,plus_one,operational,True,True,1529.9599609375,1529.9599609375,95.62249755859376,1660.9017333984375,298.0,0.0,115,0,0,0,0,0,0,True,True,1488.800048828125,1488.800048828125,93.0500030517578,1651.1617431640625,298.0,0.0,111,0,0,0,0,0,0,True,True,41.159912109375,41.159912109375,2.572494506835966,9.739990234375,0.0,0.0,4,0,0,0,0,0,0,True
2025,0,position_run,plus_one,strict,True,True,1529.9599609375,1529.9599609375,95.62249755859376,1660.9017333984375,298.0,0.0,115,0,0,0,0,0,0,True,True,1488.800048828125,1488.800048828125,93.0500030517578,1651.1617431640625,298.0,0.0,111,0,0,0,0,0,0,True,True,41.159912109375,41.159912109375,2.572494506835966,9.739990234375,0.0,0.0,4,0,0,0,0,0,0,True
2025,0,star_late,clearing,operational,True,True,1501.9599609375,1501.9599609375,93.87249755859376,1661.591796875,288.0,10.0,131,0,0,0,0,0,0,True,True,1519.60009765625,1519.60009765625,94.97500610351562,1617.3841552734375,291.0,7.0,134,0,0,0,0,0,0,True,True,-17.64013671875,-17.64013671875,-1.1025085449218608,44.2076416015625,-3.0,3.0,-3,0,0,0,0,0,0,False
2025,0,star_late,clearing,strict,True,True,1501.9599609375,1501.9599609375,93.87249755859376,1661.591796875,288.0,10.0,131,0,0,0,0,0,0,True,True,1519.60009765625,1519.60009765625,94.97500610351562,1617.3841552734375,291.0,7.0,134,0,0,0,0,0,0,True,True,-17.64013671875,-17.64013671875,-1.1025085449218608,44.2076416015625,-3.0,3.0,-3,0,0,0,0,0,0,False
2025,0,star_late,plus_one,operational,False,False,,0.0,,,288.0,10.0,141,0,0,0,0,0,0,True,True,1545.659912109375,1545.659912109375,96.60374450683594,1572.0626220703125,282.0,16.0,132,0,0,0,0,0,0,False,False,,-1545.659912109375,,,6.0,-6.0,9,0,0,0,0,0,0,False
2025,0,star_late,plus_one,strict,False,False,,0.0,,,288.0,10.0,141,0,0,0,0,0,0,True,True,1545.659912109375,1545.659912109375,96.60374450683594,1572.0626220703125,282.0,16.0,132,0,0,0,0,0,0,False,False,,-1545.659912109375,,,6.0,-6.0,9,0,0,0,0,0,0,False
2025,0,tier_early,clearing,operational,False,False,,0.0,,,290.0,8.0,90,0,0,0,0,0,0,False,False,,0.0,,,290.0,8.0,90,0,0,0,0,0,0,False,False,,0.0,,,0.0,0.0,0,0,0,0,0,0,0,False
2025,0,tier_early,clearing,strict,False,False,,0.0,,,290.0,8.0,90,0,0,0,0,0,0,False,False,,0.0,,,290.0,8.0,90,0,0,0,0,0,0,False,False,,0.0,,,0.0,0.0,0,0,0,0,0,0,0,False
2025,0,tier_early,plus_one,operational,False,False,,0.0,,,290.0,8.0,103,0,0,0,0,0,0,False,False,,0.0,,,290.0,8.0,103,0,0,0,0,0,0,False,False,,0.0,,,0.0,0.0,0,0,0,0,0,0,0,False
2025,0,tier_early,plus_one,strict,False,False,,0.0,,,290.0,8.0,103,0,0,0,0,0,0,False,False,,0.0,,,290.0,8.0,103,0,0,0,0,0,0,False,False,,0.0,,,0.0,0.0,0,0,0,0,0,0,0,False
2025,0,uniform,clearing,operational,True,True,1614.760009765625,1614.760009765625,100.92250061035156,1658.077880859375,297.0,1.0,119,0,0,0,0,0,0,True,True,1512.580078125,1512.580078125,94.5362548828125,1688.3245849609375,295.0,3.0,113,0,0,0,0,0,0,True,True,102.179931640625,102.179931640625,6.3862457275390625,-30.2467041015625,2.0,-2.0,6,0,0,0,0,0,0,True
2025,0,uniform,clearing,strict,True,True,1614.760009765625,1614.760009765625,100.92250061035156,1658.077880859375,297.0,1.0,119,0,0,0,0,0,0,True,True,1512.580078125,1512.580078125,94.5362548828125,1688.3245849609375,295.0,3.0,113,0,0,0,0,0,0,True,True,102.179931640625,102.179931640625,6.3862457275390625,-30.2467041015625,2.0,-2.0,6,0,0,0,0,0,0,True
2025,0,uniform,plus_one,operational,True,True,1432.8599853515625,1432.8599853515625,89.55374908447266,1646.5355224609375,296.0,2.0,119,0,0,0,0,0,0,True,True,1447.659912109375,1447.659912109375,90.47874450683594,1592.486572265625,289.0,9.0,120,0,0,0,0,0,0,True,True,-14.7999267578125,-14.7999267578125,-0.9249954223632812,54.0489501953125,7.0,-7.0,-1,0,0,0,0,0,0,False
2025,0,uniform,plus_one,strict,True,True,1432.8599853515625,1432.8599853515625,89.55374908447266,1646.5355224609375,296.0,2.0,119,0,0,0,0,0,0,True,True,1447.659912109375,1447.659912109375,90.47874450683594,1592.486572265625,289.0,9.0,120,0,0,0,0,0,0,True,True,-14.7999267578125,-14.7999267578125,-0.9249954223632812,54.0489501953125,7.0,-7.0,-1,0,0,0,0,0,0,False
2025,1,position_run,clearing,operational,True,True,1488.5,1488.5,93.03125,1685.2025146484375,296.0,2.0,137,0,0,0,0,0,0,True,True,1576.9599609375,1576.9599609375,98.55999755859376,1636.2054443359375,293.0,5.0,117,0,0,0,0,0,0,True,True,-88.4599609375,-88.4599609375,-5.528747558593764,48.9970703125,3.0,-3.0,20,0,0,0,0,0,0,False
2025,1,position_run,clearing,strict,True,True,1488.5,1488.5,93.03125,1685.2025146484375,296.0,2.0,137,0,0,0,0,0,0,True,True,1576.9599609375,1576.9599609375,98.55999755859376,1636.2054443359375,293.0,5.0,117,0,0,0,0,0,0,True,True,-88.4599609375,-88.4599609375,-5.528747558593764,48.9970703125,3.0,-3.0,20,0,0,0,0,0,0,False
2025,1,position_run,plus_one,operational,False,False,,0.0,,,295.0,3.0,120,0,0,0,0,0,0,True,True,1607.8800048828125,1607.8800048828125,100.49250030517578,1652.485595703125,298.0,0.0,117,0,0,0,0,0,0,False,False,,-1607.8800048828125,,,-3.0,3.0,3,0,0,0,0,0,0,False
2025,1,position_run,plus_one,strict,False,False,,0.0,,,295.0,3.0,120,0,0,0,0,0,0,True,True,1607.8800048828125,1607.8800048828125,100.49250030517578,1652.485595703125,298.0,0.0,117,0,0,0,0,0,0,False,False,,-1607.8800048828125,,,-3.0,3.0,3,0,0,0,0,0,0,False
2025,1,star_late,clearing,operational,True,True,1527.880126953125,1527.880126953125,95.49250793457033,1580.8056640625,272.0,26.0,115,0,0,0,0,0,0,True,True,1633.780029296875,1633.780029296875,102.11125183105467,1655.9224853515625,287.0,11.0,120,0,0,0,0,0,0,True,True,-105.89990234375,-105.89990234375,-6.618743896484347,-75.1168212890625,-15.0,15.0,-5,0,0,0,0,0,0,False
2025,1,star_late,clearing,strict,True,True,1527.880126953125,1527.880126953125,95.49250793457033,1580.8056640625,272.0,26.0,115,0,0,0,0,0,0,True,True,1633.780029296875,1633.780029296875,102.11125183105467,1655.9224853515625,287.0,11.0,120,0,0,0,0,0,0,True,True,-105.89990234375,-105.89990234375,-6.618743896484347,-75.1168212890625,-15.0,15.0,-5,0,0,0,0,0,0,False
2025,1,star_late,plus_one,operational,True,True,1512.5999755859375,1512.5999755859375,94.5374984741211,1622.5501708984375,295.0,3.0,120,0,0,0,0,0,0,True,True,1604.280029296875,1604.280029296875,100.26750183105467,1677.735595703125,297.0,1.0,120,0,0,0,0,0,0,True,True,-91.6800537109375,-91.6800537109375,-5.7300033569335795,-55.1854248046875,-2.0,2.0,0,0,0,0,0,0,0,False
2025,1,star_late,plus_one,strict,True,True,1512.5999755859375,1512.5999755859375,94.5374984741211,1622.5501708984375,295.0,3.0,120,0,0,0,0,0,0,True,True,1604.280029296875,1604.280029296875,100.26750183105467,1677.735595703125,297.0,1.0,120,0,0,0,0,0,0,True,True,-91.6800537109375,-91.6800537109375,-5.7300033569335795,-55.1854248046875,-2.0,2.0,0,0,0,0,0,0,0,False
2025,1,tier_early,clearing,operational,True,True,1635.1600341796875,1635.1600341796875,102.19750213623048,1652.08984375,298.0,0.0,114,1,0,0,0,0,0,True,True,1516.760009765625,1516.760009765625,94.79750061035156,1690.68359375,297.0,1.0,110,0,0,0,0,0,0,True,True,118.4000244140625,118.4000244140625,7.4000015258789205,-38.59375,1.0,-1.0,4,1,0,0,0,0,0,True
2025,1,tier_early,clearing,strict,True,True,1635.1600341796875,1635.1600341796875,102.19750213623048,1652.08984375,298.0,0.0,114,1,0,0,0,0,0,True,True,1516.760009765625,1516.760009765625,94.79750061035156,1690.68359375,297.0,1.0,110,0,0,0,0,0,0,True,True,118.4000244140625,118.4000244140625,7.4000015258789205,-38.59375,1.0,-1.0,4,1,0,0,0,0,0,True
2025,1,tier_early,plus_one,operational,False,False,,0.0,,,295.0,3.0,133,0,0,0,0,0,0,False,False,,0.0,,,295.0,3.0,133,0,0,0,0,0,0,False,False,,0.0,,,0.0,0.0,0,0,0,0,0,0,0,False
2025,1,tier_early,plus_one,strict,False,False,,0.0,,,295.0,3.0,133,0,0,0,0,0,0,False,False,,0.0,,,295.0,3.0,133,0,0,0,0,0,0,False,False,,0.0,,,0.0,0.0,0,0,0,0,0,0,0,False
2025,1,uniform,clearing,operational,True,True,1616.47998046875,1616.47998046875,101.02999877929688,1646.846923828125,282.0,16.0,140,0,0,0,0,0,0,True,True,1599.6800537109375,1599.6800537109375,99.9800033569336,1693.947998046875,292.0,6.0,140,0,0,0,0,0,0,True,True,16.7999267578125,16.7999267578125,1.0499954223632812,-47.10107421875,-10.0,10.0,0,0,0,0,0,0,0,True
2025,1,uniform,clearing,strict,True,True,1616.47998046875,1616.47998046875,101.02999877929688,1646.846923828125,282.0,16.0,140,0,0,0,0,0,0,True,True,1599.6800537109375,1599.6800537109375,99.9800033569336,1693.947998046875,292.0,6.0,140,0,0,0,0,0,0,True,True,16.7999267578125,16.7999267578125,1.0499954223632812,-47.10107421875,-10.0,10.0,0,0,0,0,0,0,0,True
2025,1,uniform,plus_one,operational,True,True,1580.06005859375,1580.06005859375,98.75375366210938,1622.971435546875,296.0,2.0,140,0,0,0,0,0,0,True,True,1603.8800048828125,1603.8800048828125,100.24250030517578,1652.488037109375,298.0,0.0,88,0,0,0,0,0,0,True,True,-23.8199462890625,-23.8199462890625,-1.4887466430664062,-29.5166015625,-2.0,2.0,52,0,0,0,0,0,0,False
2025,1,uniform,plus_one,strict,True,True,1580.06005859375,1580.06005859375,98.75375366210938,1622.971435546875,296.0,2.0,140,0,0,0,0,0,0,True,True,1603.8800048828125,1603.8800048828125,100.24250030517578,1652.488037109375,298.0,0.0,88,0,0,0,0,0,0,True,True,-23.8199462890625,-23.8199462890625,-1.4887466430664062,-29.5166015625,-2.0,2.0,52,0,0,0,0,0,0,False
2025,2,position_run,clearing,operational,True,True,1508.2000732421875,1508.2000732421875,94.26250457763672,1692.500732421875,297.0,1.0,116,0,0,0,0,0,0,True,True,1508.2000732421875,1508.2000732421875,94.26250457763672,1692.500732421875,297.0,1.0,116,0,0,0,0,0,0,True,True,0.0,0.0,0.0,0.0,0.0,0.0,0,0,0,0,0,0,0,False
2025,2,position_run,clearing,strict,True,True,1508.2000732421875,1508.2000732421875,94.26250457763672,1692.500732421875,297.0,1.0,116,0,0,0,0,0,0,True,True,1508.2000732421875,1508.2000732421875,94.26250457763672,1692.500732421875,297.0,1.0,116,0,0,0,0,0,0,True,True,0.0,0.0,0.0,0.0,0.0,0.0,0,0,0,0,0,0,0,False
2025,2,position_run,plus_one,operational,False,False,,0.0,,,294.0,4.0,123,0,0,0,0,0,0,False,False,,0.0,,,294.0,4.0,123,0,0,0,0,0,0,False,False,,0.0,,,0.0,0.0,0,0,0,0,0,0,0,False
2025,2,position_run,plus_one,strict,False,False,,0.0,,,294.0,4.0,123,0,0,0,0,0,0,False,False,,0.0,,,294.0,4.0,123,0,0,0,0,0,0,False,False,,0.0,,,0.0,0.0,0,0,0,0,0,0,0,False
2025,2,star_late,clearing,operational,True,True,1420.380126953125,1420.380126953125,88.77375793457031,1631.319580078125,266.0,32.0,117,0,0,0,0,0,0,True,True,1549.260009765625,1549.260009765625,96.82875061035156,1671.086669921875,290.0,8.0,115,0,0,0,0,0,0,True,True,-128.8798828125,-128.8798828125,-8.05499267578125,-39.76708984375,-24.0,24.0,2,0,0,0,0,0,0,False
2025,2,star_late,clearing,strict,True,True,1420.380126953125,1420.380126953125,88.77375793457031,1631.319580078125,266.0,32.0,117,0,0,0,0,0,0,True,True,1549.260009765625,1549.260009765625,96.82875061035156,1671.086669921875,290.0,8.0,115,0,0,0,0,0,0,True,True,-128.8798828125,-128.8798828125,-8.05499267578125,-39.76708984375,-24.0,24.0,2,0,0,0,0,0,0,False
2025,2,star_late,plus_one,operational,True,True,1541.9599609375,1541.9599609375,96.37249755859376,1610.7242431640625,282.0,16.0,130,0,0,0,0,0,0,True,True,1569.3599853515625,1569.3599853515625,98.08499908447266,1629.131591796875,273.0,25.0,114,0,0,0,0,0,0,True,True,-27.4000244140625,-27.4000244140625,-1.712501525878892,-18.4073486328125,9.0,-9.0,16,0,0,0,0,0,0,False
2025,2,star_late,plus_one,strict,True,True,1541.9599609375,1541.9599609375,96.37249755859376,1610.7242431640625,282.0,16.0,130,0,0,0,0,0,0,True,True,1569.3599853515625,1569.3599853515625,98.08499908447266,1629.131591796875,273.0,25.0,114,0,0,0,0,0,0,True,True,-27.4000244140625,-27.4000244140625,-1.712501525878892,-18.4073486328125,9.0,-9.0,16,0,0,0,0,0,0,False
2025,2,tier_early,clearing,operational,True,True,1672.5999755859375,1672.5999755859375,104.5374984741211,1674.131591796875,297.0,1.0,124,1,0,0,0,0,0,True,True,1648.5,1648.5,103.03125,1671.010498046875,296.0,2.0,132,0,0,0,0,0,0,True,True,24.0999755859375,24.0999755859375,1.5062484741210938,3.12109375,1.0,-1.0,-8,1,0,0,0,0,0,True
2025,2,tier_early,clearing,strict,True,True,1672.5999755859375,1672.5999755859375,104.5374984741211,1674.131591796875,297.0,1.0,124,1,0,0,0,0,0,True,True,1648.5,1648.5,103.03125,1671.010498046875,296.0,2.0,132,0,0,0,0,0,0,True,True,24.0999755859375,24.0999755859375,1.5062484741210938,3.12109375,1.0,-1.0,-8,1,0,0,0,0,0,True
2025,2,tier_early,plus_one,operational,False,False,,0.0,,,294.0,4.0,114,0,0,0,0,0,0,False,False,,0.0,,,294.0,4.0,114,0,0,0,0,0,0,False,False,,0.0,,,0.0,0.0,0,0,0,0,0,0,0,False
2025,2,tier_early,plus_one,strict,False,False,,0.0,,,294.0,4.0,114,0,0,0,0,0,0,False,False,,0.0,,,294.0,4.0,114,0,0,0,0,0,0,False,False,,0.0,,,0.0,0.0,0,0,0,0,0,0,0,False
2025,2,uniform,clearing,operational,True,True,1486.179931640625,1486.179931640625,92.88624572753906,1622.434814453125,287.0,11.0,121,0,0,0,0,0,0,True,True,1514.0,1514.0,94.625,1658.3216552734375,293.0,5.0,129,0,0,0,0,0,0,True,True,-27.820068359375,-27.820068359375,-1.7387542724609375,-35.8868408203125,-6.0,6.0,-8,0,0,0,0,0,0,False
2025,2,uniform,clearing,strict,True,True,1486.179931640625,1486.179931640625,92.88624572753906,1622.434814453125,287.0,11.0,121,0,0,0,0,0,0,True,True,1514.0,1514.0,94.625,1658.3216552734375,293.0,5.0,129,0,0,0,0,0,0,True,True,-27.820068359375,-27.820068359375,-1.7387542724609375,-35.8868408203125,-6.0,6.0,-8,0,0,0,0,0,0,False
2025,2,uniform,plus_one,operational,True,True,1548.4599609375,1548.4599609375,96.77874755859376,1565.94775390625,255.0,43.0,137,0,0,0,0,0,0,True,True,1393.179931640625,1393.179931640625,87.07374572753906,1622.4619140625,286.0,12.0,129,0,0,0,0,0,0,True,True,155.280029296875,155.280029296875,9.705001831054702,-56.51416015625,-31.0,31.0,8,0,0,0,0,0,0,True
2025,2,uniform,plus_one,strict,True,True,1548.4599609375,1548.4599609375,96.77874755859376,1565.94775390625,255.0,43.0,137,0,0,0,0,0,0,True,True,1393.179931640625,1393.179931640625,87.07374572753906,1622.4619140625,286.0,12.0,129,0,0,0,0,0,0,True,True,155.280029296875,155.280029296875,9.705001831054702,-56.51416015625,-31.0,31.0,8,0,0,0,0,0,0,True
2025,3,position_run,clearing,operational,True,True,1565.260009765625,1565.260009765625,97.82875061035156,1702.6429443359375,295.0,3.0,115,0,0,0,0,0,0,True,True,1635.97998046875,1635.97998046875,102.24874877929688,1693.8580322265625,297.0,1.0,123,0,0,0,0,0,0,True,True,-70.719970703125,-70.719970703125,-4.4199981689453125,8.784912109375,-2.0,2.0,-8,0,0,0,0,0,0,False
2025,3,position_run,clearing,strict,True,True,1565.260009765625,1565.260009765625,97.82875061035156,1702.6429443359375,295.0,3.0,115,0,0,0,0,0,0,True,True,1635.97998046875,1635.97998046875,102.24874877929688,1693.8580322265625,297.0,1.0,123,0,0,0,0,0,0,True,True,-70.719970703125,-70.719970703125,-4.4199981689453125,8.784912109375,-2.0,2.0,-8,0,0,0,0,0,0,False
2025,3,position_run,plus_one,operational,True,True,1562.780029296875,1562.780029296875,97.67375183105467,1698.1195068359375,294.0,4.0,115,0,0,0,0,0,0,True,True,1562.780029296875,1562.780029296875,97.67375183105467,1698.1195068359375,294.0,4.0,115,0,0,0,0,0,0,True,True,0.0,0.0,0.0,0.0,0.0,0.0,0,0,0,0,0,0,0,False
2025,3,position_run,plus_one,strict,True,True,1562.780029296875,1562.780029296875,97.67375183105467,1698.1195068359375,294.0,4.0,115,0,0,0,0,0,0,True,True,1562.780029296875,1562.780029296875,97.67375183105467,1698.1195068359375,294.0,4.0,115,0,0,0,0,0,0,True,True,0.0,0.0,0.0,0.0,0.0,0.0,0,0,0,0,0,0,0,False
2025,3,star_late,clearing,operational,True,True,1646.679931640625,1646.679931640625,102.91749572753906,1663.28125,291.0,7.0,117,0,0,0,0,0,0,True,True,1626.780029296875,1626.780029296875,101.67375183105467,1642.078857421875,290.0,8.0,117,0,0,0,0,0,0,True,True,19.89990234375,19.89990234375,1.2437438964843892,21.202392578125,1.0,-1.0,0,0,0,0,0,0,0,True
2025,3,star_late,clearing,strict,True,True,1646.679931640625,1646.679931640625,102.91749572753906,1663.28125,291.0,7.0,117,0,0,0,0,0,0,True,True,1626.780029296875,1626.780029296875,101.67375183105467,1642.078857421875,290.0,8.0,117,0,0,0,0,0,0,True,True,19.89990234375,19.89990234375,1.2437438964843892,21.202392578125,1.0,-1.0,0,0,0,0,0,0,0,True
2025,3,star_late,plus_one,operational,True,True,1452.280029296875,1452.280029296875,90.76750183105467,1673.7984619140625,298.0,0.0,117,0,0,0,0,0,0,True,True,1496.300048828125,1496.300048828125,93.5187530517578,1654.271240234375,295.0,3.0,128,0,0,0,0,0,0,True,True,-44.02001953125,-44.02001953125,-2.751251220703125,19.5272216796875,3.0,-3.0,-11,0,0,0,0,0,0,False
2025,3,star_late,plus_one,strict,True,True,1452.280029296875,1452.280029296875,90.76750183105467,1673.7984619140625,298.0,0.0,117,0,0,0,0,0,0,True,True,1496.300048828125,1496.300048828125,93.5187530517578,1654.271240234375,295.0,3.0,128,0,0,0,0,0,0,True,True,-44.02001953125,-44.02001953125,-2.751251220703125,19.5272216796875,3.0,-3.0,-11,0,0,0,0,0,0,False
2025,3,tier_early,clearing,operational,True,True,1531.97998046875,1531.97998046875,95.74874877929688,1672.9202880859375,297.0,1.0,130,0,0,0,0,0,0,True,True,1531.97998046875,1531.97998046875,95.74874877929688,1672.9202880859375,297.0,1.0,130,0,0,0,0,0,0,True,True,0.0,0.0,0.0,0.0,0.0,0.0,0,0,0,0,0,0,0,False
2025,3,tier_early,clearing,strict,True,True,1531.97998046875,1531.97998046875,95.74874877929688,1672.9202880859375,297.0,1.0,130,0,0,0,0,0,0,True,True,1531.97998046875,1531.97998046875,95.74874877929688,1672.9202880859375,297.0,1.0,130,0,0,0,0,0,0,True,True,0.0,0.0,0.0,0.0,0.0,0.0,0,0,0,0,0,0,0,False
2025,3,tier_early,plus_one,operational,False,False,,0.0,,,295.0,3.0,134,0,0,0,0,0,0,False,False,,0.0,,,294.0,4.0,113,0,0,0,0,0,0,False,False,,0.0,,,1.0,-1.0,21,0,0,0,0,0,0,False
2025,3,tier_early,plus_one,strict,False,False,,0.0,,,295.0,3.0,134,0,0,0,0,0,0,False,False,,0.0,,,294.0,4.0,113,0,0,0,0,0,0,False,False,,0.0,,,1.0,-1.0,21,0,0,0,0,0,0,False
2025,3,uniform,clearing,operational,True,True,1397.97998046875,1397.97998046875,87.37374877929688,1655.2115478515625,282.0,16.0,104,0,0,0,0,0,0,True,True,1514.780029296875,1514.780029296875,94.67375183105467,1672.395751953125,289.0,9.0,101,0,0,0,0,0,0,True,True,-116.800048828125,-116.800048828125,-7.300003051757798,-17.1842041015625,-7.0,7.0,3,0,0,0,0,0,0,False
2025,3,uniform,clearing,strict,True,True,1397.97998046875,1397.97998046875,87.37374877929688,1655.2115478515625,282.0,16.0,104,0,0,0,0,0,0,True,True,1514.780029296875,1514.780029296875,94.67375183105467,1672.395751953125,289.0,9.0,101,0,0,0,0,0,0,True,True,-116.800048828125,-116.800048828125,-7.300003051757798,-17.1842041015625,-7.0,7.0,3,0,0,0,0,0,0,False
2025,3,uniform,plus_one,operational,True,True,1396.280029296875,1396.280029296875,87.26750183105469,1620.4610595703125,285.0,13.0,95,0,0,0,0,0,0,True,True,1458.679931640625,1458.679931640625,91.16749572753906,1650.5999755859375,288.0,10.0,90,0,0,0,0,0,0,True,True,-62.39990234375,-62.39990234375,-3.899993896484375,-30.138916015625,-3.0,3.0,5,0,0,0,0,0,0,False
2025,3,uniform,plus_one,strict,True,True,1396.280029296875,1396.280029296875,87.26750183105469,1620.4610595703125,285.0,13.0,95,0,0,0,0,0,0,True,True,1458.679931640625,1458.679931640625,91.16749572753906,1650.5999755859375,288.0,10.0,90,0,0,0,0,0,0,True,True,-62.39990234375,-62.39990234375,-3.899993896484375,-30.138916015625,-3.0,3.0,5,0,0,0,0,0,0,False
2025,4,position_run,clearing,operational,True,True,1596.179931640625,1596.179931640625,99.76124572753906,1695.8336181640625,296.0,2.0,114,0,0,0,0,0,0,True,True,1596.179931640625,1596.179931640625,99.76124572753906,1695.8336181640625,296.0,2.0,114,0,0,0,0,0,0,True,True,0.0,0.0,0.0,0.0,0.0,0.0,0,0,0,0,0,0,0,False
2025,4,position_run,clearing,strict,True,True,1596.179931640625,1596.179931640625,99.76124572753906,1695.8336181640625,296.0,2.0,114,0,0,0,0,0,0,True,True,1596.179931640625,1596.179931640625,99.76124572753906,1695.8336181640625,296.0,2.0,114,0,0,0,0,0,0,True,True,0.0,0.0,0.0,0.0,0.0,0.0,0,0,0,0,0,0,0,False
2025,4,position_run,plus_one,operational,False,False,,0.0,,,296.0,2.0,131,0,0,0,0,0,0,False,False,,0.0,,,296.0,2.0,131,0,0,0,0,0,0,False,False,,0.0,,,0.0,0.0,0,0,0,0,0,0,0,False
2025,4,position_run,plus_one,strict,False,False,,0.0,,,296.0,2.0,131,0,0,0,0,0,0,False,False,,0.0,,,296.0,2.0,131,0,0,0,0,0,0,False,False,,0.0,,,0.0,0.0,0,0,0,0,0,0,0,False
2025,4,star_late,clearing,operational,True,True,1504.0,1504.0,94.0,1594.12890625,298.0,0.0,124,0,0,0,0,0,0,True,True,1626.360107421875,1626.360107421875,101.6475067138672,1617.658935546875,290.0,8.0,134,0,0,0,0,0,0,True,True,-122.360107421875,-122.360107421875,-7.647506713867202,-23.530029296875,8.0,-8.0,-10,0,0,0,0,0,0,False
2025,4,star_late,clearing,strict,True,True,1504.0,1504.0,94.0,1594.12890625,298.0,0.0,124,0,0,0,0,0,0,True,True,1626.360107421875,1626.360107421875,101.6475067138672,1617.658935546875,290.0,8.0,134,0,0,0,0,0,0,True,True,-122.360107421875,-122.360107421875,-7.647506713867202,-23.530029296875,8.0,-8.0,-10,0,0,0,0,0,0,False
2025,4,star_late,plus_one,operational,True,True,1573.679931640625,1573.679931640625,98.35499572753906,1644.242919921875,294.0,4.0,123,0,0,0,0,0,0,True,True,1669.260009765625,1669.260009765625,104.32875061035156,1586.2794189453125,298.0,0.0,137,0,0,0,0,0,0,True,True,-95.580078125,-95.580078125,-5.9737548828125,57.9635009765625,-4.0,4.0,-14,0,0,0,0,0,0,False
2025,4,star_late,plus_one,strict,True,True,1573.679931640625,1573.679931640625,98.35499572753906,1644.242919921875,294.0,4.0,123,0,0,0,0,0,0,True,True,1669.260009765625,1669.260009765625,104.32875061035156,1586.2794189453125,298.0,0.0,137,0,0,0,0,0,0,True,True,-95.580078125,-95.580078125,-5.9737548828125,57.9635009765625,-4.0,4.0,-14,0,0,0,0,0,0,False
2025,4,tier_early,clearing,operational,True,True,1562.6800537109375,1562.6800537109375,97.6675033569336,1641.893310546875,297.0,1.0,134,1,0,0,0,0,0,True,False,1562.6800537109375,1562.6800537109375,97.6675033569336,1647.404541015625,297.0,1.0,141,1,1,0,0,0,0,True,False,0.0,0.0,0.0,-5.51123046875,0.0,0.0,-7,0,-1,0,0,0,0,False
2025,4,tier_early,clearing,strict,True,True,1562.6800537109375,1562.6800537109375,97.6675033569336,1641.893310546875,297.0,1.0,134,1,0,0,0,0,0,False,False,,0.0,,,296.0,2.0,140,0,0,0,0,0,0,False,False,,1562.6800537109375,,,1.0,-1.0,-6,1,0,0,0,0,0,False
2025,4,tier_early,plus_one,operational,False,False,,0.0,,,296.0,2.0,139,0,5,0,0,0,0,False,False,,0.0,,,296.0,2.0,139,0,0,0,0,0,0,False,False,,0.0,,,0.0,0.0,0,0,5,0,0,0,0,False
2025,4,tier_early,plus_one,strict,False,False,,0.0,,,296.0,2.0,134,0,0,0,0,0,0,False,False,,0.0,,,296.0,2.0,139,0,0,0,0,0,0,False,False,,0.0,,,0.0,0.0,-5,0,0,0,0,0,0,False
2025,4,uniform,clearing,operational,True,True,1563.9000244140625,1563.9000244140625,97.7437515258789,1621.7828369140625,291.0,7.0,140,0,0,0,0,0,0,True,True,1691.179931640625,1691.179931640625,105.69874572753906,1667.287841796875,297.0,1.0,122,0,0,0,0,0,0,True,True,-127.2799072265625,-127.2799072265625,-7.954994201660156,-45.5050048828125,-6.0,6.0,18,0,0,0,0,0,0,False
2025,4,uniform,clearing,strict,True,True,1563.9000244140625,1563.9000244140625,97.7437515258789,1621.7828369140625,291.0,7.0,140,0,0,0,0,0,0,True,True,1691.179931640625,1691.179931640625,105.69874572753906,1667.287841796875,297.0,1.0,122,0,0,0,0,0,0,True,True,-127.2799072265625,-127.2799072265625,-7.954994201660156,-45.5050048828125,-6.0,6.0,18,0,0,0,0,0,0,False
2025,4,uniform,plus_one,operational,True,True,1612.300048828125,1612.300048828125,100.7687530517578,1555.650390625,297.0,1.0,117,0,0,0,0,0,0,True,True,1612.300048828125,1612.300048828125,100.7687530517578,1555.650390625,297.0,1.0,117,0,0,0,0,0,0,True,True,0.0,0.0,0.0,0.0,0.0,0.0,0,0,0,0,0,0,0,False
2025,4,uniform,plus_one,strict,True,True,1612.300048828125,1612.300048828125,100.7687530517578,1555.650390625,297.0,1.0,117,0,0,0,0,0,0,True,True,1612.300048828125,1612.300048828125,100.7687530517578,1555.650390625,297.0,1.0,117,0,0,0,0,0,0,True,True,0.0,0.0,0.0,0.0,0.0,0.0,0,0,0,0,0,0,0,False
2025,5,position_run,clearing,operational,True,True,1629.97998046875,1629.97998046875,101.87374877929688,1706.588623046875,298.0,0.0,118,0,0,0,0,0,0,True,True,1629.97998046875,1629.97998046875,101.87374877929688,1706.588623046875,298.0,0.0,118,0,0,0,0,0,0,True,True,0.0,0.0,0.0,0.0,0.0,0.0,0,0,0,0,0,0,0,False
2025,5,position_run,clearing,strict,True,True,1629.97998046875,1629.97998046875,101.87374877929688,1706.588623046875,298.0,0.0,118,0,0,0,0,0,0,True,True,1629.97998046875,1629.97998046875,101.87374877929688,1706.588623046875,298.0,0.0,118,0,0,0,0,0,0,True,True,0.0,0.0,0.0,0.0,0.0,0.0,0,0,0,0,0,0,0,False
2025,5,position_run,plus_one,operational,False,False,,0.0,,,295.0,3.0,132,0,0,0,0,0,0,False,False,,0.0,,,295.0,3.0,132,0,0,0,0,0,0,False,False,,0.0,,,0.0,0.0,0,0,0,0,0,0,0,False
2025,5,position_run,plus_one,strict,False,False,,0.0,,,295.0,3.0,132,0,0,0,0,0,0,False,False,,0.0,,,295.0,3.0,132,0,0,0,0,0,0,False,False,,0.0,,,0.0,0.0,0,0,0,0,0,0,0,False
2025,5,star_late,clearing,operational,True,True,1524.5799560546875,1524.5799560546875,95.28624725341795,1643.143798828125,264.0,34.0,122,0,0,0,0,0,0,True,True,1614.8798828125,1614.8798828125,100.92999267578124,1655.013671875,279.0,19.0,122,0,0,0,0,0,0,True,True,-90.2999267578125,-90.2999267578125,-5.643745422363281,-11.869873046875,-15.0,15.0,0,0,0,0,0,0,0,False
2025,5,star_late,clearing,strict,True,True,1524.5799560546875,1524.5799560546875,95.28624725341795,1643.143798828125,264.0,34.0,122,0,0,0,0,0,0,True,True,1614.8798828125,1614.8798828125,100.92999267578124,1655.013671875,279.0,19.0,122,0,0,0,0,0,0,True,True,-90.2999267578125,-90.2999267578125,-5.643745422363281,-11.869873046875,-15.0,15.0,0,0,0,0,0,0,0,False
2025,5,star_late,plus_one,operational,True,True,1483.5799560546875,1483.5799560546875,92.72374725341795,1647.651611328125,279.0,19.0,129,0,0,0,0,0,0,True,True,1398.47998046875,1398.47998046875,87.40499877929688,1633.4755859375,279.0,19.0,129,0,0,0,0,0,0,True,True,85.0999755859375,85.0999755859375,5.3187484741210795,14.176025390625,0.0,0.0,0,0,0,0,0,0,0,True
2025,5,star_late,plus_one,strict,True,True,1483.5799560546875,1483.5799560546875,92.72374725341795,1647.651611328125,279.0,19.0,129,0,0,0,0,0,0,True,True,1398.47998046875,1398.47998046875,87.40499877929688,1633.4755859375,279.0,19.0,129,0,0,0,0,0,0,True,True,85.0999755859375,85.0999755859375,5.3187484741210795,14.176025390625,0.0,0.0,0,0,0,0,0,0,0,True
2025,5,tier_early,clearing,operational,True,True,1498.47998046875,1498.47998046875,93.65499877929688,1684.21875,295.0,3.0,137,1,0,0,0,0,0,True,True,1504.97998046875,1504.97998046875,94.06124877929688,1705.731689453125,296.0,2.0,139,1,0,0,0,0,0,True,True,-6.5,-6.5,-0.40625,-21.512939453125,-1.0,1.0,-2,0,0,0,0,0,0,False
2025,5,tier_early,clearing,strict,True,True,1498.47998046875,1498.47998046875,93.65499877929688,1684.21875,295.0,3.0,137,1,0,0,0,0,0,True,True,1504.97998046875,1504.97998046875,94.06124877929688,1705.731689453125,296.0,2.0,139,1,0,0,0,0,0,True,True,-6.5,-6.5,-0.40625,-21.512939453125,-1.0,1.0,-2,0,0,0,0,0,0,False
2025,5,tier_early,plus_one,operational,False,False,,0.0,,,294.0,4.0,115,0,0,0,0,0,0,False,False,,0.0,,,294.0,4.0,115,0,0,0,0,0,0,False,False,,0.0,,,0.0,0.0,0,0,0,0,0,0,0,False
2025,5,tier_early,plus_one,strict,False,False,,0.0,,,294.0,4.0,115,0,0,0,0,0,0,False,False,,0.0,,,294.0,4.0,115,0,0,0,0,0,0,False,False,,0.0,,,0.0,0.0,0,0,0,0,0,0,0,False
2025,5,uniform,clearing,operational,True,True,1651.860107421875,1651.860107421875,103.2412567138672,1685.2435302734375,298.0,0.0,94,0,0,0,0,0,0,True,True,1693.56005859375,1693.56005859375,105.84750366210938,1659.1558837890625,297.0,1.0,128,0,0,0,0,0,0,True,True,-41.699951171875,-41.699951171875,-2.6062469482421733,26.087646484375,1.0,-1.0,-34,0,0,0,0,0,0,False
2025,5,uniform,clearing,strict,True,True,1651.860107421875,1651.860107421875,103.2412567138672,1685.2435302734375,298.0,0.0,94,0,0,0,0,0,0,True,True,1693.56005859375,1693.56005859375,105.84750366210938,1659.1558837890625,297.0,1.0,128,0,0,0,0,0,0,True,True,-41.699951171875,-41.699951171875,-2.6062469482421733,26.087646484375,1.0,-1.0,-34,0,0,0,0,0,0,False
2025,5,uniform,plus_one,operational,True,True,1597.9599609375,1597.9599609375,99.87249755859376,1670.203857421875,291.0,7.0,132,0,0,0,0,0,0,True,True,1597.9599609375,1597.9599609375,99.87249755859376,1670.203857421875,291.0,7.0,132,0,0,0,0,0,0,True,True,0.0,0.0,0.0,0.0,0.0,0.0,0,0,0,0,0,0,0,False
2025,5,uniform,plus_one,strict,True,True,1597.9599609375,1597.9599609375,99.87249755859376,1670.203857421875,291.0,7.0,132,0,0,0,0,0,0,True,True,1597.9599609375,1597.9599609375,99.87249755859376,1670.203857421875,291.0,7.0,132,0,0,0,0,0,0,True,True,0.0,0.0,0.0,0.0,0.0,0.0,0,0,0,0,0,0,0,False
2025,6,position_run,clearing,operational,True,True,1413.9599609375,1413.9599609375,88.37249755859375,1663.4515380859375,297.0,1.0,112,0,0,0,0,0,0,True,True,1684.9599609375,1684.9599609375,105.30999755859376,1659.978271484375,296.0,2.0,112,0,0,0,0,0,0,True,True,-271.0,-271.0,-16.937500000000014,3.4732666015625,1.0,-1.0,0,0,0,0,0,0,0,False
2025,6,position_run,clearing,strict,True,True,1413.9599609375,1413.9599609375,88.37249755859375,1663.4515380859375,297.0,1.0,112,0,0,0,0,0,0,True,True,1684.9599609375,1684.9599609375,105.30999755859376,1659.978271484375,296.0,2.0,112,0,0,0,0,0,0,True,True,-271.0,-271.0,-16.937500000000014,3.4732666015625,1.0,-1.0,0,0,0,0,0,0,0,False
2025,6,position_run,plus_one,operational,False,False,,0.0,,,295.0,3.0,136,0,0,0,0,0,0,False,False,,0.0,,,295.0,3.0,136,0,0,0,0,0,0,False,False,,0.0,,,0.0,0.0,0,0,0,0,0,0,0,False
2025,6,position_run,plus_one,strict,False,False,,0.0,,,295.0,3.0,136,0,0,0,0,0,0,False,False,,0.0,,,295.0,3.0,136,0,0,0,0,0,0,False,False,,0.0,,,0.0,0.0,0,0,0,0,0,0,0,False
2025,6,star_late,clearing,operational,True,True,1722.760009765625,1722.760009765625,107.67250061035156,1595.811767578125,260.0,38.0,130,0,0,0,0,0,0,True,True,1634.56005859375,1634.56005859375,102.16000366210938,1593.714599609375,284.0,14.0,128,0,0,0,0,0,0,True,True,88.199951171875,88.199951171875,5.5124969482421875,2.09716796875,-24.0,24.0,2,0,0,0,0,0,0,True
2025,6,star_late,clearing,strict,True,True,1722.760009765625,1722.760009765625,107.67250061035156,1595.811767578125,260.0,38.0,130,0,0,0,0,0,0,True,True,1634.56005859375,1634.56005859375,102.16000366210938,1593.714599609375,284.0,14.0,128,0,0,0,0,0,0,True,True,88.199951171875,88.199951171875,5.5124969482421875,2.09716796875,-24.0,24.0,2,0,0,0,0,0,0,True
2025,6,star_late,plus_one,operational,True,True,1479.199951171875,1479.199951171875,92.4499969482422,1622.315673828125,278.0,20.0,130,0,0,0,0,0,0,True,True,1726.06005859375,1726.06005859375,107.87875366210938,1572.196044921875,289.0,9.0,129,0,0,0,0,0,0,True,True,-246.860107421875,-246.860107421875,-15.428756713867173,50.11962890625,-11.0,11.0,1,0,0,0,0,0,0,False
2025,6,star_late,plus_one,strict,True,True,1479.199951171875,1479.199951171875,92.4499969482422,1622.315673828125,278.0,20.0,130,0,0,0,0,0,0,True,True,1726.06005859375,1726.06005859375,107.87875366210938,1572.196044921875,289.0,9.0,129,0,0,0,0,0,0,True,True,-246.860107421875,-246.860107421875,-15.428756713867173,50.11962890625,-11.0,11.0,1,0,0,0,0,0,0,False
2025,6,tier_early,clearing,operational,True,True,1650.9599609375,1650.9599609375,103.18499755859376,1660.4124755859375,297.0,1.0,118,0,0,0,0,0,0,True,True,1650.9599609375,1650.9599609375,103.18499755859376,1660.4124755859375,297.0,1.0,118,0,0,0,0,0,0,True,True,0.0,0.0,0.0,0.0,0.0,0.0,0,0,0,0,0,0,0,False
2025,6,tier_early,clearing,strict,True,True,1650.9599609375,1650.9599609375,103.18499755859376,1660.4124755859375,297.0,1.0,118,0,0,0,0,0,0,True,True,1650.9599609375,1650.9599609375,103.18499755859376,1660.4124755859375,297.0,1.0,118,0,0,0,0,0,0,True,True,0.0,0.0,0.0,0.0,0.0,0.0,0,0,0,0,0,0,0,False
2025,6,tier_early,plus_one,operational,True,True,1677.760009765625,1677.760009765625,104.86000061035156,1653.303466796875,298.0,0.0,137,0,0,0,0,0,0,True,True,1631.6600341796875,1631.6600341796875,101.97875213623048,1621.398681640625,297.0,1.0,139,0,0,0,0,0,0,True,True,46.0999755859375,46.0999755859375,2.8812484741210795,31.90478515625,1.0,-1.0,-2,0,0,0,0,0,0,True
2025,6,tier_early,plus_one,strict,True,True,1677.760009765625,1677.760009765625,104.86000061035156,1653.303466796875,298.0,0.0,137,0,0,0,0,0,0,True,True,1631.6600341796875,1631.6600341796875,101.97875213623048,1621.398681640625,297.0,1.0,139,0,0,0,0,0,0,True,True,46.0999755859375,46.0999755859375,2.8812484741210795,31.90478515625,1.0,-1.0,-2,0,0,0,0,0,0,True
2025,6,uniform,clearing,operational,True,True,1410.179931640625,1410.179931640625,88.13624572753906,1692.4625244140625,290.0,8.0,88,0,0,0,0,0,0,True,True,1410.179931640625,1410.179931640625,88.13624572753906,1692.4625244140625,290.0,8.0,88,0,0,0,0,0,0,True,True,0.0,0.0,0.0,0.0,0.0,0.0,0,0,0,0,0,0,0,False
2025,6,uniform,clearing,strict,True,True,1410.179931640625,1410.179931640625,88.13624572753906,1692.4625244140625,290.0,8.0,88,0,0,0,0,0,0,True,True,1410.179931640625,1410.179931640625,88.13624572753906,1692.4625244140625,290.0,8.0,88,0,0,0,0,0,0,True,True,0.0,0.0,0.0,0.0,0.0,0.0,0,0,0,0,0,0,0,False
2025,6,uniform,plus_one,operational,True,True,1571.260009765625,1571.260009765625,98.20375061035156,1587.0970458984375,282.0,16.0,116,0,0,0,0,0,0,True,True,1593.8599853515625,1593.8599853515625,99.61624908447266,1608.0380859375,285.0,13.0,116,0,0,0,0,0,0,True,True,-22.5999755859375,-22.5999755859375,-1.4124984741210938,-20.9410400390625,-3.0,3.0,0,0,0,0,0,0,0,False
2025,6,uniform,plus_one,strict,True,True,1571.260009765625,1571.260009765625,98.20375061035156,1587.0970458984375,282.0,16.0,116,0,0,0,0,0,0,True,True,1593.8599853515625,1593.8599853515625,99.61624908447266,1608.0380859375,285.0,13.0,116,0,0,0,0,0,0,True,True,-22.5999755859375,-22.5999755859375,-1.4124984741210938,-20.9410400390625,-3.0,3.0,0,0,0,0,0,0,0,False
2025,7,position_run,clearing,operational,True,True,1568.800048828125,1568.800048828125,98.0500030517578,1623.5640869140625,297.0,1.0,130,0,0,0,0,0,0,True,True,1568.800048828125,1568.800048828125,98.0500030517578,1623.5640869140625,297.0,1.0,130,0,0,0,0,0,0,True,True,0.0,0.0,0.0,0.0,0.0,0.0,0,0,0,0,0,0,0,False
2025,7,position_run,clearing,strict,True,True,1568.800048828125,1568.800048828125,98.0500030517578,1623.5640869140625,297.0,1.0,130,0,0,0,0,0,0,True,True,1568.800048828125,1568.800048828125,98.0500030517578,1623.5640869140625,297.0,1.0,130,0,0,0,0,0,0,True,True,0.0,0.0,0.0,0.0,0.0,0.0,0,0,0,0,0,0,0,False
2025,7,position_run,plus_one,operational,True,True,1646.699951171875,1646.699951171875,102.9187469482422,1615.8414306640625,290.0,8.0,123,0,0,0,0,0,0,False,False,,0.0,,,294.0,4.0,119,0,0,0,0,0,0,False,False,,1646.699951171875,,,-4.0,4.0,4,0,0,0,0,0,0,False
2025,7,position_run,plus_one,strict,True,True,1646.699951171875,1646.699951171875,102.9187469482422,1615.8414306640625,290.0,8.0,123,0,0,0,0,0,0,False,False,,0.0,,,294.0,4.0,119,0,0,0,0,0,0,False,False,,1646.699951171875,,,-4.0,4.0,4,0,0,0,0,0,0,False
2025,7,star_late,clearing,operational,True,True,1668.659912109375,1668.659912109375,104.29124450683594,1657.717529296875,294.0,4.0,124,0,0,0,0,0,0,True,True,1651.360107421875,1651.360107421875,103.2100067138672,1636.448486328125,293.0,5.0,130,0,0,0,0,0,0,True,True,17.2998046875,17.2998046875,1.0812377929687358,21.26904296875,1.0,-1.0,-6,0,0,0,0,0,0,True
2025,7,star_late,clearing,strict,True,True,1668.659912109375,1668.659912109375,104.29124450683594,1657.717529296875,294.0,4.0,124,0,0,0,0,0,0,True,True,1651.360107421875,1651.360107421875,103.2100067138672,1636.448486328125,293.0,5.0,130,0,0,0,0,0,0,True,True,17.2998046875,17.2998046875,1.0812377929687358,21.26904296875,1.0,-1.0,-6,0,0,0,0,0,0,True
2025,7,star_late,plus_one,operational,True,True,1640.1600341796875,1640.1600341796875,102.51000213623048,1643.745361328125,297.0,1.0,124,0,0,0,0,0,0,True,True,1494.280029296875,1494.280029296875,93.39250183105467,1649.681884765625,294.0,4.0,136,0,0,0,0,0,0,True,True,145.8800048828125,145.8800048828125,9.11750030517581,-5.9365234375,3.0,-3.0,-12,0,0,0,0,0,0,True
2025,7,star_late,plus_one,strict,True,True,1640.1600341796875,1640.1600341796875,102.51000213623048,1643.745361328125,297.0,1.0,124,0,0,0,0,0,0,True,True,1494.280029296875,1494.280029296875,93.39250183105467,1649.681884765625,294.0,4.0,136,0,0,0,0,0,0,True,True,145.8800048828125,145.8800048828125,9.11750030517581,-5.9365234375,3.0,-3.0,-12,0,0,0,0,0,0,True
2025,7,tier_early,clearing,operational,False,False,,0.0,,,294.0,4.0,88,0,0,0,0,0,0,True,True,1614.2999267578125,1614.2999267578125,100.89374542236328,1668.958251953125,297.0,1.0,118,0,0,0,0,0,0,False,False,,-1614.2999267578125,,,-3.0,3.0,-30,0,0,0,0,0,0,False
2025,7,tier_early,clearing,strict,False,False,,0.0,,,294.0,4.0,88,0,0,0,0,0,0,True,True,1614.2999267578125,1614.2999267578125,100.89374542236328,1668.958251953125,297.0,1.0,118,0,0,0,0,0,0,False,False,,-1614.2999267578125,,,-3.0,3.0,-30,0,0,0,0,0,0,False
2025,7,tier_early,plus_one,operational,False,False,,0.0,,,295.0,3.0,135,0,0,0,0,0,0,False,False,,0.0,,,292.0,6.0,125,0,0,0,0,0,0,False,False,,0.0,,,3.0,-3.0,10,0,0,0,0,0,0,False
2025,7,tier_early,plus_one,strict,False,False,,0.0,,,295.0,3.0,135,0,0,0,0,0,0,False,False,,0.0,,,292.0,6.0,125,0,0,0,0,0,0,False,False,,0.0,,,3.0,-3.0,10,0,0,0,0,0,0,False
2025,7,uniform,clearing,operational,True,True,1692.260009765625,1692.260009765625,105.76625061035156,1621.2476806640625,287.0,11.0,139,0,0,0,0,0,0,True,True,1597.199951171875,1597.199951171875,99.8249969482422,1613.8668212890625,288.0,10.0,140,1,0,0,0,0,0,True,True,95.06005859375,95.06005859375,5.941253662109361,7.380859375,-1.0,1.0,-1,-1,0,0,0,0,0,True
2025,7,uniform,clearing,strict,True,True,1692.260009765625,1692.260009765625,105.76625061035156,1621.2476806640625,287.0,11.0,139,0,0,0,0,0,0,True,True,1597.199951171875,1597.199951171875,99.8249969482422,1613.8668212890625,288.0,10.0,140,1,0,0,0,0,0,True,True,95.06005859375,95.06005859375,5.941253662109361,7.380859375,-1.0,1.0,-1,-1,0,0,0,0,0,True
2025,7,uniform,plus_one,operational,True,True,1434.5,1434.5,89.65625,1643.6732177734375,268.0,30.0,140,0,0,0,0,0,0,True,True,1500.06005859375,1500.06005859375,93.75375366210938,1632.16015625,294.0,4.0,108,0,0,0,0,0,0,True,True,-65.56005859375,-65.56005859375,-4.097503662109375,11.5130615234375,-26.0,26.0,32,0,0,0,0,0,0,False
2025,7,uniform,plus_one,strict,True,True,1434.5,1434.5,89.65625,1643.6732177734375,268.0,30.0,140,0,0,0,0,0,0,True,True,1500.06005859375,1500.06005859375,93.75375366210938,1632.16015625,294.0,4.0,108,0,0,0,0,0,0,True,True,-65.56005859375,-65.56005859375,-4.097503662109375,11.5130615234375,-26.0,26.0,32,0,0,0,0,0,0,False
