lock_version,model_run_id,target_name,method,slice_type,slice_value,metric,n_rows,n_seasons,value
v2_conditional_ppg_2026_candidate_nv_v1,v2_locked_final_nv_20260826T211405Z_99d55e2f,conditional_ppg,conditional_ppg_history_gap_no_history_route,pooled,all,rmse,3622,9,2.8381704520403996
v2_conditional_ppg_2026_candidate_nv_v1,v2_locked_final_nv_20260826T211405Z_99d55e2f,conditional_ppg,conditional_ppg_history_gap_no_history_route,pooled,all,mae,3622,9,2.203208090230596
v2_conditional_ppg_2026_candidate_nv_v1,v2_locked_final_nv_20260826T211405Z_99d55e2f,conditional_ppg,conditional_ppg_history_gap_no_history_route,pooled,all,bias,3622,9,0.12661841097226786
v2_conditional_ppg_2026_candidate_nv_v1,v2_locked_final_nv_20260826T211405Z_99d55e2f,conditional_ppg,conditional_ppg_history_gap_no_history_route,pooled,all,spearman,3622,9,0.781677351094388
v2_conditional_ppg_2026_candidate_nv_v1,v2_locked_final_nv_20260826T211405Z_99d55e2f,conditional_ppg,conditional_ppg_history_gap_no_history_route,provider_era,2023_2025,rmse,1226,3,2.8568052917160554
v2_conditional_ppg_2026_candidate_nv_v1,v2_locked_final_nv_20260826T211405Z_99d55e2f,conditional_ppg,conditional_ppg_history_gap_no_history_route,provider_era,2023_2025,mae,1226,3,2.215295919253944
v2_conditional_ppg_2026_candidate_nv_v1,v2_locked_final_nv_20260826T211405Z_99d55e2f,conditional_ppg,conditional_ppg_history_gap_no_history_route,provider_era,2023_2025,bias,1226,3,0.2653212098768659
v2_conditional_ppg_2026_candidate_nv_v1,v2_locked_final_nv_20260826T211405Z_99d55e2f,conditional_ppg,conditional_ppg_history_gap_no_history_route,provider_era,2023_2025,spearman,1226,3,0.7919410196112499
v2_conditional_ppg_2026_candidate_nv_v1,v2_locked_final_nv_20260826T211405Z_99d55e2f,conditional_ppg,conditional_ppg_history_gap_no_history_route,season,2017,rmse,402,1,2.821837486026907
v2_conditional_ppg_2026_candidate_nv_v1,v2_locked_final_nv_20260826T211405Z_99d55e2f,conditional_ppg,conditional_ppg_history_gap_no_history_route,season,2017,mae,402,1,2.190341407055301
v2_conditional_ppg_2026_candidate_nv_v1,v2_locked_final_nv_20260826T211405Z_99d55e2f,conditional_ppg,conditional_ppg_history_gap_no_history_route,season,2017,bias,402,1,0.35096243399877386
v2_conditional_ppg_2026_candidate_nv_v1,v2_locked_final_nv_20260826T211405Z_99d55e2f,conditional_ppg,conditional_ppg_history_gap_no_history_route,season,2017,spearman,402,1,0.7641035757813681
v2_conditional_ppg_2026_candidate_nv_v1,v2_locked_final_nv_20260826T211405Z_99d55e2f,conditional_ppg,conditional_ppg_history_gap_no_history_route,season,2018,rmse,365,1,2.979827585996236
v2_conditional_ppg_2026_candidate_nv_v1,v2_locked_final_nv_20260826T211405Z_99d55e2f,conditional_ppg,conditional_ppg_history_gap_no_history_route,season,2018,mae,365,1,2.2955968449881823
v2_conditional_ppg_2026_candidate_nv_v1,v2_locked_final_nv_20260826T211405Z_99d55e2f,conditional_ppg,conditional_ppg_history_gap_no_history_route,season,2018,bias,365,1,-0.4075966337988583
v2_conditional_ppg_2026_candidate_nv_v1,v2_locked_final_nv_20260826T211405Z_99d55e2f,conditional_ppg,conditional_ppg_history_gap_no_history_route,season,2018,spearman,365,1,0.7391285276194102
v2_conditional_ppg_2026_candidate_nv_v1,v2_locked_final_nv_20260826T211405Z_99d55e2f,conditional_ppg,conditional_ppg_history_gap_no_history_route,season,2019,rmse,385,1,2.8407007987196478
v2_conditional_ppg_2026_candidate_nv_v1,v2_locked_final_nv_20260826T211405Z_99d55e2f,conditional_ppg,conditional_ppg_history_gap_no_history_route,season,2019,mae,385,1,2.236657335027207
v2_conditional_ppg_2026_candidate_nv_v1,v2_locked_final_nv_20260826T211405Z_99d55e2f,conditional_ppg,conditional_ppg_history_gap_no_history_route,season,2019,bias,385,1,-0.14500435928679575
v2_conditional_ppg_2026_candidate_nv_v1,v2_locked_final_nv_20260826T211405Z_99d55e2f,conditional_ppg,conditional_ppg_history_gap_no_history_route,season,2019,spearman,385,1,0.7731367659035372
v2_conditional_ppg_2026_candidate_nv_v1,v2_locked_final_nv_20260826T211405Z_99d55e2f,conditional_ppg,conditional_ppg_history_gap_no_history_route,season,2020,rmse,409,1,3.042921947429749
v2_conditional_ppg_2026_candidate_nv_v1,v2_locked_final_nv_20260826T211405Z_99d55e2f,conditional_ppg,conditional_ppg_history_gap_no_history_route,season,2020,mae,409,1,2.310048239777733
v2_conditional_ppg_2026_candidate_nv_v1,v2_locked_final_nv_20260826T211405Z_99d55e2f,conditional_ppg,conditional_ppg_history_gap_no_history_route,season,2020,bias,409,1,-0.3265669947330768
v2_conditional_ppg_2026_candidate_nv_v1,v2_locked_final_nv_20260826T211405Z_99d55e2f,conditional_ppg,conditional_ppg_history_gap_no_history_route,season,2020,spearman,409,1,0.7758163199176971
v2_conditional_ppg_2026_candidate_nv_v1,v2_locked_final_nv_20260826T211405Z_99d55e2f,conditional_ppg,conditional_ppg_history_gap_no_history_route,season,2021,rmse,413,1,2.758608340356775
v2_conditional_ppg_2026_candidate_nv_v1,v2_locked_final_nv_20260826T211405Z_99d55e2f,conditional_ppg,conditional_ppg_history_gap_no_history_route,season,2021,mae,413,1,2.124187756654908
v2_conditional_ppg_2026_candidate_nv_v1,v2_locked_final_nv_20260826T211405Z_99d55e2f,conditional_ppg,conditional_ppg_history_gap_no_history_route,season,2021,bias,413,1,0.20750083111881903
v2_conditional_ppg_2026_candidate_nv_v1,v2_locked_final_nv_20260826T211405Z_99d55e2f,conditional_ppg,conditional_ppg_history_gap_no_history_route,season,2021,spearman,413,1,0.7908069993945466
v2_conditional_ppg_2026_candidate_nv_v1,v2_locked_final_nv_20260826T211405Z_99d55e2f,conditional_ppg,conditional_ppg_history_gap_no_history_route,season,2022,rmse,422,1,2.525418079018028
v2_conditional_ppg_2026_candidate_nv_v1,v2_locked_final_nv_20260826T211405Z_99d55e2f,conditional_ppg,conditional_ppg_history_gap_no_history_route,season,2022,mae,422,1,2.043707261137255
v2_conditional_ppg_2026_candidate_nv_v1,v2_locked_final_nv_20260826T211405Z_99d55e2f,conditional_ppg,conditional_ppg_history_gap_no_history_route,season,2022,bias,422,1,0.5798784123714819
v2_conditional_ppg_2026_candidate_nv_v1,v2_locked_final_nv_20260826T211405Z_99d55e2f,conditional_ppg,conditional_ppg_history_gap_no_history_route,season,2022,spearman,422,1,0.8111382662247248
v2_conditional_ppg_2026_candidate_nv_v1,v2_locked_final_nv_20260826T211405Z_99d55e2f,conditional_ppg,conditional_ppg_history_gap_no_history_route,season,2023,rmse,404,1,2.9129260274902666
v2_conditional_ppg_2026_candidate_nv_v1,v2_locked_final_nv_20260826T211405Z_99d55e2f,conditional_ppg,conditional_ppg_history_gap_no_history_route,season,2023,mae,404,1,2.2327826285228833
v2_conditional_ppg_2026_candidate_nv_v1,v2_locked_final_nv_20260826T211405Z_99d55e2f,conditional_ppg,conditional_ppg_history_gap_no_history_route,season,2023,bias,404,1,0.42809772137936486
v2_conditional_ppg_2026_candidate_nv_v1,v2_locked_final_nv_20260826T211405Z_99d55e2f,conditional_ppg,conditional_ppg_history_gap_no_history_route,season,2023,spearman,404,1,0.785636063837998
v2_conditional_ppg_2026_candidate_nv_v1,v2_locked_final_nv_20260826T211405Z_99d55e2f,conditional_ppg,conditional_ppg_history_gap_no_history_route,season,2024,rmse,406,1,2.9111917020237414
v2_conditional_ppg_2026_candidate_nv_v1,v2_locked_final_nv_20260826T211405Z_99d55e2f,conditional_ppg,conditional_ppg_history_gap_no_history_route,season,2024,mae,406,1,2.3258549405250113
v2_conditional_ppg_2026_candidate_nv_v1,v2_locked_final_nv_20260826T211405Z_99d55e2f,conditional_ppg,conditional_ppg_history_gap_no_history_route,season,2024,bias,406,1,0.18481455663004476
v2_conditional_ppg_2026_candidate_nv_v1,v2_locked_final_nv_20260826T211405Z_99d55e2f,conditional_ppg,conditional_ppg_history_gap_no_history_route,season,2024,spearman,406,1,0.7941592049510829
v2_conditional_ppg_2026_candidate_nv_v1,v2_locked_final_nv_20260826T211405Z_99d55e2f,conditional_ppg,conditional_ppg_history_gap_no_history_route,season,2025,rmse,416,1,2.746036337636287
v2_conditional_ppg_2026_candidate_nv_v1,v2_locked_final_nv_20260826T211405Z_99d55e2f,conditional_ppg,conditional_ppg_history_gap_no_history_route,season,2025,mae,416,1,2.090412281800325
v2_conditional_ppg_2026_candidate_nv_v1,v2_locked_final_nv_20260826T211405Z_99d55e2f,conditional_ppg,conditional_ppg_history_gap_no_history_route,season,2025,bias,416,1,0.18581157182686533
v2_conditional_ppg_2026_candidate_nv_v1,v2_locked_final_nv_20260826T211405Z_99d55e2f,conditional_ppg,conditional_ppg_history_gap_no_history_route,season,2025,spearman,416,1,0.8060259162957897
v2_conditional_ppg_2026_candidate_nv_v1,v2_locked_final_nv_20260826T211405Z_99d55e2f,conditional_ppg,conditional_ppg_history_gap_no_history_route,position,QB,rmse,306,8,3.6310858256272627
v2_conditional_ppg_2026_candidate_nv_v1,v2_locked_final_nv_20260826T211405Z_99d55e2f,conditional_ppg,conditional_ppg_history_gap_no_history_route,position,QB,mae,306,8,2.866046232758792
v2_conditional_ppg_2026_candidate_nv_v1,v2_locked_final_nv_20260826T211405Z_99d55e2f,conditional_ppg,conditional_ppg_history_gap_no_history_route,position,QB,bias,306,8,-0.11879308408368161
v2_conditional_ppg_2026_candidate_nv_v1,v2_locked_final_nv_20260826T211405Z_99d55e2f,conditional_ppg,conditional_ppg_history_gap_no_history_route,position,QB,spearman,306,8,0.5468606768732475
v2_conditional_ppg_2026_candidate_nv_v1,v2_locked_final_nv_20260826T211405Z_99d55e2f,conditional_ppg,conditional_ppg_history_gap_no_history_route,position,RB,rmse,1011,9,3.29359905234408
v2_conditional_ppg_2026_candidate_nv_v1,v2_locked_final_nv_20260826T211405Z_99d55e2f,conditional_ppg,conditional_ppg_history_gap_no_history_route,position,RB,mae,1011,9,2.58140139248331
v2_conditional_ppg_2026_candidate_nv_v1,v2_locked_final_nv_20260826T211405Z_99d55e2f,conditional_ppg,conditional_ppg_history_gap_no_history_route,position,RB,bias,1011,9,-0.054842749574654785
v2_conditional_ppg_2026_candidate_nv_v1,v2_locked_final_nv_20260826T211405Z_99d55e2f,conditional_ppg,conditional_ppg_history_gap_no_history_route,position,RB,spearman,1011,9,0.7369681224110002
v2_conditional_ppg_2026_candidate_nv_v1,v2_locked_final_nv_20260826T211405Z_99d55e2f,conditional_ppg,conditional_ppg_history_gap_no_history_route,position,TE,rmse,802,9,1.9969758002054132
v2_conditional_ppg_2026_candidate_nv_v1,v2_locked_final_nv_20260826T211405Z_99d55e2f,conditional_ppg,conditional_ppg_history_gap_no_history_route,position,TE,mae,802,9,1.5689709283389845
v2_conditional_ppg_2026_candidate_nv_v1,v2_locked_final_nv_20260826T211405Z_99d55e2f,conditional_ppg,conditional_ppg_history_gap_no_history_route,position,TE,bias,802,9,0.25484436070715905
v2_conditional_ppg_2026_candidate_nv_v1,v2_locked_final_nv_20260826T211405Z_99d55e2f,conditional_ppg,conditional_ppg_history_gap_no_history_route,position,TE,spearman,802,9,0.6944366248030789
v2_conditional_ppg_2026_candidate_nv_v1,v2_locked_final_nv_20260826T211405Z_99d55e2f,conditional_ppg,conditional_ppg_history_gap_no_history_route,position,WR,rmse,1503,9,2.7023567198743983
v2_conditional_ppg_2026_candidate_nv_v1,v2_locked_final_nv_20260826T211405Z_99d55e2f,conditional_ppg,conditional_ppg_history_gap_no_history_route,position,WR,mae,1503,9,2.152294120600489
v2_conditional_ppg_2026_candidate_nv_v1,v2_locked_final_nv_20260826T211405Z_99d55e2f,conditional_ppg,conditional_ppg_history_gap_no_history_route,position,WR,bias,1503,9,0.23022183020891226
v2_conditional_ppg_2026_candidate_nv_v1,v2_locked_final_nv_20260826T211405Z_99d55e2f,conditional_ppg,conditional_ppg_history_gap_no_history_route,position,WR,spearman,1503,9,0.7389957846174834
v2_conditional_ppg_2026_candidate_nv_v1,v2_locked_final_nv_20260826T211405Z_99d55e2f,conditional_ppg,conditional_ppg_history_gap_no_history_route,history_depth,other_no_history,rmse,23,7,2.063770050735905
v2_conditional_ppg_2026_candidate_nv_v1,v2_locked_final_nv_20260826T211405Z_99d55e2f,conditional_ppg,conditional_ppg_history_gap_no_history_route,history_depth,other_no_history,mae,23,7,1.6904991954161799
v2_conditional_ppg_2026_candidate_nv_v1,v2_locked_final_nv_20260826T211405Z_99d55e2f,conditional_ppg,conditional_ppg_history_gap_no_history_route,history_depth,other_no_history,bias,23,7,0.9609427128870761
v2_conditional_ppg_2026_candidate_nv_v1,v2_locked_final_nv_20260826T211405Z_99d55e2f,conditional_ppg,conditional_ppg_history_gap_no_history_route,history_depth,other_no_history,spearman,23,7,0.06422924901185771
v2_conditional_ppg_2026_candidate_nv_v1,v2_locked_final_nv_20260826T211405Z_99d55e2f,conditional_ppg,conditional_ppg_history_gap_no_history_route,history_depth,rookie,rmse,518,9,3.1788272450729194
v2_conditional_ppg_2026_candidate_nv_v1,v2_locked_final_nv_20260826T211405Z_99d55e2f,conditional_ppg,conditional_ppg_history_gap_no_history_route,history_depth,rookie,mae,518,9,2.517654740407552
v2_conditional_ppg_2026_candidate_nv_v1,v2_locked_final_nv_20260826T211405Z_99d55e2f,conditional_ppg,conditional_ppg_history_gap_no_history_route,history_depth,rookie,bias,518,9,0.18621425631217367
v2_conditional_ppg_2026_candidate_nv_v1,v2_locked_final_nv_20260826T211405Z_99d55e2f,conditional_ppg,conditional_ppg_history_gap_no_history_route,history_depth,rookie,spearman,518,9,0.6127944976795201
v2_conditional_ppg_2026_candidate_nv_v1,v2_locked_final_nv_20260826T211405Z_99d55e2f,conditional_ppg,conditional_ppg_history_gap_no_history_route,history_depth,second_year,rmse,558,9,2.891194318240037
v2_conditional_ppg_2026_candidate_nv_v1,v2_locked_final_nv_20260826T211405Z_99d55e2f,conditional_ppg,conditional_ppg_history_gap_no_history_route,history_depth,second_year,mae,558,9,2.2026111784090765
v2_conditional_ppg_2026_candidate_nv_v1,v2_locked_final_nv_20260826T211405Z_99d55e2f,conditional_ppg,conditional_ppg_history_gap_no_history_route,history_depth,second_year,bias,558,9,0.10313438419488517
v2_conditional_ppg_2026_candidate_nv_v1,v2_locked_final_nv_20260826T211405Z_99d55e2f,conditional_ppg,conditional_ppg_history_gap_no_history_route,history_depth,second_year,spearman,558,9,0.7444533940019347
v2_conditional_ppg_2026_candidate_nv_v1,v2_locked_final_nv_20260826T211405Z_99d55e2f,conditional_ppg,conditional_ppg_history_gap_no_history_route,history_depth,veteran_with_history,rmse,2523,9,2.7571354389718277
v2_conditional_ppg_2026_candidate_nv_v1,v2_locked_final_nv_20260826T211405Z_99d55e2f,conditional_ppg,conditional_ppg_history_gap_no_history_route,history_depth,veteran_with_history,mae,2523,9,2.1434546287107685
v2_conditional_ppg_2026_candidate_nv_v1,v2_locked_final_nv_20260826T211405Z_99d55e2f,conditional_ppg,conditional_ppg_history_gap_no_history_route,history_depth,veteran_with_history,bias,2523,9,0.11197076139306364
v2_conditional_ppg_2026_candidate_nv_v1,v2_locked_final_nv_20260826T211405Z_99d55e2f,conditional_ppg,conditional_ppg_history_gap_no_history_route,history_depth,veteran_with_history,spearman,2523,9,0.8156049303133793
v2_conditional_ppg_2026_candidate_nv_v1,v2_locked_final_nv_20260826T211405Z_99d55e2f,conditional_ppg,conditional_ppg_lasso,pooled,all,rmse,3622,9,2.9192139455596022
v2_conditional_ppg_2026_candidate_nv_v1,v2_locked_final_nv_20260826T211405Z_99d55e2f,conditional_ppg,conditional_ppg_lasso,pooled,all,mae,3622,9,2.2282327562133832
v2_conditional_ppg_2026_candidate_nv_v1,v2_locked_final_nv_20260826T211405Z_99d55e2f,conditional_ppg,conditional_ppg_lasso,pooled,all,bias,3622,9,-0.005846238076724965
v2_conditional_ppg_2026_candidate_nv_v1,v2_locked_final_nv_20260826T211405Z_99d55e2f,conditional_ppg,conditional_ppg_lasso,pooled,all,spearman,3622,9,0.7717212540517587
v2_conditional_ppg_2026_candidate_nv_v1,v2_locked_final_nv_20260826T211405Z_99d55e2f,conditional_ppg,conditional_ppg_lasso,provider_era,2023_2025,rmse,1226,3,2.9713382300536026
v2_conditional_ppg_2026_candidate_nv_v1,v2_locked_final_nv_20260826T211405Z_99d55e2f,conditional_ppg,conditional_ppg_lasso,provider_era,2023_2025,mae,1226,3,2.2232603535487865
v2_conditional_ppg_2026_candidate_nv_v1,v2_locked_final_nv_20260826T211405Z_99d55e2f,conditional_ppg,conditional_ppg_lasso,provider_era,2023_2025,bias,1226,3,0.14230154945581838
v2_conditional_ppg_2026_candidate_nv_v1,v2_locked_final_nv_20260826T211405Z_99d55e2f,conditional_ppg,conditional_ppg_lasso,provider_era,2023_2025,spearman,1226,3,0.7884104587615524
v2_conditional_ppg_2026_candidate_nv_v1,v2_locked_final_nv_20260826T211405Z_99d55e2f,conditional_ppg,conditional_ppg_lasso,season,2017,rmse,402,1,2.869783467602576
v2_conditional_ppg_2026_candidate_nv_v1,v2_locked_final_nv_20260826T211405Z_99d55e2f,conditional_ppg,conditional_ppg_lasso,season,2017,mae,402,1,2.2087024433213664
v2_conditional_ppg_2026_candidate_nv_v1,v2_locked_final_nv_20260826T211405Z_99d55e2f,conditional_ppg,conditional_ppg_lasso,season,2017,bias,402,1,0.22176440927834826
v2_conditional_ppg_2026_candidate_nv_v1,v2_locked_final_nv_20260826T211405Z_99d55e2f,conditional_ppg,conditional_ppg_lasso,season,2017,spearman,402,1,0.748963185608143
v2_conditional_ppg_2026_candidate_nv_v1,v2_locked_final_nv_20260826T211405Z_99d55e2f,conditional_ppg,conditional_ppg_lasso,season,2018,rmse,365,1,3.0600971244317656
v2_conditional_ppg_2026_candidate_nv_v1,v2_locked_final_nv_20260826T211405Z_99d55e2f,conditional_ppg,conditional_ppg_lasso,season,2018,mae,365,1,2.3381088938404284
v2_conditional_ppg_2026_candidate_nv_v1,v2_locked_final_nv_20260826T211405Z_99d55e2f,conditional_ppg,conditional_ppg_lasso,season,2018,bias,365,1,-0.7341754571163377
v2_conditional_ppg_2026_candidate_nv_v1,v2_locked_final_nv_20260826T211405Z_99d55e2f,conditional_ppg,conditional_ppg_lasso,season,2018,spearman,365,1,0.7280015630906959
v2_conditional_ppg_2026_candidate_nv_v1,v2_locked_final_nv_20260826T211405Z_99d55e2f,conditional_ppg,conditional_ppg_lasso,season,2019,rmse,385,1,2.9806762630916483
v2_conditional_ppg_2026_candidate_nv_v1,v2_locked_final_nv_20260826T211405Z_99d55e2f,conditional_ppg,conditional_ppg_lasso,season,2019,mae,385,1,2.336987541783791
v2_conditional_ppg_2026_candidate_nv_v1,v2_locked_final_nv_20260826T211405Z_99d55e2f,conditional_ppg,conditional_ppg_lasso,season,2019,bias,385,1,-0.4890959940578175
v2_conditional_ppg_2026_candidate_nv_v1,v2_locked_final_nv_20260826T211405Z_99d55e2f,conditional_ppg,conditional_ppg_lasso,season,2019,spearman,385,1,0.7597027936966164
v2_conditional_ppg_2026_candidate_nv_v1,v2_locked_final_nv_20260826T211405Z_99d55e2f,conditional_ppg,conditional_ppg_lasso,season,2020,rmse,409,1,3.097698577497172
v2_conditional_ppg_2026_candidate_nv_v1,v2_locked_final_nv_20260826T211405Z_99d55e2f,conditional_ppg,conditional_ppg_lasso,season,2020,mae,409,1,2.3447726060311314
v2_conditional_ppg_2026_candidate_nv_v1,v2_locked_final_nv_20260826T211405Z_99d55e2f,conditional_ppg,conditional_ppg_lasso,season,2020,bias,409,1,-0.34644030857780495
v2_conditional_ppg_2026_candidate_nv_v1,v2_locked_final_nv_20260826T211405Z_99d55e2f,conditional_ppg,conditional_ppg_lasso,season,2020,spearman,409,1,0.7611669930307838
v2_conditional_ppg_2026_candidate_nv_v1,v2_locked_final_nv_20260826T211405Z_99d55e2f,conditional_ppg,conditional_ppg_lasso,season,2021,rmse,413,1,2.8098534491494154
v2_conditional_ppg_2026_candidate_nv_v1,v2_locked_final_nv_20260826T211405Z_99d55e2f,conditional_ppg,conditional_ppg_lasso,season,2021,mae,413,1,2.1484005754796143
v2_conditional_ppg_2026_candidate_nv_v1,v2_locked_final_nv_20260826T211405Z_99d55e2f,conditional_ppg,conditional_ppg_lasso,season,2021,bias,413,1,0.2522069107156614
v2_conditional_ppg_2026_candidate_nv_v1,v2_locked_final_nv_20260826T211405Z_99d55e2f,conditional_ppg,conditional_ppg_lasso,season,2021,spearman,413,1,0.7841086246685859
v2_conditional_ppg_2026_candidate_nv_v1,v2_locked_final_nv_20260826T211405Z_99d55e2f,conditional_ppg,conditional_ppg_lasso,season,2022,rmse,422,1,2.5328404258272497
v2_conditional_ppg_2026_candidate_nv_v1,v2_locked_final_nv_20260826T211405Z_99d55e2f,conditional_ppg,conditional_ppg_lasso,season,2022,mae,422,1,2.0322087297643243
v2_conditional_ppg_2026_candidate_nv_v1,v2_locked_final_nv_20260826T211405Z_99d55e2f,conditional_ppg,conditional_ppg_lasso,season,2022,bias,422,1,0.4953141354640991
v2_conditional_ppg_2026_candidate_nv_v1,v2_locked_final_nv_20260826T211405Z_99d55e2f,conditional_ppg,conditional_ppg_lasso,season,2022,spearman,422,1,0.809188590998941
v2_conditional_ppg_2026_candidate_nv_v1,v2_locked_final_nv_20260826T211405Z_99d55e2f,conditional_ppg,conditional_ppg_lasso,season,2023,rmse,404,1,2.9378472968312273
v2_conditional_ppg_2026_candidate_nv_v1,v2_locked_final_nv_20260826T211405Z_99d55e2f,conditional_ppg,conditional_ppg_lasso,season,2023,mae,404,1,2.218528381334302
v2_conditional_ppg_2026_candidate_nv_v1,v2_locked_final_nv_20260826T211405Z_99d55e2f,conditional_ppg,conditional_ppg_lasso,season,2023,bias,404,1,0.322929952403841
v2_conditional_ppg_2026_candidate_nv_v1,v2_locked_final_nv_20260826T211405Z_99d55e2f,conditional_ppg,conditional_ppg_lasso,season,2023,spearman,404,1,0.7813624650712856
v2_conditional_ppg_2026_candidate_nv_v1,v2_locked_final_nv_20260826T211405Z_99d55e2f,conditional_ppg,conditional_ppg_lasso,season,2024,rmse,406,1,2.917061833484666
v2_conditional_ppg_2026_candidate_nv_v1,v2_locked_final_nv_20260826T211405Z_99d55e2f,conditional_ppg,conditional_ppg_lasso,season,2024,mae,406,1,2.3078439828248274
v2_conditional_ppg_2026_candidate_nv_v1,v2_locked_final_nv_20260826T211405Z_99d55e2f,conditional_ppg,conditional_ppg_lasso,season,2024,bias,406,1,0.0553190308386941
v2_conditional_ppg_2026_candidate_nv_v1,v2_locked_final_nv_20260826T211405Z_99d55e2f,conditional_ppg,conditional_ppg_lasso,season,2024,spearman,406,1,0.7929130852346514
v2_conditional_ppg_2026_candidate_nv_v1,v2_locked_final_nv_20260826T211405Z_99d55e2f,conditional_ppg,conditional_ppg_lasso,season,2025,rmse,416,1,3.054990124274569
v2_conditional_ppg_2026_candidate_nv_v1,v2_locked_final_nv_20260826T211405Z_99d55e2f,conditional_ppg,conditional_ppg_lasso,season,2025,mae,416,1,2.145305457607871
v2_conditional_ppg_2026_candidate_nv_v1,v2_locked_final_nv_20260826T211405Z_99d55e2f,conditional_ppg,conditional_ppg_lasso,season,2025,bias,416,1,0.051775173897047506
v2_conditional_ppg_2026_candidate_nv_v1,v2_locked_final_nv_20260826T211405Z_99d55e2f,conditional_ppg,conditional_ppg_lasso,season,2025,spearman,416,1,0.8022809400596447
v2_conditional_ppg_2026_candidate_nv_v1,v2_locked_final_nv_20260826T211405Z_99d55e2f,conditional_ppg,conditional_ppg_lasso,position,QB,rmse,306,8,3.992199392201824
v2_conditional_ppg_2026_candidate_nv_v1,v2_locked_final_nv_20260826T211405Z_99d55e2f,conditional_ppg,conditional_ppg_lasso,position,QB,mae,306,8,2.9762163905496224
v2_conditional_ppg_2026_candidate_nv_v1,v2_locked_final_nv_20260826T211405Z_99d55e2f,conditional_ppg,conditional_ppg_lasso,position,QB,bias,306,8,0.11124781258103507
v2_conditional_ppg_2026_candidate_nv_v1,v2_locked_final_nv_20260826T211405Z_99d55e2f,conditional_ppg,conditional_ppg_lasso,position,QB,spearman,306,8,0.5381560374876649
v2_conditional_ppg_2026_candidate_nv_v1,v2_locked_final_nv_20260826T211405Z_99d55e2f,conditional_ppg,conditional_ppg_lasso,position,RB,rmse,1011,9,3.3545911441328347
v2_conditional_ppg_2026_candidate_nv_v1,v2_locked_final_nv_20260826T211405Z_99d55e2f,conditional_ppg,conditional_ppg_lasso,position,RB,mae,1011,9,2.6021326633608832
v2_conditional_ppg_2026_candidate_nv_v1,v2_locked_final_nv_20260826T211405Z_99d55e2f,conditional_ppg,conditional_ppg_lasso,position,RB,bias,1011,9,-0.18466866540523005
v2_conditional_ppg_2026_candidate_nv_v1,v2_locked_final_nv_20260826T211405Z_99d55e2f,conditional_ppg,conditional_ppg_lasso,position,RB,spearman,1011,9,0.7266280940690751
v2_conditional_ppg_2026_candidate_nv_v1,v2_locked_final_nv_20260826T211405Z_99d55e2f,conditional_ppg,conditional_ppg_lasso,position,TE,rmse,802,9,2.037143154367266
v2_conditional_ppg_2026_candidate_nv_v1,v2_locked_final_nv_20260826T211405Z_99d55e2f,conditional_ppg,conditional_ppg_lasso,position,TE,mae,802,9,1.5708854880738023
v2_conditional_ppg_2026_candidate_nv_v1,v2_locked_final_nv_20260826T211405Z_99d55e2f,conditional_ppg,conditional_ppg_lasso,position,TE,bias,802,9,-0.10982972536717639
v2_conditional_ppg_2026_candidate_nv_v1,v2_locked_final_nv_20260826T211405Z_99d55e2f,conditional_ppg,conditional_ppg_lasso,position,TE,spearman,802,9,0.666780444268423
v2_conditional_ppg_2026_candidate_nv_v1,v2_locked_final_nv_20260826T211405Z_99d55e2f,conditional_ppg,conditional_ppg_lasso,position,WR,rmse,1503,9,2.7399782638279664
v2_conditional_ppg_2026_candidate_nv_v1,v2_locked_final_nv_20260826T211405Z_99d55e2f,conditional_ppg,conditional_ppg_lasso,position,WR,mae,1503,9,2.175203289024384
v2_conditional_ppg_2026_candidate_nv_v1,v2_locked_final_nv_20260826T211405Z_99d55e2f,conditional_ppg,conditional_ppg_lasso,position,WR,bias,1503,9,0.14608553260510204
v2_conditional_ppg_2026_candidate_nv_v1,v2_locked_final_nv_20260826T211405Z_99d55e2f,conditional_ppg,conditional_ppg_lasso,position,WR,spearman,1503,9,0.7331744957466151
v2_conditional_ppg_2026_candidate_nv_v1,v2_locked_final_nv_20260826T211405Z_99d55e2f,conditional_ppg,conditional_ppg_lasso,history_depth,other_no_history,rmse,23,7,1.9549096527067802
v2_conditional_ppg_2026_candidate_nv_v1,v2_locked_final_nv_20260826T211405Z_99d55e2f,conditional_ppg,conditional_ppg_lasso,history_depth,other_no_history,mae,23,7,1.55852021824447
v2_conditional_ppg_2026_candidate_nv_v1,v2_locked_final_nv_20260826T211405Z_99d55e2f,conditional_ppg,conditional_ppg_lasso,history_depth,other_no_history,bias,23,7,0.6154914464972502
v2_conditional_ppg_2026_candidate_nv_v1,v2_locked_final_nv_20260826T211405Z_99d55e2f,conditional_ppg,conditional_ppg_lasso,history_depth,other_no_history,spearman,23,7,0.009881422924901188
v2_conditional_ppg_2026_candidate_nv_v1,v2_locked_final_nv_20260826T211405Z_99d55e2f,conditional_ppg,conditional_ppg_lasso,history_depth,rookie,rmse,518,9,3.232782447169963
v2_conditional_ppg_2026_candidate_nv_v1,v2_locked_final_nv_20260826T211405Z_99d55e2f,conditional_ppg,conditional_ppg_lasso,history_depth,rookie,mae,518,9,2.5657804437317866
v2_conditional_ppg_2026_candidate_nv_v1,v2_locked_final_nv_20260826T211405Z_99d55e2f,conditional_ppg,conditional_ppg_lasso,history_depth,rookie,bias,518,9,0.16783030021362755
v2_conditional_ppg_2026_candidate_nv_v1,v2_locked_final_nv_20260826T211405Z_99d55e2f,conditional_ppg,conditional_ppg_lasso,history_depth,rookie,spearman,518,9,0.5989480862853277
v2_conditional_ppg_2026_candidate_nv_v1,v2_locked_final_nv_20260826T211405Z_99d55e2f,conditional_ppg,conditional_ppg_lasso,history_depth,second_year,rmse,558,9,2.9325721109623033
v2_conditional_ppg_2026_candidate_nv_v1,v2_locked_final_nv_20260826T211405Z_99d55e2f,conditional_ppg,conditional_ppg_lasso,history_depth,second_year,mae,558,9,2.21629196722657
v2_conditional_ppg_2026_candidate_nv_v1,v2_locked_final_nv_20260826T211405Z_99d55e2f,conditional_ppg,conditional_ppg_lasso,history_depth,second_year,bias,558,9,-0.016590713553815833
v2_conditional_ppg_2026_candidate_nv_v1,v2_locked_final_nv_20260826T211405Z_99d55e2f,conditional_ppg,conditional_ppg_lasso,history_depth,second_year,spearman,558,9,0.7330872662650715
v2_conditional_ppg_2026_candidate_nv_v1,v2_locked_final_nv_20260826T211405Z_99d55e2f,conditional_ppg,conditional_ppg_lasso,history_depth,veteran_with_history,rmse,2523,9,2.8550497046913375
v2_conditional_ppg_2026_candidate_nv_v1,v2_locked_final_nv_20260826T211405Z_99d55e2f,conditional_ppg,conditional_ppg_lasso,history_depth,veteran_with_history,mae,2523,9,2.1676765320728344
v2_conditional_ppg_2026_candidate_nv_v1,v2_locked_final_nv_20260826T211405Z_99d55e2f,conditional_ppg,conditional_ppg_lasso,history_depth,veteran_with_history,bias,2523,9,-0.04479185688900696
v2_conditional_ppg_2026_candidate_nv_v1,v2_locked_final_nv_20260826T211405Z_99d55e2f,conditional_ppg,conditional_ppg_lasso,history_depth,veteran_with_history,spearman,2523,9,0.8070586099867404
v2_conditional_ppg_2026_candidate_nv_v1,v2_locked_final_nv_20260826T211405Z_99d55e2f,conditional_ppg,conditional_ppg_lightgbm,pooled,all,rmse,3622,9,2.8547905575017856
v2_conditional_ppg_2026_candidate_nv_v1,v2_locked_final_nv_20260826T211405Z_99d55e2f,conditional_ppg,conditional_ppg_lightgbm,pooled,all,mae,3622,9,2.2305362011620637
v2_conditional_ppg_2026_candidate_nv_v1,v2_locked_final_nv_20260826T211405Z_99d55e2f,conditional_ppg,conditional_ppg_lightgbm,pooled,all,bias,3622,9,0.19849330524695158
v2_conditional_ppg_2026_candidate_nv_v1,v2_locked_final_nv_20260826T211405Z_99d55e2f,conditional_ppg,conditional_ppg_lightgbm,pooled,all,spearman,3622,9,0.7811050231595874
v2_conditional_ppg_2026_candidate_nv_v1,v2_locked_final_nv_20260826T211405Z_99d55e2f,conditional_ppg,conditional_ppg_lightgbm,provider_era,2023_2025,rmse,1226,3,2.864902120158296
v2_conditional_ppg_2026_candidate_nv_v1,v2_locked_final_nv_20260826T211405Z_99d55e2f,conditional_ppg,conditional_ppg_lightgbm,provider_era,2023_2025,mae,1226,3,2.2449752071952997
v2_conditional_ppg_2026_candidate_nv_v1,v2_locked_final_nv_20260826T211405Z_99d55e2f,conditional_ppg,conditional_ppg_lightgbm,provider_era,2023_2025,bias,1226,3,0.30435128504975306
v2_conditional_ppg_2026_candidate_nv_v1,v2_locked_final_nv_20260826T211405Z_99d55e2f,conditional_ppg,conditional_ppg_lightgbm,provider_era,2023_2025,spearman,1226,3,0.790074123129956
v2_conditional_ppg_2026_candidate_nv_v1,v2_locked_final_nv_20260826T211405Z_99d55e2f,conditional_ppg,conditional_ppg_lightgbm,season,2017,rmse,402,1,2.873853774580279
v2_conditional_ppg_2026_candidate_nv_v1,v2_locked_final_nv_20260826T211405Z_99d55e2f,conditional_ppg,conditional_ppg_lightgbm,season,2017,mae,402,1,2.2385831600875883
v2_conditional_ppg_2026_candidate_nv_v1,v2_locked_final_nv_20260826T211405Z_99d55e2f,conditional_ppg,conditional_ppg_lightgbm,season,2017,bias,402,1,0.428920931797919
v2_conditional_ppg_2026_candidate_nv_v1,v2_locked_final_nv_20260826T211405Z_99d55e2f,conditional_ppg,conditional_ppg_lightgbm,season,2017,spearman,402,1,0.7591455128700549
v2_conditional_ppg_2026_candidate_nv_v1,v2_locked_final_nv_20260826T211405Z_99d55e2f,conditional_ppg,conditional_ppg_lightgbm,season,2018,rmse,365,1,3.0126893137026998
v2_conditional_ppg_2026_candidate_nv_v1,v2_locked_final_nv_20260826T211405Z_99d55e2f,conditional_ppg,conditional_ppg_lightgbm,season,2018,mae,365,1,2.3354718728633617
v2_conditional_ppg_2026_candidate_nv_v1,v2_locked_final_nv_20260826T211405Z_99d55e2f,conditional_ppg,conditional_ppg_lightgbm,season,2018,bias,365,1,-0.19155340904021326
v2_conditional_ppg_2026_candidate_nv_v1,v2_locked_final_nv_20260826T211405Z_99d55e2f,conditional_ppg,conditional_ppg_lightgbm,season,2018,spearman,365,1,0.7331278978215701
v2_conditional_ppg_2026_candidate_nv_v1,v2_locked_final_nv_20260826T211405Z_99d55e2f,conditional_ppg,conditional_ppg_lightgbm,season,2019,rmse,385,1,2.8627260176763656
v2_conditional_ppg_2026_candidate_nv_v1,v2_locked_final_nv_20260826T211405Z_99d55e2f,conditional_ppg,conditional_ppg_lightgbm,season,2019,mae,385,1,2.272189825726293
v2_conditional_ppg_2026_candidate_nv_v1,v2_locked_final_nv_20260826T211405Z_99d55e2f,conditional_ppg,conditional_ppg_lightgbm,season,2019,bias,385,1,0.0522951278725668
v2_conditional_ppg_2026_candidate_nv_v1,v2_locked_final_nv_20260826T211405Z_99d55e2f,conditional_ppg,conditional_ppg_lightgbm,season,2019,spearman,385,1,0.7680174698163701
v2_conditional_ppg_2026_candidate_nv_v1,v2_locked_final_nv_20260826T211405Z_99d55e2f,conditional_ppg,conditional_ppg_lightgbm,season,2020,rmse,409,1,3.0266941544641024
v2_conditional_ppg_2026_candidate_nv_v1,v2_locked_final_nv_20260826T211405Z_99d55e2f,conditional_ppg,conditional_ppg_lightgbm,season,2020,mae,409,1,2.3125273422023946
v2_conditional_ppg_2026_candidate_nv_v1,v2_locked_final_nv_20260826T211405Z_99d55e2f,conditional_ppg,conditional_ppg_lightgbm,season,2020,bias,409,1,-0.2889663991378442
v2_conditional_ppg_2026_candidate_nv_v1,v2_locked_final_nv_20260826T211405Z_99d55e2f,conditional_ppg,conditional_ppg_lightgbm,season,2020,spearman,409,1,0.7838907562734122
v2_conditional_ppg_2026_candidate_nv_v1,v2_locked_final_nv_20260826T211405Z_99d55e2f,conditional_ppg,conditional_ppg_lightgbm,season,2021,rmse,413,1,2.7785649959979204
v2_conditional_ppg_2026_candidate_nv_v1,v2_locked_final_nv_20260826T211405Z_99d55e2f,conditional_ppg,conditional_ppg_lightgbm,season,2021,mae,413,1,2.1470841542160644
v2_conditional_ppg_2026_candidate_nv_v1,v2_locked_final_nv_20260826T211405Z_99d55e2f,conditional_ppg,conditional_ppg_lightgbm,season,2021,bias,413,1,0.20200176688173685
v2_conditional_ppg_2026_candidate_nv_v1,v2_locked_final_nv_20260826T211405Z_99d55e2f,conditional_ppg,conditional_ppg_lightgbm,season,2021,spearman,413,1,0.7864297152775803
v2_conditional_ppg_2026_candidate_nv_v1,v2_locked_final_nv_20260826T211405Z_99d55e2f,conditional_ppg,conditional_ppg_lightgbm,season,2022,rmse,422,1,2.5446805020939856
v2_conditional_ppg_2026_candidate_nv_v1,v2_locked_final_nv_20260826T211405Z_99d55e2f,conditional_ppg,conditional_ppg_lightgbm,season,2022,mae,422,1,2.0543657134610953
v2_conditional_ppg_2026_candidate_nv_v1,v2_locked_final_nv_20260826T211405Z_99d55e2f,conditional_ppg,conditional_ppg_lightgbm,season,2022,bias,422,1,0.6111984813854467
v2_conditional_ppg_2026_candidate_nv_v1,v2_locked_final_nv_20260826T211405Z_99d55e2f,conditional_ppg,conditional_ppg_lightgbm,season,2022,spearman,422,1,0.8100685759839907
v2_conditional_ppg_2026_candidate_nv_v1,v2_locked_final_nv_20260826T211405Z_99d55e2f,conditional_ppg,conditional_ppg_lightgbm,season,2023,rmse,404,1,2.9370906625867947
v2_conditional_ppg_2026_candidate_nv_v1,v2_locked_final_nv_20260826T211405Z_99d55e2f,conditional_ppg,conditional_ppg_lightgbm,season,2023,mae,404,1,2.2699685071960185
v2_conditional_ppg_2026_candidate_nv_v1,v2_locked_final_nv_20260826T211405Z_99d55e2f,conditional_ppg,conditional_ppg_lightgbm,season,2023,bias,404,1,0.4489064848891883
v2_conditional_ppg_2026_candidate_nv_v1,v2_locked_final_nv_20260826T211405Z_99d55e2f,conditional_ppg,conditional_ppg_lightgbm,season,2023,spearman,404,1,0.7862181135416337
v2_conditional_ppg_2026_candidate_nv_v1,v2_locked_final_nv_20260826T211405Z_99d55e2f,conditional_ppg,conditional_ppg_lightgbm,season,2024,rmse,406,1,2.9392855170498624
v2_conditional_ppg_2026_candidate_nv_v1,v2_locked_final_nv_20260826T211405Z_99d55e2f,conditional_ppg,conditional_ppg_lightgbm,season,2024,mae,406,1,2.3594541370889317
v2_conditional_ppg_2026_candidate_nv_v1,v2_locked_final_nv_20260826T211405Z_99d55e2f,conditional_ppg,conditional_ppg_lightgbm,season,2024,bias,406,1,0.23903615913072604
v2_conditional_ppg_2026_candidate_nv_v1,v2_locked_final_nv_20260826T211405Z_99d55e2f,conditional_ppg,conditional_ppg_lightgbm,season,2024,spearman,406,1,0.7897332370559309
v2_conditional_ppg_2026_candidate_nv_v1,v2_locked_final_nv_20260826T211405Z_99d55e2f,conditional_ppg,conditional_ppg_lightgbm,season,2025,rmse,416,1,2.7165330222972943
v2_conditional_ppg_2026_candidate_nv_v1,v2_locked_final_nv_20260826T211405Z_99d55e2f,conditional_ppg,conditional_ppg_lightgbm,season,2025,mae,416,1,2.1089758352311057
v2_conditional_ppg_2026_candidate_nv_v1,v2_locked_final_nv_20260826T211405Z_99d55e2f,conditional_ppg,conditional_ppg_lightgbm,season,2025,bias,416,1,0.2277109975208906
v2_conditional_ppg_2026_candidate_nv_v1,v2_locked_final_nv_20260826T211405Z_99d55e2f,conditional_ppg,conditional_ppg_lightgbm,season,2025,spearman,416,1,0.8038120693721894
v2_conditional_ppg_2026_candidate_nv_v1,v2_locked_final_nv_20260826T211405Z_99d55e2f,conditional_ppg,conditional_ppg_lightgbm,position,QB,rmse,306,8,3.599439584527032
v2_conditional_ppg_2026_candidate_nv_v1,v2_locked_final_nv_20260826T211405Z_99d55e2f,conditional_ppg,conditional_ppg_lightgbm,position,QB,mae,306,8,2.8418422895165967
v2_conditional_ppg_2026_candidate_nv_v1,v2_locked_final_nv_20260826T211405Z_99d55e2f,conditional_ppg,conditional_ppg_lightgbm,position,QB,bias,306,8,-0.27578445728360296
v2_conditional_ppg_2026_candidate_nv_v1,v2_locked_final_nv_20260826T211405Z_99d55e2f,conditional_ppg,conditional_ppg_lightgbm,position,QB,spearman,306,8,0.5582404935141903
v2_conditional_ppg_2026_candidate_nv_v1,v2_locked_final_nv_20260826T211405Z_99d55e2f,conditional_ppg,conditional_ppg_lightgbm,position,RB,rmse,1011,9,3.308908680105911
v2_conditional_ppg_2026_candidate_nv_v1,v2_locked_final_nv_20260826T211405Z_99d55e2f,conditional_ppg,conditional_ppg_lightgbm,position,RB,mae,1011,9,2.608153188724429
v2_conditional_ppg_2026_candidate_nv_v1,v2_locked_final_nv_20260826T211405Z_99d55e2f,conditional_ppg,conditional_ppg_lightgbm,position,RB,bias,1011,9,0.006030206942321547
v2_conditional_ppg_2026_candidate_nv_v1,v2_locked_final_nv_20260826T211405Z_99d55e2f,conditional_ppg,conditional_ppg_lightgbm,position,RB,spearman,1011,9,0.7379582882234598
v2_conditional_ppg_2026_candidate_nv_v1,v2_locked_final_nv_20260826T211405Z_99d55e2f,conditional_ppg,conditional_ppg_lightgbm,position,TE,rmse,802,9,2.034211220121909
v2_conditional_ppg_2026_candidate_nv_v1,v2_locked_final_nv_20260826T211405Z_99d55e2f,conditional_ppg,conditional_ppg_lightgbm,position,TE,mae,802,9,1.6146164434482115
v2_conditional_ppg_2026_candidate_nv_v1,v2_locked_final_nv_20260826T211405Z_99d55e2f,conditional_ppg,conditional_ppg_lightgbm,position,TE,bias,802,9,0.3828313572733215
v2_conditional_ppg_2026_candidate_nv_v1,v2_locked_final_nv_20260826T211405Z_99d55e2f,conditional_ppg,conditional_ppg_lightgbm,position,TE,spearman,802,9,0.6903888403027079
v2_conditional_ppg_2026_candidate_nv_v1,v2_locked_final_nv_20260826T211405Z_99d55e2f,conditional_ppg,conditional_ppg_lightgbm,position,WR,rmse,1503,9,2.7256638850804356
v2_conditional_ppg_2026_candidate_nv_v1,v2_locked_final_nv_20260826T211405Z_99d55e2f,conditional_ppg,conditional_ppg_lightgbm,position,WR,mae,1503,9,2.180727291131771
v2_conditional_ppg_2026_candidate_nv_v1,v2_locked_final_nv_20260826T211405Z_99d55e2f,conditional_ppg,conditional_ppg_lightgbm,position,WR,bias,1503,9,0.32615136911600145
v2_conditional_ppg_2026_candidate_nv_v1,v2_locked_final_nv_20260826T211405Z_99d55e2f,conditional_ppg,conditional_ppg_lightgbm,position,WR,spearman,1503,9,0.7364824129659268
v2_conditional_ppg_2026_candidate_nv_v1,v2_locked_final_nv_20260826T211405Z_99d55e2f,conditional_ppg,conditional_ppg_lightgbm,history_depth,other_no_history,rmse,23,7,2.264857246132205
v2_conditional_ppg_2026_candidate_nv_v1,v2_locked_final_nv_20260826T211405Z_99d55e2f,conditional_ppg,conditional_ppg_lightgbm,history_depth,other_no_history,mae,23,7,1.941133347689366
v2_conditional_ppg_2026_candidate_nv_v1,v2_locked_final_nv_20260826T211405Z_99d55e2f,conditional_ppg,conditional_ppg_lightgbm,history_depth,other_no_history,bias,23,7,1.3610563389992363
v2_conditional_ppg_2026_candidate_nv_v1,v2_locked_final_nv_20260826T211405Z_99d55e2f,conditional_ppg,conditional_ppg_lightgbm,history_depth,other_no_history,spearman,23,7,0.06671608802635529
v2_conditional_ppg_2026_candidate_nv_v1,v2_locked_final_nv_20260826T211405Z_99d55e2f,conditional_ppg,conditional_ppg_lightgbm,history_depth,rookie,rmse,518,9,3.1844000839240834
v2_conditional_ppg_2026_candidate_nv_v1,v2_locked_final_nv_20260826T211405Z_99d55e2f,conditional_ppg,conditional_ppg_lightgbm,history_depth,rookie,mae,518,9,2.527006633924105
v2_conditional_ppg_2026_candidate_nv_v1,v2_locked_final_nv_20260826T211405Z_99d55e2f,conditional_ppg,conditional_ppg_lightgbm,history_depth,rookie,bias,518,9,0.2834967061994373
v2_conditional_ppg_2026_candidate_nv_v1,v2_locked_final_nv_20260826T211405Z_99d55e2f,conditional_ppg,conditional_ppg_lightgbm,history_depth,rookie,spearman,518,9,0.6157947483869364
v2_conditional_ppg_2026_candidate_nv_v1,v2_locked_final_nv_20260826T211405Z_99d55e2f,conditional_ppg,conditional_ppg_lightgbm,history_depth,second_year,rmse,558,9,2.9198268526920867
v2_conditional_ppg_2026_candidate_nv_v1,v2_locked_final_nv_20260826T211405Z_99d55e2f,conditional_ppg,conditional_ppg_lightgbm,history_depth,second_year,mae,558,9,2.2400416605982545
v2_conditional_ppg_2026_candidate_nv_v1,v2_locked_final_nv_20260826T211405Z_99d55e2f,conditional_ppg,conditional_ppg_lightgbm,history_depth,second_year,bias,558,9,0.2018115668736463
v2_conditional_ppg_2026_candidate_nv_v1,v2_locked_final_nv_20260826T211405Z_99d55e2f,conditional_ppg,conditional_ppg_lightgbm,history_depth,second_year,spearman,558,9,0.745253087297018
v2_conditional_ppg_2026_candidate_nv_v1,v2_locked_final_nv_20260826T211405Z_99d55e2f,conditional_ppg,conditional_ppg_lightgbm,history_depth,veteran_with_history,rmse,2523,9,2.772294030216014
v2_conditional_ppg_2026_candidate_nv_v1,v2_locked_final_nv_20260826T211405Z_99d55e2f,conditional_ppg,conditional_ppg_lightgbm,history_depth,veteran_with_history,mae,2523,9,2.17020347626858
v2_conditional_ppg_2026_candidate_nv_v1,v2_locked_final_nv_20260826T211405Z_99d55e2f,conditional_ppg,conditional_ppg_lightgbm,history_depth,veteran_with_history,bias,2523,9,0.16970919844656088
v2_conditional_ppg_2026_candidate_nv_v1,v2_locked_final_nv_20260826T211405Z_99d55e2f,conditional_ppg,conditional_ppg_lightgbm,history_depth,veteran_with_history,spearman,2523,9,0.8146692537043511
v2_conditional_ppg_2026_candidate_nv_v1,v2_locked_final_nv_20260826T211405Z_99d55e2f,conditional_ppg,conditional_ppg_log_lasso_tree_blend,pooled,all,rmse,3622,9,2.8374315723782657
v2_conditional_ppg_2026_candidate_nv_v1,v2_locked_final_nv_20260826T211405Z_99d55e2f,conditional_ppg,conditional_ppg_log_lasso_tree_blend,pooled,all,mae,3622,9,2.2070547182890317
v2_conditional_ppg_2026_candidate_nv_v1,v2_locked_final_nv_20260826T211405Z_99d55e2f,conditional_ppg,conditional_ppg_log_lasso_tree_blend,pooled,all,bias,3622,9,0.14923773063091575
v2_conditional_ppg_2026_candidate_nv_v1,v2_locked_final_nv_20260826T211405Z_99d55e2f,conditional_ppg,conditional_ppg_log_lasso_tree_blend,pooled,all,spearman,3622,9,0.7824841550779061
v2_conditional_ppg_2026_candidate_nv_v1,v2_locked_final_nv_20260826T211405Z_99d55e2f,conditional_ppg,conditional_ppg_log_lasso_tree_blend,provider_era,2023_2025,rmse,1226,3,2.8594592565566304
v2_conditional_ppg_2026_candidate_nv_v1,v2_locked_final_nv_20260826T211405Z_99d55e2f,conditional_ppg,conditional_ppg_log_lasso_tree_blend,provider_era,2023_2025,mae,1226,3,2.224389557597418
v2_conditional_ppg_2026_candidate_nv_v1,v2_locked_final_nv_20260826T211405Z_99d55e2f,conditional_ppg,conditional_ppg_log_lasso_tree_blend,provider_era,2023_2025,bias,1226,3,0.2832385700165674
v2_conditional_ppg_2026_candidate_nv_v1,v2_locked_final_nv_20260826T211405Z_99d55e2f,conditional_ppg,conditional_ppg_log_lasso_tree_blend,provider_era,2023_2025,spearman,1226,3,0.7913319874048774
v2_conditional_ppg_2026_candidate_nv_v1,v2_locked_final_nv_20260826T211405Z_99d55e2f,conditional_ppg,conditional_ppg_log_lasso_tree_blend,season,2017,rmse,402,1,2.829297621451195
v2_conditional_ppg_2026_candidate_nv_v1,v2_locked_final_nv_20260826T211405Z_99d55e2f,conditional_ppg,conditional_ppg_log_lasso_tree_blend,season,2017,mae,402,1,2.203761895155012
v2_conditional_ppg_2026_candidate_nv_v1,v2_locked_final_nv_20260826T211405Z_99d55e2f,conditional_ppg,conditional_ppg_log_lasso_tree_blend,season,2017,bias,402,1,0.39553666412653155
v2_conditional_ppg_2026_candidate_nv_v1,v2_locked_final_nv_20260826T211405Z_99d55e2f,conditional_ppg,conditional_ppg_log_lasso_tree_blend,season,2017,spearman,402,1,0.7627085958619118
v2_conditional_ppg_2026_candidate_nv_v1,v2_locked_final_nv_20260826T211405Z_99d55e2f,conditional_ppg,conditional_ppg_log_lasso_tree_blend,season,2018,rmse,365,1,2.9707609554338585
v2_conditional_ppg_2026_candidate_nv_v1,v2_locked_final_nv_20260826T211405Z_99d55e2f,conditional_ppg,conditional_ppg_log_lasso_tree_blend,season,2018,mae,365,1,2.291643435782513
v2_conditional_ppg_2026_candidate_nv_v1,v2_locked_final_nv_20260826T211405Z_99d55e2f,conditional_ppg,conditional_ppg_log_lasso_tree_blend,season,2018,bias,365,1,-0.34668213034091633
v2_conditional_ppg_2026_candidate_nv_v1,v2_locked_final_nv_20260826T211405Z_99d55e2f,conditional_ppg,conditional_ppg_log_lasso_tree_blend,season,2018,spearman,365,1,0.7408720128241245
v2_conditional_ppg_2026_candidate_nv_v1,v2_locked_final_nv_20260826T211405Z_99d55e2f,conditional_ppg,conditional_ppg_log_lasso_tree_blend,season,2019,rmse,385,1,2.8364202202095683
v2_conditional_ppg_2026_candidate_nv_v1,v2_locked_final_nv_20260826T211405Z_99d55e2f,conditional_ppg,conditional_ppg_log_lasso_tree_blend,season,2019,mae,385,1,2.2336042528697293
v2_conditional_ppg_2026_candidate_nv_v1,v2_locked_final_nv_20260826T211405Z_99d55e2f,conditional_ppg,conditional_ppg_log_lasso_tree_blend,season,2019,bias,385,1,-0.11397939548443078
v2_conditional_ppg_2026_candidate_nv_v1,v2_locked_final_nv_20260826T211405Z_99d55e2f,conditional_ppg,conditional_ppg_log_lasso_tree_blend,season,2019,spearman,385,1,0.7749745256471783
v2_conditional_ppg_2026_candidate_nv_v1,v2_locked_final_nv_20260826T211405Z_99d55e2f,conditional_ppg,conditional_ppg_log_lasso_tree_blend,season,2020,rmse,409,1,3.034975010203203
v2_conditional_ppg_2026_candidate_nv_v1,v2_locked_final_nv_20260826T211405Z_99d55e2f,conditional_ppg,conditional_ppg_log_lasso_tree_blend,season,2020,mae,409,1,2.306468358118622
v2_conditional_ppg_2026_candidate_nv_v1,v2_locked_final_nv_20260826T211405Z_99d55e2f,conditional_ppg,conditional_ppg_log_lasso_tree_blend,season,2020,bias,409,1,-0.31607245798771555
v2_conditional_ppg_2026_candidate_nv_v1,v2_locked_final_nv_20260826T211405Z_99d55e2f,conditional_ppg,conditional_ppg_log_lasso_tree_blend,season,2020,spearman,409,1,0.778520716592477
v2_conditional_ppg_2026_candidate_nv_v1,v2_locked_final_nv_20260826T211405Z_99d55e2f,conditional_ppg,conditional_ppg_log_lasso_tree_blend,season,2021,rmse,413,1,2.7551742564942643
v2_conditional_ppg_2026_candidate_nv_v1,v2_locked_final_nv_20260826T211405Z_99d55e2f,conditional_ppg,conditional_ppg_log_lasso_tree_blend,season,2021,mae,413,1,2.126853625031117
v2_conditional_ppg_2026_candidate_nv_v1,v2_locked_final_nv_20260826T211405Z_99d55e2f,conditional_ppg,conditional_ppg_log_lasso_tree_blend,season,2021,bias,413,1,0.20979078510401802
v2_conditional_ppg_2026_candidate_nv_v1,v2_locked_final_nv_20260826T211405Z_99d55e2f,conditional_ppg,conditional_ppg_log_lasso_tree_blend,season,2021,spearman,413,1,0.7902239876581242
v2_conditional_ppg_2026_candidate_nv_v1,v2_locked_final_nv_20260826T211405Z_99d55e2f,conditional_ppg,conditional_ppg_log_lasso_tree_blend,season,2022,rmse,422,1,2.5281786902434975
v2_conditional_ppg_2026_candidate_nv_v1,v2_locked_final_nv_20260826T211405Z_99d55e2f,conditional_ppg,conditional_ppg_log_lasso_tree_blend,season,2022,mae,422,1,2.044584628322967
v2_conditional_ppg_2026_candidate_nv_v1,v2_locked_final_nv_20260826T211405Z_99d55e2f,conditional_ppg,conditional_ppg_log_lasso_tree_blend,season,2022,bias,422,1,0.586099337514114
v2_conditional_ppg_2026_candidate_nv_v1,v2_locked_final_nv_20260826T211405Z_99d55e2f,conditional_ppg,conditional_ppg_log_lasso_tree_blend,season,2022,spearman,422,1,0.8122160965092491
v2_conditional_ppg_2026_candidate_nv_v1,v2_locked_final_nv_20260826T211405Z_99d55e2f,conditional_ppg,conditional_ppg_log_lasso_tree_blend,season,2023,rmse,404,1,2.9181288594795234
v2_conditional_ppg_2026_candidate_nv_v1,v2_locked_final_nv_20260826T211405Z_99d55e2f,conditional_ppg,conditional_ppg_log_lasso_tree_blend,season,2023,mae,404,1,2.2557043105788965
v2_conditional_ppg_2026_candidate_nv_v1,v2_locked_final_nv_20260826T211405Z_99d55e2f,conditional_ppg,conditional_ppg_log_lasso_tree_blend,season,2023,bias,404,1,0.49027990720482306
v2_conditional_ppg_2026_candidate_nv_v1,v2_locked_final_nv_20260826T211405Z_99d55e2f,conditional_ppg,conditional_ppg_log_lasso_tree_blend,season,2023,spearman,404,1,0.7873214446742849
v2_conditional_ppg_2026_candidate_nv_v1,v2_locked_final_nv_20260826T211405Z_99d55e2f,conditional_ppg,conditional_ppg_log_lasso_tree_blend,season,2024,rmse,406,1,2.916790428067016
v2_conditional_ppg_2026_candidate_nv_v1,v2_locked_final_nv_20260826T211405Z_99d55e2f,conditional_ppg,conditional_ppg_log_lasso_tree_blend,season,2024,mae,406,1,2.332005893303798
v2_conditional_ppg_2026_candidate_nv_v1,v2_locked_final_nv_20260826T211405Z_99d55e2f,conditional_ppg,conditional_ppg_log_lasso_tree_blend,season,2024,bias,406,1,0.19808899910977792
v2_conditional_ppg_2026_candidate_nv_v1,v2_locked_final_nv_20260826T211405Z_99d55e2f,conditional_ppg,conditional_ppg_log_lasso_tree_blend,season,2024,spearman,406,1,0.7938680940280487
v2_conditional_ppg_2026_candidate_nv_v1,v2_locked_final_nv_20260826T211405Z_99d55e2f,conditional_ppg,conditional_ppg_log_lasso_tree_blend,season,2025,rmse,416,1,2.7430125374971683
v2_conditional_ppg_2026_candidate_nv_v1,v2_locked_final_nv_20260826T211405Z_99d55e2f,conditional_ppg,conditional_ppg_log_lasso_tree_blend,season,2025,mae,416,1,2.088948710238506
v2_conditional_ppg_2026_candidate_nv_v1,v2_locked_final_nv_20260826T211405Z_99d55e2f,conditional_ppg,conditional_ppg_log_lasso_tree_blend,season,2025,bias,416,1,0.16527228531488772
v2_conditional_ppg_2026_candidate_nv_v1,v2_locked_final_nv_20260826T211405Z_99d55e2f,conditional_ppg,conditional_ppg_log_lasso_tree_blend,season,2025,spearman,416,1,0.8057067923805318
v2_conditional_ppg_2026_candidate_nv_v1,v2_locked_final_nv_20260826T211405Z_99d55e2f,conditional_ppg,conditional_ppg_log_lasso_tree_blend,position,QB,rmse,306,8,3.633924272704567
v2_conditional_ppg_2026_candidate_nv_v1,v2_locked_final_nv_20260826T211405Z_99d55e2f,conditional_ppg,conditional_ppg_log_lasso_tree_blend,position,QB,mae,306,8,2.867793858495581
v2_conditional_ppg_2026_candidate_nv_v1,v2_locked_final_nv_20260826T211405Z_99d55e2f,conditional_ppg,conditional_ppg_log_lasso_tree_blend,position,QB,bias,306,8,-0.1334780765571499
v2_conditional_ppg_2026_candidate_nv_v1,v2_locked_final_nv_20260826T211405Z_99d55e2f,conditional_ppg,conditional_ppg_log_lasso_tree_blend,position,QB,spearman,306,8,0.5479983863079537
v2_conditional_ppg_2026_candidate_nv_v1,v2_locked_final_nv_20260826T211405Z_99d55e2f,conditional_ppg,conditional_ppg_log_lasso_tree_blend,position,RB,rmse,1011,9,3.2889636123905057
v2_conditional_ppg_2026_candidate_nv_v1,v2_locked_final_nv_20260826T211405Z_99d55e2f,conditional_ppg,conditional_ppg_log_lasso_tree_blend,position,RB,mae,1011,9,2.5841380292426157
v2_conditional_ppg_2026_candidate_nv_v1,v2_locked_final_nv_20260826T211405Z_99d55e2f,conditional_ppg,conditional_ppg_log_lasso_tree_blend,position,RB,bias,1011,9,-0.028380887249813837
v2_conditional_ppg_2026_candidate_nv_v1,v2_locked_final_nv_20260826T211405Z_99d55e2f,conditional_ppg,conditional_ppg_log_lasso_tree_blend,position,RB,spearman,1011,9,0.7380640295249684
v2_conditional_ppg_2026_candidate_nv_v1,v2_locked_final_nv_20260826T211405Z_99d55e2f,conditional_ppg,conditional_ppg_log_lasso_tree_blend,position,TE,rmse,802,9,2.0004141134984894
v2_conditional_ppg_2026_candidate_nv_v1,v2_locked_final_nv_20260826T211405Z_99d55e2f,conditional_ppg,conditional_ppg_log_lasso_tree_blend,position,TE,mae,802,9,1.5783897366131425
v2_conditional_ppg_2026_candidate_nv_v1,v2_locked_final_nv_20260826T211405Z_99d55e2f,conditional_ppg,conditional_ppg_log_lasso_tree_blend,position,TE,bias,802,9,0.30024183165735063
v2_conditional_ppg_2026_candidate_nv_v1,v2_locked_final_nv_20260826T211405Z_99d55e2f,conditional_ppg,conditional_ppg_log_lasso_tree_blend,position,TE,spearman,802,9,0.6974423331365474
v2_conditional_ppg_2026_candidate_nv_v1,v2_locked_final_nv_20260826T211405Z_99d55e2f,conditional_ppg,conditional_ppg_log_lasso_tree_blend,position,WR,rmse,1503,9,2.7021506995673565
v2_conditional_ppg_2026_candidate_nv_v1,v2_locked_final_nv_20260826T211405Z_99d55e2f,conditional_ppg,conditional_ppg_log_lasso_tree_blend,position,WR,mae,1503,9,2.1543414189056556
v2_conditional_ppg_2026_candidate_nv_v1,v2_locked_final_nv_20260826T211405Z_99d55e2f,conditional_ppg,conditional_ppg_log_lasso_tree_blend,position,WR,bias,1503,9,0.24569692600933554
v2_conditional_ppg_2026_candidate_nv_v1,v2_locked_final_nv_20260826T211405Z_99d55e2f,conditional_ppg,conditional_ppg_log_lasso_tree_blend,position,WR,spearman,1503,9,0.738949469257473
v2_conditional_ppg_2026_candidate_nv_v1,v2_locked_final_nv_20260826T211405Z_99d55e2f,conditional_ppg,conditional_ppg_log_lasso_tree_blend,history_depth,other_no_history,rmse,23,7,2.128248365575267
v2_conditional_ppg_2026_candidate_nv_v1,v2_locked_final_nv_20260826T211405Z_99d55e2f,conditional_ppg,conditional_ppg_log_lasso_tree_blend,history_depth,other_no_history,mae,23,7,1.7698275433278854
v2_conditional_ppg_2026_candidate_nv_v1,v2_locked_final_nv_20260826T211405Z_99d55e2f,conditional_ppg,conditional_ppg_log_lasso_tree_blend,history_depth,other_no_history,bias,23,7,1.1213321334171824
v2_conditional_ppg_2026_candidate_nv_v1,v2_locked_final_nv_20260826T211405Z_99d55e2f,conditional_ppg,conditional_ppg_log_lasso_tree_blend,history_depth,other_no_history,spearman,23,7,0.09387351778656126
v2_conditional_ppg_2026_candidate_nv_v1,v2_locked_final_nv_20260826T211405Z_99d55e2f,conditional_ppg,conditional_ppg_log_lasso_tree_blend,history_depth,rookie,rmse,518,9,3.182250775210065
v2_conditional_ppg_2026_candidate_nv_v1,v2_locked_final_nv_20260826T211405Z_99d55e2f,conditional_ppg,conditional_ppg_log_lasso_tree_blend,history_depth,rookie,mae,518,9,2.5246846383689783
v2_conditional_ppg_2026_candidate_nv_v1,v2_locked_final_nv_20260826T211405Z_99d55e2f,conditional_ppg,conditional_ppg_log_lasso_tree_blend,history_depth,rookie,bias,518,9,0.2151116764763787
v2_conditional_ppg_2026_candidate_nv_v1,v2_locked_final_nv_20260826T211405Z_99d55e2f,conditional_ppg,conditional_ppg_log_lasso_tree_blend,history_depth,rookie,spearman,518,9,0.6135194641896418
v2_conditional_ppg_2026_candidate_nv_v1,v2_locked_final_nv_20260826T211405Z_99d55e2f,conditional_ppg,conditional_ppg_log_lasso_tree_blend,history_depth,second_year,rmse,558,9,2.890180435529347
v2_conditional_ppg_2026_candidate_nv_v1,v2_locked_final_nv_20260826T211405Z_99d55e2f,conditional_ppg,conditional_ppg_log_lasso_tree_blend,history_depth,second_year,mae,558,9,2.207871203571061
v2_conditional_ppg_2026_candidate_nv_v1,v2_locked_final_nv_20260826T211405Z_99d55e2f,conditional_ppg,conditional_ppg_log_lasso_tree_blend,history_depth,second_year,bias,558,9,0.12808098614418162
v2_conditional_ppg_2026_candidate_nv_v1,v2_locked_final_nv_20260826T211405Z_99d55e2f,conditional_ppg,conditional_ppg_log_lasso_tree_blend,history_depth,second_year,spearman,558,9,0.7442628338734368
v2_conditional_ppg_2026_candidate_nv_v1,v2_locked_final_nv_20260826T211405Z_99d55e2f,conditional_ppg,conditional_ppg_log_lasso_tree_blend,history_depth,veteran_with_history,rmse,2523,9,2.755020284478455
v2_conditional_ppg_2026_candidate_nv_v1,v2_locked_final_nv_20260826T211405Z_99d55e2f,conditional_ppg,conditional_ppg_log_lasso_tree_blend,history_depth,veteran_with_history,mae,2523,9,2.145647000348216
v2_conditional_ppg_2026_candidate_nv_v1,v2_locked_final_nv_20260826T211405Z_99d55e2f,conditional_ppg,conditional_ppg_log_lasso_tree_blend,history_depth,veteran_with_history,bias,2523,9,0.13153047268861048
v2_conditional_ppg_2026_candidate_nv_v1,v2_locked_final_nv_20260826T211405Z_99d55e2f,conditional_ppg,conditional_ppg_log_lasso_tree_blend,history_depth,veteran_with_history,spearman,2523,9,0.8166805530656766
v2_conditional_ppg_2026_candidate_nv_v1,v2_locked_final_nv_20260826T211405Z_99d55e2f,conditional_ppg,conditional_ppg_primary_blend,pooled,all,rmse,3622,9,2.838829461309823
v2_conditional_ppg_2026_candidate_nv_v1,v2_locked_final_nv_20260826T211405Z_99d55e2f,conditional_ppg,conditional_ppg_primary_blend,pooled,all,mae,3622,9,2.2044584841327106
v2_conditional_ppg_2026_candidate_nv_v1,v2_locked_final_nv_20260826T211405Z_99d55e2f,conditional_ppg,conditional_ppg_primary_blend,pooled,all,bias,3622,9,0.1320417529540915
v2_conditional_ppg_2026_candidate_nv_v1,v2_locked_final_nv_20260826T211405Z_99d55e2f,conditional_ppg,conditional_ppg_primary_blend,pooled,all,spearman,3622,9,0.7814271231628481
v2_conditional_ppg_2026_candidate_nv_v1,v2_locked_final_nv_20260826T211405Z_99d55e2f,conditional_ppg,conditional_ppg_primary_blend,provider_era,2023_2025,rmse,1226,3,2.8570550428993973
v2_conditional_ppg_2026_candidate_nv_v1,v2_locked_final_nv_20260826T211405Z_99d55e2f,conditional_ppg,conditional_ppg_primary_blend,provider_era,2023_2025,mae,1226,3,2.216504750584954
v2_conditional_ppg_2026_candidate_nv_v1,v2_locked_final_nv_20260826T211405Z_99d55e2f,conditional_ppg,conditional_ppg_primary_blend,provider_era,2023_2025,bias,1226,3,0.2677785595448076
v2_conditional_ppg_2026_candidate_nv_v1,v2_locked_final_nv_20260826T211405Z_99d55e2f,conditional_ppg,conditional_ppg_primary_blend,provider_era,2023_2025,spearman,1226,3,0.7920502313142941
v2_conditional_ppg_2026_candidate_nv_v1,v2_locked_final_nv_20260826T211405Z_99d55e2f,conditional_ppg,conditional_ppg_primary_blend,season,2017,rmse,402,1,2.8296445175980445
v2_conditional_ppg_2026_candidate_nv_v1,v2_locked_final_nv_20260826T211405Z_99d55e2f,conditional_ppg,conditional_ppg_primary_blend,season,2017,mae,402,1,2.196710539110357
v2_conditional_ppg_2026_candidate_nv_v1,v2_locked_final_nv_20260826T211405Z_99d55e2f,conditional_ppg,conditional_ppg_primary_blend,season,2017,bias,402,1,0.36609967782793085
v2_conditional_ppg_2026_candidate_nv_v1,v2_locked_final_nv_20260826T211405Z_99d55e2f,conditional_ppg,conditional_ppg_primary_blend,season,2017,spearman,402,1,0.7622223293579434
v2_conditional_ppg_2026_candidate_nv_v1,v2_locked_final_nv_20260826T211405Z_99d55e2f,conditional_ppg,conditional_ppg_primary_blend,season,2018,rmse,365,1,2.9837039246244332
v2_conditional_ppg_2026_candidate_nv_v1,v2_locked_final_nv_20260826T211405Z_99d55e2f,conditional_ppg,conditional_ppg_primary_blend,season,2018,mae,365,1,2.2977527151515873
v2_conditional_ppg_2026_candidate_nv_v1,v2_locked_final_nv_20260826T211405Z_99d55e2f,conditional_ppg,conditional_ppg_primary_blend,season,2018,bias,365,1,-0.3945561329645583
v2_conditional_ppg_2026_candidate_nv_v1,v2_locked_final_nv_20260826T211405Z_99d55e2f,conditional_ppg,conditional_ppg_primary_blend,season,2018,spearman,365,1,0.7396829139622821
v2_conditional_ppg_2026_candidate_nv_v1,v2_locked_final_nv_20260826T211405Z_99d55e2f,conditional_ppg,conditional_ppg_primary_blend,season,2019,rmse,385,1,2.8355010699046326
v2_conditional_ppg_2026_candidate_nv_v1,v2_locked_final_nv_20260826T211405Z_99d55e2f,conditional_ppg,conditional_ppg_primary_blend,season,2019,mae,385,1,2.231881189014673
v2_conditional_ppg_2026_candidate_nv_v1,v2_locked_final_nv_20260826T211405Z_99d55e2f,conditional_ppg,conditional_ppg_primary_blend,season,2019,bias,385,1,-0.13913668554803835
v2_conditional_ppg_2026_candidate_nv_v1,v2_locked_final_nv_20260826T211405Z_99d55e2f,conditional_ppg,conditional_ppg_primary_blend,season,2019,spearman,385,1,0.7739676953190642
v2_conditional_ppg_2026_candidate_nv_v1,v2_locked_final_nv_20260826T211405Z_99d55e2f,conditional_ppg,conditional_ppg_primary_blend,season,2020,rmse,409,1,3.040433653279223
v2_conditional_ppg_2026_candidate_nv_v1,v2_locked_final_nv_20260826T211405Z_99d55e2f,conditional_ppg,conditional_ppg_primary_blend,season,2020,mae,409,1,2.3082470615721924
v2_conditional_ppg_2026_candidate_nv_v1,v2_locked_final_nv_20260826T211405Z_99d55e2f,conditional_ppg,conditional_ppg_primary_blend,season,2020,bias,409,1,-0.3262421015115489
v2_conditional_ppg_2026_candidate_nv_v1,v2_locked_final_nv_20260826T211405Z_99d55e2f,conditional_ppg,conditional_ppg_primary_blend,season,2020,spearman,409,1,0.7754287873635154
v2_conditional_ppg_2026_candidate_nv_v1,v2_locked_final_nv_20260826T211405Z_99d55e2f,conditional_ppg,conditional_ppg_primary_blend,season,2021,rmse,413,1,2.757871657736772
v2_conditional_ppg_2026_candidate_nv_v1,v2_locked_final_nv_20260826T211405Z_99d55e2f,conditional_ppg,conditional_ppg_primary_blend,season,2021,mae,413,1,2.1263479637855895
v2_conditional_ppg_2026_candidate_nv_v1,v2_locked_final_nv_20260826T211405Z_99d55e2f,conditional_ppg,conditional_ppg_primary_blend,season,2021,bias,413,1,0.21348436772970517
v2_conditional_ppg_2026_candidate_nv_v1,v2_locked_final_nv_20260826T211405Z_99d55e2f,conditional_ppg,conditional_ppg_primary_blend,season,2021,spearman,413,1,0.7903490221693104
v2_conditional_ppg_2026_candidate_nv_v1,v2_locked_final_nv_20260826T211405Z_99d55e2f,conditional_ppg,conditional_ppg_primary_blend,season,2022,rmse,422,1,2.527696889013623
v2_conditional_ppg_2026_candidate_nv_v1,v2_locked_final_nv_20260826T211405Z_99d55e2f,conditional_ppg,conditional_ppg_primary_blend,season,2022,mae,422,1,2.046984389956651
v2_conditional_ppg_2026_candidate_nv_v1,v2_locked_final_nv_20260826T211405Z_99d55e2f,conditional_ppg,conditional_ppg_primary_blend,season,2022,bias,422,1,0.5820645327603574
v2_conditional_ppg_2026_candidate_nv_v1,v2_locked_final_nv_20260826T211405Z_99d55e2f,conditional_ppg,conditional_ppg_primary_blend,season,2022,spearman,422,1,0.8112723962156878
v2_conditional_ppg_2026_candidate_nv_v1,v2_locked_final_nv_20260826T211405Z_99d55e2f,conditional_ppg,conditional_ppg_primary_blend,season,2023,rmse,404,1,2.9142774452057667
v2_conditional_ppg_2026_candidate_nv_v1,v2_locked_final_nv_20260826T211405Z_99d55e2f,conditional_ppg,conditional_ppg_primary_blend,season,2023,mae,404,1,2.2357812119585034
v2_conditional_ppg_2026_candidate_nv_v1,v2_locked_final_nv_20260826T211405Z_99d55e2f,conditional_ppg,conditional_ppg_primary_blend,season,2023,bias,404,1,0.43475357247199775
v2_conditional_ppg_2026_candidate_nv_v1,v2_locked_final_nv_20260826T211405Z_99d55e2f,conditional_ppg,conditional_ppg_primary_blend,season,2023,spearman,404,1,0.7869462786453458
v2_conditional_ppg_2026_candidate_nv_v1,v2_locked_final_nv_20260826T211405Z_99d55e2f,conditional_ppg,conditional_ppg_primary_blend,season,2024,rmse,406,1,2.913104596655508
v2_conditional_ppg_2026_candidate_nv_v1,v2_locked_final_nv_20260826T211405Z_99d55e2f,conditional_ppg,conditional_ppg_primary_blend,season,2024,mae,406,1,2.3276759283381865
v2_conditional_ppg_2026_candidate_nv_v1,v2_locked_final_nv_20260826T211405Z_99d55e2f,conditional_ppg,conditional_ppg_primary_blend,season,2024,bias,406,1,0.18633102906516263
v2_conditional_ppg_2026_candidate_nv_v1,v2_locked_final_nv_20260826T211405Z_99d55e2f,conditional_ppg,conditional_ppg_primary_blend,season,2024,spearman,406,1,0.7935003277803473
v2_conditional_ppg_2026_candidate_nv_v1,v2_locked_final_nv_20260826T211405Z_99d55e2f,conditional_ppg,conditional_ppg_primary_blend,season,2025,rmse,416,1,2.743428504612667
v2_conditional_ppg_2026_candidate_nv_v1,v2_locked_final_nv_20260826T211405Z_99d55e2f,conditional_ppg,conditional_ppg_primary_blend,season,2025,mae,416,1,2.089285547309169
v2_conditional_ppg_2026_candidate_nv_v1,v2_locked_final_nv_20260826T211405Z_99d55e2f,conditional_ppg,conditional_ppg_primary_blend,season,2025,bias,416,1,0.18510979067978633
v2_conditional_ppg_2026_candidate_nv_v1,v2_locked_final_nv_20260826T211405Z_99d55e2f,conditional_ppg,conditional_ppg_primary_blend,season,2025,spearman,416,1,0.8064227167555816
v2_conditional_ppg_2026_candidate_nv_v1,v2_locked_final_nv_20260826T211405Z_99d55e2f,conditional_ppg,conditional_ppg_primary_blend,position,QB,rmse,306,8,3.621116587529435
v2_conditional_ppg_2026_candidate_nv_v1,v2_locked_final_nv_20260826T211405Z_99d55e2f,conditional_ppg,conditional_ppg_primary_blend,position,QB,mae,306,8,2.8541778058478338
v2_conditional_ppg_2026_candidate_nv_v1,v2_locked_final_nv_20260826T211405Z_99d55e2f,conditional_ppg,conditional_ppg_primary_blend,position,QB,bias,306,8,-0.12080852881024691
v2_conditional_ppg_2026_candidate_nv_v1,v2_locked_final_nv_20260826T211405Z_99d55e2f,conditional_ppg,conditional_ppg_primary_blend,position,QB,spearman,306,8,0.5489220815622312
v2_conditional_ppg_2026_candidate_nv_v1,v2_locked_final_nv_20260826T211405Z_99d55e2f,conditional_ppg,conditional_ppg_primary_blend,position,RB,rmse,1011,9,3.295341290648839
v2_conditional_ppg_2026_candidate_nv_v1,v2_locked_final_nv_20260826T211405Z_99d55e2f,conditional_ppg,conditional_ppg_primary_blend,position,RB,mae,1011,9,2.5834750635037635
v2_conditional_ppg_2026_candidate_nv_v1,v2_locked_final_nv_20260826T211405Z_99d55e2f,conditional_ppg,conditional_ppg_primary_blend,position,RB,bias,1011,9,-0.051685258170664765
v2_conditional_ppg_2026_candidate_nv_v1,v2_locked_final_nv_20260826T211405Z_99d55e2f,conditional_ppg,conditional_ppg_primary_blend,position,RB,spearman,1011,9,0.7369720822968341
v2_conditional_ppg_2026_candidate_nv_v1,v2_locked_final_nv_20260826T211405Z_99d55e2f,conditional_ppg,conditional_ppg_primary_blend,position,TE,rmse,802,9,2.0004390343369964
v2_conditional_ppg_2026_candidate_nv_v1,v2_locked_final_nv_20260826T211405Z_99d55e2f,conditional_ppg,conditional_ppg_primary_blend,position,TE,mae,802,9,1.5722994841656983
v2_conditional_ppg_2026_candidate_nv_v1,v2_locked_final_nv_20260826T211405Z_99d55e2f,conditional_ppg,conditional_ppg_primary_blend,position,TE,bias,802,9,0.26587869278019005
v2_conditional_ppg_2026_candidate_nv_v1,v2_locked_final_nv_20260826T211405Z_99d55e2f,conditional_ppg,conditional_ppg_primary_blend,position,TE,spearman,802,9,0.6935915161364259
v2_conditional_ppg_2026_candidate_nv_v1,v2_locked_final_nv_20260826T211405Z_99d55e2f,conditional_ppg,conditional_ppg_primary_blend,position,WR,rmse,1503,9,2.7039523310914584
v2_conditional_ppg_2026_candidate_nv_v1,v2_locked_final_nv_20260826T211405Z_99d55e2f,conditional_ppg,conditional_ppg_primary_blend,position,WR,mae,1503,9,2.154552724841015
v2_conditional_ppg_2026_candidate_nv_v1,v2_locked_final_nv_20260826T211405Z_99d55e2f,conditional_ppg,conditional_ppg_primary_blend,position,WR,bias,1503,9,0.2356897694055121
v2_conditional_ppg_2026_candidate_nv_v1,v2_locked_final_nv_20260826T211405Z_99d55e2f,conditional_ppg,conditional_ppg_primary_blend,position,WR,spearman,1503,9,0.7381080385020468
v2_conditional_ppg_2026_candidate_nv_v1,v2_locked_final_nv_20260826T211405Z_99d55e2f,conditional_ppg,conditional_ppg_primary_blend,history_depth,other_no_history,rmse,23,7,2.10902312155287
v2_conditional_ppg_2026_candidate_nv_v1,v2_locked_final_nv_20260826T211405Z_99d55e2f,conditional_ppg,conditional_ppg_primary_blend,history_depth,other_no_history,mae,23,7,1.7430348170689383
v2_conditional_ppg_2026_candidate_nv_v1,v2_locked_final_nv_20260826T211405Z_99d55e2f,conditional_ppg,conditional_ppg_primary_blend,history_depth,other_no_history,bias,23,7,1.0707286917892813
v2_conditional_ppg_2026_candidate_nv_v1,v2_locked_final_nv_20260826T211405Z_99d55e2f,conditional_ppg,conditional_ppg_primary_blend,history_depth,other_no_history,spearman,23,7,0.0790513833992095
v2_conditional_ppg_2026_candidate_nv_v1,v2_locked_final_nv_20260826T211405Z_99d55e2f,conditional_ppg,conditional_ppg_primary_blend,history_depth,rookie,rmse,518,9,3.1802495726573405
v2_conditional_ppg_2026_candidate_nv_v1,v2_locked_final_nv_20260826T211405Z_99d55e2f,conditional_ppg,conditional_ppg_primary_blend,history_depth,rookie,mae,518,9,2.5213907818414256
v2_conditional_ppg_2026_candidate_nv_v1,v2_locked_final_nv_20260826T211405Z_99d55e2f,conditional_ppg,conditional_ppg_primary_blend,history_depth,rookie,bias,518,9,0.20840012958126689
v2_conditional_ppg_2026_candidate_nv_v1,v2_locked_final_nv_20260826T211405Z_99d55e2f,conditional_ppg,conditional_ppg_primary_blend,history_depth,rookie,spearman,518,9,0.6135805040041775
v2_conditional_ppg_2026_candidate_nv_v1,v2_locked_final_nv_20260826T211405Z_99d55e2f,conditional_ppg,conditional_ppg_primary_blend,history_depth,second_year,rmse,558,9,2.892595568444634
v2_conditional_ppg_2026_candidate_nv_v1,v2_locked_final_nv_20260826T211405Z_99d55e2f,conditional_ppg,conditional_ppg_primary_blend,history_depth,second_year,mae,558,9,2.205093862912122
v2_conditional_ppg_2026_candidate_nv_v1,v2_locked_final_nv_20260826T211405Z_99d55e2f,conditional_ppg,conditional_ppg_primary_blend,history_depth,second_year,bias,558,9,0.11321679421284989
v2_conditional_ppg_2026_candidate_nv_v1,v2_locked_final_nv_20260826T211405Z_99d55e2f,conditional_ppg,conditional_ppg_primary_blend,history_depth,second_year,spearman,558,9,0.74306325130303
v2_conditional_ppg_2026_candidate_nv_v1,v2_locked_final_nv_20260826T211405Z_99d55e2f,conditional_ppg,conditional_ppg_primary_blend,history_depth,veteran_with_history,rmse,2523,9,2.7571354389718277
v2_conditional_ppg_2026_candidate_nv_v1,v2_locked_final_nv_20260826T211405Z_99d55e2f,conditional_ppg,conditional_ppg_primary_blend,history_depth,veteran_with_history,mae,2523,9,2.1434546287107685
v2_conditional_ppg_2026_candidate_nv_v1,v2_locked_final_nv_20260826T211405Z_99d55e2f,conditional_ppg,conditional_ppg_primary_blend,history_depth,veteran_with_history,bias,2523,9,0.11197076139306364
v2_conditional_ppg_2026_candidate_nv_v1,v2_locked_final_nv_20260826T211405Z_99d55e2f,conditional_ppg,conditional_ppg_primary_blend,history_depth,veteran_with_history,spearman,2523,9,0.8156049303133793
v2_conditional_ppg_2026_candidate_nv_v1,v2_locked_final_nv_20260826T211405Z_99d55e2f,conditional_ppg,conditional_ppg_projection_history_router,pooled,all,rmse,3622,9,2.8382669228599497
v2_conditional_ppg_2026_candidate_nv_v1,v2_locked_final_nv_20260826T211405Z_99d55e2f,conditional_ppg,conditional_ppg_projection_history_router,pooled,all,mae,3622,9,2.2027548264551826
v2_conditional_ppg_2026_candidate_nv_v1,v2_locked_final_nv_20260826T211405Z_99d55e2f,conditional_ppg,conditional_ppg_projection_history_router,pooled,all,bias,3622,9,0.11160664314632072
v2_conditional_ppg_2026_candidate_nv_v1,v2_locked_final_nv_20260826T211405Z_99d55e2f,conditional_ppg,conditional_ppg_projection_history_router,pooled,all,spearman,3622,9,0.7803577135295272
v2_conditional_ppg_2026_candidate_nv_v1,v2_locked_final_nv_20260826T211405Z_99d55e2f,conditional_ppg,conditional_ppg_projection_history_router,provider_era,2023_2025,rmse,1226,3,2.854527030416233
v2_conditional_ppg_2026_candidate_nv_v1,v2_locked_final_nv_20260826T211405Z_99d55e2f,conditional_ppg,conditional_ppg_projection_history_router,provider_era,2023_2025,mae,1226,3,2.213071538099878
v2_conditional_ppg_2026_candidate_nv_v1,v2_locked_final_nv_20260826T211405Z_99d55e2f,conditional_ppg,conditional_ppg_projection_history_router,provider_era,2023_2025,bias,1226,3,0.2231800347295428
v2_conditional_ppg_2026_candidate_nv_v1,v2_locked_final_nv_20260826T211405Z_99d55e2f,conditional_ppg,conditional_ppg_projection_history_router,provider_era,2023_2025,spearman,1226,3,0.7896248949225639
v2_conditional_ppg_2026_candidate_nv_v1,v2_locked_final_nv_20260826T211405Z_99d55e2f,conditional_ppg,conditional_ppg_projection_history_router,season,2017,rmse,402,1,2.8296445175980445
v2_conditional_ppg_2026_candidate_nv_v1,v2_locked_final_nv_20260826T211405Z_99d55e2f,conditional_ppg,conditional_ppg_projection_history_router,season,2017,mae,402,1,2.196710539110357
v2_conditional_ppg_2026_candidate_nv_v1,v2_locked_final_nv_20260826T211405Z_99d55e2f,conditional_ppg,conditional_ppg_projection_history_router,season,2017,bias,402,1,0.36609967782793085
v2_conditional_ppg_2026_candidate_nv_v1,v2_locked_final_nv_20260826T211405Z_99d55e2f,conditional_ppg,conditional_ppg_projection_history_router,season,2017,spearman,402,1,0.7622223293579434
v2_conditional_ppg_2026_candidate_nv_v1,v2_locked_final_nv_20260826T211405Z_99d55e2f,conditional_ppg,conditional_ppg_projection_history_router,season,2018,rmse,365,1,2.9837039246244332
v2_conditional_ppg_2026_candidate_nv_v1,v2_locked_final_nv_20260826T211405Z_99d55e2f,conditional_ppg,conditional_ppg_projection_history_router,season,2018,mae,365,1,2.2977527151515873
v2_conditional_ppg_2026_candidate_nv_v1,v2_locked_final_nv_20260826T211405Z_99d55e2f,conditional_ppg,conditional_ppg_projection_history_router,season,2018,bias,365,1,-0.3945561329645583
v2_conditional_ppg_2026_candidate_nv_v1,v2_locked_final_nv_20260826T211405Z_99d55e2f,conditional_ppg,conditional_ppg_projection_history_router,season,2018,spearman,365,1,0.7396829139622821
v2_conditional_ppg_2026_candidate_nv_v1,v2_locked_final_nv_20260826T211405Z_99d55e2f,conditional_ppg,conditional_ppg_projection_history_router,season,2019,rmse,385,1,2.8355010699046326
v2_conditional_ppg_2026_candidate_nv_v1,v2_locked_final_nv_20260826T211405Z_99d55e2f,conditional_ppg,conditional_ppg_projection_history_router,season,2019,mae,385,1,2.231881189014673
v2_conditional_ppg_2026_candidate_nv_v1,v2_locked_final_nv_20260826T211405Z_99d55e2f,conditional_ppg,conditional_ppg_projection_history_router,season,2019,bias,385,1,-0.13913668554803835
v2_conditional_ppg_2026_candidate_nv_v1,v2_locked_final_nv_20260826T211405Z_99d55e2f,conditional_ppg,conditional_ppg_projection_history_router,season,2019,spearman,385,1,0.7739676953190642
v2_conditional_ppg_2026_candidate_nv_v1,v2_locked_final_nv_20260826T211405Z_99d55e2f,conditional_ppg,conditional_ppg_projection_history_router,season,2020,rmse,409,1,3.040325424958299
v2_conditional_ppg_2026_candidate_nv_v1,v2_locked_final_nv_20260826T211405Z_99d55e2f,conditional_ppg,conditional_ppg_projection_history_router,season,2020,mae,409,1,2.3011620926352685
v2_conditional_ppg_2026_candidate_nv_v1,v2_locked_final_nv_20260826T211405Z_99d55e2f,conditional_ppg,conditional_ppg_projection_history_router,season,2020,bias,409,1,-0.3548190808280626
v2_conditional_ppg_2026_candidate_nv_v1,v2_locked_final_nv_20260826T211405Z_99d55e2f,conditional_ppg,conditional_ppg_projection_history_router,season,2020,spearman,409,1,0.7748613992690433
v2_conditional_ppg_2026_candidate_nv_v1,v2_locked_final_nv_20260826T211405Z_99d55e2f,conditional_ppg,conditional_ppg_projection_history_router,season,2021,rmse,413,1,2.760681530228125
v2_conditional_ppg_2026_candidate_nv_v1,v2_locked_final_nv_20260826T211405Z_99d55e2f,conditional_ppg,conditional_ppg_projection_history_router,season,2021,mae,413,1,2.1286148468216637
v2_conditional_ppg_2026_candidate_nv_v1,v2_locked_final_nv_20260826T211405Z_99d55e2f,conditional_ppg,conditional_ppg_projection_history_router,season,2021,bias,413,1,0.19496090099901028
v2_conditional_ppg_2026_candidate_nv_v1,v2_locked_final_nv_20260826T211405Z_99d55e2f,conditional_ppg,conditional_ppg_projection_history_router,season,2021,spearman,413,1,0.7891823955724923
v2_conditional_ppg_2026_candidate_nv_v1,v2_locked_final_nv_20260826T211405Z_99d55e2f,conditional_ppg,conditional_ppg_projection_history_router,season,2022,rmse,422,1,2.527696889013623
v2_conditional_ppg_2026_candidate_nv_v1,v2_locked_final_nv_20260826T211405Z_99d55e2f,conditional_ppg,conditional_ppg_projection_history_router,season,2022,mae,422,1,2.046984389956651
v2_conditional_ppg_2026_candidate_nv_v1,v2_locked_final_nv_20260826T211405Z_99d55e2f,conditional_ppg,conditional_ppg_projection_history_router,season,2022,bias,422,1,0.5820645327603574
v2_conditional_ppg_2026_candidate_nv_v1,v2_locked_final_nv_20260826T211405Z_99d55e2f,conditional_ppg,conditional_ppg_projection_history_router,season,2022,spearman,422,1,0.8112723962156878
v2_conditional_ppg_2026_candidate_nv_v1,v2_locked_final_nv_20260826T211405Z_99d55e2f,conditional_ppg,conditional_ppg_projection_history_router,season,2023,rmse,404,1,2.9225222464185685
v2_conditional_ppg_2026_candidate_nv_v1,v2_locked_final_nv_20260826T211405Z_99d55e2f,conditional_ppg,conditional_ppg_projection_history_router,season,2023,mae,404,1,2.2224660281104867
v2_conditional_ppg_2026_candidate_nv_v1,v2_locked_final_nv_20260826T211405Z_99d55e2f,conditional_ppg,conditional_ppg_projection_history_router,season,2023,bias,404,1,0.3559301173608636
v2_conditional_ppg_2026_candidate_nv_v1,v2_locked_final_nv_20260826T211405Z_99d55e2f,conditional_ppg,conditional_ppg_projection_history_router,season,2023,spearman,404,1,0.7777257143399063
v2_conditional_ppg_2026_candidate_nv_v1,v2_locked_final_nv_20260826T211405Z_99d55e2f,conditional_ppg,conditional_ppg_projection_history_router,season,2024,rmse,406,1,2.9162854612372024
v2_conditional_ppg_2026_candidate_nv_v1,v2_locked_final_nv_20260826T211405Z_99d55e2f,conditional_ppg,conditional_ppg_projection_history_router,season,2024,mae,406,1,2.333903171809369
v2_conditional_ppg_2026_candidate_nv_v1,v2_locked_final_nv_20260826T211405Z_99d55e2f,conditional_ppg,conditional_ppg_projection_history_router,season,2024,bias,406,1,0.16351269216512063
v2_conditional_ppg_2026_candidate_nv_v1,v2_locked_final_nv_20260826T211405Z_99d55e2f,conditional_ppg,conditional_ppg_projection_history_router,season,2024,spearman,406,1,0.7909208944489126
v2_conditional_ppg_2026_candidate_nv_v1,v2_locked_final_nv_20260826T211405Z_99d55e2f,conditional_ppg,conditional_ppg_projection_history_router,season,2025,rmse,416,1,2.7237868595655894
v2_conditional_ppg_2026_candidate_nv_v1,v2_locked_final_nv_20260826T211405Z_99d55e2f,conditional_ppg,conditional_ppg_projection_history_router,season,2025,mae,416,1,2.0860210158634858
v2_conditional_ppg_2026_candidate_nv_v1,v2_locked_final_nv_20260826T211405Z_99d55e2f,conditional_ppg,conditional_ppg_projection_history_router,season,2025,bias,416,1,0.1524923128499799
v2_conditional_ppg_2026_candidate_nv_v1,v2_locked_final_nv_20260826T211405Z_99d55e2f,conditional_ppg,conditional_ppg_projection_history_router,season,2025,spearman,416,1,0.8071836558346972
v2_conditional_ppg_2026_candidate_nv_v1,v2_locked_final_nv_20260826T211405Z_99d55e2f,conditional_ppg,conditional_ppg_projection_history_router,position,QB,rmse,306,8,3.6146554352073075
v2_conditional_ppg_2026_candidate_nv_v1,v2_locked_final_nv_20260826T211405Z_99d55e2f,conditional_ppg,conditional_ppg_projection_history_router,position,QB,mae,306,8,2.858770106372297
v2_conditional_ppg_2026_candidate_nv_v1,v2_locked_final_nv_20260826T211405Z_99d55e2f,conditional_ppg,conditional_ppg_projection_history_router,position,QB,bias,306,8,-0.10750880725295589
v2_conditional_ppg_2026_candidate_nv_v1,v2_locked_final_nv_20260826T211405Z_99d55e2f,conditional_ppg,conditional_ppg_projection_history_router,position,QB,spearman,306,8,0.5490751582411876
v2_conditional_ppg_2026_candidate_nv_v1,v2_locked_final_nv_20260826T211405Z_99d55e2f,conditional_ppg,conditional_ppg_projection_history_router,position,RB,rmse,1011,9,3.295341290648839
v2_conditional_ppg_2026_candidate_nv_v1,v2_locked_final_nv_20260826T211405Z_99d55e2f,conditional_ppg,conditional_ppg_projection_history_router,position,RB,mae,1011,9,2.5834750635037635
v2_conditional_ppg_2026_candidate_nv_v1,v2_locked_final_nv_20260826T211405Z_99d55e2f,conditional_ppg,conditional_ppg_projection_history_router,position,RB,bias,1011,9,-0.051685258170664765
v2_conditional_ppg_2026_candidate_nv_v1,v2_locked_final_nv_20260826T211405Z_99d55e2f,conditional_ppg,conditional_ppg_projection_history_router,position,RB,spearman,1011,9,0.7369720822968341
v2_conditional_ppg_2026_candidate_nv_v1,v2_locked_final_nv_20260826T211405Z_99d55e2f,conditional_ppg,conditional_ppg_projection_history_router,position,TE,rmse,802,9,2.0061422855923565
v2_conditional_ppg_2026_candidate_nv_v1,v2_locked_final_nv_20260826T211405Z_99d55e2f,conditional_ppg,conditional_ppg_projection_history_router,position,TE,mae,802,9,1.5717749132231627
v2_conditional_ppg_2026_candidate_nv_v1,v2_locked_final_nv_20260826T211405Z_99d55e2f,conditional_ppg,conditional_ppg_projection_history_router,position,TE,bias,802,9,0.24486157079281648
v2_conditional_ppg_2026_candidate_nv_v1,v2_locked_final_nv_20260826T211405Z_99d55e2f,conditional_ppg,conditional_ppg_projection_history_router,position,TE,spearman,802,9,0.6923658176091019
v2_conditional_ppg_2026_candidate_nv_v1,v2_locked_final_nv_20260826T211405Z_99d55e2f,conditional_ppg,conditional_ppg_projection_history_router,position,WR,rmse,1503,9,2.702033933161138
v2_conditional_ppg_2026_candidate_nv_v1,v2_locked_final_nv_20260826T211405Z_99d55e2f,conditional_ppg,conditional_ppg_projection_history_router,position,WR,mae,1503,9,2.1497921219317813
v2_conditional_ppg_2026_candidate_nv_v1,v2_locked_final_nv_20260826T211405Z_99d55e2f,conditional_ppg,conditional_ppg_projection_history_router,position,WR,bias,1503,9,0.19495127926153122
v2_conditional_ppg_2026_candidate_nv_v1,v2_locked_final_nv_20260826T211405Z_99d55e2f,conditional_ppg,conditional_ppg_projection_history_router,position,WR,spearman,1503,9,0.7352287027170817
v2_conditional_ppg_2026_candidate_nv_v1,v2_locked_final_nv_20260826T211405Z_99d55e2f,conditional_ppg,conditional_ppg_projection_history_router,history_depth,other_no_history,rmse,23,7,2.1302575141513507
v2_conditional_ppg_2026_candidate_nv_v1,v2_locked_final_nv_20260826T211405Z_99d55e2f,conditional_ppg,conditional_ppg_projection_history_router,history_depth,other_no_history,mae,23,7,1.7496451186692688
v2_conditional_ppg_2026_candidate_nv_v1,v2_locked_final_nv_20260826T211405Z_99d55e2f,conditional_ppg,conditional_ppg_projection_history_router,history_depth,other_no_history,bias,23,7,1.080369303019147
v2_conditional_ppg_2026_candidate_nv_v1,v2_locked_final_nv_20260826T211405Z_99d55e2f,conditional_ppg,conditional_ppg_projection_history_router,history_depth,other_no_history,spearman,23,7,-0.00889547840351404
v2_conditional_ppg_2026_candidate_nv_v1,v2_locked_final_nv_20260826T211405Z_99d55e2f,conditional_ppg,conditional_ppg_projection_history_router,history_depth,rookie,rmse,518,9,3.1879929597248484
v2_conditional_ppg_2026_candidate_nv_v1,v2_locked_final_nv_20260826T211405Z_99d55e2f,conditional_ppg,conditional_ppg_projection_history_router,history_depth,rookie,mae,518,9,2.5208000775116135
v2_conditional_ppg_2026_candidate_nv_v1,v2_locked_final_nv_20260826T211405Z_99d55e2f,conditional_ppg,conditional_ppg_projection_history_router,history_depth,rookie,bias,518,9,0.09493979169949397
v2_conditional_ppg_2026_candidate_nv_v1,v2_locked_final_nv_20260826T211405Z_99d55e2f,conditional_ppg,conditional_ppg_projection_history_router,history_depth,rookie,spearman,518,9,0.6006564889589124
v2_conditional_ppg_2026_candidate_nv_v1,v2_locked_final_nv_20260826T211405Z_99d55e2f,conditional_ppg,conditional_ppg_projection_history_router,history_depth,second_year,rmse,558,9,2.880432627446123
v2_conditional_ppg_2026_candidate_nv_v1,v2_locked_final_nv_20260826T211405Z_99d55e2f,conditional_ppg,conditional_ppg_projection_history_router,history_depth,second_year,mae,558,9,2.194311246062712
v2_conditional_ppg_2026_candidate_nv_v1,v2_locked_final_nv_20260826T211405Z_99d55e2f,conditional_ppg,conditional_ppg_projection_history_router,history_depth,second_year,bias,558,9,0.08550129822848723
v2_conditional_ppg_2026_candidate_nv_v1,v2_locked_final_nv_20260826T211405Z_99d55e2f,conditional_ppg,conditional_ppg_projection_history_router,history_depth,second_year,spearman,558,9,0.7432430260039686
v2_conditional_ppg_2026_candidate_nv_v1,v2_locked_final_nv_20260826T211405Z_99d55e2f,conditional_ppg,conditional_ppg_projection_history_router,history_depth,veteran_with_history,rmse,2523,9,2.7571354389718277
v2_conditional_ppg_2026_candidate_nv_v1,v2_locked_final_nv_20260826T211405Z_99d55e2f,conditional_ppg,conditional_ppg_projection_history_router,history_depth,veteran_with_history,mae,2523,9,2.1434546287107685
v2_conditional_ppg_2026_candidate_nv_v1,v2_locked_final_nv_20260826T211405Z_99d55e2f,conditional_ppg,conditional_ppg_projection_history_router,history_depth,veteran_with_history,bias,2523,9,0.11197076139306364
v2_conditional_ppg_2026_candidate_nv_v1,v2_locked_final_nv_20260826T211405Z_99d55e2f,conditional_ppg,conditional_ppg_projection_history_router,history_depth,veteran_with_history,spearman,2523,9,0.8156049303133793
v2_conditional_ppg_2026_candidate_nv_v1,v2_locked_final_nv_20260826T211405Z_99d55e2f,conditional_ppg,conditional_ppg_qb_style_wrte_route,pooled,all,rmse,3622,9,2.837342835735024
v2_conditional_ppg_2026_candidate_nv_v1,v2_locked_final_nv_20260826T211405Z_99d55e2f,conditional_ppg,conditional_ppg_qb_style_wrte_route,pooled,all,mae,3622,9,2.2027525508064056
v2_conditional_ppg_2026_candidate_nv_v1,v2_locked_final_nv_20260826T211405Z_99d55e2f,conditional_ppg,conditional_ppg_qb_style_wrte_route,pooled,all,bias,3622,9,0.12654304900943059
v2_conditional_ppg_2026_candidate_nv_v1,v2_locked_final_nv_20260826T211405Z_99d55e2f,conditional_ppg,conditional_ppg_qb_style_wrte_route,pooled,all,spearman,3622,9,0.7818058992081135
v2_conditional_ppg_2026_candidate_nv_v1,v2_locked_final_nv_20260826T211405Z_99d55e2f,conditional_ppg,conditional_ppg_qb_style_wrte_route,provider_era,2023_2025,rmse,1226,3,2.853901780190225
v2_conditional_ppg_2026_candidate_nv_v1,v2_locked_final_nv_20260826T211405Z_99d55e2f,conditional_ppg,conditional_ppg_qb_style_wrte_route,provider_era,2023_2025,mae,1226,3,2.213212283061247
v2_conditional_ppg_2026_candidate_nv_v1,v2_locked_final_nv_20260826T211405Z_99d55e2f,conditional_ppg,conditional_ppg_qb_style_wrte_route,provider_era,2023_2025,bias,1226,3,0.2594257870196312
v2_conditional_ppg_2026_candidate_nv_v1,v2_locked_final_nv_20260826T211405Z_99d55e2f,conditional_ppg,conditional_ppg_qb_style_wrte_route,provider_era,2023_2025,spearman,1226,3,0.792595628867864
v2_conditional_ppg_2026_candidate_nv_v1,v2_locked_final_nv_20260826T211405Z_99d55e2f,conditional_ppg,conditional_ppg_qb_style_wrte_route,season,2017,rmse,402,1,2.831410982957783
v2_conditional_ppg_2026_candidate_nv_v1,v2_locked_final_nv_20260826T211405Z_99d55e2f,conditional_ppg,conditional_ppg_qb_style_wrte_route,season,2017,mae,402,1,2.200072732029265
v2_conditional_ppg_2026_candidate_nv_v1,v2_locked_final_nv_20260826T211405Z_99d55e2f,conditional_ppg,conditional_ppg_qb_style_wrte_route,season,2017,bias,402,1,0.37607213045638826
v2_conditional_ppg_2026_candidate_nv_v1,v2_locked_final_nv_20260826T211405Z_99d55e2f,conditional_ppg,conditional_ppg_qb_style_wrte_route,season,2017,spearman,402,1,0.7605639435373823
v2_conditional_ppg_2026_candidate_nv_v1,v2_locked_final_nv_20260826T211405Z_99d55e2f,conditional_ppg,conditional_ppg_qb_style_wrte_route,season,2018,rmse,365,1,2.9833489417173076
v2_conditional_ppg_2026_candidate_nv_v1,v2_locked_final_nv_20260826T211405Z_99d55e2f,conditional_ppg,conditional_ppg_qb_style_wrte_route,season,2018,mae,365,1,2.298085699549948
v2_conditional_ppg_2026_candidate_nv_v1,v2_locked_final_nv_20260826T211405Z_99d55e2f,conditional_ppg,conditional_ppg_qb_style_wrte_route,season,2018,bias,365,1,-0.38480428936825506
v2_conditional_ppg_2026_candidate_nv_v1,v2_locked_final_nv_20260826T211405Z_99d55e2f,conditional_ppg,conditional_ppg_qb_style_wrte_route,season,2018,spearman,365,1,0.7396189985103331
v2_conditional_ppg_2026_candidate_nv_v1,v2_locked_final_nv_20260826T211405Z_99d55e2f,conditional_ppg,conditional_ppg_qb_style_wrte_route,season,2019,rmse,385,1,2.8353199161681815
v2_conditional_ppg_2026_candidate_nv_v1,v2_locked_final_nv_20260826T211405Z_99d55e2f,conditional_ppg,conditional_ppg_qb_style_wrte_route,season,2019,mae,385,1,2.2314510070342517
v2_conditional_ppg_2026_candidate_nv_v1,v2_locked_final_nv_20260826T211405Z_99d55e2f,conditional_ppg,conditional_ppg_qb_style_wrte_route,season,2019,bias,385,1,-0.1462268486522585
v2_conditional_ppg_2026_candidate_nv_v1,v2_locked_final_nv_20260826T211405Z_99d55e2f,conditional_ppg,conditional_ppg_qb_style_wrte_route,season,2019,spearman,385,1,0.7752863738879037
v2_conditional_ppg_2026_candidate_nv_v1,v2_locked_final_nv_20260826T211405Z_99d55e2f,conditional_ppg,conditional_ppg_qb_style_wrte_route,season,2020,rmse,409,1,3.041934875965021
v2_conditional_ppg_2026_candidate_nv_v1,v2_locked_final_nv_20260826T211405Z_99d55e2f,conditional_ppg,conditional_ppg_qb_style_wrte_route,season,2020,mae,409,1,2.3099578676069874
v2_conditional_ppg_2026_candidate_nv_v1,v2_locked_final_nv_20260826T211405Z_99d55e2f,conditional_ppg,conditional_ppg_qb_style_wrte_route,season,2020,bias,409,1,-0.33383747711503053
v2_conditional_ppg_2026_candidate_nv_v1,v2_locked_final_nv_20260826T211405Z_99d55e2f,conditional_ppg,conditional_ppg_qb_style_wrte_route,season,2020,spearman,409,1,0.7748441122020018
v2_conditional_ppg_2026_candidate_nv_v1,v2_locked_final_nv_20260826T211405Z_99d55e2f,conditional_ppg,conditional_ppg_qb_style_wrte_route,season,2021,rmse,413,1,2.754370018256197
v2_conditional_ppg_2026_candidate_nv_v1,v2_locked_final_nv_20260826T211405Z_99d55e2f,conditional_ppg,conditional_ppg_qb_style_wrte_route,season,2021,mae,413,1,2.1205934507753357
v2_conditional_ppg_2026_candidate_nv_v1,v2_locked_final_nv_20260826T211405Z_99d55e2f,conditional_ppg,conditional_ppg_qb_style_wrte_route,season,2021,bias,413,1,0.19807519700289544
v2_conditional_ppg_2026_candidate_nv_v1,v2_locked_final_nv_20260826T211405Z_99d55e2f,conditional_ppg,conditional_ppg_qb_style_wrte_route,season,2021,spearman,413,1,0.7912605476044005
v2_conditional_ppg_2026_candidate_nv_v1,v2_locked_final_nv_20260826T211405Z_99d55e2f,conditional_ppg,conditional_ppg_qb_style_wrte_route,season,2022,rmse,422,1,2.5243666559835036
v2_conditional_ppg_2026_candidate_nv_v1,v2_locked_final_nv_20260826T211405Z_99d55e2f,conditional_ppg,conditional_ppg_qb_style_wrte_route,season,2022,mae,422,1,2.0427830821008475
v2_conditional_ppg_2026_candidate_nv_v1,v2_locked_final_nv_20260826T211405Z_99d55e2f,conditional_ppg,conditional_ppg_qb_style_wrte_route,season,2022,bias,422,1,0.5701120528696825
v2_conditional_ppg_2026_candidate_nv_v1,v2_locked_final_nv_20260826T211405Z_99d55e2f,conditional_ppg,conditional_ppg_qb_style_wrte_route,season,2022,spearman,422,1,0.8122314256510734
v2_conditional_ppg_2026_candidate_nv_v1,v2_locked_final_nv_20260826T211405Z_99d55e2f,conditional_ppg,conditional_ppg_qb_style_wrte_route,season,2023,rmse,404,1,2.910180296643581
v2_conditional_ppg_2026_candidate_nv_v1,v2_locked_final_nv_20260826T211405Z_99d55e2f,conditional_ppg,conditional_ppg_qb_style_wrte_route,season,2023,mae,404,1,2.230367574314189
v2_conditional_ppg_2026_candidate_nv_v1,v2_locked_final_nv_20260826T211405Z_99d55e2f,conditional_ppg,conditional_ppg_qb_style_wrte_route,season,2023,bias,404,1,0.41893067466225187
v2_conditional_ppg_2026_candidate_nv_v1,v2_locked_final_nv_20260826T211405Z_99d55e2f,conditional_ppg,conditional_ppg_qb_style_wrte_route,season,2023,spearman,404,1,0.7880027126972458
v2_conditional_ppg_2026_candidate_nv_v1,v2_locked_final_nv_20260826T211405Z_99d55e2f,conditional_ppg,conditional_ppg_qb_style_wrte_route,season,2024,rmse,406,1,2.9109212870749643
v2_conditional_ppg_2026_candidate_nv_v1,v2_locked_final_nv_20260826T211405Z_99d55e2f,conditional_ppg,conditional_ppg_qb_style_wrte_route,season,2024,mae,406,1,2.324128117489969
v2_conditional_ppg_2026_candidate_nv_v1,v2_locked_final_nv_20260826T211405Z_99d55e2f,conditional_ppg,conditional_ppg_qb_style_wrte_route,season,2024,bias,406,1,0.1750781709891411
v2_conditional_ppg_2026_candidate_nv_v1,v2_locked_final_nv_20260826T211405Z_99d55e2f,conditional_ppg,conditional_ppg_qb_style_wrte_route,season,2024,spearman,406,1,0.7941486256197253
v2_conditional_ppg_2026_candidate_nv_v1,v2_locked_final_nv_20260826T211405Z_99d55e2f,conditional_ppg,conditional_ppg_qb_style_wrte_route,season,2025,rmse,416,1,2.740239615931712
v2_conditional_ppg_2026_candidate_nv_v1,v2_locked_final_nv_20260826T211405Z_99d55e2f,conditional_ppg,conditional_ppg_qb_style_wrte_route,season,2025,mae,416,1,2.088302267570263
v2_conditional_ppg_2026_candidate_nv_v1,v2_locked_final_nv_20260826T211405Z_99d55e2f,conditional_ppg,conditional_ppg_qb_style_wrte_route,season,2025,bias,416,1,0.18684203101184313
v2_conditional_ppg_2026_candidate_nv_v1,v2_locked_final_nv_20260826T211405Z_99d55e2f,conditional_ppg,conditional_ppg_qb_style_wrte_route,season,2025,spearman,416,1,0.8058440598363765
v2_conditional_ppg_2026_candidate_nv_v1,v2_locked_final_nv_20260826T211405Z_99d55e2f,conditional_ppg,conditional_ppg_qb_style_wrte_route,position,QB,rmse,306,8,3.621116587529435
v2_conditional_ppg_2026_candidate_nv_v1,v2_locked_final_nv_20260826T211405Z_99d55e2f,conditional_ppg,conditional_ppg_qb_style_wrte_route,position,QB,mae,306,8,2.8541778058478338
v2_conditional_ppg_2026_candidate_nv_v1,v2_locked_final_nv_20260826T211405Z_99d55e2f,conditional_ppg,conditional_ppg_qb_style_wrte_route,position,QB,bias,306,8,-0.12080852881024691
v2_conditional_ppg_2026_candidate_nv_v1,v2_locked_final_nv_20260826T211405Z_99d55e2f,conditional_ppg,conditional_ppg_qb_style_wrte_route,position,QB,spearman,306,8,0.5489220815622312
v2_conditional_ppg_2026_candidate_nv_v1,v2_locked_final_nv_20260826T211405Z_99d55e2f,conditional_ppg,conditional_ppg_qb_style_wrte_route,position,RB,rmse,1011,9,3.295341290648839
v2_conditional_ppg_2026_candidate_nv_v1,v2_locked_final_nv_20260826T211405Z_99d55e2f,conditional_ppg,conditional_ppg_qb_style_wrte_route,position,RB,mae,1011,9,2.5834750635037635
v2_conditional_ppg_2026_candidate_nv_v1,v2_locked_final_nv_20260826T211405Z_99d55e2f,conditional_ppg,conditional_ppg_qb_style_wrte_route,position,RB,bias,1011,9,-0.051685258170664765
v2_conditional_ppg_2026_candidate_nv_v1,v2_locked_final_nv_20260826T211405Z_99d55e2f,conditional_ppg,conditional_ppg_qb_style_wrte_route,position,RB,spearman,1011,9,0.7369720822968341
v2_conditional_ppg_2026_candidate_nv_v1,v2_locked_final_nv_20260826T211405Z_99d55e2f,conditional_ppg,conditional_ppg_qb_style_wrte_route,position,TE,rmse,802,9,1.9989982522963823
v2_conditional_ppg_2026_candidate_nv_v1,v2_locked_final_nv_20260826T211405Z_99d55e2f,conditional_ppg,conditional_ppg_qb_style_wrte_route,position,TE,mae,802,9,1.5720363299220093
v2_conditional_ppg_2026_candidate_nv_v1,v2_locked_final_nv_20260826T211405Z_99d55e2f,conditional_ppg,conditional_ppg_qb_style_wrte_route,position,TE,bias,802,9,0.2625050790803069
v2_conditional_ppg_2026_candidate_nv_v1,v2_locked_final_nv_20260826T211405Z_99d55e2f,conditional_ppg,conditional_ppg_qb_style_wrte_route,position,TE,spearman,802,9,0.6946663201697153
v2_conditional_ppg_2026_candidate_nv_v1,v2_locked_final_nv_20260826T211405Z_99d55e2f,conditional_ppg,conditional_ppg_qb_style_wrte_route,position,WR,rmse,1503,9,2.700758756945752
v2_conditional_ppg_2026_candidate_nv_v1,v2_locked_final_nv_20260826T211405Z_99d55e2f,conditional_ppg,conditional_ppg_qb_style_wrte_route,position,WR,mae,1503,9,2.1505821055433185
v2_conditional_ppg_2026_candidate_nv_v1,v2_locked_final_nv_20260826T211405Z_99d55e2f,conditional_ppg,conditional_ppg_qb_style_wrte_route,position,WR,bias,1503,9,0.22423889282516898
v2_conditional_ppg_2026_candidate_nv_v1,v2_locked_final_nv_20260826T211405Z_99d55e2f,conditional_ppg,conditional_ppg_qb_style_wrte_route,position,WR,spearman,1503,9,0.7388287301732899
v2_conditional_ppg_2026_candidate_nv_v1,v2_locked_final_nv_20260826T211405Z_99d55e2f,conditional_ppg,conditional_ppg_qb_style_wrte_route,history_depth,other_no_history,rmse,23,7,2.109132685887313
v2_conditional_ppg_2026_candidate_nv_v1,v2_locked_final_nv_20260826T211405Z_99d55e2f,conditional_ppg,conditional_ppg_qb_style_wrte_route,history_depth,other_no_history,mae,23,7,1.7419176709283375
v2_conditional_ppg_2026_candidate_nv_v1,v2_locked_final_nv_20260826T211405Z_99d55e2f,conditional_ppg,conditional_ppg_qb_style_wrte_route,history_depth,other_no_history,bias,23,7,1.0547124279434383
v2_conditional_ppg_2026_candidate_nv_v1,v2_locked_final_nv_20260826T211405Z_99d55e2f,conditional_ppg,conditional_ppg_qb_style_wrte_route,history_depth,other_no_history,spearman,23,7,0.08794466403162056
v2_conditional_ppg_2026_candidate_nv_v1,v2_locked_final_nv_20260826T211405Z_99d55e2f,conditional_ppg,conditional_ppg_qb_style_wrte_route,history_depth,rookie,rmse,518,9,3.1752254002087987
v2_conditional_ppg_2026_candidate_nv_v1,v2_locked_final_nv_20260826T211405Z_99d55e2f,conditional_ppg,conditional_ppg_qb_style_wrte_route,history_depth,rookie,mae,518,9,2.51737130825774
v2_conditional_ppg_2026_candidate_nv_v1,v2_locked_final_nv_20260826T211405Z_99d55e2f,conditional_ppg,conditional_ppg_qb_style_wrte_route,history_depth,rookie,bias,518,9,0.20184495078295903
v2_conditional_ppg_2026_candidate_nv_v1,v2_locked_final_nv_20260826T211405Z_99d55e2f,conditional_ppg,conditional_ppg_qb_style_wrte_route,history_depth,rookie,spearman,518,9,0.6161511262925681
v2_conditional_ppg_2026_candidate_nv_v1,v2_locked_final_nv_20260826T211405Z_99d55e2f,conditional_ppg,conditional_ppg_qb_style_wrte_route,history_depth,second_year,rmse,558,9,2.890115420057326
v2_conditional_ppg_2026_candidate_nv_v1,v2_locked_final_nv_20260826T211405Z_99d55e2f,conditional_ppg,conditional_ppg_qb_style_wrte_route,history_depth,second_year,mae,558,9,2.200524459863721
v2_conditional_ppg_2026_candidate_nv_v1,v2_locked_final_nv_20260826T211405Z_99d55e2f,conditional_ppg,conditional_ppg_qb_style_wrte_route,history_depth,second_year,bias,558,9,0.10481503530298575
v2_conditional_ppg_2026_candidate_nv_v1,v2_locked_final_nv_20260826T211405Z_99d55e2f,conditional_ppg,conditional_ppg_qb_style_wrte_route,history_depth,second_year,spearman,558,9,0.7436556177191456
v2_conditional_ppg_2026_candidate_nv_v1,v2_locked_final_nv_20260826T211405Z_99d55e2f,conditional_ppg,conditional_ppg_qb_style_wrte_route,history_depth,veteran_with_history,rmse,2523,9,2.756701893973696
v2_conditional_ppg_2026_candidate_nv_v1,v2_locked_final_nv_20260826T211405Z_99d55e2f,conditional_ppg,conditional_ppg_qb_style_wrte_route,history_depth,veteran_with_history,mae,2523,9,2.1428516235862003
v2_conditional_ppg_2026_candidate_nv_v1,v2_locked_final_nv_20260826T211405Z_99d55e2f,conditional_ppg,conditional_ppg_qb_style_wrte_route,history_depth,veteran_with_history,bias,2523,9,0.10742689792501774
v2_conditional_ppg_2026_candidate_nv_v1,v2_locked_final_nv_20260826T211405Z_99d55e2f,conditional_ppg,conditional_ppg_qb_style_wrte_route,history_depth,veteran_with_history,spearman,2523,9,0.8157054490760691
v2_conditional_ppg_2026_candidate_nv_v1,v2_locked_final_nv_20260826T211405Z_99d55e2f,conditional_ppg,conditional_ppg_random_forest,pooled,all,rmse,3622,9,2.8543304251458026
v2_conditional_ppg_2026_candidate_nv_v1,v2_locked_final_nv_20260826T211405Z_99d55e2f,conditional_ppg,conditional_ppg_random_forest,pooled,all,mae,3622,9,2.2336565539246904
v2_conditional_ppg_2026_candidate_nv_v1,v2_locked_final_nv_20260826T211405Z_99d55e2f,conditional_ppg,conditional_ppg_random_forest,pooled,all,bias,3622,9,0.20347819169204806
v2_conditional_ppg_2026_candidate_nv_v1,v2_locked_final_nv_20260826T211405Z_99d55e2f,conditional_ppg,conditional_ppg_random_forest,pooled,all,spearman,3622,9,0.7802914451722293
v2_conditional_ppg_2026_candidate_nv_v1,v2_locked_final_nv_20260826T211405Z_99d55e2f,conditional_ppg,conditional_ppg_random_forest,provider_era,2023_2025,rmse,1226,3,2.8632323706756546
v2_conditional_ppg_2026_candidate_nv_v1,v2_locked_final_nv_20260826T211405Z_99d55e2f,conditional_ppg,conditional_ppg_random_forest,provider_era,2023_2025,mae,1226,3,2.2485327787353424
v2_conditional_ppg_2026_candidate_nv_v1,v2_locked_final_nv_20260826T211405Z_99d55e2f,conditional_ppg,conditional_ppg_random_forest,provider_era,2023_2025,bias,1226,3,0.3566828441288516
v2_conditional_ppg_2026_candidate_nv_v1,v2_locked_final_nv_20260826T211405Z_99d55e2f,conditional_ppg,conditional_ppg_random_forest,provider_era,2023_2025,spearman,1226,3,0.7915150314547774
v2_conditional_ppg_2026_candidate_nv_v1,v2_locked_final_nv_20260826T211405Z_99d55e2f,conditional_ppg,conditional_ppg_random_forest,season,2017,rmse,402,1,2.851231746163252
v2_conditional_ppg_2026_candidate_nv_v1,v2_locked_final_nv_20260826T211405Z_99d55e2f,conditional_ppg,conditional_ppg_random_forest,season,2017,mae,402,1,2.2406873984481854
v2_conditional_ppg_2026_candidate_nv_v1,v2_locked_final_nv_20260826T211405Z_99d55e2f,conditional_ppg,conditional_ppg_random_forest,season,2017,bias,402,1,0.4476136924075255
v2_conditional_ppg_2026_candidate_nv_v1,v2_locked_final_nv_20260826T211405Z_99d55e2f,conditional_ppg,conditional_ppg_random_forest,season,2017,spearman,402,1,0.7597859171310327
v2_conditional_ppg_2026_candidate_nv_v1,v2_locked_final_nv_20260826T211405Z_99d55e2f,conditional_ppg,conditional_ppg_random_forest,season,2018,rmse,365,1,3.0074304096727653
v2_conditional_ppg_2026_candidate_nv_v1,v2_locked_final_nv_20260826T211405Z_99d55e2f,conditional_ppg,conditional_ppg_random_forest,season,2018,mae,365,1,2.3274960920825682
v2_conditional_ppg_2026_candidate_nv_v1,v2_locked_final_nv_20260826T211405Z_99d55e2f,conditional_ppg,conditional_ppg_random_forest,season,2018,bias,365,1,-0.25793953273712367
v2_conditional_ppg_2026_candidate_nv_v1,v2_locked_final_nv_20260826T211405Z_99d55e2f,conditional_ppg,conditional_ppg_random_forest,season,2018,spearman,365,1,0.7240542286827683
v2_conditional_ppg_2026_candidate_nv_v1,v2_locked_final_nv_20260826T211405Z_99d55e2f,conditional_ppg,conditional_ppg_random_forest,season,2019,rmse,385,1,2.838307445662008
v2_conditional_ppg_2026_candidate_nv_v1,v2_locked_final_nv_20260826T211405Z_99d55e2f,conditional_ppg,conditional_ppg_random_forest,season,2019,mae,385,1,2.2351387631393687
v2_conditional_ppg_2026_candidate_nv_v1,v2_locked_final_nv_20260826T211405Z_99d55e2f,conditional_ppg,conditional_ppg_random_forest,season,2019,bias,385,1,0.019390809541135867
v2_conditional_ppg_2026_candidate_nv_v1,v2_locked_final_nv_20260826T211405Z_99d55e2f,conditional_ppg,conditional_ppg_random_forest,season,2019,spearman,385,1,0.7747061006442882
v2_conditional_ppg_2026_candidate_nv_v1,v2_locked_final_nv_20260826T211405Z_99d55e2f,conditional_ppg,conditional_ppg_random_forest,season,2020,rmse,409,1,3.0486030048123456
v2_conditional_ppg_2026_candidate_nv_v1,v2_locked_final_nv_20260826T211405Z_99d55e2f,conditional_ppg,conditional_ppg_random_forest,season,2020,mae,409,1,2.315590787010922
v2_conditional_ppg_2026_candidate_nv_v1,v2_locked_final_nv_20260826T211405Z_99d55e2f,conditional_ppg,conditional_ppg_random_forest,season,2020,bias,409,1,-0.34331959681899743
v2_conditional_ppg_2026_candidate_nv_v1,v2_locked_final_nv_20260826T211405Z_99d55e2f,conditional_ppg,conditional_ppg_random_forest,season,2020,spearman,409,1,0.7782879690480556
v2_conditional_ppg_2026_candidate_nv_v1,v2_locked_final_nv_20260826T211405Z_99d55e2f,conditional_ppg,conditional_ppg_random_forest,season,2021,rmse,413,1,2.7596619931319446
v2_conditional_ppg_2026_candidate_nv_v1,v2_locked_final_nv_20260826T211405Z_99d55e2f,conditional_ppg,conditional_ppg_random_forest,season,2021,mae,413,1,2.1414507776766025
v2_conditional_ppg_2026_candidate_nv_v1,v2_locked_final_nv_20260826T211405Z_99d55e2f,conditional_ppg,conditional_ppg_random_forest,season,2021,bias,413,1,0.18624442559171747
v2_conditional_ppg_2026_candidate_nv_v1,v2_locked_final_nv_20260826T211405Z_99d55e2f,conditional_ppg,conditional_ppg_random_forest,season,2021,spearman,413,1,0.7915185377504375
v2_conditional_ppg_2026_candidate_nv_v1,v2_locked_final_nv_20260826T211405Z_99d55e2f,conditional_ppg,conditional_ppg_random_forest,season,2022,rmse,422,1,2.594582099432465
v2_conditional_ppg_2026_candidate_nv_v1,v2_locked_final_nv_20260826T211405Z_99d55e2f,conditional_ppg,conditional_ppg_random_forest,season,2022,mae,422,1,2.1120526467365655
v2_conditional_ppg_2026_candidate_nv_v1,v2_locked_final_nv_20260826T211405Z_99d55e2f,conditional_ppg,conditional_ppg_random_forest,season,2022,bias,422,1,0.6396809814315266
v2_conditional_ppg_2026_candidate_nv_v1,v2_locked_final_nv_20260826T211405Z_99d55e2f,conditional_ppg,conditional_ppg_random_forest,season,2022,spearman,422,1,0.8066377105542889
v2_conditional_ppg_2026_candidate_nv_v1,v2_locked_final_nv_20260826T211405Z_99d55e2f,conditional_ppg,conditional_ppg_random_forest,season,2023,rmse,404,1,2.9256230152174125
v2_conditional_ppg_2026_candidate_nv_v1,v2_locked_final_nv_20260826T211405Z_99d55e2f,conditional_ppg,conditional_ppg_random_forest,season,2023,mae,404,1,2.282096506134798
v2_conditional_ppg_2026_candidate_nv_v1,v2_locked_final_nv_20260826T211405Z_99d55e2f,conditional_ppg,conditional_ppg_random_forest,season,2023,bias,404,1,0.5324242801229642
v2_conditional_ppg_2026_candidate_nv_v1,v2_locked_final_nv_20260826T211405Z_99d55e2f,conditional_ppg,conditional_ppg_random_forest,season,2023,spearman,404,1,0.7858563590007586
v2_conditional_ppg_2026_candidate_nv_v1,v2_locked_final_nv_20260826T211405Z_99d55e2f,conditional_ppg,conditional_ppg_random_forest,season,2024,rmse,406,1,2.9385967072151766
v2_conditional_ppg_2026_candidate_nv_v1,v2_locked_final_nv_20260826T211405Z_99d55e2f,conditional_ppg,conditional_ppg_random_forest,season,2024,mae,406,1,2.3598207926051322
v2_conditional_ppg_2026_candidate_nv_v1,v2_locked_final_nv_20260826T211405Z_99d55e2f,conditional_ppg,conditional_ppg_random_forest,season,2024,bias,406,1,0.2646378972260676
v2_conditional_ppg_2026_candidate_nv_v1,v2_locked_final_nv_20260826T211405Z_99d55e2f,conditional_ppg,conditional_ppg_random_forest,season,2024,spearman,406,1,0.7944628676231855
v2_conditional_ppg_2026_candidate_nv_v1,v2_locked_final_nv_20260826T211405Z_99d55e2f,conditional_ppg,conditional_ppg_random_forest,season,2025,rmse,416,1,2.724079185599672
v2_conditional_ppg_2026_candidate_nv_v1,v2_locked_final_nv_20260826T211405Z_99d55e2f,conditional_ppg,conditional_ppg_random_forest,season,2025,mae,416,1,2.107324414551413
v2_conditional_ppg_2026_candidate_nv_v1,v2_locked_final_nv_20260826T211405Z_99d55e2f,conditional_ppg,conditional_ppg_random_forest,season,2025,bias,416,1,0.2758432006214209
v2_conditional_ppg_2026_candidate_nv_v1,v2_locked_final_nv_20260826T211405Z_99d55e2f,conditional_ppg,conditional_ppg_random_forest,season,2025,spearman,416,1,0.8024287088509092
v2_conditional_ppg_2026_candidate_nv_v1,v2_locked_final_nv_20260826T211405Z_99d55e2f,conditional_ppg,conditional_ppg_random_forest,position,QB,rmse,306,8,3.6196758365755026
v2_conditional_ppg_2026_candidate_nv_v1,v2_locked_final_nv_20260826T211405Z_99d55e2f,conditional_ppg,conditional_ppg_random_forest,position,QB,mae,306,8,2.8752963042190527
v2_conditional_ppg_2026_candidate_nv_v1,v2_locked_final_nv_20260826T211405Z_99d55e2f,conditional_ppg,conditional_ppg_random_forest,position,QB,bias,306,8,-0.19788894172817276
v2_conditional_ppg_2026_candidate_nv_v1,v2_locked_final_nv_20260826T211405Z_99d55e2f,conditional_ppg,conditional_ppg_random_forest,position,QB,spearman,306,8,0.5493132542520952
v2_conditional_ppg_2026_candidate_nv_v1,v2_locked_final_nv_20260826T211405Z_99d55e2f,conditional_ppg,conditional_ppg_random_forest,position,RB,rmse,1011,9,3.298471754623698
v2_conditional_ppg_2026_candidate_nv_v1,v2_locked_final_nv_20260826T211405Z_99d55e2f,conditional_ppg,conditional_ppg_random_forest,position,RB,mae,1011,9,2.6033268092508584
v2_conditional_ppg_2026_candidate_nv_v1,v2_locked_final_nv_20260826T211405Z_99d55e2f,conditional_ppg,conditional_ppg_random_forest,position,RB,bias,1011,9,0.023582683950914462
v2_conditional_ppg_2026_candidate_nv_v1,v2_locked_final_nv_20260826T211405Z_99d55e2f,conditional_ppg,conditional_ppg_random_forest,position,RB,spearman,1011,9,0.7365792333837036
v2_conditional_ppg_2026_candidate_nv_v1,v2_locked_final_nv_20260826T211405Z_99d55e2f,conditional_ppg,conditional_ppg_random_forest,position,TE,rmse,802,9,2.06622713271768
v2_conditional_ppg_2026_candidate_nv_v1,v2_locked_final_nv_20260826T211405Z_99d55e2f,conditional_ppg,conditional_ppg_random_forest,position,TE,mae,802,9,1.65743474400105
v2_conditional_ppg_2026_candidate_nv_v1,v2_locked_final_nv_20260826T211405Z_99d55e2f,conditional_ppg,conditional_ppg_random_forest,position,TE,bias,802,9,0.524634446434425
v2_conditional_ppg_2026_candidate_nv_v1,v2_locked_final_nv_20260826T211405Z_99d55e2f,conditional_ppg,conditional_ppg_random_forest,position,TE,spearman,802,9,0.6895890848409779
v2_conditional_ppg_2026_candidate_nv_v1,v2_locked_final_nv_20260826T211405Z_99d55e2f,conditional_ppg,conditional_ppg_random_forest,position,WR,rmse,1503,9,2.714683561873331
v2_conditional_ppg_2026_candidate_nv_v1,v2_locked_final_nv_20260826T211405Z_99d55e2f,conditional_ppg,conditional_ppg_random_forest,position,WR,mae,1503,9,2.161834531192774
v2_conditional_ppg_2026_candidate_nv_v1,v2_locked_final_nv_20260826T211405Z_99d55e2f,conditional_ppg,conditional_ppg_random_forest,position,WR,bias,1503,9,0.2348324064954328
v2_conditional_ppg_2026_candidate_nv_v1,v2_locked_final_nv_20260826T211405Z_99d55e2f,conditional_ppg,conditional_ppg_random_forest,position,WR,spearman,1503,9,0.738500101231921
v2_conditional_ppg_2026_candidate_nv_v1,v2_locked_final_nv_20260826T211405Z_99d55e2f,conditional_ppg,conditional_ppg_random_forest,history_depth,other_no_history,rmse,23,7,2.2113474950076473
v2_conditional_ppg_2026_candidate_nv_v1,v2_locked_final_nv_20260826T211405Z_99d55e2f,conditional_ppg,conditional_ppg_random_forest,history_depth,other_no_history,mae,23,7,1.8584707780558423
v2_conditional_ppg_2026_candidate_nv_v1,v2_locked_final_nv_20260826T211405Z_99d55e2f,conditional_ppg,conditional_ppg_random_forest,history_depth,other_no_history,bias,23,7,1.2356382898713572
v2_conditional_ppg_2026_candidate_nv_v1,v2_locked_final_nv_20260826T211405Z_99d55e2f,conditional_ppg,conditional_ppg_random_forest,history_depth,other_no_history,spearman,23,7,0.19762845849802374
v2_conditional_ppg_2026_candidate_nv_v1,v2_locked_final_nv_20260826T211405Z_99d55e2f,conditional_ppg,conditional_ppg_random_forest,history_depth,rookie,rmse,518,9,3.1828941039148617
v2_conditional_ppg_2026_candidate_nv_v1,v2_locked_final_nv_20260826T211405Z_99d55e2f,conditional_ppg,conditional_ppg_random_forest,history_depth,rookie,mae,518,9,2.5117705505137087
v2_conditional_ppg_2026_candidate_nv_v1,v2_locked_final_nv_20260826T211405Z_99d55e2f,conditional_ppg,conditional_ppg_random_forest,history_depth,rookie,bias,518,9,0.17387338233073563
v2_conditional_ppg_2026_candidate_nv_v1,v2_locked_final_nv_20260826T211405Z_99d55e2f,conditional_ppg,conditional_ppg_random_forest,history_depth,rookie,spearman,518,9,0.6150658781048547
v2_conditional_ppg_2026_candidate_nv_v1,v2_locked_final_nv_20260826T211405Z_99d55e2f,conditional_ppg,conditional_ppg_random_forest,history_depth,second_year,rmse,558,9,2.8993513188537348
v2_conditional_ppg_2026_candidate_nv_v1,v2_locked_final_nv_20260826T211405Z_99d55e2f,conditional_ppg,conditional_ppg_random_forest,history_depth,second_year,mae,558,9,2.2183442422809216
v2_conditional_ppg_2026_candidate_nv_v1,v2_locked_final_nv_20260826T211405Z_99d55e2f,conditional_ppg,conditional_ppg_random_forest,history_depth,second_year,bias,558,9,0.15442952931871934
v2_conditional_ppg_2026_candidate_nv_v1,v2_locked_final_nv_20260826T211405Z_99d55e2f,conditional_ppg,conditional_ppg_random_forest,history_depth,second_year,spearman,558,9,0.7480733586749758
v2_conditional_ppg_2026_candidate_nv_v1,v2_locked_final_nv_20260826T211405Z_99d55e2f,conditional_ppg,conditional_ppg_random_forest,history_depth,veteran_with_history,rmse,2523,9,2.7771113062317143
v2_conditional_ppg_2026_candidate_nv_v1,v2_locked_final_nv_20260826T211405Z_99d55e2f,conditional_ppg,conditional_ppg_random_forest,history_depth,veteran_with_history,mae,2523,9,2.183363447507368
v2_conditional_ppg_2026_candidate_nv_v1,v2_locked_final_nv_20260826T211405Z_99d55e2f,conditional_ppg,conditional_ppg_random_forest,history_depth,veteran_with_history,bias,2523,9,0.21099494262163707
v2_conditional_ppg_2026_candidate_nv_v1,v2_locked_final_nv_20260826T211405Z_99d55e2f,conditional_ppg,conditional_ppg_random_forest,history_depth,veteran_with_history,spearman,2523,9,0.8130693279674287
v2_conditional_ppg_2026_candidate_nv_v1,v2_locked_final_nv_20260826T211405Z_99d55e2f,conditional_ppg,expert_recalibrated,pooled,all,rmse,3622,9,2.9156755341200644
v2_conditional_ppg_2026_candidate_nv_v1,v2_locked_final_nv_20260826T211405Z_99d55e2f,conditional_ppg,expert_recalibrated,pooled,all,mae,3622,9,2.238689863123805
v2_conditional_ppg_2026_candidate_nv_v1,v2_locked_final_nv_20260826T211405Z_99d55e2f,conditional_ppg,expert_recalibrated,pooled,all,bias,3622,9,-0.024840736349017248
v2_conditional_ppg_2026_candidate_nv_v1,v2_locked_final_nv_20260826T211405Z_99d55e2f,conditional_ppg,expert_recalibrated,pooled,all,spearman,3622,9,0.7738606803668852
v2_conditional_ppg_2026_candidate_nv_v1,v2_locked_final_nv_20260826T211405Z_99d55e2f,conditional_ppg,expert_recalibrated,provider_era,2023_2025,rmse,1226,3,2.929337432232173
v2_conditional_ppg_2026_candidate_nv_v1,v2_locked_final_nv_20260826T211405Z_99d55e2f,conditional_ppg,expert_recalibrated,provider_era,2023_2025,mae,1226,3,2.2577649160458626
v2_conditional_ppg_2026_candidate_nv_v1,v2_locked_final_nv_20260826T211405Z_99d55e2f,conditional_ppg,expert_recalibrated,provider_era,2023_2025,bias,1226,3,0.14461977252490907
v2_conditional_ppg_2026_candidate_nv_v1,v2_locked_final_nv_20260826T211405Z_99d55e2f,conditional_ppg,expert_recalibrated,provider_era,2023_2025,spearman,1226,3,0.7778637330019161
v2_conditional_ppg_2026_candidate_nv_v1,v2_locked_final_nv_20260826T211405Z_99d55e2f,conditional_ppg,expert_recalibrated,season,2017,rmse,402,1,2.896656804349415
v2_conditional_ppg_2026_candidate_nv_v1,v2_locked_final_nv_20260826T211405Z_99d55e2f,conditional_ppg,expert_recalibrated,season,2017,mae,402,1,2.217614969811819
v2_conditional_ppg_2026_candidate_nv_v1,v2_locked_final_nv_20260826T211405Z_99d55e2f,conditional_ppg,expert_recalibrated,season,2017,bias,402,1,0.1461402260084065
v2_conditional_ppg_2026_candidate_nv_v1,v2_locked_final_nv_20260826T211405Z_99d55e2f,conditional_ppg,expert_recalibrated,season,2017,spearman,402,1,0.7561546221110781
v2_conditional_ppg_2026_candidate_nv_v1,v2_locked_final_nv_20260826T211405Z_99d55e2f,conditional_ppg,expert_recalibrated,season,2018,rmse,365,1,3.062416068059402
v2_conditional_ppg_2026_candidate_nv_v1,v2_locked_final_nv_20260826T211405Z_99d55e2f,conditional_ppg,expert_recalibrated,season,2018,mae,365,1,2.3573594224477827
v2_conditional_ppg_2026_candidate_nv_v1,v2_locked_final_nv_20260826T211405Z_99d55e2f,conditional_ppg,expert_recalibrated,season,2018,bias,365,1,-0.5474667362491682
v2_conditional_ppg_2026_candidate_nv_v1,v2_locked_final_nv_20260826T211405Z_99d55e2f,conditional_ppg,expert_recalibrated,season,2018,spearman,365,1,0.7366095084495186
v2_conditional_ppg_2026_candidate_nv_v1,v2_locked_final_nv_20260826T211405Z_99d55e2f,conditional_ppg,expert_recalibrated,season,2019,rmse,385,1,2.8979242107884455
v2_conditional_ppg_2026_candidate_nv_v1,v2_locked_final_nv_20260826T211405Z_99d55e2f,conditional_ppg,expert_recalibrated,season,2019,mae,385,1,2.224236281734245
v2_conditional_ppg_2026_candidate_nv_v1,v2_locked_final_nv_20260826T211405Z_99d55e2f,conditional_ppg,expert_recalibrated,season,2019,bias,385,1,-0.2570367192208622
v2_conditional_ppg_2026_candidate_nv_v1,v2_locked_final_nv_20260826T211405Z_99d55e2f,conditional_ppg,expert_recalibrated,season,2019,spearman,385,1,0.7730954706238455
v2_conditional_ppg_2026_candidate_nv_v1,v2_locked_final_nv_20260826T211405Z_99d55e2f,conditional_ppg,expert_recalibrated,season,2020,rmse,409,1,3.14248662446761
v2_conditional_ppg_2026_candidate_nv_v1,v2_locked_final_nv_20260826T211405Z_99d55e2f,conditional_ppg,expert_recalibrated,season,2020,mae,409,1,2.3507417633723047
v2_conditional_ppg_2026_candidate_nv_v1,v2_locked_final_nv_20260826T211405Z_99d55e2f,conditional_ppg,expert_recalibrated,season,2020,bias,409,1,-0.5042642996485666
v2_conditional_ppg_2026_candidate_nv_v1,v2_locked_final_nv_20260826T211405Z_99d55e2f,conditional_ppg,expert_recalibrated,season,2020,spearman,409,1,0.7759332215084146
v2_conditional_ppg_2026_candidate_nv_v1,v2_locked_final_nv_20260826T211405Z_99d55e2f,conditional_ppg,expert_recalibrated,season,2021,rmse,413,1,2.8209770570167487
v2_conditional_ppg_2026_candidate_nv_v1,v2_locked_final_nv_20260826T211405Z_99d55e2f,conditional_ppg,expert_recalibrated,season,2021,mae,413,1,2.1525398688728794
v2_conditional_ppg_2026_candidate_nv_v1,v2_locked_final_nv_20260826T211405Z_99d55e2f,conditional_ppg,expert_recalibrated,season,2021,bias,413,1,0.03635182519756766
v2_conditional_ppg_2026_candidate_nv_v1,v2_locked_final_nv_20260826T211405Z_99d55e2f,conditional_ppg,expert_recalibrated,season,2021,spearman,413,1,0.7859845502972636
v2_conditional_ppg_2026_candidate_nv_v1,v2_locked_final_nv_20260826T211405Z_99d55e2f,conditional_ppg,expert_recalibrated,season,2022,rmse,422,1,2.628654141136601
v2_conditional_ppg_2026_candidate_nv_v1,v2_locked_final_nv_20260826T211405Z_99d55e2f,conditional_ppg,expert_recalibrated,season,2022,mae,422,1,2.089607048751054
v2_conditional_ppg_2026_candidate_nv_v1,v2_locked_final_nv_20260826T211405Z_99d55e2f,conditional_ppg,expert_recalibrated,season,2022,bias,422,1,0.38860173306537493
v2_conditional_ppg_2026_candidate_nv_v1,v2_locked_final_nv_20260826T211405Z_99d55e2f,conditional_ppg,expert_recalibrated,season,2022,spearman,422,1,0.8065111486109049
v2_conditional_ppg_2026_candidate_nv_v1,v2_locked_final_nv_20260826T211405Z_99d55e2f,conditional_ppg,expert_recalibrated,season,2023,rmse,404,1,3.059404567674936
v2_conditional_ppg_2026_candidate_nv_v1,v2_locked_final_nv_20260826T211405Z_99d55e2f,conditional_ppg,expert_recalibrated,season,2023,mae,404,1,2.3269363489817443
v2_conditional_ppg_2026_candidate_nv_v1,v2_locked_final_nv_20260826T211405Z_99d55e2f,conditional_ppg,expert_recalibrated,season,2023,bias,404,1,0.3473813663484496
v2_conditional_ppg_2026_candidate_nv_v1,v2_locked_final_nv_20260826T211405Z_99d55e2f,conditional_ppg,expert_recalibrated,season,2023,spearman,404,1,0.7513709301927094
v2_conditional_ppg_2026_candidate_nv_v1,v2_locked_final_nv_20260826T211405Z_99d55e2f,conditional_ppg,expert_recalibrated,season,2024,rmse,406,1,2.971628455765987
v2_conditional_ppg_2026_candidate_nv_v1,v2_locked_final_nv_20260826T211405Z_99d55e2f,conditional_ppg,expert_recalibrated,season,2024,mae,406,1,2.3584186810522763
v2_conditional_ppg_2026_candidate_nv_v1,v2_locked_final_nv_20260826T211405Z_99d55e2f,conditional_ppg,expert_recalibrated,season,2024,bias,406,1,0.11679281919585346
v2_conditional_ppg_2026_candidate_nv_v1,v2_locked_final_nv_20260826T211405Z_99d55e2f,conditional_ppg,expert_recalibrated,season,2024,spearman,406,1,0.7928911103895376
v2_conditional_ppg_2026_candidate_nv_v1,v2_locked_final_nv_20260826T211405Z_99d55e2f,conditional_ppg,expert_recalibrated,season,2025,rmse,416,1,2.7533597214618895
v2_conditional_ppg_2026_candidate_nv_v1,v2_locked_final_nv_20260826T211405Z_99d55e2f,conditional_ppg,expert_recalibrated,season,2025,mae,416,1,2.092354609558604
v2_conditional_ppg_2026_candidate_nv_v1,v2_locked_final_nv_20260826T211405Z_99d55e2f,conditional_ppg,expert_recalibrated,season,2025,bias,416,1,-0.025134892987383847
v2_conditional_ppg_2026_candidate_nv_v1,v2_locked_final_nv_20260826T211405Z_99d55e2f,conditional_ppg,expert_recalibrated,season,2025,spearman,416,1,0.7940666601658488
v2_conditional_ppg_2026_candidate_nv_v1,v2_locked_final_nv_20260826T211405Z_99d55e2f,conditional_ppg,expert_recalibrated,position,QB,rmse,306,8,3.8981603530109337
v2_conditional_ppg_2026_candidate_nv_v1,v2_locked_final_nv_20260826T211405Z_99d55e2f,conditional_ppg,expert_recalibrated,position,QB,mae,306,8,3.0740337942137743
v2_conditional_ppg_2026_candidate_nv_v1,v2_locked_final_nv_20260826T211405Z_99d55e2f,conditional_ppg,expert_recalibrated,position,QB,bias,306,8,-0.48314631276136766
v2_conditional_ppg_2026_candidate_nv_v1,v2_locked_final_nv_20260826T211405Z_99d55e2f,conditional_ppg,expert_recalibrated,position,QB,spearman,306,8,0.5431952128671554
v2_conditional_ppg_2026_candidate_nv_v1,v2_locked_final_nv_20260826T211405Z_99d55e2f,conditional_ppg,expert_recalibrated,position,RB,rmse,1011,9,3.361267129163644
v2_conditional_ppg_2026_candidate_nv_v1,v2_locked_final_nv_20260826T211405Z_99d55e2f,conditional_ppg,expert_recalibrated,position,RB,mae,1011,9,2.617832326658251
v2_conditional_ppg_2026_candidate_nv_v1,v2_locked_final_nv_20260826T211405Z_99d55e2f,conditional_ppg,expert_recalibrated,position,RB,bias,1011,9,-0.13299503891558392
v2_conditional_ppg_2026_candidate_nv_v1,v2_locked_final_nv_20260826T211405Z_99d55e2f,conditional_ppg,expert_recalibrated,position,RB,spearman,1011,9,0.727110905527293
v2_conditional_ppg_2026_candidate_nv_v1,v2_locked_final_nv_20260826T211405Z_99d55e2f,conditional_ppg,expert_recalibrated,position,TE,rmse,802,9,2.03710019988351
v2_conditional_ppg_2026_candidate_nv_v1,v2_locked_final_nv_20260826T211405Z_99d55e2f,conditional_ppg,expert_recalibrated,position,TE,mae,802,9,1.5690859855433115
v2_conditional_ppg_2026_candidate_nv_v1,v2_locked_final_nv_20260826T211405Z_99d55e2f,conditional_ppg,expert_recalibrated,position,TE,bias,802,9,-0.07885101850731023
v2_conditional_ppg_2026_candidate_nv_v1,v2_locked_final_nv_20260826T211405Z_99d55e2f,conditional_ppg,expert_recalibrated,position,TE,spearman,802,9,0.6720203182984226
v2_conditional_ppg_2026_candidate_nv_v1,v2_locked_final_nv_20260826T211405Z_99d55e2f,conditional_ppg,expert_recalibrated,position,WR,rmse,1503,9,2.7529489250744863
v2_conditional_ppg_2026_candidate_nv_v1,v2_locked_final_nv_20260826T211405Z_99d55e2f,conditional_ppg,expert_recalibrated,position,WR,mae,1503,9,2.1708881573837515
v2_conditional_ppg_2026_candidate_nv_v1,v2_locked_final_nv_20260826T211405Z_99d55e2f,conditional_ppg,expert_recalibrated,position,WR,bias,1503,9,0.17003734253849379
v2_conditional_ppg_2026_candidate_nv_v1,v2_locked_final_nv_20260826T211405Z_99d55e2f,conditional_ppg,expert_recalibrated,position,WR,spearman,1503,9,0.7372401016072481
v2_conditional_ppg_2026_candidate_nv_v1,v2_locked_final_nv_20260826T211405Z_99d55e2f,conditional_ppg,expert_recalibrated,history_depth,other_no_history,rmse,23,7,1.824033373860238
v2_conditional_ppg_2026_candidate_nv_v1,v2_locked_final_nv_20260826T211405Z_99d55e2f,conditional_ppg,expert_recalibrated,history_depth,other_no_history,mae,23,7,1.4872213121900877
v2_conditional_ppg_2026_candidate_nv_v1,v2_locked_final_nv_20260826T211405Z_99d55e2f,conditional_ppg,expert_recalibrated,history_depth,other_no_history,bias,23,7,0.26398591545631567
v2_conditional_ppg_2026_candidate_nv_v1,v2_locked_final_nv_20260826T211405Z_99d55e2f,conditional_ppg,expert_recalibrated,history_depth,other_no_history,spearman,23,7,0.28959724135884596
v2_conditional_ppg_2026_candidate_nv_v1,v2_locked_final_nv_20260826T211405Z_99d55e2f,conditional_ppg,expert_recalibrated,history_depth,rookie,rmse,518,9,3.2065131335168604
v2_conditional_ppg_2026_candidate_nv_v1,v2_locked_final_nv_20260826T211405Z_99d55e2f,conditional_ppg,expert_recalibrated,history_depth,rookie,mae,518,9,2.4851243314043074
v2_conditional_ppg_2026_candidate_nv_v1,v2_locked_final_nv_20260826T211405Z_99d55e2f,conditional_ppg,expert_recalibrated,history_depth,rookie,bias,518,9,-0.2549012699721768
v2_conditional_ppg_2026_candidate_nv_v1,v2_locked_final_nv_20260826T211405Z_99d55e2f,conditional_ppg,expert_recalibrated,history_depth,rookie,spearman,518,9,0.6042019467916525
v2_conditional_ppg_2026_candidate_nv_v1,v2_locked_final_nv_20260826T211405Z_99d55e2f,conditional_ppg,expert_recalibrated,history_depth,second_year,rmse,558,9,2.960549682727207
v2_conditional_ppg_2026_candidate_nv_v1,v2_locked_final_nv_20260826T211405Z_99d55e2f,conditional_ppg,expert_recalibrated,history_depth,second_year,mae,558,9,2.2213743074854597
v2_conditional_ppg_2026_candidate_nv_v1,v2_locked_final_nv_20260826T211405Z_99d55e2f,conditional_ppg,expert_recalibrated,history_depth,second_year,bias,558,9,-0.11160846899074207
v2_conditional_ppg_2026_candidate_nv_v1,v2_locked_final_nv_20260826T211405Z_99d55e2f,conditional_ppg,expert_recalibrated,history_depth,second_year,spearman,558,9,0.7398695591935248
v2_conditional_ppg_2026_candidate_nv_v1,v2_locked_final_nv_20260826T211405Z_99d55e2f,conditional_ppg,expert_recalibrated,history_depth,veteran_with_history,rmse,2523,9,2.8503408107118147
v2_conditional_ppg_2026_candidate_nv_v1,v2_locked_final_nv_20260826T211405Z_99d55e2f,conditional_ppg,expert_recalibrated,history_depth,veteran_with_history,mae,2523,9,2.1987742080101986
v2_conditional_ppg_2026_candidate_nv_v1,v2_locked_final_nv_20260826T211405Z_99d55e2f,conditional_ppg,expert_recalibrated,history_depth,veteran_with_history,bias,2523,9,0.03895028158176213
v2_conditional_ppg_2026_candidate_nv_v1,v2_locked_final_nv_20260826T211405Z_99d55e2f,conditional_ppg,expert_recalibrated,history_depth,veteran_with_history,spearman,2523,9,0.8077679371088038
v2_conditional_ppg_2026_candidate_nv_v1,v2_locked_final_nv_20260826T211405Z_99d55e2f,conditional_ppg,expert_team_game,pooled,all,rmse,3622,9,3.5401725516596687
v2_conditional_ppg_2026_candidate_nv_v1,v2_locked_final_nv_20260826T211405Z_99d55e2f,conditional_ppg,expert_team_game,pooled,all,mae,3622,9,2.6338760412666553
v2_conditional_ppg_2026_candidate_nv_v1,v2_locked_final_nv_20260826T211405Z_99d55e2f,conditional_ppg,expert_team_game,pooled,all,bias,3622,9,-1.424991735067697
v2_conditional_ppg_2026_candidate_nv_v1,v2_locked_final_nv_20260826T211405Z_99d55e2f,conditional_ppg,expert_team_game,pooled,all,spearman,3622,9,0.7256472283438155
v2_conditional_ppg_2026_candidate_nv_v1,v2_locked_final_nv_20260826T211405Z_99d55e2f,conditional_ppg,expert_team_game,provider_era,2023_2025,rmse,1226,3,3.527263147048839
v2_conditional_ppg_2026_candidate_nv_v1,v2_locked_final_nv_20260826T211405Z_99d55e2f,conditional_ppg,expert_team_game,provider_era,2023_2025,mae,1226,3,2.6052032817588078
v2_conditional_ppg_2026_candidate_nv_v1,v2_locked_final_nv_20260826T211405Z_99d55e2f,conditional_ppg,expert_team_game,provider_era,2023_2025,bias,1226,3,-1.2828334474900294
v2_conditional_ppg_2026_candidate_nv_v1,v2_locked_final_nv_20260826T211405Z_99d55e2f,conditional_ppg,expert_team_game,provider_era,2023_2025,spearman,1226,3,0.7190506348311121
v2_conditional_ppg_2026_candidate_nv_v1,v2_locked_final_nv_20260826T211405Z_99d55e2f,conditional_ppg,expert_team_game,season,2017,rmse,402,1,3.6527353318010887
v2_conditional_ppg_2026_candidate_nv_v1,v2_locked_final_nv_20260826T211405Z_99d55e2f,conditional_ppg,expert_team_game,season,2017,mae,402,1,2.6849022474740383
v2_conditional_ppg_2026_candidate_nv_v1,v2_locked_final_nv_20260826T211405Z_99d55e2f,conditional_ppg,expert_team_game,season,2017,bias,402,1,-1.272553339837965
v2_conditional_ppg_2026_candidate_nv_v1,v2_locked_final_nv_20260826T211405Z_99d55e2f,conditional_ppg,expert_team_game,season,2017,spearman,402,1,0.6938375306367442
v2_conditional_ppg_2026_candidate_nv_v1,v2_locked_final_nv_20260826T211405Z_99d55e2f,conditional_ppg,expert_team_game,season,2018,rmse,365,1,3.5962030697949743
v2_conditional_ppg_2026_candidate_nv_v1,v2_locked_final_nv_20260826T211405Z_99d55e2f,conditional_ppg,expert_team_game,season,2018,mae,365,1,2.839174471350748
v2_conditional_ppg_2026_candidate_nv_v1,v2_locked_final_nv_20260826T211405Z_99d55e2f,conditional_ppg,expert_team_game,season,2018,bias,365,1,-1.8297476281966492
v2_conditional_ppg_2026_candidate_nv_v1,v2_locked_final_nv_20260826T211405Z_99d55e2f,conditional_ppg,expert_team_game,season,2018,spearman,365,1,0.7248179980246807
v2_conditional_ppg_2026_candidate_nv_v1,v2_locked_final_nv_20260826T211405Z_99d55e2f,conditional_ppg,expert_team_game,season,2019,rmse,385,1,3.664858819547685
v2_conditional_ppg_2026_candidate_nv_v1,v2_locked_final_nv_20260826T211405Z_99d55e2f,conditional_ppg,expert_team_game,season,2019,mae,385,1,2.7106373864857907
v2_conditional_ppg_2026_candidate_nv_v1,v2_locked_final_nv_20260826T211405Z_99d55e2f,conditional_ppg,expert_team_game,season,2019,bias,385,1,-1.6071147241091883
v2_conditional_ppg_2026_candidate_nv_v1,v2_locked_final_nv_20260826T211405Z_99d55e2f,conditional_ppg,expert_team_game,season,2019,spearman,385,1,0.7196067841814582
v2_conditional_ppg_2026_candidate_nv_v1,v2_locked_final_nv_20260826T211405Z_99d55e2f,conditional_ppg,expert_team_game,season,2020,rmse,409,1,3.8356040680992667
v2_conditional_ppg_2026_candidate_nv_v1,v2_locked_final_nv_20260826T211405Z_99d55e2f,conditional_ppg,expert_team_game,season,2020,mae,409,1,2.7781087265793434
v2_conditional_ppg_2026_candidate_nv_v1,v2_locked_final_nv_20260826T211405Z_99d55e2f,conditional_ppg,expert_team_game,season,2020,bias,409,1,-1.9268404742995284
v2_conditional_ppg_2026_candidate_nv_v1,v2_locked_final_nv_20260826T211405Z_99d55e2f,conditional_ppg,expert_team_game,season,2020,spearman,409,1,0.7417315771382812
v2_conditional_ppg_2026_candidate_nv_v1,v2_locked_final_nv_20260826T211405Z_99d55e2f,conditional_ppg,expert_team_game,season,2021,rmse,413,1,3.369956634161666
v2_conditional_ppg_2026_candidate_nv_v1,v2_locked_final_nv_20260826T211405Z_99d55e2f,conditional_ppg,expert_team_game,season,2021,mae,413,1,2.523853402043142
v2_conditional_ppg_2026_candidate_nv_v1,v2_locked_final_nv_20260826T211405Z_99d55e2f,conditional_ppg,expert_team_game,season,2021,bias,413,1,-1.3282100135418828
v2_conditional_ppg_2026_candidate_nv_v1,v2_locked_final_nv_20260826T211405Z_99d55e2f,conditional_ppg,expert_team_game,season,2021,spearman,413,1,0.7519026551996196
v2_conditional_ppg_2026_candidate_nv_v1,v2_locked_final_nv_20260826T211405Z_99d55e2f,conditional_ppg,expert_team_game,season,2022,rmse,422,1,3.1464857383936184
v2_conditional_ppg_2026_candidate_nv_v1,v2_locked_final_nv_20260826T211405Z_99d55e2f,conditional_ppg,expert_team_game,season,2022,mae,422,1,2.3888556741519977
v2_conditional_ppg_2026_candidate_nv_v1,v2_locked_final_nv_20260826T211405Z_99d55e2f,conditional_ppg,expert_team_game,season,2022,bias,422,1,-1.075294484650335
v2_conditional_ppg_2026_candidate_nv_v1,v2_locked_final_nv_20260826T211405Z_99d55e2f,conditional_ppg,expert_team_game,season,2022,spearman,422,1,0.7501446697480931
v2_conditional_ppg_2026_candidate_nv_v1,v2_locked_final_nv_20260826T211405Z_99d55e2f,conditional_ppg,expert_team_game,season,2023,rmse,404,1,3.433329655826542
v2_conditional_ppg_2026_candidate_nv_v1,v2_locked_final_nv_20260826T211405Z_99d55e2f,conditional_ppg,expert_team_game,season,2023,mae,404,1,2.5213158144206127
v2_conditional_ppg_2026_candidate_nv_v1,v2_locked_final_nv_20260826T211405Z_99d55e2f,conditional_ppg,expert_team_game,season,2023,bias,404,1,-1.0882195836479254
v2_conditional_ppg_2026_candidate_nv_v1,v2_locked_final_nv_20260826T211405Z_99d55e2f,conditional_ppg,expert_team_game,season,2023,spearman,404,1,0.710161539776982
v2_conditional_ppg_2026_candidate_nv_v1,v2_locked_final_nv_20260826T211405Z_99d55e2f,conditional_ppg,expert_team_game,season,2024,rmse,406,1,3.553364019532757
v2_conditional_ppg_2026_candidate_nv_v1,v2_locked_final_nv_20260826T211405Z_99d55e2f,conditional_ppg,expert_team_game,season,2024,mae,406,1,2.664757511498951
v2_conditional_ppg_2026_candidate_nv_v1,v2_locked_final_nv_20260826T211405Z_99d55e2f,conditional_ppg,expert_team_game,season,2024,bias,406,1,-1.3362487449295783
v2_conditional_ppg_2026_candidate_nv_v1,v2_locked_final_nv_20260826T211405Z_99d55e2f,conditional_ppg,expert_team_game,season,2024,spearman,406,1,0.7320874461065503
v2_conditional_ppg_2026_candidate_nv_v1,v2_locked_final_nv_20260826T211405Z_99d55e2f,conditional_ppg,expert_team_game,season,2025,rmse,416,1,3.5911265008173534
v2_conditional_ppg_2026_candidate_nv_v1,v2_locked_final_nv_20260826T211405Z_99d55e2f,conditional_ppg,expert_team_game,season,2025,mae,416,1,2.6285482806293197
v2_conditional_ppg_2026_candidate_nv_v1,v2_locked_final_nv_20260826T211405Z_99d55e2f,conditional_ppg,expert_team_game,season,2025,bias,416,1,-1.4197021740086666
v2_conditional_ppg_2026_candidate_nv_v1,v2_locked_final_nv_20260826T211405Z_99d55e2f,conditional_ppg,expert_team_game,season,2025,spearman,416,1,0.717947604619621
v2_conditional_ppg_2026_candidate_nv_v1,v2_locked_final_nv_20260826T211405Z_99d55e2f,conditional_ppg,expert_team_game,position,QB,rmse,306,8,6.108794202372362
v2_conditional_ppg_2026_candidate_nv_v1,v2_locked_final_nv_20260826T211405Z_99d55e2f,conditional_ppg,expert_team_game,position,QB,mae,306,8,4.5290085798725634
v2_conditional_ppg_2026_candidate_nv_v1,v2_locked_final_nv_20260826T211405Z_99d55e2f,conditional_ppg,expert_team_game,position,QB,bias,306,8,-2.596909195007273
v2_conditional_ppg_2026_candidate_nv_v1,v2_locked_final_nv_20260826T211405Z_99d55e2f,conditional_ppg,expert_team_game,position,QB,spearman,306,8,0.5532574392700765
v2_conditional_ppg_2026_candidate_nv_v1,v2_locked_final_nv_20260826T211405Z_99d55e2f,conditional_ppg,expert_team_game,position,RB,rmse,1011,9,3.7818574152217783
v2_conditional_ppg_2026_candidate_nv_v1,v2_locked_final_nv_20260826T211405Z_99d55e2f,conditional_ppg,expert_team_game,position,RB,mae,1011,9,2.8748796070745715
v2_conditional_ppg_2026_candidate_nv_v1,v2_locked_final_nv_20260826T211405Z_99d55e2f,conditional_ppg,expert_team_game,position,RB,bias,1011,9,-1.5705719290008848
v2_conditional_ppg_2026_candidate_nv_v1,v2_locked_final_nv_20260826T211405Z_99d55e2f,conditional_ppg,expert_team_game,position,RB,spearman,1011,9,0.7263935131714415
v2_conditional_ppg_2026_candidate_nv_v1,v2_locked_final_nv_20260826T211405Z_99d55e2f,conditional_ppg,expert_team_game,position,TE,rmse,802,9,2.4663984538970225
v2_conditional_ppg_2026_candidate_nv_v1,v2_locked_final_nv_20260826T211405Z_99d55e2f,conditional_ppg,expert_team_game,position,TE,mae,802,9,1.9270907069660965
v2_conditional_ppg_2026_candidate_nv_v1,v2_locked_final_nv_20260826T211405Z_99d55e2f,conditional_ppg,expert_team_game,position,TE,bias,802,9,-1.215202250769951
v2_conditional_ppg_2026_candidate_nv_v1,v2_locked_final_nv_20260826T211405Z_99d55e2f,conditional_ppg,expert_team_game,position,TE,spearman,802,9,0.6732159331193637
v2_conditional_ppg_2026_candidate_nv_v1,v2_locked_final_nv_20260826T211405Z_99d55e2f,conditional_ppg,expert_team_game,position,WR,rmse,1503,9,3.120589265755977
v2_conditional_ppg_2026_candidate_nv_v1,v2_locked_final_nv_20260826T211405Z_99d55e2f,conditional_ppg,expert_team_game,position,WR,mae,1503,9,2.4630687733117904
v2_conditional_ppg_2026_candidate_nv_v1,v2_locked_final_nv_20260826T211405Z_99d55e2f,conditional_ppg,expert_team_game,position,WR,bias,1503,9,-1.2004161180343167
v2_conditional_ppg_2026_candidate_nv_v1,v2_locked_final_nv_20260826T211405Z_99d55e2f,conditional_ppg,expert_team_game,position,WR,spearman,1503,9,0.7361171743281889
v2_conditional_ppg_2026_candidate_nv_v1,v2_locked_final_nv_20260826T211405Z_99d55e2f,conditional_ppg,expert_team_game,history_depth,other_no_history,rmse,23,7,2.87418686914603
v2_conditional_ppg_2026_candidate_nv_v1,v2_locked_final_nv_20260826T211405Z_99d55e2f,conditional_ppg,expert_team_game,history_depth,other_no_history,mae,23,7,2.308854199293584
v2_conditional_ppg_2026_candidate_nv_v1,v2_locked_final_nv_20260826T211405Z_99d55e2f,conditional_ppg,expert_team_game,history_depth,other_no_history,bias,23,7,-2.1885281123370626
v2_conditional_ppg_2026_candidate_nv_v1,v2_locked_final_nv_20260826T211405Z_99d55e2f,conditional_ppg,expert_team_game,history_depth,other_no_history,spearman,23,7,0.25973129398360717
v2_conditional_ppg_2026_candidate_nv_v1,v2_locked_final_nv_20260826T211405Z_99d55e2f,conditional_ppg,expert_team_game,history_depth,rookie,rmse,518,9,4.192102645060838
v2_conditional_ppg_2026_candidate_nv_v1,v2_locked_final_nv_20260826T211405Z_99d55e2f,conditional_ppg,expert_team_game,history_depth,rookie,mae,518,9,3.0656074636075252
v2_conditional_ppg_2026_candidate_nv_v1,v2_locked_final_nv_20260826T211405Z_99d55e2f,conditional_ppg,expert_team_game,history_depth,rookie,bias,518,9,-2.1766989692686836
v2_conditional_ppg_2026_candidate_nv_v1,v2_locked_final_nv_20260826T211405Z_99d55e2f,conditional_ppg,expert_team_game,history_depth,rookie,spearman,518,9,0.5233957081588398
v2_conditional_ppg_2026_candidate_nv_v1,v2_locked_final_nv_20260826T211405Z_99d55e2f,conditional_ppg,expert_team_game,history_depth,second_year,rmse,558,9,3.479124879598213
v2_conditional_ppg_2026_candidate_nv_v1,v2_locked_final_nv_20260826T211405Z_99d55e2f,conditional_ppg,expert_team_game,history_depth,second_year,mae,558,9,2.674496486224794
v2_conditional_ppg_2026_candidate_nv_v1,v2_locked_final_nv_20260826T211405Z_99d55e2f,conditional_ppg,expert_team_game,history_depth,second_year,bias,558,9,-1.6000493060290377
v2_conditional_ppg_2026_candidate_nv_v1,v2_locked_final_nv_20260826T211405Z_99d55e2f,conditional_ppg,expert_team_game,history_depth,second_year,spearman,558,9,0.7224921174218694
v2_conditional_ppg_2026_candidate_nv_v1,v2_locked_final_nv_20260826T211405Z_99d55e2f,conditional_ppg,expert_team_game,history_depth,veteran_with_history,rmse,2523,9,3.410510673877281
v2_conditional_ppg_2026_candidate_nv_v1,v2_locked_final_nv_20260826T211405Z_99d55e2f,conditional_ppg,expert_team_game,history_depth,veteran_with_history,mae,2523,9,2.539215881657527
v2_conditional_ppg_2026_candidate_nv_v1,v2_locked_final_nv_20260826T211405Z_99d55e2f,conditional_ppg,expert_team_game,history_depth,veteran_with_history,bias,2523,9,-1.2249807130345087
v2_conditional_ppg_2026_candidate_nv_v1,v2_locked_final_nv_20260826T211405Z_99d55e2f,conditional_ppg,expert_team_game,history_depth,veteran_with_history,spearman,2523,9,0.7597343684141945
v2_conditional_ppg_2026_candidate_nv_v1,v2_locked_final_nv_20260826T211405Z_99d55e2f,participation,participation_lightgbm,pooled,all,brier,7817,9,0.12547149369695257
v2_conditional_ppg_2026_candidate_nv_v1,v2_locked_final_nv_20260826T211405Z_99d55e2f,participation,participation_lightgbm,pooled,all,log_loss,7817,9,0.3898371801043323
v2_conditional_ppg_2026_candidate_nv_v1,v2_locked_final_nv_20260826T211405Z_99d55e2f,participation,participation_lightgbm,pooled,all,calibration_bias,7817,9,0.023306939433700945
v2_conditional_ppg_2026_candidate_nv_v1,v2_locked_final_nv_20260826T211405Z_99d55e2f,participation,participation_lightgbm,pooled,all,roc_auc,7817,9,0.8978288488369723
v2_conditional_ppg_2026_candidate_nv_v1,v2_locked_final_nv_20260826T211405Z_99d55e2f,participation,participation_lightgbm,provider_era,2023_2025,brier,2437,3,0.133818301406445
v2_conditional_ppg_2026_candidate_nv_v1,v2_locked_final_nv_20260826T211405Z_99d55e2f,participation,participation_lightgbm,provider_era,2023_2025,log_loss,2437,3,0.40712931840089944
v2_conditional_ppg_2026_candidate_nv_v1,v2_locked_final_nv_20260826T211405Z_99d55e2f,participation,participation_lightgbm,provider_era,2023_2025,calibration_bias,2437,3,0.054891289732012974
v2_conditional_ppg_2026_candidate_nv_v1,v2_locked_final_nv_20260826T211405Z_99d55e2f,participation,participation_lightgbm,provider_era,2023_2025,roc_auc,2437,3,0.8928309053107943
v2_conditional_ppg_2026_candidate_nv_v1,v2_locked_final_nv_20260826T211405Z_99d55e2f,participation,participation_lightgbm,season,2017,brier,974,1,0.11974891317762486
v2_conditional_ppg_2026_candidate_nv_v1,v2_locked_final_nv_20260826T211405Z_99d55e2f,participation,participation_lightgbm,season,2017,log_loss,974,1,0.3842452173446019
v2_conditional_ppg_2026_candidate_nv_v1,v2_locked_final_nv_20260826T211405Z_99d55e2f,participation,participation_lightgbm,season,2017,calibration_bias,974,1,0.03467756144764112
v2_conditional_ppg_2026_candidate_nv_v1,v2_locked_final_nv_20260826T211405Z_99d55e2f,participation,participation_lightgbm,season,2017,roc_auc,974,1,0.910278115199201
v2_conditional_ppg_2026_candidate_nv_v1,v2_locked_final_nv_20260826T211405Z_99d55e2f,participation,participation_lightgbm,season,2018,brier,1004,1,0.12683853778202756
v2_conditional_ppg_2026_candidate_nv_v1,v2_locked_final_nv_20260826T211405Z_99d55e2f,participation,participation_lightgbm,season,2018,log_loss,1004,1,0.3970730305624795
v2_conditional_ppg_2026_candidate_nv_v1,v2_locked_final_nv_20260826T211405Z_99d55e2f,participation,participation_lightgbm,season,2018,calibration_bias,1004,1,0.003970657570210072
v2_conditional_ppg_2026_candidate_nv_v1,v2_locked_final_nv_20260826T211405Z_99d55e2f,participation,participation_lightgbm,season,2018,roc_auc,1004,1,0.894589492799796
v2_conditional_ppg_2026_candidate_nv_v1,v2_locked_final_nv_20260826T211405Z_99d55e2f,participation,participation_lightgbm,season,2019,brier,908,1,0.11881130155635106
v2_conditional_ppg_2026_candidate_nv_v1,v2_locked_final_nv_20260826T211405Z_99d55e2f,participation,participation_lightgbm,season,2019,log_loss,908,1,0.37765398155882507
v2_conditional_ppg_2026_candidate_nv_v1,v2_locked_final_nv_20260826T211405Z_99d55e2f,participation,participation_lightgbm,season,2019,calibration_bias,908,1,0.02868788049383588
v2_conditional_ppg_2026_candidate_nv_v1,v2_locked_final_nv_20260826T211405Z_99d55e2f,participation,participation_lightgbm,season,2019,roc_auc,908,1,0.9085278786531288
v2_conditional_ppg_2026_candidate_nv_v1,v2_locked_final_nv_20260826T211405Z_99d55e2f,participation,participation_lightgbm,season,2020,brier,823,1,0.12159915614756014
v2_conditional_ppg_2026_candidate_nv_v1,v2_locked_final_nv_20260826T211405Z_99d55e2f,participation,participation_lightgbm,season,2020,log_loss,823,1,0.3744285055689566
v2_conditional_ppg_2026_candidate_nv_v1,v2_locked_final_nv_20260826T211405Z_99d55e2f,participation,participation_lightgbm,season,2020,calibration_bias,823,1,-0.01558503932271848
v2_conditional_ppg_2026_candidate_nv_v1,v2_locked_final_nv_20260826T211405Z_99d55e2f,participation,participation_lightgbm,season,2020,roc_auc,823,1,0.9021716213367067
v2_conditional_ppg_2026_candidate_nv_v1,v2_locked_final_nv_20260826T211405Z_99d55e2f,participation,participation_lightgbm,season,2021,brier,830,1,0.12838634939555546
v2_conditional_ppg_2026_candidate_nv_v1,v2_locked_final_nv_20260826T211405Z_99d55e2f,participation,participation_lightgbm,season,2021,log_loss,830,1,0.4000859866814364
v2_conditional_ppg_2026_candidate_nv_v1,v2_locked_final_nv_20260826T211405Z_99d55e2f,participation,participation_lightgbm,season,2021,calibration_bias,830,1,-0.021720473987709342
v2_conditional_ppg_2026_candidate_nv_v1,v2_locked_final_nv_20260826T211405Z_99d55e2f,participation,participation_lightgbm,season,2021,roc_auc,830,1,0.8841995128359155
v2_conditional_ppg_2026_candidate_nv_v1,v2_locked_final_nv_20260826T211405Z_99d55e2f,participation,participation_lightgbm,season,2022,brier,841,1,0.11438370393875116
v2_conditional_ppg_2026_candidate_nv_v1,v2_locked_final_nv_20260826T211405Z_99d55e2f,participation,participation_lightgbm,season,2022,log_loss,841,1,0.3556849931866177
v2_conditional_ppg_2026_candidate_nv_v1,v2_locked_final_nv_20260826T211405Z_99d55e2f,participation,participation_lightgbm,season,2022,calibration_bias,841,1,0.018387244601455875
v2_conditional_ppg_2026_candidate_nv_v1,v2_locked_final_nv_20260826T211405Z_99d55e2f,participation,participation_lightgbm,season,2022,roc_auc,841,1,0.9125741807861012
v2_conditional_ppg_2026_candidate_nv_v1,v2_locked_final_nv_20260826T211405Z_99d55e2f,participation,participation_lightgbm,season,2023,brier,834,1,0.1194771791292491
v2_conditional_ppg_2026_candidate_nv_v1,v2_locked_final_nv_20260826T211405Z_99d55e2f,participation,participation_lightgbm,season,2023,log_loss,834,1,0.36850214651833807
v2_conditional_ppg_2026_candidate_nv_v1,v2_locked_final_nv_20260826T211405Z_99d55e2f,participation,participation_lightgbm,season,2023,calibration_bias,834,1,0.06288258945881246
v2_conditional_ppg_2026_candidate_nv_v1,v2_locked_final_nv_20260826T211405Z_99d55e2f,participation,participation_lightgbm,season,2023,roc_auc,834,1,0.917879334905197
v2_conditional_ppg_2026_candidate_nv_v1,v2_locked_final_nv_20260826T211405Z_99d55e2f,participation,participation_lightgbm,season,2024,brier,774,1,0.1419008783665281
v2_conditional_ppg_2026_candidate_nv_v1,v2_locked_final_nv_20260826T211405Z_99d55e2f,participation,participation_lightgbm,season,2024,log_loss,774,1,0.427318031898314
v2_conditional_ppg_2026_candidate_nv_v1,v2_locked_final_nv_20260826T211405Z_99d55e2f,participation,participation_lightgbm,season,2024,calibration_bias,774,1,0.07497572324396684
v2_conditional_ppg_2026_candidate_nv_v1,v2_locked_final_nv_20260826T211405Z_99d55e2f,participation,participation_lightgbm,season,2024,roc_auc,774,1,0.8885737803052978
v2_conditional_ppg_2026_candidate_nv_v1,v2_locked_final_nv_20260826T211405Z_99d55e2f,participation,participation_lightgbm,season,2025,brier,829,1,0.14069958175876957
v2_conditional_ppg_2026_candidate_nv_v1,v2_locked_final_nv_20260826T211405Z_99d55e2f,participation,participation_lightgbm,season,2025,log_loss,829,1,0.4271401713599554
v2_conditional_ppg_2026_candidate_nv_v1,v2_locked_final_nv_20260826T211405Z_99d55e2f,participation,participation_lightgbm,season,2025,calibration_bias,829,1,0.02809985968327586
v2_conditional_ppg_2026_candidate_nv_v1,v2_locked_final_nv_20260826T211405Z_99d55e2f,participation,participation_lightgbm,season,2025,roc_auc,829,1,0.8754205548149558
v2_conditional_ppg_2026_candidate_nv_v1,v2_locked_final_nv_20260826T211405Z_99d55e2f,participation,participation_lightgbm,position,QB,brier,1088,9,0.14120992935470666
v2_conditional_ppg_2026_candidate_nv_v1,v2_locked_final_nv_20260826T211405Z_99d55e2f,participation,participation_lightgbm,position,QB,log_loss,1088,9,0.4356762441720541
v2_conditional_ppg_2026_candidate_nv_v1,v2_locked_final_nv_20260826T211405Z_99d55e2f,participation,participation_lightgbm,position,QB,calibration_bias,1088,9,0.03678119889772858
v2_conditional_ppg_2026_candidate_nv_v1,v2_locked_final_nv_20260826T211405Z_99d55e2f,participation,participation_lightgbm,position,QB,roc_auc,1088,9,0.8705491924238118
v2_conditional_ppg_2026_candidate_nv_v1,v2_locked_final_nv_20260826T211405Z_99d55e2f,participation,participation_lightgbm,position,RB,brier,2008,9,0.12753470222027097
v2_conditional_ppg_2026_candidate_nv_v1,v2_locked_final_nv_20260826T211405Z_99d55e2f,participation,participation_lightgbm,position,RB,log_loss,2008,9,0.3928640392438001
v2_conditional_ppg_2026_candidate_nv_v1,v2_locked_final_nv_20260826T211405Z_99d55e2f,participation,participation_lightgbm,position,RB,calibration_bias,2008,9,0.027276032870673785
v2_conditional_ppg_2026_candidate_nv_v1,v2_locked_final_nv_20260826T211405Z_99d55e2f,participation,participation_lightgbm,position,RB,roc_auc,2008,9,0.8917730993761513
v2_conditional_ppg_2026_candidate_nv_v1,v2_locked_final_nv_20260826T211405Z_99d55e2f,participation,participation_lightgbm,position,TE,brier,1617,9,0.12346156570153978
v2_conditional_ppg_2026_candidate_nv_v1,v2_locked_final_nv_20260826T211405Z_99d55e2f,participation,participation_lightgbm,position,TE,log_loss,1617,9,0.3890597538052268
v2_conditional_ppg_2026_candidate_nv_v1,v2_locked_final_nv_20260826T211405Z_99d55e2f,participation,participation_lightgbm,position,TE,calibration_bias,1617,9,-0.00504055240965095
v2_conditional_ppg_2026_candidate_nv_v1,v2_locked_final_nv_20260826T211405Z_99d55e2f,participation,participation_lightgbm,position,TE,roc_auc,1617,9,0.8929710974982155
v2_conditional_ppg_2026_candidate_nv_v1,v2_locked_final_nv_20260826T211405Z_99d55e2f,participation,participation_lightgbm,position,WR,brier,3104,9,0.11966727747856426
v2_conditional_ppg_2026_candidate_nv_v1,v2_locked_final_nv_20260826T211405Z_99d55e2f,participation,participation_lightgbm,position,WR,log_loss,3104,9,0.37221677529374003
v2_conditional_ppg_2026_candidate_nv_v1,v2_locked_final_nv_20260826T211405Z_99d55e2f,participation,participation_lightgbm,position,WR,calibration_bias,3104,9,0.03078373079723074
v2_conditional_ppg_2026_candidate_nv_v1,v2_locked_final_nv_20260826T211405Z_99d55e2f,participation,participation_lightgbm,position,WR,roc_auc,3104,9,0.9083265897462671
v2_conditional_ppg_2026_candidate_nv_v1,v2_locked_final_nv_20260826T211405Z_99d55e2f,participation,participation_lightgbm,history_depth,other_no_history,brier,478,9,0.148631760929384
v2_conditional_ppg_2026_candidate_nv_v1,v2_locked_final_nv_20260826T211405Z_99d55e2f,participation,participation_lightgbm,history_depth,other_no_history,log_loss,478,9,0.4673260754243955
v2_conditional_ppg_2026_candidate_nv_v1,v2_locked_final_nv_20260826T211405Z_99d55e2f,participation,participation_lightgbm,history_depth,other_no_history,calibration_bias,478,9,0.022842916238497598
v2_conditional_ppg_2026_candidate_nv_v1,v2_locked_final_nv_20260826T211405Z_99d55e2f,participation,participation_lightgbm,history_depth,other_no_history,roc_auc,478,9,0.6884271378708552
v2_conditional_ppg_2026_candidate_nv_v1,v2_locked_final_nv_20260826T211405Z_99d55e2f,participation,participation_lightgbm,history_depth,rookie,brier,1204,9,0.14356296466188148
v2_conditional_ppg_2026_candidate_nv_v1,v2_locked_final_nv_20260826T211405Z_99d55e2f,participation,participation_lightgbm,history_depth,rookie,log_loss,1204,9,0.43874778578404816
v2_conditional_ppg_2026_candidate_nv_v1,v2_locked_final_nv_20260826T211405Z_99d55e2f,participation,participation_lightgbm,history_depth,rookie,calibration_bias,1204,9,0.0462658640479396
v2_conditional_ppg_2026_candidate_nv_v1,v2_locked_final_nv_20260826T211405Z_99d55e2f,participation,participation_lightgbm,history_depth,rookie,roc_auc,1204,9,0.8715217669381315
v2_conditional_ppg_2026_candidate_nv_v1,v2_locked_final_nv_20260826T211405Z_99d55e2f,participation,participation_lightgbm,history_depth,second_year,brier,1324,9,0.13385962278432276
v2_conditional_ppg_2026_candidate_nv_v1,v2_locked_final_nv_20260826T211405Z_99d55e2f,participation,participation_lightgbm,history_depth,second_year,log_loss,1324,9,0.4138141550971101
v2_conditional_ppg_2026_candidate_nv_v1,v2_locked_final_nv_20260826T211405Z_99d55e2f,participation,participation_lightgbm,history_depth,second_year,calibration_bias,1324,9,0.030283680016565957
v2_conditional_ppg_2026_candidate_nv_v1,v2_locked_final_nv_20260826T211405Z_99d55e2f,participation,participation_lightgbm,history_depth,second_year,roc_auc,1324,9,0.8894153978442926
v2_conditional_ppg_2026_candidate_nv_v1,v2_locked_final_nv_20260826T211405Z_99d55e2f,participation,participation_lightgbm,history_depth,unknown_experience,brier,1,1,0.08642453369046728
v2_conditional_ppg_2026_candidate_nv_v1,v2_locked_final_nv_20260826T211405Z_99d55e2f,participation,participation_lightgbm,history_depth,unknown_experience,log_loss,1,1,0.34811241981205165
v2_conditional_ppg_2026_candidate_nv_v1,v2_locked_final_nv_20260826T211405Z_99d55e2f,participation,participation_lightgbm,history_depth,unknown_experience,calibration_bias,1,1,0.2939804988268223
v2_conditional_ppg_2026_candidate_nv_v1,v2_locked_final_nv_20260826T211405Z_99d55e2f,participation,participation_lightgbm,history_depth,unknown_experience,roc_auc,1,1,
v2_conditional_ppg_2026_candidate_nv_v1,v2_locked_final_nv_20260826T211405Z_99d55e2f,participation,participation_lightgbm,history_depth,veteran_with_history,brier,4810,9,0.11634060497958286
v2_conditional_ppg_2026_candidate_nv_v1,v2_locked_final_nv_20260826T211405Z_99d55e2f,participation,participation_lightgbm,history_depth,veteran_with_history,log_loss,4810,9,0.36330249167782225
v2_conditional_ppg_2026_candidate_nv_v1,v2_locked_final_nv_20260826T211405Z_99d55e2f,participation,participation_lightgbm,history_depth,veteran_with_history,calibration_bias,4810,9,0.015629471608473805
v2_conditional_ppg_2026_candidate_nv_v1,v2_locked_final_nv_20260826T211405Z_99d55e2f,participation,participation_lightgbm,history_depth,veteran_with_history,roc_auc,4810,9,0.9042609077635647
v2_conditional_ppg_2026_candidate_nv_v1,v2_locked_final_nv_20260826T211405Z_99d55e2f,participation,participation_logistic,pooled,all,brier,7817,9,0.1398201413585655
v2_conditional_ppg_2026_candidate_nv_v1,v2_locked_final_nv_20260826T211405Z_99d55e2f,participation,participation_logistic,pooled,all,log_loss,7817,9,0.4253913105846807
v2_conditional_ppg_2026_candidate_nv_v1,v2_locked_final_nv_20260826T211405Z_99d55e2f,participation,participation_logistic,pooled,all,calibration_bias,7817,9,0.038243356189835646
v2_conditional_ppg_2026_candidate_nv_v1,v2_locked_final_nv_20260826T211405Z_99d55e2f,participation,participation_logistic,pooled,all,roc_auc,7817,9,0.8777618086045706
v2_conditional_ppg_2026_candidate_nv_v1,v2_locked_final_nv_20260826T211405Z_99d55e2f,participation,participation_logistic,provider_era,2023_2025,brier,2437,3,0.13505891859837427
v2_conditional_ppg_2026_candidate_nv_v1,v2_locked_final_nv_20260826T211405Z_99d55e2f,participation,participation_logistic,provider_era,2023_2025,log_loss,2437,3,0.41313116451717596
v2_conditional_ppg_2026_candidate_nv_v1,v2_locked_final_nv_20260826T211405Z_99d55e2f,participation,participation_logistic,provider_era,2023_2025,calibration_bias,2437,3,0.06440040759136786
v2_conditional_ppg_2026_candidate_nv_v1,v2_locked_final_nv_20260826T211405Z_99d55e2f,participation,participation_logistic,provider_era,2023_2025,roc_auc,2437,3,0.8908954664668415
v2_conditional_ppg_2026_candidate_nv_v1,v2_locked_final_nv_20260826T211405Z_99d55e2f,participation,participation_logistic,season,2017,brier,974,1,0.15792847634629928
v2_conditional_ppg_2026_candidate_nv_v1,v2_locked_final_nv_20260826T211405Z_99d55e2f,participation,participation_logistic,season,2017,log_loss,974,1,0.4743195820258787
v2_conditional_ppg_2026_candidate_nv_v1,v2_locked_final_nv_20260826T211405Z_99d55e2f,participation,participation_logistic,season,2017,calibration_bias,974,1,0.10561091487316948
v2_conditional_ppg_2026_candidate_nv_v1,v2_locked_final_nv_20260826T211405Z_99d55e2f,participation,participation_logistic,season,2017,roc_auc,974,1,0.8673334208042527
v2_conditional_ppg_2026_candidate_nv_v1,v2_locked_final_nv_20260826T211405Z_99d55e2f,participation,participation_logistic,season,2018,brier,1004,1,0.15745638757848623
v2_conditional_ppg_2026_candidate_nv_v1,v2_locked_final_nv_20260826T211405Z_99d55e2f,participation,participation_logistic,season,2018,log_loss,1004,1,0.47517763108815275
v2_conditional_ppg_2026_candidate_nv_v1,v2_locked_final_nv_20260826T211405Z_99d55e2f,participation,participation_logistic,season,2018,calibration_bias,1004,1,0.04445221998062812
v2_conditional_ppg_2026_candidate_nv_v1,v2_locked_final_nv_20260826T211405Z_99d55e2f,participation,participation_logistic,season,2018,roc_auc,1004,1,0.8514081814706258
v2_conditional_ppg_2026_candidate_nv_v1,v2_locked_final_nv_20260826T211405Z_99d55e2f,participation,participation_logistic,season,2019,brier,908,1,0.13805248198997574
v2_conditional_ppg_2026_candidate_nv_v1,v2_locked_final_nv_20260826T211405Z_99d55e2f,participation,participation_logistic,season,2019,log_loss,908,1,0.42092765369484747
v2_conditional_ppg_2026_candidate_nv_v1,v2_locked_final_nv_20260826T211405Z_99d55e2f,participation,participation_logistic,season,2019,calibration_bias,908,1,0.03023489359387366
v2_conditional_ppg_2026_candidate_nv_v1,v2_locked_final_nv_20260826T211405Z_99d55e2f,participation,participation_logistic,season,2019,roc_auc,908,1,0.8828627189406852
v2_conditional_ppg_2026_candidate_nv_v1,v2_locked_final_nv_20260826T211405Z_99d55e2f,participation,participation_logistic,season,2020,brier,823,1,0.1342980388806101
v2_conditional_ppg_2026_candidate_nv_v1,v2_locked_final_nv_20260826T211405Z_99d55e2f,participation,participation_logistic,season,2020,log_loss,823,1,0.40572473057856956
v2_conditional_ppg_2026_candidate_nv_v1,v2_locked_final_nv_20260826T211405Z_99d55e2f,participation,participation_logistic,season,2020,calibration_bias,823,1,-0.023138092470473517
v2_conditional_ppg_2026_candidate_nv_v1,v2_locked_final_nv_20260826T211405Z_99d55e2f,participation,participation_logistic,season,2020,roc_auc,823,1,0.878748945814885
v2_conditional_ppg_2026_candidate_nv_v1,v2_locked_final_nv_20260826T211405Z_99d55e2f,participation,participation_logistic,season,2021,brier,830,1,0.14387268585813648
v2_conditional_ppg_2026_candidate_nv_v1,v2_locked_final_nv_20260826T211405Z_99d55e2f,participation,participation_logistic,season,2021,log_loss,830,1,0.4391139870108356
v2_conditional_ppg_2026_candidate_nv_v1,v2_locked_final_nv_20260826T211405Z_99d55e2f,participation,participation_logistic,season,2021,calibration_bias,830,1,-0.03300535854324307
v2_conditional_ppg_2026_candidate_nv_v1,v2_locked_final_nv_20260826T211405Z_99d55e2f,participation,participation_logistic,season,2021,roc_auc,830,1,0.8586233983985635
v2_conditional_ppg_2026_candidate_nv_v1,v2_locked_final_nv_20260826T211405Z_99d55e2f,participation,participation_logistic,season,2022,brier,841,1,0.11490326085336443
v2_conditional_ppg_2026_candidate_nv_v1,v2_locked_final_nv_20260826T211405Z_99d55e2f,participation,participation_logistic,season,2022,log_loss,841,1,0.3553379790324648
v2_conditional_ppg_2026_candidate_nv_v1,v2_locked_final_nv_20260826T211405Z_99d55e2f,participation,participation_logistic,season,2022,calibration_bias,841,1,0.01604432389966495
v2_conditional_ppg_2026_candidate_nv_v1,v2_locked_final_nv_20260826T211405Z_99d55e2f,participation,participation_logistic,season,2022,roc_auc,841,1,0.9124390273869932
v2_conditional_ppg_2026_candidate_nv_v1,v2_locked_final_nv_20260826T211405Z_99d55e2f,participation,participation_logistic,season,2023,brier,834,1,0.12235128822917195
v2_conditional_ppg_2026_candidate_nv_v1,v2_locked_final_nv_20260826T211405Z_99d55e2f,participation,participation_logistic,season,2023,log_loss,834,1,0.3777661334500384
v2_conditional_ppg_2026_candidate_nv_v1,v2_locked_final_nv_20260826T211405Z_99d55e2f,participation,participation_logistic,season,2023,calibration_bias,834,1,0.04851682089557406
v2_conditional_ppg_2026_candidate_nv_v1,v2_locked_final_nv_20260826T211405Z_99d55e2f,participation,participation_logistic,season,2023,roc_auc,834,1,0.9072968857451615
v2_conditional_ppg_2026_candidate_nv_v1,v2_locked_final_nv_20260826T211405Z_99d55e2f,participation,participation_logistic,season,2024,brier,774,1,0.14176707681766199
v2_conditional_ppg_2026_candidate_nv_v1,v2_locked_final_nv_20260826T211405Z_99d55e2f,participation,participation_logistic,season,2024,log_loss,774,1,0.4286475503703611
v2_conditional_ppg_2026_candidate_nv_v1,v2_locked_final_nv_20260826T211405Z_99d55e2f,participation,participation_logistic,season,2024,calibration_bias,774,1,0.0769800701141046
v2_conditional_ppg_2026_candidate_nv_v1,v2_locked_final_nv_20260826T211405Z_99d55e2f,participation,participation_logistic,season,2024,roc_auc,774,1,0.8843983837174498
v2_conditional_ppg_2026_candidate_nv_v1,v2_locked_final_nv_20260826T211405Z_99d55e2f,participation,participation_logistic,season,2025,brier,829,1,0.1415800877976337
v2_conditional_ppg_2026_candidate_nv_v1,v2_locked_final_nv_20260826T211405Z_99d55e2f,participation,participation_logistic,season,2025,log_loss,829,1,0.4342225435999593
v2_conditional_ppg_2026_candidate_nv_v1,v2_locked_final_nv_20260826T211405Z_99d55e2f,participation,participation_logistic,season,2025,calibration_bias,829,1,0.06863472907712635
v2_conditional_ppg_2026_candidate_nv_v1,v2_locked_final_nv_20260826T211405Z_99d55e2f,participation,participation_logistic,season,2025,roc_auc,829,1,0.8829683234939376
v2_conditional_ppg_2026_candidate_nv_v1,v2_locked_final_nv_20260826T211405Z_99d55e2f,participation,participation_logistic,position,QB,brier,1088,9,0.14366184427288406
v2_conditional_ppg_2026_candidate_nv_v1,v2_locked_final_nv_20260826T211405Z_99d55e2f,participation,participation_logistic,position,QB,log_loss,1088,9,0.44450245186646953
v2_conditional_ppg_2026_candidate_nv_v1,v2_locked_final_nv_20260826T211405Z_99d55e2f,participation,participation_logistic,position,QB,calibration_bias,1088,9,0.038897790839092096
v2_conditional_ppg_2026_candidate_nv_v1,v2_locked_final_nv_20260826T211405Z_99d55e2f,participation,participation_logistic,position,QB,roc_auc,1088,9,0.869362874510919
v2_conditional_ppg_2026_candidate_nv_v1,v2_locked_final_nv_20260826T211405Z_99d55e2f,participation,participation_logistic,position,RB,brier,2008,9,0.15159478445061594
v2_conditional_ppg_2026_candidate_nv_v1,v2_locked_final_nv_20260826T211405Z_99d55e2f,participation,participation_logistic,position,RB,log_loss,2008,9,0.45703224259967584
v2_conditional_ppg_2026_candidate_nv_v1,v2_locked_final_nv_20260826T211405Z_99d55e2f,participation,participation_logistic,position,RB,calibration_bias,2008,9,0.07271206944673937
v2_conditional_ppg_2026_candidate_nv_v1,v2_locked_final_nv_20260826T211405Z_99d55e2f,participation,participation_logistic,position,RB,roc_auc,2008,9,0.8589946074093862
v2_conditional_ppg_2026_candidate_nv_v1,v2_locked_final_nv_20260826T211405Z_99d55e2f,participation,participation_logistic,position,TE,brier,1617,9,0.1379747418755446
v2_conditional_ppg_2026_candidate_nv_v1,v2_locked_final_nv_20260826T211405Z_99d55e2f,participation,participation_logistic,position,TE,log_loss,1617,9,0.418596807673481
v2_conditional_ppg_2026_candidate_nv_v1,v2_locked_final_nv_20260826T211405Z_99d55e2f,participation,participation_logistic,position,TE,calibration_bias,1617,9,-0.005555733931694567
v2_conditional_ppg_2026_candidate_nv_v1,v2_locked_final_nv_20260826T211405Z_99d55e2f,participation,participation_logistic,position,TE,roc_auc,1617,9,0.8751846871524146
v2_conditional_ppg_2026_candidate_nv_v1,v2_locked_final_nv_20260826T211405Z_99d55e2f,participation,participation_logistic,position,WR,brier,3104,9,0.13181780722983774
v2_conditional_ppg_2026_candidate_nv_v1,v2_locked_final_nv_20260826T211405Z_99d55e2f,participation,participation_logistic,position,WR,log_loss,3104,9,0.40176334602498814
v2_conditional_ppg_2026_candidate_nv_v1,v2_locked_final_nv_20260826T211405Z_99d55e2f,participation,participation_logistic,position,WR,calibration_bias,3104,9,0.03853263699146602
v2_conditional_ppg_2026_candidate_nv_v1,v2_locked_final_nv_20260826T211405Z_99d55e2f,participation,participation_logistic,position,WR,roc_auc,3104,9,0.8897436566774564
v2_conditional_ppg_2026_candidate_nv_v1,v2_locked_final_nv_20260826T211405Z_99d55e2f,participation,participation_logistic,history_depth,other_no_history,brier,478,9,0.15676467502169852
v2_conditional_ppg_2026_candidate_nv_v1,v2_locked_final_nv_20260826T211405Z_99d55e2f,participation,participation_logistic,history_depth,other_no_history,log_loss,478,9,0.48936361818848473
v2_conditional_ppg_2026_candidate_nv_v1,v2_locked_final_nv_20260826T211405Z_99d55e2f,participation,participation_logistic,history_depth,other_no_history,calibration_bias,478,9,0.03577398845387699
v2_conditional_ppg_2026_candidate_nv_v1,v2_locked_final_nv_20260826T211405Z_99d55e2f,participation,participation_logistic,history_depth,other_no_history,roc_auc,478,9,0.634571335078534
v2_conditional_ppg_2026_candidate_nv_v1,v2_locked_final_nv_20260826T211405Z_99d55e2f,participation,participation_logistic,history_depth,rookie,brier,1204,9,0.1581250007644269
v2_conditional_ppg_2026_candidate_nv_v1,v2_locked_final_nv_20260826T211405Z_99d55e2f,participation,participation_logistic,history_depth,rookie,log_loss,1204,9,0.46833973508232196
v2_conditional_ppg_2026_candidate_nv_v1,v2_locked_final_nv_20260826T211405Z_99d55e2f,participation,participation_logistic,history_depth,rookie,calibration_bias,1204,9,0.06593665692926803
v2_conditional_ppg_2026_candidate_nv_v1,v2_locked_final_nv_20260826T211405Z_99d55e2f,participation,participation_logistic,history_depth,rookie,roc_auc,1204,9,0.8551400673687801
v2_conditional_ppg_2026_candidate_nv_v1,v2_locked_final_nv_20260826T211405Z_99d55e2f,participation,participation_logistic,history_depth,second_year,brier,1324,9,0.1473670347134075
v2_conditional_ppg_2026_candidate_nv_v1,v2_locked_final_nv_20260826T211405Z_99d55e2f,participation,participation_logistic,history_depth,second_year,log_loss,1324,9,0.44746924733328247
v2_conditional_ppg_2026_candidate_nv_v1,v2_locked_final_nv_20260826T211405Z_99d55e2f,participation,participation_logistic,history_depth,second_year,calibration_bias,1324,9,0.047497674542269254
v2_conditional_ppg_2026_candidate_nv_v1,v2_locked_final_nv_20260826T211405Z_99d55e2f,participation,participation_logistic,history_depth,second_year,roc_auc,1324,9,0.8707800628266442
v2_conditional_ppg_2026_candidate_nv_v1,v2_locked_final_nv_20260826T211405Z_99d55e2f,participation,participation_logistic,history_depth,unknown_experience,brier,1,1,0.01976754281930651
v2_conditional_ppg_2026_candidate_nv_v1,v2_locked_final_nv_20260826T211405Z_99d55e2f,participation,participation_logistic,history_depth,unknown_experience,log_loss,1,1,0.15151742612727337
v2_conditional_ppg_2026_candidate_nv_v1,v2_locked_final_nv_20260826T211405Z_99d55e2f,participation,participation_logistic,history_depth,unknown_experience,calibration_bias,1,1,0.14059709392198155
v2_conditional_ppg_2026_candidate_nv_v1,v2_locked_final_nv_20260826T211405Z_99d55e2f,participation,participation_logistic,history_depth,unknown_experience,roc_auc,1,1,
v2_conditional_ppg_2026_candidate_nv_v1,v2_locked_final_nv_20260826T211405Z_99d55e2f,participation,participation_logistic,history_depth,veteran_with_history,brier,4810,9,0.13150193511762864
v2_conditional_ppg_2026_candidate_nv_v1,v2_locked_final_nv_20260826T211405Z_99d55e2f,participation,participation_logistic,history_depth,veteran_with_history,log_loss,4810,9,0.4022632481105707
v2_conditional_ppg_2026_candidate_nv_v1,v2_locked_final_nv_20260826T211405Z_99d55e2f,participation,participation_logistic,history_depth,veteran_with_history,calibration_bias,4810,9,0.02898816958924467
v2_conditional_ppg_2026_candidate_nv_v1,v2_locked_final_nv_20260826T211405Z_99d55e2f,participation,participation_logistic,history_depth,veteran_with_history,roc_auc,4810,9,0.8823504912245961
v2_conditional_ppg_2026_candidate_nv_v1,v2_locked_final_nv_20260826T211405Z_99d55e2f,participation,participation_prior_position_rate,pooled,all,brier,7817,9,0.2434491922363349
v2_conditional_ppg_2026_candidate_nv_v1,v2_locked_final_nv_20260826T211405Z_99d55e2f,participation,participation_prior_position_rate,pooled,all,log_loss,7817,9,0.683440744267817
v2_conditional_ppg_2026_candidate_nv_v1,v2_locked_final_nv_20260826T211405Z_99d55e2f,participation,participation_prior_position_rate,pooled,all,calibration_bias,7817,9,0.0689578746216772
v2_conditional_ppg_2026_candidate_nv_v1,v2_locked_final_nv_20260826T211405Z_99d55e2f,participation,participation_prior_position_rate,pooled,all,roc_auc,7817,9,0.5195947470003751
v2_conditional_ppg_2026_candidate_nv_v1,v2_locked_final_nv_20260826T211405Z_99d55e2f,participation,participation_prior_position_rate,provider_era,2023_2025,brier,2437,3,0.22725835055360724
v2_conditional_ppg_2026_candidate_nv_v1,v2_locked_final_nv_20260826T211405Z_99d55e2f,participation,participation_prior_position_rate,provider_era,2023_2025,log_loss,2437,3,0.6471556489840316
v2_conditional_ppg_2026_candidate_nv_v1,v2_locked_final_nv_20260826T211405Z_99d55e2f,participation,participation_prior_position_rate,provider_era,2023_2025,calibration_bias,2437,3,0.017688070084366837
v2_conditional_ppg_2026_candidate_nv_v1,v2_locked_final_nv_20260826T211405Z_99d55e2f,participation,participation_prior_position_rate,provider_era,2023_2025,roc_auc,2437,3,0.5390239422857941
v2_conditional_ppg_2026_candidate_nv_v1,v2_locked_final_nv_20260826T211405Z_99d55e2f,participation,participation_prior_position_rate,season,2017,brier,974,1,0.28871743836911784
v2_conditional_ppg_2026_candidate_nv_v1,v2_locked_final_nv_20260826T211405Z_99d55e2f,participation,participation_prior_position_rate,season,2017,log_loss,974,1,0.7876605448203373
v2_conditional_ppg_2026_candidate_nv_v1,v2_locked_final_nv_20260826T211405Z_99d55e2f,participation,participation_prior_position_rate,season,2017,calibration_bias,974,1,0.20564077004349907
v2_conditional_ppg_2026_candidate_nv_v1,v2_locked_final_nv_20260826T211405Z_99d55e2f,participation,participation_prior_position_rate,season,2017,roc_auc,974,1,0.5571234482729432
v2_conditional_ppg_2026_candidate_nv_v1,v2_locked_final_nv_20260826T211405Z_99d55e2f,participation,participation_prior_position_rate,season,2018,brier,1004,1,0.2780326368167507
v2_conditional_ppg_2026_candidate_nv_v1,v2_locked_final_nv_20260826T211405Z_99d55e2f,participation,participation_prior_position_rate,season,2018,log_loss,1004,1,0.7590918928532863
v2_conditional_ppg_2026_candidate_nv_v1,v2_locked_final_nv_20260826T211405Z_99d55e2f,participation,participation_prior_position_rate,season,2018,calibration_bias,1004,1,0.17347089650283923
v2_conditional_ppg_2026_candidate_nv_v1,v2_locked_final_nv_20260826T211405Z_99d55e2f,participation,participation_prior_position_rate,season,2018,roc_auc,1004,1,0.5431972409838155
v2_conditional_ppg_2026_candidate_nv_v1,v2_locked_final_nv_20260826T211405Z_99d55e2f,participation,participation_prior_position_rate,season,2019,brier,908,1,0.2567627214705964
v2_conditional_ppg_2026_candidate_nv_v1,v2_locked_final_nv_20260826T211405Z_99d55e2f,participation,participation_prior_position_rate,season,2019,log_loss,908,1,0.7108907289373682
v2_conditional_ppg_2026_candidate_nv_v1,v2_locked_final_nv_20260826T211405Z_99d55e2f,participation,participation_prior_position_rate,season,2019,calibration_bias,908,1,0.11143290044475047
v2_conditional_ppg_2026_candidate_nv_v1,v2_locked_final_nv_20260826T211405Z_99d55e2f,participation,participation_prior_position_rate,season,2019,roc_auc,908,1,0.5422317745003582
v2_conditional_ppg_2026_candidate_nv_v1,v2_locked_final_nv_20260826T211405Z_99d55e2f,participation,participation_prior_position_rate,season,2020,brier,823,1,0.22202499353481622
v2_conditional_ppg_2026_candidate_nv_v1,v2_locked_final_nv_20260826T211405Z_99d55e2f,participation,participation_prior_position_rate,season,2020,log_loss,823,1,0.6361882821209692
v2_conditional_ppg_2026_candidate_nv_v1,v2_locked_final_nv_20260826T211405Z_99d55e2f,participation,participation_prior_position_rate,season,2020,calibration_bias,823,1,0.00570079019420969
v2_conditional_ppg_2026_candidate_nv_v1,v2_locked_final_nv_20260826T211405Z_99d55e2f,participation,participation_prior_position_rate,season,2020,roc_auc,823,1,0.5477743516761543
v2_conditional_ppg_2026_candidate_nv_v1,v2_locked_final_nv_20260826T211405Z_99d55e2f,participation,participation_prior_position_rate,season,2021,brier,830,1,0.21617700436764778
v2_conditional_ppg_2026_candidate_nv_v1,v2_locked_final_nv_20260826T211405Z_99d55e2f,participation,participation_prior_position_rate,season,2021,log_loss,830,1,0.6233219076445446
v2_conditional_ppg_2026_candidate_nv_v1,v2_locked_final_nv_20260826T211405Z_99d55e2f,participation,participation_prior_position_rate,season,2021,calibration_bias,830,1,-0.0079468338101118
v2_conditional_ppg_2026_candidate_nv_v1,v2_locked_final_nv_20260826T211405Z_99d55e2f,participation,participation_prior_position_rate,season,2021,roc_auc,830,1,0.5750483533457875
v2_conditional_ppg_2026_candidate_nv_v1,v2_locked_final_nv_20260826T211405Z_99d55e2f,participation,participation_prior_position_rate,season,2022,brier,841,1,0.2301595109121853
v2_conditional_ppg_2026_candidate_nv_v1,v2_locked_final_nv_20260826T211405Z_99d55e2f,participation,participation_prior_position_rate,season,2022,log_loss,841,1,0.6535070498003233
v2_conditional_ppg_2026_candidate_nv_v1,v2_locked_final_nv_20260826T211405Z_99d55e2f,participation,participation_prior_position_rate,season,2022,calibration_bias,841,1,0.026399568536926044
v2_conditional_ppg_2026_candidate_nv_v1,v2_locked_final_nv_20260826T211405Z_99d55e2f,participation,participation_prior_position_rate,season,2022,roc_auc,841,1,0.54154738355306
v2_conditional_ppg_2026_candidate_nv_v1,v2_locked_final_nv_20260826T211405Z_99d55e2f,participation,participation_prior_position_rate,season,2023,brier,834,1,0.23284283600446154
v2_conditional_ppg_2026_candidate_nv_v1,v2_locked_final_nv_20260826T211405Z_99d55e2f,participation,participation_prior_position_rate,season,2023,log_loss,834,1,0.6584452234206793
v2_conditional_ppg_2026_candidate_nv_v1,v2_locked_final_nv_20260826T211405Z_99d55e2f,participation,participation_prior_position_rate,season,2023,calibration_bias,834,1,0.03819145917442884
v2_conditional_ppg_2026_candidate_nv_v1,v2_locked_final_nv_20260826T211405Z_99d55e2f,participation,participation_prior_position_rate,season,2023,roc_auc,834,1,0.5480155221534532
v2_conditional_ppg_2026_candidate_nv_v1,v2_locked_final_nv_20260826T211405Z_99d55e2f,participation,participation_prior_position_rate,season,2024,brier,774,1,0.22156368247626973
v2_conditional_ppg_2026_candidate_nv_v1,v2_locked_final_nv_20260826T211405Z_99d55e2f,participation,participation_prior_position_rate,season,2024,log_loss,774,1,0.635531496168761
v2_conditional_ppg_2026_candidate_nv_v1,v2_locked_final_nv_20260826T211405Z_99d55e2f,participation,participation_prior_position_rate,season,2024,calibration_bias,774,1,-0.003799099933896144
v2_conditional_ppg_2026_candidate_nv_v1,v2_locked_final_nv_20260826T211405Z_99d55e2f,participation,participation_prior_position_rate,season,2024,roc_auc,774,1,0.5450202035318767
v2_conditional_ppg_2026_candidate_nv_v1,v2_locked_final_nv_20260826T211405Z_99d55e2f,participation,participation_prior_position_rate,season,2025,brier,829,1,0.22695703840143203
v2_conditional_ppg_2026_candidate_nv_v1,v2_locked_final_nv_20260826T211405Z_99d55e2f,participation,participation_prior_position_rate,season,2025,log_loss,829,1,0.6466509314916976
v2_conditional_ppg_2026_candidate_nv_v1,v2_locked_final_nv_20260826T211405Z_99d55e2f,participation,participation_prior_position_rate,season,2025,calibration_bias,829,1,0.01712262146316519
v2_conditional_ppg_2026_candidate_nv_v1,v2_locked_final_nv_20260826T211405Z_99d55e2f,participation,participation_prior_position_rate,season,2025,roc_auc,829,1,0.539309972703612
v2_conditional_ppg_2026_candidate_nv_v1,v2_locked_final_nv_20260826T211405Z_99d55e2f,participation,participation_prior_position_rate,position,QB,brier,1088,9,0.2648912175247845
v2_conditional_ppg_2026_candidate_nv_v1,v2_locked_final_nv_20260826T211405Z_99d55e2f,participation,participation_prior_position_rate,position,QB,log_loss,1088,9,0.7238063968607733
v2_conditional_ppg_2026_candidate_nv_v1,v2_locked_final_nv_20260826T211405Z_99d55e2f,participation,participation_prior_position_rate,position,QB,calibration_bias,1088,9,0.10715786897162459
v2_conditional_ppg_2026_candidate_nv_v1,v2_locked_final_nv_20260826T211405Z_99d55e2f,participation,participation_prior_position_rate,position,QB,roc_auc,1088,9,0.4582842559874362
v2_conditional_ppg_2026_candidate_nv_v1,v2_locked_final_nv_20260826T211405Z_99d55e2f,participation,participation_prior_position_rate,position,RB,brier,2008,9,0.23730651619665333
v2_conditional_ppg_2026_candidate_nv_v1,v2_locked_final_nv_20260826T211405Z_99d55e2f,participation,participation_prior_position_rate,position,RB,log_loss,2008,9,0.6777428828487684
v2_conditional_ppg_2026_candidate_nv_v1,v2_locked_final_nv_20260826T211405Z_99d55e2f,participation,participation_prior_position_rate,position,RB,calibration_bias,2008,9,0.10522629429234533
v2_conditional_ppg_2026_candidate_nv_v1,v2_locked_final_nv_20260826T211405Z_99d55e2f,participation,participation_prior_position_rate,position,RB,roc_auc,2008,9,0.4604493269000673
v2_conditional_ppg_2026_candidate_nv_v1,v2_locked_final_nv_20260826T211405Z_99d55e2f,participation,participation_prior_position_rate,position,TE,brier,1617,9,0.231880624866101
v2_conditional_ppg_2026_candidate_nv_v1,v2_locked_final_nv_20260826T211405Z_99d55e2f,participation,participation_prior_position_rate,position,TE,log_loss,1617,9,0.6567296787607073
v2_conditional_ppg_2026_candidate_nv_v1,v2_locked_final_nv_20260826T211405Z_99d55e2f,participation,participation_prior_position_rate,position,TE,calibration_bias,1617,9,0.009677989980488232
v2_conditional_ppg_2026_candidate_nv_v1,v2_locked_final_nv_20260826T211405Z_99d55e2f,participation,participation_prior_position_rate,position,TE,roc_auc,1617,9,0.45061507047163707
v2_conditional_ppg_2026_candidate_nv_v1,v2_locked_final_nv_20260826T211405Z_99d55e2f,participation,participation_prior_position_rate,position,WR,brier,3104,9,0.24593371008798307
v2_conditional_ppg_2026_candidate_nv_v1,v2_locked_final_nv_20260826T211405Z_99d55e2f,participation,participation_prior_position_rate,position,WR,log_loss,3104,9,0.6868928282347335
v2_conditional_ppg_2026_candidate_nv_v1,v2_locked_final_nv_20260826T211405Z_99d55e2f,participation,participation_prior_position_rate,position,WR,calibration_bias,3104,9,0.0629871893489189
v2_conditional_ppg_2026_candidate_nv_v1,v2_locked_final_nv_20260826T211405Z_99d55e2f,participation,participation_prior_position_rate,position,WR,roc_auc,3104,9,0.4267474591904215
v2_conditional_ppg_2026_candidate_nv_v1,v2_locked_final_nv_20260826T211405Z_99d55e2f,participation,participation_prior_position_rate,history_depth,other_no_history,brier,478,9,0.37299822636389335
v2_conditional_ppg_2026_candidate_nv_v1,v2_locked_final_nv_20260826T211405Z_99d55e2f,participation,participation_prior_position_rate,history_depth,other_no_history,log_loss,478,9,0.9590148718597725
v2_conditional_ppg_2026_candidate_nv_v1,v2_locked_final_nv_20260826T211405Z_99d55e2f,participation,participation_prior_position_rate,history_depth,other_no_history,calibration_bias,478,9,0.45884310492297237
v2_conditional_ppg_2026_candidate_nv_v1,v2_locked_final_nv_20260826T211405Z_99d55e2f,participation,participation_prior_position_rate,history_depth,other_no_history,roc_auc,478,9,0.5315226876090751
v2_conditional_ppg_2026_candidate_nv_v1,v2_locked_final_nv_20260826T211405Z_99d55e2f,participation,participation_prior_position_rate,history_depth,rookie,brier,1204,9,0.2562125629243122
v2_conditional_ppg_2026_candidate_nv_v1,v2_locked_final_nv_20260826T211405Z_99d55e2f,participation,participation_prior_position_rate,history_depth,rookie,log_loss,1204,9,0.7117963154123726
v2_conditional_ppg_2026_candidate_nv_v1,v2_locked_final_nv_20260826T211405Z_99d55e2f,participation,participation_prior_position_rate,history_depth,rookie,calibration_bias,1204,9,0.10298386060389816
v2_conditional_ppg_2026_candidate_nv_v1,v2_locked_final_nv_20260826T211405Z_99d55e2f,participation,participation_prior_position_rate,history_depth,rookie,roc_auc,1204,9,0.5001307579698404
v2_conditional_ppg_2026_candidate_nv_v1,v2_locked_final_nv_20260826T211405Z_99d55e2f,participation,participation_prior_position_rate,history_depth,second_year,brier,1324,9,0.26488658708783047
v2_conditional_ppg_2026_candidate_nv_v1,v2_locked_final_nv_20260826T211405Z_99d55e2f,participation,participation_prior_position_rate,history_depth,second_year,log_loss,1324,9,0.7296493443084248
v2_conditional_ppg_2026_candidate_nv_v1,v2_locked_final_nv_20260826T211405Z_99d55e2f,participation,participation_prior_position_rate,history_depth,second_year,calibration_bias,1324,9,0.12869507542739772
v2_conditional_ppg_2026_candidate_nv_v1,v2_locked_final_nv_20260826T211405Z_99d55e2f,participation,participation_prior_position_rate,history_depth,second_year,roc_auc,1324,9,0.5071795274826116
v2_conditional_ppg_2026_candidate_nv_v1,v2_locked_final_nv_20260826T211405Z_99d55e2f,participation,participation_prior_position_rate,history_depth,unknown_experience,brier,1,1,0.3524944833269117
v2_conditional_ppg_2026_candidate_nv_v1,v2_locked_final_nv_20260826T211405Z_99d55e2f,participation,participation_prior_position_rate,history_depth,unknown_experience,log_loss,1,1,0.9006941396554294
v2_conditional_ppg_2026_candidate_nv_v1,v2_locked_final_nv_20260826T211405Z_99d55e2f,participation,participation_prior_position_rate,history_depth,unknown_experience,calibration_bias,1,1,0.5937124584568794
v2_conditional_ppg_2026_candidate_nv_v1,v2_locked_final_nv_20260826T211405Z_99d55e2f,participation,participation_prior_position_rate,history_depth,unknown_experience,roc_auc,1,1,
v2_conditional_ppg_2026_candidate_nv_v1,v2_locked_final_nv_20260826T211405Z_99d55e2f,participation,participation_prior_position_rate,history_depth,veteran_with_history,brier,4810,9,0.22145674053243297
v2_conditional_ppg_2026_candidate_nv_v1,v2_locked_final_nv_20260826T211405Z_99d55e2f,participation,participation_prior_position_rate,history_depth,veteran_with_history,log_loss,4810,9,0.6361929312748538
v2_conditional_ppg_2026_candidate_nv_v1,v2_locked_final_nv_20260826T211405Z_99d55e2f,participation,participation_prior_position_rate,history_depth,veteran_with_history,calibration_bias,4810,9,0.00514306471373079
v2_conditional_ppg_2026_candidate_nv_v1,v2_locked_final_nv_20260826T211405Z_99d55e2f,participation,participation_prior_position_rate,history_depth,veteran_with_history,roc_auc,4810,9,0.5187774943537854
