rank,id,player,team,pos,gp,pass_yds,pass_td,pass_int,rush_yds,rush_td,rec,rec_yds,rec_td,def_sck,def_int,fum_forced,fum_recovered,fpts_ppr_per_gp,fpts_ppr
1,19781,Lamar Jackson,BAL,QB,17,3840.8,30.9,7.6,868.7,3.8,0.0,0.0,0.0,0.0,0.0,0.0,0.0,21.4,364.5
2,19801,Josh Allen,BUF,QB,17,3948.1,28.9,10.5,557.1,9.7,0.0,0.0,0.0,0.0,0.0,0.0,0.0,21.2,360.6
3,23235,Jayden Daniels,WAS,QB,17,3923.2,27.4,10.4,804.3,5.5,0.0,0.0,0.0,0.0,0.0,0.0,0.0,20.8,354.2
4,21831,Jalen Hurts,PHI,QB,17,3564.0,23.6,9.9,649.2,12.8,0.0,0.0,0.0,0.0,0.0,0.0,0.0,20.7,352.1
5,21693,Joe Burrow,CIN,QB,17,4633.4,35.8,10.3,187.9,2.2,0.0,0.0,0.0,0.0,0.0,0.0,0.0,19.6,333.1
6,22564,Ja'Marr Chase,CIN,WR,17,0.0,0.0,0.0,12.4,0.0,116.3,1523.2,10.7,0.0,0.0,0.0,0.0,19.6,333.1
7,23189,Bijan Robinson,ATL,RB,17,0.0,0.0,0.0,1355.0,11.5,56.6,435.2,2.4,0.0,0.0,0.0,0.0,18.6,316.0
8,19766,Saquon Barkley,PHI,RB,17,0.0,0.0,0.0,1640.4,10.7,39.7,303.9,2.7,0.0,0.0,0.0,0.0,18.3,311.5
9,18890,Patrick Mahomes,KC,QB,17,4243.0,30.9,12.2,331.4,2.3,0.0,0.0,0.0,0.0,0.0,0.0,0.0,18.3,310.9
10,21685,Justin Jefferson,MIN,WR,17,0.0,0.0,0.0,2.5,0.0,106.1,1495.7,8.6,0.0,0.0,0.0,0.0,18.0,306.5
11,19790,Baker Mayfield,TB,QB,17,4174.9,32.5,14.4,289.1,2.3,0.0,0.0,0.0,0.0,0.0,0.0,0.0,17.9,304.7
12,23200,Jahmyr Gibbs,DET,RB,17,0.0,0.0,0.0,1196.0,11.4,54.4,481.6,2.7,0.0,0.0,0.0,0.0,17.9,304.2
13,21679,CeeDee Lamb,DAL,WR,17,0.0,0.0,0.0,70.0,0.5,112.0,1399.1,7.1,0.0,0.0,0.0,0.0,17.8,302.5
14,25069,Bo Nix,DEN,QB,17,3847.3,27.8,11.6,402.1,3.6,0.0,0.0,0.0,0.0,0.0,0.0,0.0,17.6,299.9
15,20889,Kyler Murray,ARI,QB,17,3827.5,23.0,11.3,552.0,4.7,0.0,0.0,0.0,0.0,0.0,0.0,0.0,17.6,299.3
16,22492,Justin Fields,NYJ,QB,17,3232.6,19.3,11.0,802.4,6.5,0.0,0.0,0.0,0.0,0.0,0.0,0.0,17.5,297.5
17,23241,Brock Purdy,SF,QB,17,4270.7,26.9,13.0,260.2,3.3,0.0,0.0,0.0,0.0,0.0,0.0,0.0,17.2,292.9
18,24953,Malik Nabers,NYG,WR,17,0.0,0.0,0.0,16.6,0.0,108.1,1353.3,7.6,0.0,0.0,0.0,0.0,17.0,289.7
19,18877,Christian McCaffrey,SF,RB,17,0.0,0.0,0.0,1106.8,8.0,62.0,539.9,3.1,0.0,0.0,0.0,0.0,17.0,289.1
20,24172,Puka Nacua,LAR,WR,17,0.0,0.0,0.0,70.1,0.9,106.1,1376.7,5.4,0.0,0.0,0.0,0.0,16.9,287.6
21,21756,Nico Collins,HOU,WR,17,0.0,0.0,0.0,1.9,0.0,92.4,1333.9,9.6,0.0,0.0,0.0,0.0,16.6,282.8
22,18055,Dak Prescott,DAL,QB,17,4296.7,28.6,12.7,165.5,1.7,0.0,0.0,0.0,0.0,0.0,0.0,0.0,16.6,282.4
23,24927,Caleb Williams,CHI,QB,17,3907.5,24.2,10.5,443.5,2.3,0.0,0.0,0.0,0.0,0.0,0.0,0.0,16.6,281.9
24,21681,Justin Herbert,LAC,QB,17,3902.9,25.8,7.6,278.8,2.2,0.0,0.0,0.0,0.0,0.0,0.0,0.0,16.5,280.2
25,24179,De'Von Achane,MIA,RB,17,0.0,0.0,0.0,921.9,7.2,69.2,523.9,4.0,0.0,0.0,0.0,0.0,16.4,278.4
26,17959,Derrick Henry,BAL,RB,17,0.0,0.0,0.0,1556.6,13.7,16.8,155.8,1.7,0.0,0.0,0.0,0.0,16.3,277.6
27,22587,Amon-Ra St. Brown,DET,WR,17,0.0,0.0,0.0,17.0,0.1,108.2,1225.7,7.6,0.0,0.0,0.0,0.0,16.3,276.9
28,24958,Drake Maye,NE,QB,17,3719.3,24.4,14.2,473.2,3.0,0.0,0.0,0.0,0.0,0.0,0.0,0.0,16.2,275.1
29,25868,Ashton Jeanty,LV,RB,17,0.0,0.0,0.0,1220.4,9.0,50.8,400.9,2.3,0.0,0.0,0.0,0.0,16.2,274.7
30,24933,Brian Thomas Jr.,JAX,WR,17,0.0,0.0,0.0,33.6,0.0,91.6,1303.8,7.7,0.0,0.0,0.0,0.0,15.9,270.5
31,17922,Jared Goff,DET,QB,17,4318.6,29.6,11.8,56.8,0.3,0.0,0.0,0.0,0.0,0.0,0.0,0.0,15.9,270.2
32,21841,Jordan Love,GB,QB,17,3819.7,28.0,11.7,170.1,2.2,0.0,0.0,0.0,0.0,0.0,0.0,0.0,15.7,267.4
33,23151,Drake London,ATL,WR,17,0.0,0.0,0.0,2.3,0.0,94.9,1219.0,8.5,0.0,0.0,0.0,0.0,15.7,267.2
34,20824,Josh Jacobs,GB,RB,17,0.0,0.0,0.0,1227.4,11.2,37.8,314.9,1.8,0.0,0.0,0.0,0.0,15.7,267.0
35,24956,J.J. McCarthy,MIN,QB,17,4011.5,27.5,15.3,246.6,1.6,0.0,0.0,0.0,0.0,0.0,0.0,0.0,15.7,266.7
36,23239,C.J. Stroud,HOU,QB,17,4022.7,24.8,10.4,228.5,1.6,0.0,0.0,0.0,0.0,0.0,0.0,0.0,15.6,264.8
37,22490,Trevor Lawrence,JAX,QB,17,3899.2,22.9,13.3,239.0,4.2,0.0,0.0,0.0,0.0,0.0,0.0,0.0,15.5,263.3
38,21682,Jonathan Taylor,IND,RB,17,0.0,0.0,0.0,1403.9,10.5,29.1,210.1,2.0,0.0,0.0,0.0,0.0,15.4,262.1
39,21042,A.J. Brown,PHI,WR,17,0.0,0.0,0.0,0.0,0.0,85.3,1279.2,8.3,0.0,0.0,0.0,0.0,15.4,261.4
40,24967,Bucky Irving,TB,RB,17,0.0,0.0,0.0,1165.0,8.1,46.6,372.3,2.1,0.0,0.0,0.0,0.0,15.2,258.5
41,21690,Tee Higgins,CIN,WR,17,0.0,0.0,0.0,0.0,0.0,89.0,1124.8,9.3,0.0,0.0,0.0,0.0,15.0,255.7
42,24374,Chase Brown,CIN,RB,17,0.0,0.0,0.0,984.5,7.9,55.6,388.5,2.9,0.0,0.0,0.0,0.0,15.0,254.7
43,23212,Kyren Williams,LAR,RB,17,0.0,0.0,0.0,1214.1,11.7,32.3,202.7,2.3,0.0,0.0,0.0,0.0,14.9,253.2
44,14895,Geno Smith,LV,QB,17,3919.2,22.1,12.5,268.6,1.7,0.0,0.0,0.0,0.0,0.0,0.0,0.0,14.8,252.4
45,21677,Tua Tagovailoa,MIA,QB,17,4183.8,25.7,12.1,84.7,0.6,0.0,0.0,0.0,0.0,0.0,0.0,0.0,14.8,252.0
46,25097,Ladd McConkey,LAC,WR,17,0.0,0.0,0.0,3.4,0.0,89.3,1179.6,7.4,0.0,0.0,0.0,0.0,14.8,251.0
47,24943,Brock Bowers,LV,TE,17,0.0,0.0,0.0,14.3,0.0,103.5,1125.5,5.7,0.0,0.0,0.0,0.0,14.8,250.9
48,18082,Tyreek Hill,MIA,WR,17,0.0,0.0,0.0,42.0,0.1,91.7,1165.5,6.4,0.0,0.0,0.0,0.0,14.7,250.7
49,23132,Bryce Young,CAR,QB,17,3414.7,22.0,12.1,290.8,4.1,0.0,0.0,0.0,0.0,0.0,0.0,0.0,14.6,248.1
50,23251,Trey McBride,ARI,TE,17,0.0,0.0,0.0,0.8,0.0,105.8,1076.4,5.8,0.0,0.0,0.0,0.0,14.6,247.5
51,16470,Davante Adams,LAR,WR,17,0.0,0.0,0.0,0.1,0.0,84.5,1118.1,8.4,0.0,0.0,0.0,0.0,14.5,245.9
52,18878,Alvin Kamara,NO,RB,17,0.0,0.0,0.0,918.6,5.5,64.0,484.5,1.8,0.0,0.0,0.0,0.0,14.4,245.3
53,9038,Matthew Stafford,LAR,QB,17,3911.2,25.7,10.4,49.9,0.4,0.0,0.0,0.0,0.0,0.0,0.0,0.0,14.2,241.2
54,23242,Michael Penix Jr.,ATL,QB,17,3834.0,22.1,14.5,178.8,2.6,0.0,0.0,0.0,0.0,0.0,0.0,0.0,14.2,241.0
55,16597,Mike Evans,TB,WR,17,0.0,0.0,0.0,0.0,0.0,76.7,1050.4,9.8,0.0,0.0,0.0,0.0,14.1,239.7
56,23247,James Cook,BUF,RB,17,0.0,0.0,0.0,1057.4,9.8,33.0,265.7,2.2,0.0,0.0,0.0,0.0,13.8,234.7
57,23157,Jaxon Smith-Njigba,SEA,WR,17,0.0,0.0,0.0,28.6,0.0,91.1,1073.5,5.5,0.0,0.0,0.0,0.0,13.7,233.3
58,19812,Sam Darnold,SEA,QB,17,3710.8,21.7,13.8,196.6,1.9,0.0,0.0,0.0,0.0,0.0,0.0,0.0,13.6,231.9
59,24974,Marvin Harrison Jr.,ARI,WR,17,0.0,0.0,0.0,3.7,0.0,76.6,1078.3,8.0,0.0,0.0,0.0,0.0,13.6,231.0
60,20873,Terry McLaurin,WAS,WR,17,0.0,0.0,0.0,4.6,0.0,78.5,1073.5,7.7,0.0,0.0,0.0,0.0,13.6,230.9
61,25323,Cameron Ward,TEN,QB,17,3534.4,21.2,14.6,277.6,2.1,0.0,0.0,0.0,0.0,0.0,0.0,0.0,13.5,229.9
62,20875,DK Metcalf,PIT,WR,17,0.0,0.0,0.0,1.4,0.0,75.5,1115.3,7.5,0.0,0.0,0.0,0.0,13.5,229.6
63,23122,Garrett Wilson,NYJ,WR,17,0.0,0.0,0.0,14.7,0.0,89.0,1083.9,5.5,0.0,0.0,0.0,0.0,13.5,229.3
64,19844,DJ Moore,CHI,WR,17,0.0,0.0,0.0,57.3,0.1,87.7,1036.9,5.5,0.0,0.0,0.0,0.0,13.5,228.9
65,23214,Kenneth Walker III,SEA,RB,17,0.0,0.0,0.0,993.3,8.4,42.8,299.5,1.4,0.0,0.0,0.0,0.0,13.4,227.9
66,18983,James Conner,ARI,RB,17,0.0,0.0,0.0,971.5,7.9,41.3,328.4,1.9,0.0,0.0,0.0,0.0,13.4,227.5
67,21691,Chuba Hubbard,CAR,RB,17,0.0,0.0,0.0,1092.8,8.2,40.9,233.2,1.4,0.0,0.0,0.0,0.0,13.4,227.1
68,19063,George Kittle,SF,TE,17,0.0,0.0,0.0,0.0,0.0,75.5,1028.4,8.0,0.0,0.0,0.0,0.0,13.3,225.7
69,21687,DeVonta Smith,PHI,WR,17,0.0,0.0,0.0,1.4,0.0,81.9,971.6,7.5,0.0,0.0,0.0,0.0,13.1,223.4
70,25956,Omarion Hampton,LAC,RB,17,0.0,0.0,0.0,1003.7,8.6,36.5,295.0,1.7,0.0,0.0,0.0,0.0,13.1,223.4
71,2593,Aaron Rodgers,PIT,QB,17,3548.1,22.8,9.9,107.6,0.5,0.0,0.0,0.0,0.0,0.0,0.0,0.0,13.0,221.7
72,22526,Breece Hall,NYJ,RB,17,0.0,0.0,0.0,919.2,5.4,46.6,395.0,2.3,0.0,0.0,0.0,0.0,13.0,220.4
73,19800,Courtland Sutton,DEN,WR,17,0.0,0.0,0.0,0.2,0.0,75.8,1008.0,7.4,0.0,0.0,0.0,0.0,12.9,219.4
74,24924,Xavier Worthy,KC,WR,17,0.0,0.0,0.0,99.9,1.6,71.8,880.4,6.3,0.0,0.0,0.0,0.0,12.7,216.4
75,20841,Daniel Jones,IND,QB,17,2678.6,16.7,10.5,416.0,3.8,0.0,0.0,0.0,0.0,0.0,0.0,0.0,12.4,211.1
76,23120,Zay Flowers,BAL,WR,17,0.0,0.0,0.0,51.3,0.1,75.3,1035.2,4.5,0.0,0.0,0.0,0.0,12.4,210.8
77,21692,Jerry Jeudy,CLE,WR,17,0.0,0.0,0.0,5.5,0.0,78.3,1063.7,4.3,0.0,0.0,0.0,0.0,12.4,210.2
78,26054,Tetairoa McMillan,CAR,WR,17,0.0,0.0,0.0,8.5,0.0,74.6,995.2,6.1,0.0,0.0,0.0,0.0,12.3,209.2
79,19802,Calvin Ridley,TEN,WR,17,0.0,0.0,0.0,40.2,0.3,70.2,1042.7,4.8,0.0,0.0,0.0,0.0,12.2,207.5
80,20876,Jakobi Meyers,LV,WR,17,0.0,0.0,0.0,15.3,0.0,81.0,957.2,4.6,0.0,0.0,0.0,0.0,12.1,205.1
81,23153,George Pickens,DAL,WR,17,0.0,0.0,0.0,6.1,0.0,70.6,1032.2,5.3,0.0,0.0,0.0,0.0,12.0,204.6
82,22598,Jaylen Waddle,MIA,WR,17,0.0,0.0,0.0,17.5,0.1,76.5,1009.3,4.2,0.0,0.0,0.0,0.0,12.0,204.2
83,23234,Jameson Williams,DET,WR,17,0.0,0.0,0.0,73.6,0.9,61.3,976.0,5.4,0.0,0.0,0.0,0.0,12.0,203.3
84,23245,TreVeyon Henderson,NE,RB,17,0.0,0.0,0.0,887.4,6.1,39.6,299.5,1.8,0.0,0.0,0.0,0.0,11.8,201.3
85,21684,D'Andre Swift,CHI,RB,17,0.0,0.0,0.0,907.7,5.9,37.4,305.3,1.4,0.0,0.0,0.0,0.0,11.8,199.9
86,20882,David Montgomery,DET,RB,17,0.0,0.0,0.0,806.8,9.2,32.8,269.7,0.9,0.0,0.0,0.0,0.0,11.7,198.8
87,20912,Tony Pollard,TEN,RB,17,0.0,0.0,0.0,954.5,5.6,39.8,265.9,1.0,0.0,0.0,0.0,0.0,11.7,198.8
88,26056,Travis Hunter,JAX,WR,17,0.0,0.0,0.0,28.8,0.1,72.3,942.4,4.7,0.0,0.0,0.0,0.0,11.5,196.0
89,22565,Chris Olave,NO,WR,17,0.0,0.0,0.0,3.2,0.0,75.8,956.8,4.3,0.0,0.0,0.0,0.0,11.5,195.0
90,20932,Deebo Samuel Sr.,WAS,WR,17,0.0,0.0,0.0,146.7,1.5,64.7,813.1,4.5,0.0,0.0,0.0,0.0,11.5,194.9
91,19045,Aaron Jones Sr.,MIN,RB,17,0.0,0.0,0.0,831.7,4.3,43.2,327.8,1.9,0.0,0.0,0.0,0.0,11.3,192.9
92,25944,RJ Harvey,DEN,RB,17,0.0,0.0,0.0,797.9,5.5,39.4,306.7,1.9,0.0,0.0,0.0,0.0,11.2,190.5
93,16906,Stefon Diggs,NE,WR,17,0.0,0.0,0.0,6.7,0.2,77.0,835.0,4.8,0.0,0.0,0.0,0.0,11.2,190.4
94,21717,Jauan Jennings,SF,WR,17,0.0,0.0,0.0,5.4,0.0,68.1,894.4,5.3,0.0,0.0,0.0,0.0,11.1,189.1
95,23227,Khalil Shakir,BUF,WR,17,0.0,0.0,0.0,7.5,0.0,75.8,849.2,4.5,0.0,0.0,0.0,0.0,11.0,187.7
96,25922,Matthew Golden,GB,WR,17,0.0,0.0,0.0,27.8,0.2,62.6,882.6,5.7,0.0,0.0,0.0,0.0,11.0,187.0
97,24120,Rashee Rice,KC,WR,17,0.0,0.0,0.0,4.6,0.0,72.3,824.0,5.4,0.0,0.0,0.0,0.0,11.0,186.8
98,23141,Sam LaPorta,DET,TE,17,0.0,0.0,0.0,0.0,0.0,68.9,766.9,6.9,0.0,0.0,0.0,0.0,11.0,186.4
99,24977,Rome Odunze,CHI,WR,17,0.0,0.0,0.0,10.0,0.0,66.6,934.6,4.4,0.0,0.0,0.0,0.0,10.9,185.9
100,21744,Michael Pittman Jr.,IND,WR,17,0.0,0.0,0.0,2.3,0.0,76.0,855.0,4.0,0.0,0.0,0.0,0.0,10.8,184.1
101,23371,Isiah Pacheco,KC,RB,17,0.0,0.0,0.0,828.3,6.1,35.4,241.2,1.1,0.0,0.0,0.0,0.0,10.8,183.2
102,15048,Travis Kelce,KC,TE,17,0.0,0.0,0.0,0.3,0.0,80.3,759.3,4.7,0.0,0.0,0.0,0.0,10.8,182.9
103,19827,Roquan Smith,BAL,ILB,17,0.0,0.0,0.0,0.0,0.0,0.0,0.0,0.0,1.4,0.9,1.1,0.6,10.7,181.7
104,22005,Jordyn Brooks,MIA,LB,17,0.0,0.0,0.0,0.0,0.0,0.0,0.0,0.0,4.0,0.6,1.2,0.6,10.7,181.6
105,24145,Josh Downs,IND,WR,17,0.0,0.0,0.0,6.6,0.0,73.3,789.4,4.8,0.0,0.0,0.0,0.0,10.6,180.9
106,24982,Ricky Pearsall,SF,WR,17,0.0,0.0,0.0,50.4,0.1,62.1,859.4,4.6,0.0,0.0,0.0,0.0,10.6,180.5
107,20805,T.J. Hockenson,MIN,TE,17,0.0,0.0,0.0,0.0,0.0,74.3,776.0,4.8,0.0,0.0,0.0,0.0,10.6,180.1
108,21985,Kenneth Murray Jr.,DAL,LB,17,0.0,0.0,0.0,0.0,0.0,0.0,0.0,0.0,3.4,0.8,1.1,0.5,10.6,179.8
109,17085,Alex Singleton,DEN,ILB,17,0.0,0.0,0.0,0.0,0.0,0.0,0.0,0.0,1.6,0.8,1.1,0.5,10.6,179.6
110,23479,Jaylen Warren,PIT,RB,17,0.0,0.0,0.0,693.8,3.6,46.9,354.1,1.0,0.0,0.0,0.0,0.0,10.4,176.9
111,18882,Cooper Kupp,SEA,WR,17,0.0,0.0,0.0,8.7,0.0,70.8,780.2,4.6,0.0,0.0,0.0,0.0,10.4,176.5
112,22804,Jamien Sherwood,NYJ,LB,17,0.0,0.0,0.0,0.0,0.0,0.0,0.0,0.0,2.3,0.4,0.9,0.4,10.4,176.2
113,21134,Kaden Elliss,ATL,ILB,17,0.0,0.0,0.0,0.0,0.0,0.0,0.0,0.0,4.5,0.7,1.1,0.5,10.4,176.0
114,18876,David Njoku,CLE,TE,17,0.0,0.0,0.0,0.0,0.0,74.6,721.0,5.0,0.0,0.0,0.0,0.0,10.3,175.1
115,26092,Emeka Egbuka,TB,WR,17,0.0,0.0,0.0,12.1,0.0,64.3,825.8,4.9,0.0,0.0,0.0,0.0,10.3,175.1
116,25092,Tyrone Tracy Jr.,NYG,RB,17,0.0,0.0,0.0,787.2,4.7,35.9,275.7,1.2,0.0,0.0,0.0,0.0,10.2,174.2
117,23233,Jayden Reed,GB,WR,17,0.0,0.0,0.0,108.0,0.8,55.8,749.5,4.9,0.0,0.0,0.0,0.0,10.2,174.2
118,23162,Jordan Addison,MIN,WR,17,0.0,0.0,0.0,7.4,0.2,59.7,792.5,5.5,0.0,0.0,0.0,0.0,10.2,173.3
119,20024,Zaire Franklin,IND,LB,17,0.0,0.0,0.0,0.0,0.0,0.0,0.0,0.0,1.7,0.7,1.2,0.6,10.2,172.9
120,18880,Chris Godwin,TB,WR,17,0.0,0.0,0.0,6.7,0.0,67.6,783.2,4.5,0.0,0.0,0.0,0.0,10.2,172.8
121,26040,Kaleb Johnson,PIT,RB,17,0.0,0.0,0.0,883.4,7.2,20.3,155.4,1.1,0.0,0.0,0.0,0.0,10.0,169.6
122,24964,Keon Coleman,BUF,WR,17,0.0,0.0,0.0,5.6,0.0,50.1,809.0,6.2,0.0,0.0,0.0,0.0,9.9,168.2
123,23729,Rashid Shaheed,NO,WR,17,0.0,0.0,0.0,48.4,0.1,55.2,848.3,4.2,0.0,0.0,0.0,0.0,9.9,168.1
124,21961,Darnell Mooney,ATL,WR,17,0.0,0.0,0.0,1.5,0.0,57.4,833.7,4.6,0.0,0.0,0.0,0.0,9.9,167.9
125,20646,Robert Spillane,NE,LB,17,0.0,0.0,0.0,0.0,0.0,0.0,0.0,0.0,2.6,1.5,0.9,0.4,9.8,167.2
126,13810,Demario Davis,NO,LB,17,0.0,0.0,0.0,0.0,0.0,0.0,0.0,0.0,4.1,0.7,0.9,0.4,9.8,167.2
127,21907,Zack Baun,PHI,LB,17,0.0,0.0,0.0,0.0,0.0,0.0,0.0,0.0,3.6,1.2,0.9,0.5,9.8,166.9
128,22003,Logan Wilson,CIN,LB,17,0.0,0.0,0.0,0.0,0.0,0.0,0.0,0.0,1.1,1.0,1.0,0.5,9.7,165.0
129,19803,Mark Andrews,BAL,TE,17,0.0,0.0,0.0,5.6,0.0,57.6,691.1,6.5,0.0,0.0,0.0,0.0,9.7,164.9
130,23187,Tyler Shough,NO,QB,17,2695.2,14.8,11.3,184.7,1.2,0.0,0.0,0.0,0.0,0.0,0.0,0.0,9.7,164.3
131,22865,Ernest Jones IV,SEA,LB,17,0.0,0.0,0.0,0.0,0.0,0.0,0.0,0.0,2.4,0.5,1.0,0.5,9.6,162.8
132,14536,Russell Wilson,NYG,QB,17,2505.6,13.4,7.0,161.9,1.9,0.0,0.0,0.0,0.0,0.0,0.0,0.0,9.5,162.2
133,21118,Blake Cashman,MIN,LB,17,0.0,0.0,0.0,0.0,0.0,0.0,0.0,0.0,3.5,0.7,1.1,0.5,9.5,160.7
134,24262,Daiyan Henley,LAC,LB,17,0.0,0.0,0.0,0.0,0.0,0.0,0.0,0.0,1.1,0.3,0.9,0.5,9.4,159.4
135,14375,Lavonte David,TB,LB,17,0.0,0.0,0.0,0.0,0.0,0.0,0.0,0.0,4.2,0.7,1.2,0.6,9.3,158.1
136,23447,Terrel Bernard,BUF,LB,17,0.0,0.0,0.0,0.0,0.0,0.0,0.0,0.0,3.7,1.8,1.1,0.6,9.3,157.6
137,18912,Evan Engram,DEN,TE,17,0.0,0.0,0.0,0.9,0.0,74.2,634.7,3.5,0.0,0.0,0.0,0.0,9.2,157.2
138,19933,Josey Jewell,CAR,ILB,17,0.0,0.0,0.0,0.0,0.0,0.0,0.0,0.0,3.3,0.8,0.8,0.4,9.2,156.3
139,24118,Tucker Kraft,GB,TE,17,0.0,0.0,0.0,0.2,0.0,56.1,667.5,5.7,0.0,0.0,0.0,0.0,9.2,155.7
140,14534,Bobby Wagner,WAS,ILB,17,0.0,0.0,0.0,0.0,0.0,0.0,0.0,0.0,2.3,0.3,0.9,0.5,9.1,155.3
141,15534,Adam Thielen,CAR,WR,17,0.0,0.0,0.0,1.7,0.0,60.9,664.4,4.7,0.0,0.0,0.0,0.0,9.1,154.9
142,23138,Jake Ferguson,DAL,TE,17,0.0,0.0,0.0,0.0,0.0,67.8,634.2,4.3,0.0,0.0,0.0,0.0,9.1,154.6
143,19891,Fred Warner,SF,LB,17,0.0,0.0,0.0,0.0,0.0,0.0,0.0,0.0,2.4,2.0,1.0,0.5,9.1,154.3
144,18807,Myles Garrett,CLE,DE,17,0.0,0.0,0.0,0.0,0.0,0.0,0.0,0.0,13.9,0.3,0.9,0.4,9.1,154.0
145,15076,Keenan Allen,LAC,WR,17,0.0,0.0,0.0,1.9,0.0,57.5,658.6,5.2,0.0,0.0,0.0,0.0,9.1,153.9
146,25874,Tyler Warren,IND,TE,17,0.0,0.0,0.0,20.3,0.0,62.3,666.9,4.2,0.0,0.0,0.0,0.0,9.0,153.8
147,21674,J.K. Dobbins,DEN,RB,17,0.0,0.0,0.0,640.6,5.0,31.8,202.3,1.3,0.0,0.0,0.0,0.0,8.9,151.7
148,23170,Wan'Dale Robinson,NYG,WR,17,0.0,0.0,0.0,18.7,0.0,71.2,637.2,2.6,0.0,0.0,0.0,0.0,8.9,151.6
149,24348,Cedric Tillman,CLE,WR,17,0.0,0.0,0.0,2.5,0.0,56.9,714.1,4.2,0.0,0.0,0.0,0.0,8.9,151.6
150,18927,Budda Baker,ARI,S,17,0.0,0.0,0.0,0.0,0.0,0.0,0.0,0.0,1.3,0.4,1.0,0.5,8.9,151.5
151,21045,Marquise Brown,KC,WR,17,0.0,0.0,0.0,1.9,0.0,56.1,674.8,4.6,0.0,0.0,0.0,0.0,8.9,151.0
152,20915,Germaine Pratt,LV,LB,17,0.0,0.0,0.0,0.0,0.0,0.0,0.0,0.0,1.2,1.6,1.0,0.5,8.9,150.9
153,18916,T.J. Watt,PIT,LB,17,0.0,0.0,0.0,0.0,0.0,0.0,0.0,0.0,13.2,0.6,1.0,0.5,8.9,150.9
154,19815,Christian Kirk,HOU,WR,17,0.0,0.0,0.0,9.3,0.0,55.9,720.4,3.9,0.0,0.0,0.0,0.0,8.9,150.9
155,19562,Austin Ekeler,WAS,RB,17,0.0,0.0,0.0,416.8,3.9,42.8,361.1,1.4,0.0,0.0,0.0,0.0,8.9,150.6
156,19863,Dallas Goedert,PHI,TE,17,0.0,0.0,0.0,2.5,0.0,61.3,691.7,3.4,0.0,0.0,0.0,0.0,8.9,150.5
157,18858,Joe Mixon,HOU,RB,17,0.0,0.0,0.0,631.5,5.7,26.8,208.3,1.1,0.0,0.0,0.0,0.0,8.8,150.2
158,22695,Micah Parsons,DAL,DE,17,0.0,0.0,0.0,0.0,0.0,0.0,0.0,0.0,11.8,0.3,0.9,0.5,8.8,149.8
159,23165,Marvin Mims Jr.,DEN,WR,17,0.0,0.0,0.0,58.5,0.3,50.0,647.6,4.6,0.0,0.0,0.0,0.0,8.8,149.2
160,21696,Travis Etienne Jr.,JAX,RB,17,0.0,0.0,0.0,556.9,3.5,39.2,286.6,1.1,0.0,0.0,0.0,0.0,8.8,149.2
161,26094,Jayden Higgins,HOU,WR,17,0.0,0.0,0.0,7.2,0.0,53.8,705.0,4.1,0.0,0.0,0.0,0.0,8.7,148.4
162,23257,Aidan Hutchinson,DET,DE,17,0.0,0.0,0.0,0.0,0.0,0.0,0.0,0.0,11.3,0.7,0.7,0.4,8.7,147.8
163,24102,Dalton Kincaid,BUF,TE,17,0.0,0.0,0.0,0.0,0.0,61.3,641.7,3.8,0.0,0.0,0.0,0.0,8.7,147.7
164,21218,Tyrel Dodson,MIA,LB,17,0.0,0.0,0.0,0.0,0.0,0.0,0.0,0.0,2.2,1.0,1.1,0.5,8.7,147.2
165,20749,T.J. Edwards,CHI,LB,17,0.0,0.0,0.0,0.0,0.0,0.0,0.0,0.0,2.7,1.3,1.0,0.5,8.6,146.9
166,20411,Frankie Luvu,WAS,LB,17,0.0,0.0,0.0,0.0,0.0,0.0,0.0,0.0,5.9,0.6,0.9,0.5,8.6,146.6
167,22623,Rashod Bateman,BAL,WR,17,0.0,0.0,0.0,0.7,0.0,43.9,676.7,5.8,0.0,0.0,0.0,0.0,8.6,146.2
168,21015,Maxx Crosby,LV,DE,17,0.0,0.0,0.0,0.0,0.0,0.0,0.0,0.0,10.9,0.3,1.1,0.5,8.6,145.8
169,23305,Nick Cross,IND,S,17,0.0,0.0,0.0,0.0,0.0,0.0,0.0,0.0,0.7,1.9,1.2,0.6,8.5,144.4
170,18981,Trey Hendrickson,CIN,DE,17,0.0,0.0,0.0,0.0,0.0,0.0,0.0,0.0,14.2,0.2,0.7,0.4,8.5,143.8
171,22334,Christian Rozeboom,CAR,ILB,17,0.0,0.0,0.0,0.0,0.0,0.0,0.0,0.0,0.7,1.2,0.7,0.3,8.4,143.6
172,21879,Jonathan Greenard,MIN,OLB,17,0.0,0.0,0.0,0.0,0.0,0.0,0.0,0.0,11.2,0.3,0.9,0.5,8.4,143.4
173,20897,Bobby Okereke,NYG,ILB,17,0.0,0.0,0.0,0.0,0.0,0.0,0.0,0.0,2.1,0.9,0.9,0.5,8.4,143.3
174,25946,Quinshon Judkins,CLE,RB,17,0.0,0.0,0.0,710.1,4.8,22.5,170.6,1.1,0.0,0.0,0.0,0.0,8.4,143.0
175,20007,Foyesade Oluokun,JAX,LB,17,0.0,0.0,0.0,0.0,0.0,0.0,0.0,0.0,1.9,1.0,0.8,0.4,8.4,142.9
176,21982,Patrick Queen,PIT,ILB,17,0.0,0.0,0.0,0.0,0.0,0.0,0.0,0.0,1.7,0.6,1.1,0.6,8.4,142.6
177,23444,Quay Walker,GB,LB,17,0.0,0.0,0.0,0.0,0.0,0.0,0.0,0.0,2.3,0.6,0.9,0.5,8.3,141.8
178,14856,Zach Ertz,WAS,TE,17,0.0,0.0,0.0,0.0,0.0,56.9,543.6,5.1,0.0,0.0,0.0,0.0,8.3,141.7
179,23364,Jordan Mason,MIN,RB,17,0.0,0.0,0.0,786.9,5.3,15.9,120.5,0.8,0.0,0.0,0.0,0.0,8.3,141.2
180,22714,Nick Bolton,KC,LB,17,0.0,0.0,0.0,0.0,0.0,0.0,0.0,0.0,1.8,1.1,1.0,0.5,8.3,140.5
181,23167,Romeo Doubs,GB,WR,17,0.0,0.0,0.0,0.5,0.0,49.7,625.8,4.6,0.0,0.0,0.0,0.0,8.2,139.3
182,24113,Jack Campbell,DET,LB,17,0.0,0.0,0.0,0.0,0.0,0.0,0.0,0.0,1.8,0.1,0.8,0.4,8.2,139.1
183,23173,Zach Charbonnet,SEA,RB,17,0.0,0.0,0.0,505.9,4.3,33.5,257.5,0.9,0.0,0.0,0.0,0.0,8.2,139.0
184,23263,Kyle Hamilton,BAL,S,17,0.0,0.0,0.0,0.0,0.0,0.0,0.0,0.0,2.2,2.1,1.1,0.6,8.1,138.4
185,22546,Rhamondre Stevenson,NE,RB,17,0.0,0.0,0.0,623.2,4.8,26.8,170.6,1.1,0.0,0.0,0.0,0.0,8.1,138.4
186,20713,Nick Bosa,SF,DL,17,0.0,0.0,0.0,0.0,0.0,0.0,0.0,0.0,12.3,0.6,0.8,0.4,8.1,138.3
187,20971,Andrew Van Ginkel,MIN,OLB,17,0.0,0.0,0.0,0.0,0.0,0.0,0.0,0.0,7.7,1.2,0.9,0.5,8.1,138.2
188,17975,Hunter Henry,NE,TE,17,0.0,0.0,0.0,0.0,0.0,56.7,596.6,3.7,0.0,0.0,0.0,0.0,8.1,138.0
189,21940,Antoine Winfield Jr.,TB,S,17,0.0,0.0,0.0,0.0,0.0,0.0,0.0,0.0,3.3,1.9,1.1,0.6,8.0,136.4
190,24123,Tyjae Spears,TEN,RB,17,0.0,0.0,0.0,461.6,3.9,35.7,270.9,1.0,0.0,0.0,0.0,0.0,8.0,136.3
191,21109,Quincy Williams,NYJ,LB,17,0.0,0.0,0.0,0.0,0.0,0.0,0.0,0.0,2.4,0.6,0.9,0.5,8.0,136.1
192,24902,Brandon Aubrey,DAL,K,17,0.0,0.0,0.0,0.0,0.0,0.0,0.0,0.0,0.0,0.0,0.0,0.0,8.0,136.0
193,25869,Colston Loveland,CHI,TE,17,0.0,0.0,0.0,0.0,0.0,55.0,587.3,3.9,0.0,0.0,0.0,0.0,8.0,135.7
194,24186,Brian Branch,DET,DB,17,0.0,0.0,0.0,0.0,0.0,0.0,0.0,0.0,1.1,2.5,0.8,0.4,7.9,134.8
195,24474,Kobie Turner,LAR,DE,17,0.0,0.0,0.0,0.0,0.0,0.0,0.0,0.0,10.6,0.2,0.8,0.4,7.9,134.7
196,24112,Henry To'oTo'o,HOU,LB,17,0.0,0.0,0.0,0.0,0.0,0.0,0.0,0.0,1.3,0.5,0.9,0.4,7.9,134.7
197,22508,Kyle Pitts Sr.,ATL,TE,17,0.0,0.0,0.0,0.0,0.0,48.0,621.4,4.0,0.0,0.0,0.0,0.0,7.9,133.9
198,19862,Harold Landry III,NE,LB,17,0.0,0.0,0.0,0.0,0.0,0.0,0.0,0.0,9.4,0.1,0.8,0.4,7.9,133.7
199,21490,Azeez Al-Shaair,HOU,LB,17,0.0,0.0,0.0,0.0,0.0,0.0,0.0,0.0,1.8,0.2,0.8,0.4,7.9,133.5
200,23489,Chig Okonkwo,TEN,TE,17,0.0,0.0,0.0,1.8,0.0,56.9,565.5,3.5,0.0,0.0,0.0,0.0,7.8,133.2
201,22558,Javonte Williams,DAL,RB,17,0.0,0.0,0.0,529.9,3.9,31.7,210.3,0.9,0.0,0.0,0.0,0.0,7.8,132.7
202,21918,Grant Delpit,CLE,S,17,0.0,0.0,0.0,0.0,0.0,0.0,0.0,0.0,1.4,0.8,1.1,0.6,7.8,131.8
203,23416,Jaquan Brisker,CHI,S,17,0.0,0.0,0.0,0.0,0.0,0.0,0.0,0.0,1.4,1.3,1.0,0.5,7.7,131.6
204,20769,Matt Gay,WAS,K,17,0.0,0.0,0.0,0.0,0.0,0.0,0.0,0.0,0.0,0.0,0.0,0.0,7.7,131.2
205,19837,Derwin James Jr.,LAC,S,17,0.0,0.0,0.0,0.0,0.0,0.0,0.0,0.0,4.1,1.1,1.0,0.5,7.7,131.1
206,24276,Will McDonald IV,NYJ,DE,17,0.0,0.0,0.0,0.0,0.0,0.0,0.0,0.0,12.6,0.5,0.6,0.3,7.7,130.9
207,24180,DeMario Douglas,NE,WR,17,0.0,0.0,0.0,20.9,0.0,54.7,583.1,2.7,0.0,0.0,0.0,0.0,7.7,130.9
208,25003,Xavier Legette,CAR,WR,17,0.0,0.0,0.0,30.7,0.1,50.7,575.1,3.2,0.0,0.0,0.0,0.0,7.7,130.5
209,23541,Micah McFadden,NYG,ILB,17,0.0,0.0,0.0,0.0,0.0,0.0,0.0,0.0,2.5,0.5,0.7,0.4,7.7,130.2
210,24530,Jake Bates,DET,K,17,0.0,0.0,0.0,0.0,0.0,0.0,0.0,0.0,0.0,0.0,0.0,0.0,7.7,130.1
211,19073,Harrison Butker,KC,K,17,0.0,0.0,0.0,0.0,0.0,0.0,0.0,0.0,0.0,0.0,0.0,0.0,7.6,130.0
212,23567,Cameron Dicker,LAC,K,17,0.0,0.0,0.0,0.0,0.0,0.0,0.0,0.0,0.0,0.0,0.0,0.0,7.6,130.0
213,21542,Chase McLaughlin,TB,K,17,0.0,0.0,0.0,0.0,0.0,0.0,0.0,0.0,0.0,0.0,0.0,0.0,7.6,129.9
214,22108,Tyler Bass,BUF,K,17,0.0,0.0,0.0,0.0,0.0,0.0,0.0,0.0,0.0,0.0,0.0,0.0,7.6,129.9
215,19041,Jake Elliott,PHI,K,17,0.0,0.0,0.0,0.0,0.0,0.0,0.0,0.0,0.0,0.0,0.0,0.0,7.6,129.8
216,25246,Tyrice Knight,SEA,LB,17,0.0,0.0,0.0,0.0,0.0,0.0,0.0,0.0,1.5,0.4,0.8,0.4,7.6,129.8
217,24265,Ivan Pace Jr.,MIN,LB,17,0.0,0.0,0.0,0.0,0.0,0.0,0.0,0.0,2.6,0.6,0.7,0.4,7.6,129.4
218,23134,Cade Otton,TB,TE,17,0.0,0.0,0.0,0.0,0.0,53.2,545.0,3.7,0.0,0.0,0.0,0.0,7.6,128.7
219,22613,Joshua Palmer,BUF,WR,17,0.0,0.0,0.0,0.5,0.0,44.5,606.7,3.9,0.0,0.0,0.0,0.0,7.6,128.4
220,24223,Brenton Strange,JAX,TE,17,0.0,0.0,0.0,0.0,0.0,54.4,536.2,3.6,0.0,0.0,0.0,0.0,7.6,128.4
221,22908,Evan McPherson,CIN,K,17,0.0,0.0,0.0,0.0,0.0,0.0,0.0,0.0,0.0,0.0,0.0,0.0,7.5,128.0
222,20051,Zach Sieler,MIA,DT,17,0.0,0.0,0.0,0.0,0.0,0.0,0.0,0.0,8.6,0.9,0.9,0.5,7.5,127.9
223,18990,Jonnu Smith,PIT,TE,17,0.0,0.0,0.0,3.5,0.1,52.4,542.5,3.6,0.0,0.0,0.0,0.0,7.5,127.6
224,21897,Alex Highsmith,PIT,LB,17,0.0,0.0,0.0,0.0,0.0,0.0,0.0,0.0,8.0,1.1,0.9,0.4,7.5,127.5
225,24173,Michael Wilson,ARI,WR,17,0.0,0.0,0.0,5.5,0.0,46.4,547.6,4.5,0.0,0.0,0.0,0.0,7.5,127.5
226,20940,Jeffery Simmons,TEN,DT,17,0.0,0.0,0.0,0.0,0.0,0.0,0.0,0.0,7.1,0.3,0.8,0.4,7.5,127.0
227,26109,Tyler Loop,BAL,K,17,0.0,0.0,0.0,0.0,0.0,0.0,0.0,0.0,0.0,0.0,0.0,0.0,7.4,126.6
228,18215,Ka'imi Fairbairn,HOU,K,17,0.0,0.0,0.0,0.0,0.0,0.0,0.0,0.0,0.0,0.0,0.0,0.0,7.4,126.5
229,14996,Brandon McManus,GB,K,17,0.0,0.0,0.0,0.0,0.0,0.0,0.0,0.0,0.0,0.0,0.0,0.0,7.4,126.0
230,20033,Jason Sanders,MIA,K,17,0.0,0.0,0.0,0.0,0.0,0.0,0.0,0.0,0.0,0.0,0.0,0.0,7.4,126.0
231,20968,Drue Tranquill,KC,LB,17,0.0,0.0,0.0,0.0,0.0,0.0,0.0,0.0,3.5,0.2,0.8,0.4,7.4,125.9
232,25113,Will Reichard,MIN,K,17,0.0,0.0,0.0,0.0,0.0,0.0,0.0,0.0,0.0,0.0,0.0,0.0,7.4,125.4
233,25887,Cam Skattebo,NYG,RB,17,0.0,0.0,0.0,543.3,3.8,26.0,195.9,0.9,0.0,0.0,0.0,0.0,7.4,125.1
234,19565,Younghoe Koo,ATL,K,17,0.0,0.0,0.0,0.0,0.0,0.0,0.0,0.0,0.0,0.0,0.0,0.0,7.3,124.7
235,23193,Tank Bigsby,JAX,RB,17,0.0,0.0,0.0,688.3,5.8,12.4,91.2,0.3,0.0,0.0,0.0,0.0,7.3,124.5
236,19853,Mike Gesicki,CIN,TE,17,0.0,0.0,0.0,0.0,0.0,52.4,526.2,3.4,0.0,0.0,0.0,0.0,7.3,124.2
237,23217,Rachaad White,TB,RB,17,0.0,0.0,0.0,443.9,2.6,32.0,235.3,1.9,0.0,0.0,0.0,0.0,7.3,124.1
238,16191,Chris Boswell,PIT,K,17,0.0,0.0,0.0,0.0,0.0,0.0,0.0,0.0,0.0,0.0,0.0,0.0,7.3,124.1
239,18478,Wil Lutz,DEN,K,17,0.0,0.0,0.0,0.0,0.0,0.0,0.0,0.0,0.0,0.0,0.0,0.0,7.3,124.1
240,21747,Brandon Aiyuk,SF,WR,17,0.0,0.0,0.0,0.8,0.0,42.1,614.2,3.4,0.0,0.0,0.0,0.0,7.3,123.4
241,16964,Darren Waller,MIA,TE,17,0.0,0.0,0.0,0.0,0.0,50.7,544.5,3.0,0.0,0.0,0.0,0.0,7.2,123.0
242,21909,D.J. Wonnum,CAR,OLB,17,0.0,0.0,0.0,0.0,0.0,0.0,0.0,0.0,8.0,0.3,0.7,0.3,7.2,122.5
243,19920,Dalton Schultz,HOU,TE,17,0.0,0.0,0.0,0.0,0.0,50.4,520.1,3.4,0.0,0.0,0.0,0.0,7.2,122.2
244,25121,Joshua Karty,LAR,K,17,0.0,0.0,0.0,0.0,0.0,0.0,0.0,0.0,0.0,0.0,0.0,0.0,7.2,121.9
245,20737,Josh Hines-Allen,JAX,DE,17,0.0,0.0,0.0,0.0,0.0,0.0,0.0,0.0,11.4,0.6,0.7,0.4,7.1,121.4
246,24436,Chad Ryland,ARI,K,17,0.0,0.0,0.0,0.0,0.0,0.0,0.0,0.0,0.0,0.0,0.0,0.0,7.1,121.2
247,24423,Jake Moody,SF,K,17,0.0,0.0,0.0,0.0,0.0,0.0,0.0,0.0,0.0,0.0,0.0,0.0,7.1,121.2
248,25021,Edgerrin Cooper,GB,LB,17,0.0,0.0,0.0,0.0,0.0,0.0,0.0,0.0,4.7,0.9,0.6,0.3,7.1,121.2
249,17994,Kevin Byard III,CHI,S,17,0.0,0.0,0.0,0.0,0.0,0.0,0.0,0.0,0.4,0.8,1.0,0.5,7.1,121.2
250,23437,Devin Lloyd,JAX,LB,17,0.0,0.0,0.0,0.0,0.0,0.0,0.0,0.0,0.9,0.6,0.8,0.4,7.1,121.1
251,19836,Tremaine Edmunds,CHI,LB,17,0.0,0.0,0.0,0.0,0.0,0.0,0.0,0.0,0.6,1.6,1.0,0.5,7.1,120.6
252,19989,Daniel Carlson,LV,K,17,0.0,0.0,0.0,0.0,0.0,0.0,0.0,0.0,0.0,0.0,0.0,0.0,7.1,120.3
253,17933,DeForest Buckner,IND,DT,17,0.0,0.0,0.0,0.0,0.0,0.0,0.0,0.0,6.4,0.2,0.9,0.4,7.1,119.9
254,26044,Luther Burden III,CHI,WR,17,0.0,0.0,0.0,28.7,0.3,46.2,543.6,2.8,0.0,0.0,0.0,0.0,7.0,119.8
255,21921,Jeremy Chinn,LV,S,17,0.0,0.0,0.0,0.0,0.0,0.0,0.0,0.0,1.5,1.0,1.0,0.5,7.0,119.3
256,21025,Cody Barton,TEN,ILB,17,0.0,0.0,0.0,0.0,0.0,0.0,0.0,0.0,1.0,1.3,0.9,0.4,7.0,119.3
257,22507,Pat Freiermuth,PIT,TE,17,0.0,0.0,0.0,0.0,0.0,49.5,480.0,3.9,0.0,0.0,0.0,0.0,7.0,119.3
258,23316,Travon Walker,JAX,DE,17,0.0,0.0,0.0,0.0,0.0,0.0,0.0,0.0,8.9,0.2,0.7,0.4,7.0,119.2
259,16849,Danielle Hunter,HOU,DE,17,0.0,0.0,0.0,0.0,0.0,0.0,0.0,0.0,9.4,0.2,0.7,0.4,7.0,118.7
260,21738,Juwan Johnson,NO,TE,17,0.0,0.0,0.0,0.0,0.0,47.4,503.4,3.5,0.0,0.0,0.0,0.0,7.0,118.3
261,18331,Chris Jones,KC,DT,17,0.0,0.0,0.0,0.0,0.0,0.0,0.0,0.0,8.4,0.4,0.9,0.4,6.9,118.0
262,25925,Tre' Harris,LAC,WR,17,0.0,0.0,0.0,3.7,0.0,41.5,558.8,3.6,0.0,0.0,0.0,0.0,6.9,118.0
263,23256,Isaiah Likely,BAL,TE,17,0.0,0.0,0.0,0.0,0.0,41.3,488.5,4.8,0.0,0.0,0.0,0.0,6.9,117.5
264,23559,Quentin Lake,LAR,S,17,0.0,0.0,0.0,0.0,0.0,0.0,0.0,0.0,1.6,0.4,1.1,0.5,6.9,117.4
265,21927,Brandon Jones,DEN,S,17,0.0,0.0,0.0,0.0,0.0,0.0,0.0,0.0,0.1,2.4,1.0,0.5,6.9,117.3
266,22767,Divine Deablo,ATL,LB,17,0.0,0.0,0.0,0.0,0.0,0.0,0.0,0.0,1.5,0.3,0.8,0.4,6.9,117.2
267,24960,Cam Little,JAX,K,17,0.0,0.0,0.0,0.0,0.0,0.0,0.0,0.0,0.0,0.0,0.0,0.0,6.9,117.1
268,19960,DeShon Elliott,PIT,S,17,0.0,0.0,0.0,0.0,0.0,0.0,0.0,0.0,0.1,0.7,1.0,0.5,6.9,117.1
269,23205,Jerome Ford,CLE,RB,17,0.0,0.0,0.0,466.7,2.7,29.9,205.2,0.9,0.0,0.0,0.0,0.0,6.9,116.9
270,19866,Justin Reid,NO,S,17,0.0,0.0,0.0,0.0,0.0,0.0,0.0,0.0,1.5,1.7,0.9,0.4,6.9,116.6
271,16830,Tyler Lockett,TEN,WR,17,0.0,0.0,0.0,0.0,0.0,45.7,525.9,3.1,0.0,0.0,0.0,0.0,6.9,116.5
272,24087,Will Anderson Jr.,HOU,DE,17,0.0,0.0,0.0,0.0,0.0,0.0,0.0,0.0,9.1,0.2,0.7,0.3,6.8,116.2
273,26038,Jaydon Blue,DAL,RB,17,0.0,0.0,0.0,508.2,2.9,25.3,192.6,1.0,0.0,0.0,0.0,0.0,6.8,116.2
274,23190,Brian Robinson Jr.,WAS,RB,17,0.0,0.0,0.0,565.0,4.9,15.6,116.8,0.8,0.0,0.0,0.0,0.0,6.8,116.0
275,19873,Jessie Bates III,ATL,S,17,0.0,0.0,0.0,0.0,0.0,0.0,0.0,0.0,0.5,4.1,1.1,0.5,6.8,116.0
276,20994,Mack Wilson Sr.,ARI,ILB,17,0.0,0.0,0.0,0.0,0.0,0.0,0.0,0.0,4.6,0.8,0.8,0.4,6.8,115.9
277,22688,Tre'von Moehrig,CAR,S,17,0.0,0.0,0.0,0.0,0.0,0.0,0.0,0.0,1.5,2.0,0.9,0.4,6.8,115.8
278,17215,Jason Myers,SEA,K,17,0.0,0.0,0.0,0.0,0.0,0.0,0.0,0.0,0.0,0.0,0.0,0.0,6.8,115.6
279,22753,Pete Werner,NO,LB,17,0.0,0.0,0.0,0.0,0.0,0.0,0.0,0.0,0.6,0.6,0.7,0.4,6.8,115.5
280,18964,Alex Anzalone,DET,LB,17,0.0,0.0,0.0,0.0,0.0,0.0,0.0,0.0,2.5,0.2,0.8,0.4,6.8,115.5
281,21768,Najee Harris,LAC,RB,17,0.0,0.0,0.0,512.3,4.4,20.5,151.3,0.6,0.0,0.0,0.0,0.0,6.8,115.1
282,21635,Jalen Thompson,ARI,S,17,0.0,0.0,0.0,0.0,0.0,0.0,0.0,0.0,0.6,2.3,1.0,0.5,6.8,114.9
283,20864,Julian Love,SEA,FS,17,0.0,0.0,0.0,0.0,0.0,0.0,0.0,0.0,0.1,2.3,1.0,0.5,6.8,114.8
284,25542,Omar Speights,LAR,ILB,17,0.0,0.0,0.0,0.0,0.0,0.0,0.0,0.0,0.3,0.4,0.7,0.3,6.7,114.6
285,21123,Donovan Wilson,DAL,S,17,0.0,0.0,0.0,0.0,0.0,0.0,0.0,0.0,1.7,0.9,1.1,0.5,6.7,114.4
286,19084,Xavier Woods,TEN,S,17,0.0,0.0,0.0,0.0,0.0,0.0,0.0,0.0,0.1,2.2,0.9,0.5,6.7,114.4
287,21900,Nnamdi Madubuike,BAL,DT,17,0.0,0.0,0.0,0.0,0.0,0.0,0.0,0.0,9.0,0.3,0.9,0.4,6.7,114.4
288,23539,Nate Landman,LAR,ILB,17,0.0,0.0,0.0,0.0,0.0,0.0,0.0,0.0,1.3,0.5,0.7,0.4,6.7,114.4
289,24292,Trey Benson,ARI,RB,17,0.0,0.0,0.0,610.5,3.8,16.3,123.7,0.6,0.0,0.0,0.0,0.0,6.7,114.1
290,12902,Cameron Heyward,PIT,DT,17,0.0,0.0,0.0,0.0,0.0,0.0,0.0,0.0,6.5,0.3,0.8,0.4,6.7,113.9
291,25403,Spencer Shrader,IND,K,17,0.0,0.0,0.0,0.0,0.0,0.0,0.0,0.0,0.0,0.0,0.0,0.0,6.7,113.9
292,17935,Leonard Floyd,ATL,DE,17,0.0,0.0,0.0,0.0,0.0,0.0,0.0,0.0,10.9,0.2,0.6,0.3,6.7,113.9
293,21929,Joshua Metellus,MIN,S,17,0.0,0.0,0.0,0.0,0.0,0.0,0.0,0.0,1.0,1.1,1.0,0.5,6.7,113.7
294,16764,Dante Fowler Jr.,DAL,DE,17,0.0,0.0,0.0,0.0,0.0,0.0,0.0,0.0,9.1,0.6,0.7,0.3,6.7,113.4
295,611,Joe Flacco,CLE,QB,17,2189.8,11.7,10.3,32.1,0.3,0.0,0.0,0.0,0.0,0.0,0.0,0.0,6.7,113.4
296,16301,Cairo Santos,CHI,K,17,0.0,0.0,0.0,0.0,0.0,0.0,0.0,0.0,0.0,0.0,0.0,0.0,6.7,113.3
297,24506,Blake Grupe,NO,K,17,0.0,0.0,0.0,0.0,0.0,0.0,0.0,0.0,0.0,0.0,0.0,0.0,6.6,113.0
298,16323,Khalil Mack,LAC,OLB,17,0.0,0.0,0.0,0.0,0.0,0.0,0.0,0.0,9.9,0.2,0.6,0.3,6.6,112.7
299,23142,Theo Johnson,NYG,TE,17,0.0,0.0,0.0,0.0,0.0,45.1,510.6,2.8,0.0,0.0,0.0,0.0,6.6,112.6
300,24261,Dorian Williams,BUF,LB,17,0.0,0.0,0.0,0.0,0.0,0.0,0.0,0.0,0.8,0.3,0.8,0.4,6.6,112.5
301,14461,Harrison Smith,MIN,S,17,0.0,0.0,0.0,0.0,0.0,0.0,0.0,0.0,1.6,0.9,1.1,0.5,6.6,112.4
302,22566,Calvin Austin III,PIT,WR,17,0.0,0.0,0.0,8.9,0.0,37.7,518.5,3.8,0.0,0.0,0.0,0.0,6.6,112.2
303,21052,Brian Burns,NYG,OLB,17,0.0,0.0,0.0,0.0,0.0,0.0,0.0,0.0,7.4,0.2,0.7,0.4,6.6,112.1
304,24929,Trevin Wallace,CAR,LB,17,0.0,0.0,0.0,0.0,0.0,0.0,0.0,0.0,1.4,0.4,0.6,0.3,6.6,112.1
305,20738,Zach Allen,DEN,DE,17,0.0,0.0,0.0,0.0,0.0,0.0,0.0,0.0,6.8,0.3,0.9,0.5,6.6,111.8
306,23431,Alontae Taylor,NO,CB,17,0.0,0.0,0.0,0.0,0.0,0.0,0.0,0.0,2.4,0.9,0.8,0.4,6.6,111.8
307,18902,Jabrill Peppers,NE,S,17,0.0,0.0,0.0,0.0,0.0,0.0,0.0,0.0,0.8,1.4,0.9,0.4,6.6,111.8
308,16767,Leonard Williams,SEA,DE,17,0.0,0.0,0.0,0.0,0.0,0.0,0.0,0.0,7.2,0.5,0.7,0.4,6.6,111.4
309,18032,Tyler Higbee,LAR,TE,17,0.0,0.0,0.0,0.0,0.0,44.5,405.0,4.4,0.0,0.0,0.0,0.0,6.5,111.2
310,21449,Luke Gifford,SF,LB,17,0.0,0.0,0.0,0.0,0.0,0.0,0.0,0.0,1.7,1.1,0.7,0.4,6.5,110.9
311,23259,George Karlaftis,KC,DE,17,0.0,0.0,0.0,0.0,0.0,0.0,0.0,0.0,8.5,0.2,0.9,0.4,6.5,110.8
312,16845,Jordan Hicks,CLE,LB,17,0.0,0.0,0.0,0.0,0.0,0.0,0.0,0.0,1.6,0.6,0.8,0.4,6.5,110.5
313,26259,Jacory Croskey-Merritt,WAS,RB,17,0.0,0.0,0.0,518.6,4.5,16.3,130.1,0.8,0.0,0.0,0.0,0.0,6.5,110.4
314,24209,Calijah Kancey,TB,DL,17,0.0,0.0,0.0,0.0,0.0,0.0,0.0,0.0,7.8,0.3,0.9,0.4,6.5,110.4
315,23605,DaRon Bland,DAL,CB,17,0.0,0.0,0.0,0.0,0.0,0.0,0.0,0.0,0.0,3.4,1.1,0.6,6.5,110.3
316,24139,Jared Verse,LAR,OLB,17,0.0,0.0,0.0,0.0,0.0,0.0,0.0,0.0,5.2,0.4,0.8,0.4,6.4,109.6
317,25963,Mason Taylor,NYJ,TE,17,0.0,0.0,0.0,0.0,0.0,46.6,472.6,2.9,0.0,0.0,0.0,0.0,6.4,109.3
318,11694,Nick Folk,NYJ,K,17,0.0,0.0,0.0,0.0,0.0,0.0,0.0,0.0,0.0,0.0,0.0,0.0,6.4,109.0
319,20811,Amani Hooker,TEN,S,17,0.0,0.0,0.0,0.0,0.0,0.0,0.0,0.0,0.1,2.7,0.9,0.5,6.4,108.7
320,21519,Joey Slye,TEN,K,17,0.0,0.0,0.0,0.0,0.0,0.0,0.0,0.0,0.0,0.0,0.0,0.0,6.4,108.1
321,20852,Dexter Lawrence II,NYG,DL,17,0.0,0.0,0.0,0.0,0.0,0.0,0.0,0.0,7.7,0.3,0.7,0.3,6.4,108.0
322,24226,Quentin Johnston,LAC,WR,17,0.0,0.0,0.0,9.9,0.0,36.9,490.3,3.5,0.0,0.0,0.0,0.0,6.3,107.5
323,25026,Tyler Nubin,NYG,S,17,0.0,0.0,0.0,0.0,0.0,0.0,0.0,0.0,0.1,0.4,0.9,0.5,6.3,107.4
324,19896,Arden Key,TEN,OLB,17,0.0,0.0,0.0,0.0,0.0,0.0,0.0,0.0,8.7,0.3,0.7,0.3,6.3,107.3
325,23232,Alec Pierce,IND,WR,17,0.0,0.0,0.0,0.0,0.0,29.7,530.1,4.1,0.0,0.0,0.0,0.0,6.3,107.1
326,20943,Darius Slayton,NYG,WR,17,0.0,0.0,0.0,6.4,0.0,37.7,565.7,2.1,0.0,0.0,0.0,0.0,6.3,107.1
327,22698,Greg Rousseau,BUF,DE,17,0.0,0.0,0.0,0.0,0.0,0.0,0.0,0.0,7.1,0.3,0.9,0.5,6.3,106.9
328,21926,Kyle Dugger,NE,S,17,0.0,0.0,0.0,0.0,0.0,0.0,0.0,0.0,1.3,0.8,0.8,0.4,6.3,106.8
329,19961,Ray-Ray McCloud III,ATL,WR,17,0.0,0.0,0.0,59.4,0.1,43.6,481.7,1.8,0.0,0.0,0.0,0.0,6.3,106.7
330,22699,Jaelan Phillips,MIA,LB,17,0.0,0.0,0.0,0.0,0.0,0.0,0.0,0.0,6.8,0.9,0.7,0.3,6.3,106.6
331,22109,Julian Blackmon,NO,S,17,0.0,0.0,0.0,0.0,0.0,0.0,0.0,0.0,0.3,3.1,0.9,0.4,6.3,106.5
332,23471,Jordan Battle,CIN,S,17,0.0,0.0,0.0,0.0,0.0,0.0,0.0,0.0,0.8,0.6,0.7,0.4,6.3,106.3
333,22746,Jonathon Cooper,DEN,OLB,17,0.0,0.0,0.0,0.0,0.0,0.0,0.0,0.0,7.5,0.5,0.8,0.4,6.2,106.0
334,23290,Nik Bonitto,DEN,OLB,17,0.0,0.0,0.0,0.0,0.0,0.0,0.0,0.0,8.9,0.6,0.6,0.3,6.2,105.9
335,25894,Jack Bech,LV,WR,17,0.0,0.0,0.0,4.4,0.0,39.5,495.8,3.0,0.0,0.0,0.0,0.0,6.2,105.7
336,19832,Bradley Chubb,MIA,LB,17,0.0,0.0,0.0,0.0,0.0,0.0,0.0,0.0,7.4,0.3,0.8,0.4,6.2,105.6
337,19275,Adam Butler,LV,DT,17,0.0,0.0,0.0,0.0,0.0,0.0,0.0,0.0,5.0,0.3,0.8,0.4,6.2,105.5
338,25912,Kyle Williams,NE,WR,17,0.0,0.0,0.0,9.0,0.0,39.3,507.6,2.6,0.0,0.0,0.0,0.0,6.2,105.4
339,20776,Carl Granderson,NO,DE,17,0.0,0.0,0.0,0.0,0.0,0.0,0.0,0.0,6.3,0.3,0.6,0.3,6.2,105.3
340,25214,Jaylon Carlies,IND,LB,17,0.0,0.0,0.0,0.0,0.0,0.0,0.0,0.0,3.0,0.3,0.7,0.3,6.2,105.2
341,21936,Xavier McKinney,GB,S,17,0.0,0.0,0.0,0.0,0.0,0.0,0.0,0.0,0.7,2.7,1.0,0.5,6.2,104.9
342,16467,Kyle Van Noy,BAL,OLB,17,0.0,0.0,0.0,0.0,0.0,0.0,0.0,0.0,9.6,0.2,0.7,0.3,6.2,104.8
343,22686,Dyami Brown,JAX,WR,17,0.0,0.0,0.0,8.2,0.0,39.5,496.7,2.6,0.0,0.0,0.0,0.0,6.1,104.4
344,20919,Taylor Rapp,BUF,S,17,0.0,0.0,0.0,0.0,0.0,0.0,0.0,0.0,0.4,1.2,1.1,0.5,6.1,104.2
345,24268,SirVocea Dennis,TB,LB,17,0.0,0.0,0.0,0.0,0.0,0.0,0.0,0.0,1.8,0.5,0.6,0.3,6.1,104.2
346,21931,Geno Stone,CIN,S,17,0.0,0.0,0.0,0.0,0.0,0.0,0.0,0.0,0.0,3.2,1.0,0.5,6.1,104.2
347,24980,Ray Davis,BUF,RB,17,0.0,0.0,0.0,503.4,3.8,12.1,112.0,1.5,0.0,0.0,0.0,0.0,6.1,103.6
348,19798,Nick Chubb,HOU,RB,17,0.0,0.0,0.0,550.6,4.8,11.2,83.5,0.4,0.0,0.0,0.0,0.0,6.1,103.6
349,23250,Tyler Allgeier,ATL,RB,17,0.0,0.0,0.0,577.6,3.5,13.4,101.4,0.5,0.0,0.0,0.0,0.0,6.1,103.5
350,17915,Joey Bosa,BUF,DE,17,0.0,0.0,0.0,0.0,0.0,0.0,0.0,0.0,9.0,0.3,0.7,0.4,6.1,103.2
351,14986,DeAndre Hopkins,BAL,WR,17,0.0,0.0,0.0,0.6,0.0,32.4,443.2,4.4,0.0,0.0,0.0,0.0,6.1,103.0
352,19287,Kenny Moore II,IND,CB,17,0.0,0.0,0.0,0.0,0.0,0.0,0.0,0.0,0.9,2.1,1.2,0.6,6.0,102.3
353,23427,Jaylen Watson,KC,CB,17,0.0,0.0,0.0,0.0,0.0,0.0,0.0,0.0,2.0,0.6,0.9,0.5,6.0,102.0
354,24184,Devon Witherspoon,SEA,CB,17,0.0,0.0,0.0,0.0,0.0,0.0,0.0,0.0,2.2,0.8,1.0,0.5,6.0,102.0
355,21952,Rico Dowdle,CAR,RB,17,0.0,0.0,0.0,392.7,2.6,25.2,169.7,1.1,0.0,0.0,0.0,0.0,6.0,101.8
356,14867,Dustin Hopkins,CLE,K,17,0.0,0.0,0.0,0.0,0.0,0.0,0.0,0.0,0.0,0.0,0.0,0.0,6.0,101.8
357,20767,Rashan Gary,GB,DL,17,0.0,0.0,0.0,0.0,0.0,0.0,0.0,0.0,8.0,0.2,0.6,0.3,6.0,101.5
358,24208,Jaylon Jones,IND,CB,17,0.0,0.0,0.0,0.0,0.0,0.0,0.0,0.0,0.2,0.9,1.2,0.6,6.0,101.3
359,20888,Byron Murphy Jr.,MIN,CB,17,0.0,0.0,0.0,0.0,0.0,0.0,0.0,0.0,0.0,3.2,1.1,0.5,6.0,101.2
360,22602,Tutu Atwell,LAR,WR,17,0.0,0.0,0.0,16.1,0.1,39.4,495.3,1.7,0.0,0.0,0.0,0.0,5.9,101.1
361,25218,Braden Fiske,LAR,DE,17,0.0,0.0,0.0,0.0,0.0,0.0,0.0,0.0,8.4,0.3,0.7,0.3,5.9,101.1
362,19829,Minkah Fitzpatrick,MIA,S,17,0.0,0.0,0.0,0.0,0.0,0.0,0.0,0.0,0.1,0.7,1.2,0.6,5.9,101.0
363,22689,Kwity Paye,IND,DE,17,0.0,0.0,0.0,0.0,0.0,0.0,0.0,0.0,7.3,0.2,0.8,0.4,5.9,100.9
364,24277,Yaya Diaby,TB,OLB,17,0.0,0.0,0.0,0.0,0.0,0.0,0.0,0.0,5.4,0.4,0.9,0.4,5.9,100.7
365,24934,Braelon Allen,NYJ,RB,17,0.0,0.0,0.0,487.9,3.5,16.3,124.3,0.7,0.0,0.0,0.0,0.0,5.9,100.5
366,23359,Kerby Joseph,DET,S,17,0.0,0.0,0.0,0.0,0.0,0.0,0.0,0.0,0.0,3.9,0.9,0.5,5.9,100.4
367,22729,Cam Bynum,IND,S,17,0.0,0.0,0.0,0.0,0.0,0.0,0.0,0.0,0.2,1.5,1.0,0.5,5.9,99.8
368,19834,Vita Vea,TB,NT,17,0.0,0.0,0.0,0.0,0.0,0.0,0.0,0.0,5.6,0.3,0.8,0.4,5.9,99.6
369,19918,Josh Sweat,ARI,OLB,17,0.0,0.0,0.0,0.0,0.0,0.0,0.0,0.0,7.3,0.3,0.7,0.3,5.9,99.5
370,25147,Mike Sainristil,WAS,CB,17,0.0,0.0,0.0,0.0,0.0,0.0,0.0,0.0,0.0,1.8,0.9,0.4,5.8,99.4
371,22910,Ifeatu Melifonwu,MIA,S,17,0.0,0.0,0.0,0.0,0.0,0.0,0.0,0.0,4.8,2.1,0.9,0.4,5.8,99.2
372,16366,DeMarcus Lawrence,SEA,DE,17,0.0,0.0,0.0,0.0,0.0,0.0,0.0,0.0,6.3,0.3,0.7,0.3,5.8,98.9
373,21054,Devin Bush,CLE,ILB,17,0.0,0.0,0.0,0.0,0.0,0.0,0.0,0.0,1.2,0.3,0.6,0.3,5.8,98.7
374,18017,Javon Hargrave,MIN,DL,17,0.0,0.0,0.0,0.0,0.0,0.0,0.0,0.0,5.9,0.4,0.7,0.4,5.8,98.6
375,25063,Isaac Guerendo,SF,RB,17,0.0,0.0,0.0,494.5,4.0,12.6,115.2,0.6,0.0,0.0,0.0,0.0,5.8,98.6
376,23365,Trent McDuffie,KC,CB,17,0.0,0.0,0.0,0.0,0.0,0.0,0.0,0.0,1.5,1.2,1.0,0.5,5.8,98.4
377,26106,Andy Borregales,NE,K,17,0.0,0.0,0.0,0.0,0.0,0.0,0.0,0.0,0.0,0.0,0.0,0.0,5.8,98.1
378,23417,Cam Taylor-Britt,CIN,CB,17,0.0,0.0,0.0,0.0,0.0,0.0,0.0,0.0,0.3,2.4,0.9,0.5,5.8,98.0
379,22896,Malcolm Koonce,LV,DE,17,0.0,0.0,0.0,0.0,0.0,0.0,0.0,0.0,8.1,0.5,0.6,0.3,5.8,97.9
380,20791,Will Harris,WAS,S,17,0.0,0.0,0.0,0.0,0.0,0.0,0.0,0.0,0.1,1.7,0.9,0.5,5.7,97.6
381,24085,Tuli Tuipulotu,LAC,OLB,17,0.0,0.0,0.0,0.0,0.0,0.0,0.0,0.0,7.1,0.2,0.7,0.3,5.7,97.6
382,10333,Graham Gano,NYG,K,17,0.0,0.0,0.0,0.0,0.0,0.0,0.0,0.0,0.0,0.0,0.0,0.0,5.7,97.5
383,23296,Leo Chenal,KC,LB,17,0.0,0.0,0.0,0.0,0.0,0.0,0.0,0.0,2.6,0.2,0.5,0.3,5.7,97.4
384,21203,Matthew Wright,CAR,K,17,0.0,0.0,0.0,0.0,0.0,0.0,0.0,0.0,0.0,0.0,0.0,0.0,5.7,97.3
385,24114,Jalen Carter,PHI,DT,17,0.0,0.0,0.0,0.0,0.0,0.0,0.0,0.0,6.1,0.3,0.8,0.4,5.7,97.2
386,24247,Quan Martin,WAS,S,17,0.0,0.0,0.0,0.0,0.0,0.0,0.0,0.0,0.7,1.6,0.9,0.4,5.7,97.0
387,23262,Zach Harrison,ATL,DL,17,0.0,0.0,0.0,0.0,0.0,0.0,0.0,0.0,5.2,0.4,0.7,0.3,5.7,97.0
388,21923,Kam Curl,LAR,S,17,0.0,0.0,0.0,0.0,0.0,0.0,0.0,0.0,1.1,0.4,1.0,0.5,5.7,96.9
389,24989,Tory Horton,SEA,WR,17,0.0,0.0,0.0,8.7,0.0,35.9,480.2,2.3,0.0,0.0,0.0,0.0,5.7,96.8
390,21937,Jordan Fuller,ATL,S,17,0.0,0.0,0.0,0.0,0.0,0.0,0.0,0.0,0.1,1.6,1.0,0.5,5.7,96.5
391,23934,Isaiah Pola-Mao,LV,S,17,0.0,0.0,0.0,0.0,0.0,0.0,0.0,0.0,0.8,1.0,0.9,0.5,5.7,96.4
392,24923,Jaylen Wright,MIA,RB,17,0.0,0.0,0.0,499.7,3.2,15.8,111.5,0.6,0.0,0.0,0.0,0.0,5.7,96.1
393,23422,Jalen Pitre,HOU,S,17,0.0,0.0,0.0,0.0,0.0,0.0,0.0,0.0,0.1,0.5,0.9,0.4,5.6,95.7
394,20778,Dre Greenlaw,DEN,LB,17,0.0,0.0,0.0,0.0,0.0,0.0,0.0,0.0,0.8,0.2,0.6,0.3,5.6,95.7
395,26102,Dont'e Thornton Jr.,LV,WR,17,0.0,0.0,0.0,2.7,0.0,34.0,442.8,2.9,0.0,0.0,0.0,0.0,5.6,95.5
396,22922,Jason Pinnock,SF,S,17,0.0,0.0,0.0,0.0,0.0,0.0,0.0,0.0,2.9,1.0,1.0,0.5,5.6,95.3
397,24918,DaShaun White,SF,LB,17,0.0,0.0,0.0,0.0,0.0,0.0,0.0,0.0,4.9,0.4,0.7,0.3,5.6,95.3
398,22597,Jalen Tolbert,DAL,WR,17,0.0,0.0,0.0,0.0,0.0,32.0,389.0,4.1,0.0,0.0,0.0,0.0,5.6,95.3
399,25149,Demani Richardson,CAR,S,17,0.0,0.0,0.0,0.0,0.0,0.0,0.0,0.0,0.2,1.7,0.7,0.3,5.6,95.2
400,24372,Roschon Johnson,CHI,RB,17,0.0,0.0,0.0,318.4,5.2,17.8,121.6,0.5,0.0,0.0,0.0,0.0,5.6,95.2
401,23420,Riley Moss,DEN,CB,17,0.0,0.0,0.0,0.0,0.0,0.0,0.0,0.0,0.1,1.4,1.0,0.5,5.6,95.2
402,24947,Ja'Tavion Sanders,CAR,TE,17,0.0,0.0,0.0,0.0,0.0,40.1,407.9,2.4,0.0,0.0,0.0,0.0,5.6,95.1
403,22904,Isaiah McDuffie,GB,LB,17,0.0,0.0,0.0,0.0,0.0,0.0,0.0,0.0,1.0,0.2,0.7,0.3,5.6,95.0
404,19885,B.J. Hill,CIN,DT,17,0.0,0.0,0.0,0.0,0.0,0.0,0.0,0.0,3.3,0.7,0.7,0.3,5.6,95.0
405,21734,Nick Westbrook-Ikhine,MIA,WR,17,0.0,0.0,0.0,1.6,0.0,31.4,435.3,3.3,0.0,0.0,0.0,0.0,5.6,94.7
406,25889,Dylan Sampson,CLE,RB,17,0.0,0.0,0.0,461.2,2.6,18.0,134.1,0.7,0.0,0.0,0.0,0.0,5.6,94.5
407,21239,Keisean Nixon,GB,CB,17,0.0,0.0,0.0,0.0,0.0,0.0,0.0,0.0,1.8,1.2,1.0,0.5,5.6,94.5
408,20802,Justice Hill,BAL,RB,17,0.0,0.0,0.0,203.3,1.2,32.2,256.6,1.6,0.0,0.0,0.0,0.0,5.6,94.4
409,24144,Bryan Bresee,NO,DT,17,0.0,0.0,0.0,0.0,0.0,0.0,0.0,0.0,7.6,0.3,0.5,0.3,5.5,94.1
410,18920,Malik Hooker,DAL,S,17,0.0,0.0,0.0,0.0,0.0,0.0,0.0,0.0,0.1,1.2,1.1,0.6,5.5,94.0
411,25027,Kamren Kinchens,LAR,S,17,0.0,0.0,0.0,0.0,0.0,0.0,0.0,0.0,0.1,3.2,0.8,0.4,5.5,93.5
412,22295,Tershawn Wharton,CAR,DT,17,0.0,0.0,0.0,0.0,0.0,0.0,0.0,0.0,7.2,0.4,0.5,0.3,5.5,93.4
413,24086,Trenton Simpson,BAL,ILB,17,0.0,0.0,0.0,0.0,0.0,0.0,0.0,0.0,1.2,0.3,0.7,0.4,5.5,93.3
414,23017,Christian Elliss,NE,LB,17,0.0,0.0,0.0,0.0,0.0,0.0,0.0,0.0,1.7,0.6,0.5,0.2,5.5,93.0
415,22867,Odafe Oweh,BAL,OLB,17,0.0,0.0,0.0,0.0,0.0,0.0,0.0,0.0,7.5,0.2,0.7,0.3,5.5,92.8
416,19835,Marcus Davenport,DET,DE,17,0.0,0.0,0.0,0.0,0.0,0.0,0.0,0.0,6.7,0.4,0.6,0.3,5.5,92.7
417,25898,Bhayshul Tuten,JAX,RB,17,0.0,0.0,0.0,422.2,2.9,17.0,137.1,0.8,0.0,0.0,0.0,0.0,5.5,92.7
418,21939,Alohi Gilman,LAC,S,17,0.0,0.0,0.0,0.0,0.0,0.0,0.0,0.0,0.7,1.1,0.9,0.5,5.4,92.6
419,20956,Montez Sweat,CHI,DE,17,0.0,0.0,0.0,0.0,0.0,0.0,0.0,0.0,7.6,0.2,0.6,0.3,5.4,92.3
420,23309,Nakobe Dean,PHI,LB,11,0.0,0.0,0.0,0.0,0.0,0.0,0.0,0.0,1.6,0.5,0.6,0.3,8.4,92.0
421,16809,Denzel Perryman,LAC,LB,17,0.0,0.0,0.0,0.0,0.0,0.0,0.0,0.0,1.0,0.2,0.5,0.3,5.4,91.8
422,24963,Kamari Lassiter,HOU,CB,17,0.0,0.0,0.0,0.0,0.0,0.0,0.0,0.0,0.0,1.6,0.9,0.5,5.4,91.8
423,17691,Brandon Stephens,NYJ,CB,17,0.0,0.0,0.0,0.0,0.0,0.0,0.0,0.0,0.7,1.4,0.9,0.4,5.4,91.8
424,3341,Calais Campbell,ARI,DT,17,0.0,0.0,0.0,0.0,0.0,0.0,0.0,0.0,5.1,0.3,0.6,0.3,5.4,91.7
425,20766,C.J. Gardner-Johnson,HOU,S,17,0.0,0.0,0.0,0.0,0.0,0.0,0.0,0.0,0.0,2.6,0.9,0.5,5.4,91.5
426,23424,Bryan Cook,KC,S,17,0.0,0.0,0.0,0.0,0.0,0.0,0.0,0.0,0.0,1.4,0.9,0.5,5.4,91.5
427,18917,Marlon Humphrey,BAL,CB,17,0.0,0.0,0.0,0.0,0.0,0.0,0.0,0.0,0.3,3.5,1.0,0.5,5.4,91.4
428,23334,Derek Stingley Jr.,HOU,CB,17,0.0,0.0,0.0,0.0,0.0,0.0,0.0,0.0,0.0,3.1,0.9,0.5,5.4,91.4
429,19859,Uchenna Nwosu,SEA,LB,17,0.0,0.0,0.0,0.0,0.0,0.0,0.0,0.0,3.7,0.3,0.5,0.3,5.4,91.2
430,23607,Christian Benford,BUF,CB,17,0.0,0.0,0.0,0.0,0.0,0.0,0.0,0.0,0.5,1.5,1.2,0.6,5.4,91.1
431,20898,Ed Oliver,BUF,DT,17,0.0,0.0,0.0,0.0,0.0,0.0,0.0,0.0,6.5,0.6,0.9,0.4,5.4,91.1
432,19017,Josh Reynolds,NYJ,WR,17,0.0,0.0,0.0,0.0,0.0,32.6,435.9,2.5,0.0,0.0,0.0,0.0,5.4,91.0
433,20204,Charvarius Ward,IND,CB,17,0.0,0.0,0.0,0.0,0.0,0.0,0.0,0.0,0.0,2.0,1.1,0.6,5.3,90.9
434,24256,Keion White,NE,DE,17,0.0,0.0,0.0,0.0,0.0,0.0,0.0,0.0,4.3,0.2,0.7,0.3,5.3,90.7
435,22050,Darnay Holmes,LV,CB,17,0.0,0.0,0.0,0.0,0.0,0.0,0.0,0.0,1.6,2.4,0.8,0.4,5.3,90.6
436,22704,Paulson Adebo,NYG,CB,17,0.0,0.0,0.0,0.0,0.0,0.0,0.0,0.0,0.0,3.1,0.8,0.4,5.3,90.5
437,13022,Von Miller,WAS,LB,17,0.0,0.0,0.0,0.0,0.0,0.0,0.0,0.0,6.9,0.5,0.5,0.3,5.3,90.4
438,23599,Reed Blankenship,PHI,S,17,0.0,0.0,0.0,0.0,0.0,0.0,0.0,0.0,0.0,2.2,0.9,0.4,5.3,90.4
439,22092,Chase Young,NO,DE,17,0.0,0.0,0.0,0.0,0.0,0.0,0.0,0.0,7.0,0.3,0.6,0.3,5.3,90.3
440,22709,Christian Barmore,NE,DT,17,0.0,0.0,0.0,0.0,0.0,0.0,0.0,0.0,6.5,0.3,0.5,0.3,5.3,90.3
441,24926,James Williams Sr.,TEN,LB,17,0.0,0.0,0.0,0.0,0.0,0.0,0.0,0.0,0.5,0.4,0.5,0.2,5.3,90.2
442,24857,Otis Reese IV,TEN,LB,17,0.0,0.0,0.0,0.0,0.0,0.0,0.0,0.0,0.6,1.1,0.5,0.2,5.3,90.1
443,25139,Tarheeb Still,LAC,CB,17,0.0,0.0,0.0,0.0,0.0,0.0,0.0,0.0,0.6,2.9,0.8,0.4,5.3,89.8
444,20753,Noah Fant,CIN,TE,17,0.0,0.0,0.0,0.0,0.0,37.2,384.0,2.4,0.0,0.0,0.0,0.0,5.3,89.8
445,24111,Gervon Dexter Sr.,CHI,DT,17,0.0,0.0,0.0,0.0,0.0,0.0,0.0,0.0,4.8,0.2,0.7,0.3,5.3,89.7
446,22085,Derrick Brown,CAR,DE,17,0.0,0.0,0.0,0.0,0.0,0.0,0.0,0.0,1.5,1.3,0.8,0.4,5.3,89.5
447,23432,Zyon McCollum,TB,CB,17,0.0,0.0,0.0,0.0,0.0,0.0,0.0,0.0,0.0,1.4,1.2,0.6,5.3,89.5
448,22873,Osa Odighizuwa,DAL,DT,17,0.0,0.0,0.0,0.0,0.0,0.0,0.0,0.0,3.6,0.2,0.9,0.5,5.3,89.5
449,22899,Deommodore Lenoir,SF,DB,17,0.0,0.0,0.0,0.0,0.0,0.0,0.0,0.0,0.0,1.8,1.0,0.5,5.3,89.3
450,19080,Noah Brown,WAS,WR,17,0.0,0.0,0.0,0.0,0.0,34.4,439.3,1.9,0.0,0.0,0.0,0.0,5.3,89.3
451,19932,Dorance Armstrong,WAS,DE,17,0.0,0.0,0.0,0.0,0.0,0.0,0.0,0.0,6.1,0.3,0.6,0.3,5.3,89.3
452,24119,Andrei Iosivas,CIN,WR,17,0.0,0.0,0.0,0.0,0.0,30.3,368.1,3.7,0.0,0.0,0.0,0.0,5.2,89.1
453,23346,Dax Hill,CIN,CB,17,0.0,0.0,0.0,0.0,0.0,0.0,0.0,0.0,1.4,0.8,0.8,0.4,5.2,89.0
454,18975,Jourdan Lewis,JAX,CB,17,0.0,0.0,0.0,0.0,0.0,0.0,0.0,0.0,0.6,1.2,0.8,0.4,5.2,88.7
455,22075,A.J. Terrell Jr.,ATL,CB,17,0.0,0.0,0.0,0.0,0.0,0.0,0.0,0.0,0.0,1.2,1.1,0.5,5.2,88.7
456,22694,Jaycee Horn,CAR,CB,17,0.0,0.0,0.0,0.0,0.0,0.0,0.0,0.0,1.5,1.5,0.8,0.4,5.2,88.7
457,23368,Jalen Nailor,MIN,WR,17,0.0,0.0,0.0,4.1,0.0,30.0,388.0,3.4,0.0,0.0,0.0,0.0,5.2,88.6
458,17981,Jarran Reed,SEA,NT,17,0.0,0.0,0.0,0.0,0.0,0.0,0.0,0.0,5.2,0.2,0.6,0.3,5.2,88.5
459,21772,Cole Kmet,CHI,TE,17,0.0,0.0,0.0,0.0,0.0,35.1,361.7,2.9,0.0,0.0,0.0,0.0,5.2,88.1
460,23376,Devonte Wyatt,GB,DL,17,0.0,0.0,0.0,0.0,0.0,0.0,0.0,0.0,6.0,0.2,0.5,0.3,5.2,87.9
461,19928,Taron Johnson,BUF,CB,17,0.0,0.0,0.0,0.0,0.0,0.0,0.0,0.0,1.0,1.0,1.1,0.5,5.2,87.8
462,23554,Kyler Gordon,CHI,DB,17,0.0,0.0,0.0,0.0,0.0,0.0,0.0,0.0,0.8,0.9,0.8,0.4,5.2,87.7
463,19037,Matt Milano,BUF,LB,17,0.0,0.0,0.0,0.0,0.0,0.0,0.0,0.0,0.8,1.8,0.9,0.5,5.2,87.7
464,20965,Juan Thornhill,PIT,S,17,0.0,0.0,0.0,0.0,0.0,0.0,0.0,0.0,0.1,0.4,0.8,0.4,5.1,87.2
465,26032,Elijah Arroyo,SEA,TE,17,0.0,0.0,0.0,0.0,0.0,37.0,397.3,1.9,0.0,0.0,0.0,0.0,5.1,87.1
466,21999,Akeem Davis-Gaither,ARI,ILB,17,0.0,0.0,0.0,0.0,0.0,0.0,0.0,0.0,0.2,0.9,0.5,0.3,5.1,87.1
467,24091,Antonio Johnson,JAX,S,17,0.0,0.0,0.0,0.0,0.0,0.0,0.0,0.0,0.9,1.4,0.7,0.3,5.1,87.0
468,22868,Joseph Ossai,CIN,DE,17,0.0,0.0,0.0,0.0,0.0,0.0,0.0,0.0,4.9,0.2,0.6,0.3,5.1,87.0
469,22740,Andre Cisco,NYJ,S,17,0.0,0.0,0.0,0.0,0.0,0.0,0.0,0.0,0.3,2.0,0.8,0.4,5.1,86.7
470,22844,Talanoa Hufanga,DEN,S,17,0.0,0.0,0.0,0.0,0.0,0.0,0.0,0.0,0.1,1.7,0.7,0.4,5.1,86.4
471,17919,Jalen Ramsey,PIT,CB,17,0.0,0.0,0.0,0.0,0.0,0.0,0.0,0.0,0.6,2.7,1.1,0.5,5.1,86.2
472,22890,Patrick Jones II,CAR,OLB,17,0.0,0.0,0.0,0.0,0.0,0.0,0.0,0.0,5.4,0.2,0.5,0.2,5.1,86.0
473,24252,Isaiah McGuire,CLE,DE,17,0.0,0.0,0.0,0.0,0.0,0.0,0.0,0.0,3.8,0.4,0.7,0.3,5.0,85.8
474,24191,Lukas Van Ness,GB,DL,17,0.0,0.0,0.0,0.0,0.0,0.0,0.0,0.0,5.2,0.3,0.6,0.3,5.0,85.7
475,19950,Will Dissly,LAC,TE,17,0.0,0.0,0.0,0.0,0.0,36.5,354.4,2.3,0.0,0.0,0.0,0.0,5.0,85.5
476,23261,Nolan Smith Jr.,PHI,OLB,17,0.0,0.0,0.0,0.0,0.0,0.0,0.0,0.0,5.9,0.3,0.6,0.3,5.0,85.4
477,22095,Mike Danna,KC,DE,17,0.0,0.0,0.0,0.0,0.0,0.0,0.0,0.0,4.3,0.2,0.6,0.3,5.0,85.3
478,18130,Elandon Roberts,LV,LB,17,0.0,0.0,0.0,0.0,0.0,0.0,0.0,0.0,1.7,0.2,0.6,0.3,5.0,85.1
479,17997,Maliek Collins,CLE,DT,17,0.0,0.0,0.0,0.0,0.0,0.0,0.0,0.0,4.9,0.2,0.8,0.4,5.0,85.0
480,24233,Ji'Ayir Brown,SF,S,17,0.0,0.0,0.0,0.0,0.0,0.0,0.0,0.0,0.1,1.4,0.9,0.4,5.0,85.0
481,21785,Noah Gray,KC,TE,17,0.0,0.0,0.0,0.3,0.0,31.3,329.4,3.4,0.0,0.0,0.0,0.0,5.0,84.5
482,16568,Brandin Cooks,NO,WR,17,0.0,0.0,0.0,4.5,0.0,32.9,373.4,2.3,0.0,0.0,0.0,0.0,5.0,84.3
483,24097,Christian Gonzalez,NE,CB,17,0.0,0.0,0.0,0.0,0.0,0.0,0.0,0.0,0.8,1.6,0.8,0.4,5.0,84.2
484,20989,Quinnen Williams,NYJ,DL,17,0.0,0.0,0.0,0.0,0.0,0.0,0.0,0.0,4.6,0.7,0.6,0.3,4.9,83.8
485,25122,Jalen Coker,CAR,WR,17,0.0,0.0,0.0,2.8,0.0,31.0,401.3,2.1,0.0,0.0,0.0,0.0,4.9,83.8
486,19985,Sebastian Joseph-Day,TEN,DE,17,0.0,0.0,0.0,0.0,0.0,0.0,0.0,0.0,4.1,0.2,0.5,0.3,4.9,83.7
487,25035,Payton Wilson,PIT,LB,17,0.0,0.0,0.0,0.0,0.0,0.0,0.0,0.0,0.2,0.8,0.6,0.3,4.9,83.6
488,20066,Tony Brown II,CLE,CB,17,0.0,0.0,0.0,0.0,0.0,0.0,0.0,0.0,0.2,2.1,0.9,0.4,4.9,83.2
489,24177,Tre Tucker,LV,WR,17,0.0,0.0,0.0,42.4,0.6,28.7,359.4,1.8,0.0,0.0,0.0,0.0,4.9,83.1
490,25143,Tykee Smith,TB,S,17,0.0,0.0,0.0,0.0,0.0,0.0,0.0,0.0,0.1,2.1,0.9,0.4,4.9,83.0
491,22731,Tyson Campbell,JAX,CB,17,0.0,0.0,0.0,0.0,0.0,0.0,0.0,0.0,0.0,1.0,0.9,0.4,4.9,82.8
492,24973,Troy Franklin,DEN,WR,17,0.0,0.0,0.0,6.8,0.0,29.4,355.2,2.9,0.0,0.0,0.0,0.0,4.9,82.8
493,19953,D.J. Reed,DET,CB,17,0.0,0.0,0.0,0.0,0.0,0.0,0.0,0.0,0.5,0.6,0.9,0.4,4.9,82.8
494,19942,John Franklin-Myers,DEN,DE,17,0.0,0.0,0.0,0.0,0.0,0.0,0.0,0.0,5.1,0.3,0.6,0.3,4.9,82.5
495,24202,Ronnie Hickman,CLE,S,17,0.0,0.0,0.0,0.0,0.0,0.0,0.0,0.0,0.1,0.8,0.8,0.4,4.8,82.4
496,25964,Elic Ayomanor,TEN,WR,17,0.0,0.0,0.0,8.1,0.0,29.2,361.8,2.7,0.0,0.0,0.0,0.0,4.8,82.2
497,19892,Carlton Davis III,NE,CB,17,0.0,0.0,0.0,0.0,0.0,0.0,0.0,0.0,0.0,1.6,0.8,0.4,4.8,82.0
498,18042,David Onyemata,ATL,DL,17,0.0,0.0,0.0,0.0,0.0,0.0,0.0,0.0,4.4,0.2,0.7,0.3,4.8,82.0
499,25201,Jordan Whittington,LAR,WR,17,0.0,0.0,0.0,14.0,0.0,32.9,367.2,1.9,0.0,0.0,0.0,0.0,4.8,82.0
500,24993,Laiatu Latu,IND,DE,17,0.0,0.0,0.0,0.0,0.0,0.0,0.0,0.0,4.6,0.3,0.7,0.3,4.8,82.0
501,24126,Joey Porter Jr.,PIT,CB,17,0.0,0.0,0.0,0.0,0.0,0.0,0.0,0.0,0.0,1.0,1.1,0.5,4.8,82.0
502,24969,Jaden Hicks,KC,S,17,0.0,0.0,0.0,0.0,0.0,0.0,0.0,0.0,0.2,2.9,0.7,0.4,4.8,81.9
503,20933,Miles Sanders,DAL,RB,17,0.0,0.0,0.0,402.2,2.2,15.6,96.3,0.8,0.0,0.0,0.0,0.0,4.8,81.8
504,24239,Tyrique Stevenson,CHI,CB,17,0.0,0.0,0.0,0.0,0.0,0.0,0.0,0.0,0.0,1.9,0.8,0.4,4.8,81.8
505,18944,Kareem Hunt,KC,RB,17,0.0,0.0,0.0,309.8,3.1,17.7,118.8,0.5,0.0,0.0,0.0,0.0,4.8,81.8
506,20570,Darious Williams,LAR,CB,17,0.0,0.0,0.0,0.0,0.0,0.0,0.0,0.0,0.0,2.3,1.0,0.5,4.8,81.7
507,23253,Dontayvion Wicks,GB,WR,17,0.0,0.0,0.0,1.6,0.0,28.7,330.6,3.3,0.0,0.0,0.0,0.0,4.8,81.5
508,16486,Mike Pennel,KC,NT,17,0.0,0.0,0.0,0.0,0.0,0.0,0.0,0.0,4.1,0.3,0.5,0.3,4.8,81.3
509,15226,Tyrann Mathieu,NO,S,17,0.0,0.0,0.0,0.0,0.0,0.0,0.0,0.0,0.0,2.5,0.8,0.4,4.8,81.3
510,23337,Sauce Gardner,NYJ,CB,17,0.0,0.0,0.0,0.0,0.0,0.0,0.0,0.0,0.5,0.9,0.8,0.4,4.8,81.2
511,20185,Poona Ford,LAR,DT,17,0.0,0.0,0.0,0.0,0.0,0.0,0.0,0.0,4.0,0.8,0.7,0.3,4.8,81.2
512,25217,Jarvis Brownlee Jr.,TEN,CB,17,0.0,0.0,0.0,0.0,0.0,0.0,0.0,0.0,0.1,1.0,0.8,0.4,4.7,80.2
513,22874,Dayo Odeyingbo,CHI,DE,17,0.0,0.0,0.0,0.0,0.0,0.0,0.0,0.0,5.5,0.2,0.7,0.3,4.7,79.8
514,23428,Riq Woolen,SEA,CB,17,0.0,0.0,0.0,0.0,0.0,0.0,0.0,0.0,0.0,2.1,0.9,0.5,4.7,79.8
515,18909,Haason Reddick,TB,OLB,17,0.0,0.0,0.0,0.0,0.0,0.0,0.0,0.0,5.1,0.2,0.7,0.3,4.7,79.7
516,23121,Kayshon Boutte,NE,WR,17,0.0,0.0,0.0,1.3,0.0,27.6,370.9,2.5,0.0,0.0,0.0,0.0,4.7,79.6
517,25125,Evan Williams,GB,S,17,0.0,0.0,0.0,0.0,0.0,0.0,0.0,0.0,0.1,1.0,0.7,0.4,4.7,79.6
518,25975,Pat Bryant,DEN,WR,17,0.0,0.0,0.0,0.0,0.0,29.1,338.6,2.8,0.0,0.0,0.0,0.0,4.7,79.6
519,21077,Diontae Johnson,CLE,WR,17,0.0,0.0,0.0,3.0,0.0,30.9,351.3,2.2,0.0,0.0,0.0,0.0,4.6,78.7
520,18029,Eric Murray,JAX,S,17,0.0,0.0,0.0,0.0,0.0,0.0,0.0,0.0,0.8,0.9,0.8,0.4,4.6,78.3
521,23423,Coby Bryant,SEA,FS,17,0.0,0.0,0.0,0.0,0.0,0.0,0.0,0.0,0.1,1.9,0.8,0.4,4.6,78.1
522,24961,Calen Bullock,HOU,S,17,0.0,0.0,0.0,0.0,0.0,0.0,0.0,0.0,0.1,2.3,0.9,0.5,4.6,78.0
523,18905,Marshon Lattimore,WAS,CB,17,0.0,0.0,0.0,0.0,0.0,0.0,0.0,0.0,0.0,1.0,0.8,0.4,4.6,77.8
524,20822,Mike Jackson,CAR,CB,17,0.0,0.0,0.0,0.0,0.0,0.0,0.0,0.0,0.0,1.0,0.9,0.4,4.6,77.5
525,26014,Malaki Starks,BAL,S,17,0.0,0.0,0.0,0.0,0.0,0.0,0.0,0.0,0.0,0.7,0.9,0.4,4.6,77.5
526,21886,Broderick Washington,BAL,DE,17,0.0,0.0,0.0,0.0,0.0,0.0,0.0,0.0,3.7,0.3,0.7,0.3,4.5,77.3
527,23460,Roger McCreary,TEN,CB,17,0.0,0.0,0.0,0.0,0.0,0.0,0.0,0.0,1.6,0.7,0.7,0.3,4.5,77.3
528,24941,Cole Bishop,BUF,S,17,0.0,0.0,0.0,0.0,0.0,0.0,0.0,0.0,0.1,0.7,0.9,0.4,4.5,77.2
529,24134,Malachi Moore,NYJ,DB,17,0.0,0.0,0.0,0.0,0.0,0.0,0.0,0.0,0.0,0.8,0.7,0.3,4.5,77.1
530,25106,AJ Barner,SEA,TE,17,0.0,0.0,0.0,0.0,0.0,32.4,304.8,2.4,0.0,0.0,0.0,0.0,4.5,77.1
531,19988,Tyler Conklin,LAC,TE,17,0.0,0.0,0.0,0.0,0.0,32.1,312.6,2.3,0.0,0.0,0.0,0.0,4.5,77.0
532,24945,Maason Smith,JAX,DT,17,0.0,0.0,0.0,0.0,0.0,0.0,0.0,0.0,4.9,0.3,0.5,0.3,4.5,76.9
533,21064,Jamel Dean,TB,CB,17,0.0,0.0,0.0,0.0,0.0,0.0,0.0,0.0,0.0,1.0,1.1,0.5,4.5,76.9
534,18316,Mike Hilton,MIA,CB,17,0.0,0.0,0.0,0.0,0.0,0.0,0.0,0.0,0.9,1.2,0.9,0.4,4.5,76.9
535,19841,Daron Payne,WAS,DT,17,0.0,0.0,0.0,0.0,0.0,0.0,0.0,0.0,3.1,0.2,0.6,0.3,4.5,76.6
536,22727,Baron Browning,ARI,OLB,17,0.0,0.0,0.0,0.0,0.0,0.0,0.0,0.0,4.6,0.4,0.5,0.3,4.5,76.6
537,19839,Jaire Alexander,BAL,CB,17,0.0,0.0,0.0,0.0,0.0,0.0,0.0,0.0,0.1,1.7,1.0,0.5,4.5,76.6
538,24253,Byron Young,LAR,OLB,17,0.0,0.0,0.0,0.0,0.0,0.0,0.0,0.0,5.1,0.2,0.7,0.4,4.5,76.5
539,23438,Chad Muma,JAX,LB,17,0.0,0.0,0.0,0.0,0.0,0.0,0.0,0.0,1.1,0.3,0.5,0.3,4.5,76.5
540,25359,Winston Reid,CLE,LB,17,0.0,0.0,0.0,0.0,0.0,0.0,0.0,0.0,2.0,0.4,0.6,0.3,4.5,76.5
541,13338,Cameron Jordan,NO,DE,17,0.0,0.0,0.0,0.0,0.0,0.0,0.0,0.0,3.3,0.6,0.5,0.3,4.5,76.3
542,23274,Dee Alford,ATL,CB,17,0.0,0.0,0.0,0.0,0.0,0.0,0.0,0.0,0.6,0.2,0.8,0.4,4.5,76.1
543,21107,Darnell Savage,JAX,S,17,0.0,0.0,0.0,0.0,0.0,0.0,0.0,0.0,0.1,0.8,0.8,0.4,4.5,76.0
544,18875,Jonathan Allen,MIN,DT,17,0.0,0.0,0.0,0.0,0.0,0.0,0.0,0.0,3.3,0.2,0.7,0.3,4.5,75.9
545,24117,Anthony Richardson Sr.,IND,QB,17,747.3,4.3,3.5,220.0,2.6,0.0,0.0,0.0,0.0,0.0,0.0,0.0,4.5,75.9
546,22422,Teair Tart,LAC,DT,17,0.0,0.0,0.0,0.0,0.0,0.0,0.0,0.0,2.2,0.8,0.6,0.3,4.5,75.7
547,17947,Kenny Clark,GB,DT,17,0.0,0.0,0.0,0.0,0.0,0.0,0.0,0.0,3.5,0.2,0.7,0.3,4.5,75.7
548,19014,Grover Stewart,IND,DT,17,0.0,0.0,0.0,0.0,0.0,0.0,0.0,0.0,2.1,0.2,0.7,0.4,4.4,75.6
549,24110,Garrett Williams,ARI,CB,17,0.0,0.0,0.0,0.0,0.0,0.0,0.0,0.0,0.1,2.2,0.8,0.4,4.4,75.5
550,20006,Russell Gage Jr.,SF,WR,17,0.0,0.0,0.0,0.0,0.0,29.1,324.9,2.3,0.0,0.0,0.0,0.0,4.4,75.4
551,22841,Jevón Holland,NYG,S,17,0.0,0.0,0.0,0.0,0.0,0.0,0.0,0.0,0.6,0.6,0.9,0.4,4.4,75.2
552,24238,Kendre Miller,NO,RB,17,0.0,0.0,0.0,365.6,3.3,11.0,80.9,0.2,0.0,0.0,0.0,0.0,4.4,75.0
553,20145,Allen Lazard,NYJ,WR,17,0.0,0.0,0.0,0.0,0.0,25.1,338.7,2.7,0.0,0.0,0.0,0.0,4.4,75.0
554,24954,Adonai Mitchell,IND,WR,17,0.0,0.0,0.0,9.9,0.1,28.4,361.2,1.6,0.0,0.0,0.0,0.0,4.4,74.9
555,23320,Kaiir Elam,DAL,CB,17,0.0,0.0,0.0,0.0,0.0,0.0,0.0,0.0,0.1,0.7,0.8,0.4,4.4,74.9
556,25198,Devaughn Vele,NO,WR,17,0.0,0.0,0.0,3.0,0.0,29.5,320.2,2.2,0.0,0.0,0.0,0.0,4.4,74.8
557,22089,Amik Robertson,DET,CB,17,0.0,0.0,0.0,0.0,0.0,0.0,0.0,0.0,0.6,0.8,0.7,0.3,4.4,74.8
558,25245,Marist Liufau,DAL,LB,17,0.0,0.0,0.0,0.0,0.0,0.0,0.0,0.0,1.6,0.2,0.6,0.3,4.4,74.7
559,19830,Denzel Ward,CLE,CB,17,0.0,0.0,0.0,0.0,0.0,0.0,0.0,0.0,0.0,1.8,0.9,0.4,4.4,74.7
560,19901,Isaac Yiadom,NO,CB,17,0.0,0.0,0.0,0.0,0.0,0.0,0.0,0.0,0.0,1.6,0.7,0.3,4.4,74.4
561,24940,Terrion Arnold,DET,CB,17,0.0,0.0,0.0,0.0,0.0,0.0,0.0,0.0,0.1,0.4,0.8,0.4,4.4,74.0
562,26027,Carson Schwesinger,CLE,LB,17,0.0,0.0,0.0,0.0,0.0,0.0,0.0,0.0,0.0,0.4,0.6,0.3,4.3,73.5
563,19976,Marquez Valdes-Scantling,SEA,WR,17,0.0,0.0,0.0,4.9,0.0,21.8,380.5,2.2,0.0,0.0,0.0,0.0,4.3,73.5
564,20981,Devin White,LV,LB,17,0.0,0.0,0.0,0.0,0.0,0.0,0.0,0.0,1.3,0.9,0.6,0.3,4.3,73.5
565,25914,Jaylin Noel,HOU,WR,17,0.0,0.0,0.0,13.1,0.0,27.7,308.2,2.3,0.0,0.0,0.0,0.0,4.3,73.4
566,21867,Javon Kinlaw,WAS,DT,17,0.0,0.0,0.0,0.0,0.0,0.0,0.0,0.0,3.6,0.3,0.6,0.3,4.3,73.3
567,22921,Nate Hobbs,GB,CB,17,0.0,0.0,0.0,0.0,0.0,0.0,0.0,0.0,0.6,1.0,0.8,0.4,4.3,73.3
568,21013,Byron Cowart,NYJ,DL,17,0.0,0.0,0.0,0.0,0.0,0.0,0.0,0.0,2.8,0.5,0.5,0.2,4.3,73.3
569,21071,Greg Dortch,ARI,WR,17,0.0,0.0,0.0,30.5,0.1,30.6,292.0,1.8,0.0,0.0,0.0,0.0,4.3,73.2
570,23383,Logan Hall,TB,DL,17,0.0,0.0,0.0,0.0,0.0,0.0,0.0,0.0,3.7,0.3,0.7,0.4,4.3,73.2
571,25382,Storm Duck,MIA,CB,17,0.0,0.0,0.0,0.0,0.0,0.0,0.0,0.0,0.1,0.6,0.9,0.4,4.3,73.1
572,20837,Ty Johnson,BUF,RB,17,0.0,0.0,0.0,245.4,1.2,15.2,168.9,1.6,0.0,0.0,0.0,0.0,4.3,73.0
573,18928,Curtis Samuel,BUF,WR,17,0.0,0.0,0.0,29.4,0.0,28.1,271.6,2.5,0.0,0.0,0.0,0.0,4.3,73.0
574,25942,Woody Marks,HOU,RB,17,0.0,0.0,0.0,240.8,1.7,19.9,147.8,0.8,0.0,0.0,0.0,0.0,4.3,73.0
575,19900,Harrison Phillips,NYJ,DL,17,0.0,0.0,0.0,0.0,0.0,0.0,0.0,0.0,1.8,0.2,0.7,0.3,4.3,72.9
576,22056,Jaylon Johnson,CHI,CB,16,0.0,0.0,0.0,0.0,0.0,0.0,0.0,0.0,0.0,1.9,0.9,0.5,4.5,72.7
577,19902,Oren Burks,CIN,LB,17,0.0,0.0,0.0,0.0,0.0,0.0,0.0,0.0,1.0,0.7,0.5,0.3,4.3,72.5
578,22139,Isaiah Rodgers,MIN,CB,17,0.0,0.0,0.0,0.0,0.0,0.0,0.0,0.0,0.1,0.7,0.8,0.4,4.3,72.5
579,15127,Darius Slay,PIT,CB,17,0.0,0.0,0.0,0.0,0.0,0.0,0.0,0.0,0.0,1.0,0.9,0.5,4.3,72.5
580,25140,Chau Smith-Wade,CAR,CB,17,0.0,0.0,0.0,0.0,0.0,0.0,0.0,0.0,0.1,1.6,0.6,0.3,4.2,72.2
581,24183,Deonte Banks,NYG,CB,17,0.0,0.0,0.0,0.0,0.0,0.0,0.0,0.0,0.0,1.0,0.8,0.4,4.2,72.0
582,25298,Cam Hart,LAC,CB,17,0.0,0.0,0.0,0.0,0.0,0.0,0.0,0.0,0.8,0.8,0.7,0.3,4.2,71.9
583,20002,Tim Settle Jr.,HOU,DT,17,0.0,0.0,0.0,0.0,0.0,0.0,0.0,0.0,3.5,0.2,0.6,0.3,4.2,71.8
584,22097,Damar Hamlin,BUF,S,17,0.0,0.0,0.0,0.0,0.0,0.0,0.0,0.0,0.1,1.1,0.8,0.4,4.2,71.7
585,19934,Da'Shawn Hand,LAC,DE,17,0.0,0.0,0.0,0.0,0.0,0.0,0.0,0.0,2.9,0.3,0.6,0.3,4.2,71.5
586,17059,Grady Jarrett,CHI,DL,17,0.0,0.0,0.0,0.0,0.0,0.0,0.0,0.0,2.4,0.2,0.7,0.3,4.2,71.5
587,23660,Segun Olubi,IND,LB,17,0.0,0.0,0.0,0.0,0.0,0.0,0.0,0.0,0.8,1.1,0.7,0.3,4.2,71.4
588,16171,DaQuan Jones,BUF,DT,17,0.0,0.0,0.0,0.0,0.0,0.0,0.0,0.0,4.4,0.3,0.7,0.3,4.2,71.0
589,25031,T'Vondre Sweat,TEN,NT,17,0.0,0.0,0.0,0.0,0.0,0.0,0.0,0.0,1.5,0.4,0.6,0.3,4.2,71.0
590,25172,Jarrian Jones,JAX,CB,17,0.0,0.0,0.0,0.0,0.0,0.0,0.0,0.0,1.0,1.4,0.7,0.3,4.2,70.8
591,22084,Kristian Fulton,KC,CB,17,0.0,0.0,0.0,0.0,0.0,0.0,0.0,0.0,0.0,0.7,0.8,0.4,4.1,70.2
592,22692,Pat Surtain II,DEN,CB,17,0.0,0.0,0.0,0.0,0.0,0.0,0.0,0.0,0.0,1.9,1.0,0.5,4.1,70.2
593,25163,Malik Mustapha,SF,S,11,0.0,0.0,0.0,0.0,0.0,0.0,0.0,0.0,0.1,0.7,0.6,0.3,6.3,69.8
594,22735,Michael Carter II,NYJ,CB,17,0.0,0.0,0.0,0.0,0.0,0.0,0.0,0.0,0.0,0.3,0.7,0.4,4.1,69.7
595,25007,Kool-Aid McKinstry,NO,CB,17,0.0,0.0,0.0,0.0,0.0,0.0,0.0,0.0,0.1,0.7,0.7,0.3,4.1,69.6
596,17963,Austin Hooper,NE,TE,17,0.0,0.0,0.0,0.0,0.0,28.0,292.0,2.2,0.0,0.0,0.0,0.0,4.1,69.4
597,26082,Jaxson Dart,NYG,QB,17,1044.2,5.2,3.5,107.9,0.9,0.0,0.0,0.0,0.0,0.0,0.0,0.0,4.1,69.4
598,17217,Raheem Mostert,LV,RB,17,0.0,0.0,0.0,291.9,2.6,14.7,104.5,0.3,0.0,0.0,0.0,0.0,4.1,69.3
599,25192,Renardo Green,SF,CB,17,0.0,0.0,0.0,0.0,0.0,0.0,0.0,0.0,0.1,0.9,0.7,0.4,4.1,69.3
600,25244,Jordan Magee,WAS,LB,17,0.0,0.0,0.0,0.0,0.0,0.0,0.0,0.0,3.0,0.5,0.5,0.3,4.1,69.2
601,20983,Christian Wilkins,LV,DT,11,0.0,0.0,0.0,0.0,0.0,0.0,0.0,0.0,3.8,0.2,0.5,0.3,6.3,69.2
602,23344,Christian Harris,HOU,LB,17,0.0,0.0,0.0,0.0,0.0,0.0,0.0,0.0,1.1,0.2,0.5,0.3,4.1,69.0
603,23421,Marcus Jones,NE,CB,17,0.0,0.0,0.0,0.0,0.0,0.0,0.0,0.0,0.1,0.7,0.6,0.3,4.1,69.0
604,20884,Foster Moreau,NO,TE,17,0.0,0.0,0.0,0.0,0.0,24.1,288.7,2.7,0.0,0.0,0.0,0.0,4.1,69.0
605,22044,Jeff Okudah,MIN,CB,17,0.0,0.0,0.0,0.0,0.0,0.0,0.0,0.0,0.0,0.5,0.8,0.4,4.0,68.7
606,24230,Sydney Brown,PHI,S,17,0.0,0.0,0.0,0.0,0.0,0.0,0.0,0.0,0.1,1.1,0.7,0.3,4.0,68.7
607,25165,Max Melton,ARI,CB,17,0.0,0.0,0.0,0.0,0.0,0.0,0.0,0.0,0.1,0.7,0.8,0.4,4.0,68.6
608,24131,Noah Sewell,CHI,LB,17,0.0,0.0,0.0,0.0,0.0,0.0,0.0,0.0,2.6,0.3,0.5,0.3,4.0,68.5
609,21925,Ashtyn Davis,MIA,S,17,0.0,0.0,0.0,0.0,0.0,0.0,0.0,0.0,0.1,1.5,0.6,0.3,4.0,68.5
610,18970,Ahkello Witherspoon,LAR,CB,17,0.0,0.0,0.0,0.0,0.0,0.0,0.0,0.0,0.0,1.9,0.8,0.4,4.0,68.3
611,25157,Dru Phillips,NYG,CB,17,0.0,0.0,0.0,0.0,0.0,0.0,0.0,0.0,1.0,1.0,0.6,0.3,4.0,68.3
612,20269,Daniel Ekuale,PIT,DT,17,0.0,0.0,0.0,0.0,0.0,0.0,0.0,0.0,1.7,0.3,0.8,0.4,4.0,68.3
613,23522,Travis Jones,BAL,DT,17,0.0,0.0,0.0,0.0,0.0,0.0,0.0,0.0,1.7,0.2,0.7,0.3,4.0,68.0
614,22710,Derrick Barnes,DET,LB,17,0.0,0.0,0.0,0.0,0.0,0.0,0.0,0.0,0.9,0.2,0.6,0.3,4.0,68.0
615,24143,Parker Washington,JAX,WR,17,0.0,0.0,0.0,8.6,0.0,27.7,289.9,1.8,0.0,0.0,0.0,0.0,4.0,68.0
616,18007,Daryl Worley,WAS,S,17,0.0,0.0,0.0,0.0,0.0,0.0,0.0,0.0,0.1,1.1,0.6,0.3,4.0,67.7
617,26078,Darien Porter,LV,CB,17,0.0,0.0,0.0,0.0,0.0,0.0,0.0,0.0,0.0,0.7,0.8,0.4,4.0,67.7
618,24146,Mazi Smith,DAL,DT,17,0.0,0.0,0.0,0.0,0.0,0.0,0.0,0.0,1.6,0.2,0.6,0.3,4.0,67.6
619,20842,Dre'Mont Jones,TEN,OLB,17,0.0,0.0,0.0,0.0,0.0,0.0,0.0,0.0,4.3,0.2,0.5,0.3,4.0,67.6
620,17512,Rakeem Nuñez-Roches,NYG,DL,17,0.0,0.0,0.0,0.0,0.0,0.0,0.0,0.0,1.8,0.2,0.6,0.3,4.0,67.3
621,25870,Harold Fannin Jr.,CLE,TE,17,0.0,0.0,0.0,0.0,0.0,28.2,287.9,1.8,0.0,0.0,0.0,0.0,4.0,67.2
622,22877,Greg Newsome II,CLE,CB,17,0.0,0.0,0.0,0.0,0.0,0.0,0.0,0.0,0.3,1.3,0.9,0.4,3.9,67.1
623,23455,Otito Ogbonnia,LAC,DL,17,0.0,0.0,0.0,0.0,0.0,0.0,0.0,0.0,0.9,0.2,0.6,0.3,3.9,67.0
624,23211,MarShawn Lloyd,GB,RB,17,0.0,0.0,0.0,318.8,2.1,12.3,94.3,0.5,0.0,0.0,0.0,0.0,3.9,66.8
625,25103,Malik Washington,MIA,WR,17,0.0,0.0,0.0,18.4,0.0,29.2,271.7,1.6,0.0,0.0,0.0,0.0,3.9,66.8
626,23557,Josh Jobe,SEA,CB,17,0.0,0.0,0.0,0.0,0.0,0.0,0.0,0.0,0.1,0.8,0.7,0.4,3.9,66.6
627,25708,Brandon Codrington,BUF,CB,17,0.0,0.0,0.0,0.0,0.0,0.0,0.0,0.0,0.2,0.5,0.9,0.4,3.9,66.4
628,20938,Kendall Sheffield,MIA,CB,17,0.0,0.0,0.0,0.0,0.0,0.0,0.0,0.0,0.2,0.8,0.9,0.4,3.9,66.4
629,19870,Donte Jackson,LAC,CB,17,0.0,0.0,0.0,0.0,0.0,0.0,0.0,0.0,0.0,2.0,0.8,0.4,3.9,66.3
630,24285,Dee Winters,SF,LB,17,0.0,0.0,0.0,0.0,0.0,0.0,0.0,0.0,1.3,0.2,0.6,0.3,3.9,66.2
631,22786,Eric Stokes,LV,CB,17,0.0,0.0,0.0,0.0,0.0,0.0,0.0,0.0,0.1,0.5,0.8,0.4,3.9,65.9
632,18292,Roy Robertson-Harris,NYG,DT,17,0.0,0.0,0.0,0.0,0.0,0.0,0.0,0.0,3.3,0.2,0.5,0.3,3.8,65.4
633,25160,Jalyx Hunt,PHI,OLB,17,0.0,0.0,0.0,0.0,0.0,0.0,0.0,0.0,3.3,0.4,0.5,0.3,3.8,65.3
634,25280,Ruke Orhorhoro,ATL,DT,17,0.0,0.0,0.0,0.0,0.0,0.0,0.0,0.0,1.6,0.5,0.7,0.3,3.8,65.2
635,18938,Dalvin Tomlinson,ARI,DT,17,0.0,0.0,0.0,0.0,0.0,0.0,0.0,0.0,3.6,0.3,0.6,0.3,3.8,64.9
636,22778,Khyiris Tonga,NE,DT,17,0.0,0.0,0.0,0.0,0.0,0.0,0.0,0.0,0.6,0.4,0.5,0.3,3.8,64.7
637,23395,Christian Watson,GB,WR,17,0.0,0.0,0.0,13.8,0.0,18.8,352.0,1.7,0.0,0.0,0.0,0.0,3.8,64.6
638,24928,Nate Wiggins,BAL,CB,17,0.0,0.0,0.0,0.0,0.0,0.0,0.0,0.0,0.1,0.7,0.8,0.4,3.8,64.3
639,22744,Milton Williams,NE,DE,17,0.0,0.0,0.0,0.0,0.0,0.0,0.0,0.0,3.5,0.3,0.5,0.3,3.8,64.0
640,23140,Michael Mayer,LV,TE,17,0.0,0.0,0.0,0.0,0.0,28.9,263.2,1.5,0.0,0.0,0.0,0.0,3.8,64.0
641,19868,Isaiah Oliver,NYJ,CB,17,0.0,0.0,0.0,0.0,0.0,0.0,0.0,0.0,0.6,0.8,0.6,0.3,3.7,63.7
642,24214,Keaton Mitchell,BAL,RB,17,0.0,0.0,0.0,330.8,1.9,9.2,81.7,0.4,0.0,0.0,0.0,0.0,3.7,63.6
643,25039,Roman Wilson,PIT,WR,17,0.0,0.0,0.0,0.0,0.0,23.7,285.9,1.9,0.0,0.0,0.0,0.0,3.7,63.5
644,19207,Tim Patrick,DET,WR,17,0.0,0.0,0.0,0.0,0.0,23.6,280.0,2.0,0.0,0.0,0.0,0.0,3.7,63.4
645,24106,DJ Turner II,CIN,CB,17,0.0,0.0,0.0,0.0,0.0,0.0,0.0,0.0,0.5,0.1,0.7,0.3,3.7,63.4
646,24481,Zaire Barnes,NYJ,LB,17,0.0,0.0,0.0,0.0,0.0,0.0,0.0,0.0,1.2,0.5,0.5,0.2,3.7,63.3
647,19053,Davon Godchaux,NO,DT,17,0.0,0.0,0.0,0.0,0.0,0.0,0.0,0.0,0.2,0.2,0.5,0.3,3.7,63.3
648,19847,Mike Hughes,ATL,CB,17,0.0,0.0,0.0,0.0,0.0,0.0,0.0,0.0,0.0,0.4,0.8,0.4,3.7,63.2
649,24135,Kelee Ringo,PHI,CB,17,0.0,0.0,0.0,0.0,0.0,0.0,0.0,0.0,0.2,1.9,0.7,0.3,3.7,63.2
650,25953,Ollie Gordon II,MIA,RB,17,0.0,0.0,0.0,286.9,2.4,10.1,93.4,0.4,0.0,0.0,0.0,0.0,3.7,63.1
651,25349,Jonah Laulu,LV,DT,17,0.0,0.0,0.0,0.0,0.0,0.0,0.0,0.0,1.6,0.3,0.6,0.3,3.7,63.1
652,26052,Will Johnson,ARI,CB,17,0.0,0.0,0.0,0.0,0.0,0.0,0.0,0.0,0.0,0.8,0.8,0.4,3.7,63.0
653,23289,Dane Belton,NYG,S,17,0.0,0.0,0.0,0.0,0.0,0.0,0.0,0.0,0.7,1.3,0.5,0.2,3.7,62.9
654,25030,Quinyon Mitchell,PHI,CB,17,0.0,0.0,0.0,0.0,0.0,0.0,0.0,0.0,0.0,0.4,0.9,0.4,3.7,62.6
655,25998,Jalon Walker,ATL,LB,17,0.0,0.0,0.0,0.0,0.0,0.0,0.0,0.0,0.0,0.7,0.7,0.4,3.7,62.6
656,26174,Marques Sigle,SF,S,17,0.0,0.0,0.0,0.0,0.0,0.0,0.0,0.0,0.0,0.5,0.7,0.4,3.7,62.3
657,26046,Maxwell Hairston,BUF,CB,17,0.0,0.0,0.0,0.0,0.0,0.0,0.0,0.0,0.0,0.6,0.9,0.5,3.6,61.9
658,25250,Cedric Gray,TEN,LB,17,0.0,0.0,0.0,0.0,0.0,0.0,0.0,0.0,1.6,0.2,0.2,0.1,3.6,61.8
659,26133,Caleb Ransaw,JAX,DB,17,0.0,0.0,0.0,0.0,0.0,0.0,0.0,0.0,0.0,0.6,0.6,0.3,3.6,61.4
660,24068,KaVontae Turpin,DAL,WR,17,0.0,0.0,0.0,76.4,0.5,19.3,244.7,1.3,0.0,0.0,0.0,0.0,3.6,61.2
661,26124,Robbie Ouzts,SEA,FB,17,0.0,0.0,0.0,0.0,0.0,26.6,265.9,1.5,0.0,0.0,0.0,0.0,3.6,61.2
662,18047,Demarcus Robinson,SF,WR,17,0.0,0.0,0.0,1.0,0.0,18.1,297.6,2.2,0.0,0.0,0.0,0.0,3.6,61.2
663,24968,Cooper DeJean,PHI,DB,17,0.0,0.0,0.0,0.0,0.0,0.0,0.0,0.0,0.6,0.5,0.7,0.3,3.6,61.0
664,22051,Trevon Diggs,DAL,CB,11,0.0,0.0,0.0,0.0,0.0,0.0,0.0,0.0,0.0,1.3,0.7,0.3,5.5,61.0
665,26024,Jahdae Barron,DEN,CB,17,0.0,0.0,0.0,0.0,0.0,0.0,0.0,0.0,0.0,0.6,0.8,0.4,3.6,61.0
666,24263,DeMarvion Overshown,DAL,LB,14,0.0,0.0,0.0,0.0,0.0,0.0,0.0,0.0,2.1,0.4,0.4,0.2,4.3,60.8
667,18993,Samaje Perine,CIN,RB,17,0.0,0.0,0.0,148.4,1.1,19.5,160.6,0.7,0.0,0.0,0.0,0.0,3.5,60.0
668,25102,Will Shipley,PHI,RB,17,0.0,0.0,0.0,292.3,1.8,9.9,76.5,0.4,0.0,0.0,0.0,0.0,3.5,59.2
669,21861,Antonio Gibson,NE,RB,17,0.0,0.0,0.0,215.2,1.0,16.0,134.3,0.4,0.0,0.0,0.0,0.0,3.5,59.1
670,26035,Jacob Parrish,TB,CB,17,0.0,0.0,0.0,0.0,0.0,0.0,0.0,0.0,0.0,0.7,0.8,0.4,3.5,58.9
671,19070,Chuck Clark,PIT,S,17,0.0,0.0,0.0,0.0,0.0,0.0,0.0,0.0,0.7,0.3,0.6,0.3,3.5,58.9
672,25022,Byron Murphy II,SEA,DT,17,0.0,0.0,0.0,0.0,0.0,0.0,0.0,0.0,1.2,0.3,0.5,0.3,3.4,58.4
673,18083,DJ Reader,DET,DT,17,0.0,0.0,0.0,0.0,0.0,0.0,0.0,0.0,2.3,0.2,0.5,0.3,3.4,58.1
674,22562,Kenneth Gainwell,PIT,RB,17,0.0,0.0,0.0,222.1,1.3,15.3,104.7,0.5,0.0,0.0,0.0,0.0,3.4,58.0
675,23186,Spencer Rattler,NO,QB,17,929.3,5.1,3.7,87.4,0.3,0.0,0.0,0.0,0.0,0.0,0.0,0.0,3.4,57.7
676,22803,T.J. Slaton Jr.,CIN,DT,17,0.0,0.0,0.0,0.0,0.0,0.0,0.0,0.0,0.8,0.1,0.5,0.3,3.4,57.7
677,20899,Josh Oliver,MIN,TE,17,0.0,0.0,0.0,0.0,0.0,21.9,239.5,2.0,0.0,0.0,0.0,0.0,3.4,57.6
678,22866,Naquan Jones,LAC,DT,17,0.0,0.0,0.0,0.0,0.0,0.0,0.0,0.0,3.0,0.2,0.4,0.2,3.4,57.6
679,26194,Upton Stout,SF,CB,17,0.0,0.0,0.0,0.0,0.0,0.0,0.0,0.0,0.0,0.5,0.7,0.4,3.4,57.5
680,25949,Tahj Brooks,CIN,RB,17,0.0,0.0,0.0,259.3,2.1,10.3,84.8,0.3,0.0,0.0,0.0,0.0,3.4,57.5
681,25924,Tai Felton,MIN,WR,17,0.0,0.0,0.0,4.7,0.0,20.8,247.1,1.9,0.0,0.0,0.0,0.0,3.4,57.4
682,21934,L'Jarius Sneed,TEN,CB,11,0.0,0.0,0.0,0.0,0.0,0.0,0.0,0.0,0.0,1.0,0.6,0.3,5.2,56.7
683,19993,Folorunso Fatukasi,HOU,DT,17,0.0,0.0,0.0,0.0,0.0,0.0,0.0,0.0,0.8,0.2,0.5,0.3,3.3,56.6
684,21739,Van Jefferson,TEN,WR,17,0.0,0.0,0.0,0.0,0.0,20.2,258.0,1.8,0.0,0.0,0.0,0.0,3.3,56.6
685,23168,Skyy Moore,SF,WR,17,0.0,0.0,0.0,0.0,0.0,21.3,256.6,1.6,0.0,0.0,0.0,0.0,3.3,56.6
686,19124,D.J. Jones,DEN,DT,17,0.0,0.0,0.0,0.0,0.0,0.0,0.0,0.0,1.6,0.2,0.6,0.3,3.3,56.4
687,26021,Trey Amos,WAS,CB,17,0.0,0.0,0.0,0.0,0.0,0.0,0.0,0.0,0.0,0.6,0.6,0.3,3.3,56.0
688,23552,Cobie Durant,LAR,CB,17,0.0,0.0,0.0,0.0,0.0,0.0,0.0,0.0,0.6,0.5,0.7,0.3,3.3,55.8
689,23515,Jordan Davis,PHI,DT,17,0.0,0.0,0.0,0.0,0.0,0.0,0.0,0.0,2.0,0.2,0.5,0.3,3.3,55.5
690,24116,Blake Corum,LAR,RB,17,0.0,0.0,0.0,297.7,1.9,8.0,58.7,0.2,0.0,0.0,0.0,0.0,3.3,55.4
691,25846,Dondrea Tillman,DEN,OLB,17,0.0,0.0,0.0,0.0,0.0,0.0,0.0,0.0,4.5,0.2,0.3,0.1,3.2,55.1
692,26162,Justin Walley,IND,CB,17,0.0,0.0,0.0,0.0,0.0,0.0,0.0,0.0,0.0,0.6,0.7,0.4,3.2,54.9
693,19026,Rayshawn Jenkins,CLE,SS,17,0.0,0.0,0.0,0.0,0.0,0.0,0.0,0.0,0.8,0.5,0.5,0.2,3.2,54.7
694,21868,Benito Jones,MIA,DT,17,0.0,0.0,0.0,0.0,0.0,0.0,0.0,0.0,0.8,0.2,0.6,0.3,3.2,54.7
695,24309,Emanuel Wilson,GB,RB,17,0.0,0.0,0.0,256.3,1.5,10.0,67.6,0.6,0.0,0.0,0.0,0.0,3.2,54.4
696,25098,Jalen McMillan,TB,WR,17,0.0,0.0,0.0,19.4,0.0,17.4,221.0,2.2,0.0,0.0,0.0,0.0,3.2,54.2
697,21869,DaVon Hamilton,JAX,DT,17,0.0,0.0,0.0,0.0,0.0,0.0,0.0,0.0,0.4,0.2,0.5,0.3,3.2,54.0
698,22059,Jordan Elliott,SF,DT,17,0.0,0.0,0.0,0.0,0.0,0.0,0.0,0.0,2.3,0.2,0.6,0.3,3.2,53.9
699,26068,Demetrius Knight Jr.,CIN,LB,17,0.0,0.0,0.0,0.0,0.0,0.0,0.0,0.0,0.0,0.3,0.5,0.3,3.1,53.5
700,23382,Jermaine Johnson,NYJ,LB,17,0.0,0.0,0.0,0.0,0.0,0.0,0.0,0.0,0.0,0.8,0.6,0.3,3.1,53.4
701,23223,Dameon Pierce,HOU,RB,17,0.0,0.0,0.0,257.2,2.2,8.9,67.4,0.0,0.0,0.0,0.0,0.0,3.1,53.0
702,24108,Emmanuel Forbes Jr.,LAR,CB,17,0.0,0.0,0.0,0.0,0.0,0.0,0.0,0.0,0.1,1.4,0.6,0.3,3.1,52.8
703,20850,Dawson Knox,BUF,TE,17,0.0,0.0,0.0,0.0,0.0,19.4,236.6,1.6,0.0,0.0,0.0,0.0,3.1,52.7
704,18555,Morgan Fox,ATL,DL,17,0.0,0.0,0.0,0.0,0.0,0.0,0.0,0.0,4.1,0.2,0.4,0.2,3.1,52.5
705,26041,Kenneth Grant,MIA,DT,17,0.0,0.0,0.0,0.0,0.0,0.0,0.0,0.0,0.0,0.6,0.7,0.3,3.1,52.2
706,17979,A'Shawn Robinson,CAR,DE,17,0.0,0.0,0.0,0.0,0.0,0.0,0.0,0.0,2.0,0.1,0.3,0.2,3.1,52.2
707,18911,Derek Barnett,HOU,DE,17,0.0,0.0,0.0,0.0,0.0,0.0,0.0,0.0,3.4,0.1,0.3,0.2,3.1,52.2
708,23532,Sam Williams,DAL,DE,17,0.0,0.0,0.0,0.0,0.0,0.0,0.0,0.0,3.9,0.2,0.3,0.2,3.1,52.0
709,22906,Alim McNeill,DET,DL,11,0.0,0.0,0.0,0.0,0.0,0.0,0.0,0.0,3.4,0.2,0.4,0.2,4.7,52.0
710,22721,Bobby Brown III,CAR,DT,17,0.0,0.0,0.0,0.0,0.0,0.0,0.0,0.0,0.6,0.2,0.5,0.2,3.0,51.8
711,20941,Devin Singletary,NYG,RB,17,0.0,0.0,0.0,253.0,1.7,9.8,71.1,0.1,0.0,0.0,0.0,0.0,3.0,51.8
712,23158,Jermaine Burton,CIN,WR,17,0.0,0.0,0.0,2.6,0.0,16.6,237.0,1.9,0.0,0.0,0.0,0.0,3.0,51.8
713,25992,Mason Graham,CLE,DT,17,0.0,0.0,0.0,0.0,0.0,0.0,0.0,0.0,0.0,0.6,0.6,0.3,3.0,51.6
714,26022,Azareye'h Thomas,NYJ,CB,17,0.0,0.0,0.0,0.0,0.0,0.0,0.0,0.0,0.0,0.6,0.5,0.3,3.0,51.4
715,19016,Samson Ebukam,IND,DE,17,0.0,0.0,0.0,0.0,0.0,0.0,0.0,0.0,3.9,0.2,0.4,0.2,3.0,51.3
716,19238,Taysom Hill,NO,QB,17,0.0,0.0,0.0,88.9,1.8,14.7,128.3,0.8,0.0,0.0,0.0,0.0,3.0,51.0
717,22662,Tommy Tremble,CAR,TE,17,0.0,0.0,0.0,0.0,0.0,20.8,197.3,1.9,0.0,0.0,0.0,0.0,3.0,50.9
718,25993,Walter Nolen III,ARI,DT,17,0.0,0.0,0.0,0.0,0.0,0.0,0.0,0.0,0.0,0.8,0.6,0.3,3.0,50.9
719,19882,Jerome Baker,CLE,LB,17,0.0,0.0,0.0,0.0,0.0,0.0,0.0,0.0,0.9,0.3,0.3,0.2,3.0,50.9
720,25911,Jalen Royals,KC,WR,17,0.0,0.0,0.0,2.6,0.0,19.8,236.5,1.2,0.0,0.0,0.0,0.0,3.0,50.7
721,18904,Solomon Thomas,DAL,DT,17,0.0,0.0,0.0,0.0,0.0,0.0,0.0,0.0,2.9,0.1,0.3,0.2,3.0,50.6
722,24283,Keeanu Benton,PIT,DL,17,0.0,0.0,0.0,0.0,0.0,0.0,0.0,0.0,0.9,0.6,0.7,0.3,3.0,50.5
723,24427,Moro Ojomo,PHI,DT,17,0.0,0.0,0.0,0.0,0.0,0.0,0.0,0.0,1.2,0.5,0.6,0.3,3.0,50.2
724,24194,Sean Tucker,TB,RB,17,0.0,0.0,0.0,250.4,1.4,7.4,65.5,0.6,0.0,0.0,0.0,0.0,3.0,50.2
725,23308,Alex Wright,CLE,DE,17,0.0,0.0,0.0,0.0,0.0,0.0,0.0,0.0,3.2,0.2,0.4,0.2,2.9,50.0
726,21714,K.J. Osborn,WAS,WR,17,0.0,0.0,0.0,0.0,0.0,19.8,206.0,1.6,0.0,0.0,0.0,0.0,2.9,49.8
727,25970,Terrance Ferguson,LAR,TE,17,0.0,0.0,0.0,0.0,0.0,19.8,206.7,1.7,0.0,0.0,0.0,0.0,2.9,49.7
728,21994,Troy Dye,LAC,LB,17,0.0,0.0,0.0,0.0,0.0,0.0,0.0,0.0,1.3,0.1,0.2,0.1,2.9,49.2
729,22377,Bryce Huff,SF,DE,17,0.0,0.0,0.0,0.0,0.0,0.0,0.0,0.0,5.0,0.1,0.3,0.1,2.9,49.0
730,18883,JuJu Smith-Schuster,KC,WR,17,0.0,0.0,0.0,0.0,0.0,17.9,209.9,1.6,0.0,0.0,0.0,0.0,2.8,48.3
731,24990,Jarquez Hunter,LAR,RB,17,0.0,0.0,0.0,240.2,1.7,7.7,59.6,0.3,0.0,0.0,0.0,0.0,2.8,48.3
732,24192,Carrington Valentine,GB,CB,17,0.0,0.0,0.0,0.0,0.0,0.0,0.0,0.0,0.0,0.8,0.5,0.3,2.8,48.1
733,23544,Jack Sanborn,DAL,LB,17,0.0,0.0,0.0,0.0,0.0,0.0,0.0,0.0,1.1,0.2,0.3,0.1,2.8,48.0
734,22535,Elijah Mitchell,KC,RB,17,0.0,0.0,0.0,231.3,1.8,7.7,46.1,0.3,0.0,0.0,0.0,0.0,2.8,47.8
735,21882,Darrell Taylor,HOU,DE,17,0.0,0.0,0.0,0.0,0.0,0.0,0.0,0.0,2.6,0.1,0.3,0.2,2.8,47.8
736,25987,Chimere Dike,TEN,WR,17,0.0,0.0,0.0,5.3,0.0,16.8,221.4,1.4,0.0,0.0,0.0,0.0,2.8,47.7
737,24063,Jeremiah Pharms Jr.,NE,DT,17,0.0,0.0,0.0,0.0,0.0,0.0,0.0,0.0,2.2,0.2,0.3,0.2,2.8,47.5
738,22592,Elijah Moore,BUF,WR,17,0.0,0.0,0.0,1.7,0.0,19.4,208.1,1.2,0.0,0.0,0.0,0.0,2.8,47.4
739,19878,Tyquan Lewis,IND,DE,17,0.0,0.0,0.0,0.0,0.0,0.0,0.0,0.0,2.5,0.1,0.4,0.2,2.8,47.4
740,25996,Mykel Williams,SF,DL,17,0.0,0.0,0.0,0.0,0.0,0.0,0.0,0.0,0.0,0.5,0.6,0.3,2.8,47.2
741,23392,Kingsley Enagbare,GB,DL,17,0.0,0.0,0.0,0.0,0.0,0.0,0.0,0.0,2.5,0.1,0.3,0.2,2.8,47.2
742,23526,Jayden Peevy,NO,DT,17,0.0,0.0,0.0,0.0,0.0,0.0,0.0,0.0,2.8,0.3,0.3,0.1,2.8,47.1
743,16100,Brent Urban,BAL,DE,17,0.0,0.0,0.0,0.0,0.0,0.0,0.0,0.0,2.0,0.2,0.4,0.2,2.8,46.9
744,26016,Abdul Carter,NYG,LB,17,0.0,0.0,0.0,0.0,0.0,0.0,0.0,0.0,0.0,0.6,0.5,0.3,2.8,46.9
745,20773,Kevin Givens,SF,DL,10,0.0,0.0,0.0,0.0,0.0,0.0,0.0,0.0,3.7,0.2,0.3,0.2,4.7,46.8
746,25151,Decamerion Richardson,LV,CB,17,0.0,0.0,0.0,0.0,0.0,0.0,0.0,0.0,0.0,0.4,0.5,0.3,2.7,46.7
747,25584,Jarius Monroe,NYJ,S,9,0.0,0.0,0.0,0.0,0.0,0.0,0.0,0.0,0.2,0.5,0.4,0.2,5.2,46.5
748,25876,Oronde Gadsden,LAC,TE,17,0.0,0.0,0.0,0.0,0.0,18.9,187.4,1.5,0.0,0.0,0.0,0.0,2.7,46.4
749,25994,Derrick Harmon,PIT,DT,17,0.0,0.0,0.0,0.0,0.0,0.0,0.0,0.0,0.0,0.5,0.7,0.3,2.7,46.4
750,25948,Trevor Etienne,CAR,RB,17,0.0,0.0,0.0,187.5,1.5,10.3,78.8,0.3,0.0,0.0,0.0,0.0,2.7,46.3
751,26028,Chris Paul Jr.,LAR,LB,17,0.0,0.0,0.0,0.0,0.0,0.0,0.0,0.0,0.0,0.3,0.3,0.2,2.7,46.3
752,21332,Troy Reeder,LAR,ILB,17,0.0,0.0,0.0,0.0,0.0,0.0,0.0,0.0,0.1,0.1,0.3,0.2,2.7,46.0
753,26108,Ryan Fitzgerald,CAR,K,17,0.0,0.0,0.0,0.0,0.0,0.0,0.0,0.0,0.0,0.0,0.0,0.0,2.7,45.9
754,21881,A.J. Epenesa,BUF,DE,17,0.0,0.0,0.0,0.0,0.0,0.0,0.0,0.0,3.5,0.4,0.4,0.2,2.7,45.8
755,25952,Kyle Monangai,CHI,RB,17,0.0,0.0,0.0,248.5,2.0,5.3,38.8,0.0,0.0,0.0,0.0,0.0,2.7,45.6
756,19864,Anthony Miller,BAL,WR,17,0.0,0.0,0.0,0.0,0.0,16.8,185.3,1.7,0.0,0.0,0.0,0.0,2.7,45.5
757,24213,Cameron Mitchell,CLE,CB,17,0.0,0.0,0.0,0.0,0.0,0.0,0.0,0.0,0.7,0.3,0.5,0.2,2.7,45.1
758,15090,Johnathan Hankins,SEA,DT,17,0.0,0.0,0.0,0.0,0.0,0.0,0.0,0.0,2.0,0.4,0.4,0.2,2.6,45.0
759,24985,Ben Sinnott,WAS,TE,17,0.0,0.0,0.0,0.0,0.0,17.7,178.1,1.6,0.0,0.0,0.0,0.0,2.6,44.9
760,19020,Deatrich Wise Jr.,WAS,DE,17,0.0,0.0,0.0,0.0,0.0,0.0,0.0,0.0,2.6,0.1,0.3,0.1,2.6,44.6
761,17949,Sheldon Rankins,HOU,DT,17,0.0,0.0,0.0,0.0,0.0,0.0,0.0,0.0,2.5,0.1,0.3,0.2,2.6,44.4
762,24282,Karl Brooks,GB,DL,17,0.0,0.0,0.0,0.0,0.0,0.0,0.0,0.0,3.0,0.1,0.3,0.2,2.6,44.4
763,20757,Clelin Ferrell,WAS,DE,17,0.0,0.0,0.0,0.0,0.0,0.0,0.0,0.0,2.6,0.1,0.3,0.1,2.6,44.2
764,20901,Charles Omenihu,KC,DE,17,0.0,0.0,0.0,0.0,0.0,0.0,0.0,0.0,3.1,0.2,0.3,0.2,2.6,44.1
765,25224,Tyler Davis,LAR,DE,17,0.0,0.0,0.0,0.0,0.0,0.0,0.0,0.0,1.2,0.2,0.4,0.2,2.6,44.0
766,24132,Myles Murphy,CIN,DE,17,0.0,0.0,0.0,0.0,0.0,0.0,0.0,0.0,2.2,0.1,0.3,0.2,2.6,43.5
767,23155,Jahan Dotson,PHI,WR,17,0.0,0.0,0.0,2.2,0.0,18.1,187.3,1.1,0.0,0.0,0.0,0.0,2.6,43.5
768,24150,Luke Musgrave,GB,TE,17,0.0,0.0,0.0,0.0,0.0,18.3,170.9,1.3,0.0,0.0,0.0,0.0,2.5,43.2
769,24269,Ventrell Miller,JAX,LB,17,0.0,0.0,0.0,0.0,0.0,0.0,0.0,0.0,0.4,0.1,0.2,0.1,2.5,43.1
770,24984,Jamari Thrash,CLE,WR,17,0.0,0.0,0.0,0.0,0.0,18.2,210.1,0.7,0.0,0.0,0.0,0.0,2.5,43.0
771,21996,Malik Harrison,PIT,LB,17,0.0,0.0,0.0,0.0,0.0,0.0,0.0,0.0,0.9,0.1,0.3,0.1,2.5,43.0
772,23429,Tycen Anderson,CIN,S,17,0.0,0.0,0.0,0.0,0.0,0.0,0.0,0.0,0.3,0.3,0.4,0.2,2.5,42.9
773,24518,Mohamoud Diabate,CLE,LB,17,0.0,0.0,0.0,0.0,0.0,0.0,0.0,0.0,0.4,0.1,0.3,0.2,2.5,42.8
774,23010,Brock Wright,DET,TE,17,0.0,0.0,0.0,0.0,0.0,15.9,136.9,2.2,0.0,0.0,0.0,0.0,2.5,42.8
775,19952,Kentavius Street,ATL,DL,17,0.0,0.0,0.0,0.0,0.0,0.0,0.0,0.0,1.9,0.2,0.4,0.2,2.5,42.7
776,24655,Christian Izien,TB,S,17,0.0,0.0,0.0,0.0,0.0,0.0,0.0,0.0,0.0,0.8,0.5,0.2,2.5,42.5
777,25900,DJ Giddens,IND,RB,17,0.0,0.0,0.0,183.3,1.4,8.8,63.9,0.1,0.0,0.0,0.0,0.0,2.5,42.3
778,24311,Jaleel McLaughlin,DEN,RB,17,0.0,0.0,0.0,173.9,0.7,11.7,76.1,0.4,0.0,0.0,0.0,0.0,2.5,42.3
779,25888,Devin Neal,NO,RB,17,0.0,0.0,0.0,205.6,1.3,6.6,49.8,0.4,0.0,0.0,0.0,0.0,2.5,42.1
780,26101,Isaac TeSlaa,DET,WR,17,0.0,0.0,0.0,0.0,0.0,14.1,200.3,1.3,0.0,0.0,0.0,0.0,2.5,41.9
781,26064,Andrew Mukuba,PHI,S,17,0.0,0.0,0.0,0.0,0.0,0.0,0.0,0.0,0.0,0.4,0.5,0.2,2.5,41.8
782,15194,John Jenkins,BAL,DT,17,0.0,0.0,0.0,0.0,0.0,0.0,0.0,0.0,0.7,0.1,0.4,0.2,2.5,41.8
783,17958,Emmanuel Ogbah,JAX,DL,17,0.0,0.0,0.0,0.0,0.0,0.0,0.0,0.0,3.1,0.5,0.2,0.1,2.4,41.5
784,23602,Tristin McCollum,PHI,S,17,0.0,0.0,0.0,0.0,0.0,0.0,0.0,0.0,0.1,0.2,0.4,0.2,2.4,41.3
785,24440,Dante Stills,ARI,DT,17,0.0,0.0,0.0,0.0,0.0,0.0,0.0,0.0,2.5,0.1,0.3,0.1,2.4,41.2
786,24986,Cade Stover,HOU,TE,17,0.0,0.0,0.0,0.0,0.0,17.7,155.2,1.3,0.0,0.0,0.0,0.0,2.4,41.0
787,16796,Mario Edwards Jr.,HOU,DT,17,0.0,0.0,0.0,0.0,0.0,0.0,0.0,0.0,1.6,0.1,0.3,0.2,2.4,41.0
788,18422,Kalif Raymond,DET,WR,17,0.0,0.0,0.0,5.2,0.0,14.5,194.5,1.2,0.0,0.0,0.0,0.0,2.4,40.9
789,23615,Ja'Sir Taylor,LAC,DB,17,0.0,0.0,0.0,0.0,0.0,0.0,0.0,0.0,0.1,0.5,0.4,0.2,2.4,40.8
790,22000,Justin Strnad,DEN,ILB,17,0.0,0.0,0.0,0.0,0.0,0.0,0.0,0.0,1.1,0.1,0.3,0.1,2.4,40.6
791,22796,Charles Snowden,LV,DE,17,0.0,0.0,0.0,0.0,0.0,0.0,0.0,0.0,1.4,0.2,0.3,0.2,2.4,40.5
792,19105,Al-Quadin Muhammad,DET,DE,17,0.0,0.0,0.0,0.0,0.0,0.0,0.0,0.0,2.9,0.2,0.2,0.1,2.4,40.3
793,26182,Quincy Riley,NO,DB,17,0.0,0.0,0.0,0.0,0.0,0.0,0.0,0.0,0.0,0.5,0.4,0.2,2.4,40.3
794,26332,Micah Robinson,GB,CB,17,0.0,0.0,0.0,0.0,0.0,0.0,0.0,0.0,0.0,0.4,0.5,0.2,2.4,40.1
795,24201,Nick Herbig,PIT,LB,17,0.0,0.0,0.0,0.0,0.0,0.0,0.0,0.0,3.5,0.2,0.3,0.1,2.4,40.1
796,21373,P.J. Locke,DEN,S,17,0.0,0.0,0.0,0.0,0.0,0.0,0.0,0.0,1.0,0.3,0.4,0.2,2.3,39.8
797,19987,Ogbo Okoronkwo,PHI,DE,17,0.0,0.0,0.0,0.0,0.0,0.0,0.0,0.0,2.7,0.1,0.3,0.1,2.3,39.8
798,21050,Sean Murphy-Bunting,ARI,CB,10,0.0,0.0,0.0,0.0,0.0,0.0,0.0,0.0,0.0,1.0,0.5,0.2,4.0,39.7
799,24243,Jakorian Bennett,PHI,CB,17,0.0,0.0,0.0,0.0,0.0,0.0,0.0,0.0,0.0,0.3,0.5,0.3,2.3,39.7
800,24448,Tyrus Wheat,DAL,DE,17,0.0,0.0,0.0,0.0,0.0,0.0,0.0,0.0,1.4,0.1,0.3,0.2,2.3,39.6
801,25012,Kris Jenkins Jr.,CIN,DT,17,0.0,0.0,0.0,0.0,0.0,0.0,0.0,0.0,1.9,0.1,0.3,0.2,2.3,39.5
802,14901,Kyle Juszczyk,SF,FB,17,0.0,0.0,0.0,22.9,0.5,14.5,140.6,1.1,0.0,0.0,0.0,0.0,2.3,39.5
803,25976,Jaylin Lane,WAS,WR,17,0.0,0.0,0.0,7.6,0.0,16.4,170.5,0.9,0.0,0.0,0.0,0.0,2.3,39.4
804,24125,Jalin Hyatt,NYG,WR,17,0.0,0.0,0.0,0.0,0.0,16.0,188.0,0.8,0.0,0.0,0.0,0.0,2.3,39.4
805,22697,Zaven Collins,ARI,OLB,17,0.0,0.0,0.0,0.0,0.0,0.0,0.0,0.0,1.8,0.3,0.3,0.1,2.3,39.3
806,24229,Daniel Scott,IND,S,17,0.0,0.0,0.0,0.0,0.0,0.0,0.0,0.0,0.2,0.3,0.5,0.2,2.3,39.2
807,18926,Zay Jones,ARI,WR,17,0.0,0.0,0.0,4.1,0.0,15.3,170.1,1.1,0.0,0.0,0.0,0.0,2.3,39.1
808,24970,Jonah Elliss,DEN,OLB,17,0.0,0.0,0.0,0.0,0.0,0.0,0.0,0.0,2.6,0.2,0.3,0.1,2.3,39.1
809,18002,Jonathan Bullard,NO,DE,17,0.0,0.0,0.0,0.0,0.0,0.0,0.0,0.0,0.7,0.1,0.3,0.1,2.3,39.0
810,23456,Isaiah Thomas,CIN,DE,17,0.0,0.0,0.0,0.0,0.0,0.0,0.0,0.0,0.9,0.2,0.3,0.1,2.3,39.0
811,24987,Luke McCaffrey,WAS,WR,17,0.0,0.0,0.0,1.9,0.0,17.0,163.9,0.9,0.0,0.0,0.0,0.0,2.3,38.8
812,23527,LaBryan Ray,CAR,DE,17,0.0,0.0,0.0,0.0,0.0,0.0,0.0,0.0,0.8,0.1,0.3,0.2,2.3,38.7
813,22775,Joe Tryon-Shoyinka,CLE,DE,17,0.0,0.0,0.0,0.0,0.0,0.0,0.0,0.0,1.9,0.1,0.4,0.2,2.3,38.6
814,25299,Darius Robinson,ARI,DL,17,0.0,0.0,0.0,0.0,0.0,0.0,0.0,0.0,2.3,0.3,0.3,0.1,2.3,38.5
815,21899,Malcolm Roach,DEN,DT,17,0.0,0.0,0.0,0.0,0.0,0.0,0.0,0.0,1.3,0.1,0.3,0.2,2.2,38.2
816,23486,Grant Calcaterra,PHI,TE,17,0.0,0.0,0.0,0.0,0.0,14.9,172.3,1.0,0.0,0.0,0.0,0.0,2.2,38.1
817,23381,Boye Mafe,SEA,LB,17,0.0,0.0,0.0,0.0,0.0,0.0,0.0,0.0,2.9,0.1,0.2,0.1,2.2,38.0
818,22083,Leki Fotu,LV,DT,17,0.0,0.0,0.0,0.0,0.0,0.0,0.0,0.0,1.8,0.2,0.3,0.1,2.2,38.0
819,24288,Luke Schoonmaker,DAL,TE,17,0.0,0.0,0.0,0.0,0.0,16.4,149.9,1.1,0.0,0.0,0.0,0.0,2.2,38.0
820,23646,Jake Hummel,BAL,ILB,17,0.0,0.0,0.0,0.0,0.0,0.0,0.0,0.0,0.2,0.2,0.3,0.1,2.2,37.9
821,20679,KhaDarel Hodge,ATL,WR,17,0.0,0.0,0.0,1.7,0.0,13.5,184.0,1.0,0.0,0.0,0.0,0.0,2.2,37.9
822,23948,Elijah Garcia,NYG,DL,17,0.0,0.0,0.0,0.0,0.0,0.0,0.0,0.0,2.1,0.2,0.3,0.1,2.2,37.8
823,24275,Tavius Robinson,BAL,OLB,17,0.0,0.0,0.0,0.0,0.0,0.0,0.0,0.0,1.8,0.1,0.3,0.1,2.2,37.8
824,23739,Ben Stille,MIA,DT,17,0.0,0.0,0.0,0.0,0.0,0.0,0.0,0.0,2.2,0.2,0.3,0.2,2.2,37.7
825,24083,Tyree Wilson,LV,DE,17,0.0,0.0,0.0,0.0,0.0,0.0,0.0,0.0,2.3,0.1,0.3,0.2,2.2,37.7
826,16319,Shelby Harris,CLE,DT,17,0.0,0.0,0.0,0.0,0.0,0.0,0.0,0.0,1.1,0.1,0.4,0.2,2.2,37.6
827,18924,Adoree' Jackson,PHI,CB,17,0.0,0.0,0.0,0.0,0.0,0.0,0.0,0.0,0.0,0.4,0.5,0.2,2.2,37.6
828,25179,Marshawn Kneeland,DAL,DE,17,0.0,0.0,0.0,0.0,0.0,0.0,0.0,0.0,0.9,0.2,0.3,0.2,2.2,37.5
829,19887,Nathan Shepherd,NO,DT,17,0.0,0.0,0.0,0.0,0.0,0.0,0.0,0.0,1.3,0.2,0.3,0.1,2.2,37.5
830,24375,Josh Whyle,TEN,TE,17,0.0,0.0,0.0,0.0,0.0,17.8,163.0,0.6,0.0,0.0,0.0,0.0,2.2,37.5
831,24609,Emari Demercado,ARI,RB,17,0.0,0.0,0.0,150.3,0.7,11.1,66.7,0.1,0.0,0.0,0.0,0.0,2.2,37.4
832,23386,Arnold Ebiketie,ATL,OLB,17,0.0,0.0,0.0,0.0,0.0,0.0,0.0,0.0,3.1,0.1,0.2,0.1,2.2,37.4
833,21984,Willie Gay Jr.,MIA,LB,17,0.0,0.0,0.0,0.0,0.0,0.0,0.0,0.0,0.7,0.2,0.2,0.1,2.2,37.2
834,25041,Jer'Zhan Newton,WAS,DT,17,0.0,0.0,0.0,0.0,0.0,0.0,0.0,0.0,1.2,0.2,0.3,0.1,2.2,37.1
835,21880,Larrell Murchison,LAR,DE,17,0.0,0.0,0.0,0.0,0.0,0.0,0.0,0.0,1.4,0.2,0.4,0.2,2.2,37.1
836,23534,Troy Andersen,ATL,ILB,17,0.0,0.0,0.0,0.0,0.0,0.0,0.0,0.0,0.3,0.4,0.2,0.1,2.2,37.0
837,23177,Dillon Gabriel,CLE,QB,17,611.8,3.3,2.9,45.8,0.3,0.0,0.0,0.0,0.0,0.0,0.0,0.0,2.2,36.9
838,25413,Evan Anderson,SF,DL,17,0.0,0.0,0.0,0.0,0.0,0.0,0.0,0.0,1.4,0.2,0.3,0.1,2.2,36.8
839,25023,Josh Newton,CIN,CB,17,0.0,0.0,0.0,0.0,0.0,0.0,0.0,0.0,0.0,0.6,0.4,0.2,2.2,36.6
840,24463,Julian Hill,MIA,TE,17,0.0,0.0,0.0,0.0,0.0,16.2,145.9,1.1,0.0,0.0,0.0,0.0,2.1,36.4
841,21422,Shy Tuttle,CAR,DT,17,0.0,0.0,0.0,0.0,0.0,0.0,0.0,0.0,0.3,0.1,0.3,0.2,2.1,36.3
842,25156,De'Antre Prince,JAX,CB,9,0.0,0.0,0.0,0.0,0.0,0.0,0.0,0.0,0.1,0.4,0.4,0.2,4.0,36.3
843,22784,Chazz Surratt,SF,LB,17,0.0,0.0,0.0,0.0,0.0,0.0,0.0,0.0,0.3,0.1,0.2,0.1,2.1,36.3
844,14871,Robert Woods,PIT,WR,17,0.0,0.0,0.0,0.0,0.0,15.1,147.4,1.1,0.0,0.0,0.0,0.0,2.1,36.2
845,22279,Chris Williams,CHI,DT,17,0.0,0.0,0.0,0.0,0.0,0.0,0.0,0.0,2.0,0.2,0.3,0.2,2.1,36.1
846,24935,Leonard Taylor III,NYJ,DL,17,0.0,0.0,0.0,0.0,0.0,0.0,0.0,0.0,1.5,0.2,0.2,0.1,2.1,36.0
847,25962,Gunnar Helm,TEN,TE,17,0.0,0.0,0.0,0.0,0.0,16.2,160.5,0.8,0.0,0.0,0.0,0.0,2.1,36.0
848,26079,Shedeur Sanders,CLE,QB,17,618.5,3.3,2.9,37.9,0.2,0.0,0.0,0.0,0.0,0.0,0.0,0.0,2.1,35.9
849,23393,Micheal Clemons,NYJ,DL,17,0.0,0.0,0.0,0.0,0.0,0.0,0.0,0.0,1.8,0.1,0.3,0.1,2.1,35.9
850,20764,Greg Gaines,TB,DL,17,0.0,0.0,0.0,0.0,0.0,0.0,0.0,0.0,1.1,0.2,0.4,0.2,2.1,35.8
851,17983,Deion Jones,TB,LB,17,0.0,0.0,0.0,0.0,0.0,0.0,0.0,0.0,0.6,0.5,0.3,0.1,2.1,35.8
852,24449,Elijah Higgins,ARI,TE,17,0.0,0.0,0.0,0.0,0.0,14.5,136.5,1.3,0.0,0.0,0.0,0.0,2.1,35.8
853,24101,Colby Wooden,GB,DL,17,0.0,0.0,0.0,0.0,0.0,0.0,0.0,0.0,0.8,0.2,0.3,0.2,2.1,35.7
854,16778,Arik Armstead,JAX,DT,17,0.0,0.0,0.0,0.0,0.0,0.0,0.0,0.0,2.3,0.1,0.2,0.1,2.1,35.6
855,24728,Patrick O'Connell,SEA,LB,17,0.0,0.0,0.0,0.0,0.0,0.0,0.0,0.0,1.4,0.2,0.2,0.1,2.1,35.3
856,24082,Zacch Pickens,CHI,DT,17,0.0,0.0,0.0,0.0,0.0,0.0,0.0,0.0,1.2,0.1,0.3,0.2,2.1,35.1
857,23786,J.J. Russell,ARI,ILB,17,0.0,0.0,0.0,0.0,0.0,0.0,0.0,0.0,0.8,0.2,0.3,0.1,2.1,35.1
858,23237,Chris Rodriguez Jr.,WAS,RB,17,0.0,0.0,0.0,187.6,1.6,3.4,27.9,0.1,0.0,0.0,0.0,0.0,2.1,35.0
859,23514,D.J. Davidson,NYG,DL,17,0.0,0.0,0.0,0.0,0.0,0.0,0.0,0.0,1.6,0.2,0.3,0.1,2.1,34.9
860,24241,Chamarri Conner,KC,S,17,0.0,0.0,0.0,0.0,0.0,0.0,0.0,0.0,0.3,0.7,0.3,0.1,2.1,34.9
861,22563,Khalil Herbert,IND,RB,17,0.0,0.0,0.0,173.5,1.3,6.2,32.0,0.1,0.0,0.0,0.0,0.0,2.0,34.8
862,25264,JD Bertrand,ATL,ILB,17,0.0,0.0,0.0,0.0,0.0,0.0,0.0,0.0,0.9,0.1,0.2,0.1,2.0,34.7
863,22785,Grant Stuard,DET,LB,17,0.0,0.0,0.0,0.0,0.0,0.0,0.0,0.0,0.4,0.1,0.2,0.1,2.0,34.6
864,21142,Olamide Zaccheaus,CHI,WR,17,0.0,0.0,0.0,4.2,0.0,14.3,139.6,1.0,0.0,0.0,0.0,0.0,2.0,34.5
865,24455,Desjuan Johnson,LAR,DE,17,0.0,0.0,0.0,0.0,0.0,0.0,0.0,0.0,2.2,0.2,0.2,0.1,2.0,34.4
866,22521,Jeremy Ruckert,NYJ,TE,17,0.0,0.0,0.0,0.0,0.0,16.3,133.3,0.8,0.0,0.0,0.0,0.0,2.0,34.4
867,21876,Khalid Kareem,ATL,OLB,17,0.0,0.0,0.0,0.0,0.0,0.0,0.0,0.0,1.1,0.3,0.2,0.1,2.0,34.4
868,21675,Tyler Johnson,NYJ,WR,17,0.0,0.0,0.0,0.0,0.0,13.7,146.2,1.0,0.0,0.0,0.0,0.0,2.0,34.3
869,25167,McKinnley Jackson,CIN,DT,17,0.0,0.0,0.0,0.0,0.0,0.0,0.0,0.0,1.5,0.1,0.2,0.1,2.0,34.0
870,19049,Anthony Walker,TB,LB,17,0.0,0.0,0.0,0.0,0.0,0.0,0.0,0.0,0.2,0.2,0.3,0.1,2.0,34.0
871,24281,Jalen Redmond,MIN,DL,17,0.0,0.0,0.0,0.0,0.0,0.0,0.0,0.0,1.3,0.1,0.3,0.1,2.0,33.9
872,18960,Tanoh Kpassagnon,CHI,DE,17,0.0,0.0,0.0,0.0,0.0,0.0,0.0,0.0,2.5,0.1,0.3,0.1,2.0,33.8
873,24231,Kaevon Merriweather,TB,S,17,0.0,0.0,0.0,0.0,0.0,0.0,0.0,0.0,0.7,0.4,0.4,0.2,2.0,33.8
874,24931,Dallas Turner,MIN,OLB,17,0.0,0.0,0.0,0.0,0.0,0.0,0.0,0.0,1.8,0.4,0.2,0.1,2.0,33.7
875,24480,Josh Hayes,TB,CB,17,0.0,0.0,0.0,0.0,0.0,0.0,0.0,0.0,0.0,0.3,0.4,0.2,2.0,33.7
876,21008,L.J. Collier,ARI,DL,17,0.0,0.0,0.0,0.0,0.0,0.0,0.0,0.0,2.0,0.2,0.3,0.1,2.0,33.7
877,19881,Justin Jones,ARI,DT,17,0.0,0.0,0.0,0.0,0.0,0.0,0.0,0.0,1.7,0.1,0.3,0.1,2.0,33.6
878,21786,Adam Trautman,DEN,TE,17,0.0,0.0,0.0,0.0,0.0,12.4,128.3,1.4,0.0,0.0,0.0,0.0,2.0,33.6
879,16310,Denico Autry,HOU,DE,12,0.0,0.0,0.0,0.0,0.0,0.0,0.0,0.0,2.4,0.1,0.2,0.1,2.8,33.6
880,19273,Eric Wilson,MIN,LB,17,0.0,0.0,0.0,0.0,0.0,0.0,0.0,0.0,0.5,0.2,0.2,0.1,2.0,33.5
881,23136,Darnell Washington,PIT,TE,17,0.0,0.0,0.0,0.0,0.0,14.4,143.3,0.8,0.0,0.0,0.0,0.0,2.0,33.5
882,23276,Phidarian Mathis,NYJ,DL,17,0.0,0.0,0.0,0.0,0.0,0.0,0.0,0.0,0.4,0.3,0.3,0.1,2.0,33.5
883,20903,Amani Oruwariye,TEN,CB,17,0.0,0.0,0.0,0.0,0.0,0.0,0.0,0.0,0.0,0.7,0.3,0.2,2.0,33.5
884,21120,Cole Holcomb,PIT,LB,17,0.0,0.0,0.0,0.0,0.0,0.0,0.0,0.0,0.1,0.1,0.3,0.1,2.0,33.4
885,23683,Sam Okuayinonu,SF,DT,17,0.0,0.0,0.0,0.0,0.0,0.0,0.0,0.0,2.0,0.1,0.3,0.1,2.0,33.4
886,21131,Nick Scott,CAR,S,17,0.0,0.0,0.0,0.0,0.0,0.0,0.0,0.0,0.0,0.2,0.3,0.2,2.0,33.4
887,25899,Brashard Smith,KC,RB,17,0.0,0.0,0.0,86.0,0.5,10.1,79.9,0.6,0.0,0.0,0.0,0.0,2.0,33.3
888,24966,Junior Colson,LAC,LB,17,0.0,0.0,0.0,0.0,0.0,0.0,0.0,0.0,0.1,0.1,0.2,0.1,2.0,33.3
889,22078,Neville Gallimore,IND,DT,17,0.0,0.0,0.0,0.0,0.0,0.0,0.0,0.0,0.8,0.1,0.3,0.2,2.0,33.2
890,19034,Damontae Kazee,CLE,FS,17,0.0,0.0,0.0,0.0,0.0,0.0,0.0,0.0,0.0,0.5,0.3,0.1,1.9,33.1
891,20967,Jerry Tillery,KC,DL,17,0.0,0.0,0.0,0.0,0.0,0.0,0.0,0.0,0.7,0.1,0.3,0.2,1.9,33.1
892,20934,Khalen Saunders,JAX,DT,17,0.0,0.0,0.0,0.0,0.0,0.0,0.0,0.0,0.7,0.3,0.2,0.1,1.9,33.1
893,20748,Mike Edwards,KC,S,17,0.0,0.0,0.0,0.0,0.0,0.0,0.0,0.0,0.3,0.3,0.3,0.1,1.9,33.0
894,26074,Cody Simon,ARI,ILB,17,0.0,0.0,0.0,0.0,0.0,0.0,0.0,0.0,0.0,0.2,0.2,0.1,1.9,33.0
895,26154,Jamon Johnson,GB,LB,17,0.0,0.0,0.0,0.0,0.0,0.0,0.0,0.0,0.0,0.2,0.3,0.1,1.9,33.0
896,16783,Bud Dupree,LAC,OLB,17,0.0,0.0,0.0,0.0,0.0,0.0,0.0,0.0,2.5,0.2,0.2,0.1,1.9,32.9
897,19846,Taven Bryan,CIN,DT,17,0.0,0.0,0.0,0.0,0.0,0.0,0.0,0.0,1.4,0.1,0.3,0.1,1.9,32.8
898,21136,Quinton Bell,MIA,LB,17,0.0,0.0,0.0,0.0,0.0,0.0,0.0,0.0,1.1,0.2,0.2,0.1,1.9,32.8
899,25435,Jacoby Windmon,CAR,LB,17,0.0,0.0,0.0,0.0,0.0,0.0,0.0,0.0,1.2,0.1,0.1,0.1,1.9,32.6
900,25208,Erick All Jr.,CIN,TE,17,0.0,0.0,0.0,0.0,0.0,15.7,116.9,0.9,0.0,0.0,0.0,0.0,1.9,32.6
901,23635,Nazeeh Johnson,KC,S,17,0.0,0.0,0.0,0.0,0.0,0.0,0.0,0.0,0.5,0.3,0.3,0.1,1.9,32.5
902,19886,Lorenzo Carter,TEN,OLB,17,0.0,0.0,0.0,0.0,0.0,0.0,0.0,0.0,1.4,0.1,0.2,0.1,1.9,32.5
903,23485,Daniel Bellinger,NYG,TE,17,0.0,0.0,0.0,0.0,0.0,13.9,137.8,0.8,0.0,0.0,0.0,0.0,1.9,32.5
904,23750,Raheem Layne,NYG,S,17,0.0,0.0,0.0,0.0,0.0,0.0,0.0,0.0,0.2,0.2,0.3,0.2,1.9,32.3
905,26198,Jamaree Caldwell,LAC,DT,17,0.0,0.0,0.0,0.0,0.0,0.0,0.0,0.0,0.0,0.3,0.4,0.2,1.9,32.2
906,19949,Avonte Maddox,DET,CB,17,0.0,0.0,0.0,0.0,0.0,0.0,0.0,0.0,0.0,0.3,0.3,0.2,1.9,32.0
907,23375,Zach Carter,LV,DT,17,0.0,0.0,0.0,0.0,0.0,0.0,0.0,0.0,0.8,0.1,0.3,0.2,1.9,32.0
908,25903,Jordan James,SF,RB,17,0.0,0.0,0.0,178.1,1.4,3.2,27.6,0.0,0.0,0.0,0.0,0.0,1.9,32.0
909,18064,Matthew Judon,MIA,OLB,17,0.0,0.0,0.0,0.0,0.0,0.0,0.0,0.0,2.2,0.2,0.2,0.1,1.9,31.9
910,26013,Nick Emmanwori,SEA,S,17,0.0,0.0,0.0,0.0,0.0,0.0,0.0,0.0,0.0,0.3,0.3,0.2,1.9,31.9
911,19228,Josh Tupou,IND,DT,17,0.0,0.0,0.0,0.0,0.0,0.0,0.0,0.0,0.9,0.2,0.3,0.2,1.9,31.9
912,24814,Malik Hamm,BAL,OLB,17,0.0,0.0,0.0,0.0,0.0,0.0,0.0,0.0,1.4,0.2,0.3,0.1,1.9,31.7
913,24952,Ja'Lynn Polk,NE,WR,17,0.0,0.0,0.0,0.0,0.0,12.0,142.4,0.9,0.0,0.0,0.0,0.0,1.9,31.6
914,17978,Jihad Ward,TEN,OLB,17,0.0,0.0,0.0,0.0,0.0,0.0,0.0,0.0,1.9,0.1,0.2,0.1,1.9,31.6
915,26063,Jaylen Reed,HOU,S,17,0.0,0.0,0.0,0.0,0.0,0.0,0.0,0.0,0.0,0.2,0.3,0.2,1.9,31.6
916,25173,Elijah Jones,ARI,CB,17,0.0,0.0,0.0,0.0,0.0,0.0,0.0,0.0,0.2,0.4,0.4,0.2,1.8,31.4
917,24003,Jack Gibbens,NE,LB,17,0.0,0.0,0.0,0.0,0.0,0.0,0.0,0.0,0.3,0.1,0.2,0.1,1.8,31.4
918,26057,Arian Smith,NYJ,WR,17,0.0,0.0,0.0,3.5,0.0,12.6,142.0,0.7,0.0,0.0,0.0,0.0,1.8,31.4
919,15516,Tony Jefferson,LAC,S,17,0.0,0.0,0.0,0.0,0.0,0.0,0.0,0.0,0.1,0.2,0.3,0.1,1.8,31.3
920,20894,Anthony Nelson,TB,OLB,17,0.0,0.0,0.0,0.0,0.0,0.0,0.0,0.0,1.7,0.1,0.3,0.1,1.8,31.2
921,23961,C.J. Brewer,TB,DL,17,0.0,0.0,0.0,0.0,0.0,0.0,0.0,0.0,1.8,0.2,0.2,0.1,1.8,31.0
922,22720,K.J. Britt,MIA,LB,17,0.0,0.0,0.0,0.0,0.0,0.0,0.0,0.0,0.2,0.1,0.2,0.1,1.8,30.9
923,24099,Clark Phillips III,ATL,CB,17,0.0,0.0,0.0,0.0,0.0,0.0,0.0,0.0,0.0,0.4,0.4,0.2,1.8,30.9
924,22317,Joe Gaziano,TEN,DE,17,0.0,0.0,0.0,0.0,0.0,0.0,0.0,0.0,1.5,0.2,0.2,0.1,1.8,30.8
925,24949,Chop Robinson,MIA,LB,17,0.0,0.0,0.0,0.0,0.0,0.0,0.0,0.0,2.4,0.1,0.2,0.1,1.8,30.8
926,18953,Chidobe Awuzie,BAL,CB,17,0.0,0.0,0.0,0.0,0.0,0.0,0.0,0.0,0.0,0.3,0.4,0.2,1.8,30.7
927,25771,Joe Andreessen,BUF,LB,17,0.0,0.0,0.0,0.0,0.0,0.0,0.0,0.0,0.9,0.1,0.2,0.1,1.8,30.5
928,24959,Javon Bullard,GB,S,17,0.0,0.0,0.0,0.0,0.0,0.0,0.0,0.0,0.0,0.1,0.3,0.1,1.8,30.3
929,19867,Michael Gallup,WAS,WR,17,0.0,0.0,0.0,0.0,0.0,11.3,128.3,1.0,0.0,0.0,0.0,0.0,1.8,30.1
930,22887,Elijah Molden,LAC,DB,17,0.0,0.0,0.0,0.0,0.0,0.0,0.0,0.0,0.0,0.6,0.3,0.1,1.8,30.1
931,26051,Tyrion Ingram-Dawkins,MIN,DL,17,0.0,0.0,0.0,0.0,0.0,0.0,0.0,0.0,0.0,0.3,0.4,0.2,1.8,30.0
932,19086,Jeremiah Ledbetter,NYG,DT,17,0.0,0.0,0.0,0.0,0.0,0.0,0.0,0.0,0.9,0.1,0.3,0.1,1.8,30.0
933,25267,Eric Watts,NYJ,DL,17,0.0,0.0,0.0,0.0,0.0,0.0,0.0,0.0,0.7,0.2,0.2,0.1,1.8,29.9
934,24151,Payne Durham,TB,TE,17,0.0,0.0,0.0,0.0,0.0,10.7,106.0,1.4,0.0,0.0,0.0,0.0,1.7,29.7
935,24249,Derick Hall,SEA,OLB,17,0.0,0.0,0.0,0.0,0.0,0.0,0.0,0.0,2.2,0.1,0.2,0.1,1.7,29.7
936,22926,Nick Niemann,HOU,LB,17,0.0,0.0,0.0,0.0,0.0,0.0,0.0,0.0,0.3,0.1,0.2,0.1,1.7,29.5
937,23528,John Ridgeway III,NO,DT,17,0.0,0.0,0.0,0.0,0.0,0.0,0.0,0.0,0.4,0.2,0.2,0.1,1.7,29.4
938,23681,Darrell Baker Jr.,TEN,CB,17,0.0,0.0,0.0,0.0,0.0,0.0,0.0,0.0,0.0,0.2,0.3,0.2,1.7,29.3
939,20245,Chris Board,NYG,ILB,17,0.0,0.0,0.0,0.0,0.0,0.0,0.0,0.0,0.8,0.1,0.2,0.1,1.7,29.3
940,24942,Austin Booker,CHI,DE,17,0.0,0.0,0.0,0.0,0.0,0.0,0.0,0.0,1.4,0.1,0.2,0.1,1.7,29.1
941,23513,Matthew Butler,MIA,DT,17,0.0,0.0,0.0,0.0,0.0,0.0,0.0,0.0,0.6,0.2,0.3,0.1,1.7,29.0
942,24988,Chris Braswell,TB,OLB,17,0.0,0.0,0.0,0.0,0.0,0.0,0.0,0.0,1.0,0.2,0.3,0.1,1.7,29.0
943,26644,Easton Mascarenas-Arnold,CLE,LB,17,0.0,0.0,0.0,0.0,0.0,0.0,0.0,0.0,0.0,0.2,0.3,0.2,1.7,28.9
944,23531,Eyioma Uwazurike,DEN,DL,17,0.0,0.0,0.0,0.0,0.0,0.0,0.0,0.0,1.4,0.2,0.2,0.1,1.7,28.9
945,25738,Elijah Chatman,NYG,DL,17,0.0,0.0,0.0,0.0,0.0,0.0,0.0,0.0,1.3,0.2,0.3,0.1,1.7,28.9
946,24219,Drew Sanders,DEN,ILB,17,0.0,0.0,0.0,0.0,0.0,0.0,0.0,0.0,0.5,0.1,0.2,0.1,1.7,28.8
947,21379,Darius Harris,DAL,LB,8,0.0,0.0,0.0,0.0,0.0,0.0,0.0,0.0,0.0,0.2,0.3,0.1,3.6,28.6
948,22774,Jay Tufele,NYJ,DL,17,0.0,0.0,0.0,0.0,0.0,0.0,0.0,0.0,0.7,0.2,0.2,0.1,1.7,28.6
949,25277,Justin Rogers,DAL,DT,17,0.0,0.0,0.0,0.0,0.0,0.0,0.0,0.0,1.0,0.2,0.3,0.1,1.7,28.4
950,16800,Eddie Goldman,WAS,DT,17,0.0,0.0,0.0,0.0,0.0,0.0,0.0,0.0,0.9,0.2,0.2,0.1,1.7,28.4
951,25253,Tommy Eichenberg,LV,LB,17,0.0,0.0,0.0,0.0,0.0,0.0,0.0,0.0,0.3,0.2,0.2,0.1,1.7,28.3
952,24979,Malachi Corley,NYJ,WR,17,0.0,0.0,0.0,22.5,0.0,11.4,112.6,0.6,0.0,0.0,0.0,0.0,1.7,28.3
953,25213,Caelen Carson,DAL,CB,17,0.0,0.0,0.0,0.0,0.0,0.0,0.0,0.0,0.0,0.1,0.3,0.2,1.7,28.3
954,25882,Jalen Milroe,SEA,QB,17,207.6,1.3,1.0,125.4,0.8,0.0,0.0,0.0,0.0,0.0,0.0,0.0,1.7,28.2
955,24932,Jeremiah Trotter Jr.,PHI,LB,17,0.0,0.0,0.0,0.0,0.0,0.0,0.0,0.0,0.5,0.1,0.2,0.1,1.7,28.1
956,21117,E.J. Speed,HOU,LB,17,0.0,0.0,0.0,0.0,0.0,0.0,0.0,0.0,0.1,0.1,0.2,0.1,1.7,28.1
957,24439,Terell Smith,CHI,CB,17,0.0,0.0,0.0,0.0,0.0,0.0,0.0,0.0,0.0,0.4,0.3,0.2,1.7,28.1
958,21466,Jonathan Harris,MIN,DE,17,0.0,0.0,0.0,0.0,0.0,0.0,0.0,0.0,0.5,0.1,0.3,0.1,1.7,28.1
959,22501,Kenny Pickett,CLE,QB,17,425.2,2.2,2.2,44.7,0.5,0.0,0.0,0.0,0.0,0.0,0.0,0.0,1.7,28.1
960,25064,Isaiah Davis,NYJ,RB,17,0.0,0.0,0.0,135.9,0.8,5.6,42.7,0.0,0.0,0.0,0.0,0.0,1.7,28.1
961,21802,A.J. Dillon,PHI,RB,17,0.0,0.0,0.0,158.0,1.1,3.3,25.5,0.0,0.0,0.0,0.0,0.0,1.7,28.1
962,26076,Omarr Norman-Lott,KC,DT,17,0.0,0.0,0.0,0.0,0.0,0.0,0.0,0.0,0.0,0.3,0.3,0.2,1.6,27.8
963,23341,Tyler Goodson,IND,RB,17,0.0,0.0,0.0,109.1,0.6,7.0,44.9,0.3,0.0,0.0,0.0,0.0,1.6,27.8
964,21889,Joshua Uche,PHI,LB,17,0.0,0.0,0.0,0.0,0.0,0.0,0.0,0.0,1.7,0.1,0.2,0.1,1.6,27.8
965,21807,Colby Parkinson,LAR,TE,17,0.0,0.0,0.0,0.0,0.0,11.1,112.5,0.9,0.0,0.0,0.0,0.0,1.6,27.8
966,25991,Shemar Stewart,CIN,DE,17,0.0,0.0,0.0,0.0,0.0,0.0,0.0,0.0,0.0,0.2,0.3,0.2,1.6,27.7
967,23960,Tony Adams,NYJ,S,4,0.0,0.0,0.0,0.0,0.0,0.0,0.0,0.0,0.1,0.4,0.2,0.1,6.9,27.7
968,23394,Esezi Otomewo,PIT,DE,17,0.0,0.0,0.0,0.0,0.0,0.0,0.0,0.0,1.3,0.2,0.3,0.1,1.6,27.7
969,26125,Ashton Gillotte,KC,DE,17,0.0,0.0,0.0,0.0,0.0,0.0,0.0,0.0,0.0,0.3,0.3,0.2,1.6,27.6
970,25304,Casey Washington,ATL,WR,17,0.0,0.0,0.0,0.0,0.0,10.4,123.9,0.8,0.0,0.0,0.0,0.0,1.6,27.6
971,24799,Claudin Cherelus,CAR,LB,17,0.0,0.0,0.0,0.0,0.0,0.0,0.0,0.0,0.2,0.1,0.1,0.1,1.6,27.6
972,22948,Devon Key,DEN,S,17,0.0,0.0,0.0,0.0,0.0,0.0,0.0,0.0,0.7,0.1,0.2,0.1,1.6,27.4
973,23487,Connor Heyward,PIT,TE,17,0.0,0.0,0.0,0.0,0.0,10.6,89.9,1.3,0.0,0.0,0.0,0.0,1.6,27.4
974,26025,Benjamin Morrison,TB,CB,17,0.0,0.0,0.0,0.0,0.0,0.0,0.0,0.0,0.0,0.3,0.4,0.2,1.6,27.4
975,24484,Amari Burney,TEN,LB,17,0.0,0.0,0.0,0.0,0.0,0.0,0.0,0.0,1.2,0.1,0.1,0.1,1.6,27.3
976,23328,Cor'Dale Flott,NYG,CB,17,0.0,0.0,0.0,0.0,0.0,0.0,0.0,0.0,0.0,0.4,0.3,0.1,1.6,27.2
977,18986,Shaquill Griffin,SEA,CB,17,0.0,0.0,0.0,0.0,0.0,0.0,0.0,0.0,0.0,0.6,0.3,0.1,1.6,27.1
978,24267,Owen Pappoe,ARI,ILB,17,0.0,0.0,0.0,0.0,0.0,0.0,0.0,0.0,0.1,0.2,0.2,0.1,1.6,27.1
979,20931,Drew Sample,CIN,TE,17,0.0,0.0,0.0,0.0,0.0,12.7,89.2,0.9,0.0,0.0,0.0,0.0,1.6,27.0
980,25247,Curtis Jacobs,TEN,LB,17,0.0,0.0,0.0,0.0,0.0,0.0,0.0,0.0,0.3,0.1,0.1,0.1,1.6,27.0
981,26493,Amar Johnson,GB,RB,17,0.0,0.0,0.0,164.0,1.0,2.0,26.0,0.0,0.0,0.0,0.0,0.0,1.6,27.0
982,23608,Drew Ogletree,IND,TE,17,0.0,0.0,0.0,0.0,0.0,9.3,116.8,1.0,0.0,0.0,0.0,0.0,1.6,27.0
983,19087,Pat O'Connor,DET,DL,17,0.0,0.0,0.0,0.0,0.0,0.0,0.0,0.0,1.2,0.1,0.2,0.1,1.6,26.9
984,25926,Xavier Restrepo,TEN,WR,17,0.0,0.0,0.0,2.0,0.0,10.1,106.2,1.0,0.0,0.0,0.0,0.0,1.6,26.9
985,19849,Terrell Edmunds,LV,S,17,0.0,0.0,0.0,0.0,0.0,0.0,0.0,0.0,0.8,0.2,0.2,0.1,1.6,26.9
986,23542,Malcolm Rodriguez,DET,LB,17,0.0,0.0,0.0,0.0,0.0,0.0,0.0,0.0,0.7,0.1,0.2,0.1,1.6,26.9
987,21888,K'Lavon Chaisson,NE,LB,17,0.0,0.0,0.0,0.0,0.0,0.0,0.0,0.0,1.9,0.2,0.2,0.1,1.6,26.9
988,19165,Johnny Mundt,JAX,TE,17,0.0,0.0,0.0,0.0,0.0,11.8,102.8,0.8,0.0,0.0,0.0,0.0,1.6,26.9
989,23490,Jelani Woods,IND,TE,17,0.0,0.0,0.0,0.0,0.0,7.7,130.8,1.0,0.0,0.0,0.0,0.0,1.6,26.8
990,22119,Charlie Woerner,ATL,TE,17,0.0,0.0,0.0,0.0,0.0,10.6,107.7,0.9,0.0,0.0,0.0,0.0,1.6,26.8
991,23603,Eric Johnson II,IND,DT,17,0.0,0.0,0.0,0.0,0.0,0.0,0.0,0.0,0.7,0.1,0.2,0.1,1.6,26.7
992,19023,Mack Hollins,NE,WR,17,0.0,0.0,0.0,2.2,0.0,9.4,116.0,0.9,0.0,0.0,0.0,0.0,1.6,26.6
993,23545,Baylon Spector,BUF,LB,17,0.0,0.0,0.0,0.0,0.0,0.0,0.0,0.0,1.0,0.1,0.2,0.1,1.6,26.6
994,25243,Darius Muasau,NYG,LB,17,0.0,0.0,0.0,0.0,0.0,0.0,0.0,0.0,0.1,0.2,0.2,0.1,1.6,26.5
995,16786,Shaq Thompson,BUF,LB,17,0.0,0.0,0.0,0.0,0.0,0.0,0.0,0.0,0.2,0.1,0.2,0.1,1.5,26.2
996,25988,Moliki Matavao,NO,TE,17,0.0,0.0,0.0,0.0,0.0,10.0,102.0,1.0,0.0,0.0,0.0,0.0,1.5,26.2
997,22928,Roy Lopez,DET,DT,17,0.0,0.0,0.0,0.0,0.0,0.0,0.0,0.0,0.5,0.1,0.2,0.1,1.5,26.2
998,23426,Joshua Williams,KC,CB,17,0.0,0.0,0.0,0.0,0.0,0.0,0.0,0.0,0.3,0.3,0.3,0.1,1.5,26.1
999,17968,Andrew Billings,CHI,DL,17,0.0,0.0,0.0,0.0,0.0,0.0,0.0,0.0,0.5,0.1,0.3,0.2,1.5,26.1
1000,25200,Zion Logue,BUF,DT,17,0.0,0.0,0.0,0.0,0.0,0.0,0.0,0.0,0.8,0.2,0.3,0.1,1.5,26.0
1001,26126,Sai'vion Jones,DEN,DE,17,0.0,0.0,0.0,0.0,0.0,0.0,0.0,0.0,0.0,0.2,0.3,0.2,1.5,25.9
1002,23665,Jaylon Jones,ARI,CB,17,0.0,0.0,0.0,0.0,0.0,0.0,0.0,0.0,0.1,0.5,0.3,0.1,1.5,25.9
1003,24251,KJ Henry,CLE,DE,17,0.0,0.0,0.0,0.0,0.0,0.0,0.0,0.0,1.5,0.1,0.2,0.1,1.5,25.8
1004,22881,Israel Mukuamu,DAL,S,17,0.0,0.0,0.0,0.0,0.0,0.0,0.0,0.0,0.1,0.5,0.2,0.1,1.5,25.8
1005,24182,Alex Austin,NE,CB,17,0.0,0.0,0.0,0.0,0.0,0.0,0.0,0.0,0.0,0.4,0.2,0.1,1.5,25.7
1006,23199,Sincere McCormick,LV,RB,17,0.0,0.0,0.0,126.3,0.7,5.5,37.0,0.0,0.0,0.0,0.0,0.0,1.5,25.6
1007,21894,James Lynch,TEN,DL,17,0.0,0.0,0.0,0.0,0.0,0.0,0.0,0.0,1.1,0.1,0.2,0.1,1.5,25.6
1008,24997,Brandon Dorlus,ATL,DT,17,0.0,0.0,0.0,0.0,0.0,0.0,0.0,0.0,1.3,0.2,0.2,0.1,1.5,25.6
1009,21769,Clyde Edwards-Helaire,NO,RB,17,0.0,0.0,0.0,135.0,0.7,4.3,35.0,0.1,0.0,0.0,0.0,0.0,1.5,25.5
1010,22892,Tim Jones,MIN,WR,17,0.0,0.0,0.0,0.0,0.0,11.1,103.9,0.7,0.0,0.0,0.0,0.0,1.5,25.5
1011,23192,Chris Brooks,GB,RB,17,0.0,0.0,0.0,142.6,0.8,4.0,25.9,0.0,0.0,0.0,0.0,0.0,1.5,25.4
1012,24782,Trevor Nowaske,DET,ILB,17,0.0,0.0,0.0,0.0,0.0,0.0,0.0,0.0,1.0,0.3,0.2,0.1,1.5,25.4
1013,21728,Lawrence Cager,WAS,TE,17,0.0,0.0,0.0,0.0,0.0,8.0,83.3,1.5,0.0,0.0,0.0,0.0,1.5,25.3
1014,21852,Ty Chandler,MIN,RB,17,0.0,0.0,0.0,98.2,0.7,6.6,48.1,0.0,0.0,0.0,0.0,0.0,1.5,25.2
1015,22266,Krys Barnes,CAR,ILB,17,0.0,0.0,0.0,0.0,0.0,0.0,0.0,0.0,0.5,0.2,0.1,0.1,1.5,25.1
1016,24634,Truman Jones,NE,DE,17,0.0,0.0,0.0,0.0,0.0,0.0,0.0,0.0,0.0,0.2,0.3,0.1,1.5,25.1
1017,21732,Giovanni Ricci,MIN,TE,17,0.0,0.0,0.0,0.0,0.0,11.4,136.8,0.0,0.0,0.0,0.0,0.0,1.5,25.1
1018,18333,Austin Johnson,JAX,DT,17,0.0,0.0,0.0,0.0,0.0,0.0,0.0,0.0,0.2,0.4,0.2,0.1,1.5,25.0
1019,21896,Yetur Gross-Matos,SF,DL,11,0.0,0.0,0.0,0.0,0.0,0.0,0.0,0.0,2.0,0.1,0.2,0.1,2.3,25.0
1020,26053,T.J. Sanders,BUF,DT,17,0.0,0.0,0.0,0.0,0.0,0.0,0.0,0.0,0.0,0.2,0.4,0.2,1.5,25.0
1021,24258,Adetomiwa Adebawore,IND,DT,17,0.0,0.0,0.0,0.0,0.0,0.0,0.0,0.0,1.6,0.1,0.2,0.1,1.5,25.0
1022,26215,Shemar Turner,CHI,DL,17,0.0,0.0,0.0,0.0,0.0,0.0,0.0,0.0,0.0,0.2,0.3,0.2,1.5,24.9
1023,24975,Mike Hall Jr.,CLE,DT,11,0.0,0.0,0.0,0.0,0.0,0.0,0.0,0.0,1.0,0.2,0.2,0.1,2.3,24.9
1024,24248,Byron Young,PHI,DT,17,0.0,0.0,0.0,0.0,0.0,0.0,0.0,0.0,0.9,0.2,0.3,0.1,1.5,24.9
1025,26220,Ty Hamilton,LAR,DT,17,0.0,0.0,0.0,0.0,0.0,0.0,0.0,0.0,0.0,0.2,0.3,0.2,1.5,24.9
1026,24349,A.T. Perry,DEN,WR,17,0.0,0.0,0.0,0.0,0.0,8.4,110.4,0.9,0.0,0.0,0.0,0.0,1.5,24.8
1027,26105,Savion Williams,GB,WR,17,0.0,0.0,0.0,8.9,0.0,8.9,102.2,0.8,0.0,0.0,0.0,0.0,1.5,24.8
1028,22759,Jamin Davis,NYJ,LB,17,0.0,0.0,0.0,0.0,0.0,0.0,0.0,0.0,0.8,0.2,0.2,0.1,1.5,24.8
1029,24978,Devontez Walker,BAL,WR,17,0.0,0.0,0.0,2.2,0.0,8.2,115.6,0.8,0.0,0.0,0.0,0.0,1.5,24.8
1030,23384,Josh Paschal,DET,DE,16,0.0,0.0,0.0,0.0,0.0,0.0,0.0,0.0,1.1,0.1,0.2,0.1,1.5,24.8
1031,16928,Michael Burton,DEN,FB,17,0.0,0.0,0.0,12.7,0.8,8.5,53.7,0.8,0.0,0.0,0.0,0.0,1.5,24.7
1032,18945,Duke Riley,WAS,LB,17,0.0,0.0,0.0,0.0,0.0,0.0,0.0,0.0,0.2,0.1,0.2,0.1,1.5,24.7
1033,25079,Kimani Vidal,LAC,RB,17,0.0,0.0,0.0,116.4,0.6,4.8,40.2,0.2,0.0,0.0,0.0,0.0,1.5,24.7
1034,23861,Timmy Horne,TEN,DT,17,0.0,0.0,0.0,0.0,0.0,0.0,0.0,0.0,0.0,0.2,0.3,0.1,1.4,24.5
1035,19318,Kendrick Bourne,NE,WR,17,0.0,0.0,0.0,4.4,0.0,9.7,107.5,0.6,0.0,0.0,0.0,0.0,1.4,24.5
1036,25014,Tanner McLachlan,CIN,TE,17,0.0,0.0,0.0,0.0,0.0,10.3,99.9,0.7,0.0,0.0,0.0,0.0,1.4,24.5
1037,20157,Jalen Davis,CIN,CB,17,0.0,0.0,0.0,0.0,0.0,0.0,0.0,0.0,0.1,0.2,0.2,0.1,1.4,24.4
1038,26029,Damien Martinez,SEA,RB,17,0.0,0.0,0.0,133.8,0.8,3.6,26.2,0.0,0.0,0.0,0.0,0.0,1.4,24.4
1039,24971,Audric Estime,DEN,RB,17,0.0,0.0,0.0,146.9,0.8,3.5,21.8,0.1,0.0,0.0,0.0,0.0,1.4,24.4
1040,23732,Parker Romo,NE,K,17,0.0,0.0,0.0,0.0,0.0,0.0,0.0,0.0,0.0,0.0,0.0,0.0,1.4,24.3
1041,22199,Kristian Welch,GB,LB,17,0.0,0.0,0.0,0.0,0.0,0.0,0.0,0.0,0.5,0.1,0.2,0.1,1.4,24.3
1042,19012,Carlos Watkins,TEN,DE,17,0.0,0.0,0.0,0.0,0.0,0.0,0.0,0.0,1.1,0.2,0.2,0.1,1.4,24.2
1043,25138,Dadrion Taylor-Demerson,ARI,S,17,0.0,0.0,0.0,0.0,0.0,0.0,0.0,0.0,0.1,0.1,0.2,0.1,1.4,24.1
1044,22905,Cameron McGrone,IND,LB,17,0.0,0.0,0.0,0.0,0.0,0.0,0.0,0.0,0.8,0.1,0.2,0.1,1.4,24.0
1045,26113,Gavin Bartholomew,MIN,TE,17,0.0,0.0,0.0,0.0,0.0,9.2,99.3,0.8,0.0,0.0,0.0,0.0,1.4,23.9
1046,24259,Cam Jones,KC,LB,17,0.0,0.0,0.0,0.0,0.0,0.0,0.0,0.0,1.0,0.1,0.2,0.1,1.4,23.9
1047,26207,Oluwafemi Oladejo,TEN,OLB,17,0.0,0.0,0.0,0.0,0.0,0.0,0.0,0.0,0.0,0.2,0.2,0.1,1.4,23.8
1048,25154,Nehemiah Pritchett,SEA,CB,17,0.0,0.0,0.0,0.0,0.0,0.0,0.0,0.0,0.1,0.2,0.3,0.1,1.4,23.7
1049,22539,Zamir White,LV,RB,17,0.0,0.0,0.0,100.3,0.7,5.5,32.6,0.1,0.0,0.0,0.0,0.0,1.4,23.6
1050,21354,Demetrius Flannigan-Fowles,NYG,LB,17,0.0,0.0,0.0,0.0,0.0,0.0,0.0,0.0,0.4,0.3,0.2,0.1,1.4,23.6
1051,24272,DJ Johnson,CAR,OLB,17,0.0,0.0,0.0,0.0,0.0,0.0,0.0,0.0,0.4,0.1,0.1,0.1,1.4,23.4
1052,26073,Jack Kiser,JAX,LB,17,0.0,0.0,0.0,0.0,0.0,0.0,0.0,0.0,0.0,0.2,0.2,0.1,1.4,23.4
1053,26460,Branson Combs,JAX,LB,17,0.0,0.0,0.0,0.0,0.0,0.0,0.0,0.0,0.0,0.2,0.2,0.1,1.4,23.4
1054,23260,Kayvon Thibodeaux,NYG,OLB,17,0.0,0.0,0.0,0.0,0.0,0.0,0.0,0.0,2.1,0.1,0.2,0.1,1.4,23.4
1055,25001,Konata Mumpfield,LAR,WR,17,0.0,0.0,0.0,0.0,0.0,10.9,77.7,0.8,0.0,0.0,0.0,0.0,1.4,23.3
1056,26059,Keandre Lambert-Smith,LAC,WR,17,0.0,0.0,0.0,4.3,0.0,7.7,103.3,0.8,0.0,0.0,0.0,0.0,1.4,23.3
1057,20959,Jahlani Tavai,NE,LB,17,0.0,0.0,0.0,0.0,0.0,0.0,0.0,0.0,0.2,0.2,0.2,0.1,1.4,23.2
1058,24224,Drake Thomas,SEA,LB,17,0.0,0.0,0.0,0.0,0.0,0.0,0.0,0.0,0.2,0.1,0.1,0.1,1.4,23.2
1059,19626,Dare Ogunbowale,HOU,RB,17,0.0,0.0,0.0,52.8,0.2,8.5,67.8,0.3,0.0,0.0,0.0,0.0,1.4,23.2
1060,23148,David Bell,CLE,WR,17,0.0,0.0,0.0,0.0,0.0,10.8,107.4,0.3,0.0,0.0,0.0,0.0,1.4,23.1
1061,25134,Brevyn Spann-Ford,DAL,TE,17,0.0,0.0,0.0,0.0,0.0,9.0,92.9,0.8,0.0,0.0,0.0,0.0,1.4,23.1
1062,18421,Kyle Peko,NE,DT,17,0.0,0.0,0.0,0.0,0.0,0.0,0.0,0.0,0.2,0.1,0.2,0.1,1.4,23.0
1063,25249,Ty'Ron Hopper,GB,LB,17,0.0,0.0,0.0,0.0,0.0,0.0,0.0,0.0,1.0,0.1,0.2,0.1,1.4,23.0
1064,25313,Joshua Cephus,JAX,WR,17,0.0,0.0,0.0,0.1,0.0,10.5,96.8,0.5,0.0,0.0,0.0,0.0,1.4,23.0
1065,25024,Barrett Carter,CIN,LB,17,0.0,0.0,0.0,0.0,0.0,0.0,0.0,0.0,0.0,0.1,0.2,0.1,1.3,22.9
1066,23446,D'Marco Jackson,NO,LB,17,0.0,0.0,0.0,0.0,0.0,0.0,0.0,0.0,0.2,0.2,0.1,0.1,1.3,22.9
1067,23512,Thomas Booker IV,LV,DT,17,0.0,0.0,0.0,0.0,0.0,0.0,0.0,0.0,1.2,0.1,0.2,0.1,1.3,22.9
1068,26178,Elijah Roberts,TB,DL,17,0.0,0.0,0.0,0.0,0.0,0.0,0.0,0.0,0.0,0.3,0.3,0.1,1.3,22.9
1069,24234,Mitchell Agude,DET,DE,17,0.0,0.0,0.0,0.0,0.0,0.0,0.0,0.0,0.9,0.1,0.1,0.1,1.3,22.9
1070,23538,Jake Hansen,HOU,LB,17,0.0,0.0,0.0,0.0,0.0,0.0,0.0,0.0,0.6,0.1,0.2,0.1,1.3,22.9
1071,20819,Alec Ingold,MIA,FB,17,0.0,0.0,0.0,19.9,0.8,7.9,61.4,0.5,0.0,0.0,0.0,0.0,1.3,22.8
1072,23003,Curtis Robinson,SF,LB,17,0.0,0.0,0.0,0.0,0.0,0.0,0.0,0.0,0.4,0.2,0.2,0.1,1.3,22.8
1073,25240,Gabriel Murphy,MIN,OLB,17,0.0,0.0,0.0,0.0,0.0,0.0,0.0,0.0,0.3,0.2,0.2,0.1,1.3,22.7
1074,25204,Braiden McGregor,NYJ,DE,17,0.0,0.0,0.0,0.0,0.0,0.0,0.0,0.0,0.8,0.2,0.2,0.1,1.3,22.7
1075,23611,Theo Jackson,MIN,S,17,0.0,0.0,0.0,0.0,0.0,0.0,0.0,0.0,0.1,0.6,0.2,0.1,1.3,22.6
1076,25164,Brennan Jackson,LAR,OLB,17,0.0,0.0,0.0,0.0,0.0,0.0,0.0,0.0,0.4,0.2,0.2,0.1,1.3,22.5
1077,25513,Cam Grandy,CIN,TE,17,0.0,0.0,0.0,0.0,0.0,9.8,85.1,0.7,0.0,0.0,0.0,0.0,1.3,22.5
1078,25335,Khristian Boyd,NO,DT,17,0.0,0.0,0.0,0.0,0.0,0.0,0.0,0.0,0.6,0.2,0.2,0.1,1.3,22.5
1079,23482,Bo Melton,GB,CB,17,0.0,0.0,0.0,8.7,0.0,7.3,94.0,0.8,0.0,0.0,0.0,0.0,1.3,22.4
1080,23656,Josh Blackwell,CHI,CB,17,0.0,0.0,0.0,0.0,0.0,0.0,0.0,0.0,0.0,0.4,0.2,0.1,1.3,22.4
1081,26189,Fadil Diggs,NO,DE,17,0.0,0.0,0.0,0.0,0.0,0.0,0.0,0.0,0.0,0.3,0.2,0.1,1.3,22.4
1082,26197,Jahvaree Ritzie,NE,DT,17,0.0,0.0,0.0,0.0,0.0,0.0,0.0,0.0,0.0,0.2,0.2,0.1,1.3,22.3
1083,16678,Jimmie Ward,HOU,S,12,0.0,0.0,0.0,0.0,0.0,0.0,0.0,0.0,0.0,0.3,0.2,0.1,1.8,22.2
1084,22330,Michael Hoecht,BUF,DE,11,0.0,0.0,0.0,0.0,0.0,0.0,0.0,0.0,0.9,0.0,0.2,0.1,2.0,22.2
1085,26039,Joshua Farmer,NE,DT,17,0.0,0.0,0.0,0.0,0.0,0.0,0.0,0.0,0.0,0.2,0.2,0.1,1.3,22.1
1086,26131,Darius Alexander,NYG,DT,17,0.0,0.0,0.0,0.0,0.0,0.0,0.0,0.0,0.0,0.2,0.3,0.1,1.3,22.1
1087,24438,Chris Smith II,LV,S,17,0.0,0.0,0.0,0.0,0.0,0.0,0.0,0.0,0.1,0.2,0.2,0.1,1.3,22.1
1088,25997,Jihaad Campbell,PHI,LB,17,0.0,0.0,0.0,0.0,0.0,0.0,0.0,0.0,0.0,0.1,0.2,0.1,1.3,22.0
1089,24035,William Kwenkeu,BAL,LB,17,0.0,0.0,0.0,0.0,0.0,0.0,0.0,0.0,0.0,0.1,0.2,0.1,1.3,22.0
1090,22870,Azeez Ojulari,PHI,OLB,17,0.0,0.0,0.0,0.0,0.0,0.0,0.0,0.0,1.4,0.1,0.2,0.1,1.3,22.0
1091,25575,Casey Rogers,BUF,DT,17,0.0,0.0,0.0,0.0,0.0,0.0,0.0,0.0,0.4,0.2,0.3,0.1,1.3,21.9
1092,21898,Anfernee Jennings,NE,LB,17,0.0,0.0,0.0,0.0,0.0,0.0,0.0,0.0,0.5,0.0,0.2,0.1,1.3,21.9
1093,26329,Ruben Hyppolite II,CHI,LB,17,0.0,0.0,0.0,0.0,0.0,0.0,0.0,0.0,0.0,0.1,0.2,0.1,1.3,21.9
1094,17961,Sterling Shepard,TB,WR,17,0.0,0.0,0.0,16.2,0.0,8.6,90.9,0.4,0.0,0.0,0.0,0.0,1.3,21.7
1095,19304,Pharaoh Brown,MIA,TE,17,0.0,0.0,0.0,0.0,0.0,8.4,96.9,0.6,0.0,0.0,0.0,0.0,1.3,21.7
1096,21938,K'Von Wallace,NYG,SS,17,0.0,0.0,0.0,0.0,0.0,0.0,0.0,0.0,0.0,0.2,0.2,0.1,1.3,21.6
1097,24266,Nick Hampton,LAR,OLB,17,0.0,0.0,0.0,0.0,0.0,0.0,0.0,0.0,0.3,0.1,0.2,0.1,1.3,21.5
1098,25211,Justin Eboigbe,LAC,DL,17,0.0,0.0,0.0,0.0,0.0,0.0,0.0,0.0,1.1,0.1,0.2,0.1,1.3,21.5
1099,26224,Tyleik Williams,DET,DT,17,0.0,0.0,0.0,0.0,0.0,0.0,0.0,0.0,0.0,0.2,0.2,0.1,1.3,21.4
1100,25702,Swayze Bozeman,CHI,LB,17,0.0,0.0,0.0,0.0,0.0,0.0,0.0,0.0,0.3,0.1,0.2,0.1,1.3,21.4
1101,26036,Jordan Phillips,MIA,DT,17,0.0,0.0,0.0,0.0,0.0,0.0,0.0,0.0,0.0,0.2,0.3,0.1,1.3,21.4
1102,26071,Danny Stutsman,NO,LB,17,0.0,0.0,0.0,0.0,0.0,0.0,0.0,0.0,0.0,0.2,0.1,0.1,1.3,21.4
1103,26015,Jack Sawyer,PIT,LB,17,0.0,0.0,0.0,0.0,0.0,0.0,0.0,0.0,0.0,0.2,0.3,0.1,1.2,21.2
1104,23355,Teagan Quitoriano,ATL,TE,17,0.0,0.0,0.0,0.0,0.0,6.9,106.9,0.6,0.0,0.0,0.0,0.0,1.2,21.2
1105,20189,Demone Harris,SF,DL,17,0.0,0.0,0.0,0.0,0.0,0.0,0.0,0.0,0.4,0.1,0.2,0.1,1.2,21.2
1106,26146,Kyle Kennard,LAC,OLB,17,0.0,0.0,0.0,0.0,0.0,0.0,0.0,0.0,0.0,0.2,0.2,0.1,1.2,21.1
1107,26147,Hunter Wohler,IND,S,17,0.0,0.0,0.0,0.0,0.0,0.0,0.0,0.0,0.0,0.2,0.2,0.1,1.2,21.1
1108,20219,Jonathan Owens,CHI,S,17,0.0,0.0,0.0,0.0,0.0,0.0,0.0,0.0,0.1,0.1,0.2,0.1,1.2,21.0
1109,22820,Chauncey Golston,NYG,DE,17,0.0,0.0,0.0,0.0,0.0,0.0,0.0,0.0,1.1,0.1,0.2,0.1,1.2,20.9
1110,25334,Qwan'tez Stiggers,NYJ,CB,17,0.0,0.0,0.0,0.0,0.0,0.0,0.0,0.0,0.1,0.2,0.2,0.1,1.2,20.9
1111,26651,Aaron Smith,NYJ,LB,17,0.0,0.0,0.0,0.0,0.0,0.0,0.0,0.0,0.0,0.2,0.2,0.1,1.2,20.9
1112,21688,Cam Akers,NO,RB,17,0.0,0.0,0.0,116.8,0.7,3.1,18.4,0.1,0.0,0.0,0.0,0.0,1.2,20.8
1113,25678,Jude McAtamney,NYG,K,17,0.0,0.0,0.0,0.0,0.0,0.0,0.0,0.0,0.0,0.0,0.0,0.0,1.2,20.8
1114,23325,Erik Ezukanma,MIA,WR,17,0.0,0.0,0.0,0.0,0.0,8.1,90.7,0.6,0.0,0.0,0.0,0.0,1.2,20.8
1115,26200,Jay Toia,DAL,DT,17,0.0,0.0,0.0,0.0,0.0,0.0,0.0,0.0,0.0,0.2,0.2,0.1,1.2,20.8
1116,22645,Simi Fehoko,ARI,WR,17,0.0,0.0,0.0,0.0,0.0,7.5,90.4,0.7,0.0,0.0,0.0,0.0,1.2,20.7
1117,26075,Alfred Collins,SF,DL,17,0.0,0.0,0.0,0.0,0.0,0.0,0.0,0.0,0.0,0.2,0.3,0.1,1.2,20.7
1118,25161,Kitan Oladapo,GB,S,17,0.0,0.0,0.0,0.0,0.0,0.0,0.0,0.0,0.0,0.2,0.2,0.1,1.2,20.6
1119,25221,Gabe Hall,PHI,DT,17,0.0,0.0,0.0,0.0,0.0,0.0,0.0,0.0,0.8,0.2,0.2,0.1,1.2,20.6
1120,25144,Devin Culp,TB,TE,17,0.0,0.0,0.0,0.0,0.0,7.8,85.6,0.7,0.0,0.0,0.0,0.0,1.2,20.6
1121,26047,Nick Martin,SF,LB,17,0.0,0.0,0.0,0.0,0.0,0.0,0.0,0.0,0.0,0.2,0.2,0.1,1.2,20.6
1122,26193,Rylie Mills,SEA,DE,17,0.0,0.0,0.0,0.0,0.0,0.0,0.0,0.0,0.0,0.2,0.3,0.1,1.2,20.4
1123,22429,Cam Gill,MIN,OLB,17,0.0,0.0,0.0,0.0,0.0,0.0,0.0,0.0,0.6,0.1,0.1,0.1,1.2,20.3
1124,24401,Brenton Cox Jr.,GB,DL,17,0.0,0.0,0.0,0.0,0.0,0.0,0.0,0.0,1.7,0.1,0.1,0.1,1.2,20.3
1125,18952,Larry Ogunjobi,BUF,DT,11,0.0,0.0,0.0,0.0,0.0,0.0,0.0,0.0,0.7,0.0,0.2,0.1,1.8,20.2
1126,17218,DeAndre Carter,CLE,WR,17,0.0,0.0,0.0,3.5,0.0,8.9,100.8,0.3,0.0,0.0,0.0,0.0,1.2,20.1
1127,22258,Bobby Price,WAS,CB,17,0.0,0.0,0.0,0.0,0.0,0.0,0.0,0.0,0.0,0.2,0.2,0.1,1.2,20.1
1128,23322,Martin Emerson Jr.,CLE,CB,4,0.0,0.0,0.0,0.0,0.0,0.0,0.0,0.0,0.0,0.3,0.2,0.1,5.0,20.0
1129,25556,Morice Norris,DET,S,17,0.0,0.0,0.0,0.0,0.0,0.0,0.0,0.0,0.0,0.1,0.2,0.1,1.2,20.0
1130,23549,Percy Butler,WAS,S,17,0.0,0.0,0.0,0.0,0.0,0.0,0.0,0.0,0.0,0.1,0.2,0.1,1.2,19.9
1131,24444,Travis Vokolek,ARI,TE,17,0.0,0.0,0.0,0.0,0.0,7.8,78.4,0.7,0.0,0.0,0.0,0.0,1.2,19.8
1132,25274,Javon Solomon,BUF,DE,17,0.0,0.0,0.0,0.0,0.0,0.0,0.0,0.0,1.7,0.1,0.1,0.1,1.2,19.7
1133,26206,Nazir Stackhouse,GB,DL,17,0.0,0.0,0.0,0.0,0.0,0.0,0.0,0.0,0.0,0.2,0.2,0.1,1.2,19.6
1134,23021,Zayne Anderson,GB,S,17,0.0,0.0,0.0,0.0,0.0,0.0,0.0,0.0,0.1,0.3,0.2,0.1,1.2,19.6
1135,26170,Yahya Black,PIT,DE,17,0.0,0.0,0.0,0.0,0.0,0.0,0.0,0.0,0.0,0.2,0.3,0.1,1.2,19.6
1136,22604,Tylan Wallace,BAL,WR,17,0.0,0.0,0.0,2.2,0.0,6.0,85.6,0.8,0.0,0.0,0.0,0.0,1.2,19.6
1137,21795,Luke Farrell,SF,TE,17,0.0,0.0,0.0,0.0,0.0,8.1,78.4,0.6,0.0,0.0,0.0,0.0,1.1,19.5
1138,23131,DJ Uiagalelei,LAC,QB,17,308.2,2.2,0.5,0.0,0.0,0.0,0.0,0.0,0.0,0.0,0.0,0.0,1.1,19.5
1139,20271,Elijah Campbell,MIA,DB,17,0.0,0.0,0.0,0.0,0.0,0.0,0.0,0.0,0.1,0.1,0.2,0.1,1.1,19.5
1140,21187,Kemon Hall,DAL,CB,17,0.0,0.0,0.0,0.0,0.0,0.0,0.0,0.0,0.0,0.2,0.3,0.1,1.1,19.5
1141,24965,Kalen King,GB,CB,17,0.0,0.0,0.0,0.0,0.0,0.0,0.0,0.0,0.1,0.2,0.2,0.1,1.1,19.4
1142,19461,Cooper Rush,BAL,QB,17,302.2,2.1,0.6,11.0,0.0,0.0,0.0,0.0,0.0,0.0,0.0,0.0,1.1,19.4
1143,25339,DJ James,NE,CB,17,0.0,0.0,0.0,0.0,0.0,0.0,0.0,0.0,0.1,0.2,0.2,0.1,1.1,19.4
1144,26017,James Pearce Jr.,ATL,DE,17,0.0,0.0,0.0,0.0,0.0,0.0,0.0,0.0,0.0,0.3,0.2,0.1,1.1,19.4
1145,23135,Charlie Kolar,BAL,TE,17,0.0,0.0,0.0,0.7,0.0,6.9,93.4,0.5,0.0,0.0,0.0,0.0,1.1,19.3
1146,26123,Barryn Sorrell,GB,DE,17,0.0,0.0,0.0,0.0,0.0,0.0,0.0,0.0,0.0,0.2,0.2,0.1,1.1,19.2
1147,24339,Jake Bobo,SEA,WR,17,0.0,0.0,0.0,0.0,0.0,7.0,86.3,0.6,0.0,0.0,0.0,0.0,1.1,19.2
1148,22509,Hunter Long,JAX,TE,17,0.0,0.0,0.0,0.0,0.0,8.8,79.8,0.4,0.0,0.0,0.0,0.0,1.1,19.2
1149,22496,Mac Jones,SF,QB,17,340.0,1.9,1.2,7.6,0.0,0.0,0.0,0.0,0.0,0.0,0.0,0.0,1.1,19.2
1150,20085,Dennis Gardeck,JAX,OLB,17,0.0,0.0,0.0,0.0,0.0,0.0,0.0,0.0,1.3,0.2,0.1,0.1,1.1,19.1
1151,26487,Greedy Vance,LV,CB,17,0.0,0.0,0.0,0.0,0.0,0.0,0.0,0.0,0.0,0.2,0.2,0.1,1.1,19.1
1152,16041,Jimmy Garoppolo,LAR,QB,17,297.1,2.2,0.9,3.4,0.0,0.0,0.0,0.0,0.0,0.0,0.0,0.0,1.1,19.0
1153,25348,Levi Drake Rodriguez,MIN,DL,17,0.0,0.0,0.0,0.0,0.0,0.0,0.0,0.0,0.8,0.1,0.2,0.1,1.1,19.0
1154,19999,Jacob Martin,WAS,DE,17,0.0,0.0,0.0,0.0,0.0,0.0,0.0,0.0,1.4,0.1,0.1,0.1,1.1,19.0
1155,22787,Benjamin St-Juste,LAC,CB,17,0.0,0.0,0.0,0.0,0.0,0.0,0.0,0.0,0.1,0.1,0.2,0.1,1.1,19.0
1156,18652,C.J. Ham,MIN,FB,17,0.0,0.0,0.0,16.6,1.5,5.0,32.8,0.0,0.0,0.0,0.0,0.0,1.1,18.9
1157,25263,Tatum Bethune,SF,LB,17,0.0,0.0,0.0,0.0,0.0,0.0,0.0,0.0,0.3,0.1,0.2,0.1,1.1,18.9
1158,24361,Mike Morris,SEA,DE,17,0.0,0.0,0.0,0.0,0.0,0.0,0.0,0.0,0.8,0.1,0.2,0.1,1.1,18.9
1159,22918,Boogie Basham,CAR,OLB,17,0.0,0.0,0.0,0.0,0.0,0.0,0.0,0.0,0.6,0.2,0.2,0.1,1.1,18.8
1160,21564,Craig Reynolds,DET,RB,17,0.0,0.0,0.0,93.8,0.4,4.0,28.2,0.1,0.0,0.0,0.0,0.0,1.1,18.8
1161,22488,Chris Blair,ATL,WR,17,0.0,0.0,0.0,0.0,0.0,7.6,88.0,0.4,0.0,0.0,0.0,0.0,1.1,18.8
1162,22872,Amen Ogbongbemiga,CHI,LB,17,0.0,0.0,0.0,0.0,0.0,0.0,0.0,0.0,1.2,0.1,0.1,0.1,1.1,18.7
1163,25252,Jaylan Ford,NO,LB,17,0.0,0.0,0.0,0.0,0.0,0.0,0.0,0.0,0.3,0.2,0.1,0.1,1.1,18.7
1164,12831,Tyrod Taylor,NYJ,QB,17,249.3,1.5,0.7,48.9,0.0,0.0,0.0,0.0,0.0,0.0,0.0,0.0,1.1,18.7
1165,19120,David Moore,CAR,WR,17,0.0,0.0,0.0,0.0,0.0,7.6,80.2,0.5,0.0,0.0,0.0,0.0,1.1,18.6
1166,25904,Kalel Mullings,TEN,RB,17,0.0,0.0,0.0,105.0,0.6,2.6,18.6,0.0,0.0,0.0,0.0,0.0,1.1,18.6
1167,22202,Khalil Dorsey,DET,CB,17,0.0,0.0,0.0,0.0,0.0,0.0,0.0,0.0,0.0,0.2,0.2,0.1,1.1,18.6
1168,24429,Anfernee Orji,TEN,LB,8,0.0,0.0,0.0,0.0,0.0,0.0,0.0,0.0,0.5,0.1,0.1,0.1,2.3,18.4
1169,26168,Mac McWilliams,PHI,CB,17,0.0,0.0,0.0,0.0,0.0,0.0,0.0,0.0,0.0,0.2,0.2,0.1,1.1,18.4
1170,19930,Bilal Nichols,ARI,DT,11,0.0,0.0,0.0,0.0,0.0,0.0,0.0,0.0,0.4,0.1,0.2,0.1,1.7,18.4
1171,25673,Charles Woods,LAR,CB,17,0.0,0.0,0.0,0.0,0.0,0.0,0.0,0.0,0.1,0.2,0.2,0.1,1.1,18.4
1172,16851,Carl Davis,WAS,DT,17,0.0,0.0,0.0,0.0,0.0,0.0,0.0,0.0,0.3,0.1,0.2,0.1,1.1,18.3
1173,24149,Brayden Willis,SF,TE,17,0.0,0.0,0.0,0.0,0.0,6.6,74.6,0.7,0.0,0.0,0.0,0.0,1.1,18.3
1174,25132,Jha'Quan Jackson,TEN,WR,17,0.0,0.0,0.0,3.0,0.0,7.2,87.3,0.5,0.0,0.0,0.0,0.0,1.1,18.2
1175,23367,Ja'Quan McMillian,DEN,CB,17,0.0,0.0,0.0,0.0,0.0,0.0,0.0,0.0,0.3,0.4,0.2,0.1,1.1,18.2
1176,26179,Nohl Williams,KC,DB,17,0.0,0.0,0.0,0.0,0.0,0.0,0.0,0.0,0.0,0.2,0.2,0.1,1.1,18.2
1177,25351,Sanoussi Kane,BAL,S,17,0.0,0.0,0.0,0.0,0.0,0.0,0.0,0.0,0.1,0.1,0.2,0.1,1.1,18.2
1178,23871,Marcelino McCrary-Ball,NYJ,LB,17,0.0,0.0,0.0,0.0,0.0,0.0,0.0,0.0,0.3,0.1,0.1,0.1,1.1,18.1
1179,26258,Jailin Walker,LV,LB,17,0.0,0.0,0.0,0.0,0.0,0.0,0.0,0.0,0.0,0.2,0.2,0.1,1.1,18.1
1180,24227,DeMarcco Hellams,ATL,S,17,0.0,0.0,0.0,0.0,0.0,0.0,0.0,0.0,0.0,0.3,0.2,0.1,1.1,18.1
1181,16762,Jameis Winston,NYG,QB,17,307.9,1.8,1.0,9.0,0.0,0.0,0.0,0.0,0.0,0.0,0.0,0.0,1.1,18.0
1182,24325,Johnny Wilson,PHI,WR,17,0.0,0.0,0.0,0.0,0.0,7.2,72.1,0.6,0.0,0.0,0.0,0.0,1.1,18.0
1183,26195,Zah Frazier,CHI,DB,17,0.0,0.0,0.0,0.0,0.0,0.0,0.0,0.0,0.0,0.2,0.2,0.1,1.1,18.0
1184,25177,Cedric Johnson,CIN,DE,17,0.0,0.0,0.0,0.0,0.0,0.0,0.0,0.0,1.2,0.1,0.1,0.1,1.0,17.8
1185,19065,Jeremy McNichols,WAS,RB,17,0.0,0.0,0.0,84.2,0.8,2.9,17.0,0.0,0.0,0.0,0.0,0.0,1.0,17.8
1186,22861,Buddy Johnson,DAL,LB,17,0.0,0.0,0.0,0.0,0.0,0.0,0.0,0.0,0.0,0.1,0.2,0.1,1.0,17.8
1187,21913,Joe Bachie,IND,LB,17,0.0,0.0,0.0,0.0,0.0,0.0,0.0,0.0,0.2,0.1,0.2,0.1,1.0,17.8
1188,21046,Jake Browning,CIN,QB,17,261.7,2.0,0.6,8.9,0.0,0.0,0.0,0.0,0.0,0.0,0.0,0.0,1.0,17.8
1189,23633,Elijah Hicks,CHI,S,17,0.0,0.0,0.0,0.0,0.0,0.0,0.0,0.0,0.0,0.1,0.2,0.1,1.0,17.7
1190,20013,Cedrick Wilson Jr.,NO,WR,17,0.0,0.0,0.0,2.6,0.0,7.5,74.7,0.4,0.0,0.0,0.0,0.0,1.0,17.6
1191,25466,Gabe Jeudy-Lally,TEN,CB,17,0.0,0.0,0.0,0.0,0.0,0.0,0.0,0.0,0.1,0.2,0.2,0.1,1.0,17.6
1192,25148,Chris Roland-Wallace,KC,CB,17,0.0,0.0,0.0,0.0,0.0,0.0,0.0,0.0,0.0,0.3,0.2,0.1,1.0,17.6
1193,26167,Lathan Ransom,CAR,S,17,0.0,0.0,0.0,0.0,0.0,0.0,0.0,0.0,0.0,0.2,0.2,0.1,1.0,17.5
1194,25449,Amari Gainer,LV,LB,17,0.0,0.0,0.0,0.0,0.0,0.0,0.0,0.0,0.8,0.1,0.1,0.1,1.0,17.5
1195,22920,Isaiahh Loudermilk,PIT,DT,17,0.0,0.0,0.0,0.0,0.0,0.0,0.0,0.0,0.4,0.1,0.2,0.1,1.0,17.4
1196,21111,Ugo Amadi,NO,S,17,0.0,0.0,0.0,0.0,0.0,0.0,0.0,0.0,0.4,0.1,0.1,0.1,1.0,17.4
1197,19910,Ian Thomas,LV,TE,17,0.0,0.0,0.0,0.0,0.0,8.0,63.6,0.5,0.0,0.0,0.0,0.0,1.0,17.4
1198,26621,Ale Kaho,WAS,LB,17,0.0,0.0,0.0,0.0,0.0,0.0,0.0,0.0,0.0,0.2,0.2,0.1,1.0,17.2
1199,26156,Kain Medrano,WAS,LB,17,0.0,0.0,0.0,0.0,0.0,0.0,0.0,0.0,0.0,0.2,0.2,0.1,1.0,17.2
1200,25178,Mohamed Kamara,MIA,LB,17,0.0,0.0,0.0,0.0,0.0,0.0,0.0,0.0,0.2,0.1,0.1,0.1,1.0,17.2
1201,19951,Tre Flowers,CHI,CB,17,0.0,0.0,0.0,0.0,0.0,0.0,0.0,0.0,0.0,0.2,0.2,0.1,1.0,17.2
1202,26069,Jeffrey Bassa,KC,LB,17,0.0,0.0,0.0,0.0,0.0,0.0,0.0,0.0,0.0,0.1,0.2,0.1,1.0,17.2
1203,21928,Daniel Thomas,JAX,S,17,0.0,0.0,0.0,0.0,0.0,0.0,0.0,0.0,0.1,0.2,0.1,0.1,1.0,17.2
1204,22657,John Bates,WAS,TE,17,0.0,0.0,0.0,0.0,0.0,6.6,63.7,0.7,0.0,0.0,0.0,0.0,1.0,17.2
1205,24412,Shaka Heyward,CIN,LB,17,0.0,0.0,0.0,0.0,0.0,0.0,0.0,0.0,0.7,0.1,0.1,0.1,1.0,17.1
1206,25875,Mitchell Evans,CAR,TE,17,0.0,0.0,0.0,0.0,0.0,7.5,71.6,0.4,0.0,0.0,0.0,0.0,1.0,17.1
1207,23218,Pierre Strong Jr.,CLE,RB,17,0.0,0.0,0.0,45.3,0.2,6.1,45.8,0.1,0.0,0.0,0.0,0.0,1.0,17.0
1208,25119,Harrison Mevis,NYJ,K,17,0.0,0.0,0.0,0.0,0.0,0.0,0.0,0.0,0.0,0.0,0.0,0.0,1.0,16.9
1209,24222,Cam Smith,MIA,CB,4,0.0,0.0,0.0,0.0,0.0,0.0,0.0,0.0,0.0,0.1,0.2,0.1,4.2,16.9
1210,24386,Yasir Abdullah,JAX,LB,9,0.0,0.0,0.0,0.0,0.0,0.0,0.0,0.0,0.4,0.1,0.1,0.1,1.9,16.9
1211,25104,Jaheim Bell,NE,TE,17,0.0,0.0,0.0,0.0,0.0,6.7,65.7,0.6,0.0,0.0,0.0,0.0,1.0,16.9
1212,23687,Jack Cochrane,KC,LB,17,0.0,0.0,0.0,0.0,0.0,0.0,0.0,0.0,0.1,0.1,0.1,0.1,1.0,16.9
1213,24264,Isaiah Land,IND,DE,17,0.0,0.0,0.0,0.0,0.0,0.0,0.0,0.0,1.1,0.1,0.1,0.1,1.0,16.9
1214,23600,Joey Blount,ARI,S,17,0.0,0.0,0.0,0.0,0.0,0.0,0.0,0.0,0.1,0.5,0.2,0.1,1.0,16.9
1215,25235,Edefuan Ulofoshio,BUF,LB,17,0.0,0.0,0.0,0.0,0.0,0.0,0.0,0.0,0.0,0.1,0.2,0.1,1.0,16.8
1216,23118,Malik Willis,GB,QB,17,230.1,1.6,0.6,19.6,0.1,0.0,0.0,0.0,0.0,0.0,0.0,0.0,1.0,16.8
1217,24210,Kyu Blu Kelly,LV,CB,17,0.0,0.0,0.0,0.0,0.0,0.0,0.0,0.0,0.0,0.2,0.2,0.1,1.0,16.6
1218,25436,Taki Taimani,MIN,DL,17,0.0,0.0,0.0,0.0,0.0,0.0,0.0,0.0,0.3,0.1,0.2,0.1,1.0,16.6
1219,19035,Eric Saubert,SEA,TE,17,0.0,0.0,0.0,0.0,0.0,7.3,62.2,0.5,0.0,0.0,0.0,0.0,1.0,16.5
1220,22047,Myles Bryant,HOU,CB,17,0.0,0.0,0.0,0.0,0.0,0.0,0.0,0.0,0.1,0.1,0.2,0.1,1.0,16.5
1221,23726,Kader Kohou,MIA,CB,4,0.0,0.0,0.0,0.0,0.0,0.0,0.0,0.0,0.1,0.2,0.2,0.1,4.1,16.5
1222,25017,Denzel Burke,ARI,CB,17,0.0,0.0,0.0,0.0,0.0,0.0,0.0,0.0,0.0,0.2,0.2,0.1,1.0,16.4
1223,24090,Andre Carter II,LV,DE,17,0.0,0.0,0.0,0.0,0.0,0.0,0.0,0.0,1.0,0.1,0.1,0.1,1.0,16.4
1224,19850,Mason Rudolph,PIT,QB,17,218.8,1.5,0.7,28.1,0.1,0.0,0.0,0.0,0.0,0.0,0.0,0.0,1.0,16.4
1225,22332,Jonah Williams,NO,DE,17,0.0,0.0,0.0,0.0,0.0,0.0,0.0,0.0,0.5,0.1,0.1,0.1,1.0,16.3
1226,23962,Irvin Charles,NYJ,WR,17,0.0,0.0,0.0,0.0,0.0,6.4,69.0,0.5,0.0,0.0,0.0,0.0,1.0,16.3
1227,25469,Rico Payton,NO,CB,17,0.0,0.0,0.0,0.0,0.0,0.0,0.0,0.0,0.1,0.2,0.1,0.1,1.0,16.3
1228,26222,Ty Robinson,PHI,DT,17,0.0,0.0,0.0,0.0,0.0,0.0,0.0,0.0,0.0,0.2,0.2,0.1,1.0,16.2
1229,21887,Julian Okwara,CLE,DE,17,0.0,0.0,0.0,0.0,0.0,0.0,0.0,0.0,0.8,0.1,0.1,0.1,0.9,16.1
1230,23644,Stone Smartt,NYJ,TE,17,0.0,0.0,0.0,0.0,0.0,6.7,81.1,0.4,0.0,0.0,0.0,0.0,0.9,16.0
1231,25206,MJ Devonshire,CAR,CB,17,0.0,0.0,0.0,0.0,0.0,0.0,0.0,0.0,0.0,0.2,0.2,0.1,0.9,16.0
1232,16763,Marcus Mariota,WAS,QB,17,236.4,1.6,0.6,15.4,0.0,0.0,0.0,0.0,0.0,0.0,0.0,0.0,0.9,16.0
1233,26019,Princely Umanmielen,CAR,OLB,17,0.0,0.0,0.0,0.0,0.0,0.0,0.0,0.0,0.0,0.2,0.1,0.1,0.9,15.9
1234,25995,Nic Scourton,CAR,LB,17,0.0,0.0,0.0,0.0,0.0,0.0,0.0,0.0,0.0,0.2,0.1,0.1,0.9,15.9
1235,24073,Maurice Alexander,CHI,WR,17,0.0,0.0,0.0,0.0,0.0,6.4,70.3,0.4,0.0,0.0,0.0,0.0,0.9,15.8
1236,24425,Caleb Murphy,LAC,OLB,17,0.0,0.0,0.0,0.0,0.0,0.0,0.0,0.0,0.3,0.1,0.1,0.1,0.9,15.8
1237,23327,Juanyeh Thomas,DAL,S,17,0.0,0.0,0.0,0.0,0.0,0.0,0.0,0.0,0.0,0.1,0.1,0.1,0.9,15.8
1238,24373,Kenny McIntosh,SEA,RB,17,0.0,0.0,0.0,102.0,0.7,1.4,7.9,0.0,0.0,0.0,0.0,0.0,0.9,15.8
1239,22726,Tre Brown,SF,CB,4,0.0,0.0,0.0,0.0,0.0,0.0,0.0,0.0,0.3,0.3,0.2,0.1,3.9,15.8
1240,24686,Nate Adkins,DEN,TE,17,0.0,0.0,0.0,0.0,0.0,6.0,49.3,0.8,0.0,0.0,0.0,0.0,0.9,15.7
1241,24488,Titus Leo,CLE,DE,17,0.0,0.0,0.0,0.0,0.0,0.0,0.0,0.0,0.0,0.1,0.2,0.1,0.9,15.7
1242,23634,Samori Toure,CHI,WR,17,0.0,0.0,0.0,0.0,0.0,6.3,69.8,0.4,0.0,0.0,0.0,0.0,0.9,15.7
1243,25032,Xavier Weaver,ARI,WR,17,0.0,0.0,0.0,0.0,0.0,6.0,66.7,0.5,0.0,0.0,0.0,0.0,0.9,15.7
1244,22760,Ar'Darius Washington,BAL,S,4,0.0,0.0,0.0,0.0,0.0,0.0,0.0,0.0,0.3,0.2,0.1,0.1,3.9,15.6
1245,26590,LaMareon James,CLE,CB,17,0.0,0.0,0.0,0.0,0.0,0.0,0.0,0.0,0.0,0.1,0.2,0.1,0.9,15.6
1246,20380,Matt Dickerson,MIA,DE,17,0.0,0.0,0.0,0.0,0.0,0.0,0.0,0.0,0.5,0.1,0.2,0.1,0.9,15.6
1247,20924,Hunter Renfrow,CAR,WR,17,0.0,0.0,0.0,0.0,0.0,7.2,71.3,0.2,0.0,0.0,0.0,0.0,0.9,15.5
1248,24232,Jay Ward,MIN,S,17,0.0,0.0,0.0,0.0,0.0,0.0,0.0,0.0,0.1,0.1,0.1,0.1,0.9,15.5
1249,22511,Quintin Morris,JAX,TE,17,0.0,0.0,0.0,0.0,0.0,6.7,57.7,0.5,0.0,0.0,0.0,0.0,0.9,15.5
1250,23625,Daniel Hardy,CHI,DL,17,0.0,0.0,0.0,0.0,0.0,0.0,0.0,0.0,0.7,0.1,0.1,0.1,0.9,15.4
1251,22772,Payton Turner,DAL,DE,17,0.0,0.0,0.0,0.0,0.0,0.0,0.0,0.0,0.7,0.1,0.1,0.1,0.9,15.3
1252,26067,Xavier Watts,ATL,S,17,0.0,0.0,0.0,0.0,0.0,0.0,0.0,0.0,0.0,0.2,0.2,0.1,0.9,15.3
1253,25972,Jackson Hawes,BUF,TE,17,0.0,0.0,0.0,0.0,0.0,6.2,66.8,0.4,0.0,0.0,0.0,0.0,0.9,15.3
1254,23586,Julius Chestnut,TEN,RB,17,0.0,0.0,0.0,78.0,0.5,2.6,16.8,0.1,0.0,0.0,0.0,0.0,0.9,15.3
1255,21192,Nik Needham,CLE,S,17,0.0,0.0,0.0,0.0,0.0,0.0,0.0,0.0,0.1,0.2,0.2,0.1,0.9,15.2
1256,23185,Sam Howell,MIN,QB,17,245.4,1.8,1.2,9.8,0.0,0.0,0.0,0.0,0.0,0.0,0.0,0.0,0.9,15.2
1257,24092,BJ Ojulari,ARI,OLB,11,0.0,0.0,0.0,0.0,0.0,0.0,0.0,0.0,0.0,0.2,0.2,0.1,1.4,15.2
1258,22495,Zach Wilson,MIA,QB,17,249.6,1.5,0.7,10.0,0.0,0.0,0.0,0.0,0.0,0.0,0.0,0.0,0.9,15.2
1259,25197,Logan Lee,PIT,DT,17,0.0,0.0,0.0,0.0,0.0,0.0,0.0,0.0,0.9,0.1,0.1,0.1,0.9,15.2
1260,25025,Joe Milton III,DAL,QB,17,243.4,1.5,0.7,11.4,0.0,0.0,0.0,0.0,0.0,0.0,0.0,0.0,0.9,15.1
1261,26662,JaTravis Broughton,CAR,CB,17,0.0,0.0,0.0,0.0,0.0,0.0,0.0,0.0,0.0,0.2,0.2,0.1,0.9,15.0
1262,25695,Shemar Bartholomew,CAR,CB,17,0.0,0.0,0.0,0.0,0.0,0.0,0.0,0.0,0.0,0.2,0.2,0.1,0.9,15.0
1263,23763,Brandon Johnson,PIT,WR,17,0.0,0.0,0.0,0.0,0.0,6.4,85.8,0.0,0.0,0.0,0.0,0.0,0.9,15.0
1264,20949,Irv Smith Jr.,HOU,TE,17,0.0,0.0,0.0,0.0,0.0,8.1,56.7,0.2,0.0,0.0,0.0,0.0,0.9,15.0
1265,24347,Xavier Hutchinson,HOU,WR,17,0.0,0.0,0.0,0.0,0.0,6.0,65.7,0.4,0.0,0.0,0.0,0.0,0.9,15.0
1266,20880,Gardner Minshew,KC,QB,17,252.5,1.7,0.8,8.0,0.0,0.0,0.0,0.0,0.0,0.0,0.0,0.0,0.9,14.9
1267,25174,Jordan Jefferson,JAX,DT,17,0.0,0.0,0.0,0.0,0.0,0.0,0.0,0.0,0.7,0.1,0.1,0.1,0.9,14.9
1268,23737,Tanner Conner,MIA,TE,17,0.0,0.0,0.0,0.0,0.0,6.7,51.1,0.5,0.0,0.0,0.0,0.0,0.9,14.8
1269,26130,CJ West,SF,DL,17,0.0,0.0,0.0,0.0,0.0,0.0,0.0,0.0,0.0,0.1,0.2,0.1,0.9,14.8
1270,23910,D'Anthony Bell,SEA,S,17,0.0,0.0,0.0,0.0,0.0,0.0,0.0,0.0,0.0,0.3,0.2,0.1,0.9,14.8
1271,24417,Andre Jones Jr.,WAS,DE,17,0.0,0.0,0.0,0.0,0.0,0.0,0.0,0.0,0.5,0.1,0.1,0.1,0.9,14.8
1272,21021,Corey Ballentine,GB,CB,17,0.0,0.0,0.0,0.0,0.0,0.0,0.0,0.0,0.0,0.2,0.2,0.1,0.9,14.8
1273,25986,LeQuint Allen Jr.,JAX,RB,17,0.0,0.0,0.0,46.6,0.8,3.0,22.1,0.0,0.0,0.0,0.0,0.0,0.9,14.7
1274,24415,Anthony Johnson Jr.,NYG,S,17,0.0,0.0,0.0,0.0,0.0,0.0,0.0,0.0,0.0,0.2,0.2,0.1,0.9,14.7
1275,24796,Keidron Smith,DEN,DB,17,0.0,0.0,0.0,0.0,0.0,0.0,0.0,0.0,0.2,0.1,0.1,0.1,0.9,14.6
1276,24939,Carson Steele,KC,FB,17,0.0,0.0,0.0,80.2,0.4,3.9,19.7,0.0,0.0,0.0,0.0,0.0,0.9,14.5
1277,24168,Tyson Bagent,CHI,QB,17,216.5,1.2,0.6,19.3,0.1,0.0,0.0,0.0,0.0,0.0,0.0,0.0,0.8,14.4
1278,24350,Aidan O'Connell,LV,QB,17,252.6,1.5,0.8,4.8,0.0,0.0,0.0,0.0,0.0,0.0,0.0,0.0,0.8,14.4
1279,24394,Robert Beal Jr.,SF,DL,17,0.0,0.0,0.0,0.0,0.0,0.0,0.0,0.0,0.6,0.1,0.1,0.1,0.8,14.4
1280,24236,Isaiah Foskey,NO,DE,17,0.0,0.0,0.0,0.0,0.0,0.0,0.0,0.0,0.5,0.1,0.1,0.0,0.8,14.3
1281,25225,Daijahn Anthony,CIN,S,17,0.0,0.0,0.0,0.0,0.0,0.0,0.0,0.0,0.1,0.1,0.1,0.1,0.8,14.2
1282,23310,Greg Dulcich,NYG,TE,17,0.0,0.0,0.0,0.0,0.0,5.7,60.2,0.4,0.0,0.0,0.0,0.0,0.8,14.1
1283,22505,Davis Mills,HOU,QB,17,233.4,1.4,0.6,6.8,0.0,0.0,0.0,0.0,0.0,0.0,0.0,0.0,0.8,14.0
1284,23563,Sam Webb,LV,CB,17,0.0,0.0,0.0,0.0,0.0,0.0,0.0,0.0,0.0,0.3,0.2,0.1,0.8,14.0
1285,22494,Kyle Trask,TB,QB,17,214.7,1.7,0.7,3.5,0.0,0.0,0.0,0.0,0.0,0.0,0.0,0.0,0.8,13.9
1286,19943,Durham Smythe,CHI,TE,17,0.0,0.0,0.0,0.0,0.0,6.3,52.0,0.4,0.0,0.0,0.0,0.0,0.8,13.9
1287,18959,Dawuane Smoot,JAX,DE,17,0.0,0.0,0.0,0.0,0.0,0.0,0.0,0.0,0.7,0.1,0.1,0.1,0.8,13.9
1288,22758,Rashad Weaver,NYJ,DL,17,0.0,0.0,0.0,0.0,0.0,0.0,0.0,0.0,0.4,0.1,0.1,0.1,0.8,13.8
1289,23329,Cameron Thomas,CLE,DE,17,0.0,0.0,0.0,0.0,0.0,0.0,0.0,0.0,0.4,0.1,0.1,0.1,0.8,13.8
1290,25169,Javontae Jean-Baptiste,WAS,DE,17,0.0,0.0,0.0,0.0,0.0,0.0,0.0,0.0,0.6,0.1,0.1,0.1,0.8,13.8
1291,22723,Earnest Brown IV,DAL,DE,17,0.0,0.0,0.0,0.0,0.0,0.0,0.0,0.0,0.6,0.1,0.1,0.1,0.8,13.8
1292,23363,DeMarvin Leal,PIT,DE,17,0.0,0.0,0.0,0.0,0.0,0.0,0.0,0.0,0.6,0.1,0.1,0.1,0.8,13.8
1293,24851,Chris Smith,DET,DL,17,0.0,0.0,0.0,0.0,0.0,0.0,0.0,0.0,0.6,0.1,0.1,0.0,0.8,13.7
1294,20954,Jarrett Stidham,DEN,QB,17,212.4,1.6,0.8,7.7,0.0,0.0,0.0,0.0,0.0,0.0,0.0,0.0,0.8,13.7
1295,22833,Malik Herring,KC,DE,17,0.0,0.0,0.0,0.0,0.0,0.0,0.0,0.0,0.5,0.1,0.1,0.1,0.8,13.7
1296,18018,Jacoby Brissett,ARI,QB,17,231.4,1.3,0.7,9.5,0.0,0.0,0.0,0.0,0.0,0.0,0.0,0.0,0.8,13.6
1297,24487,Tre Hawkins III,NYG,CB,17,0.0,0.0,0.0,0.0,0.0,0.0,0.0,0.0,0.0,0.2,0.1,0.1,0.8,13.6
1298,26333,Caleb Lohner,DEN,TE,17,0.0,0.0,0.0,0.0,0.0,5.5,51.0,0.5,0.0,0.0,0.0,0.0,0.8,13.6
1299,24400,Keondre Coburn,LV,DT,17,0.0,0.0,0.0,0.0,0.0,0.0,0.0,0.0,0.2,0.1,0.1,0.1,0.8,13.6
1300,25231,Jaden Crumedy,CAR,DT,17,0.0,0.0,0.0,0.0,0.0,0.0,0.0,0.0,0.6,0.1,0.1,0.0,0.8,13.6
1301,25233,Myles Cole,JAX,DE,17,0.0,0.0,0.0,0.0,0.0,0.0,0.0,0.0,0.5,0.1,0.1,0.1,0.8,13.6
1302,23577,Kalia Davis,SF,DL,17,0.0,0.0,0.0,0.0,0.0,0.0,0.0,0.0,0.7,0.2,0.1,0.1,0.8,13.5
1303,20772,Joe Giles-Harris,CIN,LB,17,0.0,0.0,0.0,0.0,0.0,0.0,0.0,0.0,0.2,0.1,0.1,0.1,0.8,13.5
1304,24278,Hunter Luepke,DAL,RB,17,0.0,0.0,0.0,18.4,0.0,6.6,52.5,0.0,0.0,0.0,0.0,0.0,0.8,13.5
1305,25350,Jowon Briggs,NYJ,DT,17,0.0,0.0,0.0,0.0,0.0,0.0,0.0,0.0,0.3,0.1,0.1,0.1,0.8,13.5
1306,24124,Tanner McKee,PHI,QB,17,215.3,1.4,0.6,6.3,0.0,0.0,0.0,0.0,0.0,0.0,0.0,0.0,0.8,13.4
1307,19025,Joshua Dobbs,NE,QB,17,227.9,1.4,1.1,12.6,0.0,0.0,0.0,0.0,0.0,0.0,0.0,0.0,0.8,13.4
1308,22553,Michael Carter,ARI,RB,17,0.0,0.0,0.0,43.8,0.1,4.6,31.7,0.1,0.0,0.0,0.0,0.0,0.8,13.3
1309,25560,Jaylen McCollough,LAR,S,9,0.0,0.0,0.0,0.0,0.0,0.0,0.0,0.0,0.0,0.5,0.1,0.0,1.5,13.3
1310,24217,Trey Palmer,TB,WR,17,0.0,0.0,0.0,0.0,0.0,4.9,54.1,0.5,0.0,0.0,0.0,0.0,0.8,13.3
1311,19880,Derrick Nnadi,NYJ,DL,17,0.0,0.0,0.0,0.0,0.0,0.0,0.0,0.0,0.3,0.1,0.1,0.0,0.8,13.3
1312,22864,Patrick Johnson,PHI,OLB,17,0.0,0.0,0.0,0.0,0.0,0.0,0.0,0.0,0.5,0.1,0.1,0.1,0.8,13.2
1313,22773,Marlon Tuipulotu,KC,DT,17,0.0,0.0,0.0,0.0,0.0,0.0,0.0,0.0,0.6,0.1,0.1,0.1,0.8,13.2
1314,17993,Adam Gotsis,TB,DL,17,0.0,0.0,0.0,0.0,0.0,0.0,0.0,0.0,0.3,0.1,0.1,0.1,0.8,13.1
1315,22869,Levi Onwuzurike,DET,DL,4,0.0,0.0,0.0,0.0,0.0,0.0,0.0,0.0,0.5,0.1,0.1,0.1,3.3,13.1
1316,24413,Jordan Howden,NO,DB,17,0.0,0.0,0.0,0.0,0.0,0.0,0.0,0.0,0.1,0.1,0.1,0.1,0.8,13.0
1317,24514,Art Green,NYG,CB,17,0.0,0.0,0.0,0.0,0.0,0.0,0.0,0.0,0.0,0.1,0.1,0.1,0.8,13.0
1318,19330,Nick Mullens,JAX,QB,17,232.9,1.3,1.0,6.7,0.0,0.0,0.0,0.0,0.0,0.0,0.0,0.0,0.8,13.0
1319,24646,Ty Okada,SEA,FS,17,0.0,0.0,0.0,0.0,0.0,0.0,0.0,0.0,0.1,0.1,0.1,0.1,0.8,12.9
1320,22319,T.J. Smith,TEN,DT,17,0.0,0.0,0.0,0.0,0.0,0.0,0.0,0.0,0.3,0.1,0.1,0.1,0.8,12.9
1321,26155,Jaylin Smith,HOU,CB,17,0.0,0.0,0.0,0.0,0.0,0.0,0.0,0.0,0.0,0.1,0.1,0.1,0.8,12.8
1322,20541,Bruce Hector,SF,DL,17,0.0,0.0,0.0,0.0,0.0,0.0,0.0,0.0,0.4,0.1,0.1,0.1,0.7,12.7
1323,24189,Kei'Trel Clark,ARI,CB,17,0.0,0.0,0.0,0.0,0.0,0.0,0.0,0.0,0.2,0.1,0.1,0.1,0.7,12.7
1324,14252,Kirk Cousins,ATL,QB,17,249.2,1.3,1.1,6.5,0.0,0.0,0.0,0.0,0.0,0.0,0.0,0.0,0.7,12.6
1325,26172,Marcus Harris,TEN,CB,17,0.0,0.0,0.0,0.0,0.0,0.0,0.0,0.0,0.0,0.1,0.1,0.1,0.7,12.6
1326,23273,Hassan Haskins,LAC,RB,17,0.0,0.0,0.0,48.1,0.4,2.5,19.5,0.3,0.0,0.0,0.0,0.0,0.7,12.5
1327,21804,DeeJay Dallas,ARI,RB,17,0.0,0.0,0.0,55.0,0.4,3.2,21.0,0.0,0.0,0.0,0.0,0.0,0.7,12.4
1328,23661,Mike Brown,TEN,S,17,0.0,0.0,0.0,0.0,0.0,0.0,0.0,0.0,0.0,0.1,0.1,0.1,0.7,12.4
1329,16960,Quandre Diggs,TEN,FS,17,0.0,0.0,0.0,0.0,0.0,0.0,0.0,0.0,0.0,0.1,0.1,0.1,0.7,12.3
1330,20506,Tanner Hudson,CIN,TE,17,0.0,0.0,0.0,0.0,0.0,6.1,45.6,0.3,0.0,0.0,0.0,0.0,0.7,12.3
1331,22822,Ta'Quon Graham,ATL,DL,17,0.0,0.0,0.0,0.0,0.0,0.0,0.0,0.0,0.4,0.1,0.1,0.1,0.7,12.2
1332,24137,Jaquelin Roy,NE,DT,4,0.0,0.0,0.0,0.0,0.0,0.0,0.0,0.0,0.6,0.0,0.1,0.0,3.1,12.2
1333,24497,DJ Ivey,CIN,CB,17,0.0,0.0,0.0,0.0,0.0,0.0,0.0,0.0,0.0,0.1,0.1,0.1,0.7,12.2
1334,22973,Austin Trammell,JAX,WR,17,0.0,0.0,0.0,0.0,0.0,5.5,54.8,0.2,0.0,0.0,0.0,0.0,0.7,12.2
1335,24274,Tyler Lacy,JAX,DT,17,0.0,0.0,0.0,0.0,0.0,0.0,0.0,0.0,0.2,0.1,0.1,0.1,0.7,12.1
1336,25112,Jared Wiley,KC,TE,17,0.0,0.0,0.0,0.0,0.0,5.2,51.4,0.3,0.0,0.0,0.0,0.0,0.7,12.1
1337,24925,Mekhi Wingo,DET,DT,17,0.0,0.0,0.0,0.0,0.0,0.0,0.0,0.0,0.3,0.1,0.1,0.0,0.7,12.1
1338,23385,Dominique Robinson,CHI,DE,17,0.0,0.0,0.0,0.0,0.0,0.0,0.0,0.0,0.4,0.0,0.1,0.1,0.7,12.1
1339,24121,Derius Davis,LAC,WR,17,0.0,0.0,0.0,30.7,0.1,3.8,41.6,0.2,0.0,0.0,0.0,0.0,0.7,12.0
1340,24310,Jordan Mims,TEN,RB,17,0.0,0.0,0.0,61.4,0.3,2.0,14.4,0.1,0.0,0.0,0.0,0.0,0.7,12.0
1341,25631,Miles Battle,NE,CB,17,0.0,0.0,0.0,0.0,0.0,0.0,0.0,0.0,0.0,0.1,0.1,0.1,0.7,11.9
1342,22941,Sam Kamara,CLE,DE,17,0.0,0.0,0.0,0.0,0.0,0.0,0.0,0.0,0.2,0.1,0.1,0.1,0.7,11.9
1343,26299,Donte Kent,PIT,CB,4,0.0,0.0,0.0,0.0,0.0,0.0,0.0,0.0,0.0,0.1,0.1,0.1,3.0,11.9
1344,24107,Eli Ricks,PHI,CB,17,0.0,0.0,0.0,0.0,0.0,0.0,0.0,0.0,0.0,0.1,0.2,0.1,0.7,11.9
1345,24031,Mike Greene,TB,DL,17,0.0,0.0,0.0,0.0,0.0,0.0,0.0,0.0,0.2,0.1,0.1,0.1,0.7,11.9
1346,25873,Luke Lachey,HOU,TE,17,0.0,0.0,0.0,0.0,0.0,4.9,45.8,0.4,0.0,0.0,0.0,0.0,0.7,11.9
1347,24582,Brandon Pili,SEA,NT,17,0.0,0.0,0.0,0.0,0.0,0.0,0.0,0.0,0.3,0.1,0.1,0.1,0.7,11.7
1348,23458,Gregory Junior,GB,CB,9,0.0,0.0,0.0,0.0,0.0,0.0,0.0,0.0,0.0,0.1,0.1,0.1,1.3,11.7
1349,12841,Andy Dalton,CAR,QB,17,200.0,1.3,0.9,6.6,0.0,0.0,0.0,0.0,0.0,0.0,0.0,0.0,0.7,11.7
1350,18811,Mitchell Trubisky,BUF,QB,17,180.8,1.2,0.5,8.2,0.0,0.0,0.0,0.0,0.0,0.0,0.0,0.0,0.7,11.7
1351,25239,Solomon Byrd,HOU,DE,9,0.0,0.0,0.0,0.0,0.0,0.0,0.0,0.0,0.0,0.1,0.1,0.1,1.3,11.7
1352,24465,Cory Durden,NYG,DT,17,0.0,0.0,0.0,0.0,0.0,0.0,0.0,0.0,0.3,0.1,0.1,0.0,0.7,11.6
1353,23143,Will Mallory,IND,TE,17,0.0,0.0,0.0,0.0,0.0,5.1,46.8,0.3,0.0,0.0,0.0,0.0,0.7,11.6
1354,25232,Nathaniel Watson,CLE,LB,9,0.0,0.0,0.0,0.0,0.0,0.0,0.0,0.0,0.4,0.1,0.1,0.0,1.3,11.5
1355,18857,Deshaun Watson,CLE,QB,17,191.3,1.2,1.2,20.6,0.0,0.0,0.0,0.0,0.0,0.0,0.0,0.0,0.7,11.5
1356,21133,Marcus Epps,NE,S,17,0.0,0.0,0.0,0.0,0.0,0.0,0.0,0.0,0.0,0.0,0.1,0.1,0.7,11.5
1357,24461,Brodric Martin,DET,DL,17,0.0,0.0,0.0,0.0,0.0,0.0,0.0,0.0,0.3,0.1,0.1,0.0,0.7,11.5
1358,22801,Elerson G. Smith,CLE,DE,9,0.0,0.0,0.0,0.0,0.0,0.0,0.0,0.0,0.5,0.1,0.1,0.0,1.3,11.4
1359,24280,Dylan Horton,HOU,DE,17,0.0,0.0,0.0,0.0,0.0,0.0,0.0,0.0,0.2,0.0,0.1,0.1,0.7,11.4
1360,18026,Sheldon Day,WAS,DT,17,0.0,0.0,0.0,0.0,0.0,0.0,0.0,0.0,0.1,0.1,0.1,0.1,0.7,11.4
1361,19209,Patrick Ricard,BAL,FB,17,0.0,0.0,0.0,4.6,0.0,3.2,29.0,0.8,0.0,0.0,0.0,0.0,0.7,11.4
1362,23610,Sam Roberts,CAR,DT,17,0.0,0.0,0.0,0.0,0.0,0.0,0.0,0.0,0.5,0.1,0.1,0.0,0.7,11.3
1363,24354,Blake Whiteheart,CLE,TE,17,0.0,0.0,0.0,0.0,0.0,4.7,44.7,0.3,0.0,0.0,0.0,0.0,0.6,11.0
1364,25363,Christopher Edmonds,CLE,S,17,0.0,0.0,0.0,0.0,0.0,0.0,0.0,0.0,0.1,0.1,0.1,0.1,0.6,11.0
1365,19044,Jamal Agnew,ATL,WR,17,0.0,0.0,0.0,0.0,0.0,4.3,44.6,0.4,0.0,0.0,0.0,0.0,0.6,11.0
1366,24362,Malik Heath,GB,WR,17,0.0,0.0,0.0,0.0,0.0,4.3,48.5,0.3,0.0,0.0,0.0,0.0,0.6,10.9
1367,25229,Kris Abrams-Draine,DEN,CB,17,0.0,0.0,0.0,0.0,0.0,0.0,0.0,0.0,0.0,0.2,0.1,0.1,0.6,10.9
1368,23161,Jonathan Mingo,DAL,WR,17,0.0,0.0,0.0,0.1,0.0,4.2,48.5,0.3,0.0,0.0,0.0,0.0,0.6,10.9
1369,25238,DeWayne Carter,BUF,DT,17,0.0,0.0,0.0,0.0,0.0,0.0,0.0,0.0,0.2,0.1,0.1,0.1,0.6,10.8
1370,23419,Akayleb Evans,CAR,CB,17,0.0,0.0,0.0,0.0,0.0,0.0,0.0,0.0,0.0,0.2,0.1,0.1,0.6,10.7
1371,19491,Robert Tonyan,KC,TE,17,0.0,0.0,0.0,0.0,0.0,4.6,42.8,0.3,0.0,0.0,0.0,0.0,0.6,10.7
1372,18033,Miles Killebrew,PIT,S,17,0.0,0.0,0.0,0.0,0.0,0.0,0.0,0.0,0.0,0.1,0.1,0.1,0.6,10.7
1373,24533,Ben Sims,GB,TE,17,0.0,0.0,0.0,0.0,0.0,4.3,44.9,0.3,0.0,0.0,0.0,0.0,0.6,10.6
1374,24140,Hendon Hooker,DET,QB,17,176.5,1.0,0.5,7.2,0.0,0.0,0.0,0.0,0.0,0.0,0.0,0.0,0.6,10.6
1375,20281,Mike Ford Jr,ATL,CB,17,0.0,0.0,0.0,0.0,0.0,0.0,0.0,0.0,0.0,0.4,0.1,0.1,0.6,10.6
1376,23650,Lucas Krull,DEN,TE,17,0.0,0.0,0.0,0.0,0.0,4.7,46.5,0.2,0.0,0.0,0.0,0.0,0.6,10.6
1377,26042,Kevin Winston Jr.,TEN,S,17,0.0,0.0,0.0,0.0,0.0,0.0,0.0,0.0,0.0,0.1,0.1,0.0,0.6,10.5
1378,26584,Marquise Robinson,BAL,CB,17,0.0,0.0,0.0,0.0,0.0,0.0,0.0,0.0,0.0,0.1,0.1,0.1,0.6,10.5
1379,24472,Xavier Gipson,NYJ,WR,17,0.0,0.0,0.0,2.5,0.0,5.0,58.4,0.0,0.0,0.0,0.0,0.0,0.6,10.5
1380,24434,Jose Ramirez,TB,OLB,9,0.0,0.0,0.0,0.0,0.0,0.0,0.0,0.0,0.1,0.1,0.1,0.0,1.2,10.5
1381,23996,Kendric Pryor,CIN,WR,17,0.0,0.0,0.0,0.0,0.0,4.9,43.4,0.2,0.0,0.0,0.0,0.0,0.6,10.4
1382,26135,Craig Woodson,NE,S,17,0.0,0.0,0.0,0.0,0.0,0.0,0.0,0.0,0.0,0.1,0.1,0.1,0.6,10.4
1383,21933,Jaylinn Hawkins,NE,S,17,0.0,0.0,0.0,0.0,0.0,0.0,0.0,0.0,0.0,0.0,0.1,0.1,0.6,10.4
1384,23564,Damarion Williams,SEA,CB,17,0.0,0.0,0.0,0.0,0.0,0.0,0.0,0.0,0.0,0.1,0.1,0.1,0.6,10.4
1385,21138,Scotty Miller,PIT,WR,17,0.0,0.0,0.0,0.0,0.0,5.3,51.0,0.0,0.0,0.0,0.0,0.0,0.6,10.4
1386,24304,Carlos Washington Jr.,ATL,RB,17,0.0,0.0,0.0,70.0,0.2,1.5,9.9,0.0,0.0,0.0,0.0,0.0,0.6,10.3
1387,26159,Jonas Sanker,NO,S,17,0.0,0.0,0.0,0.0,0.0,0.0,0.0,0.0,0.0,0.1,0.1,0.0,0.6,10.2
1388,18900,Mo Alie-Cox,IND,TE,17,0.0,0.0,0.0,0.0,0.0,4.2,41.6,0.3,0.0,0.0,0.0,0.0,0.6,10.2
1389,24498,Nic Jones,NYG,CB,17,0.0,0.0,0.0,0.0,0.0,0.0,0.0,0.0,0.0,0.1,0.1,0.1,0.6,10.1
1390,26061,Donovan Ezeiruaku,DAL,DE,17,0.0,0.0,0.0,0.0,0.0,0.0,0.0,0.0,0.0,0.1,0.1,0.1,0.6,10.0
1391,23388,DeAngelo Malone,ATL,OLB,17,0.0,0.0,0.0,0.0,0.0,0.0,0.0,0.0,0.8,0.0,0.1,0.0,0.6,9.9
1392,26114,Aeneas Peebles,BAL,DL,17,0.0,0.0,0.0,0.0,0.0,0.0,0.0,0.0,0.0,0.1,0.1,0.1,0.6,9.8
1393,23520,Jordan Jackson,DEN,DL,17,0.0,0.0,0.0,0.0,0.0,0.0,0.0,0.0,0.1,0.1,0.1,0.1,0.6,9.7
1394,26225,Tyler Baron,NYJ,DL,17,0.0,0.0,0.0,0.0,0.0,0.0,0.0,0.0,0.0,0.1,0.1,0.0,0.6,9.7
1395,20360,Jeff Wilson Jr.,SF,RB,17,0.0,0.0,0.0,48.9,0.2,1.7,12.9,0.1,0.0,0.0,0.0,0.0,0.6,9.7
1396,23442,Damone Clark,DAL,LB,17,0.0,0.0,0.0,0.0,0.0,0.0,0.0,0.0,0.0,0.0,0.1,0.0,0.6,9.6
1397,22835,Cam Sample,CIN,DE,17,0.0,0.0,0.0,0.0,0.0,0.0,0.0,0.0,0.0,0.1,0.1,0.1,0.6,9.6
1398,26187,Eric Gregory,CIN,DT,17,0.0,0.0,0.0,0.0,0.0,0.0,0.0,0.0,0.0,0.1,0.1,0.1,0.6,9.6
1399,22590,Ben Skowronek,PIT,WR,17,0.0,0.0,0.0,0.0,0.0,4.2,41.7,0.2,0.0,0.0,0.0,0.0,0.6,9.6
1400,21989,Mykal Walker,ARI,ILB,17,0.0,0.0,0.0,0.0,0.0,0.0,0.0,0.0,0.1,0.1,0.1,0.0,0.6,9.5
1401,25008,T.J. Tampa,BAL,CB,17,0.0,0.0,0.0,0.0,0.0,0.0,0.0,0.0,0.0,0.1,0.1,0.1,0.6,9.5
1402,26048,Quinn Ewers,MIA,QB,17,142.0,0.9,0.4,10.0,0.0,0.0,0.0,0.0,0.0,0.0,0.0,0.0,0.6,9.5
1403,24453,Marte Mapu,NE,LB,17,0.0,0.0,0.0,0.0,0.0,0.0,0.0,0.0,0.1,0.2,0.1,0.0,0.6,9.5
1404,20859,Drew Lock,SEA,QB,17,164.2,0.9,0.9,11.0,0.0,0.0,0.0,0.0,0.0,0.0,0.0,0.0,0.6,9.5
1405,24496,Jordon Riley,NYG,DL,17,0.0,0.0,0.0,0.0,0.0,0.0,0.0,0.0,0.2,0.1,0.1,0.0,0.6,9.4
1406,25016,JT Tuimoloau,IND,DE,17,0.0,0.0,0.0,0.0,0.0,0.0,0.0,0.0,0.0,0.1,0.1,0.1,0.5,9.3
1407,25582,Dell Pettus,NE,S,17,0.0,0.0,0.0,0.0,0.0,0.0,0.0,0.0,0.2,0.1,0.1,0.0,0.5,9.3
1408,19922,Justin Watson,HOU,WR,17,0.0,0.0,0.0,0.0,0.0,3.5,45.9,0.2,0.0,0.0,0.0,0.0,0.5,9.3
1409,21725,Trishton Jackson,ARI,WR,17,0.0,0.0,0.0,0.0,0.0,3.4,40.7,0.3,0.0,0.0,0.0,0.0,0.5,9.3
1410,25045,Rasheen Ali,BAL,RB,17,0.0,0.0,0.0,61.0,0.2,1.1,8.6,0.0,0.0,0.0,0.0,0.0,0.5,9.3
1411,26141,Tonka Hemingway,LV,DT,17,0.0,0.0,0.0,0.0,0.0,0.0,0.0,0.0,0.0,0.1,0.1,0.1,0.5,9.2
1412,26201,JJ Pegues,LV,DT,17,0.0,0.0,0.0,0.0,0.0,0.0,0.0,0.0,0.0,0.1,0.1,0.1,0.5,9.2
1413,26139,Collin Oliver,GB,DL,17,0.0,0.0,0.0,0.0,0.0,0.0,0.0,0.0,0.0,0.1,0.1,0.1,0.5,9.2
1414,22672,Gary Brightwell,CIN,RB,17,0.0,0.0,0.0,33.1,0.2,2.4,16.8,0.1,0.0,0.0,0.0,0.0,0.5,9.2
1415,24088,Ali Gaye,TEN,OLB,17,0.0,0.0,0.0,0.0,0.0,0.0,0.0,0.0,0.6,0.0,0.0,0.0,0.5,9.2
1416,23348,Nephi Sewell,NO,LB,17,0.0,0.0,0.0,0.0,0.0,0.0,0.0,0.0,0.3,0.0,0.0,0.0,0.5,9.1
1417,20810,Travis Homer,CHI,RB,17,0.0,0.0,0.0,40.9,0.1,2.5,19.1,0.0,0.0,0.0,0.0,0.0,0.5,9.1
1418,26444,Bubba Thomas,SEA,NT,17,0.0,0.0,0.0,0.0,0.0,0.0,0.0,0.0,0.0,0.1,0.1,0.1,0.5,9.1
1419,23620,Mark Robinson,PIT,LB,17,0.0,0.0,0.0,0.0,0.0,0.0,0.0,0.0,0.2,0.0,0.1,0.0,0.5,9.1
1420,25547,Levelle Bailey,DEN,ILB,17,0.0,0.0,0.0,0.0,0.0,0.0,0.0,0.0,0.1,0.0,0.1,0.0,0.5,9.1
1421,24397,Jalen Brooks,DAL,WR,17,0.0,0.0,0.0,0.0,0.0,3.7,41.6,0.2,0.0,0.0,0.0,0.0,0.5,9.1
1422,21730,Collin Johnson,LV,WR,17,0.0,0.0,0.0,0.0,0.0,3.8,40.3,0.2,0.0,0.0,0.0,0.0,0.5,9.0
1423,26185,Elijah Simmons,ARI,DL,17,0.0,0.0,0.0,0.0,0.0,0.0,0.0,0.0,0.0,0.1,0.1,0.1,0.5,9.0
1424,22595,Ihmir Smith-Marsette,NYG,WR,17,0.0,0.0,0.0,2.7,0.0,3.6,38.7,0.3,0.0,0.0,0.0,0.0,0.5,8.9
1425,25141,Tip Reiman,ARI,TE,17,0.0,0.0,0.0,0.0,0.0,4.5,44.1,0.0,0.0,0.0,0.0,0.0,0.5,8.9
1426,21306,Del'Shawn Phillips,LAC,LB,17,0.0,0.0,0.0,0.0,0.0,0.0,0.0,0.0,0.1,0.0,0.1,0.0,0.5,8.9
1427,23369,David Ojabo,BAL,OLB,17,0.0,0.0,0.0,0.0,0.0,0.0,0.0,0.0,0.6,0.0,0.1,0.0,0.5,8.8
1428,19375,Arthur Maulet,HOU,CB,17,0.0,0.0,0.0,0.0,0.0,0.0,0.0,0.0,0.2,0.1,0.1,0.0,0.5,8.8
1429,24500,Kendall Williamson,LAC,S,17,0.0,0.0,0.0,0.0,0.0,0.0,0.0,0.0,0.1,0.1,0.1,0.0,0.5,8.8
1430,23987,Vi Jones,ARI,ILB,17,0.0,0.0,0.0,0.0,0.0,0.0,0.0,0.0,0.1,0.0,0.1,0.0,0.5,8.7
1431,25237,Maema Njongmeta,CIN,LB,17,0.0,0.0,0.0,0.0,0.0,0.0,0.0,0.0,0.1,0.0,0.1,0.0,0.5,8.7
1432,26121,Ahmed Hassanein,DET,DE,17,0.0,0.0,0.0,0.0,0.0,0.0,0.0,0.0,0.0,0.1,0.1,0.0,0.5,8.7
1433,25483,Isaac Ukwu,DET,DE,17,0.0,0.0,0.0,0.0,0.0,0.0,0.0,0.0,0.0,0.1,0.1,0.0,0.5,8.7
1434,18118,Brandon Allen,TEN,QB,17,150.9,0.9,0.9,8.5,0.0,0.0,0.0,0.0,0.0,0.0,0.0,0.0,0.5,8.7
1435,25934,Tez Johnson,TB,WR,17,0.0,0.0,0.0,0.0,0.0,3.6,44.8,0.1,0.0,0.0,0.0,0.0,0.5,8.7
1436,26256,Dan Jackson,DET,S,4,0.0,0.0,0.0,0.0,0.0,0.0,0.0,0.0,0.0,0.1,0.1,0.0,2.2,8.7
1437,26481,Sebastian Valdez,SF,DT,17,0.0,0.0,0.0,0.0,0.0,0.0,0.0,0.0,0.0,0.1,0.1,0.1,0.5,8.7
1438,20816,Lil'Jordan Humphrey,NYG,WR,17,0.0,0.0,0.0,0.0,0.0,4.1,45.3,0.0,0.0,0.0,0.0,0.0,0.5,8.6
1439,22493,Trey Lance,LAC,QB,17,141.7,0.4,0.4,20.9,0.0,0.0,0.0,0.0,0.0,0.0,0.0,0.0,0.5,8.6
1440,22547,Ronnie Rivers,LAR,RB,17,0.0,0.0,0.0,56.2,0.1,1.6,9.3,0.0,0.0,0.0,0.0,0.0,0.5,8.6
1441,25687,Bryce Oliver,TEN,WR,17,0.0,0.0,0.0,0.0,0.0,3.4,39.0,0.2,0.0,0.0,0.0,0.0,0.5,8.5
1442,25272,Xavier Thomas,ARI,OLB,17,0.0,0.0,0.0,0.0,0.0,0.0,0.0,0.0,0.6,0.0,0.1,0.0,0.5,8.5
1443,24021,Tucker Fisk,LAC,TE,17,0.0,0.0,0.0,0.0,0.0,3.6,36.5,0.2,0.0,0.0,0.0,0.0,0.5,8.4
1444,24188,Deuce Vaughn,DAL,RB,17,0.0,0.0,0.0,63.2,0.0,1.4,9.3,0.0,0.0,0.0,0.0,0.0,0.5,8.4
1445,24109,Felix Anudike-Uzomah,KC,DE,4,0.0,0.0,0.0,0.0,0.0,0.0,0.0,0.0,0.4,0.0,0.1,0.0,2.1,8.3
1446,21964,Cody White,SEA,WR,17,0.0,0.0,0.0,0.0,0.0,3.3,37.6,0.2,0.0,0.0,0.0,0.0,0.5,8.3
1447,26072,Jay Higgins IV,BAL,ILB,17,0.0,0.0,0.0,0.0,0.0,0.0,0.0,0.0,0.0,0.0,0.1,0.0,0.5,8.2
1448,22761,Garret Wallow,DEN,LB,17,0.0,0.0,0.0,0.0,0.0,0.0,0.0,0.0,0.2,0.0,0.1,0.0,0.5,8.2
1449,23624,Dareke Young,SEA,WR,17,0.0,0.0,0.0,0.0,0.0,3.3,37.1,0.2,0.0,0.0,0.0,0.0,0.5,8.2
1450,24456,Starling Thomas V,ARI,CB,4,0.0,0.0,0.0,0.0,0.0,0.0,0.0,0.0,0.0,0.0,0.1,0.1,2.0,8.2
1451,17762,Chris Manhertz,NYG,TE,17,0.0,0.0,0.0,0.0,0.0,3.5,34.7,0.2,0.0,0.0,0.0,0.0,0.5,8.2
1452,18956,Zach Cunningham,DET,LB,17,0.0,0.0,0.0,0.0,0.0,0.0,0.0,0.0,0.0,0.0,0.0,0.0,0.5,8.1
1453,26164,Teddye Buchanan,BAL,ILB,17,0.0,0.0,0.0,0.0,0.0,0.0,0.0,0.0,0.0,0.0,0.1,0.0,0.5,8.1
1454,21037,Miles Boykin,CHI,WR,17,0.0,0.0,0.0,0.0,0.0,3.2,37.0,0.2,0.0,0.0,0.0,0.0,0.5,8.1
1455,19854,Dante Pettis,NO,WR,17,0.0,0.0,0.0,5.9,0.0,3.2,37.0,0.1,0.0,0.0,0.0,0.0,0.5,8.1
1456,24001,Tre Avery,NE,CB,16,0.0,0.0,0.0,0.0,0.0,0.0,0.0,0.0,0.0,0.1,0.1,0.0,0.5,8.1
1457,22088,Stantley Thomas-Oliver,DET,CB,17,0.0,0.0,0.0,0.0,0.0,0.0,0.0,0.0,0.0,0.1,0.1,0.0,0.5,8.0
1458,22514,Kenny Yeboah,DET,TE,17,0.0,0.0,0.0,0.0,0.0,3.1,30.9,0.3,0.0,0.0,0.0,0.0,0.5,8.0
1459,23784,Josh Ross,SEA,ILB,17,0.0,0.0,0.0,0.0,0.0,0.0,0.0,0.0,0.1,0.0,0.1,0.0,0.5,8.0
1460,25433,Bo Richter,MIN,OLB,17,0.0,0.0,0.0,0.0,0.0,0.0,0.0,0.0,0.3,0.0,0.1,0.0,0.5,8.0
1461,25133,Bub Means,NO,WR,17,0.0,0.0,0.0,0.0,0.0,3.1,35.3,0.2,0.0,0.0,0.0,0.0,0.5,7.8
1462,21543,Anthony Pittman,DET,LB,17,0.0,0.0,0.0,0.0,0.0,0.0,0.0,0.0,0.3,0.0,0.0,0.0,0.5,7.8
1463,21125,Ty Summers,NYG,LB,17,0.0,0.0,0.0,0.0,0.0,0.0,0.0,0.0,0.0,0.0,0.0,0.0,0.5,7.8
1464,26305,Austin Keys,MIN,LB,17,0.0,0.0,0.0,0.0,0.0,0.0,0.0,0.0,0.0,0.0,0.1,0.0,0.5,7.8
1465,20840,Lonnie Johnson Jr.,LV,S,10,0.0,0.0,0.0,0.0,0.0,0.0,0.0,0.0,0.0,0.2,0.1,0.0,0.8,7.8
1466,22569,Dee Eskridge,MIA,WR,17,0.0,0.0,0.0,2.2,0.0,3.0,39.2,0.1,0.0,0.0,0.0,0.0,0.5,7.7
1467,23626,Deane Leonard,LAC,DB,17,0.0,0.0,0.0,0.0,0.0,0.0,0.0,0.0,0.1,0.1,0.1,0.0,0.5,7.7
1468,22104,Casey Toohill,HOU,DE,9,0.0,0.0,0.0,0.0,0.0,0.0,0.0,0.0,0.4,0.0,0.1,0.0,0.8,7.6
1469,24296,Brycen Tremayne,CAR,WR,17,0.0,0.0,0.0,0.0,0.0,3.0,33.8,0.2,0.0,0.0,0.0,0.0,0.4,7.6
1470,26118,Billy Bowman Jr.,ATL,S,17,0.0,0.0,0.0,0.0,0.0,0.0,0.0,0.0,0.0,0.1,0.1,0.0,0.4,7.5
1471,20664,Josh Woods,ATL,ILB,17,0.0,0.0,0.0,0.0,0.0,0.0,0.0,0.0,0.1,0.0,0.1,0.0,0.4,7.5
1472,23387,Amaré Barno,CAR,OLB,17,0.0,0.0,0.0,0.0,0.0,0.0,0.0,0.0,0.3,0.0,0.0,0.0,0.4,7.5
1473,23776,Arron Mosby,GB,DL,9,0.0,0.0,0.0,0.0,0.0,0.0,0.0,0.0,0.4,0.0,0.1,0.0,0.8,7.5
1474,23617,James Houston,DAL,DE,17,0.0,0.0,0.0,0.0,0.0,0.0,0.0,0.0,0.3,0.0,0.1,0.0,0.4,7.5
1475,23686,Kurt Hinish,HOU,DT,12,0.0,0.0,0.0,0.0,0.0,0.0,0.0,0.0,0.1,0.0,0.1,0.0,0.6,7.4
1476,26103,Jordan Watkins,SF,WR,17,0.0,0.0,0.0,8.3,0.0,2.9,30.8,0.1,0.0,0.0,0.0,0.0,0.4,7.4
1477,23160,John Metchie III,PHI,WR,17,0.0,0.0,0.0,0.1,0.0,3.2,35.7,0.1,0.0,0.0,0.0,0.0,0.4,7.4
1478,24364,Jalen Graham,SF,LB,17,0.0,0.0,0.0,0.0,0.0,0.0,0.0,0.0,0.3,0.0,0.1,0.0,0.4,7.3
1479,22780,Tommy Togiai,HOU,DT,9,0.0,0.0,0.0,0.0,0.0,0.0,0.0,0.0,0.3,0.0,0.1,0.0,0.8,7.3
1480,22415,Mason Kinsey,TEN,WR,17,0.0,0.0,0.0,0.0,0.0,2.5,35.1,0.2,0.0,0.0,0.0,0.0,0.4,7.2
1481,23547,Markquese Bell,DAL,S,17,0.0,0.0,0.0,0.0,0.0,0.0,0.0,0.0,0.0,0.0,0.1,0.0,0.4,7.2
1482,26043,Kobe King,MIN,LB,4,0.0,0.0,0.0,0.0,0.0,0.0,0.0,0.0,0.0,0.0,0.1,0.0,1.8,7.2
1483,24000,Tomon Fox,NYG,OLB,17,0.0,0.0,0.0,0.0,0.0,0.0,0.0,0.0,0.4,0.0,0.0,0.0,0.4,7.1
1484,23469,Tyquan Thornton,KC,WR,17,0.0,0.0,0.0,0.0,0.0,2.5,34.1,0.2,0.0,0.0,0.0,0.0,0.4,7.1
1485,26355,Nikko Reed,LAC,CB,17,0.0,0.0,0.0,0.0,0.0,0.0,0.0,0.0,0.0,0.1,0.1,0.0,0.4,7.1
1486,22942,Caleb Johnson,ATL,LB,17,0.0,0.0,0.0,0.0,0.0,0.0,0.0,0.0,0.0,0.0,0.1,0.0,0.4,7.0
1487,23249,Jake Haener,NO,QB,17,99.0,0.7,0.7,16.6,0.0,0.0,0.0,0.0,0.0,0.0,0.0,0.0,0.4,7.0
1488,18923,Jamal Adams,LV,SS,17,0.0,0.0,0.0,0.0,0.0,0.0,0.0,0.0,0.0,0.1,0.1,0.0,0.4,7.0
1489,23144,Ainias Smith,PHI,WR,17,0.0,0.0,0.0,0.0,0.0,2.7,24.8,0.3,0.0,0.0,0.0,0.0,0.4,7.0
1490,25337,Jamal Hill,HOU,LB,17,0.0,0.0,0.0,0.0,0.0,0.0,0.0,0.0,0.3,0.0,0.1,0.0,0.4,7.0
1491,26049,Shemar James,DAL,ILB,4,0.0,0.0,0.0,0.0,0.0,0.0,0.0,0.0,0.0,0.0,0.1,0.0,1.7,6.9
1492,26254,Cam Miller,LV,QB,17,88.8,0.7,0.0,5.1,0.0,0.0,0.0,0.0,0.0,0.0,0.0,0.0,0.4,6.9
1493,22004,Isaiah Simmons,GB,LB,17,0.0,0.0,0.0,0.0,0.0,0.0,0.0,0.0,0.1,0.1,0.1,0.0,0.4,6.8
1494,26086,Graham Mertz,HOU,QB,17,85.9,0.7,0.0,5.8,0.0,0.0,0.0,0.0,0.0,0.0,0.0,0.0,0.4,6.8
1495,24148,Davis Allen,LAR,TE,17,0.0,0.0,0.0,0.0,0.0,3.2,29.9,0.1,0.0,0.0,0.0,0.0,0.4,6.8
1496,22329,Eric Banks,TB,DL,9,0.0,0.0,0.0,0.0,0.0,0.0,0.0,0.0,0.1,0.1,0.1,0.0,0.8,6.8
1497,26573,Cam Riley,NE,LB,17,0.0,0.0,0.0,0.0,0.0,0.0,0.0,0.0,0.0,0.0,0.0,0.0,0.4,6.8
1498,20611,Jeremy Reaves,WAS,S,17,0.0,0.0,0.0,0.0,0.0,0.0,0.0,0.0,0.0,0.1,0.1,0.0,0.4,6.7
1499,22823,Kylen Granson,PHI,TE,17,0.0,0.0,0.0,0.0,0.0,2.6,28.1,0.2,0.0,0.0,0.0,0.0,0.4,6.6
1500,25937,Nick Nash,ATL,WR,17,0.0,0.0,0.0,0.0,0.0,3.0,35.0,0.0,0.0,0.0,0.0,0.0,0.4,6.5
1501,24122,Charlie Jones,CIN,WR,17,0.0,0.0,0.0,2.2,0.0,2.7,29.8,0.1,0.0,0.0,0.0,0.0,0.4,6.5
1502,23298,Raheem Blackshear,CAR,RB,17,0.0,0.0,0.0,29.2,0.1,2.2,13.4,0.0,0.0,0.0,0.0,0.0,0.4,6.5
1503,25989,Lan Larison,NE,RB,17,0.0,0.0,0.0,12.0,0.0,3.0,22.0,0.0,0.0,0.0,0.0,0.0,0.4,6.4
1504,26163,Smael Mondon Jr.,PHI,LB,17,0.0,0.0,0.0,0.0,0.0,0.0,0.0,0.0,0.0,0.0,0.1,0.0,0.4,6.4
1505,24422,Ochaun Mathis,PHI,OLB,17,0.0,0.0,0.0,0.0,0.0,0.0,0.0,0.0,0.1,0.0,0.1,0.0,0.4,6.4
1506,25124,Ryan Flournoy,DAL,WR,17,0.0,0.0,0.0,0.0,0.0,2.5,25.9,0.2,0.0,0.0,0.0,0.0,0.4,6.3
1507,24557,Dyontae Johnson,NYG,ILB,17,0.0,0.0,0.0,0.0,0.0,0.0,0.0,0.0,0.0,0.0,0.0,0.0,0.4,6.2
1508,24271,Mekhi Blackmon,MIN,CB,17,0.0,0.0,0.0,0.0,0.0,0.0,0.0,0.0,0.0,0.1,0.1,0.0,0.4,6.2
1509,24342,Mitchell Tinsley,CIN,WR,17,0.0,0.0,0.0,0.0,0.0,2.3,26.6,0.2,0.0,0.0,0.0,0.0,0.4,6.2
1510,24220,Tyler Scott,CHI,WR,17,0.0,0.0,0.0,3.0,0.0,2.5,26.9,0.1,0.0,0.0,0.0,0.0,0.4,6.1
1511,24981,Jacob Cowing,SF,WR,17,0.0,0.0,0.0,8.6,0.0,2.0,26.2,0.1,0.0,0.0,0.0,0.0,0.4,6.1
1512,22815,Darrick Forrest,BUF,S,17,0.0,0.0,0.0,0.0,0.0,0.0,0.0,0.0,0.0,0.0,0.1,0.0,0.4,6.0
1513,25170,Jaylen Key,CIN,S,17,0.0,0.0,0.0,0.0,0.0,0.0,0.0,0.0,0.1,0.0,0.1,0.0,0.4,6.0
1514,21721,Devin Duvernay,CHI,WR,17,0.0,0.0,0.0,3.5,0.0,3.0,29.6,0.1,0.0,0.0,0.0,0.0,0.3,5.9
1515,23847,Bam Knight,ARI,RB,17,0.0,0.0,0.0,10.1,0.1,2.1,15.3,0.1,0.0,0.0,0.0,0.0,0.3,5.8
1516,23301,Jashaun Corbin,ATL,RB,17,0.0,0.0,0.0,32.0,0.1,1.2,8.4,0.0,0.0,0.0,0.0,0.0,0.3,5.8
1517,22824,Richie Grant,SF,S,17,0.0,0.0,0.0,0.0,0.0,0.0,0.0,0.0,0.1,0.1,0.1,0.0,0.3,5.8
1518,25054,Dylan Laube,LV,RB,17,0.0,0.0,0.0,16.0,0.0,2.4,17.6,0.0,0.0,0.0,0.0,0.0,0.3,5.8
1519,20088,Ezekiel Turner,DET,ILB,17,0.0,0.0,0.0,0.0,0.0,0.0,0.0,0.0,0.1,0.0,0.0,0.0,0.3,5.7
1520,23195,Eric Gray,NYG,RB,17,0.0,0.0,0.0,32.1,0.1,1.4,10.7,0.0,0.0,0.0,0.0,0.0,0.3,5.7
1521,24626,Elijah Dotson,ATL,RB,17,0.0,0.0,0.0,10.7,0.1,2.0,13.9,0.1,0.0,0.0,0.0,0.0,0.3,5.7
1522,26018,Mike Green,BAL,OLB,4,0.0,0.0,0.0,0.0,0.0,0.0,0.0,0.0,0.0,0.1,0.1,0.0,1.4,5.6
1523,24250,Thomas Incoom,CAR,OLB,17,0.0,0.0,0.0,0.0,0.0,0.0,0.0,0.0,0.1,0.0,0.0,0.0,0.3,5.6
1524,26283,Keondre Jackson,BAL,S,17,0.0,0.0,0.0,0.0,0.0,0.0,0.0,0.0,0.0,0.0,0.1,0.0,0.3,5.5
1525,25090,Terrell Jennings,NE,RB,17,0.0,0.0,0.0,10.1,0.1,1.9,14.3,0.1,0.0,0.0,0.0,0.0,0.3,5.5
1526,21281,Andrew Wingard,JAX,S,17,0.0,0.0,0.0,0.0,0.0,0.0,0.0,0.0,0.0,0.1,0.0,0.0,0.3,5.5
1527,23481,Velus Jones Jr.,NO,RB,17,0.0,0.0,0.0,10.4,0.1,1.9,13.6,0.1,0.0,0.0,0.0,0.0,0.3,5.5
1528,23627,Rodney Thomas II,IND,S,17,0.0,0.0,0.0,0.0,0.0,0.0,0.0,0.0,0.0,0.1,0.1,0.0,0.3,5.5
1529,21349,Ashton Dulin,IND,WR,17,0.0,0.0,0.0,2.3,0.0,2.3,23.5,0.1,0.0,0.0,0.0,0.0,0.3,5.5
1530,24257,Cameron Young,GB,NT,9,0.0,0.0,0.0,0.0,0.0,0.0,0.0,0.0,0.1,0.0,0.1,0.0,0.6,5.5
1531,20788,Mecole Hardman,GB,WR,17,0.0,0.0,0.0,3.6,0.0,2.6,29.0,0.1,0.0,0.0,0.0,0.0,0.3,5.5
1532,23201,Jase McClellan,TB,RB,17,0.0,0.0,0.0,27.1,0.0,1.6,11.2,0.0,0.0,0.0,0.0,0.0,0.3,5.4
1533,26184,Tyler Batty,MIN,OLB,17,0.0,0.0,0.0,0.0,0.0,0.0,0.0,0.0,0.0,0.0,0.1,0.0,0.3,5.4
1534,25220,Beau Brade,BAL,S,17,0.0,0.0,0.0,0.0,0.0,0.0,0.0,0.0,0.0,0.0,0.1,0.0,0.3,5.4
1535,20492,George Odum,SF,S,17,0.0,0.0,0.0,0.0,0.0,0.0,0.0,0.0,0.0,0.0,0.1,0.0,0.3,5.4
1536,23379,Tyreke Smith,SEA,OLB,17,0.0,0.0,0.0,0.0,0.0,0.0,0.0,0.0,0.1,0.0,0.1,0.0,0.3,5.4
1537,15694,Case Keenum,CHI,QB,17,79.1,0.5,0.0,2.1,0.0,0.0,0.0,0.0,0.0,0.0,0.0,0.0,0.3,5.4
1538,18177,Jonathan Jones,WAS,CB,17,0.0,0.0,0.0,0.0,0.0,0.0,0.0,0.0,0.0,0.0,0.1,0.0,0.3,5.3
1539,22661,Jack Stoll,NO,TE,17,0.0,0.0,0.0,0.0,0.0,2.7,26.5,0.0,0.0,0.0,0.0,0.0,0.3,5.3
1540,24485,Jarrick Bernard-Converse,NYJ,CB,17,0.0,0.0,0.0,0.0,0.0,0.0,0.0,0.0,0.0,0.1,0.0,0.0,0.3,5.3
1541,26202,Jordan Burch,ARI,OLB,17,0.0,0.0,0.0,0.0,0.0,0.0,0.0,0.0,0.0,0.1,0.1,0.0,0.3,5.3
1542,25184,Myles Harden,CLE,CB,17,0.0,0.0,0.0,0.0,0.0,0.0,0.0,0.0,0.0,0.0,0.1,0.0,0.3,5.2
1543,26144,Francisco Mauigoa,NYJ,LB,4,0.0,0.0,0.0,0.0,0.0,0.0,0.0,0.0,0.0,0.0,0.0,0.0,1.3,5.2
1544,25131,Josh Wallace,LAR,CB,17,0.0,0.0,0.0,0.0,0.0,0.0,0.0,0.0,0.0,0.0,0.1,0.0,0.3,5.2
1545,26203,Josaiah Stewart,LAR,OLB,17,0.0,0.0,0.0,0.0,0.0,0.0,0.0,0.0,0.0,0.0,0.1,0.0,0.3,5.2
1546,23390,Jeremiah Moon,PIT,OLB,17,0.0,0.0,0.0,0.0,0.0,0.0,0.0,0.0,0.2,0.0,0.1,0.0,0.3,5.1
1547,22626,Rondale Moore,MIN,WR,17,0.0,0.0,0.0,10.8,0.0,2.0,20.6,0.0,0.0,0.0,0.0,0.0,0.3,5.1
1548,26140,Dante Trader Jr.,MIA,S,17,0.0,0.0,0.0,0.0,0.0,0.0,0.0,0.0,0.0,0.0,0.1,0.0,0.3,5.0
1549,24470,Quindell Johnson,PIT,SS,17,0.0,0.0,0.0,0.0,0.0,0.0,0.0,0.0,0.0,0.0,0.1,0.0,0.3,5.0
1550,6489,Josh Johnson,WAS,QB,17,63.9,0.5,0.0,4.0,0.0,0.0,0.0,0.0,0.0,0.0,0.0,0.0,0.3,5.0
1551,22852,Janarius Robinson,KC,DE,4,0.0,0.0,0.0,0.0,0.0,0.0,0.0,0.0,0.3,0.0,0.0,0.0,1.2,4.9
1552,25126,Anthony Gould,IND,WR,17,0.0,0.0,0.0,2.5,0.0,1.8,22.5,0.1,0.0,0.0,0.0,0.0,0.3,4.9
1553,22667,Zach Davidson,BUF,TE,17,0.0,0.0,0.0,0.0,0.0,1.8,18.2,0.2,0.0,0.0,0.0,0.0,0.3,4.8
1554,22226,Sam Franklin Jr.,DEN,S,17,0.0,0.0,0.0,0.0,0.0,0.0,0.0,0.0,0.0,0.1,0.0,0.0,0.3,4.8
1555,24176,Tank Dell,HOU,WR,17,0.0,0.0,0.0,0.2,0.0,2.2,25.8,0.0,0.0,0.0,0.0,0.0,0.3,4.8
1556,22983,Nick McCloud,CHI,CB,17,0.0,0.0,0.0,0.0,0.0,0.0,0.0,0.0,0.0,0.1,0.1,0.0,0.3,4.8
1557,26085,Kyle McCord,PHI,QB,17,52.0,0.5,0.0,7.1,0.0,0.0,0.0,0.0,0.0,0.0,0.0,0.0,0.3,4.8
1558,22072,Noah Igbinoghene,WAS,CB,17,0.0,0.0,0.0,0.0,0.0,0.0,0.0,0.0,0.0,0.0,0.1,0.0,0.3,4.8
1559,24228,JL Skinner,DEN,S,17,0.0,0.0,0.0,0.0,0.0,0.0,0.0,0.0,0.0,0.0,0.0,0.0,0.3,4.8
1560,24856,Anthony Kendall,CLE,CB,17,0.0,0.0,0.0,0.0,0.0,0.0,0.0,0.0,0.0,0.0,0.1,0.0,0.3,4.8
1561,20028,Tremon Smith,HOU,CB,17,0.0,0.0,0.0,0.0,0.0,0.0,0.0,0.0,0.0,0.1,0.0,0.0,0.3,4.8
1562,25456,Chigozie Anusiem,CLE,CB,17,0.0,0.0,0.0,0.0,0.0,0.0,0.0,0.0,0.0,0.0,0.1,0.0,0.3,4.8
1563,22718,William Bradley-King,SF,LB,17,0.0,0.0,0.0,0.0,0.0,0.0,0.0,0.0,0.0,0.0,0.1,0.0,0.3,4.7
1564,24273,Eku Leota,PIT,OLB,17,0.0,0.0,0.0,0.0,0.0,0.0,0.0,0.0,0.0,0.0,0.1,0.0,0.3,4.7
1565,25162,Adisa Isaac,BAL,OLB,12,0.0,0.0,0.0,0.0,0.0,0.0,0.0,0.0,0.1,0.0,0.0,0.0,0.4,4.7
1566,21823,Patrick Taylor Jr.,SF,RB,17,0.0,0.0,0.0,13.1,0.0,2.0,13.5,0.0,0.0,0.0,0.0,0.0,0.3,4.7
1567,25884,Will Howard,PIT,QB,17,56.5,0.5,0.0,4.0,0.0,0.0,0.0,0.0,0.0,0.0,0.0,0.0,0.3,4.7
1568,26023,Shavon Revel Jr.,DAL,CB,9,0.0,0.0,0.0,0.0,0.0,0.0,0.0,0.0,0.0,0.0,0.1,0.0,0.5,4.7
1569,20081,Trent Sherfield Sr.,DEN,WR,17,0.0,0.0,0.0,0.0,0.0,1.9,21.5,0.1,0.0,0.0,0.0,0.0,0.3,4.7
1570,25222,Jaylen Harrell,TEN,OLB,17,0.0,0.0,0.0,0.0,0.0,0.0,0.0,0.0,0.1,0.0,0.0,0.0,0.3,4.6
1571,25982,Jimmy Horn Jr.,CAR,WR,17,0.0,0.0,0.0,0.0,0.0,2.1,25.2,0.0,0.0,0.0,0.0,0.0,0.3,4.6
1572,25932,Efton Chism III,NE,WR,17,0.0,0.0,0.0,6.0,0.0,2.0,20.0,0.0,0.0,0.0,0.0,0.0,0.3,4.6
1573,26127,Bradyn Swinson,NE,LB,17,0.0,0.0,0.0,0.0,0.0,0.0,0.0,0.0,0.0,0.0,0.0,0.0,0.3,4.6
1574,24743,Xavier Smith,LAR,WR,17,0.0,0.0,0.0,2.6,0.0,2.1,22.2,0.1,0.0,0.0,0.0,0.0,0.3,4.6
1575,25146,Andre' Sam,PHI,S,17,0.0,0.0,0.0,0.0,0.0,0.0,0.0,0.0,0.0,0.0,0.1,0.0,0.3,4.5
1576,22763,Shaun Wade,CHI,CB,17,0.0,0.0,0.0,0.0,0.0,0.0,0.0,0.0,0.0,0.1,0.1,0.0,0.3,4.5
1577,23840,Kevin Austin Jr.,NO,WR,17,0.0,0.0,0.0,0.1,0.0,1.8,21.2,0.1,0.0,0.0,0.0,0.0,0.3,4.5
1578,24930,Sione Vaki,DET,RB,17,0.0,0.0,0.0,17.5,0.0,1.7,10.4,0.0,0.0,0.0,0.0,0.0,0.3,4.5
1579,26080,Raheim Sanders,LAC,RB,17,0.0,0.0,0.0,16.8,0.0,1.6,12.0,0.0,0.0,0.0,0.0,0.0,0.3,4.5
1580,21001,Rock Ya-Sin,DET,CB,17,0.0,0.0,0.0,0.0,0.0,0.0,0.0,0.0,0.0,0.0,0.0,0.0,0.3,4.5
1581,23302,Britain Covey,LAR,WR,17,0.0,0.0,0.0,8.4,0.1,1.1,12.8,0.1,0.0,0.0,0.0,0.0,0.3,4.4
1582,26097,Isaiah Neyor,GB,WR,17,0.0,0.0,0.0,0.0,0.0,2.0,24.0,0.0,0.0,0.0,0.0,0.0,0.3,4.4
1583,23433,Damarri Mathis,DEN,CB,17,0.0,0.0,0.0,0.0,0.0,0.0,0.0,0.0,0.0,0.0,0.1,0.0,0.3,4.4
1584,21801,Trey Sermon,PIT,RB,17,0.0,0.0,0.0,21.2,0.0,1.3,8.9,0.0,0.0,0.0,0.0,0.0,0.3,4.3
1585,24489,Ameer Speed,CHI,CB,17,0.0,0.0,0.0,0.0,0.0,0.0,0.0,0.0,0.0,0.0,0.1,0.0,0.2,4.2
1586,23939,Brenden Schooler,NE,S,17,0.0,0.0,0.0,0.0,0.0,0.0,0.0,0.0,0.3,0.0,0.0,0.0,0.2,4.2
1587,25647,David Martin-Robinson,TEN,TE,17,0.0,0.0,0.0,0.0,0.0,1.8,17.8,0.1,0.0,0.0,0.0,0.0,0.2,4.2
1588,25470,Isaiah Stalbird,NO,LB,4,0.0,0.0,0.0,0.0,0.0,0.0,0.0,0.0,0.1,0.0,0.0,0.0,1.0,4.2
1589,20559,J.T. Gray,NO,DB,17,0.0,0.0,0.0,0.0,0.0,0.0,0.0,0.0,0.0,0.0,0.0,0.0,0.2,4.2
1590,25421,Thomas Harper,LV,S,4,0.0,0.0,0.0,0.0,0.0,0.0,0.0,0.0,0.1,0.1,0.0,0.0,1.0,4.1
1591,24482,Jerrick Reed II,SEA,FS,17,0.0,0.0,0.0,0.0,0.0,0.0,0.0,0.0,0.0,0.0,0.0,0.0,0.2,4.0
1592,22733,Nahshon Wright,CHI,CB,17,0.0,0.0,0.0,0.0,0.0,0.0,0.0,0.0,0.0,0.0,0.1,0.0,0.2,4.0
1593,22524,James Mitchell,CAR,TE,17,0.0,0.0,0.0,0.0,0.0,1.7,17.0,0.1,0.0,0.0,0.0,0.0,0.2,4.0
1594,22498,Feleipe Franks,ATL,TE,17,0.0,0.0,0.0,0.0,0.0,1.7,16.9,0.1,0.0,0.0,0.0,0.0,0.2,4.0
1595,22224,Myles Adams,DET,DE,4,0.0,0.0,0.0,0.0,0.0,0.0,0.0,0.0,0.3,0.0,0.0,0.0,1.0,4.0
1596,19994,Parry Nickerson,PHI,CB,17,0.0,0.0,0.0,0.0,0.0,0.0,0.0,0.0,0.0,0.1,0.1,0.0,0.2,4.0
1597,26252,T.J. Maguranyanga,WAS,DE,8,0.0,0.0,0.0,0.0,0.0,0.0,0.0,0.0,0.0,0.0,0.0,0.0,0.5,3.9
1598,23084,Shane Zylstra,DET,TE,17,0.0,0.0,0.0,0.0,0.0,1.2,13.4,0.2,0.0,0.0,0.0,0.0,0.2,3.7
1599,25100,Frank Gore Jr.,BUF,RB,17,0.0,0.0,0.0,17.2,0.1,0.8,6.0,0.0,0.0,0.0,0.0,0.0,0.2,3.7
1600,25205,Isaiah Williams,CIN,WR,17,0.0,0.0,0.0,0.0,0.0,1.4,16.8,0.1,0.0,0.0,0.0,0.0,0.2,3.7
1601,23598,Russ Yeast,HOU,S,17,0.0,0.0,0.0,0.0,0.0,0.0,0.0,0.0,0.0,0.0,0.0,0.0,0.2,3.6
1602,22739,Marco Wilson,CIN,CB,17,0.0,0.0,0.0,0.0,0.0,0.0,0.0,0.0,0.0,0.0,0.0,0.0,0.2,3.6
1603,26177,Mello Dotson,LV,CB,17,0.0,0.0,0.0,0.0,0.0,0.0,0.0,0.0,0.0,0.0,0.0,0.0,0.2,3.6
1604,21414,Nate Brooks,CIN,CB,17,0.0,0.0,0.0,0.0,0.0,0.0,0.0,0.0,0.0,0.0,0.0,0.0,0.2,3.6
1605,19911,Jalyn Holmes,WAS,DE,4,0.0,0.0,0.0,0.0,0.0,0.0,0.0,0.0,0.2,0.0,0.0,0.0,0.9,3.6
1606,24904,Josh Butler,DAL,CB,17,0.0,0.0,0.0,0.0,0.0,0.0,0.0,0.0,0.1,0.0,0.0,0.0,0.2,3.6
1607,24138,Jammie Robinson,ARI,S,17,0.0,0.0,0.0,0.0,0.0,0.0,0.0,0.0,0.0,0.0,0.0,0.0,0.2,3.5
1608,22829,Darren Hall,ARI,CB,17,0.0,0.0,0.0,0.0,0.0,0.0,0.0,0.0,0.0,0.1,0.0,0.0,0.2,3.5
1609,18925,Kevin King,ATL,CB,17,0.0,0.0,0.0,0.0,0.0,0.0,0.0,0.0,0.0,0.1,0.0,0.0,0.2,3.4
1610,22783,Keith Taylor,ATL,CB,17,0.0,0.0,0.0,0.0,0.0,0.0,0.0,0.0,0.0,0.1,0.0,0.0,0.2,3.4
1611,24871,Natrone Brooks,ATL,CB,17,0.0,0.0,0.0,0.0,0.0,0.0,0.0,0.0,0.0,0.0,0.0,0.0,0.2,3.4
1612,24854,Steven Gilmore,ARI,CB,17,0.0,0.0,0.0,0.0,0.0,0.0,0.0,0.0,0.0,0.0,0.0,0.0,0.2,3.4
1613,21810,Tyler Huntley,CLE,QB,17,70.2,0.0,0.0,5.2,0.0,0.0,0.0,0.0,0.0,0.0,0.0,0.0,0.2,3.3
1614,24466,Isaiah Bolden,NE,CB,4,0.0,0.0,0.0,0.0,0.0,0.0,0.0,0.0,0.0,0.0,0.0,0.0,0.8,3.2
1615,18030,Chris Moore,WAS,WR,17,0.0,0.0,0.0,0.0,0.0,1.4,18.1,0.0,0.0,0.0,0.0,0.0,0.2,3.2
1616,23282,Jalyn Armour-Davis,BAL,CB,17,0.0,0.0,0.0,0.0,0.0,0.0,0.0,0.0,0.0,0.0,0.0,0.0,0.2,3.2
1617,23954,Keir Thomas,LAR,OLB,9,0.0,0.0,0.0,0.0,0.0,0.0,0.0,0.0,0.1,0.0,0.0,0.0,0.4,3.2
1618,26183,RJ Mickens,LAC,S,17,0.0,0.0,0.0,0.0,0.0,0.0,0.0,0.0,0.0,0.0,0.0,0.0,0.2,3.1
1619,20038,Braxton Berrios,HOU,WR,17,0.0,0.0,0.0,3.5,0.0,1.4,13.7,0.0,0.0,0.0,0.0,0.0,0.2,3.1
1620,24245,Darrell Luter Jr.,SF,CB,4,0.0,0.0,0.0,0.0,0.0,0.0,0.0,0.0,0.0,0.0,0.0,0.0,0.8,3.1
1621,26157,Jermari Harris,TEN,CB,17,0.0,0.0,0.0,0.0,0.0,0.0,0.0,0.0,0.0,0.0,0.0,0.0,0.2,3.1
1622,26104,LaJohntay Wester,BAL,WR,17,0.0,0.0,0.0,0.0,0.0,1.4,16.6,0.0,0.0,0.0,0.0,0.0,0.2,3.1
1623,17926,Jaylon Smith,LV,LB,9,0.0,0.0,0.0,0.0,0.0,0.0,0.0,0.0,0.0,0.0,0.0,0.0,0.3,3.0
1624,25120,Keilan Robinson,PHI,RB,17,0.0,0.0,0.0,3.2,0.0,1.6,11.1,0.0,0.0,0.0,0.0,0.0,0.2,3.0
1625,25955,Phil Mafah,DAL,RB,17,0.0,0.0,0.0,16.7,0.0,0.8,5.6,0.0,0.0,0.0,0.0,0.0,0.2,3.0
1626,26134,Cobee Bryant,ATL,CB,17,0.0,0.0,0.0,0.0,0.0,0.0,0.0,0.0,0.0,0.0,0.0,0.0,0.2,3.0
1627,25203,Marcellas Dial Jr.,NE,DB,4,0.0,0.0,0.0,0.0,0.0,0.0,0.0,0.0,0.0,0.0,0.0,0.0,0.8,3.0
1628,18019,Nick Vannett,MIN,TE,17,0.0,0.0,0.0,0.0,0.0,1.5,15.0,0.0,0.0,0.0,0.0,0.0,0.2,3.0
1629,21697,Laviska Shenault Jr.,BUF,WR,17,0.0,0.0,0.0,0.0,0.0,1.1,12.0,0.1,0.0,0.0,0.0,0.0,0.2,2.9
1630,23231,Tyler Badie,DEN,RB,17,0.0,0.0,0.0,17.1,0.0,0.8,5.6,0.0,0.0,0.0,0.0,0.0,0.2,2.9
1631,22923,Shemar Jean-Charles,SEA,CB,17,0.0,0.0,0.0,0.0,0.0,0.0,0.0,0.0,0.0,0.1,0.0,0.0,0.2,2.9
1632,23291,Andrew Booth,DAL,CB,17,0.0,0.0,0.0,0.0,0.0,0.0,0.0,0.0,0.0,0.0,0.0,0.0,0.2,2.8
1633,18056,Dean Lowry,PIT,DT,4,0.0,0.0,0.0,0.0,0.0,0.0,0.0,0.0,0.1,0.0,0.0,0.0,0.7,2.8
1634,22788,Victor Dimukeje,NYG,OLB,6,0.0,0.0,0.0,0.0,0.0,0.0,0.0,0.0,0.2,0.0,0.0,0.0,0.5,2.7
1635,23196,George Holani,SEA,RB,17,0.0,0.0,0.0,13.6,0.0,0.8,5.7,0.0,0.0,0.0,0.0,0.0,0.2,2.7
1636,22808,Brandin Echols,PIT,CB,16,0.0,0.0,0.0,0.0,0.0,0.0,0.0,0.0,0.0,0.1,0.0,0.0,0.2,2.7
1637,23548,Montaric Brown,JAX,CB,16,0.0,0.0,0.0,0.0,0.0,0.0,0.0,0.0,0.0,0.0,0.0,0.0,0.2,2.7
1638,22076,Bryce Hall,TB,CB,17,0.0,0.0,0.0,0.0,0.0,0.0,0.0,0.0,0.0,0.1,0.0,0.0,0.2,2.7
1639,24443,Cory Trice Jr.,PIT,CB,16,0.0,0.0,0.0,0.0,0.0,0.0,0.0,0.0,0.0,0.1,0.0,0.0,0.2,2.7
1640,25362,Tyrek Funderburk,TB,CB,17,0.0,0.0,0.0,0.0,0.0,0.0,0.0,0.0,0.0,0.0,0.0,0.0,0.2,2.7
1641,21400,Steven Sims,SEA,WR,17,0.0,0.0,0.0,0.0,0.0,1.0,10.3,0.1,0.0,0.0,0.0,0.0,0.2,2.6
1642,24490,Travis Bell,MIN,DT,4,0.0,0.0,0.0,0.0,0.0,0.0,0.0,0.0,0.1,0.0,0.0,0.0,0.6,2.6
1643,19172,Zach Pascal,NYG,WR,17,0.0,0.0,0.0,0.0,0.0,0.9,10.7,0.1,0.0,0.0,0.0,0.0,0.2,2.6
1644,22079,Kindle Vildor,TB,CB,17,0.0,0.0,0.0,0.0,0.0,0.0,0.0,0.0,0.0,0.0,0.0,0.0,0.1,2.5
1645,23612,Matt Henningsen,DEN,DE,4,0.0,0.0,0.0,0.0,0.0,0.0,0.0,0.0,0.1,0.0,0.0,0.0,0.6,2.5
1646,23831,Christopher Hinton,LAC,DL,4,0.0,0.0,0.0,0.0,0.0,0.0,0.0,0.0,0.1,0.0,0.0,0.0,0.6,2.5
1647,22945,Jack Heflin,LAR,DT,4,0.0,0.0,0.0,0.0,0.0,0.0,0.0,0.0,0.1,0.0,0.0,0.0,0.6,2.5
1648,24170,Clayton Tune,ARI,QB,17,38.7,0.5,0.0,3.0,0.0,0.0,0.0,0.0,0.0,0.0,0.0,0.0,0.1,2.5
1649,24426,PJ Mustipher,ARI,DT,4,0.0,0.0,0.0,0.0,0.0,0.0,0.0,0.0,0.1,0.0,0.0,0.0,0.6,2.4
1650,25202,Fabien Lovett Sr.,KC,DT,4,0.0,0.0,0.0,0.0,0.0,0.0,0.0,0.0,0.1,0.0,0.0,0.0,0.6,2.4
1651,24345,Jason Brownlee,KC,WR,17,0.0,0.0,0.0,0.0,0.0,1.0,14.0,0.0,0.0,0.0,0.0,0.0,0.1,2.4
1652,25417,Beanie Bishop Jr.,PIT,CB,16,0.0,0.0,0.0,0.0,0.0,0.0,0.0,0.0,0.0,0.1,0.0,0.0,0.1,2.4
1653,22055,Troy Pride Jr.,DAL,CB,17,0.0,0.0,0.0,0.0,0.0,0.0,0.0,0.0,0.0,0.0,0.0,0.0,0.1,2.3
1654,21783,Harrison Bryant,HOU,TE,17,0.0,0.0,0.0,0.0,0.0,1.1,11.7,0.0,0.0,0.0,0.0,0.0,0.1,2.3
1655,20990,Trayveon Williams,CLE,RB,17,0.0,0.0,0.0,5.1,0.0,1.0,7.0,0.0,0.0,0.0,0.0,0.0,0.1,2.2
1656,26190,Robert Longerbeam,BAL,CB,4,0.0,0.0,0.0,0.0,0.0,0.0,0.0,0.0,0.0,0.0,0.0,0.0,0.6,2.2
1657,22956,Jon Rhattigan,CAR,LB,4,0.0,0.0,0.0,0.0,0.0,0.0,0.0,0.0,0.1,0.0,0.0,0.0,0.5,2.2
1658,26219,Tommy Akingbesote,DAL,DT,4,0.0,0.0,0.0,0.0,0.0,0.0,0.0,0.0,0.0,0.0,0.0,0.0,0.5,2.1
1659,20217,Tavierre Thomas,MIN,S,17,0.0,0.0,0.0,0.0,0.0,0.0,0.0,0.0,0.0,0.0,0.0,0.0,0.1,2.1
1660,21765,JaMycal Hasty,NE,RB,17,0.0,0.0,0.0,6.9,0.0,0.8,5.8,0.0,0.0,0.0,0.0,0.0,0.1,2.1
1661,26693,Derrick Canteen,SF,S,8,0.0,0.0,0.0,0.0,0.0,0.0,0.0,0.0,0.0,0.0,0.0,0.0,0.3,2.0
1662,26196,Jah Joyner,LV,DE,4,0.0,0.0,0.0,0.0,0.0,0.0,0.0,0.0,0.0,0.0,0.0,0.0,0.5,2.0
1663,26309,Simeon Barrow Jr.,ATL,DT,4,0.0,0.0,0.0,0.0,0.0,0.0,0.0,0.0,0.0,0.0,0.0,0.0,0.5,2.0
1664,26545,Alex Huntley,MIA,DT,4,0.0,0.0,0.0,0.0,0.0,0.0,0.0,0.0,0.0,0.0,0.0,0.0,0.5,2.0
1665,26602,Philip Blidi,TEN,DT,4,0.0,0.0,0.0,0.0,0.0,0.0,0.0,0.0,0.0,0.0,0.0,0.0,0.5,2.0
1666,26606,Devonte O'Malley,GB,DT,4,0.0,0.0,0.0,0.0,0.0,0.0,0.0,0.0,0.0,0.0,0.0,0.0,0.5,2.0
1667,26690,TJ Moore,NYG,CB,17,0.0,0.0,0.0,0.0,0.0,0.0,0.0,0.0,0.0,0.0,0.0,0.0,0.1,2.0
1668,26279,Tommy Mellott,LV,WR,17,0.0,0.0,0.0,14.5,0.1,0.0,0.0,0.0,0.0,0.0,0.0,0.0,0.1,2.0
1669,25168,Dwight McGlothern,MIN,CB,17,0.0,0.0,0.0,0.0,0.0,0.0,0.0,0.0,0.0,0.0,0.0,0.0,0.1,2.0
1670,25519,Julius Wood,TEN,S,16,0.0,0.0,0.0,0.0,0.0,0.0,0.0,0.0,0.0,0.0,0.0,0.0,0.1,1.9
1671,24525,AJ Finley,SEA,S,4,0.0,0.0,0.0,0.0,0.0,0.0,0.0,0.0,0.0,0.0,0.0,0.0,0.5,1.9
1672,26122,Vernon Broughton,NO,DT,4,0.0,0.0,0.0,0.0,0.0,0.0,0.0,0.0,0.0,0.0,0.0,0.0,0.5,1.9
1673,26128,Cam Horsley,TEN,DT,4,0.0,0.0,0.0,0.0,0.0,0.0,0.0,0.0,0.0,0.0,0.0,0.0,0.5,1.9
1674,26129,Cam Jackson,CAR,DT,4,0.0,0.0,0.0,0.0,0.0,0.0,0.0,0.0,0.0,0.0,0.0,0.0,0.5,1.9
1675,26249,Tim Smith,IND,DT,4,0.0,0.0,0.0,0.0,0.0,0.0,0.0,0.0,0.0,0.0,0.0,0.0,0.5,1.9
1676,26459,James Carpenter,JAX,DT,4,0.0,0.0,0.0,0.0,0.0,0.0,0.0,0.0,0.0,0.0,0.0,0.0,0.5,1.9
1677,19907,Tarvarius Moore,CHI,S,17,0.0,0.0,0.0,0.0,0.0,0.0,0.0,0.0,0.0,0.0,0.0,0.0,0.1,1.9
1678,18135,Kevon Seymour,WAS,CB,4,0.0,0.0,0.0,0.0,0.0,0.0,0.0,0.0,0.0,0.0,0.0,0.0,0.5,1.9
1679,22713,Quinton Bohanna,SEA,DT,4,0.0,0.0,0.0,0.0,0.0,0.0,0.0,0.0,0.0,0.0,0.0,0.0,0.5,1.9
1680,26308,Kyonte Hamilton,HOU,DT,4,0.0,0.0,0.0,0.0,0.0,0.0,0.0,0.0,0.0,0.0,0.0,0.0,0.5,1.9
1681,25990,Deone Walker,BUF,DT,4,0.0,0.0,0.0,0.0,0.0,0.0,0.0,0.0,0.0,0.0,0.0,0.0,0.5,1.9
1682,26363,Desmond Watson,TB,DT,4,0.0,0.0,0.0,0.0,0.0,0.0,0.0,0.0,0.0,0.0,0.0,0.0,0.5,1.9
1683,26173,Warren Brinson,GB,DL,4,0.0,0.0,0.0,0.0,0.0,0.0,0.0,0.0,0.0,0.0,0.0,0.0,0.5,1.9
1684,26191,Howard Cross III,CIN,DT,4,0.0,0.0,0.0,0.0,0.0,0.0,0.0,0.0,0.0,0.0,0.0,0.0,0.5,1.9
1685,22232,LaCale London,ATL,DL,4,0.0,0.0,0.0,0.0,0.0,0.0,0.0,0.0,0.0,0.0,0.0,0.0,0.5,1.9
1686,26601,J.R. Singleton,SEA,NT,4,0.0,0.0,0.0,0.0,0.0,0.0,0.0,0.0,0.0,0.0,0.0,0.0,0.5,1.9
1687,25390,Jamree Kromah,CHI,DE,4,0.0,0.0,0.0,0.0,0.0,0.0,0.0,0.0,0.0,0.0,0.0,0.0,0.5,1.9
1688,25000,Landon Jackson,BUF,DL,4,0.0,0.0,0.0,0.0,0.0,0.0,0.0,0.0,0.0,0.0,0.0,0.0,0.5,1.9
1689,21593,D'Ernest Johnson,BAL,RB,17,0.0,0.0,0.0,5.9,0.0,0.8,5.0,0.0,0.0,0.0,0.0,0.0,0.1,1.9
1690,23283,Brian Asamoah II,TEN,LB,4,0.0,0.0,0.0,0.0,0.0,0.0,0.0,0.0,0.0,0.0,0.0,0.0,0.5,1.9
1691,25482,Antonio Grier Jr.,TB,LB,4,0.0,0.0,0.0,0.0,0.0,0.0,0.0,0.0,0.0,0.0,0.0,0.0,0.5,1.9
1692,24950,Ennis Rakestraw Jr.,DET,CB,4,0.0,0.0,0.0,0.0,0.0,0.0,0.0,0.0,0.0,0.0,0.0,0.0,0.5,1.8
1693,23747,Kana'i Mauga,LAC,LB,4,0.0,0.0,0.0,0.0,0.0,0.0,0.0,0.0,0.0,0.0,0.0,0.0,0.4,1.7
1694,26306,Shaun Dolac,LAR,LB,4,0.0,0.0,0.0,0.0,0.0,0.0,0.0,0.0,0.0,0.0,0.0,0.0,0.4,1.7
1695,23445,Channing Tindall,MIA,LB,4,0.0,0.0,0.0,0.0,0.0,0.0,0.0,0.0,0.0,0.0,0.0,0.0,0.4,1.7
1696,26142,Eugene Asante,MIA,LB,4,0.0,0.0,0.0,0.0,0.0,0.0,0.0,0.0,0.0,0.0,0.0,0.0,0.4,1.7
1697,24864,Markees Watts,TB,OLB,4,0.0,0.0,0.0,0.0,0.0,0.0,0.0,0.0,0.1,0.0,0.0,0.0,0.4,1.7
1698,26405,JB Brown,DEN,LB,4,0.0,0.0,0.0,0.0,0.0,0.0,0.0,0.0,0.0,0.0,0.0,0.0,0.4,1.6
1699,22855,Monty Rice,NE,OLB,4,0.0,0.0,0.0,0.0,0.0,0.0,0.0,0.0,0.0,0.0,0.0,0.0,0.4,1.6
1700,24343,Nikko Remigio,KC,WR,17,0.0,0.0,0.0,0.0,0.0,0.7,9.0,0.0,0.0,0.0,0.0,0.0,0.1,1.6
1701,26678,D'Eryk Jackson,SEA,LB,4,0.0,0.0,0.0,0.0,0.0,0.0,0.0,0.0,0.0,0.0,0.0,0.0,0.4,1.6
1702,26360,John Bullock,TB,LB,4,0.0,0.0,0.0,0.0,0.0,0.0,0.0,0.0,0.0,0.0,0.0,0.0,0.4,1.6
1703,22925,Avery Williams,PHI,WR,17,0.0,0.0,0.0,5.2,0.0,1.2,8.5,0.0,0.0,0.0,0.0,0.0,0.1,1.6
1704,26151,Jalen McLeod,JAX,LB,4,0.0,0.0,0.0,0.0,0.0,0.0,0.0,0.0,0.0,0.0,0.0,0.0,0.4,1.5
1705,21979,Jacob Phillips,IND,OLB,4,0.0,0.0,0.0,0.0,0.0,0.0,0.0,0.0,0.0,0.0,0.0,0.0,0.4,1.5
1706,26423,K.C. Ossai,HOU,LB,4,0.0,0.0,0.0,0.0,0.0,0.0,0.0,0.0,0.0,0.0,0.0,0.0,0.4,1.5
1707,26138,Cody Lindenberg,LV,LB,4,0.0,0.0,0.0,0.0,0.0,0.0,0.0,0.0,0.0,0.0,0.0,0.0,0.4,1.5
1708,22321,Cole Christiansen,KC,LB,4,0.0,0.0,0.0,0.0,0.0,0.0,0.0,0.0,0.0,0.0,0.0,0.0,0.4,1.5
1709,26137,Carson Bruener,PIT,LB,4,0.0,0.0,0.0,0.0,0.0,0.0,0.0,0.0,0.0,0.0,0.0,0.0,0.4,1.5
1710,17179,Taylor Heinicke,LAC,QB,17,26.1,0.1,0.1,2.2,0.0,0.0,0.0,0.0,0.0,0.0,0.0,0.0,0.1,1.5
1711,23562,Delarrin Turner-Yell,DEN,S,8,0.0,0.0,0.0,0.0,0.0,0.0,0.0,0.0,0.0,0.0,0.0,0.0,0.2,1.4
1712,21216,Cam Lewis,BUF,DB,16,0.0,0.0,0.0,0.0,0.0,0.0,0.0,0.0,0.0,0.0,0.0,0.0,0.1,1.4
1713,19893,M.J. Stewart,HOU,S,17,0.0,0.0,0.0,0.0,0.0,0.0,0.0,0.0,0.0,0.0,0.0,0.0,0.1,1.4
1714,25166,Patrick McMorris,MIA,S,4,0.0,0.0,0.0,0.0,0.0,0.0,0.0,0.0,0.0,0.0,0.0,0.0,0.3,1.4
1715,25427,Dallas Gant,PHI,LB,4,0.0,0.0,0.0,0.0,0.0,0.0,0.0,0.0,0.0,0.0,0.0,0.0,0.3,1.4
1716,26161,Power Echols,CHI,LB,4,0.0,0.0,0.0,0.0,0.0,0.0,0.0,0.0,0.0,0.0,0.0,0.0,0.3,1.4
1717,18045,Deon Bush,KC,S,4,0.0,0.0,0.0,0.0,0.0,0.0,0.0,0.0,0.0,0.0,0.0,0.0,0.3,1.4
1718,21463,D'Angelo Ross,HOU,CB,17,0.0,0.0,0.0,0.0,0.0,0.0,0.0,0.0,0.0,0.0,0.0,0.0,0.1,1.3
1719,26581,Desmond Igbinosun,BAL,S,4,0.0,0.0,0.0,0.0,0.0,0.0,0.0,0.0,0.0,0.0,0.0,0.0,0.3,1.2
1720,26110,Alijah Clark,DAL,DB,4,0.0,0.0,0.0,0.0,0.0,0.0,0.0,0.0,0.0,0.0,0.0,0.0,0.3,1.2
1721,26304,Justin Barron,DAL,LB,4,0.0,0.0,0.0,0.0,0.0,0.0,0.0,0.0,0.0,0.0,0.0,0.0,0.3,1.2
1722,26186,Rayuan Lane III,JAX,S,4,0.0,0.0,0.0,0.0,0.0,0.0,0.0,0.0,0.0,0.0,0.0,0.0,0.3,1.2
1723,22068,James Pierre,PIT,CB,16,0.0,0.0,0.0,0.0,0.0,0.0,0.0,0.0,0.0,0.0,0.0,0.0,0.1,1.2
1724,25265,Michael Barrett,LV,LB,4,0.0,0.0,0.0,0.0,0.0,0.0,0.0,0.0,0.0,0.0,0.0,0.0,0.3,1.2
1725,25345,Trey Taylor,LV,S,4,0.0,0.0,0.0,0.0,0.0,0.0,0.0,0.0,0.0,0.0,0.0,0.0,0.3,1.2
1726,26160,Jordan Hancock,BUF,CB,16,0.0,0.0,0.0,0.0,0.0,0.0,0.0,0.0,0.0,0.0,0.0,0.0,0.1,1.2
1727,26365,Mishael Powell,MIN,S,4,0.0,0.0,0.0,0.0,0.0,0.0,0.0,0.0,0.0,0.0,0.0,0.0,0.3,1.2
1728,26658,Cooper McDonald,KC,LB,4,0.0,0.0,0.0,0.0,0.0,0.0,0.0,0.0,0.0,0.0,0.0,0.0,0.3,1.2
1729,26150,Jackson Woodard,HOU,LB,4,0.0,0.0,0.0,0.0,0.0,0.0,0.0,0.0,0.0,0.0,0.0,0.0,0.3,1.2
1730,23619,Cameron Goode,MIA,LB,4,0.0,0.0,0.0,0.0,0.0,0.0,0.0,0.0,0.0,0.0,0.0,0.0,0.3,1.2
1731,22045,Damon Arnette,HOU,CB,17,0.0,0.0,0.0,0.0,0.0,0.0,0.0,0.0,0.0,0.0,0.0,0.0,0.1,1.2
1732,25969,Jake Briningstool,KC,TE,17,0.0,0.0,0.0,0.0,0.0,0.6,5.8,0.0,0.0,0.0,0.0,0.0,0.1,1.2
1733,26050,Stone Blanton,SF,LB,4,0.0,0.0,0.0,0.0,0.0,0.0,0.0,0.0,0.0,0.0,0.0,0.0,0.3,1.1
1734,26353,Matt Jones,LV,LB,4,0.0,0.0,0.0,0.0,0.0,0.0,0.0,0.0,0.0,0.0,0.0,0.0,0.3,1.1
1735,25033,Bralen Trice,ATL,OLB,4,0.0,0.0,0.0,0.0,0.0,0.0,0.0,0.0,0.0,0.0,0.0,0.0,0.3,1.1
1736,22506,Brevin Jordan,HOU,TE,17,0.0,0.0,0.0,0.0,0.0,0.5,6.0,0.0,0.0,0.0,0.0,0.0,0.1,1.1
1737,26585,Wande Owens,BUF,S,4,0.0,0.0,0.0,0.0,0.0,0.0,0.0,0.0,0.0,0.0,0.0,0.0,0.3,1.1
1738,26260,Elijah Ponder,NE,LB,4,0.0,0.0,0.0,0.0,0.0,0.0,0.0,0.0,0.0,0.0,0.0,0.0,0.3,1.1
1739,26515,Keonta Jenkins,BUF,LB,4,0.0,0.0,0.0,0.0,0.0,0.0,0.0,0.0,0.0,0.0,0.0,0.0,0.3,1.1
1740,26066,Sebastian Castro,PIT,S,4,0.0,0.0,0.0,0.0,0.0,0.0,0.0,0.0,0.0,0.0,0.0,0.0,0.3,1.1
1741,26633,Brandon George,KC,LB,4,0.0,0.0,0.0,0.0,0.0,0.0,0.0,0.0,0.0,0.0,0.0,0.0,0.3,1.1
1742,24178,Israel Abanikanda,GB,RB,17,0.0,0.0,0.0,4.1,0.0,0.4,2.9,0.0,0.0,0.0,0.0,0.0,0.1,1.1
1743,26132,David Walker,TB,LB,4,0.0,0.0,0.0,0.0,0.0,0.0,0.0,0.0,0.0,0.0,0.0,0.0,0.3,1.1
1744,25853,Jamie Sheriff,SEA,OLB,4,0.0,0.0,0.0,0.0,0.0,0.0,0.0,0.0,0.0,0.0,0.0,0.0,0.3,1.1
1745,25487,Carl Jones,CHI,LB,4,0.0,0.0,0.0,0.0,0.0,0.0,0.0,0.0,0.0,0.0,0.0,0.0,0.3,1.1
1746,26210,Que Robinson,DEN,LB,4,0.0,0.0,0.0,0.0,0.0,0.0,0.0,0.0,0.0,0.0,0.0,0.0,0.3,1.1
1747,23119,Treylon Burks,TEN,WR,17,0.0,0.0,0.0,0.1,0.0,0.5,5.7,0.0,0.0,0.0,0.0,0.0,0.1,1.1
1748,26565,Donovan McMillon,CLE,S,4,0.0,0.0,0.0,0.0,0.0,0.0,0.0,0.0,0.0,0.0,0.0,0.0,0.2,1.0
1749,26301,Jordan Clark,NYJ,CB,4,0.0,0.0,0.0,0.0,0.0,0.0,0.0,0.0,0.0,0.0,0.0,0.0,0.2,1.0
1750,25190,Kamal Hadden,GB,CB,4,0.0,0.0,0.0,0.0,0.0,0.0,0.0,0.0,0.0,0.0,0.0,0.0,0.2,1.0
1751,23297,Lewis Cine,PHI,S,4,0.0,0.0,0.0,0.0,0.0,0.0,0.0,0.0,0.0,0.0,0.0,0.0,0.2,1.0
1752,26452,Makari Paige,NYG,DB,4,0.0,0.0,0.0,0.0,0.0,0.0,0.0,0.0,0.0,0.0,0.0,0.0,0.2,1.0
1753,21036,Kris Boyd,NYJ,DB,4,0.0,0.0,0.0,0.0,0.0,0.0,0.0,0.0,0.0,0.0,0.0,0.0,0.2,1.0
1754,26119,Antwaun Powell-Ryland Jr.,PHI,OLB,4,0.0,0.0,0.0,0.0,0.0,0.0,0.0,0.0,0.0,0.0,0.0,0.0,0.2,1.0
1755,25635,Cam Lampkin,LAR,CB,4,0.0,0.0,0.0,0.0,0.0,0.0,0.0,0.0,0.0,0.0,0.0,0.0,0.2,1.0
1756,23459,Derion Kendrick,LAR,CB,4,0.0,0.0,0.0,0.0,0.0,0.0,0.0,0.0,0.0,0.0,0.0,0.0,0.2,1.0
1757,25484,Reddy Steward,MIN,CB,17,0.0,0.0,0.0,0.0,0.0,0.0,0.0,0.0,0.0,0.0,0.0,0.0,0.1,0.9
1758,24034,Ja'Marcus Ingram,BUF,CB,9,0.0,0.0,0.0,0.0,0.0,0.0,0.0,0.0,0.0,0.0,0.0,0.0,0.1,0.9
1759,18918,Tre'Davious White,BUF,CB,16,0.0,0.0,0.0,0.0,0.0,0.0,0.0,0.0,0.0,0.0,0.0,0.0,0.1,0.9
1760,22060,Dane Jackson,BUF,CB,16,0.0,0.0,0.0,0.0,0.0,0.0,0.0,0.0,0.0,0.0,0.0,0.0,0.1,0.9
1761,20905,Donald Parham Jr.,PIT,TE,17,0.0,0.0,0.0,0.0,0.0,0.4,5.2,0.0,0.0,0.0,0.0,0.0,0.1,0.9
1762,26152,Jason Marshall Jr.,MIA,CB,1,0.0,0.0,0.0,0.0,0.0,0.0,0.0,0.0,0.0,0.0,0.0,0.0,0.8,0.8
1763,24800,E.J. Jenkins,PHI,TE,17,0.0,0.0,0.0,0.0,0.0,0.5,3.5,0.0,0.0,0.0,0.0,0.0,0.0,0.8
1764,23550,Tariq Castro-Fields,PHI,CB,4,0.0,0.0,0.0,0.0,0.0,0.0,0.0,0.0,0.0,0.0,0.0,0.0,0.2,0.8
1765,26480,Kahzir Brown,GB,S,4,0.0,0.0,0.0,0.0,0.0,0.0,0.0,0.0,0.0,0.0,0.0,0.0,0.2,0.8
1766,26456,Dalys Beanum,NO,CB,4,0.0,0.0,0.0,0.0,0.0,0.0,0.0,0.0,0.0,0.0,0.0,0.0,0.2,0.8
1767,26149,Jabbar Muhammad,JAX,DB,4,0.0,0.0,0.0,0.0,0.0,0.0,0.0,0.0,0.0,0.0,0.0,0.0,0.2,0.8
1768,24244,Rejzohn Wright,NO,CB,4,0.0,0.0,0.0,0.0,0.0,0.0,0.0,0.0,0.0,0.0,0.0,0.0,0.2,0.8
1769,26507,Tyron Herring,GB,CB,4,0.0,0.0,0.0,0.0,0.0,0.0,0.0,0.0,0.0,0.0,0.0,0.0,0.2,0.8
1770,23077,Isaiah Dunn,GB,CB,4,0.0,0.0,0.0,0.0,0.0,0.0,0.0,0.0,0.0,0.0,0.0,0.0,0.2,0.8
1771,24483,Christian Braswell,JAX,CB,15,0.0,0.0,0.0,0.0,0.0,0.0,0.0,0.0,0.0,0.0,0.0,0.0,0.1,0.8
1772,25187,Dominique Hampton,WAS,LB,4,0.0,0.0,0.0,0.0,0.0,0.0,0.0,0.0,0.0,0.0,0.0,0.0,0.2,0.8
1773,25159,Tyler Owens,WAS,S,4,0.0,0.0,0.0,0.0,0.0,0.0,0.0,0.0,0.0,0.0,0.0,0.0,0.2,0.8
1774,26566,Glendon Miller,KC,S,4,0.0,0.0,0.0,0.0,0.0,0.0,0.0,0.0,0.0,0.0,0.0,0.0,0.2,0.8
1775,25628,Loren Strickland,DET,S,4,0.0,0.0,0.0,0.0,0.0,0.0,0.0,0.0,0.0,0.0,0.0,0.0,0.2,0.8
1776,24384,Erick Hallett,DET,S,4,0.0,0.0,0.0,0.0,0.0,0.0,0.0,0.0,0.0,0.0,0.0,0.0,0.2,0.8
1777,23994,Allan George,DET,CB,4,0.0,0.0,0.0,0.0,0.0,0.0,0.0,0.0,0.0,0.0,0.0,0.0,0.2,0.7
1778,26488,Clarence Lewis,TEN,CB,4,0.0,0.0,0.0,0.0,0.0,0.0,0.0,0.0,0.0,0.0,0.0,0.0,0.2,0.7
1779,26446,Corey Thornton,CAR,CB,4,0.0,0.0,0.0,0.0,0.0,0.0,0.0,0.0,0.0,0.0,0.0,0.0,0.2,0.7
1780,21845,Darrynton Evans,BUF,RB,17,0.0,0.0,0.0,7.0,0.0,0.0,0.0,0.0,0.0,0.0,0.0,0.0,0.0,0.7
1781,23166,Rakim Jarrett,TB,WR,17,0.0,0.0,0.0,0.0,0.0,0.3,3.2,0.0,0.0,0.0,0.0,0.0,0.0,0.6
1782,26165,Kitan Crawford,ARI,S,4,0.0,0.0,0.0,0.0,0.0,0.0,0.0,0.0,0.0,0.0,0.0,0.0,0.1,0.6
1783,26652,Reuben Lowery,BAL,CB,4,0.0,0.0,0.0,0.0,0.0,0.0,0.0,0.0,0.0,0.0,0.0,0.0,0.1,0.6
1784,25409,Mason Tipton,NO,WR,17,0.0,0.0,0.0,0.0,0.0,0.3,3.0,0.0,0.0,0.0,0.0,0.0,0.0,0.6
1785,23560,Chase Lucas,SF,CB,4,0.0,0.0,0.0,0.0,0.0,0.0,0.0,0.0,0.0,0.0,0.0,0.0,0.1,0.6
1786,23677,Dallis Flowers,SF,CB,4,0.0,0.0,0.0,0.0,0.0,0.0,0.0,0.0,0.0,0.0,0.0,0.0,0.1,0.6
1787,22190,Tyler Hall,SEA,CB,4,0.0,0.0,0.0,0.0,0.0,0.0,0.0,0.0,0.0,0.0,0.0,0.0,0.1,0.6
1788,26666,Ladarius Tennison,IND,S,4,0.0,0.0,0.0,0.0,0.0,0.0,0.0,0.0,0.0,0.0,0.0,0.0,0.1,0.6
1789,17953,Artie Burns,MIA,CB,1,0.0,0.0,0.0,0.0,0.0,0.0,0.0,0.0,0.0,0.0,0.0,0.0,0.6,0.6
1790,26366,Robert McDaniel,WAS,S,4,0.0,0.0,0.0,0.0,0.0,0.0,0.0,0.0,0.0,0.0,0.0,0.0,0.1,0.6
1791,25377,Omar Brown,GB,S,4,0.0,0.0,0.0,0.0,0.0,0.0,0.0,0.0,0.0,0.0,0.0,0.0,0.1,0.6
1792,17337,C.J. Goodwin,DAL,CB,8,0.0,0.0,0.0,0.0,0.0,0.0,0.0,0.0,0.0,0.0,0.0,0.0,0.1,0.6
1793,26115,Bilhal Kone,BAL,CB,4,0.0,0.0,0.0,0.0,0.0,0.0,0.0,0.0,0.0,0.0,0.0,0.0,0.1,0.6
1794,19963,Siran Neal,SF,CB,4,0.0,0.0,0.0,0.0,0.0,0.0,0.0,0.0,0.0,0.0,0.0,0.0,0.1,0.6
1795,26257,Korie Black,NYG,CB,4,0.0,0.0,0.0,0.0,0.0,0.0,0.0,0.0,0.0,0.0,0.0,0.0,0.1,0.6
1796,24471,Ryan Miller,TB,WR,17,0.0,0.0,0.0,0.0,0.0,0.3,2.8,0.0,0.0,0.0,0.0,0.0,0.0,0.6
1797,21263,Trenton Irwin,JAX,WR,17,0.0,0.0,0.0,5.0,0.0,0.0,0.1,0.0,0.0,0.0,0.0,0.0,0.0,0.5
1798,26297,Trikweze Bridges,LAC,CB,4,0.0,0.0,0.0,0.0,0.0,0.0,0.0,0.0,0.0,0.0,0.0,0.0,0.1,0.5
1799,23022,Dicaprio Bootle,DET,CB,4,0.0,0.0,0.0,0.0,0.0,0.0,0.0,0.0,0.0,0.0,0.0,0.0,0.1,0.5
1800,21922,Terrell Burgess,NO,S,4,0.0,0.0,0.0,0.0,0.0,0.0,0.0,0.0,0.0,0.0,0.0,0.0,0.1,0.5
1801,26336,Kobee Minor,NE,DB,4,0.0,0.0,0.0,0.0,0.0,0.0,0.0,0.0,0.0,0.0,0.0,0.0,0.1,0.5
1802,26389,Myles Purchase,LAC,CB,4,0.0,0.0,0.0,0.0,0.0,0.0,0.0,0.0,0.0,0.0,0.0,0.0,0.1,0.5
1803,24643,Alex Cook,CHI,S,4,0.0,0.0,0.0,0.0,0.0,0.0,0.0,0.0,0.0,0.0,0.0,0.0,0.1,0.4
1804,24385,Kendell Brooks,TEN,S,4,0.0,0.0,0.0,0.0,0.0,0.0,0.0,0.0,0.0,0.0,0.0,0.0,0.1,0.4
1805,23839,Josh Thompson,ATL,S,4,0.0,0.0,0.0,0.0,0.0,0.0,0.0,0.0,0.0,0.0,0.0,0.0,0.1,0.4
1806,26296,Melvin Smith Jr.,KC,CB,4,0.0,0.0,0.0,0.0,0.0,0.0,0.0,0.0,0.0,0.0,0.0,0.0,0.1,0.4
1807,24552,Kahlef Hailassie,MIN,CB,4,0.0,0.0,0.0,0.0,0.0,0.0,0.0,0.0,0.0,0.0,0.0,0.0,0.1,0.2
1808,24642,Ethan Bonner,MIA,CB,1,0.0,0.0,0.0,0.0,0.0,0.0,0.0,0.0,0.0,0.0,0.0,0.0,0.2,0.2
1809,26111,Alijah Huzzie,HOU,CB,4,0.0,0.0,0.0,0.0,0.0,0.0,0.0,0.0,0.0,0.0,0.0,0.0,0.1,0.2
1810,23425,Mario Goodrich,DEN,CB,4,0.0,0.0,0.0,0.0,0.0,0.0,0.0,0.0,0.0,0.0,0.0,0.0,0.1,0.2
1811,24544,Reese Taylor,DEN,CB,4,0.0,0.0,0.0,0.0,0.0,0.0,0.0,0.0,0.0,0.0,0.0,0.0,0.1,0.2
1812,22782,Ambry Thomas,MIN,CB,4,0.0,0.0,0.0,0.0,0.0,0.0,0.0,0.0,0.0,0.0,0.0,0.0,0.1,0.2
1813,24511,Tyrell Shavers,BUF,WR,17,0.0,0.0,0.0,0.0,0.0,0.0,2.0,0.0,0.0,0.0,0.0,0.0,0.0,0.2
1814,22685,Terrace Marshall Jr.,PHI,WR,17,0.0,0.0,0.0,0.0,0.0,0.1,0.8,0.0,0.0,0.0,0.0,0.0,0.0,0.2
1815,21798,Josiah Deguara,ARI,TE,17,0.0,0.0,0.0,0.0,0.0,0.1,0.5,0.0,0.0,0.0,0.0,0.0,0.0,0.1
1816,20159,Mike Boone,MIA,RB,17,0.0,0.0,0.0,0.5,0.0,0.0,0.2,0.0,0.0,0.0,0.0,0.0,0.0,0.1
1817,22206,Reggie Gilliam,BUF,FB,17,0.0,0.0,0.0,0.6,0.0,0.0,0.0,0.0,0.0,0.0,0.0,0.0,0.0,0.1
1818,21227,Andrew Beck,NYJ,FB,17,0.0,0.0,0.0,0.0,0.0,0.0,0.6,0.0,0.0,0.0,0.0,0.0,0.0,0.1
1819,22502,Desmond Ridder,CIN,QB,17,1.0,0.0,0.0,0.0,0.0,0.0,0.0,0.0,0.0,0.0,0.0,0.0,0.0,0.0
1820,19755,River Cracraft,WAS,WR,17,0.0,0.0,0.0,0.0,0.0,0.0,0.3,0.0,0.0,0.0,0.0,0.0,0.0,0.0
1821,23230,Dorian Thompson-Robinson,PHI,QB,17,0.5,0.0,0.0,0.1,0.0,0.0,0.0,0.0,0.0,0.0,0.0,0.0,0.0,0.0
1822,23267,Bailey Zappe,KC,QB,17,0.5,0.0,0.0,0.0,0.0,0.0,0.0,0.0,0.0,0.0,0.0,0.0,0.0,0.0
1823,24944,Jonathon Brooks,CAR,RB,17,0.0,0.0,0.0,0.0,0.0,0.0,0.1,0.0,0.0,0.0,0.0,0.0,0.0,0.0
1824,19816,DJ Chark,ATL,WR,0,0.0,0.0,0.0,0.0,0.0,0.0,0.0,0.0,0.0,0.0,0.0,0.0,,0.0
1825,19296,Anthony Firkser,KC,TE,0,0.0,0.0,0.0,0.0,0.0,0.0,0.0,0.0,0.0,0.0,0.0,0.0,,0.0
1826,19079,Zane Gonzalez,WAS,K,0,0.0,0.0,0.0,0.0,0.0,0.0,0.0,0.0,0.0,0.0,0.0,0.0,,0.0
1827,19064,Trent Taylor,SF,WR,17,0.0,0.0,0.0,0.0,0.0,0.0,0.0,0.0,0.0,0.0,0.0,0.0,0.0,0.0
1828,26169,Zeek Biggers,MIA,DT,4,0.0,0.0,0.0,0.0,0.0,0.0,0.0,0.0,0.0,0.0,0.0,0.0,0.0,0.0
1829,18187,Robbie Chosen,SF,WR,17,0.0,0.0,0.0,0.0,0.0,0.0,0.0,0.0,0.0,0.0,0.0,0.0,0.0,0.0
1830,26117,Joshua Simon,ATL,TE,0,0.0,0.0,0.0,0.0,0.0,0.0,0.0,0.0,0.0,0.0,0.0,0.0,,0.0
1831,26089,Ja'Corey Brooks,WAS,WR,17,0.0,0.0,0.0,0.0,0.0,0.0,0.0,0.0,0.0,0.0,0.0,0.0,0.0,0.0
1832,26088,Montrell Johnson Jr.,PHI,RB,17,0.0,0.0,0.0,0.0,0.0,0.0,0.0,0.0,0.0,0.0,0.0,0.0,0.0,0.0
1833,26087,Kurtis Rourke,SF,QB,17,0.0,0.0,0.0,0.0,0.0,0.0,0.0,0.0,0.0,0.0,0.0,0.0,0.0,0.0
1834,26084,Brady Cook,NYJ,QB,0,0.0,0.0,0.0,0.0,0.0,0.0,0.0,0.0,0.0,0.0,0.0,0.0,,0.0
1835,21760,Isaiah Hodgins,SF,WR,17,0.0,0.0,0.0,0.0,0.0,0.0,0.0,0.0,0.0,0.0,0.0,0.0,0.0,0.0
1836,25314,Louis Rees-Zammit,JAX,WR,0,0.0,0.0,0.0,0.0,0.0,0.0,0.0,0.0,0.0,0.0,0.0,0.0,,0.0
1837,25316,David White Jr.,JAX,WR,0,0.0,0.0,0.0,0.0,0.0,0.0,0.0,0.0,0.0,0.0,0.0,0.0,,0.0
1838,25320,Mason Pline,SF,TE,0,0.0,0.0,0.0,0.0,0.0,0.0,0.0,0.0,0.0,0.0,0.0,0.0,,0.0
1839,25322,Jabari Small,TEN,RB,0,0.0,0.0,0.0,0.0,0.0,0.0,0.0,0.0,0.0,0.0,0.0,0.0,,0.0
1840,25328,Baylor Cupp,BAL,TE,17,0.0,0.0,0.0,0.0,0.0,0.0,0.0,0.0,0.0,0.0,0.0,0.0,0.0,0.0
1841,17914,Laquon Treadwell,IND,WR,17,0.0,0.0,0.0,0.0,0.0,0.0,0.0,0.0,0.0,0.0,0.0,0.0,0.0,0.0
1842,25338,Tejhaun Palmer,ARI,WR,0,0.0,0.0,0.0,0.0,0.0,0.0,0.0,0.0,0.0,0.0,0.0,0.0,,0.0
1843,26034,Isaiah Bond,CLE,WR,17,0.0,0.0,0.0,0.0,0.0,0.0,0.0,0.0,0.0,0.0,0.0,0.0,0.0,0.0
1844,17009,Trevor Siemian,TEN,QB,17,0.0,0.0,0.0,0.0,0.0,0.0,0.0,0.0,0.0,0.0,0.0,0.0,0.0,0.0
1845,25968,Corey Kiner,SF,RB,17,0.0,0.0,0.0,0.0,0.0,0.0,0.0,0.0,0.0,0.0,0.0,0.0,0.0,0.0
1846,25901,Ja'Quinden Jackson,JAX,RB,17,0.0,0.0,0.0,0.0,0.0,0.0,0.0,0.0,0.0,0.0,0.0,0.0,0.0,0.0
1847,25855,Alex Hale,GB,K,0,0.0,0.0,0.0,0.0,0.0,0.0,0.0,0.0,0.0,0.0,0.0,0.0,,0.0
1848,16815,Ameer Abdullah,SF,RB,0,0.0,0.0,0.0,0.0,0.0,0.0,0.0,0.0,0.0,0.0,0.0,0.0,,0.0
1849,25674,Colson Yankoff,WAS,TE,17,0.0,0.0,0.0,0.0,0.0,0.0,0.0,0.0,0.0,0.0,0.0,0.0,0.0,0.0
1850,16790,Phillip Dorsett,LV,WR,17,0.0,0.0,0.0,0.0,0.0,0.0,0.0,0.0,0.0,0.0,0.0,0.0,0.0,0.0
1851,16497,Teddy Bridgewater,TB,QB,17,0.0,0.0,0.0,0.0,0.0,0.0,0.0,0.0,0.0,0.0,0.0,0.0,0.0,0.0
1852,25353,Jack Plummer,CAR,QB,17,0.0,0.0,0.0,0.0,0.0,0.0,0.0,0.0,0.0,0.0,0.0,0.0,0.0,0.0
1853,16311,Derek Carr,NO,QB,0,0.0,0.0,0.0,0.0,0.0,0.0,0.0,0.0,0.0,0.0,0.0,0.0,,0.0
1854,25498,Ramel Keyton,LV,WR,0,0.0,0.0,0.0,0.0,0.0,0.0,0.0,0.0,0.0,0.0,0.0,0.0,,0.0
1855,15974,Jordan Matthews,CAR,TE,0,0.0,0.0,0.0,0.0,0.0,0.0,0.0,0.0,0.0,0.0,0.0,0.0,,0.0
1856,25481,Ian Wheeler,CHI,RB,17,0.0,0.0,0.0,0.0,0.0,0.0,0.0,0.0,0.0,0.0,0.0,0.0,0.0,0.0
1857,26642,Caden Davis,BUF,K,0,0.0,0.0,0.0,0.0,0.0,0.0,0.0,0.0,0.0,0.0,0.0,0.0,,0.0
1858,25452,British Brooks,HOU,RB,17,0.0,0.0,0.0,0.0,0.0,0.0,0.0,0.0,0.0,0.0,0.0,0.0,0.0,0.0
1859,25440,D.J. Williams,TB,RB,0,0.0,0.0,0.0,0.0,0.0,0.0,0.0,0.0,0.0,0.0,0.0,0.0,,0.0
1860,25358,Tanner Mordecai,SF,QB,0,0.0,0.0,0.0,0.0,0.0,0.0,0.0,0.0,0.0,0.0,0.0,0.0,,0.0
1861,15150,Cordarrelle Patterson,PIT,RB,0,0.0,0.0,0.0,0.0,0.0,0.0,0.0,0.0,0.0,0.0,0.0,0.0,,0.0
1862,14697,Greg Zuerlein,NYJ,K,0,0.0,0.0,0.0,0.0,0.0,0.0,0.0,0.0,0.0,0.0,0.0,0.0,,0.0
1863,23163,Justyn Ross,KC,WR,0,0.0,0.0,0.0,0.0,0.0,0.0,0.0,0.0,0.0,0.0,0.0,0.0,,0.0
1864,23182,Kedon Slovis,HOU,QB,17,0.0,0.0,0.0,0.0,0.0,0.0,0.0,0.0,0.0,0.0,0.0,0.0,0.0,0.0
1865,23198,Isaiah Spiller,LV,RB,0,0.0,0.0,0.0,0.0,0.0,0.0,0.0,0.0,0.0,0.0,0.0,0.0,,0.0
1866,14688,Justin Tucker,BAL,K,0,0.0,0.0,0.0,0.0,0.0,0.0,0.0,0.0,0.0,0.0,0.0,0.0,,0.0
1867,25391,McCallan Castles,LAC,TE,0,0.0,0.0,0.0,0.0,0.0,0.0,0.0,0.0,0.0,0.0,0.0,0.0,,0.0
1868,23213,Kendall Milton,CIN,RB,17,0.0,0.0,0.0,0.0,0.0,0.0,0.0,0.0,0.0,0.0,0.0,0.0,0.0,0.0
1869,22512,Tre' McKitty,HOU,TE,0,0.0,0.0,0.0,0.0,0.0,0.0,0.0,0.0,0.0,0.0,0.0,0.0,,0.0
1870,25974,Kaden Prather,BUF,WR,17,0.0,0.0,0.0,0.0,0.0,0.0,0.0,0.0,0.0,0.0,0.0,0.0,0.0,0.0
1871,25977,Kobe Hudson,CAR,WR,17,0.0,0.0,0.0,0.0,0.0,0.0,0.0,0.0,0.0,0.0,0.0,0.0,0.0,0.0
1872,20929,Brett Rypien,MIN,QB,17,0.1,0.0,0.0,0.0,0.0,0.0,0.0,0.0,0.0,0.0,0.0,0.0,0.0,0.0
1873,23004,Adam Prentice,DEN,FB,17,0.0,0.0,0.0,0.0,0.0,0.0,0.0,0.0,0.0,0.0,0.0,0.0,0.0,0.0
1874,26055,Thomas Fidone II,NYG,TE,0,0.0,0.0,0.0,0.0,0.0,0.0,0.0,0.0,0.0,0.0,0.0,0.0,,0.0
1875,23072,Milo Eifler,ARI,ILB,9,0.0,0.0,0.0,0.0,0.0,0.0,0.0,0.0,0.0,0.0,0.0,0.0,0.0,0.0
1876,23099,Michael Bandy,DEN,WR,0,0.0,0.0,0.0,0.0,0.0,0.0,0.0,0.0,0.0,0.0,0.0,0.0,,0.0
1877,23468,Michael Woods II,CLE,WR,0,0.0,0.0,0.0,0.0,0.0,0.0,0.0,0.0,0.0,0.0,0.0,0.0,,0.0
1878,23477,Skylar Thompson,PIT,QB,17,0.0,0.0,0.0,0.0,0.0,0.0,0.0,0.0,0.0,0.0,0.0,0.0,0.0,0.0
1879,23573,Danny Gray,PHI,WR,0,0.0,0.0,0.0,0.0,0.0,0.0,0.0,0.0,0.0,0.0,0.0,0.0,,0.0
1880,23604,Montrell Washington,NYG,WR,0,0.0,0.0,0.0,0.0,0.0,0.0,0.0,0.0,0.0,0.0,0.0,0.0,,0.0
1881,23614,John FitzPatrick,GB,TE,17,0.0,0.0,0.0,0.0,0.0,0.0,0.0,0.0,0.0,0.0,0.0,0.0,0.0,0.0
1882,23621,Nick Muse,PHI,TE,17,0.0,0.0,0.0,0.0,0.0,0.0,0.0,0.0,0.0,0.0,0.0,0.0,0.0,0.0
1883,23629,Chris Oladokun,KC,QB,17,0.0,0.0,0.0,0.0,0.0,0.0,0.0,0.0,0.0,0.0,0.0,0.0,0.0,0.0
1884,23632,Brittain Brown,CHI,RB,17,0.0,0.0,0.0,0.0,0.0,0.0,0.0,0.0,0.0,0.0,0.0,0.0,0.0,0.0
1885,23642,Jalen Virgil,BUF,WR,0,0.0,0.0,0.0,0.0,0.0,0.0,0.0,0.0,0.0,0.0,0.0,0.0,,0.0
1886,23659,Tay Martin,TEN,WR,0,0.0,0.0,0.0,0.0,0.0,0.0,0.0,0.0,0.0,0.0,0.0,0.0,,0.0
1887,23662,Jake Tonges,SF,TE,17,0.0,0.0,0.0,0.0,0.0,0.0,0.0,0.0,0.0,0.0,0.0,0.0,0.0,0.0
1888,22676,Kene Nwangwu,NYJ,RB,17,0.0,0.0,0.0,0.0,0.0,0.0,0.0,0.0,0.0,0.0,0.0,0.0,0.0,0.0
1889,22674,Deon Jackson,DET,RB,17,0.0,0.0,0.0,0.0,0.0,0.0,0.0,0.0,0.0,0.0,0.0,0.0,0.0,0.0
1890,22627,Ronnie Bell,DET,WR,17,0.0,0.0,0.0,0.0,0.0,0.0,0.0,0.0,0.0,0.0,0.0,0.0,0.0,0.0
1891,23713,Aaron Shampklin,MIA,RB,17,0.0,0.0,0.0,0.0,0.0,0.0,0.0,0.0,0.0,0.0,0.0,0.0,0.0,0.0
1892,22608,Seth Williams,DAL,WR,0,0.0,0.0,0.0,0.0,0.0,0.0,0.0,0.0,0.0,0.0,0.0,0.0,,0.0
1893,23725,Dennis Houston,TB,WR,0,0.0,0.0,0.0,0.0,0.0,0.0,0.0,0.0,0.0,0.0,0.0,0.0,,0.0
1894,22600,Johnny Johnson III,HOU,WR,0,0.0,0.0,0.0,0.0,0.0,0.0,0.0,0.0,0.0,0.0,0.0,0.0,,0.0
1895,22591,Dez Fitzpatrick,LAC,WR,0,0.0,0.0,0.0,0.0,0.0,0.0,0.0,0.0,0.0,0.0,0.0,0.0,,0.0
1896,22572,Dax Milne,CAR,WR,0,0.0,0.0,0.0,0.0,0.0,0.0,0.0,0.0,0.0,0.0,0.0,0.0,,0.0
1897,22560,Keaontay Ingram,KC,RB,17,0.0,0.0,0.0,0.0,0.0,0.0,0.0,0.0,0.0,0.0,0.0,0.0,0.0,0.0
1898,22556,Jaret Patterson,LAC,RB,17,0.0,0.0,0.0,0.0,0.0,0.0,0.0,0.0,0.0,0.0,0.0,0.0,0.0,0.0
1899,22555,Jermar Jefferson,TEN,RB,17,0.0,0.0,0.0,0.0,0.0,0.0,0.0,0.0,0.0,0.0,0.0,0.0,0.0,0.0
1900,22533,Demetric Felton,WAS,RB,17,0.0,0.0,0.0,0.0,0.0,0.0,0.0,0.0,0.0,0.0,0.0,0.0,0.0,0.0
1901,23765,Tyreik McAllister,LV,WR,0,0.0,0.0,0.0,0.0,0.0,0.0,0.0,0.0,0.0,0.0,0.0,0.0,,0.0
1902,25101,Brenden Rice,LAC,WR,17,0.0,0.0,0.0,0.0,0.0,0.0,0.0,0.0,0.0,0.0,0.0,0.0,0.0,0.0
1903,22515,Cole Turner,WAS,TE,17,0.0,0.0,0.0,0.0,0.0,0.0,0.0,0.0,0.0,0.0,0.0,0.0,0.0,0.0
1904,22417,Kristian Wilkerson,BUF,WR,0,0.0,0.0,0.0,0.0,0.0,0.0,0.0,0.0,0.0,0.0,0.0,0.0,,0.0
1905,22345,Dan Chisena,CAR,WR,0,0.0,0.0,0.0,0.0,0.0,0.0,0.0,0.0,0.0,0.0,0.0,0.0,,0.0
1906,23867,Armani Rogers,BUF,TE,0,0.0,0.0,0.0,0.0,0.0,0.0,0.0,0.0,0.0,0.0,0.0,0.0,,0.0
1907,23880,Malik Davis,DAL,RB,17,0.0,0.0,0.0,0.0,0.0,0.0,0.0,0.0,0.0,0.0,0.0,0.0,0.0,0.0
1908,23966,Lance McCutcheon,PIT,WR,0,0.0,0.0,0.0,0.0,0.0,0.0,0.0,0.0,0.0,0.0,0.0,0.0,,0.0
1909,25199,Tahj Washington,MIA,WR,0,0.0,0.0,0.0,0.0,0.0,0.0,0.0,0.0,0.0,0.0,0.0,0.0,,0.0
1910,21723,James Proche II,TEN,WR,17,0.0,0.0,0.0,0.0,0.0,0.0,0.0,0.0,0.0,0.0,0.0,0.0,0.0,0.0
1911,23618,Ko Kieft,TB,TE,17,0.0,0.0,0.0,0.0,0.0,0.0,0.0,0.0,0.0,0.0,0.0,0.0,0.0,0.0
1912,25047,Blake Watson,DEN,RB,17,0.0,0.0,0.0,0.0,0.0,0.0,0.0,0.0,0.0,0.0,0.0,0.0,0.0,0.0
1913,25040,Javon Baker,NE,WR,17,0.0,0.0,0.0,0.0,0.0,0.0,0.0,0.0,0.0,0.0,0.0,0.0,0.0,0.0
1914,24171,Jaren Hall,SEA,QB,0,0.0,0.0,0.0,0.0,0.0,0.0,0.0,0.0,0.0,0.0,0.0,0.0,,0.0
1915,24199,Bryce Ford-Wheaton,NYG,WR,17,0.0,0.0,0.0,0.0,0.0,0.0,0.0,0.0,0.0,0.0,0.0,0.0,0.0,0.0
1916,22234,Andre Baccellia,ARI,WR,0,0.0,0.0,0.0,0.0,0.0,0.0,0.0,0.0,0.0,0.0,0.0,0.0,,0.0
1917,24204,Evan Hull,PIT,RB,17,0.0,0.0,0.0,0.0,0.0,0.0,0.0,0.0,0.0,0.0,0.0,0.0,0.0,0.0
1918,24211,Zack Kuntz,NYJ,TE,17,0.0,0.0,0.0,0.0,0.0,0.0,0.0,0.0,0.0,0.0,0.0,0.0,0.0,0.0
1919,24215,Lew Nichols,PIT,RB,17,0.0,0.0,0.0,0.0,0.0,0.0,0.0,0.0,0.0,0.0,0.0,0.0,0.0,0.0
1920,25010,Ricky White III,SEA,WR,17,0.0,0.0,0.0,0.0,0.0,0.0,0.0,0.0,0.0,0.0,0.0,0.0,0.0,0.0
1921,24279,Malik Cunningham,BAL,WR,0,0.0,0.0,0.0,0.0,0.0,0.0,0.0,0.0,0.0,0.0,0.0,0.0,,0.0
1922,26081,Antwane Wells Jr.,NYG,WR,17,0.0,0.0,0.0,0.0,0.0,0.0,0.0,0.0,0.0,0.0,0.0,0.0,0.0,0.0
1923,22146,Ben DiNucci,ATL,QB,17,0.0,0.0,0.0,0.0,0.0,0.0,0.0,0.0,0.0,0.0,0.0,0.0,0.0,0.0
1924,22138,Tyler Davis,NE,TE,0,0.0,0.0,0.0,0.0,0.0,0.0,0.0,0.0,0.0,0.0,0.0,0.0,,0.0
1925,24293,Antoine Green,DET,WR,0,0.0,0.0,0.0,0.0,0.0,0.0,0.0,0.0,0.0,0.0,0.0,0.0,,0.0
1926,24331,Grant DuBose,BUF,WR,17,0.0,0.0,0.0,0.0,0.0,0.0,0.0,0.0,0.0,0.0,0.0,0.0,0.0,0.0
1927,24351,Stetson Bennett IV,LAR,QB,17,0.0,0.0,0.0,0.0,0.0,0.0,0.0,0.0,0.0,0.0,0.0,0.0,0.0,0.0
1928,24365,Deneric Prince,NE,RB,17,0.0,0.0,0.0,0.0,0.0,0.0,0.0,0.0,0.0,0.0,0.0,0.0,0.0,0.0
1929,24371,Anders Carlson,NYJ,K,0,0.0,0.0,0.0,0.0,0.0,0.0,0.0,0.0,0.0,0.0,0.0,0.0,,0.0
1930,24421,Cameron Latu,PHI,TE,17,0.0,0.0,0.0,0.0,0.0,0.0,0.0,0.0,0.0,0.0,0.0,0.0,0.0,0.0
1931,25954,Marcus Yarns,NO,RB,17,0.0,0.0,0.0,0.0,0.0,0.0,0.0,0.0,0.0,0.0,0.0,0.0,0.0,0.0
1932,24457,Scott Matlock,LAC,FB,0,0.0,0.0,0.0,0.0,0.0,0.0,0.0,0.0,0.0,0.0,0.0,0.0,,0.0
1933,25306,Dominic Lovett,DET,WR,17,0.0,0.0,0.0,0.0,0.0,0.0,0.0,0.0,0.0,0.0,0.0,0.0,0.0,0.0
1934,25755,Donovan Edwards,NYJ,RB,17,0.0,0.0,0.0,0.0,0.0,0.0,0.0,0.0,0.0,0.0,0.0,0.0,0.0,0.0
1935,24221,Justin Shorter,LV,WR,17,0.0,0.0,0.0,0.0,0.0,0.0,0.0,0.0,0.0,0.0,0.0,0.0,0.0,0.0
1936,25910,Elijhah Badger,KC,WR,0,0.0,0.0,0.0,0.0,0.0,0.0,0.0,0.0,0.0,0.0,0.0,0.0,,0.0
1937,24464,Xazavian Valladay,NO,RB,0,0.0,0.0,0.0,0.0,0.0,0.0,0.0,0.0,0.0,0.0,0.0,0.0,,0.0
1938,21957,Quez Watkins,ARI,WR,0,0.0,0.0,0.0,0.0,0.0,0.0,0.0,0.0,0.0,0.0,0.0,0.0,,0.0
1939,23917,Kaden Davis,CLE,WR,0,0.0,0.0,0.0,0.0,0.0,0.0,0.0,0.0,0.0,0.0,0.0,0.0,,0.0
1940,24476,Sean Clifford,GB,QB,17,0.0,0.0,0.0,0.0,0.0,0.0,0.0,0.0,0.0,0.0,0.0,0.0,0.0,0.0
1941,21100,Jakob Johnson,HOU,FB,17,0.0,0.0,0.0,0.0,0.0,0.0,0.0,0.0,0.0,0.0,0.0,0.0,0.0,0.0
1942,24494,Colton Dowell,TEN,WR,0,0.0,0.0,0.0,0.0,0.0,0.0,0.0,0.0,0.0,0.0,0.0,0.0,,0.0
1943,24507,Adrian Martinez,NYJ,QB,17,0.0,0.0,0.0,0.0,0.0,0.0,0.0,0.0,0.0,0.0,0.0,0.0,0.0,0.0
1944,21843,Salvon Ahmed,IND,RB,17,0.0,0.0,0.0,0.0,0.0,0.0,0.0,0.0,0.0,0.0,0.0,0.0,0.0,0.0
1945,21837,J.J. Taylor,HOU,RB,0,0.0,0.0,0.0,0.0,0.0,0.0,0.0,0.0,0.0,0.0,0.0,0.0,,0.0
1946,21818,Shane Buechele,BUF,QB,17,0.0,0.0,0.0,0.0,0.0,0.0,0.0,0.0,0.0,0.0,0.0,0.0,0.0,0.0
1947,21815,Sam Ehlinger,DEN,QB,17,0.0,0.0,0.0,0.0,0.0,0.0,0.0,0.0,0.0,0.0,0.0,0.0,0.0,0.0
1948,21808,Dalton Keene,HOU,TE,17,0.0,0.0,0.0,0.0,0.0,0.0,0.0,0.0,0.0,0.0,0.0,0.0,0.0,0.0
1949,19912,Nyheim Hines,LAC,RB,17,0.0,0.0,0.0,0.0,0.0,0.0,0.0,0.0,0.0,0.0,0.0,0.0,0.0,0.0
1950,24598,Jared Wayne,HOU,WR,0,0.0,0.0,0.0,0.0,0.0,0.0,0.0,0.0,0.0,0.0,0.0,0.0,,0.0
1951,24617,Princeton Fant,DAL,TE,17,0.0,0.0,0.0,0.0,0.0,0.0,0.0,0.0,0.0,0.0,0.0,0.0,0.0,0.0
1952,21794,Albert Okwuegbunam,LV,TE,17,0.0,0.0,0.0,0.0,0.0,0.0,0.0,0.0,0.0,0.0,0.0,0.0,0.0,0.0
1953,21788,Ke'Shawn Vaughn,SF,RB,17,0.0,0.0,0.0,0.0,0.0,0.0,0.0,0.0,0.0,0.0,0.0,0.0,0.0,0.0
1954,21784,Zack Moss,CIN,RB,0,0.0,0.0,0.0,0.0,0.0,0.0,0.0,0.0,0.0,0.0,0.0,0.0,,0.0
1955,23463,Kyle Philips,LV,WR,0,0.0,0.0,0.0,0.0,0.0,0.0,0.0,0.0,0.0,0.0,0.0,0.0,,0.0
1956,21782,Jonathan Ward,NYG,RB,17,0.0,0.0,0.0,0.0,0.0,0.0,0.0,0.0,0.0,0.0,0.0,0.0,0.0,0.0
1957,21781,Sean McKeon,IND,TE,17,0.0,0.0,0.0,0.0,0.0,0.0,0.0,0.0,0.0,0.0,0.0,0.0,0.0,0.0
1958,24625,Tommy DeVito,NYG,QB,17,0.0,0.0,0.0,0.0,0.0,0.0,0.0,0.0,0.0,0.0,0.0,0.0,0.0,0.0
1959,21759,KJ Hamler,BUF,WR,17,0.0,0.0,0.0,0.0,0.0,0.0,0.0,0.0,0.0,0.0,0.0,0.0,0.0,0.0
1960,21754,Donovan Peoples-Jones,NO,WR,0,0.0,0.0,0.0,0.0,0.0,0.0,0.0,0.0,0.0,0.0,0.0,0.0,,0.0
1961,21556,Tom Kennedy,DET,WR,17,0.0,0.0,0.0,0.0,0.0,0.0,0.0,0.0,0.0,0.0,0.0,0.0,0.0,0.0
1962,24644,Ben VanSumeren,PHI,FB,1,0.0,0.0,0.0,0.0,0.0,0.0,0.0,0.0,0.0,0.0,0.0,0.0,0.0,0.0
1963,24706,Owen Wright,TB,RB,17,0.0,0.0,0.0,0.0,0.0,0.0,0.0,0.0,0.0,0.0,0.0,0.0,0.0,0.0
1964,24718,Brady Russell,SEA,FB,17,0.0,0.0,0.0,0.0,0.0,0.0,0.0,0.0,0.0,0.0,0.0,0.0,0.0,0.0
1965,24749,Shedrick Jackson,LV,WR,0,0.0,0.0,0.0,0.0,0.0,0.0,0.0,0.0,0.0,0.0,0.0,0.0,,0.0
1966,24755,Elijah Cooks,PHI,WR,0,0.0,0.0,0.0,0.0,0.0,0.0,0.0,0.0,0.0,0.0,0.0,0.0,,0.0
1967,25642,Kameron Johnson,TB,WR,0,0.0,0.0,0.0,0.0,0.0,0.0,0.0,0.0,0.0,0.0,0.0,0.0,,0.0
1968,22620,Mike Strachan,WAS,RB,0,0.0,0.0,0.0,0.0,0.0,0.0,0.0,0.0,0.0,0.0,0.0,0.0,,0.0
1969,21473,D.J. Montgomery,IND,WR,0,0.0,0.0,0.0,0.0,0.0,0.0,0.0,0.0,0.0,0.0,0.0,0.0,,0.0
1970,24983,Michael Pratt,TB,QB,0,0.0,0.0,0.0,0.0,0.0,0.0,0.0,0.0,0.0,0.0,0.0,0.0,,0.0
1971,24991,Jawhar Jordan,HOU,RB,17,0.0,0.0,0.0,0.0,0.0,0.0,0.0,0.0,0.0,0.0,0.0,0.0,0.0,0.0
1972,24992,Riley Leonard,IND,QB,17,0.0,0.0,0.0,0.0,0.0,0.0,0.0,0.0,0.0,0.0,0.0,0.0,0.0,0.0
1973,25043,Jason Bean,IND,QB,0,0.0,0.0,0.0,0.0,0.0,0.0,0.0,0.0,0.0,0.0,0.0,0.0,,0.0
1974,25044,Carter Bradley,LV,QB,0,0.0,0.0,0.0,0.0,0.0,0.0,0.0,0.0,0.0,0.0,0.0,0.0,,0.0
1975,25049,Cody Schrader,LAR,RB,17,0.0,0.0,0.0,0.0,0.0,0.0,0.0,0.0,0.0,0.0,0.0,0.0,0.0,0.0
1976,25051,Dante Miller,NYG,RB,17,0.0,0.0,0.0,0.0,0.0,0.0,0.0,0.0,0.0,0.0,0.0,0.0,0.0,0.0
1977,21294,Alex Bachman,LV,WR,17,0.0,0.0,0.0,0.0,0.0,0.0,0.0,0.0,0.0,0.0,0.0,0.0,0.0,0.0
1978,23270,Will Levis,TEN,QB,0,0.0,0.0,0.0,0.0,0.0,0.0,0.0,0.0,0.0,0.0,0.0,0.0,,0.0
1979,25058,Emani Bailey,CAR,RB,0,0.0,0.0,0.0,0.0,0.0,0.0,0.0,0.0,0.0,0.0,0.0,0.0,,0.0
1980,25099,Dallin Holker,NO,TE,0,0.0,0.0,0.0,0.0,0.0,0.0,0.0,0.0,0.0,0.0,0.0,0.0,,0.0
1981,21278,Stephen Carlson,CHI,TE,0,0.0,0.0,0.0,0.0,0.0,0.0,0.0,0.0,0.0,0.0,0.0,0.0,,0.0
1982,25108,Michael Wiley,KC,RB,17,0.0,0.0,0.0,0.0,0.0,0.0,0.0,0.0,0.0,0.0,0.0,0.0,0.0,0.0
1983,25109,Sam Hartman,WAS,QB,17,0.0,0.0,0.0,0.0,0.0,0.0,0.0,0.0,0.0,0.0,0.0,0.0,0.0,0.0
1984,23174,Zach Evans,NYJ,RB,0,0.0,0.0,0.0,0.0,0.0,0.0,0.0,0.0,0.0,0.0,0.0,0.0,,0.0
1985,24776,John Stephens Jr.,DAL,TE,17,0.0,0.0,0.0,0.0,0.0,0.0,0.0,0.0,0.0,0.0,0.0,0.0,0.0,0.0
1986,21169,Malik Taylor,DET,WR,0,0.0,0.0,0.0,0.0,0.0,0.0,0.0,0.0,0.0,0.0,0.0,0.0,,0.0
1987,23172,Tyrion Davis-Price,GB,RB,17,0.0,0.0,0.0,0.0,0.0,0.0,0.0,0.0,0.0,0.0,0.0,0.0,0.0,0.0
1988,23146,Cornelius Johnson,GB,WR,0,0.0,0.0,0.0,0.0,0.0,0.0,0.0,0.0,0.0,0.0,0.0,0.0,,0.0
1989,25111,Devin Leary,BAL,QB,17,0.0,0.0,0.0,0.0,0.0,0.0,0.0,0.0,0.0,0.0,0.0,0.0,0.0,0.0
1990,21005,Parris Campbell,DAL,WR,0,0.0,0.0,0.0,0.0,0.0,0.0,0.0,0.0,0.0,0.0,0.0,0.0,,0.0
1991,21750,Marquez Callaway,TB,WR,0,0.0,0.0,0.0,0.0,0.0,0.0,0.0,0.0,0.0,0.0,0.0,0.0,,0.0
1992,21735,Gabe Davis,JAX,WR,0,0.0,0.0,0.0,0.0,0.0,0.0,0.0,0.0,0.0,0.0,0.0,0.0,,0.0
1993,20953,Easton Stick,ATL,QB,17,0.0,0.0,0.0,0.0,0.0,0.0,0.0,0.0,0.0,0.0,0.0,0.0,0.0,0.0
1994,20939,David Sills V,ATL,WR,0,0.0,0.0,0.0,0.0,0.0,0.0,0.0,0.0,0.0,0.0,0.0,0.0,,0.0
1995,24008,Troy Hairston,CLE,FB,0,0.0,0.0,0.0,0.0,0.0,0.0,0.0,0.0,0.0,0.0,0.0,0.0,,0.0
1996,21729,Quintez Cephus,LAR,WR,0,0.0,0.0,0.0,0.0,0.0,0.0,0.0,0.0,0.0,0.0,0.0,0.0,,0.0
1997,20886,Stanley Morgan Jr.,TEN,WR,0,0.0,0.0,0.0,0.0,0.0,0.0,0.0,0.0,0.0,0.0,0.0,0.0,,0.0
1998,21724,Easop Winston,NYJ,WR,0,0.0,0.0,0.0,0.0,0.0,0.0,0.0,0.0,0.0,0.0,0.0,0.0,,0.0
1999,20868,Alexander Mattison,MIA,RB,0,0.0,0.0,0.0,0.0,0.0,0.0,0.0,0.0,0.0,0.0,0.0,0.0,,0.0
2000,25114,Austin Reed,CHI,QB,0,0.0,0.0,0.0,0.0,0.0,0.0,0.0,0.0,0.0,0.0,0.0,0.0,,0.0
2001,25116,Jordan Travis,NYJ,QB,0,0.0,0.0,0.0,0.0,0.0,0.0,0.0,0.0,0.0,0.0,0.0,0.0,,0.0
2002,20823,Tyree Jackson,WAS,TE,17,0.0,0.0,0.0,0.0,0.0,0.0,0.0,0.0,0.0,0.0,0.0,0.0,0.0,0.0
2003,25123,Jack Westover,NE,TE,17,0.0,0.0,0.0,0.0,0.0,0.0,0.0,0.0,0.0,0.0,0.0,0.0,0.0,0.0
2004,20779,Will Grier,DAL,QB,17,0.0,0.0,0.0,0.0,0.0,0.0,0.0,0.0,0.0,0.0,0.0,0.0,0.0,0.0
2005,18914,Mike Williams,LAC,WR,0,0.0,0.0,0.0,0.0,0.0,0.0,0.0,0.0,0.0,0.0,0.0,0.0,,0.0
2006,18881,John Ross,SEA,WR,0,0.0,0.0,0.0,0.0,0.0,0.0,0.0,0.0,0.0,0.0,0.0,0.0,,0.0
2007,20768,Myles Gaskin,BAL,RB,17,0.0,0.0,0.0,0.0,0.0,0.0,0.0,0.0,0.0,0.0,0.0,0.0,0.0,0.0
2008,20703,John Wolford,JAX,QB,17,0.0,0.0,0.0,0.0,0.0,0.0,0.0,0.0,0.0,0.0,0.0,0.0,0.0,0.0
2009,26628,Laki Tasi,LV,DL,4,0.0,0.0,0.0,0.0,0.0,0.0,0.0,0.0,0.0,0.0,0.0,0.0,0.0,0.0
2010,26582,Jayson Jones,BAL,DL,4,0.0,0.0,0.0,0.0,0.0,0.0,0.0,0.0,0.0,0.0,0.0,0.0,0.0,0.0
2011,26555,Bill Norton,LAR,DL,4,0.0,0.0,0.0,0.0,0.0,0.0,0.0,0.0,0.0,0.0,0.0,0.0,0.0,0.0
2012,20398,Equanimeous St. Brown,SF,WR,0,0.0,0.0,0.0,0.0,0.0,0.0,0.0,0.0,0.0,0.0,0.0,0.0,,0.0
2013,26500,Maddux Trujillo,IND,K,17,0.0,0.0,0.0,0.0,0.0,0.0,0.0,0.0,0.0,0.0,0.0,0.0,0.0,0.0
2014,20361,Ross Dwelley,SF,TE,0,0.0,0.0,0.0,0.0,0.0,0.0,0.0,0.0,0.0,0.0,0.0,0.0,,0.0
2015,20283,Tim Boyle,TEN,QB,0,0.0,0.0,0.0,0.0,0.0,0.0,0.0,0.0,0.0,0.0,0.0,0.0,,0.0
2016,25050,Chris Collier,LV,RB,17,0.0,0.0,0.0,0.0,0.0,0.0,0.0,0.0,0.0,0.0,0.0,0.0,0.0,0.0
2017,26381,TeRah Edwards,LAC,DL,4,0.0,0.0,0.0,0.0,0.0,0.0,0.0,0.0,0.0,0.0,0.0,0.0,0.0,0.0
2018,26377,Jonathan Kim,CHI,K,0,0.0,0.0,0.0,0.0,0.0,0.0,0.0,0.0,0.0,0.0,0.0,0.0,,0.0
2019,20071,Keith Kirkwood,BAL,WR,17,0.0,0.0,0.0,0.0,0.0,0.0,0.0,0.0,0.0,0.0,0.0,0.0,0.0,0.0
2020,20055,Logan Woodside,PIT,QB,17,0.0,0.0,0.0,0.0,0.0,0.0,0.0,0.0,0.0,0.0,0.0,0.0,0.0,0.0
2021,20053,Kyle Allen,DET,QB,17,0.0,0.0,0.0,0.0,0.0,0.0,0.0,0.0,0.0,0.0,0.0,0.0,0.0,0.0
2022,19972,Mike White,BUF,QB,17,0.0,0.0,0.0,0.0,0.0,0.0,0.0,0.0,0.0,0.0,0.0,0.0,0.0,0.0
2023,20325,Greg Joseph,SF,K,0,0.0,0.0,0.0,0.0,0.0,0.0,0.0,0.0,0.0,0.0,0.0,0.0,,0.0
2024,26274,Ben Yurosek,MIN,TE,17,0.0,0.0,0.0,0.0,0.0,0.0,0.0,0.0,0.0,0.0,0.0,0.0,0.0,0.0
2025,26250,Lenny Krieg,ATL,K,17,0.0,0.0,0.0,0.0,0.0,0.0,0.0,0.0,0.0,0.0,0.0,0.0,0.0,0.0
2026,21686,Jalen Reagor,LAC,WR,17,0.0,0.0,0.0,0.0,0.0,0.2,3.3,0.0,0.0,0.0,0.0,0.0,-0.1,-1.5
