player,player_id,position,team_name,player_game_count,block_percent,declined_penalties,franchise_id,grades_offense,grades_pass_block,grades_run_block,hits_allowed,hurries_allowed,non_spike_pass_block,non_spike_pass_block_percentage,pass_block_percent,pbe,penalties,pressures_allowed,sacks_allowed,snap_counts_block,snap_counts_ce,snap_counts_lg,snap_counts_lt,snap_counts_offense,snap_counts_pass_block,snap_counts_pass_play,snap_counts_rg,snap_counts_rt,snap_counts_run_block,snap_counts_te
Terence Steele,39461,T,DAL,17,100.0,3,9,63.6,54.9,70.2,9,37,664,100.0,100.0,95.6,7,52,6,1163,0,0,0,1163,722,722,0,1162,441,0
Drew Dalman,52270,C,CHI,17,100.0,0,6,77.4,69.0,78.9,1,22,643,100.0,100.0,98.1,3,24,1,1154,1154,0,0,1154,687,687,0,0,467,0
Greg Van Roten,7746,G,NYG,17,100.0,0,21,65.4,70.2,61.3,1,22,626,100.0,100.0,97.7,3,26,3,1151,0,0,1,1151,679,679,1146,3,472,0
Joe Thuney,10712,G,CHI,17,100.0,0,6,79.4,88.6,71.0,1,14,642,100.0,100.0,98.8,2,15,0,1149,0,1149,0,1149,686,686,0,0,463,0
Graham Barton,122367,C,TB,17,100.0,4,30,61.9,53.5,66.0,4,27,647,100.0,100.0,96.8,9,36,5,1135,925,0,209,1135,701,701,0,0,434,1
Jonah Jackson,37070,G,CHI,17,100.0,1,6,71.4,63.6,72.4,1,27,629,100.0,100.0,97.3,5,31,3,1133,0,0,0,1133,670,670,1133,0,463,0
Mike McGlinchey,46275,T,DEN,17,100.0,0,10,76.9,67.2,82.7,5,33,677,100.0,100.0,96.9,6,40,2,1129,0,0,0,1129,716,716,0,1121,413,8
O'Cyrus Torrence,102821,G,BUF,17,100.0,0,4,59.8,64.0,54.6,0,29,593,100.0,100.0,97.0,1,32,3,1129,0,0,1,1129,631,631,1126,2,498,0
Garett Bolles,11775,T,DEN,17,99.9,1,10,89.3,90.8,80.7,6,13,674,99.9,99.9,98.6,7,19,0,1125,0,0,1118,1126,713,714,0,0,412,7
Hjalte Froholdt,44959,C,ARZ,17,100.0,2,1,69.4,72.0,66.9,2,17,740,100.0,100.0,98.6,5,20,1,1121,1121,0,0,1121,788,788,0,0,333,0
Coleman Shelton,39316,C,LA,17,100.0,1,26,70.1,49.6,77.6,3,15,624,100.0,100.0,98.2,4,20,2,1119,1119,0,0,1119,663,663,0,0,456,0
Dominick Puni,163815,G,SF,17,100.0,0,28,70.2,63.8,69.1,1,28,629,100.0,100.0,97.5,4,30,1,1119,0,0,0,1119,664,664,1112,7,455,0
Colton McKivitz,29314,T,SF,17,100.0,0,28,83.5,72.2,90.3,8,21,630,100.0,100.0,97.2,5,32,3,1116,0,0,0,1116,665,665,1,1115,451,0
Orlando Brown Jr.,46227,T,CIN,17,100.0,0,7,60.3,62.0,59.8,10,27,691,100.0,100.0,96.0,10,46,9,1110,0,0,1108,1110,733,733,0,0,377,2
Tyler Smith,98385,G,DAL,16,100.0,3,9,73.5,65.4,81.1,0,23,641,100.0,100.0,97.7,11,26,3,1110,0,906,203,1110,700,700,0,0,410,0
Ted Karras,10855,C,CIN,17,100.0,0,7,63.1,70.7,59.4,2,16,691,100.0,100.0,98.6,6,19,1,1110,1110,0,0,1110,733,733,0,0,377,0
Quinn Meinerz,112915,G,DEN,17,100.0,2,10,90.9,70.8,92.1,5,18,669,100.0,100.0,98.0,3,25,2,1109,0,0,0,1109,708,708,1109,0,401,0
Ryan Neuzil,41123,C,ATL,17,100.0,1,2,77.4,59.3,82.1,4,9,589,100.0,100.0,98.7,4,14,1,1096,1096,0,0,1096,627,627,0,0,469,0
Elijah Wilkinson,46238,T,ATL,17,100.0,1,2,62.9,61.0,68.3,9,31,589,100.0,100.0,95.6,12,46,6,1096,0,0,0,1096,627,627,0,1096,469,0
Jon Runyan,36661,G,NYG,16,100.0,1,21,53.0,60.7,49.2,5,24,607,100.0,100.0,97.3,6,31,2,1095,0,1088,3,1095,654,654,0,3,441,0
Creed Humphrey,59996,C,KC,17,100.0,1,16,88.8,84.1,88.5,2,5,692,100.0,100.0,99.3,2,8,1,1093,1093,0,0,1093,742,742,0,0,351,0
Jake Andrews,81868,C,HST,16,100.0,1,13,61.6,67.2,59.5,3,10,605,100.0,100.0,98.8,6,14,1,1093,1093,0,0,1093,656,656,0,0,437,0
Kingsley Suamataia,146558,G,KC,17,100.0,1,16,64.9,65.3,63.7,8,24,676,100.0,100.0,97.2,6,35,3,1090,0,1089,1,1090,724,724,0,0,366,0
Tate Ratledge,124034,G,DET,17,100.0,1,11,70.3,58.5,73.5,9,13,620,100.0,100.0,97.9,7,24,2,1088,0,0,0,1088,648,648,1087,0,440,1
Jermaine Eluemunor,11914,T,NYG,16,100.0,2,21,63.9,76.8,55.2,3,12,586,100.0,100.0,98.0,14,19,4,1088,0,0,2,1088,639,639,1,1083,449,2
Chris Lindstrom,46692,G,ATL,17,100.0,1,2,88.4,62.3,91.7,8,35,585,100.0,100.0,96.2,6,44,1,1086,0,0,0,1086,623,623,1086,0,463,0
Aireontae Ersery,129649,T,HST,16,100.0,3,13,59.3,64.9,51.8,11,25,612,100.0,100.0,95.9,11,43,7,1082,0,0,1023,1082,664,664,0,59,418,0
Joel Bitonio,8670,G,CLV,17,100.0,0,8,70.7,75.7,64.4,1,28,642,100.0,100.0,97.4,1,31,2,1081,0,1079,0,1081,686,686,1,0,395,0
Mike Onwenu,27357,G,NE,17,100.0,0,19,78.2,78.2,74.2,1,18,610,100.0,100.0,98.1,3,21,2,1080,0,0,0,1080,648,648,1080,0,432,0
Darnell Wright,98480,T,CHI,16,100.0,0,6,81.4,74.3,85.6,3,13,597,100.0,100.0,98.2,12,19,3,1074,0,0,0,1074,638,638,0,1073,436,1
Zion Johnson,99681,G,LAC,16,100.0,1,27,57.2,61.1,53.4,7,16,632,100.0,100.0,97.7,4,26,3,1071,0,1070,0,1071,663,663,1,0,408,0
Garrett Bradbury,46013,C,NE,17,100.0,0,19,60.1,63.1,56.2,4,16,605,100.0,100.0,98.3,0,20,0,1070,1070,0,0,1070,642,642,0,0,428,0
Kelvin Banks Jr.,163839,T,NO,17,99.9,2,20,73.5,70.4,76.1,7,34,636,99.8,99.9,96.0,12,46,5,1065,0,0,1055,1066,680,681,0,0,385,9
Jake Matthews,8641,T,ATL,17,99.9,0,2,69.7,82.4,54.7,9,24,572,99.8,99.8,96.1,7,39,6,1061,0,0,1060,1062,609,610,0,0,452,2
Abraham Lucas,60218,T,SEA,17,100.0,1,29,75.6,69.7,76.8,2,26,525,100.0,100.0,96.6,4,32,4,1060,0,0,0,1060,562,562,0,1060,498,0
Bradley Bozeman,27934,C,LAC,16,100.0,1,27,51.5,48.7,51.1,6,22,623,100.0,100.0,97.4,2,30,2,1058,1058,0,0,1058,654,654,0,0,404,0
Ezra Cleveland,41973,G,JAX,16,100.0,2,15,68.5,71.4,64.6,2,18,613,100.0,100.0,97.7,3,24,4,1057,0,1057,0,1057,650,650,0,0,407,0
Peter Skoronski,129737,G,TEN,17,100.0,1,31,79.0,84.5,73.2,1,20,651,100.0,100.0,98.1,4,23,2,1055,0,1054,1,1055,694,694,0,0,361,0
Josh Conerly Jr.,163291,T,WAS,17,100.0,4,32,59.9,57.8,63.5,3,32,566,100.0,100.0,95.5,13,43,8,1054,0,0,6,1054,625,625,0,1048,429,0
Grey Zabel,125314,G,SEA,17,100.0,0,29,57.3,58.6,56.3,4,18,517,100.0,100.0,97.5,5,24,2,1050,0,1050,0,1050,553,553,0,0,497,0
Amarius Mims,146719,T,CIN,17,100.0,1,7,67.6,66.6,64.8,4,27,654,100.0,100.0,97.0,4,35,4,1050,0,0,0,1050,694,694,0,1049,356,1
Alaric Jackson,40972,T,LA,16,100.0,1,26,82.9,74.8,84.3,9,25,582,100.0,100.0,96.4,4,38,4,1050,0,0,1050,1050,618,618,0,0,432,0
Josh Myers,59992,C,NYJ,17,100.0,1,22,52.9,62.9,51.7,4,21,608,100.0,100.0,97.5,7,28,3,1046,1045,0,0,1046,640,640,0,0,406,0
Armand Membou,125008,T,NYJ,17,100.0,3,22,72.7,73.8,72.1,1,24,607,100.0,100.0,96.6,11,33,8,1045,0,0,0,1045,639,639,0,1042,406,2
Joe Tippmann,101568,G,NYJ,17,100.0,0,22,66.0,69.0,66.7,5,18,607,100.0,100.0,97.1,7,29,6,1045,0,0,0,1045,639,639,1044,0,406,0
Quenton Nelson,12954,G,IND,17,100.0,0,14,84.7,73.2,84.5,2,12,593,100.0,100.0,98.7,2,15,1,1039,0,1039,0,1039,637,637,0,0,402,0
Olumuyiwa Fashanu,129777,T,NYJ,17,100.0,1,22,69.2,74.5,57.1,5,28,604,100.0,100.0,96.3,3,39,6,1038,0,0,1036,1038,634,634,0,0,404,1
Anthony Bradford,99103,G,SEA,17,100.0,0,29,50.6,40.8,54.7,5,20,523,100.0,100.0,97.0,4,28,3,1037,0,0,0,1037,560,560,1037,0,477,0
Connor McGovern,41714,C,BUF,16,100.0,1,4,69.1,73.4,65.3,2,12,557,100.0,100.0,98.7,5,14,0,1037,1037,0,0,1037,593,593,0,0,444,0
David Edwards,35941,G,BUF,16,100.0,0,4,71.4,73.0,69.0,1,23,558,100.0,100.0,97.3,3,27,3,1035,0,1035,0,1035,594,594,0,0,441,0
Morgan Moses,8701,T,NE,17,100.0,1,19,74.0,69.8,77.1,5,23,585,100.0,100.0,97.4,8,29,1,1032,0,0,0,1032,621,621,0,1032,411,0
Mason McCormick,78326,G,PIT,17,100.0,0,25,71.0,71.5,66.7,2,19,596,100.0,100.0,97.6,1,25,4,1031,0,0,0,1031,634,634,1031,0,397,0
Troy Fautanu,100521,T,PIT,17,100.0,1,25,66.6,70.9,56.3,4,19,596,100.0,100.0,97.7,3,25,2,1031,0,0,0,1031,634,634,0,1029,397,2
Zach Frazier,123419,C,PIT,17,100.0,0,25,73.5,74.7,71.6,3,6,596,100.0,100.0,99.1,3,10,1,1028,1028,0,0,1028,634,634,0,0,394,0
Tytus Howard,25472,T,HST,16,100.0,3,13,62.8,77.1,50.8,1,20,558,100.0,100.0,98.1,8,21,0,1021,0,334,0,1021,609,609,132,555,412,0
Roger Rosengarten,131912,T,BLT,17,100.0,1,3,74.5,73.3,74.8,4,21,501,100.0,100.0,96.9,6,28,3,1014,0,0,4,1014,536,536,0,1010,478,0
John Simpson,41715,G,NYJ,17,100.0,0,22,56.9,62.0,56.7,5,19,587,100.0,100.0,97.1,10,29,5,1014,0,1013,0,1014,618,618,0,0,396,0
Daniel Faalele,81734,G,BLT,17,100.0,2,3,56.7,60.0,53.5,3,23,500,100.0,100.0,96.6,5,30,4,1011,0,0,0,1011,535,535,1011,0,476,0
Matt Goncalves,99680,G,IND,16,100.0,0,14,65.9,62.7,65.9,10,22,564,100.0,100.0,96.8,5,34,2,1008,0,0,0,1008,603,603,949,59,405,0
Tyler Steen,81921,G,PHI,17,100.0,1,24,71.6,74.0,71.8,1,33,555,100.0,100.0,96.6,9,36,2,1008,0,0,0,1008,589,589,1008,0,419,0
Tyler Linderbaum,82291,C,BLT,17,100.0,2,3,79.8,63.4,83.2,1,23,501,100.0,100.0,97.2,5,26,2,1007,1007,0,0,1007,536,536,0,0,471,0
Luke Wattenberg,41024,C,DEN,15,100.0,2,10,70.9,71.0,74.4,3,10,603,100.0,100.0,98.9,8,13,0,1006,1006,0,0,1006,641,641,0,0,365,0
Tyler Booker,157001,G,DAL,14,100.0,1,9,72.0,62.4,76.8,6,16,575,100.0,100.0,97.6,7,25,3,1003,0,0,0,1003,631,631,1002,0,372,0
Penei Sewell,81788,T,DET,16,100.0,0,11,95.1,80.3,96.7,6,11,573,100.0,100.0,98.2,2,19,2,998,0,0,3,998,601,601,1,988,397,6
Trent Williams,5529,T,SF,16,100.0,0,28,91.5,79.9,92.8,8,20,561,100.0,100.0,96.8,4,32,4,996,0,0,996,996,593,593,0,0,403,0
DJ Glaze,129511,T,LV,17,100.0,2,23,60.6,63.3,54.9,6,32,600,100.0,100.0,95.2,5,48,10,992,0,0,0,992,639,639,0,992,353,0
Will Fries,41530,G,MIN,17,100.0,0,18,61.8,62.9,60.2,4,30,574,100.0,100.0,96.5,3,37,3,989,0,0,0,989,612,612,989,0,377,0
Damien Lewis,81532,G,CAR,16,100.0,1,5,75.7,78.5,73.1,3,10,551,100.0,100.0,98.6,6,14,1,987,0,987,0,987,591,591,0,0,396,0
Rasheed Walker,81798,T,GB,16,100.0,2,12,64.6,70.0,55.4,1,28,539,100.0,100.0,96.4,9,34,5,986,0,0,986,986,572,572,0,0,414,0
Bernhard Raimann,77948,T,IND,16,99.9,2,14,82.0,78.9,78.7,2,21,549,99.8,99.8,96.4,8,31,8,985,0,0,985,986,590,591,0,0,395,1
Jonah Savaiinaea,158742,G,MIA,17,100.0,1,17,28.4,14.1,37.2,5,32,549,100.0,100.0,95.2,5,45,8,982,0,982,0,982,579,579,0,0,403,0
Patrick Paul,101019,T,MIA,17,100.0,2,17,66.2,74.4,58.5,2,19,548,100.0,100.0,97.4,9,25,4,975,0,0,975,975,578,578,0,0,397,0
Jordan Mailata,66916,T,PHI,16,99.9,1,24,83.4,80.4,79.9,4,21,529,99.8,99.8,97.3,7,27,2,971,0,0,961,972,563,564,0,0,408,11
Anton Harrison,122929,T,JAX,15,100.0,0,15,71.8,75.6,64.4,3,31,571,100.0,100.0,96.8,6,35,1,971,0,0,0,971,608,608,0,970,363,1
Andrew Vorhees,60818,G,BLT,17,100.0,0,3,54.6,53.0,54.3,8,17,479,100.0,100.0,96.8,3,28,3,969,0,969,0,969,513,513,0,0,456,0
Walker Little,52287,T,JAX,15,100.0,2,15,62.7,63.5,63.7,6,32,546,100.0,100.0,94.9,10,47,9,967,0,0,785,967,585,585,181,0,382,1
Dylan Fairchild,146716,G,CIN,15,100.0,0,7,59.1,67.5,54.3,5,24,595,100.0,100.0,97.2,6,31,2,961,0,961,0,961,629,629,0,0,332,0
Dion Dawkins,11818,T,BUF,15,100.0,0,4,74.1,81.8,66.0,1,26,528,100.0,100.0,96.3,10,33,6,957,0,0,957,957,564,564,0,0,393,0
Tyler Biadasz,41178,C,WAS,16,100.0,0,32,70.8,67.1,71.3,0,18,522,100.0,100.0,97.7,3,21,3,954,954,0,0,954,572,572,0,0,382,0
Robert Hainsey,59980,C,JAX,15,100.0,0,15,62.5,57.1,67.8,3,19,538,100.0,100.0,97.4,6,25,3,950,950,0,0,950,578,578,0,0,372,0
Jake Brendel,11117,C,SF,15,100.0,1,28,70.4,59.0,74.1,4,19,544,100.0,100.0,97.9,4,23,0,950,950,0,0,950,577,577,0,0,373,0
Dan Moore Jr.,60120,T,TEN,16,99.9,4,31,61.9,62.5,59.1,7,33,585,99.8,99.8,95.2,7,48,8,947,0,0,945,948,620,621,0,0,327,3
Ikem Ekwonu,98286,T,CAR,15,100.0,2,5,70.6,67.3,70.5,6,29,512,100.0,100.0,95.6,7,40,5,942,0,0,942,942,550,550,0,0,392,0
Tanor Bortolini,129915,C,IND,16,100.0,0,14,82.6,66.2,88.2,5,12,526,100.0,100.0,98.4,4,17,0,937,937,0,0,937,566,566,0,0,371,0
Ed Ingram,59819,G,HST,14,100.0,0,13,71.5,55.2,75.7,4,16,500,100.0,100.0,97.2,3,24,4,929,0,0,0,929,546,546,929,0,383,0
Chris Paul,77579,G,WAS,16,100.0,0,32,49.5,77.4,38.2,2,13,486,100.0,100.0,98.0,2,17,2,926,0,926,0,926,536,536,0,0,390,0
Lloyd Cushenberry III,41924,C,TEN,15,100.0,1,31,55.2,65.5,51.2,4,15,570,100.0,100.0,97.3,5,25,6,921,921,0,0,921,608,608,0,0,313,0
Aaron Brewer,46014,C,MIA,16,100.0,3,17,87.4,71.2,91.5,1,10,520,100.0,100.0,98.7,9,12,1,912,912,0,0,912,549,549,0,0,363,0
Matthew Bergeron,99658,G,ATL,15,100.0,0,2,70.8,65.7,71.3,7,20,490,100.0,100.0,97.0,3,28,1,912,0,912,0,912,519,519,0,0,393,0
Kevin Zeitler,7032,G,TEN,16,100.0,0,31,74.5,75.4,70.8,2,10,553,100.0,100.0,98.2,4,16,4,909,0,0,0,909,590,590,909,0,319,0
Taylor Moton,11819,T,CAR,15,100.0,0,5,80.5,76.5,81.9,4,15,521,100.0,100.0,97.6,5,22,3,901,0,0,0,901,558,558,0,901,343,0
Taylor Decker,10650,T,DET,14,100.0,1,11,67.9,69.5,62.1,3,28,525,100.0,100.0,96.7,5,33,2,894,0,0,889,894,551,551,0,4,343,1
Kevin Dotson,46735,G,LA,15,100.0,0,26,86.4,67.7,89.3,4,13,490,100.0,100.0,97.7,2,20,3,885,0,0,0,885,521,521,885,0,364,0
Graham Glasgow,10729,C,DET,14,100.0,0,11,56.8,61.3,54.3,8,10,495,100.0,100.0,98.0,2,19,1,873,873,0,0,873,517,517,0,0,356,0
Patrick Mekari,46219,G,JAX,14,100.0,1,15,52.1,51.8,55.1,3,26,499,100.0,100.0,96.7,9,31,2,869,0,0,0,869,533,533,869,0,336,0
Ronnie Stanley,10640,T,BLT,16,100.0,2,3,70.9,72.8,68.0,4,20,416,100.0,100.0,96.2,7,28,4,857,0,0,846,857,447,447,0,0,410,9
Cesar Ruiz,59857,G,NO,14,100.0,0,20,55.1,73.1,44.7,2,14,508,100.0,100.0,97.8,4,19,3,856,0,0,0,856,546,546,856,0,310,0
Spencer Brown,42296,T,BUF,14,100.0,0,4,76.6,61.3,85.3,4,30,461,100.0,100.0,95.9,4,36,2,846,0,0,5,846,493,493,3,838,353,0
Dylan Parham,60953,G,LV,15,100.0,0,23,63.6,62.3,63.1,5,17,517,100.0,100.0,96.7,5,28,6,843,0,843,0,843,552,552,0,0,291,0
Landon Dickerson,41712,G,PHI,15,100.0,0,24,67.2,60.3,68.3,7,20,441,100.0,100.0,95.8,5,32,5,835,0,835,0,835,468,468,0,0,367,0
Steve Avila,77319,G,LA,13,100.0,1,26,76.8,70.6,74.1,5,8,449,100.0,100.0,98.3,1,14,1,835,0,835,0,835,475,475,0,0,360,0
Ethan Pocic,11813,C,CLV,13,100.0,0,8,63.8,62.2,63.2,3,9,481,100.0,100.0,98.3,2,14,2,826,826,0,0,826,518,518,0,0,308,0
Charles Cross,98401,T,SEA,14,100.0,1,29,73.2,76.9,66.7,4,18,421,100.0,100.0,96.9,5,24,2,821,0,0,820,821,450,450,0,0,371,1
Taliese Fuaga,131732,T,NO,13,100.0,2,20,64.5,66.2,63.5,5,19,494,100.0,100.0,96.8,7,28,4,814,0,0,0,814,530,530,0,812,284,2
Sean Rhyan,72009,C,GB,15,100.0,1,12,58.5,36.8,66.7,8,19,434,100.0,100.0,96.7,5,28,1,808,456,56,0,808,462,462,295,1,346,0
Cole Strange,22976,G,MIA,14,100.0,0,17,54.9,42.2,57.0,3,16,435,100.0,100.0,97.4,1,21,2,808,0,0,0,808,457,457,808,0,351,0
Paris Johnson Jr.,129749,T,ARZ,12,100.0,1,1,76.6,77.1,72.9,8,21,527,100.0,100.0,96.3,7,34,5,807,0,0,803,807,565,565,0,0,242,4
Laremy Tunsil,10647,T,WAS,14,100.0,3,32,84.7,88.9,75.3,2,11,445,100.0,100.0,98.1,8,15,2,802,0,0,792,802,491,491,0,0,311,10
Andrew Thomas,59701,T,NYG,13,100.0,1,21,90.3,87.3,84.5,2,10,416,100.0,100.0,98.3,3,13,1,802,0,3,794,802,449,449,0,0,353,5
Cam Jurgens,84014,C,PHI,14,100.0,2,24,63.4,60.9,65.6,1,10,454,100.0,100.0,98.8,5,11,0,800,800,0,0,800,484,484,0,0,316,0
Donovan Jackson,145064,G,MIN,14,100.0,0,18,59.4,65.7,57.2,5,19,440,100.0,100.0,96.8,4,26,2,795,0,795,0,795,468,468,0,0,327,0
JC Latham,146596,T,TEN,13,100.0,1,31,65.5,68.0,71.2,1,24,482,100.0,100.0,95.7,14,33,8,790,0,0,2,790,511,511,0,788,279,0
John Michael Schmitz Jr.,55238,C,NYG,13,100.0,0,21,60.8,60.9,63.2,1,12,432,100.0,100.0,98.3,4,14,1,788,788,0,0,788,467,467,0,0,321,0
Jared Wilson,146717,G,NE,13,100.0,0,19,49.9,62.2,42.8,7,17,460,100.0,100.0,96.5,3,28,4,784,0,783,0,784,486,486,1,0,298,0
Will Campbell,157106,T,NE,13,100.0,1,19,72.5,76.1,67.7,5,16,449,100.0,100.0,96.5,7,26,5,782,0,1,779,782,476,476,0,0,306,2
Tristan Wirfs,64818,T,TB,12,99.9,1,30,92.7,84.9,91.6,4,17,441,99.8,99.8,97.2,5,23,2,777,0,0,777,778,474,475,0,1,303,0
Isaac Seumalo,10713,G,PIT,14,100.0,0,25,74.8,78.5,68.2,1,11,438,100.0,100.0,97.9,0,15,3,770,0,770,0,770,465,465,0,0,305,0
Evan Brown,38709,G,ARZ,11,100.0,0,1,54.3,60.2,49.0,5,28,503,100.0,100.0,96.5,4,34,1,770,0,770,0,770,539,539,0,0,231,0
Cooper Beebe,99434,C,DAL,11,100.0,0,9,67.9,63.7,68.4,3,12,442,100.0,100.0,98.1,1,16,1,767,767,0,0,767,484,484,0,0,283,0
Dalton Risner,47008,G,CIN,14,100.0,0,7,69.4,71.5,69.0,4,11,475,100.0,100.0,98.0,4,17,2,767,0,142,0,767,503,503,625,0,264,0
Braden Smith,46794,T,IND,13,100.0,2,14,65.3,71.9,58.0,6,19,437,100.0,100.0,96.9,6,26,1,766,0,0,0,766,471,471,0,765,295,1
Wyatt Teller,46131,G,CLV,13,100.0,0,8,62.2,53.1,65.7,1,20,451,100.0,100.0,97.0,4,24,3,765,0,0,0,765,488,488,765,0,277,0
Isaiah Adams,158192,G,ARZ,14,100.0,1,1,56.7,65.6,55.7,0,21,506,100.0,100.0,97.5,7,23,2,763,0,68,0,763,539,539,694,0,224,1
Jawaan Taylor,41665,T,KC,12,100.0,3,16,53.3,67.3,43.8,5,12,479,100.0,100.0,97.6,13,20,3,760,0,0,0,760,517,517,0,760,243,0
Cam Robinson,11789,T,CLV,14,100.0,4,8,48.2,56.2,48.3,11,21,443,100.0,100.0,94.6,14,40,8,755,0,0,749,755,472,472,0,0,283,5
Jordan Morgan,98652,G,GB,14,100.0,0,12,59.0,64.3,57.8,2,18,396,100.0,100.0,96.5,5,24,4,748,0,191,51,748,424,424,358,148,324,0
Aaron Banks,59983,G,GB,14,100.0,0,12,53.5,52.2,54.6,3,22,411,100.0,100.0,96.5,4,27,2,746,0,741,0,746,435,435,2,3,311,0
Mekhi Becton,59818,G,LAC,14,100.0,1,27,35.7,45.2,34.3,7,27,426,100.0,100.0,95.3,5,37,3,734,0,1,0,734,444,444,733,0,290,0
Jalen Sundell,91396,C,SEA,13,100.0,1,29,64.1,65.7,62.4,2,9,377,100.0,100.0,98.5,4,11,0,734,734,0,0,734,407,407,0,0,327,0
Brian O'Neill,46854,T,MIN,14,100.0,0,18,81.6,76.4,84.5,1,18,420,100.0,100.0,97.3,6,21,2,734,0,0,0,734,446,446,0,734,288,0
Cade Mays,81995,C,CAR,13,100.0,0,5,62.4,69.4,58.5,3,8,399,100.0,100.0,98.6,2,11,0,726,726,0,0,726,429,429,0,0,297,0
Michael Jordan,28021,G,TB,11,100.0,1,30,49.7,71.0,39.3,2,21,427,100.0,100.0,96.8,2,25,2,718,0,648,0,718,464,464,69,0,254,1
Stone Forsythe,41795,T,LV,16,100.0,1,23,55.4,53.9,56.1,5,25,437,100.0,100.0,94.1,5,41,11,704,0,0,694,704,465,465,0,1,239,9
Christian Mahogany,98261,G,DET,11,100.0,0,11,59.1,40.7,67.2,5,16,391,100.0,100.0,95.8,2,27,6,699,0,699,0,699,407,407,0,0,292,0
Dillon Radunz,30551,G,NO,11,100.0,1,20,47.9,62.7,49.0,2,20,408,100.0,100.0,97.1,7,23,1,699,0,693,0,699,438,438,6,0,261,0
Luke Fortner,42028,C,NO,15,100.0,0,20,66.5,72.5,65.3,0,8,418,100.0,100.0,98.3,3,11,3,678,675,0,0,678,442,442,0,0,236,2
Luke Goedeke,77548,T,TB,11,100.0,1,30,75.8,78.9,73.0,0,22,384,100.0,100.0,97.1,7,22,0,676,0,0,0,676,416,416,0,675,260,1
Jordan Meredith,60235,C,LV,11,100.0,2,23,57.7,48.5,61.2,2,14,410,100.0,100.0,97.1,4,20,4,676,539,0,0,676,439,439,137,0,237,0
Austin Corbett,46290,G,CAR,12,100.0,0,5,67.8,62.7,66.7,1,10,385,100.0,100.0,98.1,1,13,2,673,334,71,0,673,405,405,268,0,268,0
Dan Feeney,11826,G,TB,11,100.0,1,30,54.1,60.1,49.2,1,16,369,100.0,100.0,96.6,1,21,4,668,0,0,0,668,399,399,665,0,269,2
Warren McClendon Jr.,99081,T,LA,10,100.0,0,26,83.5,73.9,86.7,1,10,381,100.0,100.0,98.3,1,12,1,667,0,0,0,667,408,408,0,667,259,0
Kelvin Beachum,7229,T,ARZ,15,100.0,0,1,51.6,54.6,49.0,3,40,428,100.0,100.0,93.8,7,48,5,667,0,0,66,667,451,451,0,525,216,74
Trey Smith,62960,G,KC,12,100.0,0,16,68.5,75.1,63.0,2,13,427,100.0,100.0,98.0,3,16,1,665,0,0,0,665,459,459,665,0,206,0
Larry Borom,59879,T,MIA,14,100.0,0,17,60.7,67.1,54.4,3,10,380,100.0,100.0,97.8,5,15,2,664,0,0,0,664,404,404,0,664,260,0
Alex Palczewski,59738,G,DEN,16,99.8,1,10,53.7,53.4,53.3,3,17,381,99.7,99.8,97.1,3,21,1,664,0,614,2,665,404,405,0,5,260,44
KT Leveston,77487,T,CLV,13,99.8,1,8,54.3,43.3,67.7,9,18,392,100.0,99.8,95.0,10,33,6,652,0,0,181,653,413,414,0,464,239,6
Tyler Guyton,123076,T,DAL,10,100.0,0,9,57.5,50.0,64.9,6,23,384,100.0,100.0,95.7,7,31,2,650,0,0,648,650,418,418,0,0,232,2
Cole Van Lanen,41583,T,JAX,12,100.0,0,15,78.7,76.9,75.8,5,16,329,100.0,100.0,96.5,4,22,1,632,0,72,356,632,352,352,46,133,280,24
Broderick Jones,124025,T,PIT,11,100.0,0,25,57.7,59.0,50.6,6,11,356,100.0,100.0,95.9,1,23,6,632,0,0,632,632,380,380,0,0,252,0
Fred Johnson,46951,T,PHI,15,99.8,0,24,58.6,64.2,55.5,0,16,324,99.7,99.7,96.9,5,18,2,625,0,0,67,626,348,349,0,521,277,38
Ben Bredeson,27305,G,TB,11,100.0,0,30,53.4,76.0,44.1,0,19,356,100.0,100.0,97.1,3,20,1,622,210,412,0,622,384,384,0,0,238,0
Trey Pipkins III,91462,T,LAC,12,100.0,0,27,47.2,58.0,42.7,3,20,352,100.0,100.0,95.6,7,27,4,606,0,0,15,606,376,376,0,591,230,0
Zach Tom,55443,T,GB,12,100.0,1,12,83.5,78.5,81.9,1,15,334,100.0,100.0,97.6,1,16,0,604,0,3,1,604,351,351,2,598,253,0
Blake Brandel,46282,C,MIN,15,100.0,1,18,61.4,67.6,61.9,6,10,370,100.0,100.0,97.0,6,19,3,604,363,141,22,604,395,395,0,76,209,2
Jonah Williams,41651,T,ARZ,9,100.0,0,1,55.4,53.5,56.9,5,13,364,100.0,100.0,96.4,5,22,4,592,0,0,3,592,391,391,0,589,201,0
Justin Skule,38951,T,MIN,12,100.0,0,18,65.7,63.2,61.2,6,16,331,100.0,100.0,94.6,3,29,7,578,0,0,462,578,356,356,0,116,222,0
Theo Benedet,169632,T,CHI,15,99.3,0,6,57.4,55.4,65.7,1,23,309,98.7,98.8,95.5,7,26,2,572,0,0,522,576,329,333,0,39,243,13
Trevor Penning,59963,G,LAC,13,99.8,1,27,53.5,52.5,56.9,0,21,321,99.7,99.7,95.2,8,26,5,550,0,358,47,551,345,346,90,1,205,47
Sam Cosmi,60114,G,WAS,9,100.0,0,32,76.3,73.0,72.3,0,9,305,100.0,100.0,97.9,1,11,2,545,0,0,0,545,325,325,545,0,220,0
Elgton Jenkins,46298,C,GB,9,100.0,0,12,62.0,72.5,60.6,2,6,293,100.0,100.0,98.0,4,10,2,538,537,0,0,538,310,310,1,0,228,0
Alex Cappa,66578,C,LV,13,99.8,0,23,53.5,57.6,53.0,4,14,326,99.7,99.7,95.7,3,23,5,537,347,0,0,538,349,350,187,0,188,4
Josh Simmons,88924,T,KC,8,100.0,2,16,62.7,75.5,48.1,2,14,337,100.0,100.0,97.0,8,18,2,526,0,0,525,526,367,367,0,0,159,1
Austin Deculus,59821,T,LAC,13,100.0,1,27,36.5,33.1,46.9,11,19,325,100.0,100.0,93.2,5,37,7,516,0,0,476,516,342,342,0,22,174,18
Bobby Hart,9659,T,LAC,9,100.0,0,27,50.2,57.4,45.3,2,17,310,100.0,100.0,96.3,5,21,2,514,0,0,36,514,322,322,0,476,192,2
Christian Darrisaw,77373,T,MIN,10,100.0,1,18,65.6,71.3,69.8,4,13,305,100.0,100.0,96.6,8,19,2,504,0,0,500,504,325,325,0,0,179,4
Justin Dedich,83018,G,LA,9,100.0,1,26,62.1,36.5,70.8,4,15,282,100.0,100.0,96.3,2,20,1,496,12,270,0,496,302,302,214,0,194,0
Ozzy Trapilo,123552,T,CHI,11,99.8,0,6,69.9,71.5,63.6,3,10,265,100.0,99.6,96.8,2,15,2,490,0,0,420,491,282,283,0,40,208,28
Anthony Belton,143985,G,GB,11,100.0,0,12,49.7,43.3,51.9,2,21,243,100.0,100.0,95.3,2,23,0,487,0,2,6,487,258,258,392,86,229,1
Trent Brown,9677,T,HST,7,100.0,0,13,68.6,64.2,71.3,3,7,266,100.0,100.0,97.7,5,11,1,479,0,0,0,479,288,288,0,479,191,0
Jalen Rivers,122221,G,CIN,11,100.0,0,7,31.0,23.8,34.8,4,21,306,100.0,100.0,95.3,1,27,2,476,0,6,0,476,328,328,469,0,148,1
Brock Hoffman,54535,C,DAL,10,100.0,0,9,56.0,58.4,56.9,4,7,267,100.0,100.0,97.6,2,12,1,475,419,55,0,475,285,285,0,0,190,0
Charlie Heck,36501,T,TB,14,100.0,0,30,45.2,48.0,44.0,0,29,264,100.0,100.0,93.4,2,32,3,473,0,0,1,473,289,289,0,458,184,14
Ben Powers,41482,G,DEN,8,100.0,0,10,62.4,60.7,62.0,1,10,274,100.0,100.0,98.0,2,11,0,465,0,465,0,465,290,290,0,0,175,0
Rob Havenstein,9490,T,LA,7,100.0,0,26,56.4,45.2,63.5,6,15,243,100.0,100.0,95.3,1,22,1,461,0,0,0,461,255,255,0,461,206,0
Spencer Burford,81920,G,SF,10,100.0,1,28,58.9,48.5,62.6,2,17,255,100.0,100.0,95.5,2,21,2,458,0,457,1,458,266,266,0,0,192,0
Connor Colby,144862,G,SF,10,100.0,0,28,50.7,33.7,62.5,6,11,266,100.0,100.0,95.7,4,20,3,451,0,447,0,451,281,281,4,0,170,0
Lane Johnson,7786,T,PHI,10,100.0,0,24,77.4,80.4,69.8,0,7,251,100.0,100.0,98.6,3,7,0,449,0,0,5,449,262,262,0,444,187,0
Jamaree Salyer,81656,T,LAC,10,100.0,0,27,62.6,69.1,61.5,4,11,258,100.0,100.0,95.5,6,19,4,449,0,0,250,449,273,273,157,42,176,0
Erik McCoy,37347,C,NO,7,100.0,1,20,67.9,84.1,62.2,1,2,253,100.0,100.0,99.4,3,3,0,449,449,0,0,449,276,276,0,0,173,0
Sam Darnold,29048,QB,SEA,17,43.3,0,29,79.3,,60.7,0,0,0,0.0,0.0,,5,0,0,444,0,0,0,1025,0,560,0,0,444,0
Charlie Woerner,42257,TE,ATL,17,76.3,1,2,56.4,58.3,59.2,1,7,85,40.3,41.0,95.3,1,8,0,431,0,0,0,565,93,227,0,0,338,315
AJ Barner,129433,TE,SEA,17,52.1,1,29,74.4,65.4,62.4,0,5,74,17.2,16.8,95.3,6,6,1,430,0,0,0,826,78,463,0,0,352,708
Matthew Stafford,4924,QB,LA,17,38.5,0,26,93.5,,60.0,0,0,0,0.0,0.0,,5,0,0,430,0,0,0,1116,0,663,0,0,430,0
Cade Otton,61071,TE,TB,16,43.1,0,30,57.4,71.3,56.1,0,1,54,9.3,9.4,99.1,5,1,0,428,0,0,0,994,59,625,0,1,369,468
Adam Trautman,109795,TE,DEN,17,65.6,1,10,57.4,68.4,54.6,1,2,84,28.4,28.9,97.0,7,4,1,428,0,0,1,652,91,315,0,3,337,500
Jaylon Moore,43678,T,KC,13,100.0,0,16,63.1,57.1,62.9,2,22,243,100.0,100.0,93.8,0,27,3,427,0,0,283,427,257,257,0,132,170,12
Caleb Williams,144622,QB,CHI,17,37.2,0,6,75.4,,60.2,0,0,0,0.0,0.0,,10,0,0,425,0,0,0,1143,0,683,0,0,425,0
Mike Caliendo,41446,G,KC,13,100.0,1,16,54.7,42.7,63.8,4,15,241,100.0,100.0,95.2,4,21,2,423,3,22,0,423,259,259,384,0,164,14
Jared Goff,10635,QB,DET,17,38.6,0,11,77.7,,60.7,0,0,0,0.0,0.0,,5,0,0,418,0,0,0,1084,0,653,0,0,418,0
Theo Johnson,129787,TE,NYG,15,46.8,0,21,57.9,41.0,51.0,1,3,60,12.3,12.6,95.0,3,5,1,408,0,0,1,872,67,531,0,0,341,414
Baker Mayfield,46518,QB,TB,17,37.0,0,30,70.0,,60.1,0,0,0,0.0,0.0,,5,0,0,407,0,0,0,1100,0,681,0,0,407,0
Cole Kmet,60995,TE,CHI,16,52.9,0,6,65.1,69.3,64.8,0,4,72,17.6,17.4,97.2,3,4,0,407,0,0,0,769,76,438,1,1,331,526
Will Hernandez,46180,G,ARZ,7,100.0,0,1,45.3,47.1,47.1,5,12,253,100.0,100.0,95.8,2,19,2,396,0,0,0,396,268,268,396,0,128,0
Dak Prescott,10769,QB,DAL,17,34.8,0,9,86.9,,60.2,0,0,0,0.0,0.0,,5,0,0,395,0,0,0,1135,0,712,0,0,395,0
Brandon Coleman,123068,T,WAS,12,99.7,0,32,64.6,60.9,69.0,1,10,200,99.5,99.5,97.2,5,11,0,389,0,128,242,390,221,222,0,0,168,20
Kyle Pitts,83964,TE,ATL,17,40.4,0,2,73.6,81.3,43.0,0,1,21,3.7,3.9,97.6,7,1,0,388,0,0,0,961,23,596,0,0,365,549
Jackson Hawes,109374,TE,BUF,17,78.9,0,4,85.2,78.7,74.0,0,0,42,29.8,29.5,100.0,0,0,0,384,0,0,0,487,43,146,0,0,341,404
Jack Conklin,10642,T,CLV,8,100.0,0,8,57.4,44.8,67.1,3,17,204,100.0,100.0,93.1,3,24,4,383,0,0,0,383,224,224,0,381,159,2
Wan'Dale Robinson,101735,WR,NYG,16,39.3,1,21,70.2,39.6,67.1,0,1,1,0.2,0.2,50.0,4,1,0,382,0,0,0,973,1,589,0,0,381,0
Josh Allen,46601,QB,BUF,17,36.8,0,4,87.4,,60.0,0,0,0,0.0,0.0,,4,0,0,381,0,0,0,1034,0,592,0,0,381,0
Hunter Henry,10669,TE,NE,17,43.8,0,19,76.4,62.5,54.2,0,2,55,10.7,10.5,94.5,3,4,2,380,0,0,1,868,57,545,0,0,323,423
Trevor Lawrence,77632,QB,JAX,17,34.2,0,15,84.7,,60.8,0,0,0,0.0,0.0,,9,0,0,380,0,0,0,1112,0,690,0,0,380,0
Davis Allen,99697,TE,LA,17,64.4,0,26,62.0,67.9,63.0,1,0,44,18.6,19.1,98.9,4,1,0,377,0,0,0,585,49,257,0,0,328,401
Spencer Anderson,81719,G,PIT,16,96.9,0,25,56.8,60.7,59.6,2,8,171,93.4,93.8,97.1,2,10,0,369,0,193,2,381,182,194,0,0,187,155
DJ Moore,48267,WR,CHI,17,37.7,0,6,65.8,74.7,62.7,0,0,2,0.4,0.3,100.0,8,0,0,369,0,0,0,979,2,599,0,0,367,0
Drake Maye,143969,QB,NE,17,35.1,0,19,90.1,,60.4,0,0,0,0.0,0.0,,2,0,0,368,0,0,0,1049,0,638,0,0,368,0
Bo Nix,97790,QB,DEN,17,32.3,1,10,75.0,,60.3,0,0,0,0.0,0.0,,8,0,0,367,0,0,0,1137,0,720,0,0,367,0
Colby Parkinson,52266,TE,LA,15,58.9,1,26,74.9,54.3,67.4,1,1,71,22.5,23.0,98.6,3,2,0,366,0,0,0,621,76,331,0,0,290,530
Bryce Young,123943,QB,CAR,16,37.8,1,5,70.5,,60.2,0,0,0,0.0,0.0,,6,0,0,364,0,0,0,963,0,579,0,0,364,0
Brett Toth,46848,G,PHI,11,100.0,0,24,73.6,59.7,75.6,1,10,199,100.0,100.0,96.2,2,13,2,363,164,199,0,363,211,211,0,0,152,0
Austin Schlottmann,30097,C,NYG,8,100.0,0,21,70.8,77.0,69.8,0,3,194,100.0,100.0,99.2,3,3,0,363,362,0,0,363,212,212,0,0,151,0
Andrew Wylie,12333,G,WAS,12,100.0,1,32,47.8,63.6,45.0,3,5,165,100.0,100.0,97.0,3,9,1,362,0,0,0,362,195,195,350,0,167,12
Asim Richards,99674,T,NO,9,99.7,1,20,47.1,53.2,43.9,4,17,204,99.5,99.5,93.9,3,23,2,362,0,0,58,363,218,219,0,290,144,15
Jameson Williams,101701,WR,DET,17,36.4,0,11,75.6,,67.2,0,0,0,0.0,0.0,,5,0,0,361,0,0,0,993,0,626,0,0,361,0
Justin Herbert,28237,QB,LAC,16,34.6,0,27,83.2,,60.0,0,0,0,0.0,0.0,,4,0,0,361,0,0,0,1042,0,646,0,0,361,0
Zay Flowers,97268,WR,BLT,17,40.7,2,3,79.6,,60.1,0,0,0,0.0,0.0,,5,0,0,357,0,0,0,878,0,511,0,0,357,2
Tyler Warren,129798,TE,IND,17,39.7,1,14,67.6,64.2,50.7,0,0,36,6.7,6.9,100.0,4,0,0,357,0,0,0,899,40,576,0,0,317,459
Drew Sample,47259,TE,CIN,17,60.2,1,7,53.9,67.8,57.3,1,2,67,23.0,23.9,96.3,2,4,1,357,0,0,2,593,74,310,0,1,283,421
Jackson Powers-Johnson,146550,G,LV,7,100.0,1,23,63.8,59.6,66.6,2,6,196,100.0,100.0,96.9,3,10,2,354,0,0,0,354,210,210,354,0,144,0
T.J. Bass,131703,G,DAL,9,100.0,0,9,67.6,62.9,65.8,0,4,199,100.0,100.0,99.0,0,4,0,352,0,165,0,352,209,209,184,0,143,2
Juice Scruggs,81800,G,HST,10,100.0,0,13,45.0,57.7,40.5,2,9,202,100.0,100.0,97.3,3,11,0,351,0,261,0,351,218,218,90,0,133,0
Justin Jefferson,61398,WR,MIN,17,37.2,0,18,80.5,69.0,66.3,0,0,1,0.2,0.2,100.0,1,0,0,350,0,0,0,941,1,592,0,0,349,0
Jordan Love,40306,QB,GB,15,39.0,0,12,88.5,,60.4,0,0,0,0.0,0.0,,2,0,0,349,0,0,0,894,0,523,0,0,349,0
Amon-Ra St. Brown,84470,WR,DET,17,37.0,0,11,90.7,79.0,70.0,0,1,4,0.7,0.8,87.5,1,1,0,348,0,0,0,940,5,594,0,0,343,1
Michael Pittman Jr.,29049,WR,IND,17,37.5,2,14,70.4,69.3,60.5,0,0,1,0.2,0.2,100.0,5,0,0,345,0,0,0,919,1,575,0,0,344,14
Tommy Tremble,84025,TE,CAR,17,53.9,0,5,61.6,59.5,72.4,0,3,29,9.6,9.6,94.8,3,3,0,343,0,0,0,636,31,324,0,0,312,430
Nathan Thomas,98390,T,DAL,9,100.0,0,9,39.2,31.6,52.9,4,16,201,100.0,100.0,93.5,4,23,3,342,0,0,317,342,219,219,0,23,123,1
Olisaemeka Udoh,28394,T,TEN,14,100.0,1,31,55.0,55.0,59.9,5,11,191,100.0,100.0,94.2,6,19,3,341,0,0,106,341,211,211,0,168,130,67
John Bates,42275,TE,WAS,15,70.8,0,32,57.4,61.8,57.8,1,2,64,32.8,33.0,96.1,2,4,1,339,0,0,1,479,69,209,0,6,270,380
Jon Gaines II,81879,G,ARZ,13,100.0,1,1,60.3,53.9,66.6,2,10,222,100.0,100.0,95.9,3,15,3,339,14,268,0,339,234,234,45,0,105,1
Blake Fisher,147479,T,HST,15,100.0,0,13,67.4,61.8,69.3,2,4,109,100.0,100.0,97.2,5,6,0,337,0,0,78,337,115,115,0,67,222,192
Tetairoa McMillan,158735,WR,CAR,17,36.4,0,5,78.7,,57.2,0,0,0,0.0,0.0,,1,0,0,336,0,0,0,924,0,588,0,0,336,0
Aaron Rodgers,2241,QB,PIT,16,36.5,0,25,68.7,,60.6,0,0,0,0.0,0.0,,5,0,0,335,0,0,0,918,0,574,0,0,335,0
Jarrett Patterson,81775,G,HST,7,100.0,0,13,57.4,59.3,54.5,0,11,191,100.0,100.0,97.1,1,11,0,334,67,267,0,334,206,206,0,0,128,0
Jalen Hurts,40291,QB,PHI,16,34.4,0,24,79.2,,60.0,0,0,0,0.0,0.0,,5,0,0,332,0,0,0,964,0,564,0,0,332,0
Daniel Bellinger,84041,TE,NYG,16,59.7,0,21,62.5,68.2,60.9,1,2,46,18.0,18.5,96.7,3,3,0,332,0,0,0,556,51,275,0,0,281,256
C.J. Stroud,129759,QB,HST,14,38.1,0,13,72.9,,61.2,0,0,0,0.0,0.0,,4,0,0,331,0,0,0,868,0,515,0,0,331,0
DeVonta Smith,61100,WR,PHI,17,37.3,0,24,76.3,,46.3,0,0,0,0.0,0.0,,2,0,0,331,0,0,0,887,0,556,0,0,331,5
Romeo Doubs,84329,WR,GB,16,42.5,0,12,71.0,,32.6,0,0,0,0.0,0.0,,1,0,0,331,0,0,0,779,0,448,0,0,331,0
Ryan Kelly,10652,C,MIN,8,100.0,0,18,82.2,77.7,82.6,0,3,179,100.0,100.0,98.6,1,4,1,329,329,0,0,329,191,191,0,0,138,0
Cam Ward,133244,QB,TEN,17,32.7,0,31,58.4,,60.4,0,0,0,0.0,0.0,,3,0,0,329,0,0,0,1006,0,662,0,0,329,0
Dallas Goedert,47272,TE,PHI,15,41.9,0,24,66.8,64.2,50.0,0,0,20,4.5,4.4,100.0,0,0,0,329,0,0,0,786,21,478,0,0,308,421
Ben Brown,59869,G,NE,8,99.7,1,19,66.8,58.7,66.4,2,8,153,99.4,99.4,96.7,3,10,0,328,0,300,0,329,165,166,11,0,163,17
A.J. Brown,48327,WR,PHI,15,38.6,1,24,83.0,,50.3,0,0,0,0.0,0.0,,8,0,0,325,0,0,0,842,0,517,0,0,325,6
Teven Jenkins,41534,G,CLV,16,100.0,0,8,77.7,60.8,79.1,2,12,179,100.0,100.0,96.1,0,14,0,324,0,4,5,324,186,186,276,8,138,30
Marcus Mbow,145113,T,NYG,9,99.7,1,21,54.0,47.8,62.4,11,12,195,99.5,99.5,92.6,3,26,3,324,0,3,261,325,209,210,0,58,115,2
Dawson Knox,35883,TE,BUF,17,49.5,0,4,68.6,70.4,66.6,0,2,16,4.9,4.6,93.7,1,2,0,323,0,0,0,653,16,346,0,0,307,445
Darnell Washington,124044,TE,PIT,16,59.0,0,25,71.0,68.4,73.1,1,1,51,19.4,19.7,96.1,1,3,1,322,0,0,0,546,55,279,0,0,267,409
Cooper Kupp,11824,WR,SEA,16,41.4,0,29,70.2,55.1,61.9,0,1,3,0.7,0.7,83.3,1,1,0,318,0,0,0,768,3,453,0,0,315,9
Austin Jackson,60816,T,MIA,6,100.0,1,17,65.1,73.3,62.8,2,5,169,100.0,100.0,97.3,4,8,1,318,0,0,0,318,175,175,0,318,143,0
Vederian Lowe,59741,T,NE,10,100.0,0,19,61.4,67.1,56.8,2,12,165,100.0,100.0,95.2,2,15,1,317,0,0,307,317,176,176,0,0,141,10
Ja'Marr Chase,84270,WR,CIN,16,32.0,2,7,90.1,,65.6,0,0,0,0.0,0.0,,2,0,0,316,0,0,0,987,0,669,0,0,316,1
Jalen Travis,155412,T,IND,12,100.0,0,14,72.2,71.2,72.6,3,8,165,100.0,100.0,96.1,2,12,1,316,0,0,61,316,175,175,0,247,141,8
Harold Fannin Jr.,163104,TE,CLV,16,40.1,0,8,67.9,54.1,49.8,2,1,25,5.4,5.7,94.0,6,3,0,315,0,0,0,786,28,493,0,1,287,411
Tre Tucker,101106,WR,LV,17,33.3,0,23,65.9,,59.0,0,0,0,0.0,0.0,,4,0,0,314,0,0,0,942,0,618,0,0,314,18
Joe Alt,147481,T,LAC,6,100.0,0,27,79.0,82.3,70.8,2,4,184,100.0,100.0,97.8,1,7,1,312,0,0,302,312,194,194,0,8,118,2
Ryan Van Demark,55113,T,BUF,9,100.0,1,4,74.0,65.6,74.3,1,6,141,100.0,100.0,96.1,3,9,2,312,0,0,94,312,147,147,0,218,165,0
Olusegun Oluwatimi,98581,C,SEA,8,100.0,0,29,55.9,44.1,62.3,0,8,149,100.0,100.0,97.3,2,8,0,312,312,0,0,312,156,156,0,0,156,0
Courtland Sutton,48164,WR,DEN,17,31.8,1,10,75.6,,48.8,0,0,0,0.0,0.0,,1,0,0,310,0,0,0,975,0,665,0,0,310,1
Michael Jurgens,77345,C,MIN,9,100.0,0,18,54.1,61.3,62.0,2,3,165,100.0,100.0,96.1,5,9,4,309,309,0,0,309,177,177,0,0,132,0
Jauan Jennings,48027,WR,SF,15,38.8,0,28,68.3,62.4,43.3,0,1,3,0.6,0.6,83.3,4,1,0,308,0,0,0,794,3,489,0,0,305,5
Alec Pierce,78038,WR,IND,15,37.8,0,14,79.3,,54.6,0,0,0,0.0,0.0,,4,0,0,308,0,0,0,814,0,506,0,0,308,0
George Pickens,99229,WR,DAL,17,31.7,1,9,85.9,,53.4,0,0,0,0.0,0.0,,8,0,0,307,0,0,0,968,0,661,0,0,307,0
Austin Hooper,10715,TE,NE,16,59.9,0,19,68.5,63.8,57.8,1,1,33,14.4,14.9,97.0,2,2,0,306,0,0,4,511,36,241,0,0,270,435
Jakobi Meyers,47468,WR,JAX,16,35.1,1,15,72.1,,39.3,0,0,0,0.0,0.0,,4,0,0,306,0,0,0,872,0,561,0,0,306,2
Tua Tagovailoa,60326,QB,MIA,14,39.0,0,17,62.1,,60.0,0,0,0,0.0,0.0,,4,0,0,303,0,0,0,776,0,466,0,0,303,0
Emeka Egbuka,145055,WR,TB,17,34.2,1,30,67.3,65.7,50.7,0,0,1,0.2,0.2,100.0,4,0,0,303,0,0,0,887,1,583,0,0,302,0
Jeremy Ruckert,84029,TE,NYJ,17,60.7,0,22,56.5,51.6,59.0,2,3,48,20.4,20.4,92.7,3,6,1,301,0,0,1,496,50,245,0,3,251,374
Jaxon Smith-Njigba,129758,WR,SEA,17,36.1,1,29,92.8,,63.7,0,0,0,0.0,0.0,,4,0,0,299,0,0,0,828,0,525,0,0,299,0
Julian Hill,88685,TE,MIA,14,67.8,1,17,53.8,66.8,49.8,0,2,61,31.4,31.7,96.7,2,3,1,299,0,0,0,441,66,208,0,0,233,310
Mo Alie-Cox,12078,TE,IND,17,70.5,0,14,67.4,81.3,64.6,1,1,69,37.1,38.3,98.6,1,2,0,297,0,0,1,421,77,201,0,1,220,391
Charlie Kolar,60917,TE,BLT,17,73.9,1,3,77.5,48.4,71.5,0,1,20,16.5,17.3,92.5,3,2,1,297,0,0,4,402,22,127,0,1,275,375
Trey McBride,75916,TE,ARZ,17,28.7,0,1,81.7,34.4,54.1,0,1,11,1.6,1.6,95.5,5,1,0,296,0,0,0,1033,12,749,0,0,284,376
Colston Loveland,158540,TE,CHI,16,42.0,0,6,81.1,46.0,68.6,0,2,26,6.4,6.2,96.2,5,2,0,295,0,0,2,702,27,433,0,0,268,396
Mack Hollins,11873,WR,NE,15,45.0,1,19,67.5,72.2,55.3,0,0,3,0.9,0.8,100.0,2,0,0,295,0,0,0,656,3,363,0,0,292,66
Scott Matlock,82482,FB,LAC,16,88.3,1,27,52.6,59.1,52.1,0,5,64,62.1,63.6,93.0,1,7,2,294,0,0,0,333,68,107,0,0,226,103
Drake London,86519,WR,ATL,12,41.2,1,2,88.0,75.3,54.9,0,0,4,1.0,1.0,100.0,3,0,0,292,0,0,0,709,4,421,0,0,288,3
Cornelius Lucas,9025,T,CLV,9,99.7,2,8,42.7,36.9,54.5,8,18,178,100.0,99.5,91.0,4,29,3,292,0,0,65,293,193,194,0,221,99,6
Rome Odunze,73774,WR,CHI,12,39.9,0,6,70.8,67.6,55.1,0,1,2,0.5,0.5,75.0,2,1,0,292,0,0,0,732,2,442,0,0,290,0
Jerry Jeudy,61103,WR,CLV,17,31.7,1,8,58.5,,62.0,0,0,0,0.0,0.0,,3,0,0,292,0,0,0,921,0,628,0,0,292,2
Darnell Mooney,48236,WR,ATL,15,37.5,0,2,52.5,,49.1,0,0,0,0.0,0.0,,0,0,0,292,0,0,0,778,0,486,0,0,292,0
Juwan Johnson,28305,TE,NO,17,34.2,0,20,66.5,61.1,47.2,0,0,33,6.0,5.7,100.0,2,0,0,291,0,0,4,850,34,593,0,3,257,354
Dylan Cook,91689,T,PIT,5,100.0,0,25,75.9,80.7,67.3,3,2,176,100.0,100.0,98.0,1,6,1,291,0,0,289,291,187,187,0,0,104,2
Darius Slayton,25578,WR,NYG,14,38.3,0,21,58.0,65.9,46.7,0,0,1,0.2,0.2,100.0,4,0,0,289,0,0,0,755,1,467,0,0,288,3
Travis Kelce,7844,TE,KC,17,31.9,0,16,72.0,57.9,53.8,1,1,28,4.6,4.5,96.4,3,2,0,288,0,0,2,902,29,642,0,0,259,397
Patrick Mahomes,11765,QB,KC,14,30.7,0,16,76.0,,60.4,0,0,0,0.0,0.0,,5,0,0,287,0,0,0,934,0,636,0,0,287,0
Kayode Awosika,44909,G,DET,8,100.0,1,11,57.9,52.5,60.5,1,6,160,100.0,100.0,95.9,1,10,3,287,0,259,0,287,168,168,5,22,119,1
Josh Fryar,129746,T,ARZ,9,99.0,0,1,53.0,56.7,56.5,3,9,182,98.4,98.5,94.5,4,16,4,286,0,0,210,289,192,195,0,21,94,57
Brady Christensen,51985,G,CAR,5,100.0,0,5,72.5,74.7,69.9,2,2,141,100.0,100.0,97.9,1,5,1,285,0,0,0,285,152,152,285,0,133,0
Laken Tomlinson,9461,G,HST,7,100.0,0,13,56.0,55.4,57.1,3,5,171,100.0,100.0,95.9,1,11,3,284,0,284,0,284,186,186,0,0,98,0
Caleb Rogers,123157,G,LV,6,100.0,0,23,59.6,59.4,59.6,3,5,171,100.0,100.0,95.9,1,11,3,284,0,0,0,284,179,179,284,0,105,0
Dalton Schultz,47304,TE,HST,17,34.2,0,13,73.6,53.3,63.5,2,1,42,7.8,7.6,96.4,5,3,0,283,0,0,0,827,45,589,0,0,238,518
Jayden Higgins,150240,WR,HST,17,42.2,1,13,68.4,34.7,54.2,0,1,2,0.6,0.8,75.0,4,1,0,283,0,0,0,671,3,391,0,0,280,10
Darian Kinnard,51789,T,GB,14,99.3,0,12,69.4,58.6,73.6,2,8,132,98.5,98.6,95.5,2,11,1,283,0,0,6,285,142,144,0,213,141,66
Geno Smith,7820,QB,LV,15,32.7,0,23,60.9,,60.0,0,0,0,0.0,0.0,,4,0,0,282,0,0,0,862,0,557,0,0,282,0
D.K. Metcalf,47864,WR,PIT,15,36.3,0,25,72.6,,49.7,0,0,0,0.0,0.0,,8,0,0,282,0,0,0,777,0,494,0,0,282,1
Kyle Juszczyk,7912,FB,SF,17,54.7,0,28,61.3,84.1,51.8,0,0,16,6.9,8.1,100.0,1,0,0,279,0,0,0,510,20,248,0,0,259,165
Gunnar Helm,144726,TE,TEN,16,52.4,1,31,66.5,55.7,58.5,0,3,42,14.6,15.1,96.4,3,3,0,279,0,0,0,532,45,298,0,1,234,378
Mason Taylor,157122,TE,NYJ,13,42.7,3,22,59.6,35.7,63.1,1,6,44,11.2,11.0,87.5,5,9,2,279,0,0,1,653,46,420,0,0,233,388
Yosh Nijman,60822,T,CAR,7,100.0,0,5,70.3,47.0,86.1,1,19,143,100.0,100.0,91.6,1,22,2,278,0,0,118,278,150,150,0,158,128,2
Jaylen Waddle,84088,WR,MIA,16,38.4,2,17,84.0,,48.9,0,0,0,0.0,0.0,,2,0,0,277,0,0,0,722,0,443,0,0,277,0
Jaxson Dart,146409,QB,NYG,14,35.5,1,21,68.1,,60.2,0,0,0,0.0,0.0,,9,0,0,275,0,0,0,774,0,450,0,0,275,0
Esa Pole,174220,T,KC,5,100.0,0,16,56.5,60.9,56.8,4,10,177,100.0,100.0,95.5,3,15,1,275,0,0,275,275,186,186,0,0,89,0
Payne Durham,84037,TE,TB,17,77.7,0,30,59.4,51.4,74.4,1,1,37,33.9,34.2,97.3,3,2,0,275,0,0,1,354,41,120,0,0,234,257
Brock Wright,60994,TE,DET,11,67.7,0,11,52.5,53.2,55.5,4,2,49,28.3,28.2,91.8,2,7,1,272,0,0,0,402,51,181,0,0,221,292
Luke Farrell,42353,TE,SF,17,67.1,0,28,65.2,43.5,74.7,0,0,32,20.0,19.9,93.7,1,2,2,271,0,0,0,404,33,166,0,0,238,341
Josh Oliver,47083,TE,MIN,15,67.8,0,18,70.8,66.6,64.0,0,1,39,24.5,25.4,98.7,2,1,0,271,0,0,4,400,44,173,0,0,227,362
Daniel Jones,39395,QB,IND,13,35.8,0,14,71.7,,60.3,0,0,0,0.0,0.0,,5,0,0,271,0,0,0,756,0,461,0,0,271,0
Lamar Jackson,46416,QB,BLT,13,38.6,0,3,74.0,,60.7,0,0,0,0.0,0.0,,4,0,0,271,0,0,0,702,0,394,0,0,271,0
Noah Gray,60878,TE,KC,16,49.5,0,16,57.7,72.6,65.3,0,3,47,15.8,14.6,94.7,1,4,1,270,0,0,0,545,47,322,0,1,223,349
Luke Wypler,129764,C,CLV,10,99.3,1,8,46.4,74.0,46.0,2,3,157,98.7,98.8,98.4,6,5,0,269,240,0,0,271,165,167,0,0,104,29
Andrei Iosivas,109811,WR,CIN,17,31.4,0,7,53.7,74.8,53.4,0,0,3,0.5,0.5,100.0,1,0,0,267,0,0,0,851,3,584,0,0,264,12
Sam LaPorta,101690,TE,DET,9,50.9,0,11,82.0,60.6,64.9,2,0,31,11.3,11.5,96.8,1,2,0,263,0,0,1,517,33,287,0,0,230,305
Chris Olave,84355,WR,NO,16,29.5,3,20,78.0,,57.5,0,0,0,0.0,0.0,,7,0,0,262,0,0,0,887,0,625,0,0,262,0
Grant Calcaterra,60997,TE,PHI,15,68.2,0,24,49.8,68.7,48.1,0,0,30,20.1,21.4,100.0,0,0,0,260,0,0,2,381,33,154,0,9,227,274
Nick Allegretti,39268,G,WAS,7,100.0,0,32,42.3,46.6,45.1,2,5,141,100.0,100.0,96.8,3,8,1,260,100,0,0,260,160,160,159,0,100,1
Brenton Strange,101694,TE,JAX,12,43.8,0,15,77.6,58.4,73.4,0,1,28,8.2,8.3,98.2,5,1,0,259,0,0,0,591,30,362,0,0,229,336
Nico Collins,61441,WR,HST,15,33.2,1,13,87.4,68.1,58.0,0,0,1,0.2,0.2,100.0,3,0,0,258,0,0,0,778,1,519,0,0,257,0
Josh Jones,26634,T,SEA,12,100.0,0,29,74.3,71.9,70.3,0,7,110,100.0,100.0,95.0,0,9,2,258,0,0,242,258,118,118,0,3,140,13
Elic Ayomanor,157263,WR,TEN,16,32.3,0,31,61.0,,32.1,0,0,0,0.0,0.0,,2,0,0,254,0,0,0,787,0,533,0,0,254,10
George Kittle,11901,TE,SF,11,45.5,1,28,90.8,72.2,71.2,0,3,25,7.9,9.1,94.0,1,3,0,252,0,0,0,554,30,331,0,0,222,397
Mitchell Evans,147486,TE,CAR,17,64.3,0,5,69.7,65.2,69.5,0,1,23,14.8,14.7,97.8,3,1,0,252,0,0,0,392,24,163,0,1,228,340
Luke Haggard,129442,G,TB,6,100.0,0,30,53.0,58.2,51.9,0,3,139,100.0,100.0,98.9,2,3,0,251,0,0,0,251,152,152,251,0,99,0
Tre Harris,122676,WR,LAC,17,45.3,0,27,63.8,67.7,41.8,0,0,2,0.7,0.7,100.0,2,0,0,251,0,0,0,554,2,303,0,0,249,7
Kolton Miller,47013,T,LV,4,100.0,0,23,86.5,89.8,75.8,1,3,143,100.0,100.0,98.6,0,4,0,250,0,0,250,250,152,152,0,0,98,0
Mark Andrews,47436,TE,BLT,17,39.5,1,3,64.4,50.2,67.1,0,4,19,5.3,4.9,89.5,7,4,0,249,0,0,2,630,19,390,0,1,230,100
Michael Wilson,84423,WR,ARZ,17,27.0,0,1,76.4,46.8,51.2,0,0,1,0.2,0.1,100.0,1,0,0,249,0,0,0,923,1,675,0,0,248,1
Luke Schoonmaker,84005,TE,DAL,17,63.5,0,9,55.1,54.1,54.2,0,4,43,23.9,23.5,95.3,2,4,0,249,0,0,2,392,44,187,0,0,205,317
Ladd McConkey,124030,WR,LAC,16,29.5,0,27,67.6,38.3,42.3,0,1,1,0.2,0.2,50.0,3,1,0,247,0,0,0,838,1,592,0,0,246,13
T.J. Hockenson,40912,TE,MIN,15,35.5,0,18,61.2,55.4,57.7,1,1,34,7.5,7.3,97.1,4,2,0,245,0,0,0,691,35,480,0,0,210,389
Johnny Mundt,12206,TE,JAX,16,62.9,0,15,60.5,78.9,73.3,0,0,30,18.5,18.6,100.0,3,0,0,244,0,0,0,388,33,177,0,2,211,320
Patrick Ricard,48862,FB,BLT,11,88.0,1,3,68.5,50.8,70.4,0,5,46,62.2,60.8,94.6,2,5,0,241,0,0,1,274,48,79,0,1,193,87
Keon Coleman,144949,WR,BUF,13,41.7,1,4,66.1,60.9,75.7,0,0,1,0.3,0.3,100.0,3,0,0,240,0,0,0,576,1,337,0,0,239,5
Jake Ferguson,61081,TE,DAL,17,30.5,2,9,59.4,54.4,57.6,0,2,34,6.4,6.0,94.1,5,3,1,240,0,0,0,786,35,581,0,0,205,380
Jordan Addison,123000,WR,MIN,14,33.5,0,18,64.9,,66.9,0,0,0,0.0,0.0,,0,0,0,239,0,0,0,714,0,473,0,0,239,1
Xavier Hutchinson,122518,WR,HST,17,35.3,1,13,64.0,60.3,58.6,0,1,2,0.5,0.7,75.0,3,1,0,237,0,0,0,672,3,436,0,0,234,3
Brian Thomas Jr.,146760,WR,JAX,14,32.0,0,15,65.5,,50.5,0,0,0,0.0,0.0,,2,0,0,237,0,0,0,740,0,500,0,0,237,0
Alec Ingold,34934,FB,MIA,17,64.6,1,17,50.1,68.7,50.3,0,1,41,25.2,25.9,98.8,2,1,0,234,0,0,0,362,44,170,0,0,190,48
Puka Nacua,100632,WR,LA,16,32.2,0,26,96.3,77.5,72.2,1,0,8,1.7,1.6,93.7,1,1,0,234,0,0,0,726,8,490,0,0,226,25
Isaiah Likely,83955,TE,BLT,14,47.8,0,3,56.4,46.1,66.5,0,1,15,6.0,5.6,90.0,5,2,1,233,0,0,0,487,15,269,0,0,218,132
CeeDee Lamb,61570,WR,DAL,14,31.6,2,9,77.6,,59.8,0,0,0,0.0,0.0,,6,0,0,231,0,0,0,732,0,498,0,0,231,0
Kirk Cousins,7102,QB,ATL,10,42.2,0,2,76.0,,60.1,0,0,0,0.0,0.0,,5,0,0,229,0,0,0,543,0,302,0,0,229,0
Ian Thomas,42130,TE,LV,15,71.7,0,23,63.8,58.7,56.7,2,4,64,42.1,43.0,95.3,0,6,0,228,0,0,0,318,68,158,0,0,160,281
Ben Sinnott,122616,TE,WAS,16,66.9,0,32,62.9,41.1,63.6,0,1,12,10.3,11.7,95.8,3,1,0,228,0,0,0,341,15,128,0,0,213,225
Michael Mayer,122906,TE,LV,13,48.8,0,23,64.6,54.9,52.0,1,0,40,15.3,14.7,96.2,2,2,1,227,0,0,0,465,41,279,0,0,186,343
Brevyn Spann-Ford,84006,TE,DAL,17,75.3,0,9,73.0,53.8,68.3,2,4,32,31.7,30.8,90.6,0,6,0,226,0,0,0,300,33,107,0,0,193,216
Brock Purdy,77672,QB,SF,9,39.1,1,28,90.0,,60.0,0,0,0,0.0,0.0,,3,0,0,225,0,0,0,576,0,336,0,0,225,0
Dan Skipper,12307,T,DET,12,98.2,0,11,50.5,69.3,47.5,0,4,113,97.4,96.6,97.3,3,5,1,224,0,0,137,228,115,119,0,8,109,80
Parker Washington,129799,WR,JAX,16,33.0,1,15,79.3,,37.8,0,0,0,0.0,0.0,,1,0,0,222,0,0,0,672,0,443,0,0,222,3
Tyrell Shavers,61107,WR,BUF,17,50.1,0,4,60.2,82.9,51.3,0,0,6,2.8,2.7,100.0,2,0,0,221,0,0,0,441,6,226,0,0,215,68
Michael Penix Jr.,82134,QB,ATL,9,39.8,0,2,59.3,,60.1,0,0,0,0.0,0.0,,7,0,0,220,0,0,0,553,0,325,0,0,220,0
David Njoku,11784,TE,CLV,12,42.5,0,8,55.9,47.7,43.1,0,3,35,11.3,11.4,95.7,0,3,0,219,0,0,3,515,38,334,0,2,181,355
Kendrick Bourne,12270,WR,SF,16,36.9,1,28,63.8,,46.3,0,0,0,0.0,0.0,,3,0,0,219,0,0,0,593,0,374,0,0,219,0
Olamide Zaccheaus,44920,WR,CHI,16,37.6,0,6,54.8,76.5,43.1,0,0,5,1.5,1.4,100.0,1,0,0,218,0,0,0,580,5,363,0,0,213,0
Tucker Kraft,104034,TE,GB,8,49.3,0,12,78.1,53.5,62.0,0,1,30,12.5,12.9,98.3,1,1,0,217,0,0,0,440,33,255,0,0,184,306
David Sills V,34579,WR,ATL,17,38.2,0,2,53.0,70.6,51.7,0,0,3,0.9,1.4,100.0,2,0,0,216,0,0,0,565,5,354,0,0,211,1
Deebo Samuel,48274,WR,WAS,16,30.3,1,32,69.3,61.8,53.6,0,0,1,0.2,0.2,100.0,5,0,0,216,0,0,0,713,1,480,0,0,215,1
Rashod Bateman,84296,WR,BLT,13,39.1,0,3,55.5,,70.0,0,0,0,0.0,0.0,,2,0,0,215,0,0,0,550,0,335,0,0,215,1
Jacoby Brissett,10725,QB,ARZ,14,26.5,0,1,71.1,,60.8,0,0,0,0.0,0.0,,3,0,0,215,0,0,0,812,0,581,0,0,215,0
Tee Higgins,61211,WR,CIN,15,28.0,1,7,80.1,67.5,49.0,0,0,1,0.2,0.2,100.0,1,0,0,215,0,0,0,768,1,554,0,0,214,5
Chigoziem Okonkwo,84000,TE,TEN,17,32.1,0,31,59.9,60.5,27.9,1,1,33,7.3,7.2,93.9,3,3,1,214,0,0,0,666,35,487,0,1,179,294
Xavier Legette,99197,WR,CAR,15,33.2,2,5,52.6,,48.4,0,0,0,0.0,0.0,,9,0,0,213,0,0,0,642,0,428,0,0,213,0
Chandler Zavala,144009,G,CAR,6,100.0,0,5,43.5,32.4,54.7,2,5,124,100.0,100.0,95.6,3,9,2,212,0,0,0,212,135,135,210,0,77,2
Kayshon Boutte,124087,WR,NE,14,34.9,0,19,70.9,74.5,48.1,0,0,1,0.3,0.5,100.0,3,0,0,212,0,0,0,607,2,397,0,0,210,5
Jordan Whittington,97623,WR,LA,16,47.6,1,26,54.5,43.2,58.0,1,0,9,4.0,3.8,83.3,2,2,1,211,0,0,0,443,9,238,0,0,202,13
Eric Saubert,11929,TE,SEA,11,76.1,0,29,64.8,79.0,61.0,0,1,29,31.9,31.3,98.3,2,1,0,210,0,0,0,276,30,96,0,0,180,239
JuJu Smith-Schuster,11817,WR,KC,17,33.9,1,16,56.7,72.8,31.1,0,0,3,0.8,0.7,100.0,4,0,0,210,0,0,0,620,3,413,0,0,207,29
Braxton Jones,60092,T,CHI,4,100.0,0,6,55.5,62.7,47.2,2,11,126,100.0,100.0,93.3,1,15,2,210,0,0,210,210,136,136,0,0,74,0
Quentin Johnston,123085,WR,LAC,14,28.9,0,27,67.6,,51.6,0,0,0,0.0,0.0,,1,0,0,209,0,0,0,723,0,512,0,0,209,0
Oronde Gadsden II,144046,TE,LAC,15,33.2,0,27,64.1,70.2,32.5,1,1,20,4.8,4.8,95.0,2,2,0,208,0,0,1,627,21,440,0,0,187,321
Durham Smythe,47257,TE,CHI,17,71.2,0,6,43.8,58.3,53.0,0,2,30,27.3,28.2,96.7,1,2,0,208,0,0,0,292,33,117,0,1,175,184
John FitzPatrick,83974,TE,GB,15,61.8,2,12,56.3,73.6,66.0,0,0,23,16.2,16.9,100.0,6,0,0,207,0,0,0,335,26,154,0,1,181,270
Luke Musgrave,98499,TE,GB,17,48.4,0,12,57.1,76.6,48.1,0,0,19,8.3,7.9,100.0,1,0,0,206,0,0,0,426,19,239,0,0,187,312
Joe Flacco,4332,QB,CIN,13,29.9,1,7,68.0,,60.3,0,0,0,0.0,0.0,,8,0,0,206,0,0,0,689,0,466,0,0,206,0
Jalen Nailor,84292,WR,MIN,17,31.4,0,18,66.3,66.4,51.7,0,1,5,1.2,1.1,90.0,3,1,0,205,0,0,0,653,5,451,0,0,200,2
Jonah Monheim,86461,C,JAX,11,100.0,0,15,59.2,61.7,56.6,0,7,114,100.0,100.0,96.1,0,8,1,205,198,0,0,205,119,119,7,0,86,0
Davante Adams,8688,WR,LA,14,32.1,0,26,85.2,,66.3,0,0,0,0.0,0.0,,0,0,0,204,0,0,0,635,0,431,0,0,204,0
Ben Bartch,84236,G,SF,6,100.0,0,28,71.7,65.4,69.7,0,4,91,100.0,100.0,97.8,0,4,0,200,0,195,0,200,100,100,5,0,100,0
Jonnu Smith,11855,TE,PIT,17,37.3,1,25,46.9,54.5,42.7,0,0,17,5.3,5.2,100.0,5,0,0,200,0,0,0,536,18,345,0,0,182,271
Reggie Gilliam,40951,FB,BUF,17,83.4,0,4,70.8,88.7,73.5,0,0,23,41.1,39.3,100.0,0,0,0,196,0,0,0,235,24,61,0,0,172,44
Marcus Mariota,9435,QB,WAS,11,37.8,0,32,71.4,,61.0,0,0,0,0.0,0.0,,4,0,0,193,0,0,0,510,0,285,0,0,193,0
J.J. McCarthy,144918,QB,MIN,10,36.9,0,18,61.8,,60.1,0,0,0,0.0,0.0,,6,0,0,193,0,0,0,523,0,311,0,0,193,0
Chris Manhertz,10211,TE,NYG,17,92.3,0,21,72.7,69.7,69.9,1,0,40,72.7,72.9,98.7,1,1,0,193,0,0,4,209,43,59,0,2,150,199
Corey Levin,11972,C,TEN,14,99.0,0,31,71.3,74.0,69.0,0,4,103,98.1,98.2,98.1,0,4,0,193,134,1,0,195,109,111,28,0,84,13
Konata Mumpfield,145598,WR,LA,17,50.4,0,26,56.2,,57.3,0,0,0,0.0,0.0,,0,0,0,189,0,0,0,375,0,186,0,0,189,3
Alec Anderson,81882,G,BUF,15,100.0,0,4,72.8,41.3,82.6,0,3,68,100.0,100.0,97.8,2,3,0,189,3,95,0,189,70,70,0,74,119,17
Josh Downs,122832,WR,IND,16,31.8,0,14,77.1,,61.9,0,0,0,0.0,0.0,,1,0,0,189,0,0,0,595,0,405,0,0,189,1
Mac Jones,60323,QB,SF,11,34.5,0,28,77.1,,60.1,0,0,0,0.0,0.0,,3,0,0,188,0,0,0,545,0,329,0,0,188,0
Chukwuebuka Godrick,169778,T,KC,4,100.0,0,16,58.1,70.5,54.0,1,5,122,100.0,100.0,96.7,4,7,1,186,0,0,0,186,129,129,0,186,57,0
Kyle Hinton,83163,G,ATL,5,100.0,1,2,53.9,71.0,50.1,0,3,99,100.0,100.0,98.5,1,3,0,185,0,184,0,185,108,108,1,0,77,0
Khalil Shakir,84140,WR,BUF,16,29.0,0,4,70.4,73.8,61.5,0,0,2,0.5,0.4,100.0,2,0,0,184,0,0,0,635,2,453,0,0,182,24
Ryan Flournoy,159617,WR,DAL,15,38.2,1,9,80.3,,74.3,0,0,0,0.0,0.0,,1,0,0,183,0,0,0,479,0,292,0,0,183,0
Van Jefferson,47447,WR,TEN,16,31.4,0,31,59.1,,34.4,0,0,0,0.0,0.0,,1,0,0,183,0,0,0,582,0,399,0,0,183,0
Trystan Colon,41117,G,DET,7,100.0,0,11,47.5,34.4,51.1,4,5,100,100.0,100.0,94.5,0,10,1,183,77,96,0,183,103,103,7,3,80,0
Tyler Shough,83537,QB,NO,11,30.1,0,20,74.6,,60.7,0,0,0,0.0,0.0,,0,0,0,182,0,0,0,605,0,398,0,0,182,0
Jack Westover,84079,FB,NE,17,76.7,0,19,44.3,71.6,49.7,0,0,12,18.8,17.9,100.0,1,0,0,181,0,0,0,236,12,67,0,0,169,58
Xavier Worthy,144718,WR,KC,14,28.1,0,16,67.0,,60.7,0,0,0,0.0,0.0,,1,0,0,181,0,0,0,645,0,455,0,0,181,0
Cade Stover,101486,TE,HST,9,68.8,0,13,57.5,63.9,55.1,0,0,10,12.3,14.6,100.0,1,0,0,181,0,0,0,263,13,89,0,0,168,205
Brock Bowers,146715,TE,LV,12,29.9,0,23,78.8,79.2,50.6,1,0,14,3.4,3.2,96.4,0,1,0,181,0,0,1,606,14,437,0,0,167,258
Will Sherman,59662,G,NO,6,100.0,0,20,44.1,43.7,42.7,0,8,114,100.0,100.0,95.6,0,9,1,181,0,0,1,181,120,120,157,17,61,6
Foster Moreau,47043,TE,NO,11,71.5,0,20,51.7,70.7,50.0,1,0,27,27.8,28.7,94.4,1,2,1,181,0,0,3,253,29,101,0,1,152,215
Cedric Tillman,84434,WR,CLV,13,35.0,0,8,55.8,,42.9,0,0,0,0.0,0.0,,2,0,0,180,0,0,0,515,0,335,0,0,180,1
Jalen Tolbert,61637,WR,DAL,13,38.8,0,9,60.4,,45.1,0,0,0,0.0,0.0,,1,0,0,180,0,0,0,464,0,284,0,0,180,0
Torricelli Simpkins III,150473,G,NO,4,100.0,0,20,37.4,9.6,59.6,2,10,101,100.0,100.0,94.1,3,12,0,179,0,73,1,179,108,108,105,0,71,0
Chimere Dike,129918,WR,TEN,17,28.4,1,31,61.4,24.1,35.7,0,0,0,0.0,0.0,,4,0,0,179,0,0,0,630,0,441,0,0,179,0
John Metchie III,97400,WR,NYJ,16,40.1,0,22,57.6,68.1,49.8,0,0,1,0.4,0.4,100.0,1,0,0,178,0,0,0,444,1,264,0,0,177,1
Foster Sarell,52272,G,LAC,4,100.0,0,27,43.0,32.6,46.7,1,13,99,100.0,100.0,91.9,0,15,1,176,0,0,14,176,102,102,161,0,74,1
Justin Fields,82118,QB,NYJ,9,35.3,0,22,67.3,,60.0,0,0,0,0.0,0.0,,3,0,0,176,0,0,0,499,0,278,0,0,176,0
Ricky Pearsall,100660,WR,SF,9,36.7,0,28,73.5,,47.6,0,0,0,0.0,0.0,,1,0,0,176,0,0,0,480,0,302,0,0,176,0
Tucker Fisk,52286,TE,LAC,10,75.9,0,27,47.1,55.5,55.7,0,1,26,33.8,31.7,90.4,1,3,2,176,0,0,0,232,26,82,0,0,150,198
Devaughn Vele,100637,WR,NO,13,40.0,0,20,72.7,72.3,45.1,0,0,5,2.0,1.9,80.0,1,1,1,175,0,0,0,437,5,267,0,0,170,30
Tez Johnson,123709,WR,TB,16,35.1,0,30,63.5,62.4,58.2,0,0,1,0.3,0.3,100.0,1,0,0,174,0,0,0,496,1,318,0,0,173,0
Rashid Shaheed,63707,WR,SEA,18,24.5,0,29,66.1,,31.6,0,0,0,0.0,0.0,,3,0,0,173,0,0,0,705,0,522,0,0,173,0
Adonai Mitchell,146712,WR,NYJ,16,34.8,0,22,59.7,,52.1,0,0,0,0.0,0.0,,1,0,0,173,0,0,0,497,0,323,0,0,173,0
Terrance Ferguson,146563,TE,LA,13,48.6,0,26,68.0,74.0,72.9,0,0,3,1.8,2.2,100.0,2,0,0,173,0,0,0,356,4,186,0,0,169,172
Matt Hennessy,41141,C,SF,6,100.0,0,28,68.8,63.4,68.3,1,3,86,100.0,100.0,97.7,0,4,0,172,172,0,0,172,88,88,0,0,84,0
Chris Moore,10741,WR,WAS,14,40.1,1,32,55.9,,38.9,0,0,0,0.0,0.0,,1,0,0,172,0,0,0,429,0,257,0,0,172,1
Joe Burrow,28022,QB,CIN,8,35.6,0,7,91.8,,60.0,0,0,0,0.0,0.0,,4,0,0,170,0,0,0,478,0,303,0,0,170,0
Pat Freiermuth,84085,TE,PIT,17,32.4,0,25,67.4,76.7,53.8,0,0,10,3.0,2.8,100.0,3,0,0,169,0,0,0,522,10,363,0,2,159,181
Andrew Ogletree,138351,TE,IND,15,74.0,0,14,58.2,85.4,52.0,0,0,37,41.6,40.4,100.0,0,0,0,168,0,0,0,227,40,99,0,0,128,165
Tyler Higbee,10744,TE,LA,10,46.0,0,26,68.4,65.6,68.2,0,0,15,7.4,8.8,100.0,3,0,0,168,0,0,0,365,19,216,0,0,149,262
Daniel Brunskill,34807,G,MIA,11,94.3,1,17,60.6,53.3,62.2,1,2,49,83.1,83.6,96.9,1,3,0,166,14,0,0,176,51,61,25,0,115,121
Robbie Ouzts,146594,FB,SEA,12,81.8,0,29,51.0,66.0,55.4,0,0,25,41.0,43.1,100.0,2,0,0,166,0,0,0,203,28,65,0,0,138,24
Malik Washington,97108,WR,MIA,17,29.3,0,17,60.9,,43.9,0,0,0,0.0,0.0,,2,0,0,165,0,0,0,563,0,384,0,0,165,2
Brandin Cooks,8655,WR,BUF,15,30.5,0,4,57.2,,51.3,0,0,0,0.0,0.0,,1,0,0,164,0,0,0,537,0,373,0,0,164,0
Jahan Dotson,84375,WR,PHI,17,27.0,0,24,55.4,52.8,68.8,0,1,1,0.2,0.2,50.0,0,1,0,162,0,0,0,599,1,438,0,0,161,8
Tim Patrick,12087,WR,JAX,16,47.9,1,15,61.8,60.2,61.1,1,0,3,1.8,1.7,83.3,3,1,0,161,0,0,0,336,3,178,0,0,158,1
Jack Stoll,42058,TE,NO,15,76.2,0,20,57.6,68.9,53.5,0,2,27,36.5,37.5,96.3,0,2,0,160,0,0,2,210,30,80,0,1,130,147
Christian Watson,66581,WR,GB,10,38.5,0,12,86.7,65.5,56.4,0,0,1,0.4,0.4,100.0,1,0,0,160,0,0,0,416,1,256,0,0,159,22
Dontayvion Wicks,99711,WR,GB,14,39.1,1,12,70.2,79.4,51.3,0,0,4,1.7,1.6,100.0,1,0,0,160,0,0,0,409,4,253,0,0,156,21
Matthew Golden,156165,WR,GB,14,35.1,0,12,66.1,66.4,46.6,0,0,1,0.4,0.3,100.0,0,0,0,159,0,0,0,453,1,286,0,0,158,14
Shedeur Sanders,131396,QB,CLV,8,37.1,0,8,44.1,,60.1,0,0,0,0.0,0.0,,7,0,0,159,0,0,0,428,0,265,0,0,159,0
Elijah Higgins,98027,TE,ARZ,17,33.4,1,1,61.5,41.0,58.3,0,1,8,2.6,2.5,93.7,4,1,0,159,0,0,0,476,8,325,0,0,151,237
Jake Curhan,38549,G,CAR,6,100.0,0,5,62.3,56.0,61.6,0,5,72,100.0,100.0,96.5,0,5,0,158,0,2,0,158,76,76,149,0,82,7
Spencer Rattler,97408,QB,NO,9,31.6,0,20,70.0,,60.8,0,0,0,0.0,0.0,,3,0,0,155,0,0,0,490,0,316,0,0,155,0
Marvin Harrison Jr.,145056,WR,ARZ,12,27.2,0,1,68.4,,59.9,0,0,0,0.0,0.0,,0,0,0,154,0,0,0,566,0,412,0,0,154,0
Kylen Granson,40630,TE,PHI,17,62.9,0,24,43.2,74.3,46.3,0,1,13,13.0,12.5,96.2,0,1,0,154,0,0,0,245,13,104,0,1,141,172
Nick Westbrook-Ikhine,47861,WR,MIA,15,40.0,0,17,51.5,70.7,63.8,0,0,4,1.8,1.7,100.0,0,0,0,154,0,0,0,385,4,235,0,0,150,2
Noah Fant,42388,TE,CIN,15,40.4,0,7,56.4,32.0,58.9,0,1,7,3.2,3.4,92.9,3,1,0,153,0,0,0,379,8,234,0,0,145,275
Pat Bryant,144800,WR,DEN,15,32.1,1,10,60.9,64.9,39.7,0,0,1,0.3,0.3,100.0,5,0,0,153,0,0,0,477,1,325,0,0,152,12
Jake Tonges,60864,TE,SF,16,38.4,0,28,75.7,57.1,73.8,0,1,19,7.7,7.2,97.4,1,1,0,153,0,0,0,398,19,264,0,0,134,267
Atonio Mafi,82449,G,LV,3,100.0,0,23,52.1,52.8,55.1,1,2,85,100.0,100.0,95.9,2,5,2,151,0,120,0,151,91,91,31,0,60,0
Ben Chukwuma,123850,T,TB,5,100.0,0,30,62.4,59.9,64.8,0,5,89,100.0,100.0,96.1,1,6,1,151,0,0,147,151,97,97,0,0,54,4
Joe Noteboom,46249,T,BLT,7,100.0,0,3,54.5,34.1,68.2,3,10,84,100.0,100.0,91.1,0,14,1,151,0,0,149,151,88,88,0,0,63,2
Dalton Tucker,81717,G,IND,8,100.0,0,14,39.3,15.3,51.4,1,5,79,100.0,100.0,93.7,2,8,2,151,0,30,0,151,86,86,121,0,65,0
Ja'Tavion Sanders,144717,TE,CAR,13,38.4,0,5,51.6,75.2,58.8,0,0,17,6.9,6.9,94.1,1,1,1,151,0,0,0,393,18,260,0,0,133,183
Andrus Peat,9446,T,PIT,6,100.0,0,25,50.4,59.1,52.8,1,1,78,100.0,100.0,98.7,3,2,0,149,0,64,85,149,81,81,0,0,68,0
Terry McLaurin,48229,WR,WAS,10,34.4,0,32,86.5,,54.8,0,0,0,0.0,0.0,,2,0,0,149,0,0,0,433,0,284,0,0,149,0
Stefon Diggs,9579,WR,NE,17,24.9,0,19,87.5,62.4,48.7,0,0,1,0.2,0.2,100.0,4,0,0,149,0,0,0,598,1,450,0,0,148,2
Elijah Arroyo,143933,TE,SEA,13,47.0,0,29,55.2,75.9,60.7,0,0,7,4.2,4.0,100.0,1,0,0,148,0,0,0,315,7,174,0,0,141,222
Saquon Barkley,45791,HB,PHI,16,19.2,1,24,67.9,42.3,31.3,2,4,95,22.8,22.9,94.7,2,8,2,148,0,0,0,772,101,441,0,0,47,3
Troy Franklin,146567,WR,DEN,17,22.1,2,10,62.6,,42.8,0,0,0,0.0,0.0,,5,0,0,148,0,0,0,671,0,519,0,0,148,2
Javonte Williams,77803,HB,DAL,16,19.1,0,9,75.3,66.5,56.9,0,4,113,24.9,25.3,96.5,1,6,2,147,0,0,0,769,124,491,0,0,23,1
Zach Ertz,7816,TE,WAS,13,26.7,0,32,60.7,30.9,56.8,0,2,5,1.3,1.2,80.0,5,2,0,147,0,0,0,551,5,409,0,0,142,218
Kion Smith,136103,G,MIA,5,100.0,1,17,34.0,50.3,29.8,1,2,98,100.0,100.0,98.5,2,3,0,146,0,0,0,146,105,105,146,0,41,0
Lil'Jordan Humphrey,42247,WR,DEN,10,44.1,0,10,57.3,75.4,51.7,0,0,2,1.1,1.1,100.0,1,0,0,145,0,0,0,329,2,186,0,0,143,8
Hunter Luepke,91319,FB,DAL,17,57.1,0,9,60.5,54.3,45.4,1,1,34,28.8,29.2,94.1,0,3,1,144,0,0,0,252,38,130,0,0,106,24
Blake Whiteheart,77881,TE,CLV,16,58.5,0,8,44.8,59.3,59.0,1,0,22,18.5,18.4,97.7,1,1,0,144,0,0,1,246,23,125,0,0,121,170
Dawand Jones,101550,T,CLV,3,100.0,2,8,32.8,47.1,30.6,2,6,94,100.0,100.0,95.7,5,8,0,143,0,0,138,143,99,99,0,5,44,0
Adam Prentice,35639,FB,DEN,17,67.8,0,10,51.4,89.8,44.0,0,0,20,26.0,26.6,100.0,0,0,0,143,0,0,0,211,21,79,0,0,122,17
Kyle Williams,128374,WR,NE,17,42.7,0,19,61.9,65.7,67.2,0,0,1,0.6,0.5,100.0,1,0,0,143,0,0,0,335,1,191,0,0,142,0
Brycen Tremayne,84425,WR,CAR,16,53.6,0,5,62.5,61.6,58.2,0,0,1,0.9,0.8,100.0,0,0,0,141,0,0,0,263,1,123,0,0,140,4
Demarcus Robinson,10760,WR,SF,14,33.7,0,28,64.0,,70.9,0,0,0,0.0,0.0,,0,0,0,141,0,0,0,419,0,277,0,0,141,0
Kyren Williams,97118,HB,LA,17,18.1,1,26,83.5,65.8,57.7,0,8,108,23.7,24.5,95.4,1,9,1,140,0,0,0,772,118,482,0,0,22,0
Isaiah Hodgins,52130,WR,NYG,7,38.6,1,21,54.6,67.5,43.7,0,0,1,0.5,0.4,100.0,1,0,0,140,0,0,0,363,1,224,0,0,139,12
Luther Burden III,157170,WR,CHI,15,34.8,0,6,79.3,,56.6,0,0,0,0.0,0.0,,0,0,0,140,0,0,0,402,0,256,0,0,140,0
Danny Pinter,47339,C,IND,6,100.0,0,14,56.5,60.9,53.9,1,3,74,100.0,100.0,95.9,0,5,1,139,136,0,0,139,78,78,3,0,61,0
Garrett Wilson,97405,WR,NYJ,7,36.5,1,22,72.5,,58.1,0,0,0,0.0,0.0,,2,0,0,139,0,0,0,381,0,242,0,0,139,0
Will Putnam,99655,C,LV,6,100.0,0,23,30.8,20.0,37.6,2,6,99,100.0,100.0,91.9,1,12,4,139,107,30,0,139,101,101,0,0,38,2
Kingsley Eguakun,98248,C,CLV,3,100.0,0,8,46.5,62.7,43.2,0,3,88,100.0,100.0,97.2,2,4,1,138,138,0,0,138,93,93,0,0,45,0
Cody Mauch,66637,G,TB,2,100.0,0,30,63.4,66.4,59.0,0,2,82,100.0,100.0,97.6,1,3,1,138,0,0,0,138,90,90,138,0,48,0
Chris Godwin,11839,WR,TB,9,32.2,0,30,68.9,77.5,54.4,0,0,4,1.5,1.4,100.0,0,0,0,138,0,0,0,428,4,294,0,0,134,2
Joshua Palmer,62979,WR,BUF,12,34.9,1,4,58.4,,40.7,0,0,0,0.0,0.0,,5,0,0,137,0,0,0,393,0,256,0,0,137,4
Keenan Allen,7857,WR,LAC,17,21.7,0,27,77.6,64.9,45.1,0,0,1,0.2,0.2,100.0,0,0,0,137,0,0,0,630,1,494,0,0,136,0
Jack Bech,146771,WR,LV,15,39.8,0,23,59.9,72.6,48.3,0,0,3,1.5,1.4,100.0,2,0,0,137,0,0,0,344,3,210,0,0,134,6
Alex Forsyth,60012,C,DEN,5,100.0,0,10,65.3,68.1,62.8,1,3,75,100.0,100.0,96.0,0,5,1,136,131,0,0,136,77,77,5,0,59,0
Dillon Gabriel,86272,QB,CLV,10,36.6,0,8,49.0,,60.0,0,0,0,0.0,0.0,,5,0,0,136,0,0,0,372,0,233,0,0,136,0
Jalen Coker,143068,WR,CAR,11,30.8,0,5,72.5,62.3,55.9,0,0,1,0.3,0.3,100.0,1,0,0,135,0,0,0,439,1,305,0,0,134,6
Quintin Morris,61182,TE,JAX,12,62.9,0,15,54.3,46.0,55.0,0,2,16,18.2,16.8,87.5,1,3,1,134,0,0,0,213,16,95,0,0,118,157
Christian Kirk,47546,WR,HST,13,30.7,2,13,56.2,,63.6,0,0,0,0.0,0.0,,2,0,0,133,0,0,0,433,0,300,0,0,133,1
Kalif Raymond,11028,WR,DET,15,37.2,0,11,70.0,,65.3,0,0,0,0.0,0.0,,1,0,0,133,0,0,0,358,0,223,0,0,133,3
Travis Etienne Jr.,57185,HB,JAX,17,19.2,0,15,72.6,69.3,64.7,1,3,78,22.1,21.4,97.4,0,4,0,132,0,0,0,689,80,374,0,0,52,0
Dont'e Thornton Jr.,146547,WR,LV,15,32.9,0,23,51.7,,45.9,0,0,0,0.0,0.0,,1,0,0,131,0,0,0,398,0,267,0,0,131,0
Mitchell Tinsley,123470,WR,CIN,17,45.6,0,7,56.5,67.6,52.2,0,0,2,1.3,1.3,100.0,1,0,0,131,0,0,0,287,2,158,0,0,129,11
Dyami Brown,77986,WR,JAX,14,36.6,0,15,55.5,,45.1,0,0,0,0.0,0.0,,2,0,0,130,0,0,0,355,0,219,0,0,130,0
Marquise Brown,61568,WR,KC,16,23.6,0,16,69.8,,46.2,0,0,0,0.0,0.0,,1,0,0,130,0,0,0,551,0,421,0,0,130,0
Nate Adkins,87625,TE,DEN,9,64.8,0,10,52.0,73.5,63.6,1,0,13,16.9,17.6,96.2,0,1,0,129,0,0,2,199,15,85,0,0,114,125
Isaac TeSlaa,172430,WR,DET,17,29.0,0,11,63.1,65.7,52.3,0,0,1,0.3,0.3,100.0,1,0,0,127,0,0,0,438,1,312,0,0,126,1
Robert Hunt,46139,G,CAR,2,100.0,0,5,64.7,64.7,61.6,0,0,81,100.0,100.0,100.0,0,0,0,126,0,0,0,126,86,86,126,0,40,0
Jaylin Lane,121811,WR,WAS,15,35.9,2,32,59.5,,54.0,0,0,0,0.0,0.0,,3,0,0,125,0,0,0,348,0,222,0,0,125,0
Teagan Quitoriano,84036,TE,ATL,15,94.0,0,2,49.0,79.8,52.6,0,0,14,66.7,65.2,100.0,1,0,0,125,0,0,0,133,15,23,0,0,110,122
Austen Pleasants,37066,T,SF,5,100.0,0,28,56.7,48.7,59.0,1,3,69,100.0,100.0,95.7,0,5,1,125,0,0,125,125,72,72,0,0,53,0
Breece Hall,97636,HB,NYJ,16,19.4,0,22,83.5,45.8,68.2,3,5,74,22.5,22.9,93.2,1,9,1,124,0,0,0,640,80,349,0,0,44,1
Rashee Rice,97605,WR,KC,8,29.9,0,16,76.4,65.2,65.4,0,0,1,0.4,0.3,100.0,2,0,0,124,0,0,0,415,1,288,0,0,123,0
Harrison Bryant,26394,TE,HST,12,71.7,0,13,49.0,41.7,61.9,0,6,26,36.1,37.2,88.5,0,6,0,124,0,0,0,173,29,78,0,0,95,143
Adam Thielen,8288,WR,PIT,16,32.0,1,25,52.4,62.3,30.3,0,0,1,0.4,0.4,100.0,2,0,0,124,0,0,0,387,1,264,0,0,123,2
Treylon Burks,99218,WR,WAS,8,42.5,0,32,62.9,,44.8,0,0,0,0.0,0.0,,1,0,0,124,0,0,0,292,0,168,0,0,124,0
Cedrick Wilson Jr.,48170,WR,MIA,10,59.4,0,17,58.6,,62.2,0,0,0,0.0,0.0,,1,0,0,123,0,0,0,207,0,84,0,0,123,4
C.J. Ham,11347,FB,MIN,11,66.8,0,18,61.4,72.5,57.1,0,2,35,39.8,39.6,94.3,0,3,1,123,0,0,0,184,38,96,0,0,85,13
Rhamondre Stevenson,98689,HB,NE,14,23.1,1,19,73.7,67.6,70.2,1,4,83,24.3,23.6,97.0,1,5,0,123,0,0,0,533,86,364,0,0,37,1
Matt Pryor,46647,T,PHI,10,100.0,0,24,71.6,71.5,73.1,0,1,65,100.0,100.0,94.6,1,4,3,122,0,19,17,122,67,67,45,28,55,13
Isaiah Bond,163586,WR,CLV,16,24.7,1,8,57.1,,49.3,0,0,0,0.0,0.0,,1,0,0,122,0,0,0,494,0,367,0,0,122,0
Hunter Long,60859,TE,JAX,9,46.9,0,15,56.1,64.2,64.9,0,0,20,13.2,12.8,100.0,2,0,0,120,0,0,0,256,20,156,0,0,100,166
Calvin Austin III,61418,WR,PIT,14,26.9,0,25,54.8,,53.9,0,0,0,0.0,0.0,,2,0,0,120,0,0,0,446,0,326,0,0,120,4
Nick Kallerup,101679,TE,SEA,9,92.3,0,29,61.6,41.3,67.4,2,0,14,58.3,64.3,85.7,2,3,1,120,0,0,0,130,18,28,0,0,102,117
Ashton Jeanty,157196,HB,LV,17,15.3,1,23,70.4,34.1,53.6,1,8,85,19.2,18.9,91.2,2,12,3,118,0,0,0,770,88,466,0,0,30,1
Cody White,61448,WR,SEA,9,71.5,0,29,65.2,,52.0,0,0,0,0.0,0.0,,0,0,0,118,0,0,0,165,0,47,0,0,118,8
DeAndre Hopkins,7808,WR,BLT,17,35.3,0,3,81.3,,48.8,0,0,0,0.0,0.0,,0,0,0,118,0,0,0,334,0,216,0,0,118,0
Jayden Daniels,97993,QB,WAS,7,29.1,0,32,74.8,,60.1,0,0,0,0.0,0.0,,3,0,0,118,0,0,0,405,0,267,0,0,118,0
Tyler Johnson,48054,WR,NYJ,12,40.4,0,22,58.4,24.4,55.9,0,1,1,0.6,1.1,50.0,1,1,0,118,0,0,0,292,2,176,0,0,116,2
Arian Smith,124039,WR,NYJ,16,31.0,1,22,48.4,65.6,54.2,0,0,1,0.4,0.4,100.0,2,0,0,117,0,0,0,378,1,258,0,0,116,0
Rachaad White,131633,HB,TB,17,19.7,0,30,80.9,58.2,63.4,0,5,73,19.5,19.6,95.2,0,6,1,113,0,0,0,575,80,408,0,0,33,0
Sterling Shepard,10674,WR,TB,13,22.6,0,30,61.6,78.1,38.0,0,0,2,0.6,0.8,100.0,2,0,0,112,0,0,0,495,3,382,0,0,109,1
Jonathan Taylor,57488,HB,IND,17,12.3,0,14,78.1,58.6,53.4,0,8,73,15.1,15.4,93.2,1,9,1,109,0,0,0,883,80,520,0,0,29,0
Bijan Robinson,123126,HB,ATL,17,12.7,0,2,86.6,30.4,41.9,2,9,77,15.1,15.3,90.3,1,13,2,109,0,0,0,860,83,543,0,0,26,0
Jahmyr Gibbs,122474,HB,DET,17,14.6,0,11,85.6,50.5,68.2,1,12,76,17.2,17.5,90.1,1,14,1,108,0,0,0,738,81,463,0,0,27,1
Brenden Bates,53746,TE,CLV,9,77.5,0,8,57.0,65.4,50.8,1,0,19,38.8,39.2,97.4,0,1,0,107,0,0,0,138,20,51,0,1,87,126
Mason Tipton,109617,WR,NO,13,36.0,0,20,53.7,,68.9,0,0,0,0.0,0.0,,0,0,0,107,0,0,0,297,0,186,0,0,107,0
Woody Marks,124179,HB,HST,16,18.6,0,13,68.8,49.0,77.6,0,5,78,24.5,24.3,94.2,0,7,2,106,0,0,0,571,84,345,0,0,22,2
Isaiah Williams,97156,WR,NYJ,11,32.3,0,22,61.4,62.4,57.5,0,0,1,0.5,0.5,100.0,1,0,0,106,0,0,0,328,1,220,0,0,105,0
Malik Heath,124173,WR,ATL,11,50.2,0,2,60.6,54.0,67.4,0,0,2,1.9,1.9,100.0,2,0,0,106,0,0,0,211,2,107,0,0,104,14
Darius Cooper,136866,WR,PHI,13,49.5,0,24,61.1,66.2,56.2,0,0,1,1.0,0.9,100.0,2,0,0,105,0,0,0,212,1,108,0,0,104,19
Mike Evans,8642,WR,TB,8,29.4,0,30,69.8,,37.9,0,0,0,0.0,0.0,,3,0,0,105,0,0,0,357,0,252,0,0,105,0
Brady Cook,124199,QB,NYJ,5,35.3,0,22,32.4,,60.0,0,0,0,0.0,0.0,,1,0,0,104,0,0,0,295,0,184,0,0,104,0
David Martin-Robinson,77892,TE,TEN,15,77.4,0,31,73.0,57.2,62.9,0,1,7,20.0,21.1,92.9,0,1,0,103,0,0,0,133,8,38,0,0,95,98
Trent Sherfield,48021,WR,ARZ,12,55.1,0,1,46.8,77.8,32.8,0,0,4,4.9,4.5,100.0,2,0,0,103,0,0,0,187,4,88,0,0,99,6
Tyler Lockett,9502,WR,LV,17,20.5,0,23,52.1,,41.4,0,0,0,0.0,0.0,,1,0,0,102,0,0,0,498,0,396,0,0,102,1
Ben Skowronek,27948,WR,PIT,16,63.5,0,25,67.4,76.0,78.2,0,0,4,6.7,6.5,100.0,0,0,0,101,0,0,0,159,4,62,0,0,97,17
Davis Mills,52269,QB,HST,6,34.6,0,13,64.0,,60.0,0,0,0,0.0,0.0,,3,0,0,101,0,0,0,292,0,184,0,0,101,0
Malachi Corley,66272,WR,CLV,13,51.5,0,8,70.3,,61.0,0,0,0,0.0,0.0,,0,0,0,100,0,0,0,194,0,82,0,0,100,0
Thayer Munford Jr.,59994,T,NE,5,100.0,0,19,70.1,74.0,64.0,1,0,30,100.0,100.0,98.3,0,1,0,100,0,0,1,100,32,32,0,42,68,54
Josh Reynolds,11872,WR,NYJ,5,36.5,0,22,61.6,,50.8,0,0,0,0.0,0.0,,0,0,0,99,0,0,0,271,0,172,0,0,99,1
Gabe Davis,55410,WR,BUF,6,41.6,1,4,61.2,,80.0,0,0,0,0.0,0.0,,1,0,0,99,0,0,0,238,0,139,0,0,99,7
Josh Whyle,54037,TE,GB,8,56.0,0,12,56.1,60.3,53.1,1,0,13,15.3,15.4,96.2,1,1,0,98,0,0,0,175,14,91,0,0,84,108
Kimani Vidal,123727,HB,LAC,13,20.4,0,27,74.5,55.5,71.4,1,7,84,28.2,27.6,95.2,1,8,0,98,0,0,0,480,85,308,0,0,13,2
Sedrick Van Pran-Granger,124042,C,BUF,4,100.0,0,4,58.6,85.1,53.7,0,0,35,100.0,100.0,100.0,1,0,0,97,92,2,0,97,37,37,3,0,60,0
KaVontae Turpin,47658,WR,DAL,15,25.5,1,9,61.6,67.1,48.9,0,0,1,0.4,0.4,100.0,1,0,0,97,0,0,0,380,1,267,0,0,96,0
John Ojukwu,58530,T,TEN,2,100.0,0,31,42.8,45.8,51.6,0,6,61,100.0,100.0,88.5,2,10,4,97,0,0,0,97,64,64,0,97,33,0
Marquez Valdes-Scantling,47809,WR,PIT,10,28.6,0,25,49.1,,38.5,0,0,0,0.0,0.0,,1,0,0,97,0,0,0,339,0,242,0,0,97,0
Chuma Edoga,46232,T,JAX,10,99.0,1,15,33.6,68.0,46.5,0,1,27,96.4,96.9,94.4,5,2,1,97,0,2,5,98,31,32,2,43,66,44
Wyatt Milum,144785,G,JAX,8,100.0,0,15,77.5,75.8,72.1,0,1,30,100.0,100.0,98.3,0,1,0,96,0,17,2,96,31,31,43,0,65,34
Robert Tonyan,12193,TE,KC,16,72.2,0,16,59.1,55.3,69.5,0,0,10,22.2,21.3,100.0,0,0,0,96,0,0,0,133,10,47,0,0,86,93
Devontez Walker,145773,WR,BLT,10,58.9,0,3,76.3,,63.0,0,0,0,0.0,0.0,,1,0,0,96,0,0,0,163,0,67,0,0,96,1
Zach Charbonnet,97630,HB,SEA,16,19.4,0,29,85.1,46.8,55.9,0,3,60,23.3,23.7,94.2,0,5,2,95,0,0,0,489,66,278,0,0,29,6
Kyler Murray,38334,QB,ARZ,5,29.9,0,1,72.2,,60.0,0,0,0,0.0,0.0,,4,0,0,95,0,0,0,318,0,211,0,0,95,0
Zaire Mitchell-Paden,145197,TE,NO,8,88.8,0,20,43.4,56.0,41.6,1,0,15,57.7,55.6,96.7,1,1,0,95,0,0,1,107,15,27,0,0,80,47
Tyler Huntley,46448,QB,BLT,5,47.7,0,3,79.1,,60.3,0,0,0,0.0,0.0,,1,0,0,94,0,0,0,197,0,85,0,0,94,0
Greg Dulcich,84068,TE,MIA,10,38.4,0,17,77.4,28.3,57.4,0,0,5,3.4,3.2,100.0,0,0,0,94,0,0,0,245,5,156,0,0,89,134
Will Dissly,30762,TE,LAC,9,49.7,0,27,59.7,74.3,61.7,0,0,12,11.5,11.2,100.0,1,0,0,94,0,0,1,189,12,107,0,1,82,135
Tyquan Thornton,78092,WR,KC,14,25.3,0,16,66.2,,35.9,0,0,0,0.0,0.0,,1,0,0,93,0,0,0,368,0,275,0,0,93,0
Hunter Nourzad,91674,G,KC,9,100.0,0,16,60.1,61.6,58.1,1,1,42,100.0,100.0,97.6,0,2,0,92,17,1,0,92,44,44,64,0,48,10
Benjamin Yurosek,131786,TE,MIN,12,78.4,0,18,60.5,79.6,62.6,0,0,13,36.1,35.9,100.0,1,0,0,91,0,0,0,116,14,39,0,0,77,97
Ryan Miller,78734,WR,NYG,12,73.4,0,21,62.3,75.2,64.0,0,0,3,8.8,8.3,100.0,1,0,0,91,0,0,0,124,3,36,0,0,88,0
Tylan Wallace,61577,WR,BLT,14,49.2,0,3,49.5,,39.2,0,0,0,0.0,0.0,,2,0,0,91,0,0,0,185,0,94,0,0,91,7
Drew Kendall,143829,C,PHI,4,100.0,0,24,61.8,75.4,56.4,0,1,49,100.0,100.0,99.0,0,1,0,89,89,0,0,89,50,50,0,0,39,0
Roman Wilson,129604,WR,PIT,13,35.2,0,25,59.8,,64.6,0,0,0,0.0,0.0,,0,0,0,89,0,0,0,253,0,164,0,0,89,0
Tony Pollard,27126,HB,TEN,17,13.4,1,31,67.0,58.0,75.9,1,3,64,17.4,18.6,93.7,2,6,2,88,0,0,0,657,73,393,0,0,15,2
Blake Hance,46301,G,TEN,4,98.9,1,31,52.2,63.5,59.9,0,3,59,98.3,98.5,97.5,2,3,0,88,0,0,0,89,64,65,84,0,24,5
Walter Rouse,100564,T,MIN,4,100.0,0,18,55.6,65.8,49.1,0,5,61,100.0,100.0,94.3,1,6,1,88,0,0,13,88,62,62,0,75,26,0
D'Andre Swift,57212,HB,CHI,16,14.0,1,6,81.0,49.2,56.5,0,6,55,15.8,16.9,94.5,3,6,0,87,0,1,0,621,63,372,0,0,24,18
Elijah Klein,81912,G,TB,3,100.0,0,30,37.8,80.6,29.9,0,2,39,100.0,100.0,97.4,2,2,0,87,0,75,0,87,44,44,12,0,43,0
Tyrone Tracy,84226,HB,NYG,15,15.9,0,21,69.5,45.5,54.3,1,5,52,16.1,17.7,94.2,2,6,0,87,0,0,0,548,61,345,0,0,26,0
Carson Wentz,10636,QB,MIN,5,29.0,0,18,50.4,,60.3,0,0,0,0.0,0.0,,3,0,0,87,0,0,0,300,0,212,0,0,87,0
Josh Jacobs,45953,HB,GB,15,15.6,0,12,86.1,37.6,46.2,1,5,53,19.6,19.9,94.3,1,6,0,86,0,0,0,552,57,286,0,0,29,10
Christian McCaffrey,11763,HB,SF,17,9.1,0,28,78.3,40.6,55.1,3,1,46,8.2,9.2,91.3,0,6,2,85,0,0,0,931,54,589,0,0,31,9
James Hudson III,59854,T,NYG,3,100.0,0,21,33.0,46.7,49.9,2,4,55,100.0,100.0,92.7,5,7,1,85,0,0,84,85,61,61,0,1,24,0
Derrick Henry,10679,HB,BLT,17,15.3,0,3,80.4,65.9,56.4,2,4,40,20.5,22.2,90.0,1,7,1,85,0,0,0,555,46,207,0,0,39,0
Cameron Latu,82647,TE,PHI,15,81.7,0,24,66.1,63.9,79.4,0,1,16,50.0,47.2,96.9,1,1,0,85,0,0,0,104,17,36,0,0,68,46
Andre James,47058,C,LAC,2,100.0,0,27,46.6,68.6,33.8,0,2,59,100.0,100.0,98.3,0,2,0,84,84,0,0,84,64,64,0,0,20,0
D.J. Humphries,9457,T,LA,5,100.0,0,26,41.9,54.1,36.7,0,4,42,100.0,100.0,92.9,2,5,1,84,0,0,84,84,45,45,0,0,39,0
Travis Hunter,160766,WR,JAX,7,26.0,0,15,62.2,,57.9,0,0,0,0.0,0.0,,3,0,0,84,0,0,0,323,0,238,0,0,84,0
Kevin Austin Jr.,84345,WR,NO,8,34.3,0,20,57.9,77.4,70.9,0,0,2,1.3,1.2,100.0,1,0,0,83,0,0,0,242,2,161,0,0,81,2
Ross Dwelley,20994,TE,DET,10,69.7,0,11,44.4,76.7,47.0,0,0,8,19.0,20.0,100.0,0,0,0,83,0,0,1,119,9,45,0,0,74,85
Jaylin Noel,125155,WR,HST,17,27.3,0,13,68.8,,46.4,0,0,0,0.0,0.0,,0,0,0,83,0,0,0,304,0,214,0,0,83,1
Trent Scott,24481,T,WAS,8,100.0,0,32,61.7,75.4,61.4,0,2,15,100.0,100.0,93.3,1,2,0,82,0,0,10,82,18,18,0,0,64,69
Jordan Mason,62946,HB,MIN,16,19.9,1,18,74.4,25.1,58.9,4,5,61,27.6,28.1,89.3,1,11,2,82,0,0,0,413,65,231,0,0,17,13
LeQuint Allen,158290,HB,JAX,17,31.3,0,15,58.8,80.8,44.7,0,3,57,28.2,28.2,97.4,0,3,0,81,0,0,0,259,61,216,0,0,20,1
Dalton Kincaid,91791,TE,BUF,12,26.8,0,4,81.8,22.6,63.7,0,0,2,1.0,0.9,100.0,2,0,0,81,0,0,0,302,2,223,0,0,79,101
Ashton Dulin,91479,WR,IND,12,48.8,0,14,62.8,65.7,41.6,0,0,1,1.3,1.2,100.0,0,0,0,81,0,0,0,166,1,83,0,0,80,6
Andrew Beck,47121,FB,NYJ,17,72.3,0,22,66.1,20.3,57.7,1,0,6,17.1,16.7,91.7,0,1,0,81,0,0,0,112,6,36,0,0,75,21
Zay Jones,11792,WR,ARZ,8,29.6,0,1,58.1,,67.5,0,0,0,0.0,0.0,,1,0,0,80,0,0,0,270,0,190,0,0,80,0
Rico Dowdle,40693,HB,CAR,17,13.6,0,5,64.4,24.6,43.2,0,10,49,16.4,16.1,85.7,3,12,2,80,0,0,0,590,52,323,0,0,28,0
Max Brosmer,105568,QB,MIN,7,44.9,0,18,28.0,,60.3,0,0,0,0.0,0.0,,0,0,0,80,0,0,0,178,0,93,0,0,80,0
Isaiah Davis,138299,HB,NYJ,16,27.8,0,22,69.0,56.6,57.6,0,6,60,27.5,27.3,91.7,0,8,2,80,0,1,0,288,62,227,0,0,18,0
Anthony Firkser,51837,TE,DET,7,42.8,0,11,54.2,65.9,47.0,0,0,13,11.1,11.6,100.0,0,0,0,80,0,0,0,187,14,121,0,0,66,72
Jake Bobo,77997,WR,SEA,11,68.4,0,29,53.9,31.3,52.5,0,0,1,2.7,5.1,100.0,1,0,0,80,0,0,0,117,2,39,0,0,78,4
Shane Zylstra,143786,TE,DET,5,48.2,0,11,44.0,42.6,41.0,0,2,17,17.3,17.5,88.2,1,3,1,79,0,0,1,164,18,103,0,0,61,90
Marcedes Lewis,2973,TE,DEN,5,97.5,0,10,51.2,50.3,57.9,0,0,14,93.3,88.2,92.9,2,1,1,79,0,0,2,81,15,17,0,0,64,79
Allen Lazard,48135,WR,NYJ,10,31.6,0,22,49.8,76.2,38.0,0,0,2,1.3,1.2,100.0,2,0,0,79,0,0,0,250,2,173,0,0,77,2
Calvin Ridley,48262,WR,TEN,7,31.6,0,31,67.8,,66.4,0,0,0,0.0,0.0,,1,0,0,79,0,0,0,250,0,171,0,0,79,0
Joe Huber,123565,G,MIN,3,100.0,0,18,43.2,45.5,49.7,0,3,46,100.0,100.0,94.6,2,4,1,79,0,65,0,79,50,50,12,0,29,2
Marvin Mims Jr.,122937,WR,DEN,15,20.6,0,10,63.5,,61.8,0,0,0,0.0,0.0,,0,0,0,78,0,0,0,378,0,290,0,0,78,0
Hakeem Adeniji,45419,G,DAL,6,100.0,0,9,50.8,34.7,56.1,0,2,40,100.0,100.0,97.5,1,2,0,77,0,54,16,77,41,41,0,1,36,5
Tyler Conklin,47124,TE,LAC,10,45.6,1,27,43.3,73.6,46.8,0,0,6,6.7,6.2,100.0,1,0,0,77,0,0,0,169,6,97,0,1,71,100
Jeremy McNichols,11917,HB,WAS,17,22.8,2,32,66.0,51.0,67.9,2,3,48,20.3,20.8,92.7,5,6,1,77,0,0,0,337,56,269,0,0,21,0
Tory Horton,128232,WR,SEA,8,34.2,0,29,70.1,62.4,74.2,0,0,1,0.7,0.7,100.0,1,0,0,77,0,0,0,225,1,149,0,0,76,0
Chase Brown,77787,HB,CIN,17,10.3,0,7,75.1,27.7,56.1,2,4,50,11.1,11.8,94.0,1,6,0,76,0,0,0,737,56,476,0,0,20,2
Evan Engram,11778,TE,DEN,16,16.6,0,10,56.9,74.2,44.2,0,0,9,2.4,2.3,100.0,2,0,0,76,0,0,0,458,9,390,0,0,67,213
Jakob Johnson,32565,FB,HST,7,87.2,0,13,60.9,67.3,62.1,0,0,12,57.1,54.2,100.0,0,0,0,75,0,0,0,86,13,24,0,0,62,14
Quinn Ewers,127253,QB,MIA,4,41.7,0,17,39.7,,60.0,0,0,0,0.0,0.0,,2,0,0,75,0,0,0,180,0,101,0,0,75,0
Xavier Smith,102585,WR,LA,14,32.5,1,26,73.7,68.5,73.1,0,0,3,2.0,1.9,100.0,3,0,0,75,0,0,0,231,3,159,0,0,72,4
Jacory Croskey-Merritt,102382,HB,WAS,17,18.2,0,32,69.6,44.3,50.1,1,5,34,19.5,20.5,91.2,0,6,0,74,0,0,0,406,39,190,0,0,35,0
Tyjae Spears,97195,HB,TEN,13,19.8,1,31,75.3,49.2,35.1,2,3,56,20.8,21.3,95.5,2,5,0,74,0,0,0,373,61,287,0,0,13,6
De'Von Achane,124305,HB,MIA,16,10.5,0,17,88.9,34.5,57.6,0,4,32,7.8,7.9,90.6,1,5,1,73,0,0,0,697,34,429,0,0,39,0
Chris Hubbard,8051,T,DET,1,100.0,0,11,52.7,59.2,46.5,1,0,45,100.0,100.0,96.7,0,2,1,73,0,0,0,73,45,45,0,73,28,0
Jameis Winston,9434,QB,NYG,3,46.8,0,21,74.0,,60.3,0,0,0,0.0,0.0,,1,0,0,73,0,0,0,156,0,77,0,0,73,0
Casey Washington,101710,WR,ATL,7,39.8,0,2,58.5,,65.9,0,0,0,0.0,0.0,,0,0,0,72,0,0,0,181,0,109,0,0,72,0
Cody Ford,39805,T,CIN,7,98.6,0,7,55.8,53.0,41.7,1,2,41,97.6,97.7,93.9,0,4,1,72,0,0,0,73,43,44,0,60,29,9
Tylan Grable,109425,T,BUF,1,100.0,0,4,70.0,83.3,62.7,0,0,28,100.0,100.0,100.0,0,0,0,72,0,0,72,72,30,30,0,0,42,0
Alvin Kamara,11822,HB,NO,11,15.5,0,20,51.7,23.4,68.0,0,3,45,16.0,16.0,83.3,0,9,6,71,0,0,0,457,48,300,0,0,23,0
Max Mitchell,81707,T,NYJ,14,97.3,0,22,69.6,27.8,78.9,0,1,16,88.9,90.5,96.9,1,1,0,71,0,0,7,73,19,21,0,0,52,66
Ray-Ray McCloud III,47895,WR,NYG,6,33.6,0,21,49.6,65.1,33.2,0,0,1,0.7,0.7,100.0,2,0,0,71,0,0,0,211,1,141,0,0,70,0
Branson Taylor,123026,G,LAC,1,100.0,1,27,34.3,45.8,37.1,0,4,50,100.0,100.0,96.0,3,4,0,71,0,71,0,71,55,55,0,0,16,0
Kyle Monangai,129891,HB,CHI,17,14.6,1,6,67.0,29.4,59.4,1,5,43,16.5,16.4,93.0,1,6,0,70,0,0,0,478,46,280,0,0,24,17
Malik Nabers,146759,WR,NYG,4,32.4,0,21,71.8,,60.1,0,0,0,0.0,0.0,,0,0,0,70,0,0,0,216,0,146,0,0,70,0
Philip Rivers,1725,QB,IND,3,39.9,0,14,51.0,,60.0,0,0,0,0.0,0.0,,2,0,0,69,0,0,0,173,0,102,0,0,69,0
Jamari Thrash,97399,WR,CLV,9,31.9,0,8,57.5,,51.3,0,0,0,0.0,0.0,,0,0,0,69,0,0,0,216,0,147,0,0,69,0
Giovanni Manu,183106,T,DET,3,100.0,0,11,43.5,17.5,55.8,0,0,28,100.0,100.0,92.9,0,2,2,69,0,0,68,69,28,28,0,1,41,0
Kareem Hunt,11841,HB,KC,17,13.0,0,16,72.2,63.6,57.2,2,1,49,15.2,14.5,94.9,2,4,1,69,0,0,0,529,50,346,0,0,19,6
Samaje Perine,11869,HB,CIN,15,19.7,0,7,66.6,39.1,57.7,0,4,45,19.9,19.9,91.1,0,6,2,68,0,0,0,346,48,241,0,0,20,10
Tyler Allgeier,83639,HB,ATL,17,20.7,0,2,71.5,70.7,52.2,1,1,33,23.6,23.5,97.0,0,2,0,68,0,0,0,328,35,149,0,0,33,0
Chris Brooks,83644,HB,GB,17,33.5,0,12,69.6,69.2,86.9,2,2,31,22.6,23.2,93.5,0,4,0,68,0,0,0,203,33,142,0,0,35,11
Tyrod Taylor,6332,QB,NYJ,6,27.1,0,22,60.7,,60.0,0,0,0,0.0,0.0,,2,0,0,68,0,0,0,251,0,178,0,0,68,0
Elijah Moore,84302,WR,BUF,9,35.5,0,4,63.0,,74.5,0,0,0,0.0,0.0,,0,0,0,66,0,0,0,186,0,113,0,0,66,1
Jerome Ford,83601,HB,CLV,13,24.5,0,8,55.4,52.9,60.0,0,8,57,25.4,26.6,91.2,0,9,1,66,0,0,0,269,65,244,0,0,1,21
Wanya Morris,98247,T,KC,6,100.0,0,16,57.1,23.7,83.2,2,1,28,100.0,100.0,94.6,2,3,0,66,0,0,27,66,30,30,0,34,36,4
Taysom Hill,12112,TE,NO,13,30.8,0,20,53.4,41.0,59.2,0,0,4,4.3,5.1,100.0,2,0,0,65,0,0,0,211,5,99,0,0,60,33
Emanuel Wilson,154173,HB,GB,17,19.9,0,12,64.0,46.7,31.6,0,5,38,22.8,24.7,93.4,0,5,0,65,0,0,0,327,45,182,0,0,20,4
Justice Hill,45865,HB,BLT,10,29.7,0,3,63.7,37.5,74.7,1,2,36,22.4,22.4,95.8,0,3,0,65,0,0,0,219,39,174,0,0,26,0
Demontrey Jacobs,56619,T,ARZ,4,100.0,0,1,63.7,49.0,69.6,1,1,35,100.0,100.0,94.3,0,3,1,65,0,0,53,65,37,37,0,0,28,12
Frank Crum,75860,T,DEN,10,100.0,0,10,75.2,83.6,66.8,0,0,19,100.0,100.0,100.0,0,0,0,64,0,0,12,64,20,20,0,12,44,40
David Montgomery,45719,HB,DET,17,15.7,0,11,75.3,58.0,58.9,0,3,51,22.6,22.3,93.1,0,5,2,64,0,0,0,408,52,233,0,0,12,0
TreVeyon Henderson,145059,HB,NE,17,12.8,1,19,68.9,23.6,60.2,0,7,34,12.5,13.8,80.9,3,10,3,64,0,0,0,500,40,290,0,0,24,1
Matt Peart,46179,G,DEN,2,100.0,0,10,29.9,25.2,41.3,0,1,33,100.0,100.0,98.5,3,1,0,64,0,60,4,64,36,36,0,0,28,0
Devin Neal,144558,HB,NO,9,23.5,0,20,58.8,57.8,55.8,0,3,30,17.6,18.8,95.0,0,3,0,63,0,0,0,268,34,181,0,0,29,2
Darren Waller,9637,TE,MIA,9,26.6,0,17,82.8,62.4,36.8,0,0,1,0.6,0.6,100.0,1,0,0,62,0,0,0,233,1,171,0,0,61,50
J.K. Dobbins,57366,HB,DEN,10,18.2,0,10,76.8,60.3,47.7,1,4,31,21.4,22.8,91.9,1,5,0,62,0,0,0,341,36,158,0,0,26,0
Russell Wilson,7077,QB,NYG,6,28.2,2,21,63.3,,60.0,0,0,0,0.0,0.0,,4,0,0,62,0,0,0,220,0,152,0,0,62,0
Josh Johnson,4474,QB,WAS,5,44.9,0,32,52.9,,60.3,0,0,0,0.0,0.0,,0,0,0,62,0,0,0,138,0,72,0,0,62,0
RJ Harvey,99622,HB,DEN,17,12.7,0,10,68.3,54.9,58.5,0,4,33,11.2,10.7,93.9,0,4,0,61,0,0,0,480,33,308,0,0,28,4
Chuba Hubbard,57373,HB,CAR,15,14.1,0,5,67.5,46.8,57.4,0,0,46,17.4,16.8,97.8,0,1,1,61,0,0,0,432,47,280,0,0,14,0
Xavier Weaver,101130,WR,ARZ,9,22.4,0,1,49.2,,45.5,0,0,0,0.0,0.0,,0,0,0,61,0,0,0,272,0,211,0,0,61,0
Kenneth Walker III,97199,HB,SEA,17,12.3,0,29,88.4,35.7,58.0,1,5,36,15.5,16.9,88.9,1,7,1,61,0,0,0,497,42,248,0,0,19,3
Tanner Conner,22777,TE,NYG,9,33.7,0,21,46.2,38.6,51.8,0,2,12,9.5,9.1,91.7,0,2,0,61,0,0,0,181,12,132,0,0,49,94
Devin Singletary,40485,HB,NYG,17,19.6,0,21,71.1,67.6,47.8,1,1,36,23.4,25.7,94.4,1,3,1,61,0,0,0,311,44,171,0,0,17,0
Aaron Stinnie,28653,G,NYG,6,100.0,1,21,62.7,58.1,68.5,0,1,19,100.0,100.0,97.4,3,1,0,61,0,56,0,61,25,25,0,0,36,3
Colson Yankoff,83589,TE,WAS,14,55.6,1,32,41.6,19.7,47.0,0,1,2,4.7,5.9,75.0,2,1,0,60,0,0,1,108,3,51,0,0,57,54
Tip Reiman,129423,TE,ARZ,4,61.2,0,1,45.8,46.9,56.8,0,1,10,22.2,20.8,95.0,1,1,0,60,0,0,0,98,10,48,0,0,50,81
Blake Corum,129574,HB,LA,17,18.1,0,26,78.2,48.4,44.6,0,3,51,30.5,30.3,97.1,0,3,0,60,0,0,0,331,54,178,0,0,6,0
Kameron Johnson,165866,WR,TB,14,56.2,0,30,56.1,,55.6,0,0,0,0.0,0.0,,0,0,0,59,0,0,0,105,0,44,0,0,59,0
Charles Grant,142410,T,LV,5,100.0,0,23,70.1,77.7,63.6,0,1,24,100.0,100.0,97.9,0,1,0,59,0,0,48,59,26,26,0,0,33,11
Nick Chubb,45783,HB,HST,15,18.1,0,13,70.5,40.7,60.0,1,2,44,25.9,26.7,96.6,0,3,0,59,0,0,0,326,50,187,0,0,9,0
Moliki Matavao,146561,TE,NO,6,71.1,0,20,45.3,74.7,49.9,0,0,7,24.1,25.0,100.0,1,0,0,59,0,0,0,83,8,32,0,0,51,60
Greg Dortch,42237,WR,ARZ,12,19.9,0,1,62.3,,45.6,0,0,0,0.0,0.0,,1,0,0,58,0,0,0,292,0,226,0,0,58,0
Omarion Hampton,162750,HB,LAC,9,15.1,0,27,77.4,15.7,66.6,2,4,35,15.9,17.0,88.6,0,7,1,58,0,0,0,384,40,235,0,0,18,3
Jacob Monk,98058,C,GB,2,100.0,0,12,73.7,50.7,74.7,0,0,21,100.0,100.0,100.0,0,0,0,57,57,0,0,57,22,22,0,0,35,0
Ollie Gordon II,157792,HB,MIA,17,25.6,0,17,62.4,23.6,45.1,1,1,27,22.7,23.8,92.6,1,3,1,57,0,0,0,223,30,126,0,0,27,0
Bam Knight,97432,HB,ARZ,10,19.8,0,1,69.5,39.0,52.0,1,2,40,23.3,22.8,93.7,0,4,1,56,0,0,0,283,41,180,0,0,15,1
Andrew Meyer,81910,C,MIA,1,100.0,0,17,59.8,74.9,56.0,0,0,28,100.0,100.0,100.0,1,0,0,56,56,0,0,56,29,29,0,0,27,0
Connor Heyward,57301,TE,PIT,16,62.2,0,25,74.8,57.7,55.3,1,0,7,28.0,25.9,92.9,0,1,0,56,0,0,0,90,7,27,0,0,49,21
Beaux Limmer,99067,G,LA,3,100.0,0,26,54.2,0.0,82.2,2,0,27,100.0,100.0,92.6,1,3,1,55,3,29,0,55,28,28,23,0,27,0
Jake Browning,46401,QB,CIN,5,25.9,1,7,51.9,,60.0,0,0,0,0.0,0.0,,3,0,0,55,0,0,0,212,0,150,0,0,55,0
Curtis Samuel,11795,WR,BUF,6,36.4,0,4,61.0,,62.1,0,0,0,0.0,0.0,,1,0,0,55,0,0,0,151,0,95,0,0,55,1
Efton Chism III,141521,WR,NE,8,59.3,0,19,74.1,71.8,68.3,0,0,2,5.6,5.1,100.0,0,0,0,54,0,0,0,91,2,39,0,0,52,7
Cooper Rush,12324,QB,BLT,4,47.0,0,3,59.3,,60.2,0,0,0,0.0,0.0,,0,0,0,54,0,0,0,115,0,57,0,0,54,0
Jaylen Warren,98692,HB,PIT,16,11.0,0,25,81.4,70.7,54.1,0,0,33,13.5,14.4,97.0,0,1,1,54,0,0,0,489,37,257,0,0,17,13
Brady Russell,60876,FB,SEA,12,93.1,0,29,40.9,58.1,51.8,0,0,7,63.6,63.6,100.0,0,0,0,54,0,0,0,58,7,11,0,0,47,12
Luke McCaffrey,101634,WR,WAS,8,31.0,0,32,72.4,,57.6,0,0,0,0.0,0.0,,1,0,0,54,0,0,0,174,0,120,0,0,54,0
Mike Gesicki,47153,TE,CIN,13,16.8,0,7,70.8,26.0,51.0,0,0,1,0.4,0.4,100.0,1,0,0,54,0,0,0,321,1,268,0,0,53,23
Ty Johnson,45769,HB,BUF,17,16.1,0,4,64.9,26.4,62.1,1,2,29,11.8,11.1,94.8,0,3,0,54,0,0,0,335,29,262,0,0,25,14
Jimmy Horn Jr.,144483,WR,CAR,13,36.5,0,5,65.2,,57.8,0,0,0,0.0,0.0,,0,0,0,54,0,0,0,148,0,87,0,0,54,1
Jalin Hyatt,124282,WR,NYG,7,31.0,0,21,46.5,,43.7,0,0,0,0.0,0.0,,0,0,0,53,0,0,0,171,0,118,0,0,53,0
Mitch Trubisky,11757,QB,BUF,4,53.1,0,4,79.8,,60.3,0,0,0,0.0,0.0,,0,0,0,52,0,0,0,98,0,39,0,0,52,0
British Brooks,77714,FB,HST,12,73.2,0,13,78.3,80.2,60.0,0,0,11,84.6,84.6,100.0,0,0,0,52,0,0,0,71,11,13,0,0,41,2
James Proche II,48037,WR,TEN,9,30.2,1,31,54.5,,52.0,0,0,0,0.0,0.0,,2,0,0,52,0,0,0,172,0,120,0,0,52,0
Michael Carter,57337,HB,ARZ,13,13.2,0,1,71.4,69.2,71.3,1,3,42,15.1,16.0,92.9,0,5,1,52,0,0,0,394,47,294,0,0,5,2
Jalen McMillan,131905,WR,TB,4,37.0,0,30,66.3,,50.5,0,0,0,0.0,0.0,,0,0,0,51,0,0,0,138,0,86,0,0,51,0
Lecitus Smith,61069,C,GB,1,100.0,0,12,65.7,74.0,62.5,0,0,17,100.0,100.0,100.0,0,0,0,51,0,51,0,51,18,18,0,0,33,0
Cameron Williams,163867,T,PHI,1,100.0,0,24,69.0,69.8,65.6,1,0,35,100.0,100.0,98.6,0,1,0,51,0,0,1,51,36,36,0,50,15,0
Kenneth Gainwell,77737,HB,PIT,17,9.9,0,25,73.7,68.7,56.6,0,1,23,6.5,6.9,93.5,2,2,1,51,0,0,0,516,26,377,0,0,25,64
Dare Ogunbowale,12329,HB,HST,16,38.8,0,13,48.6,52.5,,0,2,45,40.9,42.4,95.6,0,3,1,50,0,0,0,129,50,118,0,0,0,1
James Cook,83666,HB,BUF,17,7.8,0,4,83.1,35.7,55.4,1,1,21,7.4,7.1,95.2,1,2,0,50,0,0,0,639,21,296,0,0,29,1
Giovanni Ricci,13756,TE,DET,3,84.5,0,11,37.8,18.3,54.9,0,3,6,40.0,40.0,75.0,2,3,0,49,0,0,0,58,6,15,0,1,43,45
Gage Larvadain,150169,WR,CLV,13,26.3,1,8,50.6,,49.8,0,0,0,0.0,0.0,,2,0,0,49,0,0,0,186,0,137,0,0,49,0
Scott Miller,47481,WR,PIT,13,31.0,0,25,58.3,,32.0,0,0,0,0.0,0.0,,0,0,0,49,0,0,0,158,0,109,0,0,49,1
Isiah Pacheco,83747,HB,KC,13,11.6,0,16,58.6,67.2,60.7,0,1,26,9.7,10.2,94.2,1,2,1,49,0,0,0,424,29,285,0,0,20,3
Ben Sims,77918,TE,MIN,9,58.3,0,18,54.3,75.6,40.5,0,0,6,15.0,16.7,100.0,1,0,0,49,0,0,0,84,7,42,0,0,42,66
Chris Rodriguez Jr.,83689,HB,WAS,13,19.2,0,32,73.4,47.7,42.9,1,2,22,20.0,19.7,93.2,1,3,0,49,0,0,0,255,23,117,0,0,26,0
Jayden Reed,78171,WR,GB,7,28.4,0,12,71.7,65.9,50.3,0,0,0,0.0,0.8,,1,0,0,48,0,0,0,169,1,119,0,0,47,4
Jalen Royals,163442,WR,KC,7,55.8,0,16,49.9,,41.5,0,0,0,0.0,0.0,,0,0,0,48,0,0,0,86,0,38,0,0,48,0
Emery Jones Jr.,157117,G,BLT,5,100.0,0,3,50.1,67.5,45.6,1,0,23,100.0,100.0,97.8,1,1,0,48,0,45,0,48,24,24,3,0,24,0
Riley Leonard,143862,QB,IND,5,36.2,0,14,65.5,,60.0,0,0,0,0.0,0.0,,0,0,0,47,0,0,0,130,0,79,0,0,47,0
Mason Rudolph,46569,QB,PIT,5,41.6,0,25,52.5,,60.5,0,0,0,0.0,0.0,,1,0,0,47,0,0,0,113,0,60,0,0,47,0
Keleki Latu,146291,TE,BUF,5,54.1,0,4,73.6,70.5,79.8,0,0,5,11.9,11.4,100.0,0,0,0,46,0,0,0,85,5,44,0,0,41,56
Miles Frazier,123626,G,DET,4,100.0,0,11,26.4,34.5,39.2,1,4,26,100.0,100.0,90.4,2,5,0,46,0,46,0,46,29,29,0,0,17,0
Zak Zinter,129605,G,CLV,4,100.0,0,8,49.1,53.8,48.5,1,0,22,100.0,100.0,93.2,0,2,1,46,17,0,0,46,24,24,12,0,22,16
Hunter Renfrow,47509,WR,CAR,6,21.4,1,5,56.9,,55.2,0,0,0,0.0,0.0,,1,0,0,45,0,0,0,210,0,165,0,0,45,0
Nick Vannett,10728,TE,LA,5,81.8,0,26,58.8,32.6,66.4,0,0,5,33.3,33.3,100.0,0,0,0,45,0,0,0,55,5,15,0,0,40,50
Cam Skattebo,147787,HB,NYG,8,15.3,0,21,80.5,11.6,83.1,0,2,17,11.3,12.8,94.1,1,2,0,45,0,0,0,295,21,164,0,0,24,0
Malik Davis,57196,HB,DAL,9,28.6,0,9,60.3,50.0,59.4,0,2,31,36.9,35.2,93.5,0,3,1,44,0,0,0,154,31,88,0,0,13,0
KeAndre Lambert-Smith,129789,WR,LAC,10,35.8,0,27,56.0,,62.0,0,0,0,0.0,0.0,,2,0,0,44,0,0,0,123,0,79,0,0,44,0
Bucky Irving,144970,HB,TB,10,10.5,0,30,67.8,22.6,60.3,1,3,31,14.3,13.9,90.3,0,5,1,44,0,0,0,421,33,237,0,0,11,0
Ray Davis,101072,HB,BUF,17,25.6,0,4,71.2,51.8,61.1,0,1,12,16.9,17.9,95.8,0,1,0,43,0,0,0,168,14,78,0,0,29,0
Andy Dalton,6187,QB,CAR,4,44.3,0,5,55.0,,60.3,0,0,0,0.0,0.0,,0,0,0,43,0,0,0,97,0,50,0,0,43,0
Drake Dabney,122264,TE,GB,2,80.8,0,12,52.2,23.8,61.7,1,0,7,41.2,44.4,78.6,0,2,1,42,0,0,0,52,8,18,0,0,34,45
Tyreek Hill,10799,WR,MIA,4,27.3,0,17,82.2,,67.3,0,0,0,0.0,0.0,,0,0,0,42,0,0,0,154,0,112,0,0,42,1
Demario Douglas,104155,WR,NE,17,14.6,0,19,79.4,,51.7,0,0,0,0.0,0.0,,0,0,0,42,0,0,0,288,0,239,0,0,42,0
Quinshon Judkins,157128,HB,CLV,14,9.1,0,8,66.6,19.1,69.3,0,3,23,12.4,12.8,89.1,0,4,1,41,0,0,0,451,25,195,0,0,16,5
Tyler Badie,83714,HB,DEN,16,21.2,0,10,57.9,87.4,58.9,0,1,32,19.0,19.9,98.4,1,1,0,41,0,0,0,193,36,181,0,0,5,10
Austin Trammell,52195,WR,JAX,6,44.0,0,15,58.5,,71.4,0,0,0,0.0,0.0,,0,0,0,40,0,0,0,91,0,51,0,0,40,1
Pharaoh Brown,12247,TE,ARZ,7,66.7,0,1,57.9,52.2,72.2,0,1,7,25.9,28.6,92.9,3,1,0,40,0,0,0,60,8,28,0,0,32,51
Jelani Woods,60509,TE,NYJ,4,66.7,0,22,47.3,73.0,48.7,0,0,4,17.4,16.7,100.0,0,0,0,40,0,0,0,60,4,24,0,0,36,46
Dylan Drummond,78187,WR,ATL,8,32.8,0,2,47.5,,39.7,0,0,0,0.0,0.0,,1,0,0,40,0,0,0,122,0,82,0,0,40,0
David Moore,11981,WR,CAR,4,48.1,0,5,51.8,65.4,54.5,0,0,1,2.6,2.4,100.0,0,0,0,39,0,0,0,81,1,42,0,0,38,0
Gunner Olszewski,95015,WR,NYG,10,33.1,0,21,76.7,,50.8,0,0,0,0.0,0.0,,1,0,0,39,0,0,0,118,0,79,0,0,39,1
Bo Melton,61610,WR,GB,13,40.6,1,12,62.6,68.8,77.0,0,0,1,2.0,1.9,100.0,1,0,0,39,0,0,0,96,1,53,0,0,38,1
Carter Runyon,177002,TE,LV,10,82.6,0,23,50.7,72.5,49.5,0,0,10,58.8,55.6,100.0,0,0,0,38,0,0,0,46,10,18,0,0,28,37
Savion Williams,123101,WR,GB,12,40.7,0,12,60.2,,56.9,0,0,0,0.0,0.0,,0,0,0,37,0,0,0,91,0,44,0,0,37,7
Chris Oladokun,40364,QB,KC,3,33.9,0,16,41.4,,60.0,0,0,0,0.0,0.0,,1,0,0,37,0,0,0,109,0,71,0,0,37,0
Jonathan Mingo,97774,WR,DAL,6,46.3,0,9,53.2,,64.9,0,0,0,0.0,0.0,,0,0,0,37,0,0,0,80,0,43,0,0,37,0
Dareke Young,111900,WR,SEA,8,67.9,0,29,72.3,,67.7,0,0,0,0.0,0.0,,0,0,0,36,0,0,0,53,0,17,0,0,36,0
Rasheen Ali,121717,HB,BLT,10,30.3,0,3,58.3,31.0,70.8,0,1,23,24.5,24.8,93.5,0,2,1,36,0,0,0,119,25,101,0,0,11,7
Skyy Moore,97116,WR,SF,14,32.7,0,28,67.5,,65.3,0,0,0,0.0,0.0,,0,0,0,36,0,0,0,110,0,72,0,0,36,0
Bhayshul Tuten,150568,HB,JAX,15,16.3,0,15,65.0,52.1,53.1,0,1,13,12.9,13.6,96.2,0,1,0,35,0,0,0,215,15,110,0,0,20,0
Malik Willis,60341,QB,GB,4,36.1,0,12,92.3,,60.0,0,0,0,0.0,0.0,,0,0,0,35,0,0,0,97,0,49,0,0,35,0
Brashard Smith,143951,HB,KC,17,17.8,0,16,67.3,73.2,54.0,0,0,2,1.8,1.8,100.0,0,0,0,34,0,0,0,191,2,114,0,0,32,1
Jackson Slater,147796,G,TEN,1,100.0,0,31,63.5,79.2,56.0,0,1,22,100.0,100.0,97.7,0,1,0,34,0,0,0,34,22,22,34,0,12,0
Calvin Throckmorton,28238,G,DEN,4,100.0,1,10,75.5,35.4,79.6,1,1,13,100.0,100.0,92.3,1,2,0,34,0,2,0,34,14,14,27,0,20,5
Jalen Brooks,111284,WR,ARZ,6,30.6,0,1,59.7,,56.3,0,0,0,0.0,0.0,,0,0,0,34,0,0,0,111,0,77,0,0,34,0
Tanner McKee,131770,QB,PHI,4,38.2,0,24,61.2,,60.0,0,0,0,0.0,0.0,,0,0,0,34,0,0,0,89,0,50,0,0,34,0
James Mitchell,77885,TE,CAR,5,71.7,0,5,80.5,73.3,68.2,0,0,2,14.3,18.8,100.0,0,0,0,33,0,0,0,46,3,16,0,0,30,41
Aaron Jones,11937,HB,MIN,12,9.0,0,18,65.0,35.6,87.9,0,3,27,12.7,13.0,90.7,0,4,1,33,0,0,0,366,30,230,0,0,3,5
Tanner Hudson,66924,TE,CIN,13,22.3,0,7,73.1,64.9,58.1,0,0,1,0.9,0.9,100.0,0,0,0,33,0,0,0,148,1,116,0,0,32,53
Tutu Atwell,77965,WR,LA,10,17.6,1,26,58.3,,42.2,0,0,0,0.0,0.0,,1,0,0,33,0,0,0,187,0,154,0,0,33,0
Clayton Tune,77652,QB,GB,2,55.9,0,12,37.7,,60.0,0,0,0,0.0,0.0,,0,0,0,33,0,0,0,59,0,23,0,0,33,0
Hayden Rucci,101680,TE,DET,4,84.6,0,11,55.3,75.1,56.6,0,0,4,40.0,40.0,100.0,0,0,0,33,0,0,0,39,4,10,0,0,29,34
KhaDarel Hodge,26104,WR,ATL,10,43.8,0,2,52.6,,38.4,0,0,0,0.0,0.0,,0,0,0,32,0,0,0,73,0,41,0,0,32,1
Jarrett Kingston,81933,G,HST,2,100.0,0,13,56.4,64.1,55.9,0,0,8,100.0,100.0,100.0,0,0,0,32,0,14,0,32,8,8,0,0,24,18
Christian Haynes,77339,G,SEA,3,100.0,0,29,43.9,72.3,41.3,0,1,12,100.0,100.0,95.8,0,1,0,32,11,10,0,32,13,13,11,0,19,0
Justin Watson,66915,WR,HST,3,47.1,0,13,55.7,,52.1,0,0,0,0.0,0.0,,0,0,0,32,0,0,0,68,0,36,0,0,32,0
Kendre Miller,123091,HB,NO,7,28.3,0,20,74.0,57.4,51.7,0,1,18,37.5,35.2,97.2,0,1,0,32,0,0,0,113,19,54,0,0,13,0
Audric Estime,147476,HB,NO,6,17.7,0,20,75.8,63.4,43.6,0,2,17,15.0,14.3,94.1,0,2,0,32,0,0,0,181,17,119,0,0,15,0
Dylan Sampson,163772,HB,CLV,15,12.8,1,8,65.8,23.0,31.2,2,1,14,8.8,10.4,89.3,1,3,0,32,0,0,0,250,18,173,0,0,14,12
Mike Jerrell,183057,T,ATL,1,100.0,0,2,24.2,10.0,29.1,1,2,16,100.0,100.0,84.4,0,4,1,32,0,0,32,32,17,17,0,0,15,0
Dante Pettis,48113,WR,NO,7,27.2,0,20,65.7,,54.3,0,0,0,0.0,0.0,,2,0,0,31,0,0,0,114,0,83,0,0,31,0
Alex Bachman,47996,WR,LV,11,63.3,0,23,64.6,,68.7,0,0,0,0.0,0.0,,1,0,0,31,0,0,0,49,0,18,0,0,31,0
Jakobie Keeney-James,102578,WR,GB,1,64.6,0,12,55.2,,56.0,0,0,0,0.0,0.0,,0,0,0,31,0,0,0,48,0,17,0,0,31,4
Xavier Newman,58525,G,NYJ,4,100.0,0,22,46.0,28.5,53.2,1,1,20,100.0,100.0,95.0,0,2,0,31,0,31,0,31,21,21,0,0,10,0
LaJohntay Wester,123616,WR,BLT,14,53.4,0,3,52.8,,63.5,0,0,0,0.0,0.0,,0,0,0,31,0,0,0,58,0,27,0,0,31,0
Emari Demercado,77763,HB,ARZ,12,15.7,1,1,53.8,46.0,29.6,0,2,25,17.7,18.1,88.0,1,4,2,31,0,0,0,197,27,149,0,0,4,0
Raheem Mostert,9783,HB,LV,12,21.7,0,23,56.9,45.9,60.0,0,0,21,21.0,21.8,95.2,0,1,1,30,0,0,0,138,24,110,0,0,6,1
Hayden Conner,144723,G,ARZ,3,100.0,0,1,65.8,68.9,62.9,0,2,18,100.0,100.0,94.4,0,2,0,29,0,29,0,29,18,18,0,0,11,0
Drew Lock,39517,QB,SEA,5,76.3,0,29,27.4,,60.0,0,0,0,0.0,0.0,,0,0,0,29,0,0,0,38,0,3,0,0,29,0
Garrett Dellinger,146770,G,TEN,1,100.0,0,31,67.0,73.3,62.2,1,0,23,100.0,100.0,97.8,0,1,0,29,0,0,0,29,23,23,29,0,6,0
Stone Smartt,60492,TE,NYJ,8,33.3,0,22,56.0,22.4,49.6,0,0,7,11.1,11.1,100.0,0,0,0,28,0,0,0,84,7,63,1,0,21,40
Luke Tenuta,77367,T,IND,2,100.0,0,14,57.7,81.3,43.1,0,1,13,100.0,100.0,96.2,0,1,0,28,0,0,26,28,14,14,0,1,14,1
Beaux Collins,144112,WR,NYG,8,33.3,0,21,47.6,,31.7,0,0,0,0.0,0.0,,1,0,0,28,0,0,0,84,0,56,0,0,28,0
Devin Culp,84080,TE,TB,10,48.2,0,30,55.9,,52.6,0,0,0,0.0,0.0,,0,0,0,27,0,0,0,56,0,29,0,0,27,33
Anthony Gould,97078,WR,IND,6,46.6,0,14,52.0,,60.3,0,0,0,0.0,0.0,,0,0,0,27,0,0,0,58,0,31,0,0,27,0
Derius Davis,78196,WR,LAC,10,31.0,0,27,52.7,,53.6,0,0,0,0.0,0.0,,0,0,0,26,0,0,0,84,0,56,0,0,26,0
D'Wayne Eskridge,29573,WR,MIA,13,29.9,0,17,68.1,,77.1,0,0,0,0.0,0.0,,0,0,0,26,0,0,0,87,0,61,0,0,26,2
Brian Robinson,57120,HB,SF,17,13.7,0,28,69.9,41.3,60.6,0,0,5,7.1,7.8,100.0,0,0,0,26,0,0,0,190,6,77,0,0,20,0
Aidan O'Connell,60516,QB,LV,1,51.0,0,23,65.7,,60.0,0,0,0,0.0,0.0,,0,0,0,26,0,0,0,51,0,25,0,0,26,0
Sean Tucker,123056,HB,TB,15,14.7,0,30,66.2,23.0,60.4,0,1,14,19.2,20.0,96.4,0,1,0,26,0,0,0,177,15,75,0,0,11,0
Noah Brown,11993,WR,WAS,4,24.5,0,32,58.8,,42.4,0,0,0,0.0,0.0,,1,0,0,25,0,0,0,102,0,77,0,0,25,0
Josiah Deguara,47034,TE,ARZ,11,29.8,0,1,50.1,68.3,43.0,0,0,2,3.4,3.3,100.0,0,0,0,25,0,0,0,84,2,61,0,0,23,43
Travis Vokolek,61004,TE,ARZ,3,78.1,0,1,41.6,42.8,46.5,0,0,1,14.3,12.5,100.0,0,0,0,25,0,0,0,32,1,8,0,0,24,27
Ko Kieft,41372,TE,TB,3,86.2,0,30,80.1,73.1,83.6,0,0,3,42.9,42.9,100.0,0,0,0,25,0,0,0,29,3,7,0,0,22,16
Adin Huntington,130493,DI,CLV,10,96.0,1,8,51.8,51.0,63.5,0,0,4,80.0,80.0,100.0,1,0,0,24,0,0,0,25,4,5,0,0,20,8
Robbie Chosen,11254,WR,WAS,3,33.3,0,32,62.3,,57.2,0,0,0,0.0,0.0,,0,0,0,24,0,0,0,72,0,48,0,0,24,0
Jaret Patterson,77745,HB,LAC,6,20.7,0,27,65.9,45.2,40.9,1,1,15,26.3,23.1,86.7,0,3,1,24,0,0,0,116,15,65,0,0,9,2
Bryce Cabeldue,122550,G,SEA,5,100.0,0,29,73.4,,70.7,0,0,0,,,,1,0,0,24,6,3,0,24,0,0,15,0,24,0
Luke Newman,143066,G,CHI,2,96.0,0,6,66.4,38.3,74.6,0,0,13,92.9,94.1,100.0,0,0,0,24,0,3,0,25,16,17,20,0,8,0
Brandon Walton,41533,G,CAR,2,100.0,0,5,68.3,22.8,78.6,0,2,13,100.0,100.0,92.3,1,2,0,24,0,0,0,24,15,15,22,0,9,2
Hassan Haskins,83701,HB,LAC,10,27.7,0,27,58.5,44.2,71.6,0,2,16,27.6,28.3,93.7,0,2,0,23,0,0,0,83,17,60,0,0,6,0
Will Shipley,144138,HB,PHI,15,19.7,0,24,54.7,37.2,77.8,0,1,14,15.4,16.5,96.4,0,1,0,23,0,0,0,117,16,97,0,0,7,0
Nick Zakelj,59693,G,SF,2,100.0,0,28,39.8,26.5,48.6,0,2,19,100.0,100.0,94.7,0,2,0,23,0,23,0,23,19,19,0,0,4,0
Cam Grandy,134552,TE,CIN,5,82.1,0,7,38.8,77.0,61.0,0,0,0,0.0,28.6,,0,0,0,23,0,0,0,28,2,7,0,0,21,19
Tank Bigsby,123974,HB,PHI,12,16.5,1,24,81.8,13.4,61.1,0,2,8,13.6,17.5,87.5,1,2,0,23,0,0,0,139,11,63,0,0,12,0
Calvin Anderson,46247,T,PIT,1,100.0,0,25,56.1,42.8,62.5,0,1,13,100.0,100.0,96.2,0,1,0,23,0,0,23,23,15,15,0,0,8,0
Tai Felton,144886,WR,MIN,6,50.0,0,18,60.0,,62.8,0,0,0,0.0,0.0,,0,0,0,23,0,0,0,46,0,23,0,0,23,0
Lucas Patrick,11435,G,CIN,5,100.0,0,7,63.9,65.9,62.0,0,0,8,100.0,100.0,100.0,0,0,0,23,0,1,0,23,8,8,16,0,15,4
Trevor Etienne,157730,HB,CAR,14,36.5,0,5,69.7,69.2,62.3,0,0,1,5.0,4.5,100.0,0,0,0,23,0,0,0,63,1,22,0,0,22,0
Brenden Jaimes,59909,C,NE,2,100.0,0,19,66.0,63.3,66.0,0,0,7,100.0,100.0,100.0,0,0,0,22,22,0,0,22,8,8,0,0,14,0
Joshua Dobbs,11890,QB,NE,4,51.2,0,19,64.0,,60.0,0,0,0,0.0,0.0,,0,0,0,22,0,0,0,43,0,12,0,0,22,0
Mason Kinsey,115664,WR,TEN,10,31.3,0,31,60.5,,58.3,0,0,0,0.0,0.0,,0,0,0,21,0,0,0,67,0,46,0,0,21,0
Nick Mullens,12282,QB,JAX,5,58.3,0,15,70.6,,60.0,0,0,0,0.0,0.0,,0,0,0,21,0,0,0,36,0,3,0,0,21,0
Nikko Remigio,84150,WR,KC,9,67.7,0,16,72.0,,59.5,0,0,0,0.0,0.0,,0,0,0,21,0,0,0,31,0,9,0,0,21,1
Gardner Minshew,41401,QB,KC,4,51.2,0,16,33.4,,60.0,0,0,0,0.0,0.0,,1,0,0,21,0,0,0,41,0,15,0,0,21,0
Kenny Pickett,60515,QB,LV,6,25.0,0,23,48.4,,60.0,0,0,0,0.0,0.0,,0,0,0,20,0,0,0,80,0,58,0,0,20,0
Jared Wayne,99691,WR,HST,1,57.1,0,13,63.5,,59.5,0,0,0,0.0,0.0,,0,0,0,20,0,0,0,35,0,15,0,0,20,0
Andre Baccellia,47901,WR,ARZ,4,21.7,0,1,45.6,,51.5,0,0,0,0.0,0.0,,0,0,0,20,0,0,0,92,0,72,0,0,20,0
Lucas Krull,83962,TE,DEN,3,37.7,0,10,48.1,,55.0,0,0,0,0.0,0.0,,0,0,0,20,0,0,0,53,0,33,0,0,20,33
Joe Milton III,82151,QB,DAL,4,37.3,0,9,52.7,,60.0,0,0,0,0.0,0.0,,0,0,0,19,0,0,0,51,0,30,0,0,19,0
Jahdae Walker,175944,WR,CHI,7,22.1,0,6,67.3,,58.5,0,0,0,0.0,0.0,,0,0,0,19,0,0,0,86,0,67,0,0,19,0
AJ Dillon,57165,HB,PHI,7,38.0,0,24,54.7,71.3,60.0,0,1,7,28.0,25.9,92.9,0,1,0,19,0,0,0,50,7,27,0,0,12,1
DJ Giddens,144595,HB,IND,9,27.1,0,14,52.2,15.4,60.0,0,3,5,18.5,17.2,70.0,0,3,0,19,0,0,0,70,5,29,0,0,14,0
Keaton Mitchell,123826,HB,BLT,13,14.4,0,3,57.5,22.2,59.2,0,1,6,11.1,10.5,91.7,0,1,0,19,0,0,0,132,6,57,0,0,13,2
David Quessenberry,7957,T,LA,3,100.0,0,26,59.0,,58.0,0,0,0,,,,0,0,0,18,0,0,0,18,0,0,12,6,18,0
Laquon Treadwell,10657,WR,IND,7,50.0,0,14,52.5,,54.5,0,0,0,0.0,0.0,,0,0,0,18,0,0,0,36,0,18,0,0,18,0
Trey Lance,91399,QB,LAC,4,18.0,0,27,36.0,,60.0,0,0,0,0.0,0.0,,1,0,0,18,0,0,0,100,0,72,0,0,18,0
Marcus Bryant,121917,T,NE,3,100.0,0,19,49.0,28.6,54.1,0,2,7,100.0,100.0,85.7,0,2,0,18,0,0,0,18,7,7,0,18,11,0
Brandon Crenshaw-Dickson,101241,T,TEN,3,100.0,0,31,60.5,16.8,69.7,1,0,5,100.0,100.0,90.0,0,1,0,18,0,0,1,18,7,7,0,0,11,17
Evan Hull,97302,HB,NO,6,22.1,0,20,51.5,27.5,60.3,0,1,8,18.2,18.4,81.2,0,2,1,17,0,0,0,77,9,49,0,0,8,0
Tom Kennedy,94379,WR,DET,4,35.4,0,11,66.6,,54.2,0,0,0,0.0,0.0,,0,0,0,17,0,0,0,48,0,31,0,0,17,0
Brandon Allen,10835,QB,TEN,1,34.7,0,31,36.4,,60.0,0,0,0,0.0,0.0,,0,0,0,17,0,0,0,49,0,32,0,0,17,0
Trey Benson,131705,HB,ARZ,4,13.7,0,1,62.3,57.0,57.9,0,1,6,7.7,8.3,91.7,0,1,0,17,0,0,0,124,7,84,0,0,10,0
Miles Sanders,40555,HB,DAL,4,24.6,0,9,66.7,36.8,60.0,1,2,11,30.6,33.3,86.4,0,3,0,16,0,0,0,65,14,42,0,0,2,0
Tim Jones,61669,WR,JAX,4,61.5,0,15,64.7,62.4,54.6,0,0,1,9.1,9.1,100.0,0,0,0,16,0,0,0,26,1,11,0,0,15,0
Ronnie Bell,84288,WR,NO,2,42.1,0,20,74.5,,74.2,0,0,0,0.0,0.0,,0,0,0,16,0,0,0,38,0,22,0,0,16,0
Trayveon Williams,45775,HB,CLV,5,20.0,0,8,59.7,50.1,60.0,0,0,12,18.8,18.2,100.0,0,0,0,16,0,0,0,80,12,66,0,0,4,5
Braelon Allen,145159,HB,NYJ,4,27.6,0,22,50.1,83.9,69.1,0,0,6,23.1,21.4,100.0,0,0,0,16,0,0,0,58,6,28,0,0,10,0
Zamir White,83665,HB,LV,5,25.4,0,23,51.6,57.7,60.0,0,0,11,26.8,25.5,100.0,0,0,0,16,0,0,0,63,12,47,0,0,4,0
Jared Wiley,98508,TE,KC,4,57.1,0,16,61.7,73.6,63.0,0,0,3,21.4,20.0,100.0,0,0,0,16,0,0,0,28,3,15,0,0,13,23
CJ Dippre,144888,TE,NE,2,75.0,0,19,52.3,72.7,54.9,0,0,1,20.0,16.7,100.0,0,0,0,15,0,0,0,20,1,6,0,0,14,20
Khalil Herbert,41668,HB,NYJ,3,30.0,0,22,61.8,77.0,60.0,0,0,12,40.0,38.7,100.0,0,0,0,15,0,0,0,50,12,31,0,0,3,0
Myles Price,123155,WR,MIN,5,82.4,0,18,57.2,,60.9,0,0,0,0.0,0.0,,0,0,0,14,0,0,0,17,0,3,0,0,14,0
Dominic Lovett,146872,WR,DET,7,100.0,1,11,44.5,,56.9,0,0,0,,,,1,0,0,14,0,0,0,14,0,0,0,0,14,0
Devin Duvernay,40006,WR,CHI,6,35.0,0,6,68.7,,50.1,0,0,0,0.0,0.0,,0,0,0,14,0,0,0,40,0,26,0,0,14,1
Theo Wease Jr.,98005,WR,MIA,3,25.5,0,17,80.1,,74.7,0,0,0,0.0,0.0,,1,0,0,14,0,0,0,55,0,41,0,0,14,0
Jaleel McLaughlin,138346,HB,DEN,8,16.5,0,10,70.7,77.1,60.1,0,0,3,8.1,8.1,100.0,0,0,0,14,0,0,0,85,3,37,0,0,11,0
Khyiris Tonga,52000,DI,NE,5,100.0,0,19,73.3,78.0,72.2,0,0,2,100.0,100.0,100.0,0,0,0,14,0,0,0,14,2,2,0,0,12,1
Feleipe Franks,40217,TE,ATL,7,86.7,0,2,80.1,,60.9,0,0,0,,,,0,0,0,13,0,0,0,15,0,0,0,0,13,11
Ricky White,129639,WR,SEA,2,100.0,0,29,59.4,,57.7,0,0,0,,,,0,0,0,13,0,0,0,13,0,0,0,0,13,0
Teddy Bridgewater,8667,QB,TB,4,37.1,0,30,43.8,,60.0,0,0,0,0.0,0.0,,0,0,0,13,0,0,0,35,0,20,0,0,13,0
Tay Martin,61811,WR,WAS,3,43.3,0,32,69.9,,59.9,0,0,0,0.0,0.0,,0,0,0,13,0,0,0,30,0,17,0,0,13,0
Ameer Abdullah,9487,HB,IND,13,14.9,0,14,70.5,44.2,56.3,0,1,8,12.1,11.8,93.7,0,1,0,13,0,0,0,87,8,68,0,0,5,0
Jaydon Blue,157303,HB,DAL,5,16.7,0,9,56.9,82.1,60.0,0,0,6,20.0,19.4,100.0,1,0,0,13,0,0,0,78,6,31,0,0,7,0
Corey Bullock,108855,C,BLT,5,100.0,0,3,59.3,69.6,58.0,0,0,1,100.0,100.0,100.0,0,0,0,13,7,0,0,13,1,1,0,1,12,5
Braxton Berrios,47961,WR,HST,3,21.7,0,13,60.9,,31.3,0,0,0,0.0,0.0,,1,0,0,13,0,0,0,60,0,47,0,0,13,0
Austin Ekeler,12164,HB,WAS,2,18.8,0,32,56.2,67.0,58.8,0,0,10,20.0,19.2,100.0,1,0,0,13,0,0,0,69,10,52,0,0,3,0
Simi Fehoko,84424,WR,ARZ,5,32.4,0,1,50.7,,61.1,0,0,0,0.0,0.0,,0,0,0,12,0,0,0,37,0,25,0,0,12,0
Jaylen Wright,146934,HB,MIA,10,9.4,0,17,69.4,5.3,60.0,0,1,1,2.4,2.3,50.0,0,1,0,12,0,0,0,127,1,44,0,0,11,0
Deven Thompkins,84480,WR,ATL,4,54.5,0,2,66.7,,43.7,0,0,0,0.0,0.0,,1,0,0,12,0,0,0,22,0,9,0,0,12,0
Zach Wilson,82096,QB,MIA,4,46.2,0,17,49.1,,60.0,0,0,0,0.0,0.0,,0,0,0,12,0,0,0,26,0,12,0,0,12,0
Zavier Scott,55123,HB,MIN,9,11.4,0,18,71.4,74.3,,0,0,12,17.4,16.2,100.0,0,0,0,12,0,0,0,105,12,74,0,0,0,1
Britain Covey,32933,WR,PHI,3,30.0,0,24,57.5,,60.5,0,0,0,0.0,0.0,,0,0,0,12,0,0,0,40,0,28,0,0,12,1
Michael Niese,108444,C,DET,2,100.0,0,11,65.8,75.3,65.1,0,0,5,100.0,100.0,100.0,0,0,0,12,12,0,0,12,5,5,0,0,7,0
James Conner,11860,HB,ARZ,3,12.9,1,1,63.7,29.2,60.0,0,0,7,14.6,16.4,100.0,1,0,0,12,0,0,0,93,9,55,0,0,3,0
Raheim Sanders,146626,HB,CLV,4,18.6,0,8,73.6,77.5,59.7,0,0,4,17.4,16.7,100.0,0,0,0,11,0,0,0,59,4,24,0,0,7,1
Tahj Brooks,123133,HB,CIN,7,23.4,0,7,48.7,2.9,60.0,0,2,3,13.0,13.0,66.7,0,2,0,11,0,0,0,47,3,23,0,0,8,0
Kyle Allen,26152,QB,DET,3,68.8,0,11,73.7,,60.0,0,0,0,0.0,0.0,,0,0,0,11,0,0,0,16,0,2,0,0,11,0
Malik Turner,48078,WR,SF,3,64.7,0,28,54.6,,58.3,0,0,0,0.0,0.0,,0,0,0,11,0,0,0,17,0,6,0,0,11,0
Jovaughn Gwyn,81839,G,ATL,5,100.0,0,2,81.2,79.0,77.6,0,0,5,100.0,100.0,100.0,0,0,0,11,0,0,0,11,5,5,9,0,6,1
D'Ernest Johnson,45734,HB,NE,6,23.9,0,19,53.3,22.5,60.0,2,0,6,26.1,23.1,83.3,0,2,0,11,0,0,0,46,6,26,0,0,5,0
Terrell Jennings,102408,HB,NE,5,28.9,0,19,65.2,74.6,60.0,0,0,3,42.9,42.9,100.0,0,0,0,11,0,0,0,38,3,7,0,0,8,0
E.J. Jenkins,109834,TE,PHI,2,90.9,0,24,55.8,,56.9,0,0,0,0.0,0.0,,0,0,0,10,0,0,0,11,0,1,0,0,10,11
Zach Horton,148361,TE,DET,2,90.9,0,11,46.1,9.8,56.5,0,0,1,50.0,50.0,100.0,0,0,0,10,0,0,0,11,1,2,0,0,9,2
Jalen Ramsey,10639,S,PIT,6,100.0,3,25,60.0,,60.0,0,0,0,,,,7,0,0,10,0,0,0,10,0,0,0,0,10,0
DeeJay Dallas,55632,HB,JAX,3,38.5,0,15,44.1,22.8,60.0,0,2,4,23.5,23.5,75.0,0,2,0,10,0,0,0,26,4,17,0,0,6,0
Dalen Cambre,102933,WR,NYG,5,62.5,0,21,56.9,,60.1,0,0,0,0.0,0.0,,0,0,0,10,0,0,0,16,0,6,0,0,10,0
Jordan Watkins,122730,WR,SF,4,40.0,0,28,61.3,,60.3,0,0,0,0.0,0.0,,0,0,0,10,0,0,0,25,0,15,0,0,10,0
Julius Chestnut,109239,HB,TEN,10,25.0,0,31,60.8,26.3,40.4,0,0,3,13.6,13.6,100.0,0,0,0,10,0,0,0,40,3,22,0,0,7,0
Jimmy Garoppolo,8697,QB,LA,3,50.0,0,26,55.6,,60.0,0,0,0,,,,1,0,0,9,0,0,0,18,0,0,0,0,9,0
Will Mallory,77888,TE,IND,2,56.3,0,14,82.0,69.3,59.8,0,0,1,12.5,12.5,100.0,0,0,0,9,0,0,0,16,1,8,0,0,8,10
Jawhar Jordan,99595,HB,HST,4,11.4,0,13,79.2,80.5,60.0,0,0,6,19.4,20.6,100.0,0,0,0,9,0,0,0,79,7,34,0,0,2,0
Sidy Sow,59675,G,HST,1,100.0,0,13,38.8,18.2,52.4,0,2,7,100.0,100.0,85.7,0,2,0,9,0,0,0,9,7,7,9,0,2,0
Treyton Welch,98097,TE,NO,3,56.3,0,20,53.3,80.5,57.1,0,0,2,22.2,22.2,100.0,0,0,0,9,0,0,0,16,2,9,0,0,7,11
Shane Buechele,12659,QB,KC,1,31.0,0,16,51.2,,60.0,0,0,0,0.0,0.0,,0,0,0,9,0,0,0,29,0,20,0,0,9,0
Cooper DeJean,144867,CB,PHI,5,100.0,4,24,60.0,,60.0,0,0,0,,,,6,0,0,8,0,0,0,8,0,0,0,0,8,0
Charlie Jones,55038,WR,CIN,5,40.0,0,7,47.6,,34.6,0,0,0,0.0,0.0,,0,0,0,8,0,0,0,20,0,12,0,0,8,0
Jason Brownlee,121451,WR,KC,4,30.8,0,16,52.5,,60.3,0,0,0,0.0,0.0,,0,0,0,8,0,0,0,26,0,18,0,0,8,0
Steven Sims,48341,WR,ARZ,3,66.7,0,1,40.0,,58.8,0,0,0,0.0,0.0,,0,0,0,8,0,0,0,12,0,4,0,0,8,0
Ke'Shawn Williams,123406,WR,CIN,7,34.8,0,7,54.4,,60.4,0,0,0,0.0,0.0,,0,0,0,8,0,0,0,23,0,13,0,0,8,0
Anthony Richardson,124393,QB,IND,2,57.1,0,14,72.4,,60.0,0,0,0,0.0,0.0,,0,0,0,8,0,0,0,14,0,2,0,0,8,0
Russell Gage,44771,WR,SF,1,28.6,0,28,51.2,,58.2,0,0,0,0.0,0.0,,0,0,0,8,0,0,0,28,0,20,0,0,8,0
Sal Cannella,60853,TE,CLV,2,27.6,0,8,51.3,71.6,54.1,0,0,1,4.8,4.5,100.0,0,0,0,8,0,0,0,29,1,22,0,0,7,16
Ryan McCollum,41974,C,PIT,3,100.0,0,25,69.0,72.7,67.6,0,0,1,100.0,100.0,100.0,0,0,0,8,3,4,0,8,2,2,0,0,6,1
Caedan Wallace,98427,G,NE,1,100.0,0,19,72.9,77.8,69.1,0,0,2,100.0,100.0,100.0,0,0,0,8,0,8,0,8,2,2,0,0,6,0
Najee Harris,57121,HB,LAC,3,18.6,0,27,81.4,26.2,60.0,0,1,5,21.7,20.8,90.0,0,1,0,8,0,0,0,43,5,24,0,0,3,0
Stephen Carlson,94365,TE,CHI,2,57.1,0,6,49.8,45.9,55.1,0,0,2,28.6,25.0,100.0,0,0,0,8,0,0,0,14,2,8,0,0,6,7
Brayden Willis,77917,TE,SF,6,61.5,0,28,53.6,66.5,60.0,0,0,1,16.7,16.7,100.0,0,0,0,8,0,0,0,13,1,6,0,0,7,10
Antonio Gibson,78050,HB,NE,5,15.4,0,19,55.1,78.2,60.0,0,0,4,18.2,17.4,100.0,0,0,0,8,0,0,0,52,4,23,0,0,4,0
Jacoby Jones,157518,WR,WAS,1,72.7,0,32,92.1,,86.4,0,0,0,0.0,0.0,,0,0,0,8,0,0,0,11,0,3,0,0,8,0
Bryce Oliver,84248,WR,TEN,3,26.7,0,31,52.8,,60.9,0,0,0,0.0,0.0,,0,0,0,8,0,0,0,30,0,22,0,0,8,1
Tyson Bagent,169628,QB,CHI,3,57.1,0,6,60.3,,60.0,0,0,0,0.0,0.0,,0,0,0,8,0,0,0,14,0,5,0,0,8,0
Jalen Moreno-Cropper,97273,WR,DAL,3,87.5,0,9,58.9,,60.6,0,0,0,0.0,0.0,,1,0,0,7,0,0,0,8,0,1,0,0,7,0
Ty Chandler,62942,HB,MIN,2,16.7,0,18,61.8,66.0,60.0,1,0,4,20.0,22.7,87.5,0,1,0,7,0,0,0,42,5,22,0,0,2,0
Zach Davidson,143780,TE,NYG,1,100.0,0,21,81.1,67.2,72.8,0,0,1,100.0,100.0,100.0,0,0,0,7,0,0,0,7,1,1,0,0,6,7
Carson Vinson,142734,T,BLT,2,100.0,0,3,73.2,74.7,74.6,0,0,1,100.0,100.0,100.0,0,0,0,7,0,0,7,7,1,1,0,0,6,0
Dameon Pierce,83659,HB,KC,3,25.0,0,16,36.7,7.1,60.0,1,0,2,22.2,22.2,75.0,0,1,0,7,0,0,0,28,2,9,0,0,5,0
Jacob Saylors,87559,HB,DET,4,77.8,0,11,67.4,,59.8,0,0,0,,,,0,0,0,7,0,0,0,9,0,0,0,0,7,0
Kendall Lamm,10017,T,MIA,1,100.0,0,17,53.5,68.6,51.1,0,0,1,100.0,100.0,100.0,0,0,0,7,0,0,7,7,1,1,0,0,6,0
George Holani,72154,HB,SEA,4,19.4,0,29,59.9,70.6,60.0,0,0,2,22.2,22.2,100.0,0,0,0,7,0,0,0,36,2,9,0,0,5,0
Ronnie Rivers,57208,HB,LA,4,31.6,0,26,80.2,,60.0,0,0,0,0.0,0.0,,0,0,0,6,0,0,0,19,0,3,0,0,6,0
Donovan Jennings,86861,G,GB,1,100.0,0,12,60.9,77.0,59.1,0,0,4,100.0,100.0,100.0,0,0,0,6,0,6,0,6,4,4,0,0,2,0
Chris Blair,84096,WR,ATL,2,50.0,0,2,45.1,,58.4,0,0,0,0.0,0.0,,1,0,0,6,0,0,0,12,0,6,0,0,6,0
Kalel Mullings,129590,HB,TEN,4,50.0,0,31,65.8,77.0,60.0,0,0,2,40.0,40.0,100.0,0,0,0,6,0,0,0,12,2,5,0,0,4,0
Trevor Keegan,101544,G,DAL,1,100.0,0,9,58.2,77.3,57.7,0,0,4,100.0,100.0,100.0,0,0,0,6,0,6,0,6,4,4,0,0,2,0
Albert Okwuegbunam,41933,TE,LV,1,19.4,0,23,72.2,,56.0,0,0,0,0.0,0.0,,0,0,0,6,0,0,0,31,0,25,0,0,6,17
Kaleb Johnson,156419,HB,PIT,10,11.8,0,25,40.2,8.4,60.0,0,0,2,11.1,11.1,100.0,1,0,0,6,0,0,0,51,2,18,0,0,4,0
Quentin Skinner,122579,WR,NYJ,1,37.5,0,22,82.8,,48.2,0,0,0,0.0,0.0,,0,0,0,6,0,0,0,16,0,10,0,0,6,0
Xavier Restrepo,122220,WR,TEN,2,20.0,0,31,71.5,,53.5,0,0,0,0.0,0.0,,0,0,0,6,0,0,0,30,0,24,0,0,6,0
Tyler Goodson,101659,HB,IND,9,13.5,0,14,52.0,75.0,60.2,0,0,1,4.5,4.2,100.0,0,0,0,5,0,0,0,37,1,24,0,0,4,0
River Cracraft,47417,WR,WAS,1,71.4,0,32,57.1,,59.7,0,0,0,0.0,0.0,,0,0,0,5,0,0,0,7,0,2,0,0,5,0
Dylan Laube,88664,HB,LV,5,18.5,0,23,44.2,2.8,60.0,0,2,3,16.7,16.7,33.3,0,3,1,5,0,0,0,27,3,18,0,0,2,0
Talanoa Hufanga,83903,S,DEN,3,100.0,0,10,60.0,,60.0,0,0,0,,,,4,0,0,5,0,0,0,5,0,0,0,0,5,0
Xavier Gipson,104136,WR,NYG,3,55.6,0,21,59.2,,60.0,0,0,0,0.0,0.0,,0,0,0,5,0,0,0,9,0,4,0,0,5,0
Justin Shorter,84376,WR,LV,3,100.0,0,23,60.4,,60.0,0,0,0,,,,0,0,0,5,0,0,0,5,0,0,0,0,5,0
Brandon Smith,61327,WR,NYJ,1,62.5,0,22,55.8,,60.6,0,0,0,0.0,0.0,,0,0,0,5,0,0,0,8,0,3,0,0,5,0
Tahj Washington,97288,WR,MIA,6,11.1,0,17,53.0,,60.0,0,0,0,0.0,0.0,,0,0,0,5,0,0,0,45,0,40,0,0,5,0
Jackson Meeks,146714,WR,DET,2,100.0,0,11,60.2,,60.3,0,0,0,,,,0,0,0,5,0,0,0,5,0,0,0,0,5,1
Sean McKeon,42266,TE,IND,1,62.5,0,14,55.0,45.1,60.6,0,0,1,25.0,40.0,100.0,0,0,0,5,0,0,0,8,2,5,0,0,3,8
Amari Kight,99064,T,SEA,2,100.0,0,29,51.9,69.2,51.2,0,0,2,100.0,100.0,100.0,0,0,0,4,0,0,1,4,2,2,0,0,2,3
Ja'Corey Brooks,146587,WR,WAS,1,57.1,0,32,54.7,,55.8,0,0,0,0.0,0.0,,0,0,0,4,0,0,0,7,0,3,0,0,4,0
Josh Sills,41748,G,IND,1,100.0,0,14,82.6,72.5,77.9,0,0,1,100.0,100.0,100.0,0,0,0,4,0,4,0,4,1,1,0,0,3,0
Jack Nelson,129927,T,ATL,2,100.0,0,2,60.1,,60.1,0,0,0,,,,0,0,0,4,0,0,4,4,0,0,0,0,4,0
Kene Nwangwu,40547,HB,NYJ,4,13.3,0,22,63.6,6.1,60.0,0,1,2,13.3,13.3,75.0,0,1,0,4,0,0,0,30,2,15,0,0,2,0
Sam Mustipher,13026,C,DEN,1,100.0,0,10,58.7,74.3,55.1,0,0,2,100.0,100.0,100.0,0,0,0,4,4,0,0,4,2,2,0,0,2,0
Dan Chisena,34061,WR,CAR,1,100.0,0,5,57.3,,54.3,0,0,0,,,,0,0,0,4,0,0,0,4,0,0,0,0,4,0
Velus Jones Jr.,40573,HB,SEA,4,44.4,0,29,74.1,,60.0,0,0,0,,,,0,0,0,4,0,0,0,9,0,0,0,0,4,0
Tejhaun Palmer,145443,WR,ARZ,1,75.0,0,1,58.6,,60.2,0,0,0,0.0,0.0,,0,0,0,3,0,0,0,4,0,1,0,0,3,0
Dalevon Campbell,101711,WR,LAC,1,33.3,0,27,53.8,,60.0,0,0,0,0.0,0.0,,0,0,0,3,0,0,0,9,0,6,0,0,3,0
Mykal Walker,57834,LB,NYJ,2,100.0,0,22,60.0,62.7,60.0,0,0,1,100.0,100.0,100.0,0,0,0,3,0,0,0,3,1,1,0,0,2,0
Nate Carter,147376,HB,ATL,4,25.0,0,2,60.9,,60.0,0,0,0,,,,0,0,0,3,0,0,0,12,0,0,0,0,3,0
Corey Kiner,86392,HB,ARZ,4,10.0,0,1,56.0,12.8,72.4,0,1,2,11.8,16.7,75.0,0,1,0,3,0,0,0,30,3,18,0,0,0,0
Chase Lundt,98515,T,BUF,1,100.0,0,4,60.0,,60.0,0,0,0,,,,0,0,0,3,0,0,3,3,0,0,0,0,3,0
Kedon Slovis,100580,QB,ARZ,2,60.0,0,1,58.8,,60.0,0,0,0,0.0,0.0,,0,0,0,3,0,0,0,5,0,2,0,0,3,0
Owen Wright,57486,HB,TB,3,42.9,0,30,51.0,73.0,60.0,0,0,1,50.0,50.0,100.0,0,0,0,3,0,0,0,7,1,2,0,0,2,0
Jarrett Stidham,13725,QB,DEN,1,75.0,0,10,60.0,,60.0,0,0,0,,,,0,0,0,3,0,0,0,4,0,0,0,0,3,0
Thomas Fidone II,144997,TE,NYG,2,21.4,0,21,51.9,74.1,60.3,0,0,1,8.3,8.3,100.0,0,0,0,3,0,0,0,14,1,12,0,0,2,4
James Daniels,45576,G,MIA,1,100.0,0,17,59.6,71.0,59.4,0,0,1,100.0,100.0,100.0,0,0,0,3,0,0,0,3,1,1,3,0,2,0
Eric Gray,99143,HB,NYG,1,100.0,0,21,60.0,,60.0,0,0,0,,,,0,0,0,3,0,0,0,3,0,0,0,0,3,0
Kobe King,145097,LB,NYJ,2,100.0,0,22,60.0,62.7,60.0,0,0,1,100.0,100.0,100.0,0,0,0,3,0,0,0,3,1,1,0,0,2,0
Ben Cleveland,41696,G,BLT,3,100.0,0,3,52.1,66.4,51.4,0,0,1,100.0,100.0,100.0,0,0,0,3,0,0,0,3,1,1,0,0,2,3
Austin McNamara,99363,P,NYJ,3,75.0,0,22,69.5,,59.7,0,0,0,0.0,0.0,,0,0,0,3,0,0,0,4,0,1,0,0,3,0
Jordan James,163295,HB,SF,1,100.0,0,28,60.0,,60.0,0,0,0,,,,0,0,0,3,0,0,0,3,0,0,0,0,3,0
Thomas Hennessy,12124,LS,NYJ,2,100.0,0,22,60.0,61.5,60.0,0,0,1,100.0,100.0,100.0,0,0,0,3,0,0,0,3,1,1,0,0,2,0
Cameron Heyward,6183,DI,PIT,1,100.0,1,25,60.0,,60.0,0,0,0,,,,4,0,0,3,0,0,0,3,0,0,0,0,3,0
Shedrick Jackson,84136,WR,LV,5,13.0,0,23,73.8,,59.8,0,0,0,0.0,0.0,,0,0,0,3,0,0,0,23,0,19,0,0,3,0
Elijah Chatman,97568,DI,NYG,2,100.0,0,21,54.3,,53.7,0,0,0,,,,0,0,0,3,0,0,0,3,0,0,0,0,3,0
Bryan Hudson,98241,C,NYG,1,100.0,0,21,60.0,,60.0,0,0,0,,,,0,0,0,3,0,0,0,3,0,0,3,0,3,0
Josh Williams,99171,HB,TB,2,25.0,0,30,50.0,,58.6,0,0,0,0.0,0.0,,0,0,0,2,0,0,0,8,0,1,0,0,2,0
Jeff Wilson Jr.,29413,HB,MIA,2,28.6,0,17,57.3,,59.7,0,0,0,0.0,0.0,,0,0,0,2,0,0,0,7,0,5,0,0,2,0
Jordan McFadden,77578,G,CHI,2,100.0,0,6,60.0,66.5,60.0,0,0,1,100.0,100.0,100.0,0,0,0,2,0,1,0,2,1,1,0,0,1,1
Michael Bandy,91824,WR,DEN,4,12.5,0,10,80.0,,60.0,0,0,0,0.0,0.0,,0,0,0,2,0,0,0,16,0,14,0,0,2,0
Jarius Monroe,103580,S,NYJ,1,100.0,0,22,60.0,63.8,60.0,0,0,1,100.0,100.0,100.0,0,0,0,2,0,0,0,2,1,1,0,0,1,0
Vita Vea,48956,DI,TB,2,100.0,1,30,59.5,,58.9,0,0,0,,,,2,0,0,2,0,0,0,2,0,0,0,0,2,0
Luke Rhodes,10940,LS,IND,2,100.0,0,14,60.0,61.5,60.0,0,0,1,100.0,100.0,100.0,0,0,0,2,0,0,0,2,1,1,0,0,1,0
Cam Jones,81244,LB,NYJ,1,100.0,0,22,60.0,62.7,60.0,0,0,1,100.0,100.0,100.0,0,0,0,2,0,0,0,2,1,1,0,0,1,0
Parris Campbell,47940,WR,DAL,1,100.0,0,9,60.0,,59.9,0,0,0,,,,0,0,0,2,0,0,0,2,0,0,0,0,2,0
Brett Rypien,46487,QB,MIN,1,66.7,0,18,59.2,,60.0,0,0,0,0.0,0.0,,0,0,0,2,0,0,0,3,0,1,0,0,2,0
Segun Olubi,128312,LB,IND,2,100.0,0,14,60.0,62.7,60.0,0,0,1,100.0,100.0,100.0,0,0,0,2,0,0,0,2,1,1,0,0,1,0
Adetomiwa Adebawore,97934,DI,IND,2,100.0,0,14,60.0,62.7,60.0,0,0,1,100.0,100.0,100.0,3,0,0,2,0,0,0,2,1,1,0,0,1,0
Samori Toure,25276,WR,NO,1,20.0,0,20,67.9,,60.0,0,0,0,0.0,0.0,,0,0,0,2,0,0,0,10,0,8,0,0,2,0
Dalton Wagner,58493,T,LV,1,100.0,0,23,66.5,,70.1,0,0,0,,,,0,0,0,2,0,0,0,2,0,0,0,0,2,2
Phil Mafah,144123,HB,DAL,1,20.0,0,9,71.7,,59.4,0,0,0,0.0,0.0,,0,0,0,2,0,0,0,10,0,3,0,0,2,0
Clyde Edwards-Helaire,57279,HB,KC,2,10.5,0,16,58.7,,60.0,0,0,0,0.0,0.0,,0,0,0,2,0,0,0,19,0,10,0,0,2,0
Daniel Hardy,91336,ED,CHI,2,100.0,1,6,60.0,66.3,60.0,0,0,1,100.0,100.0,100.0,1,0,0,2,0,0,0,2,1,1,0,0,1,0
Patrick Johnson,56460,ED,PHI,1,100.0,0,24,60.0,,60.0,0,0,0,,,,1,0,0,1,0,0,0,1,0,0,0,0,1,0
Rex Sunahara,34769,LS,CLV,1,100.0,0,8,60.0,50.1,,0,0,1,100.0,100.0,100.0,0,0,0,1,0,0,0,1,1,1,0,0,0,0
Jack Fox,34735,P,DET,1,100.0,0,11,60.0,,60.0,0,0,0,,,,0,0,0,1,0,0,0,1,0,0,0,0,1,0
Julian Ashby,139018,LS,NE,1,100.0,0,19,60.0,61.5,,0,0,1,100.0,100.0,100.0,0,0,0,1,0,0,0,1,1,1,0,0,0,0
Elijah Ponder,142819,ED,NE,1,100.0,0,19,60.0,63.8,,0,0,1,100.0,100.0,100.0,0,0,0,1,0,0,0,1,1,1,0,0,0,0
Cody Lindenberg,129660,LB,LV,1,100.0,0,23,60.0,,60.0,0,0,0,,,,0,0,0,1,0,0,0,1,0,0,0,0,1,0
Tristin McCollum,66771,S,LV,1,100.0,0,23,60.0,,60.0,0,0,0,,,,0,0,0,1,0,0,0,1,0,0,0,0,1,0
Jacob Bobenmoyer,30352,LS,LV,1,100.0,0,23,60.0,,60.0,0,0,0,,,,0,0,0,1,0,0,0,1,0,0,0,0,1,0
Ty Summers,30242,LB,CHI,1,100.0,0,6,60.0,,60.0,0,0,0,,,,0,0,0,1,0,0,0,1,0,0,0,0,1,0
Easton Mascarenas-Arnold,71410,LB,CLV,2,50.0,0,8,56.8,,60.0,0,0,0,0.0,0.0,,0,0,0,1,0,0,0,2,0,1,0,0,1,1
Jeremiah Trotter Jr.,144142,LB,PHI,1,100.0,0,24,60.0,,60.0,0,0,0,,,,0,0,0,1,0,0,0,1,0,0,0,0,1,0
Mason Richman,129479,T,SEA,1,100.0,0,29,60.0,64.9,,0,0,1,100.0,100.0,100.0,0,0,0,1,0,0,0,1,1,1,0,0,0,1
Zaven Collins,77190,ED,ARZ,1,100.0,0,1,60.0,62.7,,0,0,1,100.0,100.0,100.0,1,0,0,1,0,0,0,1,1,1,0,0,0,0
Danny Stutsman,144632,LB,NO,1,100.0,0,20,60.0,,60.0,0,0,0,,,,0,0,0,1,0,0,0,1,0,0,0,0,1,0
Trent Sieg,27036,LS,DAL,1,100.0,0,9,60.0,,60.0,0,0,0,,,,0,0,0,1,0,0,0,1,0,0,0,0,1,0
Daniel Thomas,42544,S,DET,1,100.0,0,11,60.0,,60.0,0,0,0,,,,0,0,0,1,0,0,0,1,0,0,0,0,1,0
Mecole Hardman Jr.,42683,WR,BUF,1,25.0,0,4,57.0,,60.0,0,0,0,0.0,0.0,,0,0,0,1,0,0,0,4,0,3,0,0,1,0
Jeffery Simmons,43742,DI,TEN,2,50.0,2,31,78.7,,60.0,0,0,0,0.0,0.0,,10,0,0,1,0,0,0,2,0,1,0,0,1,0
Trevor Nowaske,169859,ED,DET,1,100.0,0,11,60.0,,60.0,0,0,0,,,,0,0,0,1,0,0,0,1,0,0,0,0,1,0
Owen Pappoe,99006,LB,ARZ,1,100.0,0,1,60.0,63.8,,0,0,1,100.0,100.0,100.0,0,0,0,1,0,0,0,1,1,1,0,0,0,0
JT Tuimoloau,145074,ED,IND,1,100.0,0,14,60.0,62.7,,0,0,1,100.0,100.0,100.0,1,0,0,1,0,0,0,1,1,1,0,0,0,0
Kai Kroeger,124245,P,NO,1,100.0,0,20,60.0,,60.0,0,0,0,,,,0,0,0,1,0,0,0,1,0,0,0,0,1,0
Craig Reynolds,94383,HB,DET,2,25.0,0,11,48.3,,60.0,0,0,0,,,,0,0,0,1,0,0,0,4,0,0,0,0,1,0
Rigoberto Sanchez,12130,P,IND,2,50.0,0,14,72.9,,60.0,0,0,0,0.0,0.0,,0,0,0,1,0,0,0,2,0,1,0,0,1,0
Travis Homer,45859,HB,CHI,2,16.7,0,6,52.8,75.0,,0,0,0,0.0,20.0,,0,0,0,1,0,0,0,6,1,5,0,0,0,0
Younghoe Koo,12042,K,NYG,1,100.0,0,21,60.0,,60.0,0,0,0,,,,0,0,0,1,0,0,0,1,0,0,0,0,1,0
Michael Davis,12040,CB,NO,1,100.0,0,20,60.0,,60.0,0,0,0,,,,0,0,0,1,0,0,0,1,0,0,0,0,1,0
Roschon Johnson,99467,HB,CHI,2,25.0,0,6,68.9,,60.0,0,0,0,0.0,0.0,,0,0,0,1,0,0,0,4,0,1,0,0,1,0
Kendall Milton,124031,HB,CIN,1,25.0,0,7,47.7,,60.0,0,0,0,,,,0,0,0,1,0,0,0,4,0,0,0,0,1,0
Jamal Agnew,11920,WR,ATL,1,100.0,0,2,60.0,,60.0,0,0,0,,,,0,0,0,1,0,0,0,1,0,0,0,0,1,0
Malachi Moore,123928,S,NYJ,2,50.0,1,22,73.6,,60.0,0,0,0,0.0,0.0,,2,0,0,1,0,0,0,2,0,1,0,0,1,0
Buddy Johnson,58189,LB,IND,2,50.0,0,14,58.3,,60.0,0,0,0,0.0,0.0,,0,0,0,1,0,0,0,2,0,1,0,0,1,0
Derrick Barnes,58120,LB,DET,1,100.0,0,11,60.0,,60.0,0,0,0,,,,0,0,0,1,0,0,0,1,0,0,0,0,1,0
Pete Werner,58093,LB,NO,1,100.0,0,20,60.0,,60.0,0,0,0,,,,0,0,0,1,0,0,0,1,0,0,0,0,1,0
Smael Mondon Jr.,146725,LB,PHI,1,100.0,0,24,60.0,,60.0,0,0,0,,,,0,0,0,1,0,0,0,1,0,0,0,0,1,0
K'Lavon Chaisson,57945,ED,NE,1,100.0,2,19,60.0,62.7,,0,0,1,100.0,100.0,100.0,6,0,0,1,0,0,0,1,1,1,0,0,0,0
Austin Ajiake,83826,LB,IND,2,50.0,0,14,57.5,,60.0,0,0,0,0.0,0.0,,0,0,0,1,0,0,0,2,0,1,0,0,1,0
Jaylan Ford,123114,LB,NO,1,100.0,0,20,60.0,,60.0,0,0,0,,,,0,0,0,1,0,0,0,1,0,0,0,0,1,0
Jon Rhattigan,57718,LB,LV,1,100.0,0,23,60.0,,60.0,0,0,0,,,,0,0,0,1,0,0,0,1,0,0,0,0,1,0
Zach Wood,11414,LS,NO,1,100.0,0,20,60.0,,60.0,0,0,0,,,,0,0,0,1,0,0,0,1,0,0,0,0,1,0
Jack Gibbens,57662,LB,NE,1,100.0,1,19,60.0,63.8,,0,0,1,100.0,100.0,100.0,2,0,0,1,0,0,0,1,1,1,0,0,0,0
Kaden Davis,156151,WR,CLV,1,100.0,0,8,60.0,,60.0,0,0,0,,,,0,0,0,1,0,0,0,1,0,0,0,0,1,0
Nyheim Miller-Hines,48103,HB,NO,4,14.3,0,20,51.6,72.4,,0,0,1,20.0,20.0,100.0,0,0,0,1,0,0,0,7,1,5,0,0,0,0
Isaac Yiadom,49355,CB,NO,1,100.0,0,20,60.0,,60.0,0,0,0,,,,1,0,0,1,0,0,0,1,0,0,0,0,1,0
Isaiah Oliver,50393,S,NYJ,1,100.0,3,22,60.0,,60.0,0,0,0,,,,4,0,0,1,0,0,0,1,0,0,0,0,1,0
Trey Sermon,57372,HB,PIT,1,100.0,0,25,60.0,,60.0,0,0,0,,,,0,0,0,1,0,0,0,1,0,0,0,0,1,0
Jahlani Tavai,51055,LB,NE,1,100.0,0,19,60.0,62.7,,0,0,1,100.0,100.0,100.0,1,0,0,1,0,0,0,1,1,1,0,0,0,0
Mac McWilliams,121497,CB,PHI,1,100.0,0,24,60.0,,60.0,0,0,0,,,,1,0,0,1,0,0,0,1,0,0,0,0,1,0
Tommy Togiai,82501,DI,HST,1,100.0,0,13,60.0,,60.0,0,0,0,,,,0,0,0,1,0,0,0,1,0,0,0,0,1,0
Sydney Brown,83241,S,PHI,1,100.0,0,24,60.0,,60.0,0,0,0,,,,0,0,0,1,0,0,0,1,0,0,0,0,1,0
Tommy Eichenberg,101488,LB,LV,1,100.0,0,23,60.0,,60.0,0,0,0,,,,0,0,0,1,0,0,0,1,0,0,0,0,1,0
Sione Vaki,158505,HB,DET,2,50.0,0,11,56.3,,60.0,0,0,0,,,,0,0,0,1,0,0,0,2,0,0,0,0,1,0
Isaiah Stalbird,83325,LB,NO,1,100.0,0,20,60.0,,60.0,0,0,0,,,,0,0,0,1,0,0,0,1,0,0,0,0,1,0
Casey Kreiter,8959,LS,NYG,1,100.0,0,21,60.0,,60.0,0,0,0,,,,0,0,0,1,0,0,0,1,0,0,0,0,1,0
Elijah Mitchell,57272,HB,KC,1,14.3,0,16,58.6,70.4,,0,0,1,20.0,14.3,100.0,0,0,0,1,0,0,0,7,1,7,0,0,0,0
Hogan Hatten,102135,LS,DET,1,100.0,0,11,60.0,,60.0,0,0,0,,,,0,0,0,1,0,0,0,1,0,0,0,0,1,0
Chris Rumph II,56345,ED,NO,1,100.0,0,20,60.0,,60.0,0,0,0,,,,0,0,0,1,0,0,0,1,0,0,0,0,1,0
Charley Hughlett,7336,LS,PHI,1,100.0,0,24,60.0,,60.0,0,0,0,,,,0,0,0,1,0,0,0,1,0,0,0,0,1,0
Akeem Davis-Gaither,34788,LB,ARZ,1,100.0,1,1,60.0,62.7,,0,0,1,100.0,100.0,100.0,1,0,0,1,0,0,0,1,1,1,0,0,0,0
Aaron Brewer,7301,LS,ARZ,1,100.0,0,1,60.0,61.5,,0,0,1,100.0,100.0,100.0,0,0,0,1,0,0,0,1,1,1,0,0,0,0
Bryan Anger,7072,P,DAL,1,100.0,0,9,60.0,,60.0,0,0,0,,,,0,0,0,1,0,0,0,1,0,0,0,0,1,0
C.J. Hanson,102272,G,KC,1,100.0,0,16,60.0,,60.0,0,0,0,,,,0,0,0,1,0,1,0,1,0,0,0,0,1,0
Qwan'tez Stiggers,169764,CB,NYJ,1,100.0,2,22,60.0,,60.0,0,0,0,,,,5,0,0,1,0,0,0,1,0,0,0,0,1,0
D.J. Davidson,56523,DI,NYG,1,100.0,0,21,60.0,,60.0,0,0,0,,,,0,0,0,1,0,0,0,1,0,0,0,0,1,0
Brittain Brown,40399,HB,CHI,2,6.7,0,6,66.5,,60.0,0,0,0,0.0,0.0,,0,0,0,1,0,0,0,15,0,9,0,0,1,1
Christian Elliss,61853,LB,NE,1,100.0,0,19,60.0,62.7,,0,0,1,100.0,100.0,100.0,1,0,0,1,0,0,0,1,1,1,0,0,0,0
AJ Cole,36038,P,LV,1,100.0,0,23,60.0,,60.0,0,0,0,,,,0,0,0,1,0,0,0,1,0,0,0,0,1,0
Lawrence Cager,34914,TE,WAS,1,100.0,0,32,60.0,,60.0,0,0,0,,,,0,0,0,1,0,0,0,1,0,0,0,0,1,1
