player_key,season,actual,target_name,model_name,prediction,training_through_season,selected_candidate_id
006d6e97-5088-5763-9fce-72ff5ff45d7e,2017,10.44,total,lasso,13.47496742548579,2016,3
06db6fd1-8f8b-599c-9f54-3360e7e3fccf,2017,13.18857142857143,total,lasso,15.417614579692906,2016,3
070a032d-e19f-5afd-8aa2-5b49d2736619,2017,13.934666666666667,total,lasso,18.097431840900057,2016,3
0e1c1cf3-a023-55da-9ef3-b52cbc04e1a1,2017,18.825333333333333,total,lasso,17.91144095906004,2016,3
13cf76af-bac9-5c77-8d62-e2301ba490d9,2017,16.425,total,lasso,15.328863815817764,2016,3
259d2b5d-f3b0-5389-a954-5e8bc03a3cb8,2017,10.661333333333333,total,lasso,14.761095061841024,2016,3
34beb3fa-5005-5be2-b163-32949f96ec1b,2017,16.326666666666668,total,lasso,17.36050270242469,2016,3
38cc56d5-c433-5c30-9189-2f328863acc0,2017,12.388571428571428,total,lasso,15.645942326945772,2016,3
407d5713-2387-5d98-8bbe-faf956914733,2017,12.931666666666665,total,lasso,14.162976409859168,2016,3
478368e9-1d81-51c1-9521-d705a1d2e055,2017,17.61733333333333,total,lasso,10.930948197930572,2016,3
5944c982-aadb-5aa6-b8a1-809cc5e6fce1,2017,15.434666666666667,total,lasso,16.66697570904953,2016,3
62fb4320-5510-54a8-8360-27a49422ad00,2017,8.334999999999999,total,lasso,10.568073180706033,2016,3
74a040f9-d7fa-5d7f-b1db-635f481002ea,2017,13.0,total,lasso,15.99850995807745,2016,3
805959bf-d59f-504f-abaa-98bcf0481637,2017,21.565333333333335,total,lasso,18.145250405329715,2016,3
864ae232-4c8f-59b7-b3a2-92573d28ba86,2017,12.799999999999999,total,lasso,12.23079083431588,2016,3
8d5300d8-e939-50a0-ae30-6124af36ef5b,2017,13.413846153846153,total,lasso,17.34813547612536,2016,3
9419dec6-8187-5c2d-96ee-2d81a6dd891f,2017,16.30857142857143,total,lasso,12.789943707875091,2016,3
9916d928-6327-5a7f-9ae1-1ec039c6cb21,2017,20.98,total,lasso,20.9567771047007,2016,3
9b030c9d-5325-5fdb-a8fa-a79631f2897c,2017,17.80666666666667,total,lasso,17.35382894268399,2016,3
9f08f3c3-af3e-508a-8b15-2cbfa4ad2f03,2017,21.74923076923077,total,lasso,14.937838132698818,2016,3
ad6398f8-015a-5cb3-87d6-577b351ddcb9,2017,6.026666666666667,total,lasso,8.56924356394866,2016,3
aefb525e-f3a6-50b7-b839-2e2e673aaa95,2017,19.478666666666665,total,lasso,14.061325343102551,2016,3
b382165b-655f-5588-be0e-c46aacbbfe48,2017,10.628,total,lasso,12.617717622673533,2016,3
b398cd14-cc10-5a9e-b105-45fc20809edf,2017,7.68,total,lasso,11.178222551635534,2016,3
b4f0261b-58ea-51e6-8342-780b4f31418b,2017,18.752000000000002,total,lasso,20.06739491709122,2016,3
b53cd9da-5302-5803-8dc0-c4cb4ec42927,2017,17.170666666666666,total,lasso,19.511741434256013,2016,3
b64a8149-19c0-519e-8862-ca2dcf2afef4,2017,9.5,total,lasso,11.971956770969415,2016,3
b744e4fc-9ec6-5815-8413-350c18a0aaf3,2017,16.364,total,lasso,13.126320041394969,2016,3
bd52e3ef-9f48-5bcb-b3fb-89d563f3599a,2017,10.842,total,lasso,12.25549221605909,2016,3
beb784d7-8af2-5381-873e-2287a37d4f37,2017,15.227272727272727,total,lasso,17.606326678403697,2016,3
c346e7f8-fe06-57e2-a5a1-925e5c9e43ee,2017,14.33,total,lasso,16.911401302444766,2016,3
e722f964-f5cb-5b3f-8060-65ba2101afe9,2017,18.070666666666668,total,lasso,16.566793461910137,2016,3
e7e519e5-a3ec-546f-84c7-ac13364c9dde,2017,24.40857142857143,total,lasso,10.724010396017691,2016,3
ebfd7c6e-7517-56e5-a516-3f390631c635,2017,14.803076923076922,total,lasso,10.778843735353323,2016,3
f5534cc0-db92-53a4-b1a8-f2493702388b,2017,17.161333333333335,total,lasso,16.860412668070122,2016,3
f911b2d2-de2b-56cb-8460-37ee3e9e8fdd,2017,11.668000000000001,total,lasso,16.34492811339615,2016,3
fee7be21-ff73-5a39-948d-5ea1fc9b885e,2017,9.563636363636364,total,lasso,10.33235747957966,2016,3
070a032d-e19f-5afd-8aa2-5b49d2736619,2018,21.709333333333337,total,lasso,16.49150716964924,2017,3
0e1c1cf3-a023-55da-9ef3-b52cbc04e1a1,2018,20.042857142857144,total,lasso,18.061510098594443,2017,3
1ac267de-58c9-595e-bac0-858dfda9f6d4,2018,16.5,total,lasso,13.260966483619988,2017,3
259d2b5d-f3b0-5389-a954-5e8bc03a3cb8,2018,15.011111111111111,total,lasso,13.23417954921413,2017,3
26910920-a835-56ad-8cf6-43fbb1b551ad,2018,22.605,total,lasso,12.99901182491619,2017,3
34beb3fa-5005-5be2-b163-32949f96ec1b,2018,15.028,total,lasso,16.337084153718713,2017,3
38cc56d5-c433-5c30-9189-2f328863acc0,2018,13.048,total,lasso,14.64902739385546,2017,3
3ebb992a-a3ca-5760-ba54-f9986c4a7e68,2018,9.976,total,lasso,13.040589485487635,2017,3
478368e9-1d81-51c1-9521-d705a1d2e055,2018,19.290666666666667,total,lasso,16.098824985745622,2017,3
5944c982-aadb-5aa6-b8a1-809cc5e6fce1,2018,11.782666666666668,total,lasso,16.903201206717178,2017,3
6bc52e10-146e-5657-86a7-a18757b656a6,2018,28.916,total,lasso,16.02113405527141,2017,3
7b4909e3-c8b2-5d03-9727-65629b87a53f,2018,21.887999999999998,total,lasso,17.69390374246497,2017,3
805959bf-d59f-504f-abaa-98bcf0481637,2018,18.602666666666668,total,lasso,18.322499413519708,2017,3
84499736-8ce6-5adb-8910-aee72924fd6d,2018,6.36,total,lasso,10.793578060342776,2017,3
864ae232-4c8f-59b7-b3a2-92573d28ba86,2018,13.396,total,lasso,11.860460541639672,2017,3
8d5300d8-e939-50a0-ae30-6124af36ef5b,2018,10.601428571428572,total,lasso,16.071814746411526,2017,3
9253375f-b718-5d18-a6ae-2dfe39cf7cb8,2018,12.885,total,lasso,12.525192865409517,2017,3
9419dec6-8187-5c2d-96ee-2d81a6dd891f,2018,12.761333333333335,total,lasso,15.515719979480377,2017,3
9916d928-6327-5a7f-9ae1-1ec039c6cb21,2018,19.636000000000003,total,lasso,19.650573353990495,2017,3
9b030c9d-5325-5fdb-a8fa-a79631f2897c,2018,17.976,total,lasso,17.217663595568435,2017,3
9f08f3c3-af3e-508a-8b15-2cbfa4ad2f03,2018,16.923636363636362,total,lasso,16.612037461801876,2017,3
aefb525e-f3a6-50b7-b839-2e2e673aaa95,2018,12.8,total,lasso,15.639085429986196,2017,3
b4f0261b-58ea-51e6-8342-780b4f31418b,2018,17.78666666666667,total,lasso,18.74144623632692,2017,3
b53cd9da-5302-5803-8dc0-c4cb4ec42927,2018,21.965333333333334,total,lasso,18.180849037280606,2017,3
b744e4fc-9ec6-5815-8413-350c18a0aaf3,2018,14.398181818181818,total,lasso,16.690083301670093,2017,3
b8bbd5f1-9354-57da-9dd9-25d2d87931a9,2018,15.870000000000001,total,lasso,14.60401525564069,2017,3
beb784d7-8af2-5381-873e-2287a37d4f37,2018,15.968,total,lasso,14.909196123507993,2017,3
c346e7f8-fe06-57e2-a5a1-925e5c9e43ee,2018,12.724,total,lasso,15.417572624801346,2017,3
c63fef1b-16bd-5275-a03e-94cee125aaae,2018,16.62,total,lasso,11.75520513601482,2017,3
ccda7d11-8596-5b2e-b55b-d640a79b3cc5,2018,13.854545454545455,total,lasso,11.625995066961023,2017,3
d0494295-31eb-5518-8b54-6d71d50f02eb,2018,11.931999999999999,total,lasso,13.634228015955971,2017,3
e46e7f4f-eda6-527e-b398-d5a52cd3fb47,2018,12.088000000000001,total,lasso,15.198591217325166,2017,3
e722f964-f5cb-5b3f-8060-65ba2101afe9,2018,22.972,total,lasso,16.75221400984071,2017,3
e7e519e5-a3ec-546f-84c7-ac13364c9dde,2018,19.249333333333333,total,lasso,19.373497614232814,2017,3
f5534cc0-db92-53a4-b1a8-f2493702388b,2018,18.398666666666667,total,lasso,16.456271780246848,2017,3
f911b2d2-de2b-56cb-8460-37ee3e9e8fdd,2018,16.049090909090907,total,lasso,15.103560139121628,2017,3
fee7be21-ff73-5a39-948d-5ea1fc9b885e,2018,19.53076923076923,total,lasso,14.036322436185522,2017,3
05e08afe-7d4d-5caf-8cbe-6f2682c270d6,2019,17.46909090909091,total,lasso,9.12663624478561,2018,3
070a032d-e19f-5afd-8aa2-5b49d2736619,2019,17.48714285714286,total,lasso,17.719127075886178,2018,3
0c370254-2acd-5345-a009-d0744ed3affe,2019,5.753333333333333,total,lasso,12.464266603972755,2018,3
13cf76af-bac9-5c77-8d62-e2301ba490d9,2019,15.368,total,lasso,16.16353251172956,2018,3
1ac267de-58c9-595e-bac0-858dfda9f6d4,2019,29.445333333333334,total,lasso,16.85594137273078,2018,3
259d2b5d-f3b0-5389-a954-5e8bc03a3cb8,2019,7.985,total,lasso,14.016666105712645,2018,3
26910920-a835-56ad-8cf6-43fbb1b551ad,2019,15.615384615384615,total,lasso,12.638247512892246,2018,3
34beb3fa-5005-5be2-b163-32949f96ec1b,2019,21.81066666666667,total,lasso,17.17244797311364,2018,3
35d5ce2f-914c-5098-8b03-22f5a120ba0c,2019,11.931666666666667,total,lasso,14.240759961863137,2018,3
38cc56d5-c433-5c30-9189-2f328863acc0,2019,14.095,total,lasso,14.722693444394233,2018,3
478368e9-1d81-51c1-9521-d705a1d2e055,2019,15.424000000000001,total,lasso,17.21001575389837,2018,3
5944c982-aadb-5aa6-b8a1-809cc5e6fce1,2019,21.695,total,lasso,15.90103174427459,2018,3
63bb3342-b397-59a1-8e96-925f297382a3,2019,16.352,total,lasso,16.07095546432875,2018,3
6bc52e10-146e-5657-86a7-a18757b656a6,2019,23.895,total,lasso,21.686078625825175,2018,3
7f35b557-87ab-58c8-a8ca-50a990c9e541,2019,15.004999999999999,total,lasso,12.71897073689254,2018,3
805959bf-d59f-504f-abaa-98bcf0481637,2019,19.758666666666667,total,lasso,17.58230008539688,2018,3
84499736-8ce6-5adb-8910-aee72924fd6d,2019,1.4449999999999998,total,lasso,10.531808426204439,2018,3
8d5300d8-e939-50a0-ae30-6124af36ef5b,2019,11.176666666666668,total,lasso,15.419920531240074,2018,3
9253375f-b718-5d18-a6ae-2dfe39cf7cb8,2019,13.700000000000001,total,lasso,14.864102689671887,2018,3
9419dec6-8187-5c2d-96ee-2d81a6dd891f,2019,15.796666666666667,total,lasso,10.774786568995363,2018,3
9916d928-6327-5a7f-9ae1-1ec039c6cb21,2019,16.69066666666667,total,lasso,18.94054171493361,2018,3
9b030c9d-5325-5fdb-a8fa-a79631f2897c,2019,16.361333333333334,total,lasso,17.167604342262074,2018,3
9f08f3c3-af3e-508a-8b15-2cbfa4ad2f03,2019,16.720000000000002,total,lasso,17.509187808278433,2018,3
b4f0261b-58ea-51e6-8342-780b4f31418b,2019,16.722666666666665,total,lasso,17.728259158119435,2018,3
b53cd9da-5302-5803-8dc0-c4cb4ec42927,2019,24.58,total,lasso,18.198641701437516,2018,3
beb784d7-8af2-5381-873e-2287a37d4f37,2019,19.188,total,lasso,17.814488600810627,2018,3
c346e7f8-fe06-57e2-a5a1-925e5c9e43ee,2019,14.648,total,lasso,15.53251207736176,2018,3
c63fef1b-16bd-5275-a03e-94cee125aaae,2019,13.208,total,lasso,17.483734124158836,2018,3
ccda7d11-8596-5b2e-b55b-d640a79b3cc5,2019,18.224,total,lasso,15.621757361742711,2018,3
d2153ba6-e2e9-5c06-b349-4e078b8b8f01,2019,16.172307692307694,total,lasso,15.929498529238641,2018,3
dbc808ad-2a1a-58cb-8c4a-d25251c207d0,2019,6.9225,total,lasso,11.533749078015862,2018,3
e3640a49-e4df-5e1d-a699-7c70108146cc,2019,14.672307692307694,total,lasso,7.111576408075366,2018,3
e46e7f4f-eda6-527e-b398-d5a52cd3fb47,2019,20.046,total,lasso,7.888304764879962,2018,3
e7e519e5-a3ec-546f-84c7-ac13364c9dde,2019,20.898666666666667,total,lasso,18.99922732216446,2018,3
f5534cc0-db92-53a4-b1a8-f2493702388b,2019,14.384000000000002,total,lasso,16.804171027917377,2018,3
f911b2d2-de2b-56cb-8460-37ee3e9e8fdd,2019,14.213333333333333,total,lasso,15.550055510671996,2018,3
fee7be21-ff73-5a39-948d-5ea1fc9b885e,2019,13.92923076923077,total,lasso,16.605142998138422,2018,3
05e08afe-7d4d-5caf-8cbe-6f2682c270d6,2020,10.012307692307692,total,lasso,16.973268598484946,2019,3
070a032d-e19f-5afd-8aa2-5b49d2736619,2020,16.649333333333335,total,lasso,17.33975913717719,2019,3
0c370254-2acd-5345-a009-d0744ed3affe,2020,9.301333333333334,total,lasso,11.946133404867405,2019,3
0e1c1cf3-a023-55da-9ef3-b52cbc04e1a1,2020,15.071428571428571,total,lasso,17.589547585079984,2019,3
13cf76af-bac9-5c77-8d62-e2301ba490d9,2020,10.056666666666667,total,lasso,15.816179756252993,2019,3
1ac267de-58c9-595e-bac0-858dfda9f6d4,2020,22.111428571428572,total,lasso,21.994685518868042,2019,3
26910920-a835-56ad-8cf6-43fbb1b551ad,2020,17.37,total,lasso,13.419416182919194,2019,3
34beb3fa-5005-5be2-b163-32949f96ec1b,2020,28.627999999999997,total,lasso,18.501996338988718,2019,3
3d9dd7dc-b646-5af6-8a50-cb31a1d2a598,2020,21.990000000000002,total,lasso,12.705997227325865,2019,3
478368e9-1d81-51c1-9521-d705a1d2e055,2020,16.332,total,lasso,16.343483508104548,2019,3
5944c982-aadb-5aa6-b8a1-809cc5e6fce1,2020,16.01857142857143,total,lasso,16.58090142520819,2019,3
63bb3342-b397-59a1-8e96-925f297382a3,2020,26.197333333333336,total,lasso,17.619206262751504,2019,3
692ed3ce-f07d-5199-84d7-2a7b0f80a70e,2020,16.32,total,lasso,14.095443825715614,2019,3
6bc52e10-146e-5657-86a7-a18757b656a6,2020,26.626666666666665,total,lasso,21.47009632422839,2019,3
7f35b557-87ab-58c8-a8ca-50a990c9e541,2020,14.56909090909091,total,lasso,15.501596702960885,2019,3
805959bf-d59f-504f-abaa-98bcf0481637,2020,22.642666666666667,total,lasso,18.53474375442207,2019,3
9253375f-b718-5d18-a6ae-2dfe39cf7cb8,2020,9.007272727272728,total,lasso,14.773347038112563,2019,3
9916d928-6327-5a7f-9ae1-1ec039c6cb21,2020,25.983999999999998,total,lasso,18.11613506723334,2019,3
9b030c9d-5325-5fdb-a8fa-a79631f2897c,2020,17.964285714285715,total,lasso,16.63129125240967,2019,3
9f08f3c3-af3e-508a-8b15-2cbfa4ad2f03,2020,13.366666666666667,total,lasso,17.20377857530925,2019,3
abfaa351-4b53-5eaa-a304-9825243dc5cc,2020,14.1075,total,lasso,13.047940365340324,2019,3
aefb525e-f3a6-50b7-b839-2e2e673aaa95,2020,6.871428571428572,total,lasso,11.903174717976302,2019,3
b4f0261b-58ea-51e6-8342-780b4f31418b,2020,22.177333333333333,total,lasso,17.75757939726399,2019,3
b53cd9da-5302-5803-8dc0-c4cb4ec42927,2020,19.65,total,lasso,18.430287161827323,2019,3
b8bbd5f1-9354-57da-9dd9-25d2d87931a9,2020,12.297500000000001,total,lasso,13.348020227242662,2019,3
c346e7f8-fe06-57e2-a5a1-925e5c9e43ee,2020,18.575714285714287,total,lasso,15.186769784660887,2019,3
c63fef1b-16bd-5275-a03e-94cee125aaae,2020,15.725333333333333,total,lasso,15.626558990100548,2019,3
ccda7d11-8596-5b2e-b55b-d640a79b3cc5,2020,27.086666666666666,total,lasso,17.597668916517176,2019,3
dbc808ad-2a1a-58cb-8c4a-d25251c207d0,2020,7.880000000000001,total,lasso,11.60920427796032,2019,3
dce82837-9b56-5207-babe-53cfac54eb70,2020,16.472,total,lasso,15.237271067843102,2019,3
e3640a49-e4df-5e1d-a699-7c70108146cc,2020,16.795555555555556,total,lasso,16.008821808662443,2019,3
e46e7f4f-eda6-527e-b398-d5a52cd3fb47,2020,21.828,total,lasso,15.732944348834264,2019,3
e722f964-f5cb-5b3f-8060-65ba2101afe9,2020,19.21466666666667,total,lasso,16.177682034018815,2019,3
e7e519e5-a3ec-546f-84c7-ac13364c9dde,2020,22.567999999999998,total,lasso,19.109552760554532,2019,3
f2c783c7-afa9-5c55-bc99-1d0967346747,2020,20.735,total,lasso,14.206049673711068,2019,3
f5534cc0-db92-53a4-b1a8-f2493702388b,2020,15.773333333333333,total,lasso,15.72434118515026,2019,3
fee7be21-ff73-5a39-948d-5ea1fc9b885e,2020,17.64,total,lasso,13.093707123616397,2019,3
05e08afe-7d4d-5caf-8cbe-6f2682c270d6,2021,14.001818181818182,total,lasso,15.559700549442608,2020,3
070a032d-e19f-5afd-8aa2-5b49d2736619,2021,12.317499999999999,total,lasso,16.964755249807403,2020,3
0c370254-2acd-5345-a009-d0744ed3affe,2021,9.967272727272729,total,lasso,11.97629646388905,2020,3
11092b99-31c6-504d-8390-0def87d4a8d5,2021,13.776,total,lasso,15.600592115092077,2020,3
13cf76af-bac9-5c77-8d62-e2301ba490d9,2021,15.19714285714286,total,lasso,14.415444599370794,2020,3
1ac267de-58c9-595e-bac0-858dfda9f6d4,2021,20.163636363636364,total,lasso,21.391204450737764,2020,3
34beb3fa-5005-5be2-b163-32949f96ec1b,2021,19.717333333333332,total,lasso,19.141707466562025,2020,3
3d9dd7dc-b646-5af6-8a50-cb31a1d2a598,2021,22.583750000000002,total,lasso,19.9178606868967,2020,3
45d0654b-4331-56ce-a016-514e89fc38f1,2021,13.484,total,lasso,12.818058387704262,2020,3
478368e9-1d81-51c1-9521-d705a1d2e055,2021,11.76769230769231,total,lasso,15.761659698593915,2020,3
5944c982-aadb-5aa6-b8a1-809cc5e6fce1,2021,20.513749999999998,total,lasso,16.95289732565376,2020,3
63bb3342-b397-59a1-8e96-925f297382a3,2021,22.336923076923078,total,lasso,20.572790555024422,2020,3
692ed3ce-f07d-5199-84d7-2a7b0f80a70e,2021,13.691428571428572,total,lasso,14.669679846577822,2020,3
6bc52e10-146e-5657-86a7-a18757b656a6,2021,22.028750000000002,total,lasso,22.48237561068302,2020,3
74a040f9-d7fa-5d7f-b1db-635f481002ea,2021,11.648,total,lasso,13.649417861174507,2020,3
805959bf-d59f-504f-abaa-98bcf0481637,2021,16.06153846153846,total,lasso,19.479229233569235,2020,3
88147e8e-3779-500e-b561-1a75ebac4651,2021,10.267272727272728,total,lasso,15.504147177423413,2020,3
9253375f-b718-5d18-a6ae-2dfe39cf7cb8,2021,11.147272727272728,total,lasso,14.589761739733824,2020,3
9916d928-6327-5a7f-9ae1-1ec039c6cb21,2021,22.238666666666667,total,lasso,19.758140766064216,2020,3
9b030c9d-5325-5fdb-a8fa-a79631f2897c,2021,19.362666666666666,total,lasso,17.302650368504118,2020,3
9f08f3c3-af3e-508a-8b15-2cbfa4ad2f03,2021,15.620000000000001,total,lasso,16.06710646852957,2020,3
abfaa351-4b53-5eaa-a304-9825243dc5cc,2021,15.294545454545455,total,lasso,15.950755275672092,2020,3
b4e9327d-f002-5f05-9a32-9b2fbbcd707f,2021,9.96375,total,lasso,16.209258235404583,2020,3
b4f0261b-58ea-51e6-8342-780b4f31418b,2021,24.04375,total,lasso,18.964041325242253,2020,3
beb784d7-8af2-5381-873e-2287a37d4f37,2021,18.360000000000003,total,lasso,16.629929005573707,2020,3
c346e7f8-fe06-57e2-a5a1-925e5c9e43ee,2021,14.60125,total,lasso,16.247679576807055,2020,3
c63fef1b-16bd-5275-a03e-94cee125aaae,2021,10.992857142857144,total,lasso,16.301384171003882,2020,3
ccda7d11-8596-5b2e-b55b-d640a79b3cc5,2021,24.6075,total,lasso,20.78058548230556,2020,3
d2153ba6-e2e9-5c06-b349-4e078b8b8f01,2021,9.453333333333333,total,lasso,13.554534583043456,2020,3
dce82837-9b56-5207-babe-53cfac54eb70,2021,19.3275,total,lasso,17.094506345134576,2020,3
e46e7f4f-eda6-527e-b398-d5a52cd3fb47,2021,13.6925,total,lasso,17.356783600920604,2020,3
e722f964-f5cb-5b3f-8060-65ba2101afe9,2021,12.649333333333333,total,lasso,16.400383266843264,2020,3
f2c783c7-afa9-5c55-bc99-1d0967346747,2021,20.544,total,lasso,19.14670015993596,2020,3
f911b2d2-de2b-56cb-8460-37ee3e9e8fdd,2021,10.888,total,lasso,14.360898816798347,2020,3
f9b1a774-f2ec-541c-870e-a4373e3cc9ca,2021,8.463636363636365,total,lasso,15.261085982320168,2020,3
05d1fee5-084f-5fbd-a509-fe8c23fdc978,2022,8.804,total,lasso,15.3912934455332,2021,3
05e08afe-7d4d-5caf-8cbe-6f2682c270d6,2022,16.625,total,lasso,15.298743698631728,2021,3
070a032d-e19f-5afd-8aa2-5b49d2736619,2022,11.273333333333333,total,lasso,15.968869664306041,2021,3
11092b99-31c6-504d-8390-0def87d4a8d5,2022,10.995,total,lasso,15.061717589075919,2021,3
13cf76af-bac9-5c77-8d62-e2301ba490d9,2022,16.454,total,lasso,15.355329923031938,2021,3
1ac267de-58c9-595e-bac0-858dfda9f6d4,2022,21.067272727272726,total,lasso,20.532427297408518,2021,3
21abb04f-3faa-5349-a5e7-44ae9d017d41,2022,10.5,total,lasso,12.607231499364717,2021,3
2b55d8bd-541c-5cc7-88bf-9d21dd7691ff,2022,5.2,total,lasso,13.494623969972178,2021,3
34beb3fa-5005-5be2-b163-32949f96ec1b,2022,17.716363636363635,total,lasso,18.7395142711692,2021,3
3d9dd7dc-b646-5af6-8a50-cb31a1d2a598,2022,15.6525,total,lasso,20.103842695819434,2021,3
45d0654b-4331-56ce-a016-514e89fc38f1,2022,12.217777777777778,total,lasso,13.592671352559194,2021,3
478368e9-1d81-51c1-9521-d705a1d2e055,2022,17.6475,total,lasso,15.478701082991149,2021,3
47c508de-ee91-5f11-9d62-8e2f9db32ae1,2022,17.57875,total,lasso,12.06672791726287,2021,3
5944c982-aadb-5aa6-b8a1-809cc5e6fce1,2022,10.153333333333334,total,lasso,17.405652786628767,2021,3
63bb3342-b397-59a1-8e96-925f297382a3,2022,18.686,total,lasso,19.700906511467924,2021,3
6bc52e10-146e-5657-86a7-a18757b656a6,2022,26.87,total,lasso,21.541477952600978,2021,3
805959bf-d59f-504f-abaa-98bcf0481637,2022,11.867142857142857,total,lasso,17.93715963103769,2021,3
88147e8e-3779-500e-b561-1a75ebac4651,2022,9.491111111111111,total,lasso,13.599646018365402,2021,3
8d5300d8-e939-50a0-ae30-6124af36ef5b,2022,14.120000000000001,total,lasso,14.149980249264301,2021,3
9253375f-b718-5d18-a6ae-2dfe39cf7cb8,2022,17.48,total,lasso,12.742175780164947,2021,3
9916d928-6327-5a7f-9ae1-1ec039c6cb21,2022,13.75,total,lasso,19.042873513612758,2021,3
9b030c9d-5325-5fdb-a8fa-a79631f2897c,2022,16.47375,total,lasso,17.52759986398798,2021,3
9d57fdbe-f058-5fa6-af0e-01265f3fe7d0,2022,10.568000000000001,total,lasso,16.09016358994326,2021,3
9f08f3c3-af3e-508a-8b15-2cbfa4ad2f03,2022,12.225,total,lasso,15.497191401977807,2021,3
abfaa351-4b53-5eaa-a304-9825243dc5cc,2022,19.96,total,lasso,16.091345422569027,2021,3
b4e9327d-f002-5f05-9a32-9b2fbbcd707f,2022,17.9025,total,lasso,14.255220962627309,2021,3
b4f0261b-58ea-51e6-8342-780b4f31418b,2022,16.89375,total,lasso,19.27022158345852,2021,3
c346e7f8-fe06-57e2-a5a1-925e5c9e43ee,2022,14.538666666666668,total,lasso,16.518896493687386,2021,3
c63fef1b-16bd-5275-a03e-94cee125aaae,2022,8.721818181818183,total,lasso,14.478254352770024,2021,3
ccda7d11-8596-5b2e-b55b-d640a79b3cc5,2022,25.850666666666665,total,lasso,21.128877252426616,2021,3
d2153ba6-e2e9-5c06-b349-4e078b8b8f01,2022,14.465454545454547,total,lasso,12.334106089264667,2021,3
dbddf1a9-f4f2-58d9-b145-32dd70ec0394,2022,10.66909090909091,total,lasso,13.061231065210201,2021,3
dce82837-9b56-5207-babe-53cfac54eb70,2022,22.673333333333336,total,lasso,18.01615139642537,2021,3
e46e7f4f-eda6-527e-b398-d5a52cd3fb47,2022,11.853333333333333,total,lasso,16.04024085508892,2021,3
e7e519e5-a3ec-546f-84c7-ac13364c9dde,2022,12.196000000000002,total,lasso,15.037998400962302,2021,3
f2c783c7-afa9-5c55-bc99-1d0967346747,2022,26.470000000000002,total,lasso,19.507491021613724,2021,3
f911b2d2-de2b-56cb-8460-37ee3e9e8fdd,2022,11.938461538461537,total,lasso,14.746334498423806,2021,3
f9b1a774-f2ec-541c-870e-a4373e3cc9ca,2022,17.79866666666667,total,lasso,13.663407164485175,2021,3
fee7be21-ff73-5a39-948d-5ea1fc9b885e,2022,9.554285714285713,total,lasso,13.94477517758206,2021,3
05e08afe-7d4d-5caf-8cbe-6f2682c270d6,2023,6.2120000000000015,total,lasso,16.483231468431068,2022,3
11092b99-31c6-504d-8390-0def87d4a8d5,2023,8.672727272727274,total,lasso,14.223468847608904,2022,3
13cf76af-bac9-5c77-8d62-e2301ba490d9,2023,9.516666666666667,total,lasso,14.383038870744782,2022,3
1ac267de-58c9-595e-bac0-858dfda9f6d4,2023,20.32625,total,lasso,20.277494809343025,2022,3
1e3d359a-7008-5ebd-ac11-015d52bf3e12,2023,17.782857142857143,total,lasso,14.238906458677704,2022,3
221f2f3d-914f-57ed-915e-e088de1901cb,2023,10.5475,total,lasso,13.316271454636436,2022,3
23c337f1-377c-5dc2-b5f1-e12efcdf1755,2023,6.748,total,lasso,14.390709467370733,2022,3
34beb3fa-5005-5be2-b163-32949f96ec1b,2023,19.73,total,lasso,17.557805834505672,2022,3
3d9dd7dc-b646-5af6-8a50-cb31a1d2a598,2023,17.743076923076924,total,lasso,18.485177227805373,2022,3
402eabea-209d-5bae-93ea-ad5e22d373d5,2023,11.305,total,lasso,11.162762188877604,2022,3
45d0654b-4331-56ce-a016-514e89fc38f1,2023,12.8,total,lasso,11.808178254285231,2022,3
478368e9-1d81-51c1-9521-d705a1d2e055,2023,16.83125,total,lasso,16.015820213038378,2022,3
47c508de-ee91-5f11-9d62-8e2f9db32ae1,2023,14.028571428571428,total,lasso,15.946429140813985,2022,3
5944c982-aadb-5aa6-b8a1-809cc5e6fce1,2023,15.873333333333333,total,lasso,15.57415688645331,2022,3
63bb3342-b397-59a1-8e96-925f297382a3,2023,17.368571428571432,total,lasso,16.37220869083353,2022,3
6bc52e10-146e-5657-86a7-a18757b656a6,2023,17.88875,total,lasso,21.558939978308608,2022,3
79e06226-ecc0-5f69-8a91-109b9e055cde,2023,18.9075,total,lasso,13.824551768285366,2022,3
7ff22629-b2b9-58c7-b56d-8eea3366f94e,2023,13.445,total,lasso,14.295603014365717,2022,3
805959bf-d59f-504f-abaa-98bcf0481637,2023,15.926666666666668,total,lasso,16.95617654139837,2022,3
9b030c9d-5325-5fdb-a8fa-a79631f2897c,2023,19.3425,total,lasso,17.26487420319894,2022,3
abfaa351-4b53-5eaa-a304-9825243dc5cc,2023,16.79625,total,lasso,16.418862017829095,2022,3
b2cb3f71-0ccd-58f3-8934-7b675a216972,2023,11.408,total,lasso,11.334749224079399,2022,3
b4e9327d-f002-5f05-9a32-9b2fbbcd707f,2023,15.622666666666667,total,lasso,16.154627889664972,2022,3
c3254b64-83c1-515c-a106-e1fe1f2a000a,2023,19.1,total,lasso,15.572693452603447,2022,3
c346e7f8-fe06-57e2-a5a1-925e5c9e43ee,2023,12.997499999999999,total,lasso,14.870616319200503,2022,3
c63fef1b-16bd-5275-a03e-94cee125aaae,2023,16.18,total,lasso,13.082790770316963,2022,3
ccda7d11-8596-5b2e-b55b-d640a79b3cc5,2023,24.28625,total,lasso,20.91902536773997,2022,3
dbddf1a9-f4f2-58d9-b145-32dd70ec0394,2023,8.281818181818183,total,lasso,14.069610146018517,2022,3
dce82837-9b56-5207-babe-53cfac54eb70,2023,14.116,total,lasso,18.894024758201937,2022,3
df9c20f9-8747-55fa-ae71-b580aa4727ea,2023,14.127692307692307,total,lasso,10.734438673324796,2022,3
e3640a49-e4df-5e1d-a699-7c70108146cc,2023,12.404285714285715,total,lasso,13.7972573579898,2022,3
e46e7f4f-eda6-527e-b398-d5a52cd3fb47,2023,5.077500000000001,total,lasso,14.769629600692847,2022,3
e7e519e5-a3ec-546f-84c7-ac13364c9dde,2023,14.719999999999999,total,lasso,18.458969448570258,2022,3
f2c783c7-afa9-5c55-bc99-1d0967346747,2023,22.763749999999998,total,lasso,20.942474630857202,2022,3
f9b1a774-f2ec-541c-870e-a4373e3cc9ca,2023,17.046666666666667,total,lasso,17.0786246949754,2022,3
fee7be21-ff73-5a39-948d-5ea1fc9b885e,2023,11.24,total,lasso,13.422516411262057,2022,3
05e08afe-7d4d-5caf-8cbe-6f2682c270d6,2024,11.629999999999999,total,lasso,14.876539663734171,2023,3
11092b99-31c6-504d-8390-0def87d4a8d5,2024,11.465714285714284,total,lasso,12.737589381044467,2023,3
19955737-99cd-505f-88b8-2bdbeb246712,2024,12.10125,total,lasso,15.841472548120208,2023,3
1ac267de-58c9-595e-bac0-858dfda9f6d4,2024,26.775000000000002,total,lasso,19.55408130288494,2023,3
1e3d359a-7008-5ebd-ac11-015d52bf3e12,2024,11.46125,total,lasso,17.39607003342289,2023,3
221f2f3d-914f-57ed-915e-e088de1901cb,2024,9.564444444444444,total,lasso,13.637801868805546,2023,3
23c337f1-377c-5dc2-b5f1-e12efcdf1755,2024,13.056363636363637,total,lasso,11.993869727138305,2023,3
259d2b5d-f3b0-5389-a954-5e8bc03a3cb8,2024,13.746666666666668,total,lasso,13.392788748085687,2023,3
34beb3fa-5005-5be2-b163-32949f96ec1b,2024,13.69,total,lasso,17.935552201531298,2023,3
3d9dd7dc-b646-5af6-8a50-cb31a1d2a598,2024,14.835,total,lasso,17.380521709050864,2023,3
478368e9-1d81-51c1-9521-d705a1d2e055,2024,20.67,total,lasso,16.286747493832337,2023,3
47c508de-ee91-5f11-9d62-8e2f9db32ae1,2024,13.48,total,lasso,14.872303023825058,2023,3
4e03bbdc-d05e-5e4e-9a6b-a8acf3c6430e,2024,14.553999999999998,total,lasso,13.818293018121997,2023,3
54ab1d88-12aa-569b-be63-bbf531c9a5ef,2024,15.562000000000001,total,lasso,19.29376229160034,2023,3
5944c982-aadb-5aa6-b8a1-809cc5e6fce1,2024,13.03625,total,lasso,15.910062829343216,2023,3
63bb3342-b397-59a1-8e96-925f297382a3,2024,16.335,total,lasso,18.185235355783924,2023,3
648a438e-7b9e-5d04-b2aa-9188b13b2542,2024,11.043333333333331,total,lasso,11.46021487898675,2023,3
6bc52e10-146e-5657-86a7-a18757b656a6,2024,17.345,total,lasso,20.212972258513464,2023,3
79e06226-ecc0-5f69-8a91-109b9e055cde,2024,17.007142857142856,total,lasso,17.64368277822841,2023,3
7f35b557-87ab-58c8-a8ca-50a990c9e541,2024,16.415,total,lasso,12.272566640093686,2023,3
805959bf-d59f-504f-abaa-98bcf0481637,2024,15.225999999999999,total,lasso,15.442694218896408,2023,3
9253375f-b718-5d18-a6ae-2dfe39cf7cb8,2024,18.3325,total,lasso,13.67627026129627,2023,3
9916d928-6327-5a7f-9ae1-1ec039c6cb21,2024,13.47625,total,lasso,17.245013087303757,2023,3
9b030c9d-5325-5fdb-a8fa-a79631f2897c,2024,12.237142857142857,total,lasso,16.210018011997747,2023,3
9d57fdbe-f058-5fa6-af0e-01265f3fe7d0,2024,11.931111111111113,total,lasso,13.21599323393732,2023,3
a5efc43f-7911-5ff3-bcc0-def8b7be0172,2024,12.928571428571429,total,lasso,11.687129030628608,2023,3
abfaa351-4b53-5eaa-a304-9825243dc5cc,2024,16.325454545454548,total,lasso,16.328597119468114,2023,3
b4e9327d-f002-5f05-9a32-9b2fbbcd707f,2024,15.217777777777778,total,lasso,16.014098624400273,2023,3
beb784d7-8af2-5381-873e-2287a37d4f37,2024,15.802857142857144,total,lasso,13.545416786911613,2023,3
c3254b64-83c1-515c-a106-e1fe1f2a000a,2024,17.724,total,lasso,17.432555888007514,2023,3
c346e7f8-fe06-57e2-a5a1-925e5c9e43ee,2024,15.690000000000001,total,lasso,15.209763509220817,2023,3
c63fef1b-16bd-5275-a03e-94cee125aaae,2024,21.9475,total,lasso,15.169240256956146,2023,3
ccda7d11-8596-5b2e-b55b-d640a79b3cc5,2024,25.44,total,lasso,20.33584730801183,2023,3
cd0167c0-d9ce-5180-856c-d26959a81941,2024,18.135,total,lasso,14.548521200471262,2023,3
d0e529e4-2d5e-58ec-b87d-1a32b8954539,2024,22.024,total,lasso,15.984903174893045,2023,3
d2153ba6-e2e9-5c06-b349-4e078b8b8f01,2024,4.553333333333334,total,lasso,12.170635253599517,2023,3
db0eda74-3c4b-5743-87c4-c93270f4edc1,2024,5.930000000000001,total,lasso,13.268700489132952,2023,3
dce82837-9b56-5207-babe-53cfac54eb70,2024,23.177500000000002,total,lasso,17.56811235771136,2023,3
e3640a49-e4df-5e1d-a699-7c70108146cc,2024,7.432,total,lasso,13.593654512693837,2023,3
e7e519e5-a3ec-546f-84c7-ac13364c9dde,2024,6.817142857142857,total,lasso,17.274585165220344,2023,3
f2c783c7-afa9-5c55-bc99-1d0967346747,2024,21.827142857142857,total,lasso,20.516236468817876,2023,3
f911b2d2-de2b-56cb-8460-37ee3e9e8fdd,2024,11.992,total,lasso,13.167561143257709,2023,3
f9b1a774-f2ec-541c-870e-a4373e3cc9ca,2024,18.05666666666667,total,lasso,13.408214804488033,2023,3
05e08afe-7d4d-5caf-8cbe-6f2682c270d6,2025,18.970000000000002,total,lasso,13.88949113396301,2024,3
11092b99-31c6-504d-8390-0def87d4a8d5,2025,16.055,total,lasso,12.74474541729926,2024,3
19955737-99cd-505f-88b8-2bdbeb246712,2025,19.225,total,lasso,15.268424916557121,2024,3
1ac267de-58c9-595e-bac0-858dfda9f6d4,2025,15.881818181818181,total,lasso,20.863541240429367,2024,3
1e3d359a-7008-5ebd-ac11-015d52bf3e12,2025,15.409999999999998,total,lasso,15.294118327627068,2024,3
21270a48-2c80-5b91-b05c-ee7bf19df53d,2025,12.92,total,lasso,13.273430280353308,2024,3
21abb04f-3faa-5349-a5e7-44ae9d017d41,2025,15.185,total,lasso,12.204366571796648,2024,3
23c337f1-377c-5dc2-b5f1-e12efcdf1755,2025,13.3,total,lasso,13.743692100241425,2024,3
259d2b5d-f3b0-5389-a954-5e8bc03a3cb8,2025,14.313999999999998,total,lasso,11.68524650795592,2024,3
2e3787a6-b1ba-5d9f-9a61-8f79048010ff,2025,13.355555555555556,total,lasso,13.481841216552503,2024,3
34beb3fa-5005-5be2-b163-32949f96ec1b,2025,19.63,total,lasso,17.12918493227184,2024,3
3d9dd7dc-b646-5af6-8a50-cb31a1d2a598,2025,16.555,total,lasso,17.05556316727555,2024,3
3f84e8f1-fa59-519f-8069-0885da369954,2025,10.280000000000001,total,lasso,11.666715700038853,2024,3
444c96a9-dd23-5918-b283-37b9ce8ded40,2025,10.265714285714285,total,lasso,11.588051924094518,2024,3
478368e9-1d81-51c1-9521-d705a1d2e055,2025,17.73875,total,lasso,16.330605502415356,2024,3
47c508de-ee91-5f11-9d62-8e2f9db32ae1,2025,9.126666666666667,total,lasso,14.767369483342497,2024,3
4e03bbdc-d05e-5e4e-9a6b-a8acf3c6430e,2025,19.9825,total,lasso,15.60298394201413,2024,3
5944c982-aadb-5aa6-b8a1-809cc5e6fce1,2025,21.8575,total,lasso,15.247676865320058,2024,3
5ac63d55-0f02-5097-9962-595dcede5e49,2025,11.545000000000002,total,lasso,15.350058366041306,2024,3
63bb3342-b397-59a1-8e96-925f297382a3,2025,13.756,total,lasso,17.757739145611026,2024,3
6bc52e10-146e-5657-86a7-a18757b656a6,2025,19.72714285714286,total,lasso,19.003376404180525,2024,3
74a040f9-d7fa-5d7f-b1db-635f481002ea,2025,10.644,total,lasso,14.001769394006578,2024,3
787ddae6-47c4-5245-84ff-c1d7d67a39a1,2025,8.655,total,lasso,14.817903760094033,2024,3
79e06226-ecc0-5f69-8a91-109b9e055cde,2025,16.525714285714283,total,lasso,16.790675863620713,2024,3
8d5300d8-e939-50a0-ae30-6124af36ef5b,2025,14.96,total,lasso,14.55332626959358,2024,3
9253375f-b718-5d18-a6ae-2dfe39cf7cb8,2025,14.0375,total,lasso,14.484403083147535,2024,3
9916d928-6327-5a7f-9ae1-1ec039c6cb21,2025,13.588,total,lasso,16.09957652195872,2024,3
9b030c9d-5325-5fdb-a8fa-a79631f2897c,2025,13.294285714285715,total,lasso,14.23718992978586,2024,3
abfaa351-4b53-5eaa-a304-9825243dc5cc,2025,10.692857142857145,total,lasso,15.550137748950927,2024,3
b4e9327d-f002-5f05-9a32-9b2fbbcd707f,2025,19.3675,total,lasso,15.423246093417742,2024,3
c3254b64-83c1-515c-a106-e1fe1f2a000a,2025,23.4,total,lasso,17.164181647105035,2024,3
c63fef1b-16bd-5275-a03e-94cee125aaae,2025,15.54375,total,lasso,16.987272135564666,2024,3
ccda7d11-8596-5b2e-b55b-d640a79b3cc5,2025,22.78875,total,lasso,20.671859277979486,2024,3
cd0167c0-d9ce-5180-856c-d26959a81941,2025,18.89375,total,lasso,17.520089324985577,2024,3
d0e529e4-2d5e-58ec-b87d-1a32b8954539,2025,14.897142857142857,total,lasso,19.737780049524407,2024,3
d2153ba6-e2e9-5c06-b349-4e078b8b8f01,2025,18.23818181818182,total,lasso,13.039483538302196,2024,3
db0eda74-3c4b-5743-87c4-c93270f4edc1,2025,11.08,total,lasso,10.05995925340105,2024,3
dce82837-9b56-5207-babe-53cfac54eb70,2025,18.046666666666667,total,lasso,18.747862324229626,2024,3
ddf55e16-fa43-5d7e-92f4-f41e53fd6fb7,2025,19.10727272727273,total,lasso,12.919322397744281,2024,3
df8422ce-da76-5999-80be-a47aead4fc59,2025,11.488888888888889,total,lasso,15.731332835006645,2024,3
f2c783c7-afa9-5c55-bc99-1d0967346747,2025,18.81625,total,lasso,20.152645467257603,2024,3
f9b1a774-f2ec-541c-870e-a4373e3cc9ca,2025,12.962222222222223,total,lasso,16.572662921465213,2024,3
006d6e97-5088-5763-9fce-72ff5ff45d7e,2017,10.44,total,random_forest,13.728910295846514,2016,1
06db6fd1-8f8b-599c-9f54-3360e7e3fccf,2017,13.18857142857143,total,random_forest,16.382032552223475,2016,1
070a032d-e19f-5afd-8aa2-5b49d2736619,2017,13.934666666666667,total,random_forest,17.99253158728088,2016,1
0e1c1cf3-a023-55da-9ef3-b52cbc04e1a1,2017,18.825333333333333,total,random_forest,17.848732290557003,2016,1
13cf76af-bac9-5c77-8d62-e2301ba490d9,2017,16.425,total,random_forest,16.055032351152303,2016,1
259d2b5d-f3b0-5389-a954-5e8bc03a3cb8,2017,10.661333333333333,total,random_forest,15.093778916999192,2016,1
34beb3fa-5005-5be2-b163-32949f96ec1b,2017,16.326666666666668,total,random_forest,18.603784939074732,2016,1
38cc56d5-c433-5c30-9189-2f328863acc0,2017,12.388571428571428,total,random_forest,16.010922861229066,2016,1
407d5713-2387-5d98-8bbe-faf956914733,2017,12.931666666666665,total,random_forest,13.832489662493446,2016,1
478368e9-1d81-51c1-9521-d705a1d2e055,2017,17.61733333333333,total,random_forest,11.373326796925811,2016,1
5944c982-aadb-5aa6-b8a1-809cc5e6fce1,2017,15.434666666666667,total,random_forest,17.201320450493448,2016,1
62fb4320-5510-54a8-8360-27a49422ad00,2017,8.334999999999999,total,random_forest,13.676703945586612,2016,1
74a040f9-d7fa-5d7f-b1db-635f481002ea,2017,13.0,total,random_forest,16.07342819728295,2016,1
805959bf-d59f-504f-abaa-98bcf0481637,2017,21.565333333333335,total,random_forest,17.99419978644183,2016,1
864ae232-4c8f-59b7-b3a2-92573d28ba86,2017,12.799999999999999,total,random_forest,10.890172007435375,2016,1
8d5300d8-e939-50a0-ae30-6124af36ef5b,2017,13.413846153846153,total,random_forest,16.76124052420771,2016,1
9419dec6-8187-5c2d-96ee-2d81a6dd891f,2017,16.30857142857143,total,random_forest,13.877881096867632,2016,1
9916d928-6327-5a7f-9ae1-1ec039c6cb21,2017,20.98,total,random_forest,20.444389493470005,2016,1
9b030c9d-5325-5fdb-a8fa-a79631f2897c,2017,17.80666666666667,total,random_forest,18.797407592797903,2016,1
9f08f3c3-af3e-508a-8b15-2cbfa4ad2f03,2017,21.74923076923077,total,random_forest,15.071645163674214,2016,1
ad6398f8-015a-5cb3-87d6-577b351ddcb9,2017,6.026666666666667,total,random_forest,10.484273929410826,2016,1
aefb525e-f3a6-50b7-b839-2e2e673aaa95,2017,19.478666666666665,total,random_forest,14.97889373006447,2016,1
b382165b-655f-5588-be0e-c46aacbbfe48,2017,10.628,total,random_forest,12.221854765305384,2016,1
b398cd14-cc10-5a9e-b105-45fc20809edf,2017,7.68,total,random_forest,11.93325375814648,2016,1
b4f0261b-58ea-51e6-8342-780b4f31418b,2017,18.752000000000002,total,random_forest,20.499461529333715,2016,1
b53cd9da-5302-5803-8dc0-c4cb4ec42927,2017,17.170666666666666,total,random_forest,20.73694811876095,2016,1
b64a8149-19c0-519e-8862-ca2dcf2afef4,2017,9.5,total,random_forest,13.229609410482652,2016,1
b744e4fc-9ec6-5815-8413-350c18a0aaf3,2017,16.364,total,random_forest,13.780781086619731,2016,1
bd52e3ef-9f48-5bcb-b3fb-89d563f3599a,2017,10.842,total,random_forest,12.35904837704789,2016,1
beb784d7-8af2-5381-873e-2287a37d4f37,2017,15.227272727272727,total,random_forest,17.31908356452113,2016,1
c346e7f8-fe06-57e2-a5a1-925e5c9e43ee,2017,14.33,total,random_forest,17.30871354878565,2016,1
e722f964-f5cb-5b3f-8060-65ba2101afe9,2017,18.070666666666668,total,random_forest,17.11705773359318,2016,1
e7e519e5-a3ec-546f-84c7-ac13364c9dde,2017,24.40857142857143,total,random_forest,12.430575424576984,2016,1
ebfd7c6e-7517-56e5-a516-3f390631c635,2017,14.803076923076922,total,random_forest,11.142405834326956,2016,1
f5534cc0-db92-53a4-b1a8-f2493702388b,2017,17.161333333333335,total,random_forest,17.210291106747462,2016,1
f911b2d2-de2b-56cb-8460-37ee3e9e8fdd,2017,11.668000000000001,total,random_forest,16.16282011184975,2016,1
fee7be21-ff73-5a39-948d-5ea1fc9b885e,2017,9.563636363636364,total,random_forest,10.511666474070275,2016,1
070a032d-e19f-5afd-8aa2-5b49d2736619,2018,21.709333333333337,total,random_forest,15.91771684345905,2017,1
0e1c1cf3-a023-55da-9ef3-b52cbc04e1a1,2018,20.042857142857144,total,random_forest,18.30771779908078,2017,1
1ac267de-58c9-595e-bac0-858dfda9f6d4,2018,16.5,total,random_forest,13.66624530434658,2017,1
259d2b5d-f3b0-5389-a954-5e8bc03a3cb8,2018,15.011111111111111,total,random_forest,14.06915772928716,2017,1
26910920-a835-56ad-8cf6-43fbb1b551ad,2018,22.605,total,random_forest,13.259181402349503,2017,1
34beb3fa-5005-5be2-b163-32949f96ec1b,2018,15.028,total,random_forest,15.618323001176693,2017,1
38cc56d5-c433-5c30-9189-2f328863acc0,2018,13.048,total,random_forest,15.23603097765963,2017,1
3ebb992a-a3ca-5760-ba54-f9986c4a7e68,2018,9.976,total,random_forest,13.789713661114805,2017,1
478368e9-1d81-51c1-9521-d705a1d2e055,2018,19.290666666666667,total,random_forest,16.363545995588545,2017,1
5944c982-aadb-5aa6-b8a1-809cc5e6fce1,2018,11.782666666666668,total,random_forest,16.44294866147079,2017,1
6bc52e10-146e-5657-86a7-a18757b656a6,2018,28.916,total,random_forest,15.663509412326547,2017,1
7b4909e3-c8b2-5d03-9727-65629b87a53f,2018,21.887999999999998,total,random_forest,18.642747851896058,2017,1
805959bf-d59f-504f-abaa-98bcf0481637,2018,18.602666666666668,total,random_forest,18.44493569344959,2017,1
84499736-8ce6-5adb-8910-aee72924fd6d,2018,6.36,total,random_forest,9.985021352961207,2017,1
864ae232-4c8f-59b7-b3a2-92573d28ba86,2018,13.396,total,random_forest,14.131670089796895,2017,1
8d5300d8-e939-50a0-ae30-6124af36ef5b,2018,10.601428571428572,total,random_forest,15.155576721219688,2017,1
9253375f-b718-5d18-a6ae-2dfe39cf7cb8,2018,12.885,total,random_forest,12.297911917787447,2017,1
9419dec6-8187-5c2d-96ee-2d81a6dd891f,2018,12.761333333333335,total,random_forest,14.295159096536981,2017,1
9916d928-6327-5a7f-9ae1-1ec039c6cb21,2018,19.636000000000003,total,random_forest,20.235110998309775,2017,1
9b030c9d-5325-5fdb-a8fa-a79631f2897c,2018,17.976,total,random_forest,17.934056962481975,2017,1
9f08f3c3-af3e-508a-8b15-2cbfa4ad2f03,2018,16.923636363636362,total,random_forest,15.855499800875673,2017,1
aefb525e-f3a6-50b7-b839-2e2e673aaa95,2018,12.8,total,random_forest,15.13377744697753,2017,1
b4f0261b-58ea-51e6-8342-780b4f31418b,2018,17.78666666666667,total,random_forest,20.31220429853389,2017,1
b53cd9da-5302-5803-8dc0-c4cb4ec42927,2018,21.965333333333334,total,random_forest,19.820937659481903,2017,1
b744e4fc-9ec6-5815-8413-350c18a0aaf3,2018,14.398181818181818,total,random_forest,15.33141277838504,2017,1
b8bbd5f1-9354-57da-9dd9-25d2d87931a9,2018,15.870000000000001,total,random_forest,13.52578995486448,2017,1
beb784d7-8af2-5381-873e-2287a37d4f37,2018,15.968,total,random_forest,14.813015351461093,2017,1
c346e7f8-fe06-57e2-a5a1-925e5c9e43ee,2018,12.724,total,random_forest,15.809817622805008,2017,1
c63fef1b-16bd-5275-a03e-94cee125aaae,2018,16.62,total,random_forest,11.358974742414388,2017,1
ccda7d11-8596-5b2e-b55b-d640a79b3cc5,2018,13.854545454545455,total,random_forest,13.409094885504246,2017,1
d0494295-31eb-5518-8b54-6d71d50f02eb,2018,11.931999999999999,total,random_forest,13.335807473411046,2017,1
e46e7f4f-eda6-527e-b398-d5a52cd3fb47,2018,12.088000000000001,total,random_forest,14.47396160210427,2017,1
e722f964-f5cb-5b3f-8060-65ba2101afe9,2018,22.972,total,random_forest,17.279857921680183,2017,1
e7e519e5-a3ec-546f-84c7-ac13364c9dde,2018,19.249333333333333,total,random_forest,18.65899379037761,2017,1
f5534cc0-db92-53a4-b1a8-f2493702388b,2018,18.398666666666667,total,random_forest,16.574572478735774,2017,1
f911b2d2-de2b-56cb-8460-37ee3e9e8fdd,2018,16.049090909090907,total,random_forest,14.49604971981435,2017,1
fee7be21-ff73-5a39-948d-5ea1fc9b885e,2018,19.53076923076923,total,random_forest,15.500995096066594,2017,1
05e08afe-7d4d-5caf-8cbe-6f2682c270d6,2019,17.46909090909091,total,random_forest,10.367429132610514,2018,1
070a032d-e19f-5afd-8aa2-5b49d2736619,2019,17.48714285714286,total,random_forest,18.643335238314812,2018,1
0c370254-2acd-5345-a009-d0744ed3affe,2019,5.753333333333333,total,random_forest,13.505271939603842,2018,1
13cf76af-bac9-5c77-8d62-e2301ba490d9,2019,15.368,total,random_forest,15.021031517246968,2018,1
1ac267de-58c9-595e-bac0-858dfda9f6d4,2019,29.445333333333334,total,random_forest,16.4164799249778,2018,1
259d2b5d-f3b0-5389-a954-5e8bc03a3cb8,2019,7.985,total,random_forest,12.885653035982514,2018,1
26910920-a835-56ad-8cf6-43fbb1b551ad,2019,15.615384615384615,total,random_forest,13.50636450659106,2018,1
34beb3fa-5005-5be2-b163-32949f96ec1b,2019,21.81066666666667,total,random_forest,15.832284461413296,2018,1
35d5ce2f-914c-5098-8b03-22f5a120ba0c,2019,11.931666666666667,total,random_forest,13.661854737311392,2018,1
38cc56d5-c433-5c30-9189-2f328863acc0,2019,14.095,total,random_forest,14.527833899489215,2018,1
478368e9-1d81-51c1-9521-d705a1d2e055,2019,15.424000000000001,total,random_forest,16.746057292489574,2018,1
5944c982-aadb-5aa6-b8a1-809cc5e6fce1,2019,21.695,total,random_forest,15.465927706431447,2018,1
63bb3342-b397-59a1-8e96-925f297382a3,2019,16.352,total,random_forest,16.55043440270576,2018,1
6bc52e10-146e-5657-86a7-a18757b656a6,2019,23.895,total,random_forest,19.517641846894335,2018,1
7f35b557-87ab-58c8-a8ca-50a990c9e541,2019,15.004999999999999,total,random_forest,11.24138184986397,2018,1
805959bf-d59f-504f-abaa-98bcf0481637,2019,19.758666666666667,total,random_forest,18.20684378756428,2018,1
84499736-8ce6-5adb-8910-aee72924fd6d,2019,1.4449999999999998,total,random_forest,10.430016893481504,2018,1
8d5300d8-e939-50a0-ae30-6124af36ef5b,2019,11.176666666666668,total,random_forest,14.946825573867995,2018,1
9253375f-b718-5d18-a6ae-2dfe39cf7cb8,2019,13.700000000000001,total,random_forest,15.674519273410146,2018,1
9419dec6-8187-5c2d-96ee-2d81a6dd891f,2019,15.796666666666667,total,random_forest,11.621036829042797,2018,1
9916d928-6327-5a7f-9ae1-1ec039c6cb21,2019,16.69066666666667,total,random_forest,20.049395596586994,2018,1
9b030c9d-5325-5fdb-a8fa-a79631f2897c,2019,16.361333333333334,total,random_forest,18.59444573665948,2018,1
9f08f3c3-af3e-508a-8b15-2cbfa4ad2f03,2019,16.720000000000002,total,random_forest,17.13649940734577,2018,1
b4f0261b-58ea-51e6-8342-780b4f31418b,2019,16.722666666666665,total,random_forest,20.1075292887268,2018,1
b53cd9da-5302-5803-8dc0-c4cb4ec42927,2019,24.58,total,random_forest,20.46192201947001,2018,1
beb784d7-8af2-5381-873e-2287a37d4f37,2019,19.188,total,random_forest,16.87198215131961,2018,1
c346e7f8-fe06-57e2-a5a1-925e5c9e43ee,2019,14.648,total,random_forest,15.219497350926265,2018,1
c63fef1b-16bd-5275-a03e-94cee125aaae,2019,13.208,total,random_forest,17.316682861171365,2018,1
ccda7d11-8596-5b2e-b55b-d640a79b3cc5,2019,18.224,total,random_forest,15.81577054390234,2018,1
d2153ba6-e2e9-5c06-b349-4e078b8b8f01,2019,16.172307692307694,total,random_forest,14.67856323721748,2018,1
dbc808ad-2a1a-58cb-8c4a-d25251c207d0,2019,6.9225,total,random_forest,11.247285657666117,2018,1
e3640a49-e4df-5e1d-a699-7c70108146cc,2019,14.672307692307694,total,random_forest,10.247519525444842,2018,1
e46e7f4f-eda6-527e-b398-d5a52cd3fb47,2019,20.046,total,random_forest,11.89176420218416,2018,1
e7e519e5-a3ec-546f-84c7-ac13364c9dde,2019,20.898666666666667,total,random_forest,19.089662832882084,2018,1
f5534cc0-db92-53a4-b1a8-f2493702388b,2019,14.384000000000002,total,random_forest,16.740227507823047,2018,1
f911b2d2-de2b-56cb-8460-37ee3e9e8fdd,2019,14.213333333333333,total,random_forest,14.408589681939784,2018,1
fee7be21-ff73-5a39-948d-5ea1fc9b885e,2019,13.92923076923077,total,random_forest,15.544637796926523,2018,1
05e08afe-7d4d-5caf-8cbe-6f2682c270d6,2020,10.012307692307692,total,random_forest,17.0459600513559,2019,3
070a032d-e19f-5afd-8aa2-5b49d2736619,2020,16.649333333333335,total,random_forest,17.022470776184004,2019,3
0c370254-2acd-5345-a009-d0744ed3affe,2020,9.301333333333334,total,random_forest,13.077582242107239,2019,3
0e1c1cf3-a023-55da-9ef3-b52cbc04e1a1,2020,15.071428571428571,total,random_forest,17.45138957621555,2019,3
13cf76af-bac9-5c77-8d62-e2301ba490d9,2020,10.056666666666667,total,random_forest,14.917131661880498,2019,3
1ac267de-58c9-595e-bac0-858dfda9f6d4,2020,22.111428571428572,total,random_forest,19.21232686294389,2019,3
26910920-a835-56ad-8cf6-43fbb1b551ad,2020,17.37,total,random_forest,13.189053901717386,2019,3
34beb3fa-5005-5be2-b163-32949f96ec1b,2020,28.627999999999997,total,random_forest,18.181511778982134,2019,3
3d9dd7dc-b646-5af6-8a50-cb31a1d2a598,2020,21.990000000000002,total,random_forest,11.407911428577359,2019,3
478368e9-1d81-51c1-9521-d705a1d2e055,2020,16.332,total,random_forest,16.11312804950295,2019,3
5944c982-aadb-5aa6-b8a1-809cc5e6fce1,2020,16.01857142857143,total,random_forest,16.86873041474923,2019,3
63bb3342-b397-59a1-8e96-925f297382a3,2020,26.197333333333336,total,random_forest,17.655756062313536,2019,3
692ed3ce-f07d-5199-84d7-2a7b0f80a70e,2020,16.32,total,random_forest,14.220589318970315,2019,3
6bc52e10-146e-5657-86a7-a18757b656a6,2020,26.626666666666665,total,random_forest,19.88973068765842,2019,3
7f35b557-87ab-58c8-a8ca-50a990c9e541,2020,14.56909090909091,total,random_forest,15.311473402629293,2019,3
805959bf-d59f-504f-abaa-98bcf0481637,2020,22.642666666666667,total,random_forest,19.134971248363506,2019,3
9253375f-b718-5d18-a6ae-2dfe39cf7cb8,2020,9.007272727272728,total,random_forest,15.350767426608511,2019,3
9916d928-6327-5a7f-9ae1-1ec039c6cb21,2020,25.983999999999998,total,random_forest,18.752913949663128,2019,3
9b030c9d-5325-5fdb-a8fa-a79631f2897c,2020,17.964285714285715,total,random_forest,16.10189949991713,2019,3
9f08f3c3-af3e-508a-8b15-2cbfa4ad2f03,2020,13.366666666666667,total,random_forest,17.297860165715143,2019,3
abfaa351-4b53-5eaa-a304-9825243dc5cc,2020,14.1075,total,random_forest,12.455861872135404,2019,3
aefb525e-f3a6-50b7-b839-2e2e673aaa95,2020,6.871428571428572,total,random_forest,11.792686058931235,2019,3
b4f0261b-58ea-51e6-8342-780b4f31418b,2020,22.177333333333333,total,random_forest,17.862070220284224,2019,3
b53cd9da-5302-5803-8dc0-c4cb4ec42927,2020,19.65,total,random_forest,20.121837811328337,2019,3
b8bbd5f1-9354-57da-9dd9-25d2d87931a9,2020,12.297500000000001,total,random_forest,12.306368979803299,2019,3
c346e7f8-fe06-57e2-a5a1-925e5c9e43ee,2020,18.575714285714287,total,random_forest,14.611826333852258,2019,3
c63fef1b-16bd-5275-a03e-94cee125aaae,2020,15.725333333333333,total,random_forest,15.125481246265963,2019,3
ccda7d11-8596-5b2e-b55b-d640a79b3cc5,2020,27.086666666666666,total,random_forest,16.742410732726515,2019,3
dbc808ad-2a1a-58cb-8c4a-d25251c207d0,2020,7.880000000000001,total,random_forest,11.668409627011789,2019,3
dce82837-9b56-5207-babe-53cfac54eb70,2020,16.472,total,random_forest,15.893006077470872,2019,3
e3640a49-e4df-5e1d-a699-7c70108146cc,2020,16.795555555555556,total,random_forest,15.827567111903422,2019,3
e46e7f4f-eda6-527e-b398-d5a52cd3fb47,2020,21.828,total,random_forest,14.39079198862092,2019,3
e722f964-f5cb-5b3f-8060-65ba2101afe9,2020,19.21466666666667,total,random_forest,17.256867394543058,2019,3
e7e519e5-a3ec-546f-84c7-ac13364c9dde,2020,22.567999999999998,total,random_forest,19.172413221800554,2019,3
f2c783c7-afa9-5c55-bc99-1d0967346747,2020,20.735,total,random_forest,13.490030081927152,2019,3
f5534cc0-db92-53a4-b1a8-f2493702388b,2020,15.773333333333333,total,random_forest,15.313384512788097,2019,3
fee7be21-ff73-5a39-948d-5ea1fc9b885e,2020,17.64,total,random_forest,12.349602779351523,2019,3
05e08afe-7d4d-5caf-8cbe-6f2682c270d6,2021,14.001818181818182,total,random_forest,15.297934014199019,2020,1
070a032d-e19f-5afd-8aa2-5b49d2736619,2021,12.317499999999999,total,random_forest,17.541053718529938,2020,1
0c370254-2acd-5345-a009-d0744ed3affe,2021,9.967272727272729,total,random_forest,13.60043142069782,2020,1
11092b99-31c6-504d-8390-0def87d4a8d5,2021,13.776,total,random_forest,14.751205428060118,2020,1
13cf76af-bac9-5c77-8d62-e2301ba490d9,2021,15.19714285714286,total,random_forest,13.136612430343376,2020,1
1ac267de-58c9-595e-bac0-858dfda9f6d4,2021,20.163636363636364,total,random_forest,20.189773529872067,2020,1
34beb3fa-5005-5be2-b163-32949f96ec1b,2021,19.717333333333332,total,random_forest,20.914109926292706,2020,1
3d9dd7dc-b646-5af6-8a50-cb31a1d2a598,2021,22.583750000000002,total,random_forest,21.019009450351827,2020,1
45d0654b-4331-56ce-a016-514e89fc38f1,2021,13.484,total,random_forest,12.882080224188847,2020,1
478368e9-1d81-51c1-9521-d705a1d2e055,2021,11.76769230769231,total,random_forest,15.02337115322165,2020,1
5944c982-aadb-5aa6-b8a1-809cc5e6fce1,2021,20.513749999999998,total,random_forest,17.30272167040512,2020,1
63bb3342-b397-59a1-8e96-925f297382a3,2021,22.336923076923078,total,random_forest,20.457309093782936,2020,1
692ed3ce-f07d-5199-84d7-2a7b0f80a70e,2021,13.691428571428572,total,random_forest,14.50142258113291,2020,1
6bc52e10-146e-5657-86a7-a18757b656a6,2021,22.028750000000002,total,random_forest,21.080759091683994,2020,1
74a040f9-d7fa-5d7f-b1db-635f481002ea,2021,11.648,total,random_forest,13.368236047865542,2020,1
805959bf-d59f-504f-abaa-98bcf0481637,2021,16.06153846153846,total,random_forest,21.10218579050256,2020,1
88147e8e-3779-500e-b561-1a75ebac4651,2021,10.267272727272728,total,random_forest,16.06695778604949,2020,1
9253375f-b718-5d18-a6ae-2dfe39cf7cb8,2021,11.147272727272728,total,random_forest,14.587143848303079,2020,1
9916d928-6327-5a7f-9ae1-1ec039c6cb21,2021,22.238666666666667,total,random_forest,21.106233533575082,2020,1
9b030c9d-5325-5fdb-a8fa-a79631f2897c,2021,19.362666666666666,total,random_forest,16.980456016666913,2020,1
9f08f3c3-af3e-508a-8b15-2cbfa4ad2f03,2021,15.620000000000001,total,random_forest,15.40883090070427,2020,1
abfaa351-4b53-5eaa-a304-9825243dc5cc,2021,15.294545454545455,total,random_forest,16.089722264535983,2020,1
b4e9327d-f002-5f05-9a32-9b2fbbcd707f,2021,9.96375,total,random_forest,17.120759599298168,2020,1
b4f0261b-58ea-51e6-8342-780b4f31418b,2021,24.04375,total,random_forest,21.047050708974524,2020,1
beb784d7-8af2-5381-873e-2287a37d4f37,2021,18.360000000000003,total,random_forest,14.94804513202414,2020,1
c346e7f8-fe06-57e2-a5a1-925e5c9e43ee,2021,14.60125,total,random_forest,15.93583653784732,2020,1
c63fef1b-16bd-5275-a03e-94cee125aaae,2021,10.992857142857144,total,random_forest,15.515959434971858,2020,1
ccda7d11-8596-5b2e-b55b-d640a79b3cc5,2021,24.6075,total,random_forest,21.03162254064749,2020,1
d2153ba6-e2e9-5c06-b349-4e078b8b8f01,2021,9.453333333333333,total,random_forest,13.107816516946805,2020,1
dce82837-9b56-5207-babe-53cfac54eb70,2021,19.3275,total,random_forest,17.132970141217186,2020,1
e46e7f4f-eda6-527e-b398-d5a52cd3fb47,2021,13.6925,total,random_forest,18.289901650680857,2020,1
e722f964-f5cb-5b3f-8060-65ba2101afe9,2021,12.649333333333333,total,random_forest,17.538498015036534,2020,1
f2c783c7-afa9-5c55-bc99-1d0967346747,2021,20.544,total,random_forest,19.626463160891703,2020,1
f911b2d2-de2b-56cb-8460-37ee3e9e8fdd,2021,10.888,total,random_forest,14.296163536849566,2020,1
f9b1a774-f2ec-541c-870e-a4373e3cc9ca,2021,8.463636363636365,total,random_forest,15.617299570709637,2020,1
05d1fee5-084f-5fbd-a509-fe8c23fdc978,2022,8.804,total,random_forest,13.69702024540454,2021,1
05e08afe-7d4d-5caf-8cbe-6f2682c270d6,2022,16.625,total,random_forest,14.440085983863655,2021,1
070a032d-e19f-5afd-8aa2-5b49d2736619,2022,11.273333333333333,total,random_forest,15.631358046605513,2021,1
11092b99-31c6-504d-8390-0def87d4a8d5,2022,10.995,total,random_forest,14.420104574277794,2021,1
13cf76af-bac9-5c77-8d62-e2301ba490d9,2022,16.454,total,random_forest,14.88367060903777,2021,1
1ac267de-58c9-595e-bac0-858dfda9f6d4,2022,21.067272727272726,total,random_forest,20.55732733851404,2021,1
21abb04f-3faa-5349-a5e7-44ae9d017d41,2022,10.5,total,random_forest,13.839001801749657,2021,1
2b55d8bd-541c-5cc7-88bf-9d21dd7691ff,2022,5.2,total,random_forest,12.280634305050704,2021,1
34beb3fa-5005-5be2-b163-32949f96ec1b,2022,17.716363636363635,total,random_forest,20.3223403147525,2021,1
3d9dd7dc-b646-5af6-8a50-cb31a1d2a598,2022,15.6525,total,random_forest,21.16926899098931,2021,1
45d0654b-4331-56ce-a016-514e89fc38f1,2022,12.217777777777778,total,random_forest,14.083828708611138,2021,1
478368e9-1d81-51c1-9521-d705a1d2e055,2022,17.6475,total,random_forest,14.938979268713384,2021,1
47c508de-ee91-5f11-9d62-8e2f9db32ae1,2022,17.57875,total,random_forest,11.379979875859494,2021,1
5944c982-aadb-5aa6-b8a1-809cc5e6fce1,2022,10.153333333333334,total,random_forest,18.00730572586646,2021,1
63bb3342-b397-59a1-8e96-925f297382a3,2022,18.686,total,random_forest,19.726824710259635,2021,1
6bc52e10-146e-5657-86a7-a18757b656a6,2022,26.87,total,random_forest,21.03897805858757,2021,1
805959bf-d59f-504f-abaa-98bcf0481637,2022,11.867142857142857,total,random_forest,19.543522280483987,2021,1
88147e8e-3779-500e-b561-1a75ebac4651,2022,9.491111111111111,total,random_forest,14.184717387454379,2021,1
8d5300d8-e939-50a0-ae30-6124af36ef5b,2022,14.120000000000001,total,random_forest,14.438280088703294,2021,1
9253375f-b718-5d18-a6ae-2dfe39cf7cb8,2022,17.48,total,random_forest,13.34063296870538,2021,1
9916d928-6327-5a7f-9ae1-1ec039c6cb21,2022,13.75,total,random_forest,20.21632799492012,2021,1
9b030c9d-5325-5fdb-a8fa-a79631f2897c,2022,16.47375,total,random_forest,18.23435489573907,2021,1
9d57fdbe-f058-5fa6-af0e-01265f3fe7d0,2022,10.568000000000001,total,random_forest,14.419587331914629,2021,1
9f08f3c3-af3e-508a-8b15-2cbfa4ad2f03,2022,12.225,total,random_forest,14.640641250298913,2021,1
abfaa351-4b53-5eaa-a304-9825243dc5cc,2022,19.96,total,random_forest,14.53933984731369,2021,1
b4e9327d-f002-5f05-9a32-9b2fbbcd707f,2022,17.9025,total,random_forest,14.679249488039838,2021,1
b4f0261b-58ea-51e6-8342-780b4f31418b,2022,16.89375,total,random_forest,21.28081354185109,2021,1
c346e7f8-fe06-57e2-a5a1-925e5c9e43ee,2022,14.538666666666668,total,random_forest,16.8928928230166,2021,1
c63fef1b-16bd-5275-a03e-94cee125aaae,2022,8.721818181818183,total,random_forest,14.657467557958713,2021,1
ccda7d11-8596-5b2e-b55b-d640a79b3cc5,2022,25.850666666666665,total,random_forest,20.6999316836565,2021,1
d2153ba6-e2e9-5c06-b349-4e078b8b8f01,2022,14.465454545454547,total,random_forest,12.4143260955224,2021,1
dbddf1a9-f4f2-58d9-b145-32dd70ec0394,2022,10.66909090909091,total,random_forest,12.98730547652641,2021,1
dce82837-9b56-5207-babe-53cfac54eb70,2022,22.673333333333336,total,random_forest,18.1527928182247,2021,1
e46e7f4f-eda6-527e-b398-d5a52cd3fb47,2022,11.853333333333333,total,random_forest,14.651506009883358,2021,1
e7e519e5-a3ec-546f-84c7-ac13364c9dde,2022,12.196000000000002,total,random_forest,14.695272942874919,2021,1
f2c783c7-afa9-5c55-bc99-1d0967346747,2022,26.470000000000002,total,random_forest,20.625016643544956,2021,1
f911b2d2-de2b-56cb-8460-37ee3e9e8fdd,2022,11.938461538461537,total,random_forest,14.495372254335159,2021,1
f9b1a774-f2ec-541c-870e-a4373e3cc9ca,2022,17.79866666666667,total,random_forest,14.094259994602222,2021,1
fee7be21-ff73-5a39-948d-5ea1fc9b885e,2022,9.554285714285713,total,random_forest,14.434877958237722,2021,1
05e08afe-7d4d-5caf-8cbe-6f2682c270d6,2023,6.2120000000000015,total,random_forest,15.492536580194283,2022,3
11092b99-31c6-504d-8390-0def87d4a8d5,2023,8.672727272727274,total,random_forest,13.426942530764617,2022,3
13cf76af-bac9-5c77-8d62-e2301ba490d9,2023,9.516666666666667,total,random_forest,13.829605676786574,2022,3
1ac267de-58c9-595e-bac0-858dfda9f6d4,2023,20.32625,total,random_forest,20.571402157503762,2022,3
1e3d359a-7008-5ebd-ac11-015d52bf3e12,2023,17.782857142857143,total,random_forest,13.897593005919406,2022,3
221f2f3d-914f-57ed-915e-e088de1901cb,2023,10.5475,total,random_forest,11.660587022729056,2022,3
23c337f1-377c-5dc2-b5f1-e12efcdf1755,2023,6.748,total,random_forest,14.446841403641919,2022,3
34beb3fa-5005-5be2-b163-32949f96ec1b,2023,19.73,total,random_forest,17.91806543704191,2022,3
3d9dd7dc-b646-5af6-8a50-cb31a1d2a598,2023,17.743076923076924,total,random_forest,19.605756204725427,2022,3
402eabea-209d-5bae-93ea-ad5e22d373d5,2023,11.305,total,random_forest,11.82375976740451,2022,3
45d0654b-4331-56ce-a016-514e89fc38f1,2023,12.8,total,random_forest,12.278229535693102,2022,3
478368e9-1d81-51c1-9521-d705a1d2e055,2023,16.83125,total,random_forest,16.318463663287528,2022,3
47c508de-ee91-5f11-9d62-8e2f9db32ae1,2023,14.028571428571428,total,random_forest,17.05980036817813,2022,3
5944c982-aadb-5aa6-b8a1-809cc5e6fce1,2023,15.873333333333333,total,random_forest,15.424609078345275,2022,3
63bb3342-b397-59a1-8e96-925f297382a3,2023,17.368571428571432,total,random_forest,14.801102951823067,2022,3
6bc52e10-146e-5657-86a7-a18757b656a6,2023,17.88875,total,random_forest,20.939893028241638,2022,3
79e06226-ecc0-5f69-8a91-109b9e055cde,2023,18.9075,total,random_forest,13.904077558652334,2022,3
7ff22629-b2b9-58c7-b56d-8eea3366f94e,2023,13.445,total,random_forest,14.155163823594346,2022,3
805959bf-d59f-504f-abaa-98bcf0481637,2023,15.926666666666668,total,random_forest,15.176313699225606,2022,3
9b030c9d-5325-5fdb-a8fa-a79631f2897c,2023,19.3425,total,random_forest,17.801775955173508,2022,3
abfaa351-4b53-5eaa-a304-9825243dc5cc,2023,16.79625,total,random_forest,15.57236085686946,2022,3
b2cb3f71-0ccd-58f3-8934-7b675a216972,2023,11.408,total,random_forest,10.885262082970875,2022,3
b4e9327d-f002-5f05-9a32-9b2fbbcd707f,2023,15.622666666666667,total,random_forest,16.878857589816306,2022,3
c3254b64-83c1-515c-a106-e1fe1f2a000a,2023,19.1,total,random_forest,14.300654705750082,2022,3
c346e7f8-fe06-57e2-a5a1-925e5c9e43ee,2023,12.997499999999999,total,random_forest,14.267188067113613,2022,3
c63fef1b-16bd-5275-a03e-94cee125aaae,2023,16.18,total,random_forest,13.016589323978913,2022,3
ccda7d11-8596-5b2e-b55b-d640a79b3cc5,2023,24.28625,total,random_forest,20.96287221024627,2022,3
dbddf1a9-f4f2-58d9-b145-32dd70ec0394,2023,8.281818181818183,total,random_forest,14.635716198365571,2022,3
dce82837-9b56-5207-babe-53cfac54eb70,2023,14.116,total,random_forest,20.77851942996916,2022,3
df9c20f9-8747-55fa-ae71-b580aa4727ea,2023,14.127692307692307,total,random_forest,11.492677421665332,2022,3
e3640a49-e4df-5e1d-a699-7c70108146cc,2023,12.404285714285715,total,random_forest,13.97212406398501,2022,3
e46e7f4f-eda6-527e-b398-d5a52cd3fb47,2023,5.077500000000001,total,random_forest,13.99851213853937,2022,3
e7e519e5-a3ec-546f-84c7-ac13364c9dde,2023,14.719999999999999,total,random_forest,19.07163989629168,2022,3
f2c783c7-afa9-5c55-bc99-1d0967346747,2023,22.763749999999998,total,random_forest,20.99428628332003,2022,3
f9b1a774-f2ec-541c-870e-a4373e3cc9ca,2023,17.046666666666667,total,random_forest,17.73754519561159,2022,3
fee7be21-ff73-5a39-948d-5ea1fc9b885e,2023,11.24,total,random_forest,14.48419039977383,2022,3
05e08afe-7d4d-5caf-8cbe-6f2682c270d6,2024,11.629999999999999,total,random_forest,14.02678067881931,2023,3
11092b99-31c6-504d-8390-0def87d4a8d5,2024,11.465714285714284,total,random_forest,13.03990957773849,2023,3
19955737-99cd-505f-88b8-2bdbeb246712,2024,12.10125,total,random_forest,15.370356650179431,2023,3
1ac267de-58c9-595e-bac0-858dfda9f6d4,2024,26.775000000000002,total,random_forest,19.766727486338542,2023,3
1e3d359a-7008-5ebd-ac11-015d52bf3e12,2024,11.46125,total,random_forest,17.47502148747668,2023,3
221f2f3d-914f-57ed-915e-e088de1901cb,2024,9.564444444444444,total,random_forest,13.863494879173947,2023,3
23c337f1-377c-5dc2-b5f1-e12efcdf1755,2024,13.056363636363637,total,random_forest,11.729404159839437,2023,3
259d2b5d-f3b0-5389-a954-5e8bc03a3cb8,2024,13.746666666666668,total,random_forest,13.135136553674826,2023,3
34beb3fa-5005-5be2-b163-32949f96ec1b,2024,13.69,total,random_forest,19.009282137837836,2023,3
3d9dd7dc-b646-5af6-8a50-cb31a1d2a598,2024,14.835,total,random_forest,16.070325276772625,2023,3
478368e9-1d81-51c1-9521-d705a1d2e055,2024,20.67,total,random_forest,16.599306671005788,2023,3
47c508de-ee91-5f11-9d62-8e2f9db32ae1,2024,13.48,total,random_forest,14.258214967540349,2023,3
4e03bbdc-d05e-5e4e-9a6b-a8acf3c6430e,2024,14.553999999999998,total,random_forest,13.775993709108967,2023,3
54ab1d88-12aa-569b-be63-bbf531c9a5ef,2024,15.562000000000001,total,random_forest,19.510933505852478,2023,3
5944c982-aadb-5aa6-b8a1-809cc5e6fce1,2024,13.03625,total,random_forest,15.082216442072259,2023,3
63bb3342-b397-59a1-8e96-925f297382a3,2024,16.335,total,random_forest,18.432424649382384,2023,3
648a438e-7b9e-5d04-b2aa-9188b13b2542,2024,11.043333333333331,total,random_forest,11.401906305033066,2023,3
6bc52e10-146e-5657-86a7-a18757b656a6,2024,17.345,total,random_forest,19.784610120801847,2023,3
79e06226-ecc0-5f69-8a91-109b9e055cde,2024,17.007142857142856,total,random_forest,18.120213266063224,2023,3
7f35b557-87ab-58c8-a8ca-50a990c9e541,2024,16.415,total,random_forest,12.35641625489524,2023,3
805959bf-d59f-504f-abaa-98bcf0481637,2024,15.225999999999999,total,random_forest,14.60565393871031,2023,3
9253375f-b718-5d18-a6ae-2dfe39cf7cb8,2024,18.3325,total,random_forest,13.4273524636372,2023,3
9916d928-6327-5a7f-9ae1-1ec039c6cb21,2024,13.47625,total,random_forest,16.197371311981403,2023,3
9b030c9d-5325-5fdb-a8fa-a79631f2897c,2024,12.237142857142857,total,random_forest,16.498095794082523,2023,3
9d57fdbe-f058-5fa6-af0e-01265f3fe7d0,2024,11.931111111111113,total,random_forest,12.451853940084822,2023,3
a5efc43f-7911-5ff3-bcc0-def8b7be0172,2024,12.928571428571429,total,random_forest,12.0635266503365,2023,3
abfaa351-4b53-5eaa-a304-9825243dc5cc,2024,16.325454545454548,total,random_forest,16.505143028882895,2023,3
b4e9327d-f002-5f05-9a32-9b2fbbcd707f,2024,15.217777777777778,total,random_forest,14.30818322918653,2023,3
beb784d7-8af2-5381-873e-2287a37d4f37,2024,15.802857142857144,total,random_forest,13.358745939792309,2023,3
c3254b64-83c1-515c-a106-e1fe1f2a000a,2024,17.724,total,random_forest,18.36726466608,2023,3
c346e7f8-fe06-57e2-a5a1-925e5c9e43ee,2024,15.690000000000001,total,random_forest,14.118007275740588,2023,3
c63fef1b-16bd-5275-a03e-94cee125aaae,2024,21.9475,total,random_forest,14.27504313891881,2023,3
ccda7d11-8596-5b2e-b55b-d640a79b3cc5,2024,25.44,total,random_forest,20.75940942289505,2023,3
cd0167c0-d9ce-5180-856c-d26959a81941,2024,18.135,total,random_forest,13.956363925979437,2023,3
d0e529e4-2d5e-58ec-b87d-1a32b8954539,2024,22.024,total,random_forest,15.416158707506105,2023,3
d2153ba6-e2e9-5c06-b349-4e078b8b8f01,2024,4.553333333333334,total,random_forest,12.265369238634332,2023,3
db0eda74-3c4b-5743-87c4-c93270f4edc1,2024,5.930000000000001,total,random_forest,12.522650413254176,2023,3
dce82837-9b56-5207-babe-53cfac54eb70,2024,23.177500000000002,total,random_forest,17.88528005586741,2023,3
e3640a49-e4df-5e1d-a699-7c70108146cc,2024,7.432,total,random_forest,13.472015968898672,2023,3
e7e519e5-a3ec-546f-84c7-ac13364c9dde,2024,6.817142857142857,total,random_forest,14.93500632081291,2023,3
f2c783c7-afa9-5c55-bc99-1d0967346747,2024,21.827142857142857,total,random_forest,20.371895771762507,2023,3
f911b2d2-de2b-56cb-8460-37ee3e9e8fdd,2024,11.992,total,random_forest,11.616865370982103,2023,3
f9b1a774-f2ec-541c-870e-a4373e3cc9ca,2024,18.05666666666667,total,random_forest,13.952200140060205,2023,3
05e08afe-7d4d-5caf-8cbe-6f2682c270d6,2025,18.970000000000002,total,random_forest,14.107611583924207,2024,3
11092b99-31c6-504d-8390-0def87d4a8d5,2025,16.055,total,random_forest,13.050486783130605,2024,3
19955737-99cd-505f-88b8-2bdbeb246712,2025,19.225,total,random_forest,15.401481858230955,2024,3
1ac267de-58c9-595e-bac0-858dfda9f6d4,2025,15.881818181818181,total,random_forest,21.858168585590306,2024,3
1e3d359a-7008-5ebd-ac11-015d52bf3e12,2025,15.409999999999998,total,random_forest,15.153798982430573,2024,3
21270a48-2c80-5b91-b05c-ee7bf19df53d,2025,12.92,total,random_forest,14.214174658748108,2024,3
21abb04f-3faa-5349-a5e7-44ae9d017d41,2025,15.185,total,random_forest,12.260173034605328,2024,3
23c337f1-377c-5dc2-b5f1-e12efcdf1755,2025,13.3,total,random_forest,13.951910756775009,2024,3
259d2b5d-f3b0-5389-a954-5e8bc03a3cb8,2025,14.313999999999998,total,random_forest,12.166281019978308,2024,3
2e3787a6-b1ba-5d9f-9a61-8f79048010ff,2025,13.355555555555556,total,random_forest,13.548516423800981,2024,3
34beb3fa-5005-5be2-b163-32949f96ec1b,2025,19.63,total,random_forest,17.88709362663944,2024,3
3d9dd7dc-b646-5af6-8a50-cb31a1d2a598,2025,16.555,total,random_forest,15.549805545236952,2024,3
3f84e8f1-fa59-519f-8069-0885da369954,2025,10.280000000000001,total,random_forest,11.56245804747953,2024,3
444c96a9-dd23-5918-b283-37b9ce8ded40,2025,10.265714285714285,total,random_forest,11.027482949683488,2024,3
478368e9-1d81-51c1-9521-d705a1d2e055,2025,17.73875,total,random_forest,16.37423643070516,2024,3
47c508de-ee91-5f11-9d62-8e2f9db32ae1,2025,9.126666666666667,total,random_forest,13.621095203862172,2024,3
4e03bbdc-d05e-5e4e-9a6b-a8acf3c6430e,2025,19.9825,total,random_forest,15.589230367564076,2024,3
5944c982-aadb-5aa6-b8a1-809cc5e6fce1,2025,21.8575,total,random_forest,15.1252941799088,2024,3
5ac63d55-0f02-5097-9962-595dcede5e49,2025,11.545000000000002,total,random_forest,12.83330493828613,2024,3
63bb3342-b397-59a1-8e96-925f297382a3,2025,13.756,total,random_forest,18.286986832501746,2024,3
6bc52e10-146e-5657-86a7-a18757b656a6,2025,19.72714285714286,total,random_forest,19.116118624847367,2024,3
74a040f9-d7fa-5d7f-b1db-635f481002ea,2025,10.644,total,random_forest,12.8241206121989,2024,3
787ddae6-47c4-5245-84ff-c1d7d67a39a1,2025,8.655,total,random_forest,14.410752612199147,2024,3
79e06226-ecc0-5f69-8a91-109b9e055cde,2025,16.525714285714283,total,random_forest,15.002908956022011,2024,3
8d5300d8-e939-50a0-ae30-6124af36ef5b,2025,14.96,total,random_forest,13.68343457332023,2024,3
9253375f-b718-5d18-a6ae-2dfe39cf7cb8,2025,14.0375,total,random_forest,14.395263727943124,2024,3
9916d928-6327-5a7f-9ae1-1ec039c6cb21,2025,13.588,total,random_forest,13.968226234907402,2024,3
9b030c9d-5325-5fdb-a8fa-a79631f2897c,2025,13.294285714285715,total,random_forest,14.220067683093632,2024,3
abfaa351-4b53-5eaa-a304-9825243dc5cc,2025,10.692857142857145,total,random_forest,14.925262912994164,2024,3
b4e9327d-f002-5f05-9a32-9b2fbbcd707f,2025,19.3675,total,random_forest,14.5374026504734,2024,3
c3254b64-83c1-515c-a106-e1fe1f2a000a,2025,23.4,total,random_forest,17.014493579527883,2024,3
c63fef1b-16bd-5275-a03e-94cee125aaae,2025,15.54375,total,random_forest,17.232387983534462,2024,3
ccda7d11-8596-5b2e-b55b-d640a79b3cc5,2025,22.78875,total,random_forest,21.725142512194232,2024,3
cd0167c0-d9ce-5180-856c-d26959a81941,2025,18.89375,total,random_forest,17.767055699604917,2024,3
d0e529e4-2d5e-58ec-b87d-1a32b8954539,2025,14.897142857142857,total,random_forest,21.18053424086917,2024,3
d2153ba6-e2e9-5c06-b349-4e078b8b8f01,2025,18.23818181818182,total,random_forest,13.263269235964865,2024,3
db0eda74-3c4b-5743-87c4-c93270f4edc1,2025,11.08,total,random_forest,11.05296471925702,2024,3
dce82837-9b56-5207-babe-53cfac54eb70,2025,18.046666666666667,total,random_forest,20.462204285825486,2024,3
ddf55e16-fa43-5d7e-92f4-f41e53fd6fb7,2025,19.10727272727273,total,random_forest,12.528556427793408,2024,3
df8422ce-da76-5999-80be-a47aead4fc59,2025,11.488888888888889,total,random_forest,15.399789275456937,2024,3
f2c783c7-afa9-5c55-bc99-1d0967346747,2025,18.81625,total,random_forest,21.54228979042059,2024,3
f9b1a774-f2ec-541c-870e-a4373e3cc9ca,2025,12.962222222222223,total,random_forest,15.576444182959664,2024,3
006d6e97-5088-5763-9fce-72ff5ff45d7e,2017,10.44,total,lightgbm,13.7340990312619,2016,0
06db6fd1-8f8b-599c-9f54-3360e7e3fccf,2017,13.18857142857143,total,lightgbm,16.577227913084272,2016,0
070a032d-e19f-5afd-8aa2-5b49d2736619,2017,13.934666666666667,total,lightgbm,17.471870749783605,2016,0
0e1c1cf3-a023-55da-9ef3-b52cbc04e1a1,2017,18.825333333333333,total,lightgbm,18.247377662166826,2016,0
13cf76af-bac9-5c77-8d62-e2301ba490d9,2017,16.425,total,lightgbm,17.63142205191172,2016,0
259d2b5d-f3b0-5389-a954-5e8bc03a3cb8,2017,10.661333333333333,total,lightgbm,14.508792451157673,2016,0
34beb3fa-5005-5be2-b163-32949f96ec1b,2017,16.326666666666668,total,lightgbm,18.354868623149613,2016,0
38cc56d5-c433-5c30-9189-2f328863acc0,2017,12.388571428571428,total,lightgbm,15.907556969542304,2016,0
407d5713-2387-5d98-8bbe-faf956914733,2017,12.931666666666665,total,lightgbm,13.991290875252234,2016,0
478368e9-1d81-51c1-9521-d705a1d2e055,2017,17.61733333333333,total,lightgbm,11.534718160677158,2016,0
5944c982-aadb-5aa6-b8a1-809cc5e6fce1,2017,15.434666666666667,total,lightgbm,17.094925029669692,2016,0
62fb4320-5510-54a8-8360-27a49422ad00,2017,8.334999999999999,total,lightgbm,14.450532000340699,2016,0
74a040f9-d7fa-5d7f-b1db-635f481002ea,2017,13.0,total,lightgbm,15.860531936370252,2016,0
805959bf-d59f-504f-abaa-98bcf0481637,2017,21.565333333333335,total,lightgbm,18.925805634266077,2016,0
864ae232-4c8f-59b7-b3a2-92573d28ba86,2017,12.799999999999999,total,lightgbm,11.823200497200405,2016,0
8d5300d8-e939-50a0-ae30-6124af36ef5b,2017,13.413846153846153,total,lightgbm,16.760326781264382,2016,0
9419dec6-8187-5c2d-96ee-2d81a6dd891f,2017,16.30857142857143,total,lightgbm,14.432878254627262,2016,0
9916d928-6327-5a7f-9ae1-1ec039c6cb21,2017,20.98,total,lightgbm,20.620646840928437,2016,0
9b030c9d-5325-5fdb-a8fa-a79631f2897c,2017,17.80666666666667,total,lightgbm,19.89649651026776,2016,0
9f08f3c3-af3e-508a-8b15-2cbfa4ad2f03,2017,21.74923076923077,total,lightgbm,15.659876007960595,2016,0
ad6398f8-015a-5cb3-87d6-577b351ddcb9,2017,6.026666666666667,total,lightgbm,10.623060192345635,2016,0
aefb525e-f3a6-50b7-b839-2e2e673aaa95,2017,19.478666666666665,total,lightgbm,15.076145989441178,2016,0
b382165b-655f-5588-be0e-c46aacbbfe48,2017,10.628,total,lightgbm,12.177930014887565,2016,0
b398cd14-cc10-5a9e-b105-45fc20809edf,2017,7.68,total,lightgbm,12.398947257875012,2016,0
b4f0261b-58ea-51e6-8342-780b4f31418b,2017,18.752000000000002,total,lightgbm,20.598491891398048,2016,0
b53cd9da-5302-5803-8dc0-c4cb4ec42927,2017,17.170666666666666,total,lightgbm,20.678771463370584,2016,0
b64a8149-19c0-519e-8862-ca2dcf2afef4,2017,9.5,total,lightgbm,14.165034283269977,2016,0
b744e4fc-9ec6-5815-8413-350c18a0aaf3,2017,16.364,total,lightgbm,12.903990542435785,2016,0
bd52e3ef-9f48-5bcb-b3fb-89d563f3599a,2017,10.842,total,lightgbm,13.014071958019022,2016,0
beb784d7-8af2-5381-873e-2287a37d4f37,2017,15.227272727272727,total,lightgbm,17.446291708918082,2016,0
c346e7f8-fe06-57e2-a5a1-925e5c9e43ee,2017,14.33,total,lightgbm,16.900489093921436,2016,0
e722f964-f5cb-5b3f-8060-65ba2101afe9,2017,18.070666666666668,total,lightgbm,17.088769076771268,2016,0
e7e519e5-a3ec-546f-84c7-ac13364c9dde,2017,24.40857142857143,total,lightgbm,14.165034283269977,2016,0
ebfd7c6e-7517-56e5-a516-3f390631c635,2017,14.803076923076922,total,lightgbm,11.16199894091002,2016,0
f5534cc0-db92-53a4-b1a8-f2493702388b,2017,17.161333333333335,total,lightgbm,17.191508239017363,2016,0
f911b2d2-de2b-56cb-8460-37ee3e9e8fdd,2017,11.668000000000001,total,lightgbm,17.140543143536185,2016,0
fee7be21-ff73-5a39-948d-5ea1fc9b885e,2017,9.563636363636364,total,lightgbm,11.27362307153668,2016,0
070a032d-e19f-5afd-8aa2-5b49d2736619,2018,21.709333333333337,total,lightgbm,16.05741715686957,2017,0
0e1c1cf3-a023-55da-9ef3-b52cbc04e1a1,2018,20.042857142857144,total,lightgbm,17.958069671635204,2017,0
1ac267de-58c9-595e-bac0-858dfda9f6d4,2018,16.5,total,lightgbm,14.433418072995133,2017,0
259d2b5d-f3b0-5389-a954-5e8bc03a3cb8,2018,15.011111111111111,total,lightgbm,14.120632412814977,2017,0
26910920-a835-56ad-8cf6-43fbb1b551ad,2018,22.605,total,lightgbm,13.72788038967704,2017,0
34beb3fa-5005-5be2-b163-32949f96ec1b,2018,15.028,total,lightgbm,15.455380477813632,2017,0
38cc56d5-c433-5c30-9189-2f328863acc0,2018,13.048,total,lightgbm,15.213350662847708,2017,0
3ebb992a-a3ca-5760-ba54-f9986c4a7e68,2018,9.976,total,lightgbm,14.511909350815744,2017,0
478368e9-1d81-51c1-9521-d705a1d2e055,2018,19.290666666666667,total,lightgbm,15.665972028361846,2017,0
5944c982-aadb-5aa6-b8a1-809cc5e6fce1,2018,11.782666666666668,total,lightgbm,16.40402104500034,2017,0
6bc52e10-146e-5657-86a7-a18757b656a6,2018,28.916,total,lightgbm,15.585946159614231,2017,0
7b4909e3-c8b2-5d03-9727-65629b87a53f,2018,21.887999999999998,total,lightgbm,19.51695892336725,2017,0
805959bf-d59f-504f-abaa-98bcf0481637,2018,18.602666666666668,total,lightgbm,17.61754983080951,2017,0
84499736-8ce6-5adb-8910-aee72924fd6d,2018,6.36,total,lightgbm,11.038232350368446,2017,0
864ae232-4c8f-59b7-b3a2-92573d28ba86,2018,13.396,total,lightgbm,14.46191132687249,2017,0
8d5300d8-e939-50a0-ae30-6124af36ef5b,2018,10.601428571428572,total,lightgbm,15.633612668585094,2017,0
9253375f-b718-5d18-a6ae-2dfe39cf7cb8,2018,12.885,total,lightgbm,13.567879181460677,2017,0
9419dec6-8187-5c2d-96ee-2d81a6dd891f,2018,12.761333333333335,total,lightgbm,13.813990374353127,2017,0
9916d928-6327-5a7f-9ae1-1ec039c6cb21,2018,19.636000000000003,total,lightgbm,20.241640562359983,2017,0
9b030c9d-5325-5fdb-a8fa-a79631f2897c,2018,17.976,total,lightgbm,18.30422326163576,2017,0
9f08f3c3-af3e-508a-8b15-2cbfa4ad2f03,2018,16.923636363636362,total,lightgbm,15.337682396726073,2017,0
aefb525e-f3a6-50b7-b839-2e2e673aaa95,2018,12.8,total,lightgbm,14.840959210267517,2017,0
b4f0261b-58ea-51e6-8342-780b4f31418b,2018,17.78666666666667,total,lightgbm,19.96252728048655,2017,0
b53cd9da-5302-5803-8dc0-c4cb4ec42927,2018,21.965333333333334,total,lightgbm,19.983501326701102,2017,0
b744e4fc-9ec6-5815-8413-350c18a0aaf3,2018,14.398181818181818,total,lightgbm,15.157984243588091,2017,0
b8bbd5f1-9354-57da-9dd9-25d2d87931a9,2018,15.870000000000001,total,lightgbm,14.068521236487278,2017,0
beb784d7-8af2-5381-873e-2287a37d4f37,2018,15.968,total,lightgbm,15.079721444441041,2017,0
c346e7f8-fe06-57e2-a5a1-925e5c9e43ee,2018,12.724,total,lightgbm,15.528220069107697,2017,0
c63fef1b-16bd-5275-a03e-94cee125aaae,2018,16.62,total,lightgbm,12.224940566442495,2017,0
ccda7d11-8596-5b2e-b55b-d640a79b3cc5,2018,13.854545454545455,total,lightgbm,13.817503099917275,2017,0
d0494295-31eb-5518-8b54-6d71d50f02eb,2018,11.931999999999999,total,lightgbm,13.761225573909725,2017,0
e46e7f4f-eda6-527e-b398-d5a52cd3fb47,2018,12.088000000000001,total,lightgbm,14.38613532808908,2017,0
e722f964-f5cb-5b3f-8060-65ba2101afe9,2018,22.972,total,lightgbm,17.211360301461294,2017,0
e7e519e5-a3ec-546f-84c7-ac13364c9dde,2018,19.249333333333333,total,lightgbm,18.224092861541806,2017,0
f5534cc0-db92-53a4-b1a8-f2493702388b,2018,18.398666666666667,total,lightgbm,15.895824557468318,2017,0
f911b2d2-de2b-56cb-8460-37ee3e9e8fdd,2018,16.049090909090907,total,lightgbm,14.805475173757948,2017,0
fee7be21-ff73-5a39-948d-5ea1fc9b885e,2018,19.53076923076923,total,lightgbm,15.031275413007204,2017,0
05e08afe-7d4d-5caf-8cbe-6f2682c270d6,2019,17.46909090909091,total,lightgbm,11.01623285280953,2018,0
070a032d-e19f-5afd-8aa2-5b49d2736619,2019,17.48714285714286,total,lightgbm,17.52976132126485,2018,0
0c370254-2acd-5345-a009-d0744ed3affe,2019,5.753333333333333,total,lightgbm,13.397587480190525,2018,0
13cf76af-bac9-5c77-8d62-e2301ba490d9,2019,15.368,total,lightgbm,14.210642653828472,2018,0
1ac267de-58c9-595e-bac0-858dfda9f6d4,2019,29.445333333333334,total,lightgbm,15.45576310225933,2018,0
259d2b5d-f3b0-5389-a954-5e8bc03a3cb8,2019,7.985,total,lightgbm,12.213743059475124,2018,0
26910920-a835-56ad-8cf6-43fbb1b551ad,2019,15.615384615384615,total,lightgbm,13.766833027955524,2018,0
34beb3fa-5005-5be2-b163-32949f96ec1b,2019,21.81066666666667,total,lightgbm,15.838546541841344,2018,0
35d5ce2f-914c-5098-8b03-22f5a120ba0c,2019,11.931666666666667,total,lightgbm,13.492909373792306,2018,0
38cc56d5-c433-5c30-9189-2f328863acc0,2019,14.095,total,lightgbm,14.486274512901021,2018,0
478368e9-1d81-51c1-9521-d705a1d2e055,2019,15.424000000000001,total,lightgbm,16.597120417043335,2018,0
5944c982-aadb-5aa6-b8a1-809cc5e6fce1,2019,21.695,total,lightgbm,15.447557201679912,2018,0
63bb3342-b397-59a1-8e96-925f297382a3,2019,16.352,total,lightgbm,16.23365006651086,2018,0
6bc52e10-146e-5657-86a7-a18757b656a6,2019,23.895,total,lightgbm,19.641276202769074,2018,0
7f35b557-87ab-58c8-a8ca-50a990c9e541,2019,15.004999999999999,total,lightgbm,11.349615001866576,2018,0
805959bf-d59f-504f-abaa-98bcf0481637,2019,19.758666666666667,total,lightgbm,17.60724949718223,2018,0
84499736-8ce6-5adb-8910-aee72924fd6d,2019,1.4449999999999998,total,lightgbm,11.28512502559184,2018,0
8d5300d8-e939-50a0-ae30-6124af36ef5b,2019,11.176666666666668,total,lightgbm,15.03969318481679,2018,0
9253375f-b718-5d18-a6ae-2dfe39cf7cb8,2019,13.700000000000001,total,lightgbm,15.796635683362656,2018,0
9419dec6-8187-5c2d-96ee-2d81a6dd891f,2019,15.796666666666667,total,lightgbm,11.43822423498585,2018,0
9916d928-6327-5a7f-9ae1-1ec039c6cb21,2019,16.69066666666667,total,lightgbm,19.859466513810197,2018,0
9b030c9d-5325-5fdb-a8fa-a79631f2897c,2019,16.361333333333334,total,lightgbm,18.491688163365094,2018,0
9f08f3c3-af3e-508a-8b15-2cbfa4ad2f03,2019,16.720000000000002,total,lightgbm,16.74302407975793,2018,0
b4f0261b-58ea-51e6-8342-780b4f31418b,2019,16.722666666666665,total,lightgbm,20.192268070158562,2018,0
b53cd9da-5302-5803-8dc0-c4cb4ec42927,2019,24.58,total,lightgbm,20.054907681186975,2018,0
beb784d7-8af2-5381-873e-2287a37d4f37,2019,19.188,total,lightgbm,16.45604494790742,2018,0
c346e7f8-fe06-57e2-a5a1-925e5c9e43ee,2019,14.648,total,lightgbm,15.50138828054632,2018,0
c63fef1b-16bd-5275-a03e-94cee125aaae,2019,13.208,total,lightgbm,16.557303159860815,2018,0
ccda7d11-8596-5b2e-b55b-d640a79b3cc5,2019,18.224,total,lightgbm,14.895873596937232,2018,0
d2153ba6-e2e9-5c06-b349-4e078b8b8f01,2019,16.172307692307694,total,lightgbm,14.850452543553336,2018,0
dbc808ad-2a1a-58cb-8c4a-d25251c207d0,2019,6.9225,total,lightgbm,11.871079706282769,2018,0
e3640a49-e4df-5e1d-a699-7c70108146cc,2019,14.672307692307694,total,lightgbm,11.076223635778202,2018,0
e46e7f4f-eda6-527e-b398-d5a52cd3fb47,2019,20.046,total,lightgbm,11.75850218470055,2018,0
e7e519e5-a3ec-546f-84c7-ac13364c9dde,2019,20.898666666666667,total,lightgbm,18.607780012157278,2018,0
f5534cc0-db92-53a4-b1a8-f2493702388b,2019,14.384000000000002,total,lightgbm,16.010890492719632,2018,0
f911b2d2-de2b-56cb-8460-37ee3e9e8fdd,2019,14.213333333333333,total,lightgbm,14.78458880298979,2018,0
fee7be21-ff73-5a39-948d-5ea1fc9b885e,2019,13.92923076923077,total,lightgbm,15.196433541673974,2018,0
05e08afe-7d4d-5caf-8cbe-6f2682c270d6,2020,10.012307692307692,total,lightgbm,17.756302028465775,2019,0
070a032d-e19f-5afd-8aa2-5b49d2736619,2020,16.649333333333335,total,lightgbm,16.829584669634542,2019,0
0c370254-2acd-5345-a009-d0744ed3affe,2020,9.301333333333334,total,lightgbm,12.92666680787295,2019,0
0e1c1cf3-a023-55da-9ef3-b52cbc04e1a1,2020,15.071428571428571,total,lightgbm,18.4237708860779,2019,0
13cf76af-bac9-5c77-8d62-e2301ba490d9,2020,10.056666666666667,total,lightgbm,15.13420496045988,2019,0
1ac267de-58c9-595e-bac0-858dfda9f6d4,2020,22.111428571428572,total,lightgbm,18.813807946099487,2019,0
26910920-a835-56ad-8cf6-43fbb1b551ad,2020,17.37,total,lightgbm,12.86723639221667,2019,0
34beb3fa-5005-5be2-b163-32949f96ec1b,2020,28.627999999999997,total,lightgbm,18.49793489412024,2019,0
3d9dd7dc-b646-5af6-8a50-cb31a1d2a598,2020,21.990000000000002,total,lightgbm,11.594128141203011,2019,0
478368e9-1d81-51c1-9521-d705a1d2e055,2020,16.332,total,lightgbm,16.66107639982735,2019,0
5944c982-aadb-5aa6-b8a1-809cc5e6fce1,2020,16.01857142857143,total,lightgbm,17.317311590863298,2019,0
63bb3342-b397-59a1-8e96-925f297382a3,2020,26.197333333333336,total,lightgbm,17.311420092792538,2019,0
692ed3ce-f07d-5199-84d7-2a7b0f80a70e,2020,16.32,total,lightgbm,13.819523437264028,2019,0
6bc52e10-146e-5657-86a7-a18757b656a6,2020,26.626666666666665,total,lightgbm,19.501997554807218,2019,0
7f35b557-87ab-58c8-a8ca-50a990c9e541,2020,14.56909090909091,total,lightgbm,15.326351947437846,2019,0
805959bf-d59f-504f-abaa-98bcf0481637,2020,22.642666666666667,total,lightgbm,18.635217011127384,2019,0
9253375f-b718-5d18-a6ae-2dfe39cf7cb8,2020,9.007272727272728,total,lightgbm,15.081736796996744,2019,0
9916d928-6327-5a7f-9ae1-1ec039c6cb21,2020,25.983999999999998,total,lightgbm,19.510909612787312,2019,0
9b030c9d-5325-5fdb-a8fa-a79631f2897c,2020,17.964285714285715,total,lightgbm,15.758641024959967,2019,0
9f08f3c3-af3e-508a-8b15-2cbfa4ad2f03,2020,13.366666666666667,total,lightgbm,17.727290706595927,2019,0
abfaa351-4b53-5eaa-a304-9825243dc5cc,2020,14.1075,total,lightgbm,12.151337530885378,2019,0
aefb525e-f3a6-50b7-b839-2e2e673aaa95,2020,6.871428571428572,total,lightgbm,12.87192291518168,2019,0
b4f0261b-58ea-51e6-8342-780b4f31418b,2020,22.177333333333333,total,lightgbm,18.749005028700633,2019,0
b53cd9da-5302-5803-8dc0-c4cb4ec42927,2020,19.65,total,lightgbm,20.177069296321882,2019,0
b8bbd5f1-9354-57da-9dd9-25d2d87931a9,2020,12.297500000000001,total,lightgbm,12.47658563755253,2019,0
c346e7f8-fe06-57e2-a5a1-925e5c9e43ee,2020,18.575714285714287,total,lightgbm,14.615569573525354,2019,0
c63fef1b-16bd-5275-a03e-94cee125aaae,2020,15.725333333333333,total,lightgbm,15.032924151371494,2019,0
ccda7d11-8596-5b2e-b55b-d640a79b3cc5,2020,27.086666666666666,total,lightgbm,16.172071641452934,2019,0
dbc808ad-2a1a-58cb-8c4a-d25251c207d0,2020,7.880000000000001,total,lightgbm,11.852348568278549,2019,0
dce82837-9b56-5207-babe-53cfac54eb70,2020,16.472,total,lightgbm,16.66085171182117,2019,0
e3640a49-e4df-5e1d-a699-7c70108146cc,2020,16.795555555555556,total,lightgbm,16.537859296133984,2019,0
e46e7f4f-eda6-527e-b398-d5a52cd3fb47,2020,21.828,total,lightgbm,15.148657998594867,2019,0
e722f964-f5cb-5b3f-8060-65ba2101afe9,2020,19.21466666666667,total,lightgbm,17.371886640425913,2019,0
e7e519e5-a3ec-546f-84c7-ac13364c9dde,2020,22.567999999999998,total,lightgbm,19.54603311893322,2019,0
f2c783c7-afa9-5c55-bc99-1d0967346747,2020,20.735,total,lightgbm,13.245126683961303,2019,0
f5534cc0-db92-53a4-b1a8-f2493702388b,2020,15.773333333333333,total,lightgbm,15.62202912870445,2019,0
fee7be21-ff73-5a39-948d-5ea1fc9b885e,2020,17.64,total,lightgbm,12.903522983879055,2019,0
05e08afe-7d4d-5caf-8cbe-6f2682c270d6,2021,14.001818181818182,total,lightgbm,15.605273240213846,2020,0
070a032d-e19f-5afd-8aa2-5b49d2736619,2021,12.317499999999999,total,lightgbm,16.20653897765983,2020,0
0c370254-2acd-5345-a009-d0744ed3affe,2021,9.967272727272729,total,lightgbm,13.832342819986318,2020,0
11092b99-31c6-504d-8390-0def87d4a8d5,2021,13.776,total,lightgbm,14.552746736985686,2020,0
13cf76af-bac9-5c77-8d62-e2301ba490d9,2021,15.19714285714286,total,lightgbm,14.214686696188135,2020,0
1ac267de-58c9-595e-bac0-858dfda9f6d4,2021,20.163636363636364,total,lightgbm,19.240776426713452,2020,0
34beb3fa-5005-5be2-b163-32949f96ec1b,2021,19.717333333333332,total,lightgbm,20.409273388295077,2020,0
3d9dd7dc-b646-5af6-8a50-cb31a1d2a598,2021,22.583750000000002,total,lightgbm,20.061050073516626,2020,0
45d0654b-4331-56ce-a016-514e89fc38f1,2021,13.484,total,lightgbm,12.839403573427116,2020,0
478368e9-1d81-51c1-9521-d705a1d2e055,2021,11.76769230769231,total,lightgbm,14.886296835498937,2020,0
5944c982-aadb-5aa6-b8a1-809cc5e6fce1,2021,20.513749999999998,total,lightgbm,17.236768829302246,2020,0
63bb3342-b397-59a1-8e96-925f297382a3,2021,22.336923076923078,total,lightgbm,19.86143173853051,2020,0
692ed3ce-f07d-5199-84d7-2a7b0f80a70e,2021,13.691428571428572,total,lightgbm,15.76817747394791,2020,0
6bc52e10-146e-5657-86a7-a18757b656a6,2021,22.028750000000002,total,lightgbm,20.53208914512086,2020,0
74a040f9-d7fa-5d7f-b1db-635f481002ea,2021,11.648,total,lightgbm,14.271928998856803,2020,0
805959bf-d59f-504f-abaa-98bcf0481637,2021,16.06153846153846,total,lightgbm,20.63670324161659,2020,0
88147e8e-3779-500e-b561-1a75ebac4651,2021,10.267272727272728,total,lightgbm,16.419202985269337,2020,0
9253375f-b718-5d18-a6ae-2dfe39cf7cb8,2021,11.147272727272728,total,lightgbm,14.72440265589772,2020,0
9916d928-6327-5a7f-9ae1-1ec039c6cb21,2021,22.238666666666667,total,lightgbm,20.34848105122728,2020,0
9b030c9d-5325-5fdb-a8fa-a79631f2897c,2021,19.362666666666666,total,lightgbm,16.49517946783177,2020,0
9f08f3c3-af3e-508a-8b15-2cbfa4ad2f03,2021,15.620000000000001,total,lightgbm,15.489159571440442,2020,0
abfaa351-4b53-5eaa-a304-9825243dc5cc,2021,15.294545454545455,total,lightgbm,16.17958848291492,2020,0
b4e9327d-f002-5f05-9a32-9b2fbbcd707f,2021,9.96375,total,lightgbm,17.49390341591404,2020,0
b4f0261b-58ea-51e6-8342-780b4f31418b,2021,24.04375,total,lightgbm,20.44511435408545,2020,0
beb784d7-8af2-5381-873e-2287a37d4f37,2021,18.360000000000003,total,lightgbm,15.35279252747667,2020,0
c346e7f8-fe06-57e2-a5a1-925e5c9e43ee,2021,14.60125,total,lightgbm,15.765885314362393,2020,0
c63fef1b-16bd-5275-a03e-94cee125aaae,2021,10.992857142857144,total,lightgbm,15.378435813124776,2020,0
ccda7d11-8596-5b2e-b55b-d640a79b3cc5,2021,24.6075,total,lightgbm,20.35723138836535,2020,0
d2153ba6-e2e9-5c06-b349-4e078b8b8f01,2021,9.453333333333333,total,lightgbm,13.646865535527562,2020,0
dce82837-9b56-5207-babe-53cfac54eb70,2021,19.3275,total,lightgbm,17.049654768421693,2020,0
e46e7f4f-eda6-527e-b398-d5a52cd3fb47,2021,13.6925,total,lightgbm,18.373961759734758,2020,0
e722f964-f5cb-5b3f-8060-65ba2101afe9,2021,12.649333333333333,total,lightgbm,16.421754068740256,2020,0
f2c783c7-afa9-5c55-bc99-1d0967346747,2021,20.544,total,lightgbm,18.996506762203964,2020,0
f911b2d2-de2b-56cb-8460-37ee3e9e8fdd,2021,10.888,total,lightgbm,14.638179553476961,2020,0
f9b1a774-f2ec-541c-870e-a4373e3cc9ca,2021,8.463636363636365,total,lightgbm,15.909529002247911,2020,0
05d1fee5-084f-5fbd-a509-fe8c23fdc978,2022,8.804,total,lightgbm,13.756702455606623,2021,0
05e08afe-7d4d-5caf-8cbe-6f2682c270d6,2022,16.625,total,lightgbm,13.58986716106647,2021,0
070a032d-e19f-5afd-8aa2-5b49d2736619,2022,11.273333333333333,total,lightgbm,16.36210268427785,2021,0
11092b99-31c6-504d-8390-0def87d4a8d5,2022,10.995,total,lightgbm,14.39802793424654,2021,0
13cf76af-bac9-5c77-8d62-e2301ba490d9,2022,16.454,total,lightgbm,15.478338799442838,2021,0
1ac267de-58c9-595e-bac0-858dfda9f6d4,2022,21.067272727272726,total,lightgbm,19.795170190755666,2021,0
21abb04f-3faa-5349-a5e7-44ae9d017d41,2022,10.5,total,lightgbm,12.930225385272884,2021,0
2b55d8bd-541c-5cc7-88bf-9d21dd7691ff,2022,5.2,total,lightgbm,11.754615082150629,2021,0
34beb3fa-5005-5be2-b163-32949f96ec1b,2022,17.716363636363635,total,lightgbm,20.274369103985865,2021,0
3d9dd7dc-b646-5af6-8a50-cb31a1d2a598,2022,15.6525,total,lightgbm,20.345637917917415,2021,0
45d0654b-4331-56ce-a016-514e89fc38f1,2022,12.217777777777778,total,lightgbm,14.667786304659074,2021,0
478368e9-1d81-51c1-9521-d705a1d2e055,2022,17.6475,total,lightgbm,14.658109164275942,2021,0
47c508de-ee91-5f11-9d62-8e2f9db32ae1,2022,17.57875,total,lightgbm,11.289395568404492,2021,0
5944c982-aadb-5aa6-b8a1-809cc5e6fce1,2022,10.153333333333334,total,lightgbm,17.096703971035875,2021,0
63bb3342-b397-59a1-8e96-925f297382a3,2022,18.686,total,lightgbm,19.549284172733376,2021,0
6bc52e10-146e-5657-86a7-a18757b656a6,2022,26.87,total,lightgbm,20.810966265272814,2021,0
805959bf-d59f-504f-abaa-98bcf0481637,2022,11.867142857142857,total,lightgbm,19.99462380805887,2021,0
88147e8e-3779-500e-b561-1a75ebac4651,2022,9.491111111111111,total,lightgbm,14.313044675584013,2021,0
8d5300d8-e939-50a0-ae30-6124af36ef5b,2022,14.120000000000001,total,lightgbm,14.58738953519597,2021,0
9253375f-b718-5d18-a6ae-2dfe39cf7cb8,2022,17.48,total,lightgbm,13.479722518739933,2021,0
9916d928-6327-5a7f-9ae1-1ec039c6cb21,2022,13.75,total,lightgbm,20.577153556689595,2021,0
9b030c9d-5325-5fdb-a8fa-a79631f2897c,2022,16.47375,total,lightgbm,18.243139030719792,2021,0
9d57fdbe-f058-5fa6-af0e-01265f3fe7d0,2022,10.568000000000001,total,lightgbm,14.714369477749239,2021,0
9f08f3c3-af3e-508a-8b15-2cbfa4ad2f03,2022,12.225,total,lightgbm,14.61531468588656,2021,0
abfaa351-4b53-5eaa-a304-9825243dc5cc,2022,19.96,total,lightgbm,14.99808415510898,2021,0
b4e9327d-f002-5f05-9a32-9b2fbbcd707f,2022,17.9025,total,lightgbm,14.733461447752962,2021,0
b4f0261b-58ea-51e6-8342-780b4f31418b,2022,16.89375,total,lightgbm,20.28983267266599,2021,0
c346e7f8-fe06-57e2-a5a1-925e5c9e43ee,2022,14.538666666666668,total,lightgbm,17.302438355097575,2021,0
c63fef1b-16bd-5275-a03e-94cee125aaae,2022,8.721818181818183,total,lightgbm,14.612915788374279,2021,0
ccda7d11-8596-5b2e-b55b-d640a79b3cc5,2022,25.850666666666665,total,lightgbm,20.900464479603556,2021,0
d2153ba6-e2e9-5c06-b349-4e078b8b8f01,2022,14.465454545454547,total,lightgbm,11.603923132927848,2021,0
dbddf1a9-f4f2-58d9-b145-32dd70ec0394,2022,10.66909090909091,total,lightgbm,13.4170096127213,2021,0
dce82837-9b56-5207-babe-53cfac54eb70,2022,22.673333333333336,total,lightgbm,18.295742412620594,2021,0
e46e7f4f-eda6-527e-b398-d5a52cd3fb47,2022,11.853333333333333,total,lightgbm,15.258299871985713,2021,0
e7e519e5-a3ec-546f-84c7-ac13364c9dde,2022,12.196000000000002,total,lightgbm,13.582378892717271,2021,0
f2c783c7-afa9-5c55-bc99-1d0967346747,2022,26.470000000000002,total,lightgbm,19.42351701481558,2021,0
f911b2d2-de2b-56cb-8460-37ee3e9e8fdd,2022,11.938461538461537,total,lightgbm,14.725524867631457,2021,0
f9b1a774-f2ec-541c-870e-a4373e3cc9ca,2022,17.79866666666667,total,lightgbm,13.54823614422966,2021,0
fee7be21-ff73-5a39-948d-5ea1fc9b885e,2022,9.554285714285713,total,lightgbm,14.62586618806208,2021,0
05e08afe-7d4d-5caf-8cbe-6f2682c270d6,2023,6.2120000000000015,total,lightgbm,15.113763508912475,2022,0
11092b99-31c6-504d-8390-0def87d4a8d5,2023,8.672727272727274,total,lightgbm,13.94700309393425,2022,0
13cf76af-bac9-5c77-8d62-e2301ba490d9,2023,9.516666666666667,total,lightgbm,13.425860948344877,2022,0
1ac267de-58c9-595e-bac0-858dfda9f6d4,2023,20.32625,total,lightgbm,20.40785322054424,2022,0
1e3d359a-7008-5ebd-ac11-015d52bf3e12,2023,17.782857142857143,total,lightgbm,13.288031091678313,2022,0
221f2f3d-914f-57ed-915e-e088de1901cb,2023,10.5475,total,lightgbm,11.067406016096054,2022,0
23c337f1-377c-5dc2-b5f1-e12efcdf1755,2023,6.748,total,lightgbm,13.434089547718678,2022,0
34beb3fa-5005-5be2-b163-32949f96ec1b,2023,19.73,total,lightgbm,18.53266676269303,2022,0
3d9dd7dc-b646-5af6-8a50-cb31a1d2a598,2023,17.743076923076924,total,lightgbm,19.255600208064116,2022,0
402eabea-209d-5bae-93ea-ad5e22d373d5,2023,11.305,total,lightgbm,11.81784934510089,2022,0
45d0654b-4331-56ce-a016-514e89fc38f1,2023,12.8,total,lightgbm,11.439760496152983,2022,0
478368e9-1d81-51c1-9521-d705a1d2e055,2023,16.83125,total,lightgbm,15.746380235005065,2022,0
47c508de-ee91-5f11-9d62-8e2f9db32ae1,2023,14.028571428571428,total,lightgbm,17.92882699860944,2022,0
5944c982-aadb-5aa6-b8a1-809cc5e6fce1,2023,15.873333333333333,total,lightgbm,14.668844999102951,2022,0
63bb3342-b397-59a1-8e96-925f297382a3,2023,17.368571428571432,total,lightgbm,14.471353435238449,2022,0
6bc52e10-146e-5657-86a7-a18757b656a6,2023,17.88875,total,lightgbm,20.591346628200906,2022,0
79e06226-ecc0-5f69-8a91-109b9e055cde,2023,18.9075,total,lightgbm,13.920719001336193,2022,0
7ff22629-b2b9-58c7-b56d-8eea3366f94e,2023,13.445,total,lightgbm,14.552668349334256,2022,0
805959bf-d59f-504f-abaa-98bcf0481637,2023,15.926666666666668,total,lightgbm,15.076383258041695,2022,0
9b030c9d-5325-5fdb-a8fa-a79631f2897c,2023,19.3425,total,lightgbm,17.353285141513066,2022,0
abfaa351-4b53-5eaa-a304-9825243dc5cc,2023,16.79625,total,lightgbm,15.195694525477483,2022,0
b2cb3f71-0ccd-58f3-8934-7b675a216972,2023,11.408,total,lightgbm,9.845354899288182,2022,0
b4e9327d-f002-5f05-9a32-9b2fbbcd707f,2023,15.622666666666667,total,lightgbm,17.475206260928367,2022,0
c3254b64-83c1-515c-a106-e1fe1f2a000a,2023,19.1,total,lightgbm,13.637200904975144,2022,0
c346e7f8-fe06-57e2-a5a1-925e5c9e43ee,2023,12.997499999999999,total,lightgbm,14.091967723567706,2022,0
c63fef1b-16bd-5275-a03e-94cee125aaae,2023,16.18,total,lightgbm,13.41966045444272,2022,0
ccda7d11-8596-5b2e-b55b-d640a79b3cc5,2023,24.28625,total,lightgbm,21.38119380066125,2022,0
dbddf1a9-f4f2-58d9-b145-32dd70ec0394,2023,8.281818181818183,total,lightgbm,14.426808986573379,2022,0
dce82837-9b56-5207-babe-53cfac54eb70,2023,14.116,total,lightgbm,19.883293450306674,2022,0
df9c20f9-8747-55fa-ae71-b580aa4727ea,2023,14.127692307692307,total,lightgbm,10.904005215042996,2022,0
e3640a49-e4df-5e1d-a699-7c70108146cc,2023,12.404285714285715,total,lightgbm,13.409156507612952,2022,0
e46e7f4f-eda6-527e-b398-d5a52cd3fb47,2023,5.077500000000001,total,lightgbm,13.993699245562299,2022,0
e7e519e5-a3ec-546f-84c7-ac13364c9dde,2023,14.719999999999999,total,lightgbm,19.829012433135752,2022,0
f2c783c7-afa9-5c55-bc99-1d0967346747,2023,22.763749999999998,total,lightgbm,19.941576746248195,2022,0
f9b1a774-f2ec-541c-870e-a4373e3cc9ca,2023,17.046666666666667,total,lightgbm,17.72894591580291,2022,0
fee7be21-ff73-5a39-948d-5ea1fc9b885e,2023,11.24,total,lightgbm,14.901034181819842,2022,0
05e08afe-7d4d-5caf-8cbe-6f2682c270d6,2024,11.629999999999999,total,lightgbm,14.261114213180576,2023,0
11092b99-31c6-504d-8390-0def87d4a8d5,2024,11.465714285714284,total,lightgbm,13.587967397493266,2023,0
19955737-99cd-505f-88b8-2bdbeb246712,2024,12.10125,total,lightgbm,15.850377732162821,2023,0
1ac267de-58c9-595e-bac0-858dfda9f6d4,2024,26.775000000000002,total,lightgbm,19.38236838179951,2023,0
1e3d359a-7008-5ebd-ac11-015d52bf3e12,2024,11.46125,total,lightgbm,17.626688567136508,2023,0
221f2f3d-914f-57ed-915e-e088de1901cb,2024,9.564444444444444,total,lightgbm,13.298132737667611,2023,0
23c337f1-377c-5dc2-b5f1-e12efcdf1755,2024,13.056363636363637,total,lightgbm,11.580967329848606,2023,0
259d2b5d-f3b0-5389-a954-5e8bc03a3cb8,2024,13.746666666666668,total,lightgbm,12.6739862952425,2023,0
34beb3fa-5005-5be2-b163-32949f96ec1b,2024,13.69,total,lightgbm,18.86172573352501,2023,0
3d9dd7dc-b646-5af6-8a50-cb31a1d2a598,2024,14.835,total,lightgbm,16.30825929700591,2023,0
478368e9-1d81-51c1-9521-d705a1d2e055,2024,20.67,total,lightgbm,16.027320372181904,2023,0
47c508de-ee91-5f11-9d62-8e2f9db32ae1,2024,13.48,total,lightgbm,13.331104693845658,2023,0
4e03bbdc-d05e-5e4e-9a6b-a8acf3c6430e,2024,14.553999999999998,total,lightgbm,14.131603992328882,2023,0
54ab1d88-12aa-569b-be63-bbf531c9a5ef,2024,15.562000000000001,total,lightgbm,19.15601075489217,2023,0
5944c982-aadb-5aa6-b8a1-809cc5e6fce1,2024,13.03625,total,lightgbm,14.72151144545229,2023,0
63bb3342-b397-59a1-8e96-925f297382a3,2024,16.335,total,lightgbm,18.488728423224583,2023,0
648a438e-7b9e-5d04-b2aa-9188b13b2542,2024,11.043333333333331,total,lightgbm,11.62966152994429,2023,0
6bc52e10-146e-5657-86a7-a18757b656a6,2024,17.345,total,lightgbm,19.825471162379827,2023,0
79e06226-ecc0-5f69-8a91-109b9e055cde,2024,17.007142857142856,total,lightgbm,19.15690276266695,2023,0
7f35b557-87ab-58c8-a8ca-50a990c9e541,2024,16.415,total,lightgbm,12.097319272152573,2023,0
805959bf-d59f-504f-abaa-98bcf0481637,2024,15.225999999999999,total,lightgbm,15.242809732002264,2023,0
9253375f-b718-5d18-a6ae-2dfe39cf7cb8,2024,18.3325,total,lightgbm,13.327491526910277,2023,0
9916d928-6327-5a7f-9ae1-1ec039c6cb21,2024,13.47625,total,lightgbm,17.54062595734517,2023,0
9b030c9d-5325-5fdb-a8fa-a79631f2897c,2024,12.237142857142857,total,lightgbm,16.076246586860666,2023,0
9d57fdbe-f058-5fa6-af0e-01265f3fe7d0,2024,11.931111111111113,total,lightgbm,12.903796540229626,2023,0
a5efc43f-7911-5ff3-bcc0-def8b7be0172,2024,12.928571428571429,total,lightgbm,12.340939682379378,2023,0
abfaa351-4b53-5eaa-a304-9825243dc5cc,2024,16.325454545454548,total,lightgbm,15.910449965293632,2023,0
b4e9327d-f002-5f05-9a32-9b2fbbcd707f,2024,15.217777777777778,total,lightgbm,14.147183554434108,2023,0
beb784d7-8af2-5381-873e-2287a37d4f37,2024,15.802857142857144,total,lightgbm,13.672732964540273,2023,0
c3254b64-83c1-515c-a106-e1fe1f2a000a,2024,17.724,total,lightgbm,18.163607053046825,2023,0
c346e7f8-fe06-57e2-a5a1-925e5c9e43ee,2024,15.690000000000001,total,lightgbm,13.027461235765454,2023,0
c63fef1b-16bd-5275-a03e-94cee125aaae,2024,21.9475,total,lightgbm,14.790731005119131,2023,0
ccda7d11-8596-5b2e-b55b-d640a79b3cc5,2024,25.44,total,lightgbm,20.654674852613674,2023,0
cd0167c0-d9ce-5180-856c-d26959a81941,2024,18.135,total,lightgbm,13.91373228474928,2023,0
d0e529e4-2d5e-58ec-b87d-1a32b8954539,2024,22.024,total,lightgbm,16.00785928017677,2023,0
d2153ba6-e2e9-5c06-b349-4e078b8b8f01,2024,4.553333333333334,total,lightgbm,12.459146948301287,2023,0
db0eda74-3c4b-5743-87c4-c93270f4edc1,2024,5.930000000000001,total,lightgbm,12.480124305304813,2023,0
dce82837-9b56-5207-babe-53cfac54eb70,2024,23.177500000000002,total,lightgbm,17.184117114477345,2023,0
e3640a49-e4df-5e1d-a699-7c70108146cc,2024,7.432,total,lightgbm,13.785065695657932,2023,0
e7e519e5-a3ec-546f-84c7-ac13364c9dde,2024,6.817142857142857,total,lightgbm,16.519114722272285,2023,0
f2c783c7-afa9-5c55-bc99-1d0967346747,2024,21.827142857142857,total,lightgbm,19.631358821692707,2023,0
f911b2d2-de2b-56cb-8460-37ee3e9e8fdd,2024,11.992,total,lightgbm,11.764190752138152,2023,0
f9b1a774-f2ec-541c-870e-a4373e3cc9ca,2024,18.05666666666667,total,lightgbm,14.49409947261912,2023,0
05e08afe-7d4d-5caf-8cbe-6f2682c270d6,2025,18.970000000000002,total,lightgbm,13.749504788619744,2024,0
11092b99-31c6-504d-8390-0def87d4a8d5,2025,16.055,total,lightgbm,12.55117258669815,2024,0
19955737-99cd-505f-88b8-2bdbeb246712,2025,19.225,total,lightgbm,15.867485280860112,2024,0
1ac267de-58c9-595e-bac0-858dfda9f6d4,2025,15.881818181818181,total,lightgbm,21.08745560225154,2024,0
1e3d359a-7008-5ebd-ac11-015d52bf3e12,2025,15.409999999999998,total,lightgbm,15.569550324578927,2024,0
21270a48-2c80-5b91-b05c-ee7bf19df53d,2025,12.92,total,lightgbm,14.205103118574092,2024,0
21abb04f-3faa-5349-a5e7-44ae9d017d41,2025,15.185,total,lightgbm,11.525338199339535,2024,0
23c337f1-377c-5dc2-b5f1-e12efcdf1755,2025,13.3,total,lightgbm,14.130870588786584,2024,0
259d2b5d-f3b0-5389-a954-5e8bc03a3cb8,2025,14.313999999999998,total,lightgbm,12.264113942433621,2024,0
2e3787a6-b1ba-5d9f-9a61-8f79048010ff,2025,13.355555555555556,total,lightgbm,12.839136711816982,2024,0
34beb3fa-5005-5be2-b163-32949f96ec1b,2025,19.63,total,lightgbm,17.622965158370814,2024,0
3d9dd7dc-b646-5af6-8a50-cb31a1d2a598,2025,16.555,total,lightgbm,15.454077158515105,2024,0
3f84e8f1-fa59-519f-8069-0885da369954,2025,10.280000000000001,total,lightgbm,11.162075636681395,2024,0
444c96a9-dd23-5918-b283-37b9ce8ded40,2025,10.265714285714285,total,lightgbm,11.352121647771053,2024,0
478368e9-1d81-51c1-9521-d705a1d2e055,2025,17.73875,total,lightgbm,15.83393536700229,2024,0
47c508de-ee91-5f11-9d62-8e2f9db32ae1,2025,9.126666666666667,total,lightgbm,13.450629383995402,2024,0
4e03bbdc-d05e-5e4e-9a6b-a8acf3c6430e,2025,19.9825,total,lightgbm,15.758721774155129,2024,0
5944c982-aadb-5aa6-b8a1-809cc5e6fce1,2025,21.8575,total,lightgbm,14.571838909102649,2024,0
5ac63d55-0f02-5097-9962-595dcede5e49,2025,11.545000000000002,total,lightgbm,12.553454040205384,2024,0
63bb3342-b397-59a1-8e96-925f297382a3,2025,13.756,total,lightgbm,18.059947398374018,2024,0
6bc52e10-146e-5657-86a7-a18757b656a6,2025,19.72714285714286,total,lightgbm,19.482995393708403,2024,0
74a040f9-d7fa-5d7f-b1db-635f481002ea,2025,10.644,total,lightgbm,13.045574699778244,2024,0
787ddae6-47c4-5245-84ff-c1d7d67a39a1,2025,8.655,total,lightgbm,14.253724017858374,2024,0
79e06226-ecc0-5f69-8a91-109b9e055cde,2025,16.525714285714283,total,lightgbm,14.73220613429641,2024,0
8d5300d8-e939-50a0-ae30-6124af36ef5b,2025,14.96,total,lightgbm,13.67598643775368,2024,0
9253375f-b718-5d18-a6ae-2dfe39cf7cb8,2025,14.0375,total,lightgbm,13.76322139722809,2024,0
9916d928-6327-5a7f-9ae1-1ec039c6cb21,2025,13.588,total,lightgbm,13.919399879709472,2024,0
9b030c9d-5325-5fdb-a8fa-a79631f2897c,2025,13.294285714285715,total,lightgbm,14.465518360884582,2024,0
abfaa351-4b53-5eaa-a304-9825243dc5cc,2025,10.692857142857145,total,lightgbm,14.988777877229014,2024,0
b4e9327d-f002-5f05-9a32-9b2fbbcd707f,2025,19.3675,total,lightgbm,14.589339083757624,2024,0
c3254b64-83c1-515c-a106-e1fe1f2a000a,2025,23.4,total,lightgbm,17.61763416210241,2024,0
c63fef1b-16bd-5275-a03e-94cee125aaae,2025,15.54375,total,lightgbm,17.122473283228523,2024,0
ccda7d11-8596-5b2e-b55b-d640a79b3cc5,2025,22.78875,total,lightgbm,20.941677710455043,2024,0
cd0167c0-d9ce-5180-856c-d26959a81941,2025,18.89375,total,lightgbm,18.075783434237017,2024,0
d0e529e4-2d5e-58ec-b87d-1a32b8954539,2025,14.897142857142857,total,lightgbm,20.044536627800998,2024,0
d2153ba6-e2e9-5c06-b349-4e078b8b8f01,2025,18.23818181818182,total,lightgbm,12.891539921128876,2024,0
db0eda74-3c4b-5743-87c4-c93270f4edc1,2025,11.08,total,lightgbm,11.421490880284145,2024,0
dce82837-9b56-5207-babe-53cfac54eb70,2025,18.046666666666667,total,lightgbm,20.24249830122212,2024,0
ddf55e16-fa43-5d7e-92f4-f41e53fd6fb7,2025,19.10727272727273,total,lightgbm,12.72024114707459,2024,0
df8422ce-da76-5999-80be-a47aead4fc59,2025,11.488888888888889,total,lightgbm,15.170537081786293,2024,0
f2c783c7-afa9-5c55-bc99-1d0967346747,2025,18.81625,total,lightgbm,21.239716088053832,2024,0
f9b1a774-f2ec-541c-870e-a4373e3cc9ca,2025,12.962222222222223,total,lightgbm,16.202952881760318,2024,0
006d6e97-5088-5763-9fce-72ff5ff45d7e,2017,10.24,pass,lasso,12.075079053780014,2016,3
06db6fd1-8f8b-599c-9f54-3360e7e3fccf,2017,13.017142857142858,pass,lasso,15.587576053715228,2016,3
070a032d-e19f-5afd-8aa2-5b49d2736619,2017,13.474666666666668,pass,lasso,17.939002600402745,2016,3
0e1c1cf3-a023-55da-9ef3-b52cbc04e1a1,2017,11.525333333333332,pass,lasso,14.572708966434648,2016,3
13cf76af-bac9-5c77-8d62-e2301ba490d9,2017,14.5,pass,lasso,12.124467570716455,2016,3
259d2b5d-f3b0-5389-a954-5e8bc03a3cb8,2017,9.834666666666665,pass,lasso,14.290536284115285,2016,3
34beb3fa-5005-5be2-b163-32949f96ec1b,2017,11.653333333333334,pass,lasso,14.475249093189978,2016,3
38cc56d5-c433-5c30-9189-2f328863acc0,2017,12.388571428571428,pass,lasso,15.842028412881653,2016,3
407d5713-2387-5d98-8bbe-faf956914733,2017,12.673333333333332,pass,lasso,13.338534175737667,2016,3
478368e9-1d81-51c1-9521-d705a1d2e055,2017,17.21066666666667,pass,lasso,9.684396502945765,2016,3
5944c982-aadb-5aa6-b8a1-809cc5e6fce1,2017,15.728000000000002,pass,lasso,15.57189405693663,2016,3
62fb4320-5510-54a8-8360-27a49422ad00,2017,8.11,pass,lasso,9.375151686620521,2016,3
74a040f9-d7fa-5d7f-b1db-635f481002ea,2017,8.485714285714286,pass,lasso,11.84178327862402,2016,3
805959bf-d59f-504f-abaa-98bcf0481637,2017,16.898666666666667,pass,lasso,15.734747181590903,2016,3
864ae232-4c8f-59b7-b3a2-92573d28ba86,2017,7.7,pass,lasso,10.018921995251263,2016,3
8d5300d8-e939-50a0-ae30-6124af36ef5b,2017,10.16,pass,lasso,14.852499529615574,2016,3
9419dec6-8187-5c2d-96ee-2d81a6dd891f,2017,14.808571428571428,pass,lasso,11.148407651607101,2016,3
9916d928-6327-5a7f-9ae1-1ec039c6cb21,2017,19.213333333333335,pass,lasso,19.51127420409328,2016,3
9b030c9d-5325-5fdb-a8fa-a79631f2897c,2017,15.96,pass,lasso,15.61490184049811,2016,3
9f08f3c3-af3e-508a-8b15-2cbfa4ad2f03,2017,19.91076923076923,pass,lasso,13.060911883727023,2016,3
ad6398f8-015a-5cb3-87d6-577b351ddcb9,2017,8.326666666666666,pass,lasso,7.522216180974308,2016,3
aefb525e-f3a6-50b7-b839-2e2e673aaa95,2017,16.778666666666666,pass,lasso,12.822593868018508,2016,3
b382165b-655f-5588-be0e-c46aacbbfe48,2017,9.488,pass,lasso,12.128060947392967,2016,3
b398cd14-cc10-5a9e-b105-45fc20809edf,2017,9.08,pass,lasso,9.870296836682343,2016,3
b4f0261b-58ea-51e6-8342-780b4f31418b,2017,18.965333333333334,pass,lasso,19.785564260586746,2016,3
b53cd9da-5302-5803-8dc0-c4cb4ec42927,2017,16.170666666666666,pass,lasso,19.369908157314473,2016,3
b64a8149-19c0-519e-8862-ca2dcf2afef4,2017,5.3,pass,lasso,9.516847965531628,2016,3
b744e4fc-9ec6-5815-8413-350c18a0aaf3,2017,13.744,pass,lasso,10.754654417734336,2016,3
bd52e3ef-9f48-5bcb-b3fb-89d563f3599a,2017,9.272,pass,lasso,10.992751406452207,2016,3
beb784d7-8af2-5381-873e-2287a37d4f37,2017,15.563636363636363,pass,lasso,15.571846165425377,2016,3
c346e7f8-fe06-57e2-a5a1-925e5c9e43ee,2017,14.151428571428571,pass,lasso,15.695538569337641,2016,3
e722f964-f5cb-5b3f-8060-65ba2101afe9,2017,17.890666666666668,pass,lasso,16.78904478270884,2016,3
e7e519e5-a3ec-546f-84c7-ac13364c9dde,2017,18.851428571428567,pass,lasso,8.486493591812081,2016,3
ebfd7c6e-7517-56e5-a516-3f390631c635,2017,11.772307692307693,pass,lasso,9.393573122609585,2016,3
f5534cc0-db92-53a4-b1a8-f2493702388b,2017,17.341333333333335,pass,lasso,16.996167157588793,2016,3
f911b2d2-de2b-56cb-8460-37ee3e9e8fdd,2017,11.528,pass,lasso,14.758705335556911,2016,3
fee7be21-ff73-5a39-948d-5ea1fc9b885e,2017,6.6000000000000005,pass,lasso,8.070138810497845,2016,3
070a032d-e19f-5afd-8aa2-5b49d2736619,2018,20.189333333333334,pass,lasso,15.455016055787038,2017,3
0e1c1cf3-a023-55da-9ef3-b52cbc04e1a1,2018,14.557142857142859,pass,lasso,13.756836314129899,2017,3
1ac267de-58c9-595e-bac0-858dfda9f6d4,2018,7.233333333333333,pass,lasso,8.851216860686513,2017,3
259d2b5d-f3b0-5389-a954-5e8bc03a3cb8,2018,14.733333333333333,pass,lasso,12.303840917012518,2017,3
26910920-a835-56ad-8cf6-43fbb1b551ad,2018,19.205,pass,lasso,10.61701683753374,2017,3
34beb3fa-5005-5be2-b163-32949f96ec1b,2018,10.994666666666667,pass,lasso,12.869300539380887,2017,3
38cc56d5-c433-5c30-9189-2f328863acc0,2018,12.861333333333334,pass,lasso,14.183380123981602,2017,3
3ebb992a-a3ca-5760-ba54-f9986c4a7e68,2018,10.096,pass,lasso,10.957704991916165,2017,3
478368e9-1d81-51c1-9521-d705a1d2e055,2018,18.304,pass,lasso,15.218176479143088,2017,3
5944c982-aadb-5aa6-b8a1-809cc5e6fce1,2018,11.829333333333333,pass,lasso,15.793454958973872,2017,3
6bc52e10-146e-5657-86a7-a18757b656a6,2018,26.442666666666664,pass,lasso,13.552183314455107,2017,3
7b4909e3-c8b2-5d03-9727-65629b87a53f,2018,21.088,pass,lasso,14.801041267816911,2017,3
805959bf-d59f-504f-abaa-98bcf0481637,2018,16.389333333333333,pass,lasso,15.311625240929905,2017,3
84499736-8ce6-5adb-8910-aee72924fd6d,2018,5.81,pass,lasso,8.530951856788068,2017,3
864ae232-4c8f-59b7-b3a2-92573d28ba86,2018,11.816,pass,lasso,9.21454268597121,2017,3
8d5300d8-e939-50a0-ae30-6124af36ef5b,2018,7.151428571428572,pass,lasso,12.96318891209596,2017,3
9253375f-b718-5d18-a6ae-2dfe39cf7cb8,2018,11.576666666666668,pass,lasso,10.508099882350061,2017,3
9419dec6-8187-5c2d-96ee-2d81a6dd891f,2018,11.394666666666668,pass,lasso,13.39866650438672,2017,3
9916d928-6327-5a7f-9ae1-1ec039c6cb21,2018,17.30933333333333,pass,lasso,17.63466826045547,2017,3
9b030c9d-5325-5fdb-a8fa-a79631f2897c,2018,17.642666666666667,pass,lasso,15.406550321159056,2017,3
9f08f3c3-af3e-508a-8b15-2cbfa4ad2f03,2018,17.08727272727273,pass,lasso,14.823040128523193,2017,3
aefb525e-f3a6-50b7-b839-2e2e673aaa95,2018,10.620000000000001,pass,lasso,14.42466057694694,2017,3
b4f0261b-58ea-51e6-8342-780b4f31418b,2018,16.813333333333333,pass,lasso,17.9615524329113,2017,3
b53cd9da-5302-5803-8dc0-c4cb4ec42927,2018,20.045333333333335,pass,lasso,17.123224717289748,2017,3
b744e4fc-9ec6-5815-8413-350c18a0aaf3,2018,11.534545454545453,pass,lasso,12.930552052445517,2017,3
b8bbd5f1-9354-57da-9dd9-25d2d87931a9,2018,16.17,pass,lasso,11.35396158237901,2017,3
beb784d7-8af2-5381-873e-2287a37d4f37,2018,13.288,pass,lasso,12.920544069277303,2017,3
c346e7f8-fe06-57e2-a5a1-925e5c9e43ee,2018,12.770666666666667,pass,lasso,14.425725090462828,2017,3
c63fef1b-16bd-5275-a03e-94cee125aaae,2018,16.073846153846155,pass,lasso,8.58366499775702,2017,3
ccda7d11-8596-5b2e-b55b-d640a79b3cc5,2018,5.345454545454545,pass,lasso,8.637965021099719,2017,3
d0494295-31eb-5518-8b54-6d71d50f02eb,2018,9.392,pass,lasso,11.318402438236564,2017,3
e46e7f4f-eda6-527e-b398-d5a52cd3fb47,2018,11.328,pass,lasso,12.530053748203478,2017,3
e722f964-f5cb-5b3f-8060-65ba2101afe9,2018,21.17866666666667,pass,lasso,16.44203266753975,2017,3
e7e519e5-a3ec-546f-84c7-ac13364c9dde,2018,14.549333333333333,pass,lasso,15.367682640390452,2017,3
f5534cc0-db92-53a4-b1a8-f2493702388b,2018,18.485333333333337,pass,lasso,16.31404621308549,2017,3
f911b2d2-de2b-56cb-8460-37ee3e9e8fdd,2018,15.14909090909091,pass,lasso,13.702867683525053,2017,3
fee7be21-ff73-5a39-948d-5ea1fc9b885e,2018,15.261538461538462,pass,lasso,11.725878466191133,2017,3
05e08afe-7d4d-5caf-8cbe-6f2682c270d6,2019,15.57818181818182,pass,lasso,7.163165236431133,2018,3
070a032d-e19f-5afd-8aa2-5b49d2736619,2019,16.50857142857143,pass,lasso,17.035998922416468,2018,3
0c370254-2acd-5345-a009-d0744ed3affe,2019,0.08000000000000002,pass,lasso,10.373067452061822,2018,3
13cf76af-bac9-5c77-8d62-e2301ba490d9,2019,15.181333333333333,pass,lasso,14.80558603256305,2018,3
1ac267de-58c9-595e-bac0-858dfda9f6d4,2019,18.072000000000003,pass,lasso,11.253886039694574,2018,3
259d2b5d-f3b0-5389-a954-5e8bc03a3cb8,2019,8.485,pass,lasso,12.962069197402368,2018,3
26910920-a835-56ad-8cf6-43fbb1b551ad,2019,12.553846153846155,pass,lasso,11.335969547827688,2018,3
34beb3fa-5005-5be2-b163-32949f96ec1b,2019,18.93066666666667,pass,lasso,14.119615229675912,2018,3
35d5ce2f-914c-5098-8b03-22f5a120ba0c,2019,11.089999999999998,pass,lasso,11.723983861462612,2018,3
38cc56d5-c433-5c30-9189-2f328863acc0,2019,14.420000000000002,pass,lasso,13.836703556007793,2018,3
478368e9-1d81-51c1-9521-d705a1d2e055,2019,14.917333333333334,pass,lasso,16.17092198064778,2018,3
5944c982-aadb-5aa6-b8a1-809cc5e6fce1,2019,21.62,pass,lasso,14.915953420901818,2018,3
63bb3342-b397-59a1-8e96-925f297382a3,2019,10.858666666666666,pass,lasso,12.871552621903513,2018,3
6bc52e10-146e-5657-86a7-a18757b656a6,2019,21.436666666666667,pass,lasso,18.88040006067738,2018,3
7f35b557-87ab-58c8-a8ca-50a990c9e541,2019,13.93,pass,lasso,9.926924303407793,2018,3
805959bf-d59f-504f-abaa-98bcf0481637,2019,16.538666666666668,pass,lasso,15.249325617578823,2018,3
84499736-8ce6-5adb-8910-aee72924fd6d,2019,1.1199999999999999,pass,lasso,8.983225193323076,2018,3
8d5300d8-e939-50a0-ae30-6124af36ef5b,2019,9.026666666666666,pass,lasso,12.502448894333986,2018,3
9253375f-b718-5d18-a6ae-2dfe39cf7cb8,2019,12.5,pass,lasso,13.27601726873264,2018,3
9419dec6-8187-5c2d-96ee-2d81a6dd891f,2019,15.413333333333334,pass,lasso,8.835373907446076,2018,3
9916d928-6327-5a7f-9ae1-1ec039c6cb21,2019,15.544,pass,lasso,17.114024133887142,2018,3
9b030c9d-5325-5fdb-a8fa-a79631f2897c,2019,15.874666666666666,pass,lasso,15.71274376098118,2018,3
9f08f3c3-af3e-508a-8b15-2cbfa4ad2f03,2019,15.666666666666666,pass,lasso,16.09460762687445,2018,3
b4f0261b-58ea-51e6-8342-780b4f31418b,2019,15.229333333333333,pass,lasso,17.006026111090637,2018,3
b53cd9da-5302-5803-8dc0-c4cb4ec42927,2019,23.83555555555556,pass,lasso,17.466818087453852,2018,3
beb784d7-8af2-5381-873e-2287a37d4f37,2019,17.754666666666665,pass,lasso,15.620315907876236,2018,3
c346e7f8-fe06-57e2-a5a1-925e5c9e43ee,2019,13.568000000000001,pass,lasso,14.486038032760817,2018,3
c63fef1b-16bd-5275-a03e-94cee125aaae,2019,11.328,pass,lasso,16.02246299199694,2018,3
ccda7d11-8596-5b2e-b55b-d640a79b3cc5,2019,11.157333333333334,pass,lasso,11.029090256776218,2018,3
d2153ba6-e2e9-5c06-b349-4e078b8b8f01,2019,12.833846153846155,pass,lasso,13.8983750323609,2018,3
dbc808ad-2a1a-58cb-8c4a-d25251c207d0,2019,6.16,pass,lasso,9.785104334488594,2018,3
e3640a49-e4df-5e1d-a699-7c70108146cc,2019,13.156923076923077,pass,lasso,5.056472197265826,2018,3
e46e7f4f-eda6-527e-b398-d5a52cd3fb47,2019,16.176,pass,lasso,6.014079707716202,2018,3
e7e519e5-a3ec-546f-84c7-ac13364c9dde,2019,14.738666666666667,pass,lasso,15.227573093705038,2018,3
f5534cc0-db92-53a4-b1a8-f2493702388b,2019,14.624,pass,lasso,16.862645269266103,2018,3
f911b2d2-de2b-56cb-8460-37ee3e9e8fdd,2019,12.596666666666666,pass,lasso,14.214920075111774,2018,3
fee7be21-ff73-5a39-948d-5ea1fc9b885e,2019,11.529230769230768,pass,lasso,14.093140109498204,2018,3
05e08afe-7d4d-5caf-8cbe-6f2682c270d6,2020,7.12,pass,lasso,14.270493732830165,2019,3
070a032d-e19f-5afd-8aa2-5b49d2736619,2020,15.842666666666668,pass,lasso,16.511101969521743,2019,3
0c370254-2acd-5345-a009-d0744ed3affe,2020,2.6079999999999997,pass,lasso,8.957388419056523,2019,3
0e1c1cf3-a023-55da-9ef3-b52cbc04e1a1,2020,5.4,pass,lasso,13.907632180778394,2019,3
13cf76af-bac9-5c77-8d62-e2301ba490d9,2020,9.639999999999999,pass,lasso,14.57955660509505,2019,3
1ac267de-58c9-595e-bac0-858dfda9f6d4,2020,12.554285714285713,pass,lasso,15.633997432726822,2019,3
26910920-a835-56ad-8cf6-43fbb1b551ad,2020,13.67,pass,lasso,11.753024968088933,2019,3
34beb3fa-5005-5be2-b163-32949f96ec1b,2020,22.048,pass,lasso,16.022570505702976,2019,3
3d9dd7dc-b646-5af6-8a50-cb31a1d2a598,2020,18.525714285714287,pass,lasso,10.146332070583192,2019,3
478368e9-1d81-51c1-9521-d705a1d2e055,2020,14.338666666666667,pass,lasso,15.017383958541908,2019,3
5944c982-aadb-5aa6-b8a1-809cc5e6fce1,2020,15.425714285714287,pass,lasso,16.32674684857405,2019,3
63bb3342-b397-59a1-8e96-925f297382a3,2020,16.090666666666667,pass,lasso,13.914992673952588,2019,3
692ed3ce-f07d-5199-84d7-2a7b0f80a70e,2020,12.305714285714286,pass,lasso,13.083568830340349,2019,3
6bc52e10-146e-5657-86a7-a18757b656a6,2020,23.90666666666667,pass,lasso,18.249398279625954,2019,3
7f35b557-87ab-58c8-a8ca-50a990c9e541,2020,11.632727272727273,pass,lasso,13.49573333130319,2019,3
805959bf-d59f-504f-abaa-98bcf0481637,2020,19.016000000000002,pass,lasso,16.108101383185886,2019,3
9253375f-b718-5d18-a6ae-2dfe39cf7cb8,2020,6.152727272727273,pass,lasso,13.07747366812185,2019,3
9916d928-6327-5a7f-9ae1-1ec039c6cb21,2020,23.890666666666668,pass,lasso,16.64515395827993,2019,3
9b030c9d-5325-5fdb-a8fa-a79631f2897c,2020,17.571428571428573,pass,lasso,15.391399594493354,2019,3
9f08f3c3-af3e-508a-8b15-2cbfa4ad2f03,2020,8.816666666666666,pass,lasso,15.130410249502173,2019,3
abfaa351-4b53-5eaa-a304-9825243dc5cc,2020,10.72,pass,lasso,10.375821795216375,2019,3
aefb525e-f3a6-50b7-b839-2e2e673aaa95,2020,6.828571428571429,pass,lasso,10.841863421652764,2019,3
b4f0261b-58ea-51e6-8342-780b4f31418b,2020,20.890666666666668,pass,lasso,16.83018094146595,2019,3
b53cd9da-5302-5803-8dc0-c4cb4ec42927,2020,18.66,pass,lasso,18.11996443458149,2019,3
b8bbd5f1-9354-57da-9dd9-25d2d87931a9,2020,11.385,pass,lasso,11.892352596432735,2019,3
c346e7f8-fe06-57e2-a5a1-925e5c9e43ee,2020,17.225714285714286,pass,lasso,13.855701947756524,2019,3
c63fef1b-16bd-5275-a03e-94cee125aaae,2020,14.912,pass,lasso,13.705300358129529,2019,3
ccda7d11-8596-5b2e-b55b-d640a79b3cc5,2020,20.78666666666667,pass,lasso,12.88982368854536,2019,3
dbc808ad-2a1a-58cb-8c4a-d25251c207d0,2020,7.08,pass,lasso,10.26049944670967,2019,3
dce82837-9b56-5207-babe-53cfac54eb70,2020,13.752,pass,lasso,12.956916712698158,2019,3
e3640a49-e4df-5e1d-a699-7c70108146cc,2020,15.151111111111113,pass,lasso,13.421912606262548,2019,3
e46e7f4f-eda6-527e-b398-d5a52cd3fb47,2020,18.074666666666666,pass,lasso,14.290603533959953,2019,3
e722f964-f5cb-5b3f-8060-65ba2101afe9,2020,19.27466666666667,pass,lasso,15.045582607567475,2019,3
e7e519e5-a3ec-546f-84c7-ac13364c9dde,2020,18.688,pass,lasso,14.839569890177621,2019,3
f2c783c7-afa9-5c55-bc99-1d0967346747,2020,13.059999999999999,pass,lasso,10.911385184174826,2019,3
f5534cc0-db92-53a4-b1a8-f2493702388b,2020,15.946666666666665,pass,lasso,15.517535695754122,2019,3
fee7be21-ff73-5a39-948d-5ea1fc9b885e,2020,15.14,pass,lasso,10.738679086223883,2019,3
05e08afe-7d4d-5caf-8cbe-6f2682c270d6,2021,10.374545454545455,pass,lasso,12.503870951475221,2020,3
070a032d-e19f-5afd-8aa2-5b49d2736619,2021,11.88,pass,lasso,16.235382575087655,2020,3
0c370254-2acd-5345-a009-d0744ed3affe,2021,2.803636363636364,pass,lasso,8.437792293091476,2020,3
11092b99-31c6-504d-8390-0def87d4a8d5,2021,13.189333333333334,pass,lasso,12.974540210075869,2020,3
13cf76af-bac9-5c77-8d62-e2301ba490d9,2021,13.76857142857143,pass,lasso,11.612090276949296,2020,3
1ac267de-58c9-595e-bac0-858dfda9f6d4,2021,12.32727272727273,pass,lasso,15.09578198024721,2020,3
34beb3fa-5005-5be2-b163-32949f96ec1b,2021,19.077333333333332,pass,lasso,16.886248138124206,2020,3
3d9dd7dc-b646-5af6-8a50-cb31a1d2a598,2021,19.515,pass,lasso,16.493255878505163,2020,3
45d0654b-4331-56ce-a016-514e89fc38f1,2021,11.197333333333335,pass,lasso,10.35278737449531,2020,3
478368e9-1d81-51c1-9521-d705a1d2e055,2021,12.021538461538462,pass,lasso,14.180770225296568,2020,3
5944c982-aadb-5aa6-b8a1-809cc5e6fce1,2021,20.495,pass,lasso,16.304360752620227,2020,3
63bb3342-b397-59a1-8e96-925f297382a3,2021,16.606153846153845,pass,lasso,15.347826870974743,2020,3
692ed3ce-f07d-5199-84d7-2a7b0f80a70e,2021,12.077142857142858,pass,lasso,12.11991906025574,2020,3
6bc52e10-146e-5657-86a7-a18757b656a6,2021,19.61,pass,lasso,19.276393856212557,2020,3
74a040f9-d7fa-5d7f-b1db-635f481002ea,2021,6.128,pass,lasso,11.132791039187975,2020,3
805959bf-d59f-504f-abaa-98bcf0481637,2021,14.153846153846153,pass,lasso,17.218105942888084,2020,3
88147e8e-3779-500e-b561-1a75ebac4651,2021,6.44,pass,lasso,12.799138778952761,2020,3
9253375f-b718-5d18-a6ae-2dfe39cf7cb8,2021,6.665454545454546,pass,lasso,12.377108165081326,2020,3
9916d928-6327-5a7f-9ae1-1ec039c6cb21,2021,20.205333333333332,pass,lasso,19.234137066426037,2020,3
9b030c9d-5325-5fdb-a8fa-a79631f2897c,2021,18.389333333333337,pass,lasso,16.16506297707683,2020,3
9f08f3c3-af3e-508a-8b15-2cbfa4ad2f03,2021,14.445,pass,lasso,13.271847319063127,2020,3
abfaa351-4b53-5eaa-a304-9825243dc5cc,2021,12.74909090909091,pass,lasso,13.376168990134557,2020,3
b4e9327d-f002-5f05-9a32-9b2fbbcd707f,2021,7.7325,pass,lasso,13.426486324250545,2020,3
b4f0261b-58ea-51e6-8342-780b4f31418b,2021,23.0375,pass,lasso,18.67943912409125,2020,3
beb784d7-8af2-5381-873e-2287a37d4f37,2021,15.426666666666668,pass,lasso,12.77416953548373,2020,3
c346e7f8-fe06-57e2-a5a1-925e5c9e43ee,2021,14.545,pass,lasso,15.254585635063274,2020,3
c63fef1b-16bd-5275-a03e-94cee125aaae,2021,9.885714285714286,pass,lasso,14.470345203657297,2020,3
ccda7d11-8596-5b2e-b55b-d640a79b3cc5,2021,17.92,pass,lasso,16.934296719085765,2020,3
d2153ba6-e2e9-5c06-b349-4e078b8b8f01,2021,8.22,pass,lasso,11.027962046571655,2020,3
dce82837-9b56-5207-babe-53cfac54eb70,2021,17.965,pass,lasso,14.423911312832526,2020,3
e46e7f4f-eda6-527e-b398-d5a52cd3fb47,2021,9.43,pass,lasso,15.7439364629785,2020,3
e722f964-f5cb-5b3f-8060-65ba2101afe9,2021,12.789333333333333,pass,lasso,16.73931570551479,2020,3
f2c783c7-afa9-5c55-bc99-1d0967346747,2021,10.917333333333334,pass,lasso,13.736773917173378,2020,3
f911b2d2-de2b-56cb-8460-37ee3e9e8fdd,2021,10.408,pass,lasso,12.400747186337837,2020,3
f9b1a774-f2ec-541c-870e-a4373e3cc9ca,2021,4.854545454545455,pass,lasso,12.243683861797239,2020,3
05d1fee5-084f-5fbd-a509-fe8c23fdc978,2022,4.664,pass,lasso,11.311136139140057,2021,3
05e08afe-7d4d-5caf-8cbe-6f2682c270d6,2022,9.45,pass,lasso,12.349040040282846,2021,3
070a032d-e19f-5afd-8aa2-5b49d2736619,2022,10.94,pass,lasso,15.180654906728746,2021,3
11092b99-31c6-504d-8390-0def87d4a8d5,2022,9.97,pass,lasso,13.343439836107999,2021,3
13cf76af-bac9-5c77-8d62-e2301ba490d9,2022,15.124,pass,lasso,12.156107686056725,2021,3
1ac267de-58c9-595e-bac0-858dfda9f6d4,2022,12.476363636363637,pass,lasso,14.31167104899641,2021,3
21abb04f-3faa-5349-a5e7-44ae9d017d41,2022,9.200000000000001,pass,lasso,11.547746914342788,2021,3
2b55d8bd-541c-5cc7-88bf-9d21dd7691ff,2022,4.3,pass,lasso,11.385561649643343,2021,3
34beb3fa-5005-5be2-b163-32949f96ec1b,2022,15.752727272727272,pass,lasso,16.75517260597432,2021,3
3d9dd7dc-b646-5af6-8a50-cb31a1d2a598,2022,15.102500000000001,pass,lasso,17.071343877546617,2021,3
45d0654b-4331-56ce-a016-514e89fc38f1,2022,11.484444444444444,pass,lasso,10.867315507042804,2021,3
478368e9-1d81-51c1-9521-d705a1d2e055,2022,17.66,pass,lasso,14.02518534910823,2021,3
47c508de-ee91-5f11-9d62-8e2f9db32ae1,2022,15.6725,pass,lasso,10.887412375851671,2021,3
5944c982-aadb-5aa6-b8a1-809cc5e6fce1,2022,9.942222222222222,pass,lasso,17.18109848037636,2021,3
63bb3342-b397-59a1-8e96-925f297382a3,2022,12.736,pass,lasso,15.281420517733789,2021,3
6bc52e10-146e-5657-86a7-a18757b656a6,2022,22.995,pass,lasso,18.020188413590013,2021,3
805959bf-d59f-504f-abaa-98bcf0481637,2022,8.76,pass,lasso,15.959084398062759,2021,3
88147e8e-3779-500e-b561-1a75ebac4651,2022,6.946666666666667,pass,lasso,11.053943560432815,2021,3
8d5300d8-e939-50a0-ae30-6124af36ef5b,2022,9.05846153846154,pass,lasso,12.180729456762094,2021,3
9253375f-b718-5d18-a6ae-2dfe39cf7cb8,2022,14.0,pass,lasso,10.008948448038737,2021,3
9916d928-6327-5a7f-9ae1-1ec039c6cb21,2022,13.2875,pass,lasso,18.07855460492257,2021,3
9b030c9d-5325-5fdb-a8fa-a79631f2897c,2022,15.3675,pass,lasso,16.60794790020484,2021,3
9d57fdbe-f058-5fa6-af0e-01265f3fe7d0,2022,10.448,pass,lasso,12.848618735904616,2021,3
9f08f3c3-af3e-508a-8b15-2cbfa4ad2f03,2022,10.524999999999999,pass,lasso,13.750657468132614,2021,3
abfaa351-4b53-5eaa-a304-9825243dc5cc,2022,19.543333333333333,pass,lasso,13.714130612212003,2021,3
b4e9327d-f002-5f05-9a32-9b2fbbcd707f,2022,14.8775,pass,lasso,11.85257095241637,2021,3
b4f0261b-58ea-51e6-8342-780b4f31418b,2022,16.9625,pass,lasso,19.040127958188855,2021,3
c346e7f8-fe06-57e2-a5a1-925e5c9e43ee,2022,13.858666666666666,pass,lasso,15.367420545776723,2021,3
c63fef1b-16bd-5275-a03e-94cee125aaae,2022,7.785454545454545,pass,lasso,12.809707466156254,2021,3
ccda7d11-8596-5b2e-b55b-d640a79b3cc5,2022,18.277333333333335,pass,lasso,16.481782924483895,2021,3
d2153ba6-e2e9-5c06-b349-4e078b8b8f01,2022,11.756363636363636,pass,lasso,10.865621128557812,2021,3
dbddf1a9-f4f2-58d9-b145-32dd70ec0394,2022,6.941818181818181,pass,lasso,10.565706101459275,2021,3
dce82837-9b56-5207-babe-53cfac54eb70,2022,18.96,pass,lasso,15.973086766895914,2021,3
e46e7f4f-eda6-527e-b398-d5a52cd3fb47,2022,10.203333333333335,pass,lasso,13.652514208722705,2021,3
e7e519e5-a3ec-546f-84c7-ac13364c9dde,2022,8.175999999999998,pass,lasso,12.107856046700862,2021,3
f2c783c7-afa9-5c55-bc99-1d0967346747,2022,14.848571428571429,pass,lasso,13.552547603470304,2021,3
f911b2d2-de2b-56cb-8460-37ee3e9e8fdd,2022,11.692307692307692,pass,lasso,12.147107674279694,2021,3
f9b1a774-f2ec-541c-870e-a4373e3cc9ca,2022,6.5120000000000005,pass,lasso,10.253391152998612,2021,3
fee7be21-ff73-5a39-948d-5ea1fc9b885e,2022,7.011428571428572,pass,lasso,11.922372991190038,2021,3
05e08afe-7d4d-5caf-8cbe-6f2682c270d6,2023,1.2720000000000002,pass,lasso,12.280615850081986,2022,3
11092b99-31c6-504d-8390-0def87d4a8d5,2023,8.163636363636364,pass,lasso,12.248250420477264,2022,3
13cf76af-bac9-5c77-8d62-e2301ba490d9,2023,8.866666666666667,pass,lasso,13.582253104160229,2022,3
1ac267de-58c9-595e-bac0-858dfda9f6d4,2023,13.695,pass,lasso,14.313705589713493,2022,3
1e3d359a-7008-5ebd-ac11-015d52bf3e12,2023,15.768571428571429,pass,lasso,12.13496963208968,2022,3
221f2f3d-914f-57ed-915e-e088de1901cb,2023,9.709999999999999,pass,lasso,10.133338493665333,2022,3
23c337f1-377c-5dc2-b5f1-e12efcdf1755,2023,5.888000000000001,pass,lasso,12.166615798481061,2022,3
34beb3fa-5005-5be2-b163-32949f96ec1b,2023,17.5925,pass,lasso,15.211214736674597,2022,3
3d9dd7dc-b646-5af6-8a50-cb31a1d2a598,2023,14.412307692307694,pass,lasso,15.89127688255529,2022,3
402eabea-209d-5bae-93ea-ad5e22d373d5,2023,8.463333333333333,pass,lasso,9.539424836847509,2022,3
45d0654b-4331-56ce-a016-514e89fc38f1,2023,8.92,pass,lasso,10.182435660954468,2022,3
478368e9-1d81-51c1-9521-d705a1d2e055,2023,16.325,pass,lasso,15.046348916990818,2022,3
47c508de-ee91-5f11-9d62-8e2f9db32ae1,2023,13.028571428571428,pass,lasso,14.460616696107577,2022,3
5944c982-aadb-5aa6-b8a1-809cc5e6fce1,2023,15.44,pass,lasso,14.162575255924367,2022,3
63bb3342-b397-59a1-8e96-925f297382a3,2023,11.354285714285714,pass,lasso,12.345625990559679,2022,3
6bc52e10-146e-5657-86a7-a18757b656a6,2023,15.832500000000001,pass,lasso,18.497024137924175,2022,3
79e06226-ecc0-5f69-8a91-109b9e055cde,2023,15.8575,pass,lasso,12.402015627050801,2022,3
7ff22629-b2b9-58c7-b56d-8eea3366f94e,2023,9.8575,pass,lasso,11.756113000606467,2022,3
805959bf-d59f-504f-abaa-98bcf0481637,2023,12.92,pass,lasso,13.817399543363564,2022,3
9b030c9d-5325-5fdb-a8fa-a79631f2897c,2023,20.03,pass,lasso,15.905334203468856,2022,3
abfaa351-4b53-5eaa-a304-9825243dc5cc,2023,17.0025,pass,lasso,14.999130072026974,2022,3
b2cb3f71-0ccd-58f3-8934-7b675a216972,2023,9.008000000000001,pass,lasso,9.374428726430033,2022,3
b4e9327d-f002-5f05-9a32-9b2fbbcd707f,2023,12.496,pass,lasso,13.790006738895766,2022,3
c3254b64-83c1-515c-a106-e1fe1f2a000a,2023,17.575,pass,lasso,13.644333949265741,2022,3
c346e7f8-fe06-57e2-a5a1-925e5c9e43ee,2023,13.16,pass,lasso,13.85656829479315,2022,3
c63fef1b-16bd-5275-a03e-94cee125aaae,2023,15.1425,pass,lasso,11.312833809782191,2022,3
ccda7d11-8596-5b2e-b55b-d640a79b3cc5,2023,15.2425,pass,lasso,16.2271627858023,2022,3
dbddf1a9-f4f2-58d9-b145-32dd70ec0394,2023,7.181818181818182,pass,lasso,11.371174081485108,2022,3
dce82837-9b56-5207-babe-53cfac54eb70,2023,13.436000000000002,pass,lasso,16.389656487225487,2022,3
df9c20f9-8747-55fa-ae71-b580aa4727ea,2023,8.735384615384616,pass,lasso,9.089214483115839,2022,3
e3640a49-e4df-5e1d-a699-7c70108146cc,2023,10.968571428571428,pass,lasso,11.197212921295241,2022,3
e46e7f4f-eda6-527e-b398-d5a52cd3fb47,2023,3.24,pass,lasso,12.692711989895791,2022,3
e7e519e5-a3ec-546f-84c7-ac13364c9dde,2023,11.280000000000001,pass,lasso,13.904571072833582,2022,3
f2c783c7-afa9-5c55-bc99-1d0967346747,2023,13.07,pass,lasso,14.33013072081014,2022,3
f9b1a774-f2ec-541c-870e-a4373e3cc9ca,2023,10.046666666666667,pass,lasso,11.048453879383288,2022,3
fee7be21-ff73-5a39-948d-5ea1fc9b885e,2023,6.890000000000001,pass,lasso,10.369447816793842,2022,3
05e08afe-7d4d-5caf-8cbe-6f2682c270d6,2024,7.9799999999999995,pass,lasso,10.363433296665216,2023,3
11092b99-31c6-504d-8390-0def87d4a8d5,2024,9.680000000000001,pass,lasso,10.327108244947725,2023,3
19955737-99cd-505f-88b8-2bdbeb246712,2024,9.7325,pass,lasso,12.85259349195105,2023,3
1ac267de-58c9-595e-bac0-858dfda9f6d4,2024,20.262500000000003,pass,lasso,13.878156295598718,2023,3
1e3d359a-7008-5ebd-ac11-015d52bf3e12,2024,10.505,pass,lasso,15.090170403327194,2023,3
221f2f3d-914f-57ed-915e-e088de1901cb,2024,8.564444444444444,pass,lasso,11.8227767450324,2023,3
23c337f1-377c-5dc2-b5f1-e12efcdf1755,2024,8.901818181818182,pass,lasso,10.28853998735578,2023,3
259d2b5d-f3b0-5389-a954-5e8bc03a3cb8,2024,14.646666666666668,pass,lasso,12.423774194647857,2023,3
34beb3fa-5005-5be2-b163-32949f96ec1b,2024,12.39,pass,lasso,15.859626911788283,2023,3
3d9dd7dc-b646-5af6-8a50-cb31a1d2a598,2024,12.56,pass,lasso,14.365309158659898,2023,3
478368e9-1d81-51c1-9521-d705a1d2e055,2024,19.8075,pass,lasso,15.34533307743257,2023,3
47c508de-ee91-5f11-9d62-8e2f9db32ae1,2024,10.9925,pass,lasso,13.413534822063157,2023,3
4e03bbdc-d05e-5e4e-9a6b-a8acf3c6430e,2024,11.424,pass,lasso,11.06708682234792,2023,3
54ab1d88-12aa-569b-be63-bbf531c9a5ef,2024,7.172,pass,lasso,12.969504184216907,2023,3
5944c982-aadb-5aa6-b8a1-809cc5e6fce1,2024,13.030000000000001,pass,lasso,15.042107339111174,2023,3
63bb3342-b397-59a1-8e96-925f297382a3,2024,11.21,pass,lasso,13.401803936733224,2023,3
648a438e-7b9e-5d04-b2aa-9188b13b2542,2024,10.26,pass,lasso,9.587762053589149,2023,3
6bc52e10-146e-5657-86a7-a18757b656a6,2024,14.5075,pass,lasso,16.63055272352071,2023,3
79e06226-ecc0-5f69-8a91-109b9e055cde,2024,15.914285714285715,pass,lasso,15.203079908608938,2023,3
7f35b557-87ab-58c8-a8ca-50a990c9e541,2024,10.99,pass,lasso,10.297885441647207,2023,3
805959bf-d59f-504f-abaa-98bcf0481637,2024,13.236,pass,lasso,12.74033594536279,2023,3
9253375f-b718-5d18-a6ae-2dfe39cf7cb8,2024,17.1325,pass,lasso,11.475025156879623,2023,3
9916d928-6327-5a7f-9ae1-1ec039c6cb21,2024,13.0575,pass,lasso,15.357539095315337,2023,3
9b030c9d-5325-5fdb-a8fa-a79631f2897c,2024,12.522857142857143,pass,lasso,15.559850554733465,2023,3
9d57fdbe-f058-5fa6-af0e-01265f3fe7d0,2024,12.408888888888889,pass,lasso,11.131158247192229,2023,3
a5efc43f-7911-5ff3-bcc0-def8b7be0172,2024,10.771428571428572,pass,lasso,10.238112288032788,2023,3
abfaa351-4b53-5eaa-a304-9825243dc5cc,2024,16.243636363636366,pass,lasso,15.08275794539978,2023,3
b4e9327d-f002-5f05-9a32-9b2fbbcd707f,2024,11.906666666666666,pass,lasso,13.339044233056068,2023,3
beb784d7-8af2-5381-873e-2287a37d4f37,2024,14.217142857142857,pass,lasso,10.36835885341572,2023,3
c3254b64-83c1-515c-a106-e1fe1f2a000a,2024,13.637333333333334,pass,lasso,15.396072227679921,2023,3
c346e7f8-fe06-57e2-a5a1-925e5c9e43ee,2024,14.280000000000001,pass,lasso,14.086305044630928,2023,3
c63fef1b-16bd-5275-a03e-94cee125aaae,2024,18.9475,pass,lasso,13.861056935225777,2023,3
ccda7d11-8596-5b2e-b55b-d640a79b3cc5,2024,16.64,pass,lasso,14.84693459620446,2023,3
cd0167c0-d9ce-5180-856c-d26959a81941,2024,13.51,pass,lasso,11.955580835568547,2023,3
d0e529e4-2d5e-58ec-b87d-1a32b8954539,2024,13.730666666666668,pass,lasso,11.933461561526247,2023,3
d2153ba6-e2e9-5c06-b349-4e078b8b8f01,2024,3.8533333333333335,pass,lasso,10.71233908610428,2023,3
db0eda74-3c4b-5743-87c4-c93270f4edc1,2024,4.680000000000001,pass,lasso,10.65659976868998,2023,3
dce82837-9b56-5207-babe-53cfac54eb70,2024,21.665,pass,lasso,14.923401128474485,2023,3
e3640a49-e4df-5e1d-a699-7c70108146cc,2024,7.651999999999999,pass,lasso,11.500714022778094,2023,3
e7e519e5-a3ec-546f-84c7-ac13364c9dde,2024,4.56,pass,lasso,13.374876048405516,2023,3
f2c783c7-afa9-5c55-bc99-1d0967346747,2024,11.334285714285715,pass,lasso,13.933000044681746,2023,3
f911b2d2-de2b-56cb-8460-37ee3e9e8fdd,2024,11.312000000000001,pass,lasso,12.249188422284824,2023,3
f9b1a774-f2ec-541c-870e-a4373e3cc9ca,2024,8.706666666666667,pass,lasso,9.943914881358111,2023,3
05e08afe-7d4d-5caf-8cbe-6f2682c270d6,2025,15.22,pass,lasso,10.62482654381084,2024,3
11092b99-31c6-504d-8390-0def87d4a8d5,2025,15.754999999999999,pass,lasso,10.364000670098616,2024,3
19955737-99cd-505f-88b8-2bdbeb246712,2025,15.012500000000001,pass,lasso,12.18155277788714,2024,3
1ac267de-58c9-595e-bac0-858dfda9f6d4,2025,12.127272727272727,pass,lasso,15.907455744541224,2024,3
1e3d359a-7008-5ebd-ac11-015d52bf3e12,2025,13.81,pass,lasso,12.891139115066952,2024,3
21270a48-2c80-5b91-b05c-ee7bf19df53d,2025,11.80888888888889,pass,lasso,11.635009962102407,2024,3
21abb04f-3faa-5349-a5e7-44ae9d017d41,2025,12.31,pass,lasso,10.486889340732198,2024,3
23c337f1-377c-5dc2-b5f1-e12efcdf1755,2025,11.453333333333335,pass,lasso,11.442242950653082,2024,3
259d2b5d-f3b0-5389-a954-5e8bc03a3cb8,2025,13.904,pass,lasso,11.363987853728224,2024,3
2e3787a6-b1ba-5d9f-9a61-8f79048010ff,2025,10.555555555555555,pass,lasso,11.193453744547506,2024,3
34beb3fa-5005-5be2-b163-32949f96ec1b,2025,17.7675,pass,lasso,14.816320497623655,2024,3
3d9dd7dc-b646-5af6-8a50-cb31a1d2a598,2025,12.8175,pass,lasso,14.048439375587055,2024,3
3f84e8f1-fa59-519f-8069-0885da369954,2025,8.6,pass,lasso,9.548134818685368,2024,3
444c96a9-dd23-5918-b283-37b9ce8ded40,2025,7.222857142857143,pass,lasso,9.546029018903578,2024,3
478368e9-1d81-51c1-9521-d705a1d2e055,2025,18.0825,pass,lasso,15.822499431654727,2024,3
47c508de-ee91-5f11-9d62-8e2f9db32ae1,2025,8.533333333333333,pass,lasso,13.07900941937087,2024,3
4e03bbdc-d05e-5e4e-9a6b-a8acf3c6430e,2025,16.0075,pass,lasso,12.210949875012489,2024,3
5944c982-aadb-5aa6-b8a1-809cc5e6fce1,2025,22.245,pass,lasso,14.255534201154944,2024,3
5ac63d55-0f02-5097-9962-595dcede5e49,2025,8.82,pass,lasso,12.121215636915316,2024,3
63bb3342-b397-59a1-8e96-925f297382a3,2025,9.296000000000001,pass,lasso,13.246694366892646,2024,3
6bc52e10-146e-5657-86a7-a18757b656a6,2025,14.248571428571427,pass,lasso,15.44016901800569,2024,3
74a040f9-d7fa-5d7f-b1db-635f481002ea,2025,6.784000000000001,pass,lasso,11.443872470223024,2024,3
787ddae6-47c4-5245-84ff-c1d7d67a39a1,2025,8.1675,pass,lasso,12.335304295835586,2024,3
79e06226-ecc0-5f69-8a91-109b9e055cde,2025,15.44,pass,lasso,14.699021621170672,2024,3
8d5300d8-e939-50a0-ae30-6124af36ef5b,2025,11.385,pass,lasso,12.363037002652467,2024,3
9253375f-b718-5d18-a6ae-2dfe39cf7cb8,2025,14.25,pass,lasso,13.348017537399377,2024,3
9916d928-6327-5a7f-9ae1-1ec039c6cb21,2025,13.008000000000001,pass,lasso,14.566667000553634,2024,3
9b030c9d-5325-5fdb-a8fa-a79631f2897c,2025,12.508571428571429,pass,lasso,11.569097149336365,2024,3
abfaa351-4b53-5eaa-a304-9825243dc5cc,2025,10.528571428571428,pass,lasso,14.326098214628647,2024,3
b4e9327d-f002-5f05-9a32-9b2fbbcd707f,2025,13.63,pass,lasso,13.0194850803988,2024,3
c3254b64-83c1-515c-a106-e1fe1f2a000a,2025,19.7,pass,lasso,14.098731974302519,2024,3
c63fef1b-16bd-5275-a03e-94cee125aaae,2025,13.2875,pass,lasso,15.379343667425031,2024,3
ccda7d11-8596-5b2e-b55b-d640a79b3cc5,2025,13.42,pass,lasso,15.283757463799713,2024,3
cd0167c0-d9ce-5180-856c-d26959a81941,2025,15.037500000000001,pass,lasso,13.721909508481565,2024,3
d0e529e4-2d5e-58ec-b87d-1a32b8954539,2025,9.497142857142858,pass,lasso,13.831614160631144,2024,3
d2153ba6-e2e9-5c06-b349-4e078b8b8f01,2025,16.810909090909092,pass,lasso,10.082158934829222,2024,3
db0eda74-3c4b-5743-87c4-c93270f4edc1,2025,9.43,pass,lasso,8.305338601985888,2024,3
dce82837-9b56-5207-babe-53cfac54eb70,2025,17.646666666666665,pass,lasso,17.033102130613997,2024,3
ddf55e16-fa43-5d7e-92f4-f41e53fd6fb7,2025,9.607272727272727,pass,lasso,10.205501354474325,2024,3
df8422ce-da76-5999-80be-a47aead4fc59,2025,6.888888888888889,pass,lasso,13.448040980362784,2024,3
f2c783c7-afa9-5c55-bc99-1d0967346747,2025,13.185,pass,lasso,13.252217629224289,2024,3
f9b1a774-f2ec-541c-870e-a4373e3cc9ca,2025,6.262222222222223,pass,lasso,11.402286241126962,2024,3
006d6e97-5088-5763-9fce-72ff5ff45d7e,2017,10.24,pass,random_forest,12.5574793529981,2016,2
06db6fd1-8f8b-599c-9f54-3360e7e3fccf,2017,13.017142857142858,pass,random_forest,16.85734476106538,2016,2
070a032d-e19f-5afd-8aa2-5b49d2736619,2017,13.474666666666668,pass,random_forest,16.30429510179428,2016,2
0e1c1cf3-a023-55da-9ef3-b52cbc04e1a1,2017,11.525333333333332,pass,random_forest,13.190509904918844,2016,2
13cf76af-bac9-5c77-8d62-e2301ba490d9,2017,14.5,pass,random_forest,13.33878984398559,2016,2
259d2b5d-f3b0-5389-a954-5e8bc03a3cb8,2017,9.834666666666665,pass,random_forest,14.340038634486726,2016,2
34beb3fa-5005-5be2-b163-32949f96ec1b,2017,11.653333333333334,pass,random_forest,14.277505711736929,2016,2
38cc56d5-c433-5c30-9189-2f328863acc0,2017,12.388571428571428,pass,random_forest,16.82325494826041,2016,2
407d5713-2387-5d98-8bbe-faf956914733,2017,12.673333333333332,pass,random_forest,12.068199850823655,2016,2
478368e9-1d81-51c1-9521-d705a1d2e055,2017,17.21066666666667,pass,random_forest,10.185210032597272,2016,2
5944c982-aadb-5aa6-b8a1-809cc5e6fce1,2017,15.728000000000002,pass,random_forest,15.013237927473153,2016,2
62fb4320-5510-54a8-8360-27a49422ad00,2017,8.11,pass,random_forest,12.15525123503148,2016,2
74a040f9-d7fa-5d7f-b1db-635f481002ea,2017,8.485714285714286,pass,random_forest,10.896229729641624,2016,2
805959bf-d59f-504f-abaa-98bcf0481637,2017,16.898666666666667,pass,random_forest,15.579417551776721,2016,2
864ae232-4c8f-59b7-b3a2-92573d28ba86,2017,7.7,pass,random_forest,9.282113232610964,2016,2
8d5300d8-e939-50a0-ae30-6124af36ef5b,2017,10.16,pass,random_forest,14.069583593752949,2016,2
9419dec6-8187-5c2d-96ee-2d81a6dd891f,2017,14.808571428571428,pass,random_forest,12.760197417410945,2016,2
9916d928-6327-5a7f-9ae1-1ec039c6cb21,2017,19.213333333333335,pass,random_forest,19.245845631045075,2016,2
9b030c9d-5325-5fdb-a8fa-a79631f2897c,2017,15.96,pass,random_forest,17.50434174742976,2016,2
9f08f3c3-af3e-508a-8b15-2cbfa4ad2f03,2017,19.91076923076923,pass,random_forest,12.785939728465333,2016,2
ad6398f8-015a-5cb3-87d6-577b351ddcb9,2017,8.326666666666666,pass,random_forest,9.406431573171592,2016,2
aefb525e-f3a6-50b7-b839-2e2e673aaa95,2017,16.778666666666666,pass,random_forest,12.605286681368371,2016,2
b382165b-655f-5588-be0e-c46aacbbfe48,2017,9.488,pass,random_forest,11.784490381686258,2016,2
b398cd14-cc10-5a9e-b105-45fc20809edf,2017,9.08,pass,random_forest,11.118114509338149,2016,2
b4f0261b-58ea-51e6-8342-780b4f31418b,2017,18.965333333333334,pass,random_forest,20.628718992377447,2016,2
b53cd9da-5302-5803-8dc0-c4cb4ec42927,2017,16.170666666666666,pass,random_forest,21.021566047895575,2016,2
b64a8149-19c0-519e-8862-ca2dcf2afef4,2017,5.3,pass,random_forest,10.463958759619894,2016,2
b744e4fc-9ec6-5815-8413-350c18a0aaf3,2017,13.744,pass,random_forest,10.137424651428885,2016,2
bd52e3ef-9f48-5bcb-b3fb-89d563f3599a,2017,9.272,pass,random_forest,11.383173993565853,2016,2
beb784d7-8af2-5381-873e-2287a37d4f37,2017,15.563636363636363,pass,random_forest,15.839725164088405,2016,2
c346e7f8-fe06-57e2-a5a1-925e5c9e43ee,2017,14.151428571428571,pass,random_forest,16.51775421206896,2016,2
e722f964-f5cb-5b3f-8060-65ba2101afe9,2017,17.890666666666668,pass,random_forest,16.836694045488574,2016,2
e7e519e5-a3ec-546f-84c7-ac13364c9dde,2017,18.851428571428567,pass,random_forest,9.39094535590936,2016,2
ebfd7c6e-7517-56e5-a516-3f390631c635,2017,11.772307692307693,pass,random_forest,10.764427904821646,2016,2
f5534cc0-db92-53a4-b1a8-f2493702388b,2017,17.341333333333335,pass,random_forest,17.089781949283314,2016,2
f911b2d2-de2b-56cb-8460-37ee3e9e8fdd,2017,11.528,pass,random_forest,13.815497173437786,2016,2
fee7be21-ff73-5a39-948d-5ea1fc9b885e,2017,6.6000000000000005,pass,random_forest,8.631415506476372,2016,2
070a032d-e19f-5afd-8aa2-5b49d2736619,2018,20.189333333333334,pass,random_forest,15.41453339287988,2017,2
0e1c1cf3-a023-55da-9ef3-b52cbc04e1a1,2018,14.557142857142859,pass,random_forest,12.748616949903646,2017,2
1ac267de-58c9-595e-bac0-858dfda9f6d4,2018,7.233333333333333,pass,random_forest,10.86993601655351,2017,2
259d2b5d-f3b0-5389-a954-5e8bc03a3cb8,2018,14.733333333333333,pass,random_forest,14.008991318831175,2017,2
26910920-a835-56ad-8cf6-43fbb1b551ad,2018,19.205,pass,random_forest,11.90745395383612,2017,2
34beb3fa-5005-5be2-b163-32949f96ec1b,2018,10.994666666666667,pass,random_forest,11.585828319953544,2017,2
38cc56d5-c433-5c30-9189-2f328863acc0,2018,12.861333333333334,pass,random_forest,15.235678967013275,2017,2
3ebb992a-a3ca-5760-ba54-f9986c4a7e68,2018,10.096,pass,random_forest,12.84762835433963,2017,2
478368e9-1d81-51c1-9521-d705a1d2e055,2018,18.304,pass,random_forest,16.16963968529864,2017,2
5944c982-aadb-5aa6-b8a1-809cc5e6fce1,2018,11.829333333333333,pass,random_forest,15.485122634277783,2017,2
6bc52e10-146e-5657-86a7-a18757b656a6,2018,26.442666666666664,pass,random_forest,14.042778879994458,2017,2
7b4909e3-c8b2-5d03-9727-65629b87a53f,2018,21.088,pass,random_forest,16.79447630511559,2017,2
805959bf-d59f-504f-abaa-98bcf0481637,2018,16.389333333333333,pass,random_forest,14.996773001421904,2017,2
84499736-8ce6-5adb-8910-aee72924fd6d,2018,5.81,pass,random_forest,8.333412968649595,2017,2
864ae232-4c8f-59b7-b3a2-92573d28ba86,2018,11.816,pass,random_forest,13.019219908579204,2017,2
8d5300d8-e939-50a0-ae30-6124af36ef5b,2018,7.151428571428572,pass,random_forest,12.0049219463606,2017,2
9253375f-b718-5d18-a6ae-2dfe39cf7cb8,2018,11.576666666666668,pass,random_forest,10.164903730364253,2017,2
9419dec6-8187-5c2d-96ee-2d81a6dd891f,2018,11.394666666666668,pass,random_forest,12.188413610917758,2017,2
9916d928-6327-5a7f-9ae1-1ec039c6cb21,2018,17.30933333333333,pass,random_forest,18.443486036238895,2017,2
9b030c9d-5325-5fdb-a8fa-a79631f2897c,2018,17.642666666666667,pass,random_forest,16.33170017202601,2017,2
9f08f3c3-af3e-508a-8b15-2cbfa4ad2f03,2018,17.08727272727273,pass,random_forest,13.213802874006314,2017,2
aefb525e-f3a6-50b7-b839-2e2e673aaa95,2018,10.620000000000001,pass,random_forest,12.828337541597376,2017,2
b4f0261b-58ea-51e6-8342-780b4f31418b,2018,16.813333333333333,pass,random_forest,19.294660533448855,2017,2
b53cd9da-5302-5803-8dc0-c4cb4ec42927,2018,20.045333333333335,pass,random_forest,19.104784266000667,2017,2
b744e4fc-9ec6-5815-8413-350c18a0aaf3,2018,11.534545454545453,pass,random_forest,11.692463306756116,2017,2
b8bbd5f1-9354-57da-9dd9-25d2d87931a9,2018,16.17,pass,random_forest,11.755238789336662,2017,2
beb784d7-8af2-5381-873e-2287a37d4f37,2018,13.288,pass,random_forest,12.99739354427556,2017,2
c346e7f8-fe06-57e2-a5a1-925e5c9e43ee,2018,12.770666666666667,pass,random_forest,15.355144181384023,2017,2
c63fef1b-16bd-5275-a03e-94cee125aaae,2018,16.073846153846155,pass,random_forest,10.159251553562719,2017,2
ccda7d11-8596-5b2e-b55b-d640a79b3cc5,2018,5.345454545454545,pass,random_forest,9.3732808673993,2017,2
d0494295-31eb-5518-8b54-6d71d50f02eb,2018,9.392,pass,random_forest,10.936720723402775,2017,2
e46e7f4f-eda6-527e-b398-d5a52cd3fb47,2018,11.328,pass,random_forest,12.207460900611913,2017,2
e722f964-f5cb-5b3f-8060-65ba2101afe9,2018,21.17866666666667,pass,random_forest,16.843325002072188,2017,2
e7e519e5-a3ec-546f-84c7-ac13364c9dde,2018,14.549333333333333,pass,random_forest,13.724872003476886,2017,2
f5534cc0-db92-53a4-b1a8-f2493702388b,2018,18.485333333333337,pass,random_forest,16.33502325725549,2017,2
f911b2d2-de2b-56cb-8460-37ee3e9e8fdd,2018,15.14909090909091,pass,random_forest,12.895738628290758,2017,2
fee7be21-ff73-5a39-948d-5ea1fc9b885e,2018,15.261538461538462,pass,random_forest,13.244476383056943,2017,2
05e08afe-7d4d-5caf-8cbe-6f2682c270d6,2019,15.57818181818182,pass,random_forest,8.45708120861459,2018,2
070a032d-e19f-5afd-8aa2-5b49d2736619,2019,16.50857142857143,pass,random_forest,16.781599661016823,2018,2
0c370254-2acd-5345-a009-d0744ed3affe,2019,0.08000000000000002,pass,random_forest,11.006044433522957,2018,2
13cf76af-bac9-5c77-8d62-e2301ba490d9,2019,15.181333333333333,pass,random_forest,14.096398452006346,2018,2
1ac267de-58c9-595e-bac0-858dfda9f6d4,2019,18.072000000000003,pass,random_forest,11.29281883666477,2018,2
259d2b5d-f3b0-5389-a954-5e8bc03a3cb8,2019,8.485,pass,random_forest,12.350989875189113,2018,2
26910920-a835-56ad-8cf6-43fbb1b551ad,2019,12.553846153846155,pass,random_forest,10.837252548866564,2018,2
34beb3fa-5005-5be2-b163-32949f96ec1b,2019,18.93066666666667,pass,random_forest,12.352461354710337,2018,2
35d5ce2f-914c-5098-8b03-22f5a120ba0c,2019,11.089999999999998,pass,random_forest,10.923821037968784,2018,2
38cc56d5-c433-5c30-9189-2f328863acc0,2019,14.420000000000002,pass,random_forest,14.022615064940918,2018,2
478368e9-1d81-51c1-9521-d705a1d2e055,2019,14.917333333333334,pass,random_forest,15.73942880334038,2018,2
5944c982-aadb-5aa6-b8a1-809cc5e6fce1,2019,21.62,pass,random_forest,15.142468255598587,2018,2
63bb3342-b397-59a1-8e96-925f297382a3,2019,10.858666666666666,pass,random_forest,13.396339076356192,2018,2
6bc52e10-146e-5657-86a7-a18757b656a6,2019,21.436666666666667,pass,random_forest,18.2365514942868,2018,2
7f35b557-87ab-58c8-a8ca-50a990c9e541,2019,13.93,pass,random_forest,9.267226318956912,2018,2
805959bf-d59f-504f-abaa-98bcf0481637,2019,16.538666666666668,pass,random_forest,14.603568836138258,2018,2
84499736-8ce6-5adb-8910-aee72924fd6d,2019,1.1199999999999999,pass,random_forest,8.275553283459734,2018,2
8d5300d8-e939-50a0-ae30-6124af36ef5b,2019,9.026666666666666,pass,random_forest,11.872627700290986,2018,2
9253375f-b718-5d18-a6ae-2dfe39cf7cb8,2019,12.5,pass,random_forest,14.207016563128446,2018,2
9419dec6-8187-5c2d-96ee-2d81a6dd891f,2019,15.413333333333334,pass,random_forest,10.361122751820995,2018,2
9916d928-6327-5a7f-9ae1-1ec039c6cb21,2019,15.544,pass,random_forest,18.47649109312681,2018,2
9b030c9d-5325-5fdb-a8fa-a79631f2897c,2019,15.874666666666666,pass,random_forest,17.514899580503066,2018,2
9f08f3c3-af3e-508a-8b15-2cbfa4ad2f03,2019,15.666666666666666,pass,random_forest,15.8704924772797,2018,2
b4f0261b-58ea-51e6-8342-780b4f31418b,2019,15.229333333333333,pass,random_forest,18.778486544248274,2018,2
b53cd9da-5302-5803-8dc0-c4cb4ec42927,2019,23.83555555555556,pass,random_forest,19.34766727228425,2018,2
beb784d7-8af2-5381-873e-2287a37d4f37,2019,17.754666666666665,pass,random_forest,16.089964600258977,2018,2
c346e7f8-fe06-57e2-a5a1-925e5c9e43ee,2019,13.568000000000001,pass,random_forest,13.799133167618388,2018,2
c63fef1b-16bd-5275-a03e-94cee125aaae,2019,11.328,pass,random_forest,16.851433025587724,2018,2
ccda7d11-8596-5b2e-b55b-d640a79b3cc5,2019,11.157333333333334,pass,random_forest,11.218152021142856,2018,2
d2153ba6-e2e9-5c06-b349-4e078b8b8f01,2019,12.833846153846155,pass,random_forest,12.526625590277622,2018,2
dbc808ad-2a1a-58cb-8c4a-d25251c207d0,2019,6.16,pass,random_forest,9.531897090882993,2018,2
e3640a49-e4df-5e1d-a699-7c70108146cc,2019,13.156923076923077,pass,random_forest,9.153198086493687,2018,2
e46e7f4f-eda6-527e-b398-d5a52cd3fb47,2019,16.176,pass,random_forest,11.667485309119888,2018,2
e7e519e5-a3ec-546f-84c7-ac13364c9dde,2019,14.738666666666667,pass,random_forest,15.793841007542518,2018,2
f5534cc0-db92-53a4-b1a8-f2493702388b,2019,14.624,pass,random_forest,16.841765887980767,2018,2
f911b2d2-de2b-56cb-8460-37ee3e9e8fdd,2019,12.596666666666666,pass,random_forest,12.8113367119611,2018,2
fee7be21-ff73-5a39-948d-5ea1fc9b885e,2019,11.529230769230768,pass,random_forest,11.76448338510285,2018,2
05e08afe-7d4d-5caf-8cbe-6f2682c270d6,2020,7.12,pass,random_forest,14.615126114480844,2019,2
070a032d-e19f-5afd-8aa2-5b49d2736619,2020,15.842666666666668,pass,random_forest,16.858646645084935,2019,2
0c370254-2acd-5345-a009-d0744ed3affe,2020,2.6079999999999997,pass,random_forest,10.131684521345084,2019,2
0e1c1cf3-a023-55da-9ef3-b52cbc04e1a1,2020,5.4,pass,random_forest,12.070277365817104,2019,2
13cf76af-bac9-5c77-8d62-e2301ba490d9,2020,9.639999999999999,pass,random_forest,13.931216136665874,2019,2
1ac267de-58c9-595e-bac0-858dfda9f6d4,2020,12.554285714285713,pass,random_forest,14.156184907228155,2019,2
26910920-a835-56ad-8cf6-43fbb1b551ad,2020,13.67,pass,random_forest,12.604198044944292,2019,2
34beb3fa-5005-5be2-b163-32949f96ec1b,2020,22.048,pass,random_forest,16.832815948796828,2019,2
3d9dd7dc-b646-5af6-8a50-cb31a1d2a598,2020,18.525714285714287,pass,random_forest,8.962558588635838,2019,2
478368e9-1d81-51c1-9521-d705a1d2e055,2020,14.338666666666667,pass,random_forest,15.479860705040988,2019,2
5944c982-aadb-5aa6-b8a1-809cc5e6fce1,2020,15.425714285714287,pass,random_forest,17.184402862834343,2019,2
63bb3342-b397-59a1-8e96-925f297382a3,2020,16.090666666666667,pass,random_forest,15.961271000402112,2019,2
692ed3ce-f07d-5199-84d7-2a7b0f80a70e,2020,12.305714285714286,pass,random_forest,13.409859748172465,2019,2
6bc52e10-146e-5657-86a7-a18757b656a6,2020,23.90666666666667,pass,random_forest,17.720650060203813,2019,2
7f35b557-87ab-58c8-a8ca-50a990c9e541,2020,11.632727272727273,pass,random_forest,12.59984857912513,2019,2
805959bf-d59f-504f-abaa-98bcf0481637,2020,19.016000000000002,pass,random_forest,16.036751723277096,2019,2
9253375f-b718-5d18-a6ae-2dfe39cf7cb8,2020,6.152727272727273,pass,random_forest,13.745324053903529,2019,2
9916d928-6327-5a7f-9ae1-1ec039c6cb21,2020,23.890666666666668,pass,random_forest,17.710692831308915,2019,2
9b030c9d-5325-5fdb-a8fa-a79631f2897c,2020,17.571428571428573,pass,random_forest,15.354631005648981,2019,2
9f08f3c3-af3e-508a-8b15-2cbfa4ad2f03,2020,8.816666666666666,pass,random_forest,15.892611065445738,2019,2
abfaa351-4b53-5eaa-a304-9825243dc5cc,2020,10.72,pass,random_forest,10.193873885310438,2019,2
aefb525e-f3a6-50b7-b839-2e2e673aaa95,2020,6.828571428571429,pass,random_forest,11.72311807844372,2019,2
b4f0261b-58ea-51e6-8342-780b4f31418b,2020,20.890666666666668,pass,random_forest,17.77939165762758,2019,2
b53cd9da-5302-5803-8dc0-c4cb4ec42927,2020,18.66,pass,random_forest,18.972344551517413,2019,2
b8bbd5f1-9354-57da-9dd9-25d2d87931a9,2020,11.385,pass,random_forest,11.588952872361554,2019,2
c346e7f8-fe06-57e2-a5a1-925e5c9e43ee,2020,17.225714285714286,pass,random_forest,13.129559037280396,2019,2
c63fef1b-16bd-5275-a03e-94cee125aaae,2020,14.912,pass,random_forest,12.119047057326782,2019,2
ccda7d11-8596-5b2e-b55b-d640a79b3cc5,2020,20.78666666666667,pass,random_forest,12.488594437662403,2019,2
dbc808ad-2a1a-58cb-8c4a-d25251c207d0,2020,7.08,pass,random_forest,9.236783785075085,2019,2
dce82837-9b56-5207-babe-53cfac54eb70,2020,13.752,pass,random_forest,13.040479805689516,2019,2
e3640a49-e4df-5e1d-a699-7c70108146cc,2020,15.151111111111113,pass,random_forest,12.939418124215486,2019,2
e46e7f4f-eda6-527e-b398-d5a52cd3fb47,2020,18.074666666666666,pass,random_forest,11.990381989252333,2019,2
e722f964-f5cb-5b3f-8060-65ba2101afe9,2020,19.27466666666667,pass,random_forest,17.527108367757098,2019,2
e7e519e5-a3ec-546f-84c7-ac13364c9dde,2020,18.688,pass,random_forest,14.953960779183323,2019,2
f2c783c7-afa9-5c55-bc99-1d0967346747,2020,13.059999999999999,pass,random_forest,10.113673311201419,2019,2
f5534cc0-db92-53a4-b1a8-f2493702388b,2020,15.946666666666665,pass,random_forest,15.733868430958006,2019,2
fee7be21-ff73-5a39-948d-5ea1fc9b885e,2020,15.14,pass,random_forest,10.771097117664107,2019,2
05e08afe-7d4d-5caf-8cbe-6f2682c270d6,2021,10.374545454545455,pass,random_forest,13.34066544595838,2020,2
070a032d-e19f-5afd-8aa2-5b49d2736619,2021,11.88,pass,random_forest,16.663296472805925,2020,2
0c370254-2acd-5345-a009-d0744ed3affe,2021,2.803636363636364,pass,random_forest,9.250194060119812,2020,2
11092b99-31c6-504d-8390-0def87d4a8d5,2021,13.189333333333334,pass,random_forest,11.88061738741292,2020,2
13cf76af-bac9-5c77-8d62-e2301ba490d9,2021,13.76857142857143,pass,random_forest,12.285681015956563,2020,2
1ac267de-58c9-595e-bac0-858dfda9f6d4,2021,12.32727272727273,pass,random_forest,12.808042589678601,2020,2
34beb3fa-5005-5be2-b163-32949f96ec1b,2021,19.077333333333332,pass,random_forest,18.872969903957017,2020,2
3d9dd7dc-b646-5af6-8a50-cb31a1d2a598,2021,19.515,pass,random_forest,18.443448538867223,2020,2
45d0654b-4331-56ce-a016-514e89fc38f1,2021,11.197333333333335,pass,random_forest,11.605042681992346,2020,2
478368e9-1d81-51c1-9521-d705a1d2e055,2021,12.021538461538462,pass,random_forest,13.241912856942811,2020,2
5944c982-aadb-5aa6-b8a1-809cc5e6fce1,2021,20.495,pass,random_forest,16.49407192062871,2020,2
63bb3342-b397-59a1-8e96-925f297382a3,2021,16.606153846153845,pass,random_forest,15.853813257014474,2020,2
692ed3ce-f07d-5199-84d7-2a7b0f80a70e,2021,12.077142857142858,pass,random_forest,12.137465498493487,2020,2
6bc52e10-146e-5657-86a7-a18757b656a6,2021,19.61,pass,random_forest,19.780286562148707,2020,2
74a040f9-d7fa-5d7f-b1db-635f481002ea,2021,6.128,pass,random_forest,10.582027027073764,2020,2
805959bf-d59f-504f-abaa-98bcf0481637,2021,14.153846153846153,pass,random_forest,18.877361686379228,2020,2
88147e8e-3779-500e-b561-1a75ebac4651,2021,6.44,pass,random_forest,13.003361033421779,2020,2
9253375f-b718-5d18-a6ae-2dfe39cf7cb8,2021,6.665454545454546,pass,random_forest,13.469043891240991,2020,2
9916d928-6327-5a7f-9ae1-1ec039c6cb21,2021,20.205333333333332,pass,random_forest,19.36674434852892,2020,2
9b030c9d-5325-5fdb-a8fa-a79631f2897c,2021,18.389333333333337,pass,random_forest,16.382374549618238,2020,2
9f08f3c3-af3e-508a-8b15-2cbfa4ad2f03,2021,14.445,pass,random_forest,11.987505694087334,2020,2
abfaa351-4b53-5eaa-a304-9825243dc5cc,2021,12.74909090909091,pass,random_forest,13.470926337866986,2020,2
b4e9327d-f002-5f05-9a32-9b2fbbcd707f,2021,7.7325,pass,random_forest,13.424000879923064,2020,2
b4f0261b-58ea-51e6-8342-780b4f31418b,2021,23.0375,pass,random_forest,20.091628506850007,2020,2
beb784d7-8af2-5381-873e-2287a37d4f37,2021,15.426666666666668,pass,random_forest,11.987061927344314,2020,2
c346e7f8-fe06-57e2-a5a1-925e5c9e43ee,2021,14.545,pass,random_forest,15.172555754261959,2020,2
c63fef1b-16bd-5275-a03e-94cee125aaae,2021,9.885714285714286,pass,random_forest,13.845537607691146,2020,2
ccda7d11-8596-5b2e-b55b-d640a79b3cc5,2021,17.92,pass,random_forest,17.9345480564334,2020,2
d2153ba6-e2e9-5c06-b349-4e078b8b8f01,2021,8.22,pass,random_forest,11.208846153647219,2020,2
dce82837-9b56-5207-babe-53cfac54eb70,2021,17.965,pass,random_forest,15.51993887405847,2020,2
e46e7f4f-eda6-527e-b398-d5a52cd3fb47,2021,9.43,pass,random_forest,16.00417706726513,2020,2
e722f964-f5cb-5b3f-8060-65ba2101afe9,2021,12.789333333333333,pass,random_forest,17.542756577575144,2020,2
f2c783c7-afa9-5c55-bc99-1d0967346747,2021,10.917333333333334,pass,random_forest,13.578795983436946,2020,2
f911b2d2-de2b-56cb-8460-37ee3e9e8fdd,2021,10.408,pass,random_forest,13.576809885606814,2020,2
f9b1a774-f2ec-541c-870e-a4373e3cc9ca,2021,4.854545454545455,pass,random_forest,12.360960236419077,2020,2
05d1fee5-084f-5fbd-a509-fe8c23fdc978,2022,4.664,pass,random_forest,11.156459542151635,2021,0
05e08afe-7d4d-5caf-8cbe-6f2682c270d6,2022,9.45,pass,random_forest,11.484276138037936,2021,0
070a032d-e19f-5afd-8aa2-5b49d2736619,2022,10.94,pass,random_forest,14.825849530454597,2021,0
11092b99-31c6-504d-8390-0def87d4a8d5,2022,9.97,pass,random_forest,12.437913815254921,2021,0
13cf76af-bac9-5c77-8d62-e2301ba490d9,2022,15.124,pass,random_forest,12.904385702899974,2021,0
1ac267de-58c9-595e-bac0-858dfda9f6d4,2022,12.476363636363637,pass,random_forest,13.115213356473449,2021,0
21abb04f-3faa-5349-a5e7-44ae9d017d41,2022,9.200000000000001,pass,random_forest,12.66190530484888,2021,0
2b55d8bd-541c-5cc7-88bf-9d21dd7691ff,2022,4.3,pass,random_forest,11.21341559939539,2021,0
34beb3fa-5005-5be2-b163-32949f96ec1b,2022,15.752727272727272,pass,random_forest,18.269758739845365,2021,0
3d9dd7dc-b646-5af6-8a50-cb31a1d2a598,2022,15.102500000000001,pass,random_forest,19.18407982547808,2021,0
45d0654b-4331-56ce-a016-514e89fc38f1,2022,11.484444444444444,pass,random_forest,11.846545091962076,2021,0
478368e9-1d81-51c1-9521-d705a1d2e055,2022,17.66,pass,random_forest,13.984759112880853,2021,0
47c508de-ee91-5f11-9d62-8e2f9db32ae1,2022,15.6725,pass,random_forest,10.078319158042355,2021,0
5944c982-aadb-5aa6-b8a1-809cc5e6fce1,2022,9.942222222222222,pass,random_forest,16.662659403288664,2021,0
63bb3342-b397-59a1-8e96-925f297382a3,2022,12.736,pass,random_forest,15.851770497968356,2021,0
6bc52e10-146e-5657-86a7-a18757b656a6,2022,22.995,pass,random_forest,18.520358169464114,2021,0
805959bf-d59f-504f-abaa-98bcf0481637,2022,8.76,pass,random_forest,18.04180091516284,2021,0
88147e8e-3779-500e-b561-1a75ebac4651,2022,6.946666666666667,pass,random_forest,12.487192469517247,2021,0
8d5300d8-e939-50a0-ae30-6124af36ef5b,2022,9.05846153846154,pass,random_forest,10.925553187830713,2021,0
9253375f-b718-5d18-a6ae-2dfe39cf7cb8,2022,14.0,pass,random_forest,11.46100253885327,2021,0
9916d928-6327-5a7f-9ae1-1ec039c6cb21,2022,13.2875,pass,random_forest,19.085249978147928,2021,0
9b030c9d-5325-5fdb-a8fa-a79631f2897c,2022,15.3675,pass,random_forest,17.345321100527748,2021,0
9d57fdbe-f058-5fa6-af0e-01265f3fe7d0,2022,10.448,pass,random_forest,11.830021164619726,2021,0
9f08f3c3-af3e-508a-8b15-2cbfa4ad2f03,2022,10.524999999999999,pass,random_forest,12.245229533928907,2021,0
abfaa351-4b53-5eaa-a304-9825243dc5cc,2022,19.543333333333333,pass,random_forest,12.632761880790637,2021,0
b4e9327d-f002-5f05-9a32-9b2fbbcd707f,2022,14.8775,pass,random_forest,11.535705290705346,2021,0
b4f0261b-58ea-51e6-8342-780b4f31418b,2022,16.9625,pass,random_forest,19.55133144895012,2021,0
c346e7f8-fe06-57e2-a5a1-925e5c9e43ee,2022,13.858666666666666,pass,random_forest,15.759519774550318,2021,0
c63fef1b-16bd-5275-a03e-94cee125aaae,2022,7.785454545454545,pass,random_forest,13.165192785301484,2021,0
ccda7d11-8596-5b2e-b55b-d640a79b3cc5,2022,18.277333333333335,pass,random_forest,17.297685806883276,2021,0
d2153ba6-e2e9-5c06-b349-4e078b8b8f01,2022,11.756363636363636,pass,random_forest,10.489040050509924,2021,0
dbddf1a9-f4f2-58d9-b145-32dd70ec0394,2022,6.941818181818181,pass,random_forest,10.858337804915813,2021,0
dce82837-9b56-5207-babe-53cfac54eb70,2022,18.96,pass,random_forest,17.10473421018542,2021,0
e46e7f4f-eda6-527e-b398-d5a52cd3fb47,2022,10.203333333333335,pass,random_forest,12.138114061778111,2021,0
e7e519e5-a3ec-546f-84c7-ac13364c9dde,2022,8.175999999999998,pass,random_forest,11.090393242925952,2021,0
f2c783c7-afa9-5c55-bc99-1d0967346747,2022,14.848571428571429,pass,random_forest,12.822429430655303,2021,0
f911b2d2-de2b-56cb-8460-37ee3e9e8fdd,2022,11.692307692307692,pass,random_forest,12.737955578565396,2021,0
f9b1a774-f2ec-541c-870e-a4373e3cc9ca,2022,6.5120000000000005,pass,random_forest,9.762586076581709,2021,0
fee7be21-ff73-5a39-948d-5ea1fc9b885e,2022,7.011428571428572,pass,random_forest,11.028271110399125,2021,0
05e08afe-7d4d-5caf-8cbe-6f2682c270d6,2023,1.2720000000000002,pass,random_forest,12.55950902964263,2022,2
11092b99-31c6-504d-8390-0def87d4a8d5,2023,8.163636363636364,pass,random_forest,11.47572931163599,2022,2
13cf76af-bac9-5c77-8d62-e2301ba490d9,2023,8.866666666666667,pass,random_forest,12.397030365645236,2022,2
1ac267de-58c9-595e-bac0-858dfda9f6d4,2023,13.695,pass,random_forest,13.490263597629545,2022,2
1e3d359a-7008-5ebd-ac11-015d52bf3e12,2023,15.768571428571429,pass,random_forest,11.371246271661267,2022,2
221f2f3d-914f-57ed-915e-e088de1901cb,2023,9.709999999999999,pass,random_forest,9.41055900535375,2022,2
23c337f1-377c-5dc2-b5f1-e12efcdf1755,2023,5.888000000000001,pass,random_forest,11.676253340485406,2022,2
34beb3fa-5005-5be2-b163-32949f96ec1b,2023,17.5925,pass,random_forest,15.23458650418729,2022,2
3d9dd7dc-b646-5af6-8a50-cb31a1d2a598,2023,14.412307692307694,pass,random_forest,17.252323195799768,2022,2
402eabea-209d-5bae-93ea-ad5e22d373d5,2023,8.463333333333333,pass,random_forest,7.135190349620977,2022,2
45d0654b-4331-56ce-a016-514e89fc38f1,2023,8.92,pass,random_forest,10.909964273223983,2022,2
478368e9-1d81-51c1-9521-d705a1d2e055,2023,16.325,pass,random_forest,15.555508422377635,2022,2
47c508de-ee91-5f11-9d62-8e2f9db32ae1,2023,13.028571428571428,pass,random_forest,15.14571148257177,2022,2
5944c982-aadb-5aa6-b8a1-809cc5e6fce1,2023,15.44,pass,random_forest,14.23745014833461,2022,2
63bb3342-b397-59a1-8e96-925f297382a3,2023,11.354285714285714,pass,random_forest,10.567423886653623,2022,2
6bc52e10-146e-5657-86a7-a18757b656a6,2023,15.832500000000001,pass,random_forest,19.00196875084331,2022,2
79e06226-ecc0-5f69-8a91-109b9e055cde,2023,15.8575,pass,random_forest,12.095801478646106,2022,2
7ff22629-b2b9-58c7-b56d-8eea3366f94e,2023,9.8575,pass,random_forest,9.699203684307037,2022,2
805959bf-d59f-504f-abaa-98bcf0481637,2023,12.92,pass,random_forest,11.602079285584912,2022,2
9b030c9d-5325-5fdb-a8fa-a79631f2897c,2023,20.03,pass,random_forest,16.9870911463101,2022,2
abfaa351-4b53-5eaa-a304-9825243dc5cc,2023,17.0025,pass,random_forest,14.149674213384937,2022,2
b2cb3f71-0ccd-58f3-8934-7b675a216972,2023,9.008000000000001,pass,random_forest,10.007873185935,2022,2
b4e9327d-f002-5f05-9a32-9b2fbbcd707f,2023,12.496,pass,random_forest,14.880904292453915,2022,2
c3254b64-83c1-515c-a106-e1fe1f2a000a,2023,17.575,pass,random_forest,10.989149322653494,2022,2
c346e7f8-fe06-57e2-a5a1-925e5c9e43ee,2023,13.16,pass,random_forest,13.38743588856288,2022,2
c63fef1b-16bd-5275-a03e-94cee125aaae,2023,15.1425,pass,random_forest,11.596155998934012,2022,2
ccda7d11-8596-5b2e-b55b-d640a79b3cc5,2023,15.2425,pass,random_forest,17.513319474124643,2022,2
dbddf1a9-f4f2-58d9-b145-32dd70ec0394,2023,7.181818181818182,pass,random_forest,12.292450135437539,2022,2
dce82837-9b56-5207-babe-53cfac54eb70,2023,13.436000000000002,pass,random_forest,17.974646787347353,2022,2
df9c20f9-8747-55fa-ae71-b580aa4727ea,2023,8.735384615384616,pass,random_forest,9.718312568502618,2022,2
e3640a49-e4df-5e1d-a699-7c70108146cc,2023,10.968571428571428,pass,random_forest,12.069227285272728,2022,2
e46e7f4f-eda6-527e-b398-d5a52cd3fb47,2023,3.24,pass,random_forest,11.598378549430961,2022,2
e7e519e5-a3ec-546f-84c7-ac13364c9dde,2023,11.280000000000001,pass,random_forest,12.443053237444353,2022,2
f2c783c7-afa9-5c55-bc99-1d0967346747,2023,13.07,pass,random_forest,13.145036479482114,2022,2
f9b1a774-f2ec-541c-870e-a4373e3cc9ca,2023,10.046666666666667,pass,random_forest,12.654903700611092,2022,2
fee7be21-ff73-5a39-948d-5ea1fc9b885e,2023,6.890000000000001,pass,random_forest,13.054256390851682,2022,2
05e08afe-7d4d-5caf-8cbe-6f2682c270d6,2024,7.9799999999999995,pass,random_forest,10.291878966916515,2023,3
11092b99-31c6-504d-8390-0def87d4a8d5,2024,9.680000000000001,pass,random_forest,11.349418869614896,2023,3
19955737-99cd-505f-88b8-2bdbeb246712,2024,9.7325,pass,random_forest,11.672302104752914,2023,3
1ac267de-58c9-595e-bac0-858dfda9f6d4,2024,20.262500000000003,pass,random_forest,12.349830743820737,2023,3
1e3d359a-7008-5ebd-ac11-015d52bf3e12,2024,10.505,pass,random_forest,16.504787198441008,2023,3
221f2f3d-914f-57ed-915e-e088de1901cb,2024,8.564444444444444,pass,random_forest,12.083805321065695,2023,3
23c337f1-377c-5dc2-b5f1-e12efcdf1755,2024,8.901818181818182,pass,random_forest,9.266962279880058,2023,3
259d2b5d-f3b0-5389-a954-5e8bc03a3cb8,2024,14.646666666666668,pass,random_forest,11.198445840706654,2023,3
34beb3fa-5005-5be2-b163-32949f96ec1b,2024,12.39,pass,random_forest,17.14690969780368,2023,3
3d9dd7dc-b646-5af6-8a50-cb31a1d2a598,2024,12.56,pass,random_forest,12.992575531390814,2023,3
478368e9-1d81-51c1-9521-d705a1d2e055,2024,19.8075,pass,random_forest,16.539047223327966,2023,3
47c508de-ee91-5f11-9d62-8e2f9db32ae1,2024,10.9925,pass,random_forest,12.036589745412773,2023,3
4e03bbdc-d05e-5e4e-9a6b-a8acf3c6430e,2024,11.424,pass,random_forest,9.842012793018426,2023,3
54ab1d88-12aa-569b-be63-bbf531c9a5ef,2024,7.172,pass,random_forest,11.83926157793541,2023,3
5944c982-aadb-5aa6-b8a1-809cc5e6fce1,2024,13.030000000000001,pass,random_forest,15.151630831979183,2023,3
63bb3342-b397-59a1-8e96-925f297382a3,2024,11.21,pass,random_forest,13.227712566445655,2023,3
648a438e-7b9e-5d04-b2aa-9188b13b2542,2024,10.26,pass,random_forest,9.756197826853464,2023,3
6bc52e10-146e-5657-86a7-a18757b656a6,2024,14.5075,pass,random_forest,17.561767485976333,2023,3
79e06226-ecc0-5f69-8a91-109b9e055cde,2024,15.914285714285715,pass,random_forest,16.581388545749547,2023,3
7f35b557-87ab-58c8-a8ca-50a990c9e541,2024,10.99,pass,random_forest,10.46531755467426,2023,3
805959bf-d59f-504f-abaa-98bcf0481637,2024,13.236,pass,random_forest,11.171847914686577,2023,3
9253375f-b718-5d18-a6ae-2dfe39cf7cb8,2024,17.1325,pass,random_forest,11.757641610986555,2023,3
9916d928-6327-5a7f-9ae1-1ec039c6cb21,2024,13.0575,pass,random_forest,15.591612489995006,2023,3
9b030c9d-5325-5fdb-a8fa-a79631f2897c,2024,12.522857142857143,pass,random_forest,16.334021025649626,2023,3
9d57fdbe-f058-5fa6-af0e-01265f3fe7d0,2024,12.408888888888889,pass,random_forest,10.641982448255884,2023,3
a5efc43f-7911-5ff3-bcc0-def8b7be0172,2024,10.771428571428572,pass,random_forest,10.675224839693977,2023,3
abfaa351-4b53-5eaa-a304-9825243dc5cc,2024,16.243636363636366,pass,random_forest,16.209675157940318,2023,3
b4e9327d-f002-5f05-9a32-9b2fbbcd707f,2024,11.906666666666666,pass,random_forest,12.48220119059363,2023,3
beb784d7-8af2-5381-873e-2287a37d4f37,2024,14.217142857142857,pass,random_forest,10.860810619604479,2023,3
c3254b64-83c1-515c-a106-e1fe1f2a000a,2024,13.637333333333334,pass,random_forest,15.69323268573761,2023,3
c346e7f8-fe06-57e2-a5a1-925e5c9e43ee,2024,14.280000000000001,pass,random_forest,13.461188907935489,2023,3
c63fef1b-16bd-5275-a03e-94cee125aaae,2024,18.9475,pass,random_forest,12.751358029355076,2023,3
ccda7d11-8596-5b2e-b55b-d640a79b3cc5,2024,16.64,pass,random_forest,15.916667168768159,2023,3
cd0167c0-d9ce-5180-856c-d26959a81941,2024,13.51,pass,random_forest,10.200759048416808,2023,3
d0e529e4-2d5e-58ec-b87d-1a32b8954539,2024,13.730666666666668,pass,random_forest,11.589036633241617,2023,3
d2153ba6-e2e9-5c06-b349-4e078b8b8f01,2024,3.8533333333333335,pass,random_forest,10.765932575703404,2023,3
db0eda74-3c4b-5743-87c4-c93270f4edc1,2024,4.680000000000001,pass,random_forest,10.205776410508403,2023,3
dce82837-9b56-5207-babe-53cfac54eb70,2024,21.665,pass,random_forest,16.532834389648897,2023,3
e3640a49-e4df-5e1d-a699-7c70108146cc,2024,7.651999999999999,pass,random_forest,11.405544892878947,2023,3
e7e519e5-a3ec-546f-84c7-ac13364c9dde,2024,4.56,pass,random_forest,11.815652650342733,2023,3
f2c783c7-afa9-5c55-bc99-1d0967346747,2024,11.334285714285715,pass,random_forest,12.567291117399481,2023,3
f911b2d2-de2b-56cb-8460-37ee3e9e8fdd,2024,11.312000000000001,pass,random_forest,11.240301926631748,2023,3
f9b1a774-f2ec-541c-870e-a4373e3cc9ca,2024,8.706666666666667,pass,random_forest,10.661579012605925,2023,3
05e08afe-7d4d-5caf-8cbe-6f2682c270d6,2025,15.22,pass,random_forest,10.609483380864544,2024,3
11092b99-31c6-504d-8390-0def87d4a8d5,2025,15.754999999999999,pass,random_forest,11.09609862560749,2024,3
19955737-99cd-505f-88b8-2bdbeb246712,2025,15.012500000000001,pass,random_forest,11.553363528350049,2024,3
1ac267de-58c9-595e-bac0-858dfda9f6d4,2025,12.127272727272727,pass,random_forest,15.965961741037468,2024,3
1e3d359a-7008-5ebd-ac11-015d52bf3e12,2025,13.81,pass,random_forest,12.457802287126027,2024,3
21270a48-2c80-5b91-b05c-ee7bf19df53d,2025,11.80888888888889,pass,random_forest,12.019419348262462,2024,3
21abb04f-3faa-5349-a5e7-44ae9d017d41,2025,12.31,pass,random_forest,10.682956334992218,2024,3
23c337f1-377c-5dc2-b5f1-e12efcdf1755,2025,11.453333333333335,pass,random_forest,10.419457333562347,2024,3
259d2b5d-f3b0-5389-a954-5e8bc03a3cb8,2025,13.904,pass,random_forest,11.28335472537891,2024,3
2e3787a6-b1ba-5d9f-9a61-8f79048010ff,2025,10.555555555555555,pass,random_forest,9.617777228076962,2024,3
34beb3fa-5005-5be2-b163-32949f96ec1b,2025,17.7675,pass,random_forest,15.990321061254196,2024,3
3d9dd7dc-b646-5af6-8a50-cb31a1d2a598,2025,12.8175,pass,random_forest,13.458433490183195,2024,3
3f84e8f1-fa59-519f-8069-0885da369954,2025,8.6,pass,random_forest,9.600816939889508,2024,3
444c96a9-dd23-5918-b283-37b9ce8ded40,2025,7.222857142857143,pass,random_forest,9.28379931498188,2024,3
478368e9-1d81-51c1-9521-d705a1d2e055,2025,18.0825,pass,random_forest,16.040635289441823,2024,3
47c508de-ee91-5f11-9d62-8e2f9db32ae1,2025,8.533333333333333,pass,random_forest,11.708125461116742,2024,3
4e03bbdc-d05e-5e4e-9a6b-a8acf3c6430e,2025,16.0075,pass,random_forest,11.231905185126344,2024,3
5944c982-aadb-5aa6-b8a1-809cc5e6fce1,2025,22.245,pass,random_forest,14.01316882605357,2024,3
5ac63d55-0f02-5097-9962-595dcede5e49,2025,8.82,pass,random_forest,10.608246815172912,2024,3
63bb3342-b397-59a1-8e96-925f297382a3,2025,9.296000000000001,pass,random_forest,11.913452716319545,2024,3
6bc52e10-146e-5657-86a7-a18757b656a6,2025,14.248571428571427,pass,random_forest,16.766457050564895,2024,3
74a040f9-d7fa-5d7f-b1db-635f481002ea,2025,6.784000000000001,pass,random_forest,11.519954684942622,2024,3
787ddae6-47c4-5245-84ff-c1d7d67a39a1,2025,8.1675,pass,random_forest,10.732835629908438,2024,3
79e06226-ecc0-5f69-8a91-109b9e055cde,2025,15.44,pass,random_forest,13.923404861243428,2024,3
8d5300d8-e939-50a0-ae30-6124af36ef5b,2025,11.385,pass,random_forest,11.896040601692357,2024,3
9253375f-b718-5d18-a6ae-2dfe39cf7cb8,2025,14.25,pass,random_forest,12.041744080074524,2024,3
9916d928-6327-5a7f-9ae1-1ec039c6cb21,2025,13.008000000000001,pass,random_forest,13.136945151462616,2024,3
9b030c9d-5325-5fdb-a8fa-a79631f2897c,2025,12.508571428571429,pass,random_forest,12.75933031946528,2024,3
abfaa351-4b53-5eaa-a304-9825243dc5cc,2025,10.528571428571428,pass,random_forest,14.04762258205583,2024,3
b4e9327d-f002-5f05-9a32-9b2fbbcd707f,2025,13.63,pass,random_forest,12.010938563366611,2024,3
c3254b64-83c1-515c-a106-e1fe1f2a000a,2025,19.7,pass,random_forest,13.670097853677682,2024,3
c63fef1b-16bd-5275-a03e-94cee125aaae,2025,13.2875,pass,random_forest,14.684954408888443,2024,3
ccda7d11-8596-5b2e-b55b-d640a79b3cc5,2025,13.42,pass,random_forest,15.738556599686751,2024,3
cd0167c0-d9ce-5180-856c-d26959a81941,2025,15.037500000000001,pass,random_forest,12.83188218653124,2024,3
d0e529e4-2d5e-58ec-b87d-1a32b8954539,2025,9.497142857142858,pass,random_forest,13.20739767943133,2024,3
d2153ba6-e2e9-5c06-b349-4e078b8b8f01,2025,16.810909090909092,pass,random_forest,11.291346269510246,2024,3
db0eda74-3c4b-5743-87c4-c93270f4edc1,2025,9.43,pass,random_forest,8.01508223362463,2024,3
dce82837-9b56-5207-babe-53cfac54eb70,2025,17.646666666666665,pass,random_forest,18.463720488524405,2024,3
ddf55e16-fa43-5d7e-92f4-f41e53fd6fb7,2025,9.607272727272727,pass,random_forest,10.140445167777216,2024,3
df8422ce-da76-5999-80be-a47aead4fc59,2025,6.888888888888889,pass,random_forest,12.983926512240776,2024,3
f2c783c7-afa9-5c55-bc99-1d0967346747,2025,13.185,pass,random_forest,12.691107091050903,2024,3
f9b1a774-f2ec-541c-870e-a4373e3cc9ca,2025,6.262222222222223,pass,random_forest,10.932925687015013,2024,3
006d6e97-5088-5763-9fce-72ff5ff45d7e,2017,10.24,pass,lightgbm,12.839573609004704,2016,0
06db6fd1-8f8b-599c-9f54-3360e7e3fccf,2017,13.017142857142858,pass,lightgbm,16.285815593587742,2016,0
070a032d-e19f-5afd-8aa2-5b49d2736619,2017,13.474666666666668,pass,lightgbm,16.968516696080766,2016,0
0e1c1cf3-a023-55da-9ef3-b52cbc04e1a1,2017,11.525333333333332,pass,lightgbm,14.48727097077439,2016,0
13cf76af-bac9-5c77-8d62-e2301ba490d9,2017,14.5,pass,lightgbm,13.517383130981829,2016,0
259d2b5d-f3b0-5389-a954-5e8bc03a3cb8,2017,9.834666666666665,pass,lightgbm,13.955306449457876,2016,0
34beb3fa-5005-5be2-b163-32949f96ec1b,2017,11.653333333333334,pass,lightgbm,13.350872222455678,2016,0
38cc56d5-c433-5c30-9189-2f328863acc0,2017,12.388571428571428,pass,lightgbm,16.55145178815463,2016,0
407d5713-2387-5d98-8bbe-faf956914733,2017,12.673333333333332,pass,lightgbm,12.733436202079009,2016,0
478368e9-1d81-51c1-9521-d705a1d2e055,2017,17.21066666666667,pass,lightgbm,10.583262199340997,2016,0
5944c982-aadb-5aa6-b8a1-809cc5e6fce1,2017,15.728000000000002,pass,lightgbm,15.240592435768813,2016,0
62fb4320-5510-54a8-8360-27a49422ad00,2017,8.11,pass,lightgbm,13.25183966353042,2016,0
74a040f9-d7fa-5d7f-b1db-635f481002ea,2017,8.485714285714286,pass,lightgbm,11.242185013796286,2016,0
805959bf-d59f-504f-abaa-98bcf0481637,2017,16.898666666666667,pass,lightgbm,17.497043440205903,2016,0
864ae232-4c8f-59b7-b3a2-92573d28ba86,2017,7.7,pass,lightgbm,9.94108675245074,2016,0
8d5300d8-e939-50a0-ae30-6124af36ef5b,2017,10.16,pass,lightgbm,14.17514861115069,2016,0
9419dec6-8187-5c2d-96ee-2d81a6dd891f,2017,14.808571428571428,pass,lightgbm,13.626320536655355,2016,0
9916d928-6327-5a7f-9ae1-1ec039c6cb21,2017,19.213333333333335,pass,lightgbm,18.971817608750104,2016,0
9b030c9d-5325-5fdb-a8fa-a79631f2897c,2017,15.96,pass,lightgbm,17.250468590013707,2016,0
9f08f3c3-af3e-508a-8b15-2cbfa4ad2f03,2017,19.91076923076923,pass,lightgbm,13.180058544793708,2016,0
ad6398f8-015a-5cb3-87d6-577b351ddcb9,2017,8.326666666666666,pass,lightgbm,10.169623054022253,2016,0
aefb525e-f3a6-50b7-b839-2e2e673aaa95,2017,16.778666666666666,pass,lightgbm,13.12787073572299,2016,0
b382165b-655f-5588-be0e-c46aacbbfe48,2017,9.488,pass,lightgbm,11.845639425022616,2016,0
b398cd14-cc10-5a9e-b105-45fc20809edf,2017,9.08,pass,lightgbm,10.970671597961402,2016,0
b4f0261b-58ea-51e6-8342-780b4f31418b,2017,18.965333333333334,pass,lightgbm,19.319571214490782,2016,0
b53cd9da-5302-5803-8dc0-c4cb4ec42927,2017,16.170666666666666,pass,lightgbm,19.479484627890674,2016,0
b64a8149-19c0-519e-8862-ca2dcf2afef4,2017,5.3,pass,lightgbm,10.265192053830933,2016,0
b744e4fc-9ec6-5815-8413-350c18a0aaf3,2017,13.744,pass,lightgbm,9.886360373461866,2016,0
bd52e3ef-9f48-5bcb-b3fb-89d563f3599a,2017,9.272,pass,lightgbm,12.426309997623765,2016,0
beb784d7-8af2-5381-873e-2287a37d4f37,2017,15.563636363636363,pass,lightgbm,16.019964544620212,2016,0
c346e7f8-fe06-57e2-a5a1-925e5c9e43ee,2017,14.151428571428571,pass,lightgbm,15.782116388293876,2016,0
e722f964-f5cb-5b3f-8060-65ba2101afe9,2017,17.890666666666668,pass,lightgbm,16.90772845761532,2016,0
e7e519e5-a3ec-546f-84c7-ac13364c9dde,2017,18.851428571428567,pass,lightgbm,10.04499344403205,2016,0
ebfd7c6e-7517-56e5-a516-3f390631c635,2017,11.772307692307693,pass,lightgbm,10.588004019276397,2016,0
f5534cc0-db92-53a4-b1a8-f2493702388b,2017,17.341333333333335,pass,lightgbm,16.902548008754135,2016,0
f911b2d2-de2b-56cb-8460-37ee3e9e8fdd,2017,11.528,pass,lightgbm,14.37729790447651,2016,0
fee7be21-ff73-5a39-948d-5ea1fc9b885e,2017,6.6000000000000005,pass,lightgbm,9.511169760642911,2016,0
070a032d-e19f-5afd-8aa2-5b49d2736619,2018,20.189333333333334,pass,lightgbm,15.575604014759891,2017,0
0e1c1cf3-a023-55da-9ef3-b52cbc04e1a1,2018,14.557142857142859,pass,lightgbm,12.726690473777637,2017,0
1ac267de-58c9-595e-bac0-858dfda9f6d4,2018,7.233333333333333,pass,lightgbm,11.631358973074747,2017,0
259d2b5d-f3b0-5389-a954-5e8bc03a3cb8,2018,14.733333333333333,pass,lightgbm,14.135853478306254,2017,0
26910920-a835-56ad-8cf6-43fbb1b551ad,2018,19.205,pass,lightgbm,12.156234476830756,2017,0
34beb3fa-5005-5be2-b163-32949f96ec1b,2018,10.994666666666667,pass,lightgbm,11.27113639068184,2017,0
38cc56d5-c433-5c30-9189-2f328863acc0,2018,12.861333333333334,pass,lightgbm,15.688845377842732,2017,0
3ebb992a-a3ca-5760-ba54-f9986c4a7e68,2018,10.096,pass,lightgbm,13.292520982879342,2017,0
478368e9-1d81-51c1-9521-d705a1d2e055,2018,18.304,pass,lightgbm,16.30737587324032,2017,0
5944c982-aadb-5aa6-b8a1-809cc5e6fce1,2018,11.829333333333333,pass,lightgbm,15.796643989209452,2017,0
6bc52e10-146e-5657-86a7-a18757b656a6,2018,26.442666666666664,pass,lightgbm,13.396140553921606,2017,0
7b4909e3-c8b2-5d03-9727-65629b87a53f,2018,21.088,pass,lightgbm,17.530071643374015,2017,0
805959bf-d59f-504f-abaa-98bcf0481637,2018,16.389333333333333,pass,lightgbm,14.577987944462215,2017,0
84499736-8ce6-5adb-8910-aee72924fd6d,2018,5.81,pass,lightgbm,9.539787417483916,2017,0
864ae232-4c8f-59b7-b3a2-92573d28ba86,2018,11.816,pass,lightgbm,13.164171595497635,2017,0
8d5300d8-e939-50a0-ae30-6124af36ef5b,2018,7.151428571428572,pass,lightgbm,12.05418641783669,2017,0
9253375f-b718-5d18-a6ae-2dfe39cf7cb8,2018,11.576666666666668,pass,lightgbm,10.82050123604266,2017,0
9419dec6-8187-5c2d-96ee-2d81a6dd891f,2018,11.394666666666668,pass,lightgbm,13.132368999554899,2017,0
9916d928-6327-5a7f-9ae1-1ec039c6cb21,2018,17.30933333333333,pass,lightgbm,18.495453129775914,2017,0
9b030c9d-5325-5fdb-a8fa-a79631f2897c,2018,17.642666666666667,pass,lightgbm,16.38430882313885,2017,0
9f08f3c3-af3e-508a-8b15-2cbfa4ad2f03,2018,17.08727272727273,pass,lightgbm,12.551582172937106,2017,0
aefb525e-f3a6-50b7-b839-2e2e673aaa95,2018,10.620000000000001,pass,lightgbm,13.19945946373575,2017,0
b4f0261b-58ea-51e6-8342-780b4f31418b,2018,16.813333333333333,pass,lightgbm,19.039573859837144,2017,0
b53cd9da-5302-5803-8dc0-c4cb4ec42927,2018,20.045333333333335,pass,lightgbm,18.701411058478676,2017,0
b744e4fc-9ec6-5815-8413-350c18a0aaf3,2018,11.534545454545453,pass,lightgbm,12.096128440485765,2017,0
b8bbd5f1-9354-57da-9dd9-25d2d87931a9,2018,16.17,pass,lightgbm,11.666063139570307,2017,0
beb784d7-8af2-5381-873e-2287a37d4f37,2018,13.288,pass,lightgbm,12.697823519798725,2017,0
c346e7f8-fe06-57e2-a5a1-925e5c9e43ee,2018,12.770666666666667,pass,lightgbm,15.308286821540609,2017,0
c63fef1b-16bd-5275-a03e-94cee125aaae,2018,16.073846153846155,pass,lightgbm,10.604714147334523,2017,0
ccda7d11-8596-5b2e-b55b-d640a79b3cc5,2018,5.345454545454545,pass,lightgbm,10.173532235644366,2017,0
d0494295-31eb-5518-8b54-6d71d50f02eb,2018,9.392,pass,lightgbm,12.215086657692288,2017,0
e46e7f4f-eda6-527e-b398-d5a52cd3fb47,2018,11.328,pass,lightgbm,12.822101269183289,2017,0
e722f964-f5cb-5b3f-8060-65ba2101afe9,2018,21.17866666666667,pass,lightgbm,16.38856122862956,2017,0
e7e519e5-a3ec-546f-84c7-ac13364c9dde,2018,14.549333333333333,pass,lightgbm,14.130973173942833,2017,0
f5534cc0-db92-53a4-b1a8-f2493702388b,2018,18.485333333333337,pass,lightgbm,16.277604153663745,2017,0
f911b2d2-de2b-56cb-8460-37ee3e9e8fdd,2018,15.14909090909091,pass,lightgbm,13.066423534758709,2017,0
fee7be21-ff73-5a39-948d-5ea1fc9b885e,2018,15.261538461538462,pass,lightgbm,12.926357260834905,2017,0
05e08afe-7d4d-5caf-8cbe-6f2682c270d6,2019,15.57818181818182,pass,lightgbm,10.34290930367463,2018,0
070a032d-e19f-5afd-8aa2-5b49d2736619,2019,16.50857142857143,pass,lightgbm,16.57700108202733,2018,0
0c370254-2acd-5345-a009-d0744ed3affe,2019,0.08000000000000002,pass,lightgbm,11.05426637849628,2018,0
13cf76af-bac9-5c77-8d62-e2301ba490d9,2019,15.181333333333333,pass,lightgbm,14.1001803321417,2018,0
1ac267de-58c9-595e-bac0-858dfda9f6d4,2019,18.072000000000003,pass,lightgbm,12.120628380378298,2018,0
259d2b5d-f3b0-5389-a954-5e8bc03a3cb8,2019,8.485,pass,lightgbm,12.183835133893623,2018,0
26910920-a835-56ad-8cf6-43fbb1b551ad,2019,12.553846153846155,pass,lightgbm,10.05186446212956,2018,0
34beb3fa-5005-5be2-b163-32949f96ec1b,2019,18.93066666666667,pass,lightgbm,13.64003401585379,2018,0
35d5ce2f-914c-5098-8b03-22f5a120ba0c,2019,11.089999999999998,pass,lightgbm,11.043620931097683,2018,0
38cc56d5-c433-5c30-9189-2f328863acc0,2019,14.420000000000002,pass,lightgbm,13.491103577613528,2018,0
478368e9-1d81-51c1-9521-d705a1d2e055,2019,14.917333333333334,pass,lightgbm,16.00987367402958,2018,0
5944c982-aadb-5aa6-b8a1-809cc5e6fce1,2019,21.62,pass,lightgbm,14.602167516121382,2018,0
63bb3342-b397-59a1-8e96-925f297382a3,2019,10.858666666666666,pass,lightgbm,13.292954864752357,2018,0
6bc52e10-146e-5657-86a7-a18757b656a6,2019,21.436666666666667,pass,lightgbm,18.1139426866118,2018,0
7f35b557-87ab-58c8-a8ca-50a990c9e541,2019,13.93,pass,lightgbm,9.446702412946971,2018,0
805959bf-d59f-504f-abaa-98bcf0481637,2019,16.538666666666668,pass,lightgbm,15.043390955167297,2018,0
84499736-8ce6-5adb-8910-aee72924fd6d,2019,1.1199999999999999,pass,lightgbm,9.679958433024979,2018,0
8d5300d8-e939-50a0-ae30-6124af36ef5b,2019,9.026666666666666,pass,lightgbm,11.870193525965368,2018,0
9253375f-b718-5d18-a6ae-2dfe39cf7cb8,2019,12.5,pass,lightgbm,14.027428137965801,2018,0
9419dec6-8187-5c2d-96ee-2d81a6dd891f,2019,15.413333333333334,pass,lightgbm,10.69563664660983,2018,0
9916d928-6327-5a7f-9ae1-1ec039c6cb21,2019,15.544,pass,lightgbm,18.451589025763784,2018,0
9b030c9d-5325-5fdb-a8fa-a79631f2897c,2019,15.874666666666666,pass,lightgbm,16.56679564690626,2018,0
9f08f3c3-af3e-508a-8b15-2cbfa4ad2f03,2019,15.666666666666666,pass,lightgbm,15.801207303397584,2018,0
b4f0261b-58ea-51e6-8342-780b4f31418b,2019,15.229333333333333,pass,lightgbm,19.040251664775,2018,0
b53cd9da-5302-5803-8dc0-c4cb4ec42927,2019,23.83555555555556,pass,lightgbm,19.32959513587807,2018,0
beb784d7-8af2-5381-873e-2287a37d4f37,2019,17.754666666666665,pass,lightgbm,15.569151723091345,2018,0
c346e7f8-fe06-57e2-a5a1-925e5c9e43ee,2019,13.568000000000001,pass,lightgbm,14.453503660434507,2018,0
c63fef1b-16bd-5275-a03e-94cee125aaae,2019,11.328,pass,lightgbm,15.888217973996456,2018,0
ccda7d11-8596-5b2e-b55b-d640a79b3cc5,2019,11.157333333333334,pass,lightgbm,11.989069499430428,2018,0
d2153ba6-e2e9-5c06-b349-4e078b8b8f01,2019,12.833846153846155,pass,lightgbm,11.69803534849334,2018,0
dbc808ad-2a1a-58cb-8c4a-d25251c207d0,2019,6.16,pass,lightgbm,9.991036386220282,2018,0
e3640a49-e4df-5e1d-a699-7c70108146cc,2019,13.156923076923077,pass,lightgbm,10.451870901812804,2018,0
e46e7f4f-eda6-527e-b398-d5a52cd3fb47,2019,16.176,pass,lightgbm,11.127579194986177,2018,0
e7e519e5-a3ec-546f-84c7-ac13364c9dde,2019,14.738666666666667,pass,lightgbm,15.130932515192194,2018,0
f5534cc0-db92-53a4-b1a8-f2493702388b,2019,14.624,pass,lightgbm,16.51208032187877,2018,0
f911b2d2-de2b-56cb-8460-37ee3e9e8fdd,2019,12.596666666666666,pass,lightgbm,12.882763889037264,2018,0
fee7be21-ff73-5a39-948d-5ea1fc9b885e,2019,11.529230769230768,pass,lightgbm,11.823042138144737,2018,0
05e08afe-7d4d-5caf-8cbe-6f2682c270d6,2020,7.12,pass,lightgbm,14.45739572240975,2019,0
070a032d-e19f-5afd-8aa2-5b49d2736619,2020,15.842666666666668,pass,lightgbm,16.267079711080257,2019,0
0c370254-2acd-5345-a009-d0744ed3affe,2020,2.6079999999999997,pass,lightgbm,11.182828057947232,2019,0
0e1c1cf3-a023-55da-9ef3-b52cbc04e1a1,2020,5.4,pass,lightgbm,13.005588739001274,2019,0
13cf76af-bac9-5c77-8d62-e2301ba490d9,2020,9.639999999999999,pass,lightgbm,14.231182563821198,2019,0
1ac267de-58c9-595e-bac0-858dfda9f6d4,2020,12.554285714285713,pass,lightgbm,14.763566672263153,2019,0
26910920-a835-56ad-8cf6-43fbb1b551ad,2020,13.67,pass,lightgbm,11.342915798796136,2019,0
34beb3fa-5005-5be2-b163-32949f96ec1b,2020,22.048,pass,lightgbm,16.78401498231682,2019,0
3d9dd7dc-b646-5af6-8a50-cb31a1d2a598,2020,18.525714285714287,pass,lightgbm,9.726823957534222,2019,0
478368e9-1d81-51c1-9521-d705a1d2e055,2020,14.338666666666667,pass,lightgbm,15.364792886641753,2019,0
5944c982-aadb-5aa6-b8a1-809cc5e6fce1,2020,15.425714285714287,pass,lightgbm,17.047834822956656,2019,0
63bb3342-b397-59a1-8e96-925f297382a3,2020,16.090666666666667,pass,lightgbm,15.56880143426022,2019,0
692ed3ce-f07d-5199-84d7-2a7b0f80a70e,2020,12.305714285714286,pass,lightgbm,13.616335090196628,2019,0
6bc52e10-146e-5657-86a7-a18757b656a6,2020,23.90666666666667,pass,lightgbm,17.813598152081763,2019,0
7f35b557-87ab-58c8-a8ca-50a990c9e541,2020,11.632727272727273,pass,lightgbm,12.91807645359006,2019,0
805959bf-d59f-504f-abaa-98bcf0481637,2020,19.016000000000002,pass,lightgbm,16.741104849476063,2019,0
9253375f-b718-5d18-a6ae-2dfe39cf7cb8,2020,6.152727272727273,pass,lightgbm,13.10400147637963,2019,0
9916d928-6327-5a7f-9ae1-1ec039c6cb21,2020,23.890666666666668,pass,lightgbm,18.051756663523275,2019,0
9b030c9d-5325-5fdb-a8fa-a79631f2897c,2020,17.571428571428573,pass,lightgbm,14.57886881088483,2019,0
9f08f3c3-af3e-508a-8b15-2cbfa4ad2f03,2020,8.816666666666666,pass,lightgbm,15.202592905589979,2019,0
abfaa351-4b53-5eaa-a304-9825243dc5cc,2020,10.72,pass,lightgbm,10.041646985661878,2019,0
aefb525e-f3a6-50b7-b839-2e2e673aaa95,2020,6.828571428571429,pass,lightgbm,11.398137752143068,2019,0
b4f0261b-58ea-51e6-8342-780b4f31418b,2020,20.890666666666668,pass,lightgbm,17.67394682664194,2019,0
b53cd9da-5302-5803-8dc0-c4cb4ec42927,2020,18.66,pass,lightgbm,18.979638441316105,2019,0
b8bbd5f1-9354-57da-9dd9-25d2d87931a9,2020,11.385,pass,lightgbm,11.525055317463886,2019,0
c346e7f8-fe06-57e2-a5a1-925e5c9e43ee,2020,17.225714285714286,pass,lightgbm,13.190560321349242,2019,0
c63fef1b-16bd-5275-a03e-94cee125aaae,2020,14.912,pass,lightgbm,12.89943990596768,2019,0
ccda7d11-8596-5b2e-b55b-d640a79b3cc5,2020,20.78666666666667,pass,lightgbm,12.563640173699316,2019,0
dbc808ad-2a1a-58cb-8c4a-d25251c207d0,2020,7.08,pass,lightgbm,9.945753464938061,2019,0
dce82837-9b56-5207-babe-53cfac54eb70,2020,13.752,pass,lightgbm,12.892222159779323,2019,0
e3640a49-e4df-5e1d-a699-7c70108146cc,2020,15.151111111111113,pass,lightgbm,13.609559036425175,2019,0
e46e7f4f-eda6-527e-b398-d5a52cd3fb47,2020,18.074666666666666,pass,lightgbm,12.210429109896666,2019,0
e722f964-f5cb-5b3f-8060-65ba2101afe9,2020,19.27466666666667,pass,lightgbm,16.181438886650426,2019,0
e7e519e5-a3ec-546f-84c7-ac13364c9dde,2020,18.688,pass,lightgbm,16.704815688436476,2019,0
f2c783c7-afa9-5c55-bc99-1d0967346747,2020,13.059999999999999,pass,lightgbm,10.44042966357867,2019,0
f5534cc0-db92-53a4-b1a8-f2493702388b,2020,15.946666666666665,pass,lightgbm,15.291984453219321,2019,0
fee7be21-ff73-5a39-948d-5ea1fc9b885e,2020,15.14,pass,lightgbm,10.387725715789763,2019,0
05e08afe-7d4d-5caf-8cbe-6f2682c270d6,2021,10.374545454545455,pass,lightgbm,13.09204652176661,2020,0
070a032d-e19f-5afd-8aa2-5b49d2736619,2021,11.88,pass,lightgbm,15.613316045412452,2020,0
0c370254-2acd-5345-a009-d0744ed3affe,2021,2.803636363636364,pass,lightgbm,9.898643765543575,2020,0
11092b99-31c6-504d-8390-0def87d4a8d5,2021,13.189333333333334,pass,lightgbm,12.002942224870488,2020,0
13cf76af-bac9-5c77-8d62-e2301ba490d9,2021,13.76857142857143,pass,lightgbm,12.514685294211645,2020,0
1ac267de-58c9-595e-bac0-858dfda9f6d4,2021,12.32727272727273,pass,lightgbm,12.014964616532628,2020,0
34beb3fa-5005-5be2-b163-32949f96ec1b,2021,19.077333333333332,pass,lightgbm,18.68743459489962,2020,0
3d9dd7dc-b646-5af6-8a50-cb31a1d2a598,2021,19.515,pass,lightgbm,18.899516701616466,2020,0
45d0654b-4331-56ce-a016-514e89fc38f1,2021,11.197333333333335,pass,lightgbm,11.549585879427477,2020,0
478368e9-1d81-51c1-9521-d705a1d2e055,2021,12.021538461538462,pass,lightgbm,13.109041590510117,2020,0
5944c982-aadb-5aa6-b8a1-809cc5e6fce1,2021,20.495,pass,lightgbm,16.218407355003805,2020,0
63bb3342-b397-59a1-8e96-925f297382a3,2021,16.606153846153845,pass,lightgbm,16.507423377165775,2020,0
692ed3ce-f07d-5199-84d7-2a7b0f80a70e,2021,12.077142857142858,pass,lightgbm,11.895139040125768,2020,0
6bc52e10-146e-5657-86a7-a18757b656a6,2021,19.61,pass,lightgbm,18.762460272170518,2020,0
74a040f9-d7fa-5d7f-b1db-635f481002ea,2021,6.128,pass,lightgbm,11.230851732817221,2020,0
805959bf-d59f-504f-abaa-98bcf0481637,2021,14.153846153846153,pass,lightgbm,18.98421109928866,2020,0
88147e8e-3779-500e-b561-1a75ebac4651,2021,6.44,pass,lightgbm,13.140314938556445,2020,0
9253375f-b718-5d18-a6ae-2dfe39cf7cb8,2021,6.665454545454546,pass,lightgbm,12.764777047807144,2020,0
9916d928-6327-5a7f-9ae1-1ec039c6cb21,2021,20.205333333333332,pass,lightgbm,18.987918423114746,2020,0
9b030c9d-5325-5fdb-a8fa-a79631f2897c,2021,18.389333333333337,pass,lightgbm,16.244986714017035,2020,0
9f08f3c3-af3e-508a-8b15-2cbfa4ad2f03,2021,14.445,pass,lightgbm,12.701631374495737,2020,0
abfaa351-4b53-5eaa-a304-9825243dc5cc,2021,12.74909090909091,pass,lightgbm,13.633008485709844,2020,0
b4e9327d-f002-5f05-9a32-9b2fbbcd707f,2021,7.7325,pass,lightgbm,13.40692204971928,2020,0
b4f0261b-58ea-51e6-8342-780b4f31418b,2021,23.0375,pass,lightgbm,19.55711016695261,2020,0
beb784d7-8af2-5381-873e-2287a37d4f37,2021,15.426666666666668,pass,lightgbm,11.89639315706525,2020,0
c346e7f8-fe06-57e2-a5a1-925e5c9e43ee,2021,14.545,pass,lightgbm,15.203350951705717,2020,0
c63fef1b-16bd-5275-a03e-94cee125aaae,2021,9.885714285714286,pass,lightgbm,13.672889646843506,2020,0
ccda7d11-8596-5b2e-b55b-d640a79b3cc5,2021,17.92,pass,lightgbm,18.521467334901175,2020,0
d2153ba6-e2e9-5c06-b349-4e078b8b8f01,2021,8.22,pass,lightgbm,11.802818995376843,2020,0
dce82837-9b56-5207-babe-53cfac54eb70,2021,17.965,pass,lightgbm,15.712784031889386,2020,0
e46e7f4f-eda6-527e-b398-d5a52cd3fb47,2021,9.43,pass,lightgbm,15.399422783838379,2020,0
e722f964-f5cb-5b3f-8060-65ba2101afe9,2021,12.789333333333333,pass,lightgbm,16.810498531914803,2020,0
f2c783c7-afa9-5c55-bc99-1d0967346747,2021,10.917333333333334,pass,lightgbm,12.596123872732905,2020,0
f911b2d2-de2b-56cb-8460-37ee3e9e8fdd,2021,10.408,pass,lightgbm,12.947348472507459,2020,0
f9b1a774-f2ec-541c-870e-a4373e3cc9ca,2021,4.854545454545455,pass,lightgbm,11.441693490260697,2020,0
05d1fee5-084f-5fbd-a509-fe8c23fdc978,2022,4.664,pass,lightgbm,10.603307598401463,2021,0
05e08afe-7d4d-5caf-8cbe-6f2682c270d6,2022,9.45,pass,lightgbm,11.449996379270148,2021,0
070a032d-e19f-5afd-8aa2-5b49d2736619,2022,10.94,pass,lightgbm,14.34033634220594,2021,0
11092b99-31c6-504d-8390-0def87d4a8d5,2022,9.97,pass,lightgbm,12.802932529134523,2021,0
13cf76af-bac9-5c77-8d62-e2301ba490d9,2022,15.124,pass,lightgbm,13.340950429055438,2021,0
1ac267de-58c9-595e-bac0-858dfda9f6d4,2022,12.476363636363637,pass,lightgbm,12.899282548589337,2021,0
21abb04f-3faa-5349-a5e7-44ae9d017d41,2022,9.200000000000001,pass,lightgbm,12.935686006649856,2021,0
2b55d8bd-541c-5cc7-88bf-9d21dd7691ff,2022,4.3,pass,lightgbm,10.750987021321977,2021,0
34beb3fa-5005-5be2-b163-32949f96ec1b,2022,15.752727272727272,pass,lightgbm,18.445829803845267,2021,0
3d9dd7dc-b646-5af6-8a50-cb31a1d2a598,2022,15.102500000000001,pass,lightgbm,18.55234377899884,2021,0
45d0654b-4331-56ce-a016-514e89fc38f1,2022,11.484444444444444,pass,lightgbm,12.043954408047103,2021,0
478368e9-1d81-51c1-9521-d705a1d2e055,2022,17.66,pass,lightgbm,13.79708020928239,2021,0
47c508de-ee91-5f11-9d62-8e2f9db32ae1,2022,15.6725,pass,lightgbm,10.866147451870013,2021,0
5944c982-aadb-5aa6-b8a1-809cc5e6fce1,2022,9.942222222222222,pass,lightgbm,16.701597579350853,2021,0
63bb3342-b397-59a1-8e96-925f297382a3,2022,12.736,pass,lightgbm,16.48816558077642,2021,0
6bc52e10-146e-5657-86a7-a18757b656a6,2022,22.995,pass,lightgbm,18.39621356351034,2021,0
805959bf-d59f-504f-abaa-98bcf0481637,2022,8.76,pass,lightgbm,18.29679809158255,2021,0
88147e8e-3779-500e-b561-1a75ebac4651,2022,6.946666666666667,pass,lightgbm,11.261366108928879,2021,0
8d5300d8-e939-50a0-ae30-6124af36ef5b,2022,9.05846153846154,pass,lightgbm,11.193768303875641,2021,0
9253375f-b718-5d18-a6ae-2dfe39cf7cb8,2022,14.0,pass,lightgbm,11.371877855157647,2021,0
9916d928-6327-5a7f-9ae1-1ec039c6cb21,2022,13.2875,pass,lightgbm,18.63023566208344,2021,0
9b030c9d-5325-5fdb-a8fa-a79631f2897c,2022,15.3675,pass,lightgbm,17.73241210828953,2021,0
9d57fdbe-f058-5fa6-af0e-01265f3fe7d0,2022,10.448,pass,lightgbm,11.800078268295668,2021,0
9f08f3c3-af3e-508a-8b15-2cbfa4ad2f03,2022,10.524999999999999,pass,lightgbm,11.738574389120823,2021,0
abfaa351-4b53-5eaa-a304-9825243dc5cc,2022,19.543333333333333,pass,lightgbm,12.302859334434542,2021,0
b4e9327d-f002-5f05-9a32-9b2fbbcd707f,2022,14.8775,pass,lightgbm,12.27311047824218,2021,0
b4f0261b-58ea-51e6-8342-780b4f31418b,2022,16.9625,pass,lightgbm,19.13669994292263,2021,0
c346e7f8-fe06-57e2-a5a1-925e5c9e43ee,2022,13.858666666666666,pass,lightgbm,15.535064413964141,2021,0
c63fef1b-16bd-5275-a03e-94cee125aaae,2022,7.785454545454545,pass,lightgbm,12.34903501179872,2021,0
ccda7d11-8596-5b2e-b55b-d640a79b3cc5,2022,18.277333333333335,pass,lightgbm,18.11171071817678,2021,0
d2153ba6-e2e9-5c06-b349-4e078b8b8f01,2022,11.756363636363636,pass,lightgbm,10.376238721677431,2021,0
dbddf1a9-f4f2-58d9-b145-32dd70ec0394,2022,6.941818181818181,pass,lightgbm,10.41019875998925,2021,0
dce82837-9b56-5207-babe-53cfac54eb70,2022,18.96,pass,lightgbm,17.45754578192382,2021,0
e46e7f4f-eda6-527e-b398-d5a52cd3fb47,2022,10.203333333333335,pass,lightgbm,12.34664251885397,2021,0
e7e519e5-a3ec-546f-84c7-ac13364c9dde,2022,8.175999999999998,pass,lightgbm,9.982372141813116,2021,0
f2c783c7-afa9-5c55-bc99-1d0967346747,2022,14.848571428571429,pass,lightgbm,12.528669177914537,2021,0
f911b2d2-de2b-56cb-8460-37ee3e9e8fdd,2022,11.692307692307692,pass,lightgbm,13.285822731141058,2021,0
f9b1a774-f2ec-541c-870e-a4373e3cc9ca,2022,6.5120000000000005,pass,lightgbm,9.907733228942366,2021,0
fee7be21-ff73-5a39-948d-5ea1fc9b885e,2022,7.011428571428572,pass,lightgbm,11.06349396316507,2021,0
05e08afe-7d4d-5caf-8cbe-6f2682c270d6,2023,1.2720000000000002,pass,lightgbm,12.021628781668547,2022,0
11092b99-31c6-504d-8390-0def87d4a8d5,2023,8.163636363636364,pass,lightgbm,10.774297246459755,2022,0
13cf76af-bac9-5c77-8d62-e2301ba490d9,2023,8.866666666666667,pass,lightgbm,12.771768180649422,2022,0
1ac267de-58c9-595e-bac0-858dfda9f6d4,2023,13.695,pass,lightgbm,12.749947482875221,2022,0
1e3d359a-7008-5ebd-ac11-015d52bf3e12,2023,15.768571428571429,pass,lightgbm,10.806569843289045,2022,0
221f2f3d-914f-57ed-915e-e088de1901cb,2023,9.709999999999999,pass,lightgbm,9.262152855759725,2022,0
23c337f1-377c-5dc2-b5f1-e12efcdf1755,2023,5.888000000000001,pass,lightgbm,10.454773943456226,2022,0
34beb3fa-5005-5be2-b163-32949f96ec1b,2023,17.5925,pass,lightgbm,17.296782956348352,2022,0
3d9dd7dc-b646-5af6-8a50-cb31a1d2a598,2023,14.412307692307694,pass,lightgbm,18.043553883264664,2022,0
402eabea-209d-5bae-93ea-ad5e22d373d5,2023,8.463333333333333,pass,lightgbm,8.334978140787769,2022,0
45d0654b-4331-56ce-a016-514e89fc38f1,2023,8.92,pass,lightgbm,10.350509343249774,2022,0
478368e9-1d81-51c1-9521-d705a1d2e055,2023,16.325,pass,lightgbm,15.183059325829493,2022,0
47c508de-ee91-5f11-9d62-8e2f9db32ae1,2023,13.028571428571428,pass,lightgbm,15.487329578375807,2022,0
5944c982-aadb-5aa6-b8a1-809cc5e6fce1,2023,15.44,pass,lightgbm,13.626508255603802,2022,0
63bb3342-b397-59a1-8e96-925f297382a3,2023,11.354285714285714,pass,lightgbm,10.478381897788573,2022,0
6bc52e10-146e-5657-86a7-a18757b656a6,2023,15.832500000000001,pass,lightgbm,18.09419426849404,2022,0
79e06226-ecc0-5f69-8a91-109b9e055cde,2023,15.8575,pass,lightgbm,11.703389052198386,2022,0
7ff22629-b2b9-58c7-b56d-8eea3366f94e,2023,9.8575,pass,lightgbm,10.39432198254024,2022,0
805959bf-d59f-504f-abaa-98bcf0481637,2023,12.92,pass,lightgbm,12.055237966897854,2022,0
9b030c9d-5325-5fdb-a8fa-a79631f2897c,2023,20.03,pass,lightgbm,17.38594878031222,2022,0
abfaa351-4b53-5eaa-a304-9825243dc5cc,2023,17.0025,pass,lightgbm,13.42353720636858,2022,0
b2cb3f71-0ccd-58f3-8934-7b675a216972,2023,9.008000000000001,pass,lightgbm,8.37315729130385,2022,0
b4e9327d-f002-5f05-9a32-9b2fbbcd707f,2023,12.496,pass,lightgbm,14.456254724002678,2022,0
c3254b64-83c1-515c-a106-e1fe1f2a000a,2023,17.575,pass,lightgbm,10.939714105397679,2022,0
c346e7f8-fe06-57e2-a5a1-925e5c9e43ee,2023,13.16,pass,lightgbm,13.334454461961458,2022,0
c63fef1b-16bd-5275-a03e-94cee125aaae,2023,15.1425,pass,lightgbm,10.43788593273082,2022,0
ccda7d11-8596-5b2e-b55b-d640a79b3cc5,2023,15.2425,pass,lightgbm,18.09982388242446,2022,0
dbddf1a9-f4f2-58d9-b145-32dd70ec0394,2023,7.181818181818182,pass,lightgbm,11.345417075117677,2022,0
dce82837-9b56-5207-babe-53cfac54eb70,2023,13.436000000000002,pass,lightgbm,17.955288197949937,2022,0
df9c20f9-8747-55fa-ae71-b580aa4727ea,2023,8.735384615384616,pass,lightgbm,8.90594566889964,2022,0
e3640a49-e4df-5e1d-a699-7c70108146cc,2023,10.968571428571428,pass,lightgbm,10.751256741404466,2022,0
e46e7f4f-eda6-527e-b398-d5a52cd3fb47,2023,3.24,pass,lightgbm,11.813800152772995,2022,0
e7e519e5-a3ec-546f-84c7-ac13364c9dde,2023,11.280000000000001,pass,lightgbm,12.816867349684012,2022,0
f2c783c7-afa9-5c55-bc99-1d0967346747,2023,13.07,pass,lightgbm,12.438229013503882,2022,0
f9b1a774-f2ec-541c-870e-a4373e3cc9ca,2023,10.046666666666667,pass,lightgbm,11.842430029553869,2022,0
fee7be21-ff73-5a39-948d-5ea1fc9b885e,2023,6.890000000000001,pass,lightgbm,12.437130336402333,2022,0
05e08afe-7d4d-5caf-8cbe-6f2682c270d6,2024,7.9799999999999995,pass,lightgbm,10.20711540049424,2023,0
11092b99-31c6-504d-8390-0def87d4a8d5,2024,9.680000000000001,pass,lightgbm,10.684782813286313,2023,0
19955737-99cd-505f-88b8-2bdbeb246712,2024,9.7325,pass,lightgbm,12.308940243265669,2023,0
1ac267de-58c9-595e-bac0-858dfda9f6d4,2024,20.262500000000003,pass,lightgbm,12.590280495660755,2023,0
1e3d359a-7008-5ebd-ac11-015d52bf3e12,2024,10.505,pass,lightgbm,16.394149953049702,2023,0
221f2f3d-914f-57ed-915e-e088de1901cb,2024,8.564444444444444,pass,lightgbm,12.00838903948601,2023,0
23c337f1-377c-5dc2-b5f1-e12efcdf1755,2024,8.901818181818182,pass,lightgbm,8.676671038233861,2023,0
259d2b5d-f3b0-5389-a954-5e8bc03a3cb8,2024,14.646666666666668,pass,lightgbm,10.489382661640285,2023,0
34beb3fa-5005-5be2-b163-32949f96ec1b,2024,12.39,pass,lightgbm,17.794303783744883,2023,0
3d9dd7dc-b646-5af6-8a50-cb31a1d2a598,2024,12.56,pass,lightgbm,13.051224293673664,2023,0
478368e9-1d81-51c1-9521-d705a1d2e055,2024,19.8075,pass,lightgbm,15.69468148927618,2023,0
47c508de-ee91-5f11-9d62-8e2f9db32ae1,2024,10.9925,pass,lightgbm,11.384499285886749,2023,0
4e03bbdc-d05e-5e4e-9a6b-a8acf3c6430e,2024,11.424,pass,lightgbm,10.5171725047107,2023,0
54ab1d88-12aa-569b-be63-bbf531c9a5ef,2024,7.172,pass,lightgbm,11.375783335604075,2023,0
5944c982-aadb-5aa6-b8a1-809cc5e6fce1,2024,13.030000000000001,pass,lightgbm,15.248359584446463,2023,0
63bb3342-b397-59a1-8e96-925f297382a3,2024,11.21,pass,lightgbm,13.24456075852667,2023,0
648a438e-7b9e-5d04-b2aa-9188b13b2542,2024,10.26,pass,lightgbm,9.693900533641411,2023,0
6bc52e10-146e-5657-86a7-a18757b656a6,2024,14.5075,pass,lightgbm,17.44214432307456,2023,0
79e06226-ecc0-5f69-8a91-109b9e055cde,2024,15.914285714285715,pass,lightgbm,16.115373917703938,2023,0
7f35b557-87ab-58c8-a8ca-50a990c9e541,2024,10.99,pass,lightgbm,10.107030709410159,2023,0
805959bf-d59f-504f-abaa-98bcf0481637,2024,13.236,pass,lightgbm,11.833758539493537,2023,0
9253375f-b718-5d18-a6ae-2dfe39cf7cb8,2024,17.1325,pass,lightgbm,10.204715152570714,2023,0
9916d928-6327-5a7f-9ae1-1ec039c6cb21,2024,13.0575,pass,lightgbm,16.350558272748888,2023,0
9b030c9d-5325-5fdb-a8fa-a79631f2897c,2024,12.522857142857143,pass,lightgbm,16.834231456071002,2023,0
9d57fdbe-f058-5fa6-af0e-01265f3fe7d0,2024,12.408888888888889,pass,lightgbm,11.027120891538,2023,0
a5efc43f-7911-5ff3-bcc0-def8b7be0172,2024,10.771428571428572,pass,lightgbm,10.087533350600788,2023,0
abfaa351-4b53-5eaa-a304-9825243dc5cc,2024,16.243636363636366,pass,lightgbm,15.848082046005418,2023,0
b4e9327d-f002-5f05-9a32-9b2fbbcd707f,2024,11.906666666666666,pass,lightgbm,12.402068763626291,2023,0
beb784d7-8af2-5381-873e-2287a37d4f37,2024,14.217142857142857,pass,lightgbm,9.556352849156585,2023,0
c3254b64-83c1-515c-a106-e1fe1f2a000a,2024,13.637333333333334,pass,lightgbm,15.236161954940588,2023,0
c346e7f8-fe06-57e2-a5a1-925e5c9e43ee,2024,14.280000000000001,pass,lightgbm,13.143954093630967,2023,0
c63fef1b-16bd-5275-a03e-94cee125aaae,2024,18.9475,pass,lightgbm,13.361808882060597,2023,0
ccda7d11-8596-5b2e-b55b-d640a79b3cc5,2024,16.64,pass,lightgbm,15.76881956290246,2023,0
cd0167c0-d9ce-5180-856c-d26959a81941,2024,13.51,pass,lightgbm,10.465422422275802,2023,0
d0e529e4-2d5e-58ec-b87d-1a32b8954539,2024,13.730666666666668,pass,lightgbm,11.073945223668183,2023,0
d2153ba6-e2e9-5c06-b349-4e078b8b8f01,2024,3.8533333333333335,pass,lightgbm,11.430513716956723,2023,0
db0eda74-3c4b-5743-87c4-c93270f4edc1,2024,4.680000000000001,pass,lightgbm,9.720562522622208,2023,0
dce82837-9b56-5207-babe-53cfac54eb70,2024,21.665,pass,lightgbm,16.449250454550914,2023,0
e3640a49-e4df-5e1d-a699-7c70108146cc,2024,7.651999999999999,pass,lightgbm,11.875113107224275,2023,0
e7e519e5-a3ec-546f-84c7-ac13364c9dde,2024,4.56,pass,lightgbm,11.166984571966932,2023,0
f2c783c7-afa9-5c55-bc99-1d0967346747,2024,11.334285714285715,pass,lightgbm,11.636403960966147,2023,0
f911b2d2-de2b-56cb-8460-37ee3e9e8fdd,2024,11.312000000000001,pass,lightgbm,11.198533574396478,2023,0
f9b1a774-f2ec-541c-870e-a4373e3cc9ca,2024,8.706666666666667,pass,lightgbm,10.729871024826386,2023,0
05e08afe-7d4d-5caf-8cbe-6f2682c270d6,2025,15.22,pass,lightgbm,10.480569502119307,2024,0
11092b99-31c6-504d-8390-0def87d4a8d5,2025,15.754999999999999,pass,lightgbm,11.788633074015012,2024,0
19955737-99cd-505f-88b8-2bdbeb246712,2025,15.012500000000001,pass,lightgbm,12.511090527380917,2024,0
1ac267de-58c9-595e-bac0-858dfda9f6d4,2025,12.127272727272727,pass,lightgbm,16.051372857003415,2024,0
1e3d359a-7008-5ebd-ac11-015d52bf3e12,2025,13.81,pass,lightgbm,13.228785630080582,2024,0
21270a48-2c80-5b91-b05c-ee7bf19df53d,2025,11.80888888888889,pass,lightgbm,12.214493403124216,2024,0
21abb04f-3faa-5349-a5e7-44ae9d017d41,2025,12.31,pass,lightgbm,10.458539371002882,2024,0
23c337f1-377c-5dc2-b5f1-e12efcdf1755,2025,11.453333333333335,pass,lightgbm,9.73145629734616,2024,0
259d2b5d-f3b0-5389-a954-5e8bc03a3cb8,2025,13.904,pass,lightgbm,12.353680748372994,2024,0
2e3787a6-b1ba-5d9f-9a61-8f79048010ff,2025,10.555555555555555,pass,lightgbm,9.691766429570265,2024,0
34beb3fa-5005-5be2-b163-32949f96ec1b,2025,17.7675,pass,lightgbm,15.689322732649641,2024,0
3d9dd7dc-b646-5af6-8a50-cb31a1d2a598,2025,12.8175,pass,lightgbm,14.806405234803776,2024,0
3f84e8f1-fa59-519f-8069-0885da369954,2025,8.6,pass,lightgbm,9.745640515223355,2024,0
444c96a9-dd23-5918-b283-37b9ce8ded40,2025,7.222857142857143,pass,lightgbm,9.708383530227403,2024,0
478368e9-1d81-51c1-9521-d705a1d2e055,2025,18.0825,pass,lightgbm,15.880165496375358,2024,0
47c508de-ee91-5f11-9d62-8e2f9db32ae1,2025,8.533333333333333,pass,lightgbm,12.219708250194689,2024,0
4e03bbdc-d05e-5e4e-9a6b-a8acf3c6430e,2025,16.0075,pass,lightgbm,11.505510464331003,2024,0
5944c982-aadb-5aa6-b8a1-809cc5e6fce1,2025,22.245,pass,lightgbm,13.605441029435552,2024,0
5ac63d55-0f02-5097-9962-595dcede5e49,2025,8.82,pass,lightgbm,9.84539297497568,2024,0
63bb3342-b397-59a1-8e96-925f297382a3,2025,9.296000000000001,pass,lightgbm,12.616097494786212,2024,0
6bc52e10-146e-5657-86a7-a18757b656a6,2025,14.248571428571427,pass,lightgbm,17.05689264830504,2024,0
74a040f9-d7fa-5d7f-b1db-635f481002ea,2025,6.784000000000001,pass,lightgbm,11.36832293824188,2024,0
787ddae6-47c4-5245-84ff-c1d7d67a39a1,2025,8.1675,pass,lightgbm,10.586350182686099,2024,0
79e06226-ecc0-5f69-8a91-109b9e055cde,2025,15.44,pass,lightgbm,13.088683942048423,2024,0
8d5300d8-e939-50a0-ae30-6124af36ef5b,2025,11.385,pass,lightgbm,12.056905182947903,2024,0
9253375f-b718-5d18-a6ae-2dfe39cf7cb8,2025,14.25,pass,lightgbm,11.657780292977233,2024,0
9916d928-6327-5a7f-9ae1-1ec039c6cb21,2025,13.008000000000001,pass,lightgbm,13.547847610486498,2024,0
9b030c9d-5325-5fdb-a8fa-a79631f2897c,2025,12.508571428571429,pass,lightgbm,12.311776419800209,2024,0
abfaa351-4b53-5eaa-a304-9825243dc5cc,2025,10.528571428571428,pass,lightgbm,13.867904918121393,2024,0
b4e9327d-f002-5f05-9a32-9b2fbbcd707f,2025,13.63,pass,lightgbm,12.374771797334557,2024,0
c3254b64-83c1-515c-a106-e1fe1f2a000a,2025,19.7,pass,lightgbm,13.99240012759369,2024,0
c63fef1b-16bd-5275-a03e-94cee125aaae,2025,13.2875,pass,lightgbm,14.238993399014017,2024,0
ccda7d11-8596-5b2e-b55b-d640a79b3cc5,2025,13.42,pass,lightgbm,16.053245006090666,2024,0
cd0167c0-d9ce-5180-856c-d26959a81941,2025,15.037500000000001,pass,lightgbm,12.241321006985611,2024,0
d0e529e4-2d5e-58ec-b87d-1a32b8954539,2025,9.497142857142858,pass,lightgbm,12.640255428784375,2024,0
d2153ba6-e2e9-5c06-b349-4e078b8b8f01,2025,16.810909090909092,pass,lightgbm,10.871584146365466,2024,0
db0eda74-3c4b-5743-87c4-c93270f4edc1,2025,9.43,pass,lightgbm,8.874509076015972,2024,0
dce82837-9b56-5207-babe-53cfac54eb70,2025,17.646666666666665,pass,lightgbm,18.09202416537983,2024,0
ddf55e16-fa43-5d7e-92f4-f41e53fd6fb7,2025,9.607272727272727,pass,lightgbm,10.91095391800256,2024,0
df8422ce-da76-5999-80be-a47aead4fc59,2025,6.888888888888889,pass,lightgbm,13.899781407340148,2024,0
f2c783c7-afa9-5c55-bc99-1d0967346747,2025,13.185,pass,lightgbm,11.967292224729395,2024,0
f9b1a774-f2ec-541c-870e-a4373e3cc9ca,2025,6.262222222222223,pass,lightgbm,11.37770732446504,2024,0
006d6e97-5088-5763-9fce-72ff5ff45d7e,2017,0.2,rush,lasso,1.1618785024779064,2016,2
06db6fd1-8f8b-599c-9f54-3360e7e3fccf,2017,0.17142857142857146,rush,lasso,0.5079479724540497,2016,2
070a032d-e19f-5afd-8aa2-5b49d2736619,2017,0.86,rush,lasso,0.9112397617877166,2016,2
0e1c1cf3-a023-55da-9ef3-b52cbc04e1a1,2017,7.433333333333334,rush,lasso,4.267459583946549,2016,2
13cf76af-bac9-5c77-8d62-e2301ba490d9,2017,1.95,rush,lasso,1.3055531782558023,2016,2
259d2b5d-f3b0-5389-a954-5e8bc03a3cb8,2017,0.8266666666666667,rush,lasso,1.3629714197928522,2016,2
34beb3fa-5005-5be2-b163-32949f96ec1b,2017,5.073333333333333,rush,lasso,3.0444318271923083,2016,2
38cc56d5-c433-5c30-9189-2f328863acc0,2017,0.7142857142857143,rush,lasso,0.5080657127126482,2016,2
407d5713-2387-5d98-8bbe-faf956914733,2017,0.25833333333333336,rush,lasso,1.6067618252803442,2016,2
478368e9-1d81-51c1-9521-d705a1d2e055,2017,0.8066666666666666,rush,lasso,1.2736412278353841,2016,2
5944c982-aadb-5aa6-b8a1-809cc5e6fce1,2017,0.6400000000000001,rush,lasso,1.7873294753924351,2016,2
62fb4320-5510-54a8-8360-27a49422ad00,2017,0.225,rush,lasso,0.8221627388079058,2016,2
74a040f9-d7fa-5d7f-b1db-635f481002ea,2017,4.8,rush,lasso,4.935354832536271,2016,2
805959bf-d59f-504f-abaa-98bcf0481637,2017,5.066666666666666,rush,lasso,3.2765941963705543,2016,2
864ae232-4c8f-59b7-b3a2-92573d28ba86,2017,5.766666666666667,rush,lasso,2.0424152597793546,2016,2
8d5300d8-e939-50a0-ae30-6124af36ef5b,2017,3.2538461538461543,rush,lasso,2.9276642194442877,2016,2
9419dec6-8187-5c2d-96ee-2d81a6dd891f,2017,1.6428571428571428,rush,lasso,1.0360955776737732,2016,2
9916d928-6327-5a7f-9ae1-1ec039c6cb21,2017,2.1,rush,lasso,2.6534207919400723,2016,2
9b030c9d-5325-5fdb-a8fa-a79631f2897c,2017,2.513333333333333,rush,lasso,1.59172331509877,2016,2
9f08f3c3-af3e-508a-8b15-2cbfa4ad2f03,2017,2.3000000000000003,rush,lasso,2.1285857484384954,2016,2
ad6398f8-015a-5cb3-87d6-577b351ddcb9,2017,0.03333333333333334,rush,lasso,1.2539776521044605,2016,2
aefb525e-f3a6-50b7-b839-2e2e673aaa95,2017,2.8333333333333335,rush,lasso,2.7447348652324526,2016,2
b382165b-655f-5588-be0e-c46aacbbfe48,2017,1.54,rush,lasso,0.6329205450018764,2016,2
b398cd14-cc10-5a9e-b105-45fc20809edf,2017,0.1,rush,lasso,1.103087431436652,2016,2
b4f0261b-58ea-51e6-8342-780b4f31418b,2017,0.18666666666666668,rush,lasso,0.712053054570339,2016,2
b53cd9da-5302-5803-8dc0-c4cb4ec42927,2017,1.0,rush,lasso,0.6897064916699356,2016,2
b64a8149-19c0-519e-8862-ca2dcf2afef4,2017,5.057142857142857,rush,lasso,3.3359375361935664,2016,2
b744e4fc-9ec6-5815-8413-350c18a0aaf3,2017,3.02,rush,lasso,2.5204978900264865,2016,2
bd52e3ef-9f48-5bcb-b3fb-89d563f3599a,2017,1.97,rush,lasso,1.0097072246129397,2016,2
beb784d7-8af2-5381-873e-2287a37d4f37,2017,0.9363636363636364,rush,lasso,2.3208128924966447,2016,2
c346e7f8-fe06-57e2-a5a1-925e5c9e43ee,2017,0.4642857142857143,rush,lasso,1.0284119812129873,2016,2
e722f964-f5cb-5b3f-8060-65ba2101afe9,2017,0.31333333333333335,rush,lasso,0.7992306032420267,2016,2
e7e519e5-a3ec-546f-84c7-ac13364c9dde,2017,5.8428571428571425,rush,lasso,3.18772480673101,2016,2
ebfd7c6e-7517-56e5-a516-3f390631c635,2017,3.646153846153846,rush,lasso,1.4551690542022608,2016,2
f5534cc0-db92-53a4-b1a8-f2493702388b,2017,-0.04666666666666666,rush,lasso,0.501537800335166,2016,2
f911b2d2-de2b-56cb-8460-37ee3e9e8fdd,2017,0.6733333333333335,rush,lasso,2.1333262176304215,2016,2
fee7be21-ff73-5a39-948d-5ea1fc9b885e,2017,3.5090909090909093,rush,lasso,2.1385772102936316,2016,2
070a032d-e19f-5afd-8aa2-5b49d2736619,2018,2.186666666666667,rush,lasso,1.3890581259511565,2017,2
0e1c1cf3-a023-55da-9ef3-b52cbc04e1a1,2018,5.485714285714286,rush,lasso,5.520456161837408,2017,2
1ac267de-58c9-595e-bac0-858dfda9f6d4,2018,10.266666666666667,rush,lasso,3.7029584482782254,2017,2
259d2b5d-f3b0-5389-a954-5e8bc03a3cb8,2018,0.5,rush,lasso,1.2829467651137438,2017,2
26910920-a835-56ad-8cf6-43fbb1b551ad,2018,3.65,rush,lasso,1.6557701410814478,2017,2
34beb3fa-5005-5be2-b163-32949f96ec1b,2018,4.833333333333333,rush,lasso,3.9321968449650453,2017,2
38cc56d5-c433-5c30-9189-2f328863acc0,2018,0.5866666666666667,rush,lasso,0.8322002143958549,2017,2
3ebb992a-a3ca-5760-ba54-f9986c4a7e68,2018,0.28,rush,lasso,1.6301655756174473,2017,2
478368e9-1d81-51c1-9521-d705a1d2e055,2018,1.6533333333333333,rush,lasso,1.2031494385341923,2017,2
5944c982-aadb-5aa6-b8a1-809cc5e6fce1,2018,0.4866666666666667,rush,lasso,1.4687233219858324,2017,2
6bc52e10-146e-5657-86a7-a18757b656a6,2018,2.74,rush,lasso,3.135755243390512,2017,2
7b4909e3-c8b2-5d03-9727-65629b87a53f,2018,0.8733333333333334,rush,lasso,2.6691355250608346,2017,2
805959bf-d59f-504f-abaa-98bcf0481637,2018,2.5200000000000005,rush,lasso,4.0894254703521264,2017,2
84499736-8ce6-5adb-8910-aee72924fd6d,2018,1.05,rush,lasso,2.461165610100562,2017,2
864ae232-4c8f-59b7-b3a2-92573d28ba86,2018,2.7800000000000002,rush,lasso,1.5378723965034449,2017,2
8d5300d8-e939-50a0-ae30-6124af36ef5b,2018,3.5500000000000003,rush,lasso,3.6562535213909557,2017,2
9253375f-b718-5d18-a6ae-2dfe39cf7cb8,2018,1.4749999999999999,rush,lasso,2.8903871363060274,2017,2
9419dec6-8187-5c2d-96ee-2d81a6dd891f,2018,1.5,rush,lasso,1.2146188055318836,2017,2
9916d928-6327-5a7f-9ae1-1ec039c6cb21,2018,2.7266666666666666,rush,lasso,2.57820262519499,2017,2
9b030c9d-5325-5fdb-a8fa-a79631f2897c,2018,1.24,rush,lasso,2.061919191651329,2017,2
9f08f3c3-af3e-508a-8b15-2cbfa4ad2f03,2018,0.8454545454545456,rush,lasso,2.447243929364892,2017,2
aefb525e-f3a6-50b7-b839-2e2e673aaa95,2018,2.38,rush,lasso,2.5065154590718315,2017,2
b4f0261b-58ea-51e6-8342-780b4f31418b,2018,1.1666666666666667,rush,lasso,0.6362869022981894,2017,2
b53cd9da-5302-5803-8dc0-c4cb4ec42927,2018,2.013333333333333,rush,lasso,0.9547106814971049,2017,2
b744e4fc-9ec6-5815-8413-350c18a0aaf3,2018,3.590909090909091,rush,lasso,3.049435087888851,2017,2
b8bbd5f1-9354-57da-9dd9-25d2d87931a9,2018,0.325,rush,lasso,1.5513711941194517,2017,2
beb784d7-8af2-5381-873e-2287a37d4f37,2018,3.2800000000000002,rush,lasso,2.151307160322281,2017,2
c346e7f8-fe06-57e2-a5a1-925e5c9e43ee,2018,0.7799999999999999,rush,lasso,1.051519899656236,2017,2
c63fef1b-16bd-5275-a03e-94cee125aaae,2018,1.0076923076923077,rush,lasso,2.7801794618475473,2017,2
ccda7d11-8596-5b2e-b55b-d640a79b3cc5,2018,8.872727272727273,rush,lasso,3.323174515560442,2017,2
d0494295-31eb-5518-8b54-6d71d50f02eb,2018,2.9400000000000004,rush,lasso,2.235734089051839,2017,2
e46e7f4f-eda6-527e-b398-d5a52cd3fb47,2018,1.36,rush,lasso,1.7806901026029207,2017,2
e722f964-f5cb-5b3f-8060-65ba2101afe9,2018,2.033333333333333,rush,lasso,0.838074331243656,2017,2
e7e519e5-a3ec-546f-84c7-ac13364c9dde,2018,5.1,rush,lasso,4.102425553540108,2017,2
f5534cc0-db92-53a4-b1a8-f2493702388b,2018,0.04666666666666666,rush,lasso,0.42916565712072585,2017,2
f911b2d2-de2b-56cb-8460-37ee3e9e8fdd,2018,0.9,rush,lasso,1.753497092985344,2017,2
fee7be21-ff73-5a39-948d-5ea1fc9b885e,2018,4.730769230769231,rush,lasso,3.112252142069642,2017,2
05e08afe-7d4d-5caf-8cbe-6f2682c270d6,2019,3.527272727272728,rush,lasso,2.499925633930398,2018,2
070a032d-e19f-5afd-8aa2-5b49d2736619,2019,1.5500000000000003,rush,lasso,1.7429671653040129,2018,2
0c370254-2acd-5345-a009-d0744ed3affe,2019,1.4800000000000002,rush,lasso,2.501642525503353,2018,2
13cf76af-bac9-5c77-8d62-e2301ba490d9,2019,0.8533333333333334,rush,lasso,1.4877441710873782,2018,2
1ac267de-58c9-595e-bac0-858dfda9f6d4,2019,11.640000000000002,rush,lasso,7.949613117977988,2018,2
259d2b5d-f3b0-5389-a954-5e8bc03a3cb8,2019,0.25,rush,lasso,1.3197752788754862,2018,2
26910920-a835-56ad-8cf6-43fbb1b551ad,2019,3.3692307692307697,rush,lasso,2.034812228523135,2018,2
34beb3fa-5005-5be2-b163-32949f96ec1b,2019,3.0133333333333336,rush,lasso,3.8269638478379093,2018,2
35d5ce2f-914c-5098-8b03-22f5a120ba0c,2019,2.0083333333333333,rush,lasso,2.068655618711967,2018,2
38cc56d5-c433-5c30-9189-2f328863acc0,2019,0.17500000000000002,rush,lasso,1.0735444752166141,2018,2
478368e9-1d81-51c1-9521-d705a1d2e055,2019,1.1733333333333333,rush,lasso,1.1998315168981972,2018,2
5944c982-aadb-5aa6-b8a1-809cc5e6fce1,2019,0.8250000000000001,rush,lasso,1.1976946329021496,2018,2
63bb3342-b397-59a1-8e96-925f297382a3,2019,5.493333333333334,rush,lasso,5.6298688818978,2018,2
6bc52e10-146e-5657-86a7-a18757b656a6,2019,2.7916666666666665,rush,lasso,2.1923072291950834,2018,2
7f35b557-87ab-58c8-a8ca-50a990c9e541,2019,1.075,rush,lasso,2.7080819838966237,2018,2
805959bf-d59f-504f-abaa-98bcf0481637,2019,3.486666666666667,rush,lasso,3.2484731685547317,2018,2
84499736-8ce6-5adb-8910-aee72924fd6d,2019,0.325,rush,lasso,1.6961264940725518,2018,2
8d5300d8-e939-50a0-ae30-6124af36ef5b,2019,2.15,rush,lasso,3.5858445001341717,2018,2
9253375f-b718-5d18-a6ae-2dfe39cf7cb8,2019,1.7,rush,lasso,2.0910775123874124,2018,2
9419dec6-8187-5c2d-96ee-2d81a6dd891f,2019,1.3833333333333335,rush,lasso,1.4551934465781606,2018,2
9916d928-6327-5a7f-9ae1-1ec039c6cb21,2019,1.6800000000000002,rush,lasso,2.2366623354864332,2018,2
9b030c9d-5325-5fdb-a8fa-a79631f2897c,2019,0.8866666666666667,rush,lasso,1.607626135357227,2018,2
9f08f3c3-af3e-508a-8b15-2cbfa4ad2f03,2019,1.9866666666666668,rush,lasso,1.9351317539127721,2018,2
b4f0261b-58ea-51e6-8342-780b4f31418b,2019,1.6266666666666665,rush,lasso,0.6597020869046766,2018,2
b53cd9da-5302-5803-8dc0-c4cb4ec42927,2019,0.7444444444444445,rush,lasso,0.8779732775991254,2018,2
beb784d7-8af2-5381-873e-2287a37d4f37,2019,2.1,rush,lasso,2.669621531988853,2018,2
c346e7f8-fe06-57e2-a5a1-925e5c9e43ee,2019,1.48,rush,lasso,1.0343443808178998,2018,2
c63fef1b-16bd-5275-a03e-94cee125aaae,2019,2.146666666666667,rush,lasso,1.644381407126473,2018,2
ccda7d11-8596-5b2e-b55b-d640a79b3cc5,2019,7.6,rush,lasso,6.186344321679372,2018,2
d2153ba6-e2e9-5c06-b349-4e078b8b8f01,2019,3.746153846153846,rush,lasso,2.7780372287731567,2018,2
dbc808ad-2a1a-58cb-8c4a-d25251c207d0,2019,1.2625000000000002,rush,lasso,2.338309696340879,2018,2
e3640a49-e4df-5e1d-a699-7c70108146cc,2019,2.5923076923076924,rush,lasso,2.4418009925999105,2018,2
e46e7f4f-eda6-527e-b398-d5a52cd3fb47,2019,4.470000000000001,rush,lasso,1.700448987097103,2018,2
e7e519e5-a3ec-546f-84c7-ac13364c9dde,2019,6.02,rush,lasso,4.574096942345941,2018,2
f5534cc0-db92-53a4-b1a8-f2493702388b,2019,0.16000000000000003,rush,lasso,0.28740435413654786,2018,2
f911b2d2-de2b-56cb-8460-37ee3e9e8fdd,2019,2.275,rush,lasso,1.6509731565009746,2018,2
fee7be21-ff73-5a39-948d-5ea1fc9b885e,2019,2.553846153846154,rush,lasso,3.433372673464662,2018,2
05e08afe-7d4d-5caf-8cbe-6f2682c270d6,2020,3.661538461538462,rush,lasso,2.992217492315476,2019,2
070a032d-e19f-5afd-8aa2-5b49d2736619,2020,1.0733333333333333,rush,lasso,1.4994122899873608,2019,2
0c370254-2acd-5345-a009-d0744ed3affe,2020,6.04,rush,lasso,2.2210712107310697,2019,2
0e1c1cf3-a023-55da-9ef3-b52cbc04e1a1,2020,9.664285714285715,rush,lasso,4.421211549400292,2019,2
13cf76af-bac9-5c77-8d62-e2301ba490d9,2020,0.4166666666666667,rush,lasso,1.3523760502973161,2019,2
1ac267de-58c9-595e-bac0-858dfda9f6d4,2020,10.12857142857143,rush,lasso,8.138821701928583,2019,2
26910920-a835-56ad-8cf6-43fbb1b551ad,2020,3.6375,rush,lasso,2.2991811120615897,2019,2
34beb3fa-5005-5be2-b163-32949f96ec1b,2020,6.0600000000000005,rush,lasso,3.2757983157569033,2019,2
3d9dd7dc-b646-5af6-8a50-cb31a1d2a598,2020,3.607142857142857,rush,lasso,3.0977453238310755,2019,2
478368e9-1d81-51c1-9521-d705a1d2e055,2020,2.5266666666666664,rush,lasso,1.3698224368991974,2019,2
5944c982-aadb-5aa6-b8a1-809cc5e6fce1,2020,0.7357142857142858,rush,lasso,1.1583026720692187,2019,2
63bb3342-b397-59a1-8e96-925f297382a3,2020,10.639999999999999,rush,lasso,4.530447809372865,2019,2
692ed3ce-f07d-5199-84d7-2a7b0f80a70e,2020,4.442857142857142,rush,lasso,1.5083764091956375,2019,2
6bc52e10-146e-5657-86a7-a18757b656a6,2020,2.986666666666667,rush,lasso,2.4085330401127774,2019,2
7f35b557-87ab-58c8-a8ca-50a990c9e541,2020,3.3,rush,lasso,2.2443497367949137,2019,2
805959bf-d59f-504f-abaa-98bcf0481637,2020,4.16,rush,lasso,3.3085152436281016,2019,2
9253375f-b718-5d18-a6ae-2dfe39cf7cb8,2020,3.2181818181818183,rush,lasso,1.9858657429593538,2019,2
9916d928-6327-5a7f-9ae1-1ec039c6cb21,2020,2.3666666666666667,rush,lasso,1.9058693919086995,2019,2
9b030c9d-5325-5fdb-a8fa-a79631f2897c,2020,1.1071428571428572,rush,lasso,1.3513610063035195,2019,2
9f08f3c3-af3e-508a-8b15-2cbfa4ad2f03,2020,5.216666666666667,rush,lasso,2.5012362364337983,2019,2
abfaa351-4b53-5eaa-a304-9825243dc5cc,2020,3.6375,rush,lasso,3.099454902290571,2019,2
aefb525e-f3a6-50b7-b839-2e2e673aaa95,2020,0.04285714285714285,rush,lasso,1.464305335877948,2019,2
b4f0261b-58ea-51e6-8342-780b4f31418b,2020,1.4200000000000002,rush,lasso,1.0548480957672512,2019,2
b53cd9da-5302-5803-8dc0-c4cb4ec42927,2020,1.3900000000000001,rush,lasso,0.8665788872937468,2019,2
b8bbd5f1-9354-57da-9dd9-25d2d87931a9,2020,0.9125000000000001,rush,lasso,1.2852409975294077,2019,2
c346e7f8-fe06-57e2-a5a1-925e5c9e43ee,2020,2.492857142857143,rush,lasso,1.4027460540288943,2019,2
c63fef1b-16bd-5275-a03e-94cee125aaae,2020,1.2733333333333334,rush,lasso,1.7708602749577085,2019,2
ccda7d11-8596-5b2e-b55b-d640a79b3cc5,2020,6.5200000000000005,rush,lasso,6.300329679862994,2019,2
dbc808ad-2a1a-58cb-8c4a-d25251c207d0,2020,1.657142857142857,rush,lasso,2.033015734017705,2019,2
dce82837-9b56-5207-babe-53cfac54eb70,2020,3.5200000000000005,rush,lasso,3.612703473480974,2019,2
e3640a49-e4df-5e1d-a699-7c70108146cc,2020,2.477777777777778,rush,lasso,3.094734961233756,2019,2
e46e7f4f-eda6-527e-b398-d5a52cd3fb47,2020,3.853333333333333,rush,lasso,2.619108124409164,2019,2
e722f964-f5cb-5b3f-8060-65ba2101afe9,2020,0.07333333333333333,rush,lasso,1.005039541644677,2019,2
e7e519e5-a3ec-546f-84c7-ac13364c9dde,2020,4.28,rush,lasso,4.945345887132058,2019,2
f2c783c7-afa9-5c55-bc99-1d0967346747,2020,8.675,rush,lasso,3.1647428943005926,2019,2
f5534cc0-db92-53a4-b1a8-f2493702388b,2020,-0.04,rush,lasso,0.5946209587240814,2019,2
fee7be21-ff73-5a39-948d-5ea1fc9b885e,2020,3.0,rush,lasso,2.1917540873482872,2019,2
05e08afe-7d4d-5caf-8cbe-6f2682c270d6,2021,3.9818181818181815,rush,lasso,3.834154956458681,2020,1
070a032d-e19f-5afd-8aa2-5b49d2736619,2021,0.9375,rush,lasso,1.4770323167275252,2020,1
0c370254-2acd-5345-a009-d0744ed3affe,2021,6.509090909090909,rush,lasso,5.16211666475067,2020,1
11092b99-31c6-504d-8390-0def87d4a8d5,2021,0.8533333333333334,rush,lasso,3.3555071486706014,2020,1
13cf76af-bac9-5c77-8d62-e2301ba490d9,2021,1.8571428571428572,rush,lasso,1.9466693522924179,2020,1
1ac267de-58c9-595e-bac0-858dfda9f6d4,2021,8.381818181818183,rush,lasso,8.475770413926158,2020,1
34beb3fa-5005-5be2-b163-32949f96ec1b,2021,1.4400000000000002,rush,lasso,3.3416062938653415,2020,1
3d9dd7dc-b646-5af6-8a50-cb31a1d2a598,2021,3.19375,rush,lasso,3.0276743821994567,2020,1
45d0654b-4331-56ce-a016-514e89fc38f1,2021,2.533333333333333,rush,lasso,1.608387888470413,2020,1
478368e9-1d81-51c1-9521-d705a1d2e055,2021,0.6692307692307693,rush,lasso,1.9802273430826463,2020,1
5944c982-aadb-5aa6-b8a1-809cc5e6fce1,2021,0.26875,rush,lasso,1.1452203099145943,2020,1
63bb3342-b397-59a1-8e96-925f297382a3,2021,5.676923076923076,rush,lasso,7.2749788295659,2020,1
692ed3ce-f07d-5199-84d7-2a7b0f80a70e,2021,1.7571428571428573,rush,lasso,2.9328694765132965,2020,1
6bc52e10-146e-5657-86a7-a18757b656a6,2021,2.91875,rush,lasso,2.6590213853163345,2020,1
74a040f9-d7fa-5d7f-b1db-635f481002ea,2021,5.5200000000000005,rush,lasso,2.5950518749837275,2020,1
805959bf-d59f-504f-abaa-98bcf0481637,2021,1.9076923076923078,rush,lasso,3.8985269511605107,2020,1
88147e8e-3779-500e-b561-1a75ebac4651,2021,4.009090909090909,rush,lasso,4.172278153386859,2020,1
9253375f-b718-5d18-a6ae-2dfe39cf7cb8,2021,5.027272727272727,rush,lasso,2.8506910565465446,2020,1
9916d928-6327-5a7f-9ae1-1ec039c6cb21,2021,2.026666666666667,rush,lasso,1.4906414863196447,2020,1
9b030c9d-5325-5fdb-a8fa-a79631f2897c,2021,1.24,rush,lasso,1.5896055876484563,2020,1
9f08f3c3-af3e-508a-8b15-2cbfa4ad2f03,2021,1.675,rush,lasso,3.087062993328535,2020,1
abfaa351-4b53-5eaa-a304-9825243dc5cc,2021,2.727272727272727,rush,lasso,2.747562837089328,2020,1
b4e9327d-f002-5f05-9a32-9b2fbbcd707f,2021,2.85625,rush,lasso,4.6384043957751135,2020,1
b4f0261b-58ea-51e6-8342-780b4f31418b,2021,1.3812499999999999,rush,lasso,0.6100045063747275,2020,1
beb784d7-8af2-5381-873e-2287a37d4f37,2021,3.266666666666667,rush,lasso,2.647855596954477,2020,1
c346e7f8-fe06-57e2-a5a1-925e5c9e43ee,2021,0.68125,rush,lasso,1.4824736550985746,2020,1
c63fef1b-16bd-5275-a03e-94cee125aaae,2021,1.4571428571428573,rush,lasso,2.0891174489928632,2020,1
ccda7d11-8596-5b2e-b55b-d640a79b3cc5,2021,7.0625,rush,lasso,5.661352804936015,2020,1
d2153ba6-e2e9-5c06-b349-4e078b8b8f01,2021,2.2333333333333334,rush,lasso,2.0690359922557806,2020,1
dce82837-9b56-5207-babe-53cfac54eb70,2021,1.6125,rush,lasso,2.946016189256239,2020,1
e46e7f4f-eda6-527e-b398-d5a52cd3fb47,2021,4.7625,rush,lasso,2.913211212619754,2020,1
e722f964-f5cb-5b3f-8060-65ba2101afe9,2021,0.5266666666666667,rush,lasso,0.2924658221708525,2020,1
f2c783c7-afa9-5c55-bc99-1d0967346747,2021,9.893333333333334,rush,lasso,7.088678441977795,2020,1
f911b2d2-de2b-56cb-8460-37ee3e9e8fdd,2021,0.8800000000000001,rush,lasso,1.796899837228511,2020,1
f9b1a774-f2ec-541c-870e-a4373e3cc9ca,2021,4.5181818181818185,rush,lasso,5.065932345325721,2020,1
05d1fee5-084f-5fbd-a509-fe8c23fdc978,2022,4.140000000000001,rush,lasso,1.9581919558843355,2021,2
05e08afe-7d4d-5caf-8cbe-6f2682c270d6,2022,7.550000000000001,rush,lasso,4.001862134527299,2021,2
070a032d-e19f-5afd-8aa2-5b49d2736619,2022,1.1666666666666667,rush,lasso,1.5486808361714168,2021,2
11092b99-31c6-504d-8390-0def87d4a8d5,2022,1.1916666666666667,rush,lasso,1.757610135236439,2021,2
13cf76af-bac9-5c77-8d62-e2301ba490d9,2022,1.73,rush,lasso,2.414038266395528,2021,2
1ac267de-58c9-595e-bac0-858dfda9f6d4,2022,8.954545454545455,rush,lasso,8.00741177254571,2021,2
21abb04f-3faa-5349-a5e7-44ae9d017d41,2022,1.7285714285714284,rush,lasso,1.5755969525555442,2021,2
2b55d8bd-541c-5cc7-88bf-9d21dd7691ff,2022,0.9000000000000001,rush,lasso,1.6301991254295038,2021,2
34beb3fa-5005-5be2-b163-32949f96ec1b,2022,2.1454545454545455,rush,lasso,2.4317209087063394,2021,2
3d9dd7dc-b646-5af6-8a50-cb31a1d2a598,2022,0.925,rush,lasso,2.9611166349666336,2021,2
45d0654b-4331-56ce-a016-514e89fc38f1,2022,1.8444444444444446,rush,lasso,1.873461580372486,2021,2
478368e9-1d81-51c1-9521-d705a1d2e055,2022,0.42500000000000004,rush,lasso,1.4685419906065773,2021,2
47c508de-ee91-5f11-9d62-8e2f9db32ae1,2022,2.40625,rush,lasso,1.986852820480016,2021,2
5944c982-aadb-5aa6-b8a1-809cc5e6fce1,2022,0.8777777777777778,rush,lasso,1.0490435886363054,2021,2
63bb3342-b397-59a1-8e96-925f297382a3,2022,6.35,rush,lasso,5.568916958594821,2021,2
6bc52e10-146e-5657-86a7-a18757b656a6,2022,3.8062500000000004,rush,lasso,3.081836342378171,2021,2
805959bf-d59f-504f-abaa-98bcf0481637,2022,3.35,rush,lasso,2.761736680011242,2021,2
88147e8e-3779-500e-b561-1a75ebac4651,2022,1.9111111111111114,rush,lasso,2.8710878023409343,2021,2
8d5300d8-e939-50a0-ae30-6124af36ef5b,2022,5.523076923076923,rush,lasso,3.405966691147301,2021,2
9253375f-b718-5d18-a6ae-2dfe39cf7cb8,2022,4.279999999999999,rush,lasso,1.732823889670101,2021,2
9916d928-6327-5a7f-9ae1-1ec039c6cb21,2022,0.9625,rush,lasso,1.6729174589987383,2021,2
9b030c9d-5325-5fdb-a8fa-a79631f2897c,2022,1.48125,rush,lasso,1.287322947324606,2021,2
9d57fdbe-f058-5fa6-af0e-01265f3fe7d0,2022,0.12000000000000002,rush,lasso,1.4985417065226907,2021,2
9f08f3c3-af3e-508a-8b15-2cbfa4ad2f03,2022,1.9500000000000002,rush,lasso,2.741099955880964,2021,2
abfaa351-4b53-5eaa-a304-9825243dc5cc,2022,0.5833333333333334,rush,lasso,2.833556585403323,2021,2
b4e9327d-f002-5f05-9a32-9b2fbbcd707f,2022,4.025,rush,lasso,3.5190771344231626,2021,2
b4f0261b-58ea-51e6-8342-780b4f31418b,2022,0.43125,rush,lasso,0.9273909330620531,2021,2
c346e7f8-fe06-57e2-a5a1-925e5c9e43ee,2022,0.68,rush,lasso,1.5618892350594196,2021,2
c63fef1b-16bd-5275-a03e-94cee125aaae,2022,1.3,rush,lasso,2.0493827340167563,2021,2
ccda7d11-8596-5b2e-b55b-d640a79b3cc5,2022,8.24,rush,lasso,6.2438977873847215,2021,2
d2153ba6-e2e9-5c06-b349-4e078b8b8f01,2022,3.436363636363636,rush,lasso,2.0664355351260486,2021,2
dbddf1a9-f4f2-58d9-b145-32dd70ec0394,2022,3.909090909090909,rush,lasso,2.763682526605063,2021,2
dce82837-9b56-5207-babe-53cfac54eb70,2022,3.98,rush,lasso,1.8906220779963048,2021,2
e46e7f4f-eda6-527e-b398-d5a52cd3fb47,2022,1.9833333333333334,rush,lasso,3.3904480817717055,2021,2
e7e519e5-a3ec-546f-84c7-ac13364c9dde,2022,4.0200000000000005,rush,lasso,2.6399384332877673,2021,2
f2c783c7-afa9-5c55-bc99-1d0967346747,2022,11.907142857142857,rush,lasso,7.659049747608774,2021,2
f911b2d2-de2b-56cb-8460-37ee3e9e8fdd,2022,0.4,rush,lasso,1.5802796493308895,2021,2
f9b1a774-f2ec-541c-870e-a4373e3cc9ca,2022,11.553333333333335,rush,lasso,5.504101804830834,2021,2
fee7be21-ff73-5a39-948d-5ea1fc9b885e,2022,2.542857142857143,rush,lasso,2.537045475832853,2021,2
05e08afe-7d4d-5caf-8cbe-6f2682c270d6,2023,5.340000000000001,rush,lasso,6.3580083368273534,2022,1
11092b99-31c6-504d-8390-0def87d4a8d5,2023,0.8727272727272727,rush,lasso,2.2481709704000328,2022,1
13cf76af-bac9-5c77-8d62-e2301ba490d9,2023,0.65,rush,lasso,1.2344981167945022,2022,1
1ac267de-58c9-595e-bac0-858dfda9f6d4,2023,7.3812500000000005,rush,lasso,7.918779743251622,2022,1
1e3d359a-7008-5ebd-ac11-015d52bf3e12,2023,2.5500000000000003,rush,lasso,3.219370799078438,2022,1
221f2f3d-914f-57ed-915e-e088de1901cb,2023,1.5875,rush,lasso,5.576358543672999,2022,1
23c337f1-377c-5dc2-b5f1-e12efcdf1755,2023,1.5266666666666668,rush,lasso,3.3111961079700505,2022,1
34beb3fa-5005-5be2-b163-32949f96ec1b,2023,2.3875,rush,lasso,2.7160475410199085,2022,1
3d9dd7dc-b646-5af6-8a50-cb31a1d2a598,2023,3.369230769230769,rush,lasso,2.3364602592447103,2022,1
402eabea-209d-5bae-93ea-ad5e22d373d5,2023,3.85,rush,lasso,2.5494530570549787,2022,1
45d0654b-4331-56ce-a016-514e89fc38f1,2023,3.8800000000000003,rush,lasso,1.4097953572883815,2022,1
478368e9-1d81-51c1-9521-d705a1d2e055,2023,1.00625,rush,lasso,1.1310879496853248,2022,1
47c508de-ee91-5f11-9d62-8e2f9db32ae1,2023,1.407142857142857,rush,lasso,2.835306042460971,2022,1
5944c982-aadb-5aa6-b8a1-809cc5e6fce1,2023,0.43333333333333335,rush,lasso,1.104386261598114,2022,1
63bb3342-b397-59a1-8e96-925f297382a3,2023,6.014285714285714,rush,lasso,4.626283192537317,2022,1
6bc52e10-146e-5657-86a7-a18757b656a6,2023,2.43125,rush,lasso,3.157023402338954,2022,1
79e06226-ecc0-5f69-8a91-109b9e055cde,2023,3.3000000000000003,rush,lasso,2.221546196862375,2022,1
7ff22629-b2b9-58c7-b56d-8eea3366f94e,2023,3.8375000000000004,rush,lasso,4.127402399053452,2022,1
805959bf-d59f-504f-abaa-98bcf0481637,2023,3.6733333333333333,rush,lasso,3.419229381110753,2022,1
9b030c9d-5325-5fdb-a8fa-a79631f2897c,2023,0.3125,rush,lasso,1.227377897600379,2022,1
abfaa351-4b53-5eaa-a304-9825243dc5cc,2023,0.41875000000000007,rush,lasso,1.7607222762199664,2022,1
b2cb3f71-0ccd-58f3-8934-7b675a216972,2023,2.8,rush,lasso,1.441260334947333,2022,1
b4e9327d-f002-5f05-9a32-9b2fbbcd707f,2023,4.06,rush,lasso,3.599792227698206,2022,1
c3254b64-83c1-515c-a106-e1fe1f2a000a,2023,1.7750000000000001,rush,lasso,1.7302082008578807,2022,1
c346e7f8-fe06-57e2-a5a1-925e5c9e43ee,2023,0.21250000000000002,rush,lasso,1.4054251684747294,2022,1
c63fef1b-16bd-5275-a03e-94cee125aaae,2023,1.4125,rush,lasso,2.15662120176113,2022,1
ccda7d11-8596-5b2e-b55b-d640a79b3cc5,2023,9.41875,rush,lasso,6.5553148587780825,2022,1
dbddf1a9-f4f2-58d9-b145-32dd70ec0394,2023,1.0999999999999999,rush,lasso,3.7699483777860205,2022,1
dce82837-9b56-5207-babe-53cfac54eb70,2023,0.8800000000000001,rush,lasso,3.017218276399605,2022,1
df9c20f9-8747-55fa-ae71-b580aa4727ea,2023,6.46923076923077,rush,lasso,2.4202635315961243,2022,1
e3640a49-e4df-5e1d-a699-7c70108146cc,2023,2.15,rush,lasso,2.0862028286728957,2022,1
e46e7f4f-eda6-527e-b398-d5a52cd3fb47,2023,1.8375,rush,lasso,2.43986121449865,2022,1
e7e519e5-a3ec-546f-84c7-ac13364c9dde,2023,4.24,rush,lasso,4.914682196040868,2022,1
f2c783c7-afa9-5c55-bc99-1d0967346747,2023,10.31875,rush,lasso,9.400271015893072,2022,1
f9b1a774-f2ec-541c-870e-a4373e3cc9ca,2023,7.666666666666667,rush,lasso,9.403347338031114,2022,1
fee7be21-ff73-5a39-948d-5ea1fc9b885e,2023,4.85,rush,lasso,2.2346150438496166,2022,1
05e08afe-7d4d-5caf-8cbe-6f2682c270d6,2024,4.05,rush,lasso,5.6565365766152915,2023,1
11092b99-31c6-504d-8390-0def87d4a8d5,2024,2.0714285714285716,rush,lasso,1.4444437164267736,2023,1
19955737-99cd-505f-88b8-2bdbeb246712,2024,2.9937500000000004,rush,lasso,4.728107647767763,2023,1
1ac267de-58c9-595e-bac0-858dfda9f6d4,2024,7.1375,rush,lasso,7.857236303787893,2023,1
1e3d359a-7008-5ebd-ac11-015d52bf3e12,2024,1.45625,rush,lasso,2.384430762255834,2023,1
221f2f3d-914f-57ed-915e-e088de1901cb,2024,1.8888888888888888,rush,lasso,2.543954458475746,2023,1
23c337f1-377c-5dc2-b5f1-e12efcdf1755,2024,4.518181818181818,rush,lasso,2.8496200117634842,2023,1
259d2b5d-f3b0-5389-a954-5e8bc03a3cb8,2024,0.43333333333333335,rush,lasso,1.2015853104829135,2023,1
34beb3fa-5005-5be2-b163-32949f96ec1b,2024,1.55,rush,lasso,2.380543799992004,2023,1
3d9dd7dc-b646-5af6-8a50-cb31a1d2a598,2024,2.525,rush,lasso,3.351925445978189,2023,1
478368e9-1d81-51c1-9521-d705a1d2e055,2024,0.35,rush,lasso,0.841283356006792,2023,1
47c508de-ee91-5f11-9d62-8e2f9db32ae1,2024,2.4875000000000003,rush,lasso,2.484022101726068,2023,1
4e03bbdc-d05e-5e4e-9a6b-a8acf3c6430e,2024,4.33,rush,lasso,4.37112728493782,2023,1
54ab1d88-12aa-569b-be63-bbf531c9a5ef,2024,8.95,rush,lasso,7.872858510055458,2023,1
5944c982-aadb-5aa6-b8a1-809cc5e6fce1,2024,0.25625,rush,lasso,0.7713879831728494,2023,1
63bb3342-b397-59a1-8e96-925f297382a3,2024,5.625000000000001,rush,lasso,5.619963246470976,2023,1
648a438e-7b9e-5d04-b2aa-9188b13b2542,2024,1.45,rush,lasso,1.833738750540165,2023,1
6bc52e10-146e-5657-86a7-a18757b656a6,2024,2.79375,rush,lasso,3.397308023778658,2023,1
79e06226-ecc0-5f69-8a91-109b9e055cde,2024,1.092857142857143,rush,lasso,2.6180634079446845,2023,1
7f35b557-87ab-58c8-a8ca-50a990c9e541,2024,6.425,rush,lasso,1.4242904144867965,2023,1
805959bf-d59f-504f-abaa-98bcf0481637,2024,2.79,rush,lasso,3.9645977091231033,2023,1
9253375f-b718-5d18-a6ae-2dfe39cf7cb8,2024,1.7000000000000002,rush,lasso,2.3809822597202475,2023,1
9916d928-6327-5a7f-9ae1-1ec039c6cb21,2024,0.66875,rush,lasso,1.5104494175936716,2023,1
9b030c9d-5325-5fdb-a8fa-a79631f2897c,2024,0.0,rush,lasso,1.44062504001572,2023,1
9d57fdbe-f058-5fa6-af0e-01265f3fe7d0,2024,0.18888888888888888,rush,lasso,0.8947401560473724,2023,1
a5efc43f-7911-5ff3-bcc0-def8b7be0172,2024,2.442857142857143,rush,lasso,2.0482482028607185,2023,1
abfaa351-4b53-5eaa-a304-9825243dc5cc,2024,0.4454545454545455,rush,lasso,1.1704645841840493,2023,1
b4e9327d-f002-5f05-9a32-9b2fbbcd707f,2024,3.5888888888888886,rush,lasso,3.819061521243272,2023,1
beb784d7-8af2-5381-873e-2287a37d4f37,2024,2.1571428571428575,rush,lasso,1.5173277971077526,2023,1
c3254b64-83c1-515c-a106-e1fe1f2a000a,2024,4.486666666666666,rush,lasso,2.0967738720410902,2023,1
c346e7f8-fe06-57e2-a5a1-925e5c9e43ee,2024,1.41,rush,lasso,0.9258118676207763,2023,1
c63fef1b-16bd-5275-a03e-94cee125aaae,2024,3.25,rush,lasso,2.0757635170782858,2023,1
ccda7d11-8596-5b2e-b55b-d640a79b3cc5,2024,8.56875,rush,lasso,7.251998121343174,2023,1
cd0167c0-d9ce-5180-856c-d26959a81941,2024,4.14375,rush,lasso,4.075885148789229,2023,1
d0e529e4-2d5e-58ec-b87d-1a32b8954539,2024,8.293333333333333,rush,lasso,6.98040963331302,2023,1
d2153ba6-e2e9-5c06-b349-4e078b8b8f01,2024,1.0333333333333334,rush,lasso,1.7387786415488873,2023,1
db0eda74-3c4b-5743-87c4-c93270f4edc1,2024,2.2500000000000004,rush,lasso,1.9541985248243883,2023,1
dce82837-9b56-5207-babe-53cfac54eb70,2024,2.1375,rush,lasso,2.7094891562880545,2023,1
e3640a49-e4df-5e1d-a699-7c70108146cc,2024,0.5800000000000001,rush,lasso,2.645490141647898,2023,1
e7e519e5-a3ec-546f-84c7-ac13364c9dde,2024,3.1142857142857143,rush,lasso,4.379934378214326,2023,1
f2c783c7-afa9-5c55-bc99-1d0967346747,2024,11.207142857142857,rush,lasso,9.126517345099767,2023,1
f911b2d2-de2b-56cb-8460-37ee3e9e8fdd,2024,0.68,rush,lasso,0.9249755561144777,2023,1
f9b1a774-f2ec-541c-870e-a4373e3cc9ca,2024,9.683333333333332,rush,lasso,4.482947646365682,2023,1
05e08afe-7d4d-5caf-8cbe-6f2682c270d6,2025,4.25,rush,lasso,5.34909133593519,2024,1
11092b99-31c6-504d-8390-0def87d4a8d5,2025,0.8,rush,lasso,1.891404224876276,2024,1
19955737-99cd-505f-88b8-2bdbeb246712,2025,3.7,rush,lasso,4.630126003538184,2024,1
1ac267de-58c9-595e-bac0-858dfda9f6d4,2025,4.300000000000001,rush,lasso,7.170618754253584,2024,1
1e3d359a-7008-5ebd-ac11-015d52bf3e12,2025,1.5999999999999999,rush,lasso,2.782274144692028,2024,1
21270a48-2c80-5b91-b05c-ee7bf19df53d,2025,1.5555555555555556,rush,lasso,2.3126229726207495,2024,1
21abb04f-3faa-5349-a5e7-44ae9d017d41,2025,2.875,rush,lasso,1.6367713529447494,2024,1
23c337f1-377c-5dc2-b5f1-e12efcdf1755,2025,2.3800000000000003,rush,lasso,3.7970792923212144,2024,1
259d2b5d-f3b0-5389-a954-5e8bc03a3cb8,2025,1.01,rush,lasso,1.194789996374419,2024,1
2e3787a6-b1ba-5d9f-9a61-8f79048010ff,2025,3.244444444444445,rush,lasso,3.542255791794646,2024,1
34beb3fa-5005-5be2-b163-32949f96ec1b,2025,1.9875,rush,lasso,1.787675745432729,2024,1
3d9dd7dc-b646-5af6-8a50-cb31a1d2a598,2025,3.9875,rush,lasso,3.0974861638549047,2024,1
3f84e8f1-fa59-519f-8069-0885da369954,2025,1.6800000000000002,rush,lasso,2.9935773801017533,2024,1
444c96a9-dd23-5918-b283-37b9ce8ded40,2025,3.042857142857143,rush,lasso,2.7547845963950506,2024,1
478368e9-1d81-51c1-9521-d705a1d2e055,2025,0.28125000000000006,rush,lasso,0.8105589617674374,2024,1
47c508de-ee91-5f11-9d62-8e2f9db32ae1,2025,0.7266666666666667,rush,lasso,2.7021476062557306,2024,1
4e03bbdc-d05e-5e4e-9a6b-a8acf3c6430e,2025,4.30625,rush,lasso,4.703356874876555,2024,1
5944c982-aadb-5aa6-b8a1-809cc5e6fce1,2025,-0.012499999999999997,rush,lasso,0.8362271593553838,2024,1
5ac63d55-0f02-5097-9962-595dcede5e49,2025,2.725,rush,lasso,1.404123279205372,2024,1
63bb3342-b397-59a1-8e96-925f297382a3,2025,4.86,rush,lasso,5.548570535134262,2024,1
6bc52e10-146e-5657-86a7-a18757b656a6,2025,5.514285714285714,rush,lasso,3.1501050429996624,2024,1
74a040f9-d7fa-5d7f-b1db-635f481002ea,2025,4.26,rush,lasso,3.4750469693297474,2024,1
787ddae6-47c4-5245-84ff-c1d7d67a39a1,2025,1.3625,rush,lasso,3.637828648751126,2024,1
79e06226-ecc0-5f69-8a91-109b9e055cde,2025,1.3714285714285717,rush,lasso,2.186278067895313,2024,1
8d5300d8-e939-50a0-ae30-6124af36ef5b,2025,4.075,rush,lasso,1.8208058941080634,2024,1
9253375f-b718-5d18-a6ae-2dfe39cf7cb8,2025,0.5375000000000001,rush,lasso,2.781194302306665,2024,1
9916d928-6327-5a7f-9ae1-1ec039c6cb21,2025,0.74,rush,lasso,0.9557867391159585,2024,1
9b030c9d-5325-5fdb-a8fa-a79631f2897c,2025,1.0714285714285714,rush,lasso,1.7060283029758536,2024,1
abfaa351-4b53-5eaa-a304-9825243dc5cc,2025,0.3071428571428572,rush,lasso,1.0553759879496727,2024,1
b4e9327d-f002-5f05-9a32-9b2fbbcd707f,2025,6.1125,rush,lasso,3.3000017732524753,2024,1
c3254b64-83c1-515c-a106-e1fe1f2a000a,2025,4.2,rush,lasso,3.6124360971874516,2024,1
c63fef1b-16bd-5275-a03e-94cee125aaae,2025,2.63125,rush,lasso,2.984942521072997,2024,1
ccda7d11-8596-5b2e-b55b-d640a79b3cc5,2025,9.74375,rush,lasso,7.232874059825331,2024,1
cd0167c0-d9ce-5180-856c-d26959a81941,2025,4.10625,rush,lasso,4.667183610114489,2024,1
d0e529e4-2d5e-58ec-b87d-1a32b8954539,2025,5.971428571428572,rush,lasso,7.8476703933982686,2024,1
d2153ba6-e2e9-5c06-b349-4e078b8b8f01,2025,1.9727272727272727,rush,lasso,1.7394866604695949,2024,1
db0eda74-3c4b-5743-87c4-c93270f4edc1,2025,2.0875000000000004,rush,lasso,2.585863670068088,2024,1
dce82837-9b56-5207-babe-53cfac54eb70,2025,0.4000000000000001,rush,lasso,2.000549689562818,2024,1
ddf55e16-fa43-5d7e-92f4-f41e53fd6fb7,2025,9.863636363636363,rush,lasso,3.3101572467681715,2024,1
df8422ce-da76-5999-80be-a47aead4fc59,2025,5.044444444444444,rush,lasso,3.4727294151273096,2024,1
f2c783c7-afa9-5c55-bc99-1d0967346747,2025,6.13125,rush,lasso,9.169334508201342,2024,1
f9b1a774-f2ec-541c-870e-a4373e3cc9ca,2025,7.366666666666666,rush,lasso,7.88781235968583,2024,1
006d6e97-5088-5763-9fce-72ff5ff45d7e,2017,0.2,rush,random_forest,0.9644892161254492,2016,1
06db6fd1-8f8b-599c-9f54-3360e7e3fccf,2017,0.17142857142857146,rush,random_forest,0.372262655132938,2016,1
070a032d-e19f-5afd-8aa2-5b49d2736619,2017,0.86,rush,random_forest,0.8013730948771035,2016,1
0e1c1cf3-a023-55da-9ef3-b52cbc04e1a1,2017,7.433333333333334,rush,random_forest,5.239201363752844,2016,1
13cf76af-bac9-5c77-8d62-e2301ba490d9,2017,1.95,rush,random_forest,1.543270113493413,2016,1
259d2b5d-f3b0-5389-a954-5e8bc03a3cb8,2017,0.8266666666666667,rush,random_forest,1.0391396852645458,2016,1
34beb3fa-5005-5be2-b163-32949f96ec1b,2017,5.073333333333333,rush,random_forest,3.2426944578476564,2016,1
38cc56d5-c433-5c30-9189-2f328863acc0,2017,0.7142857142857143,rush,random_forest,0.37019599446671986,2016,1
407d5713-2387-5d98-8bbe-faf956914733,2017,0.25833333333333336,rush,random_forest,1.396349445258439,2016,1
478368e9-1d81-51c1-9521-d705a1d2e055,2017,0.8066666666666666,rush,random_forest,1.4175338972605318,2016,1
5944c982-aadb-5aa6-b8a1-809cc5e6fce1,2017,0.6400000000000001,rush,random_forest,1.827193184537936,2016,1
62fb4320-5510-54a8-8360-27a49422ad00,2017,0.225,rush,random_forest,0.9398208512547227,2016,1
74a040f9-d7fa-5d7f-b1db-635f481002ea,2017,4.8,rush,random_forest,5.005944527596044,2016,1
805959bf-d59f-504f-abaa-98bcf0481637,2017,5.066666666666666,rush,random_forest,3.07892587476838,2016,1
864ae232-4c8f-59b7-b3a2-92573d28ba86,2017,5.766666666666667,rush,random_forest,1.9622671660973985,2016,1
8d5300d8-e939-50a0-ae30-6124af36ef5b,2017,3.2538461538461543,rush,random_forest,3.0137495430949297,2016,1
9419dec6-8187-5c2d-96ee-2d81a6dd891f,2017,1.6428571428571428,rush,random_forest,1.2733647878190921,2016,1
9916d928-6327-5a7f-9ae1-1ec039c6cb21,2017,2.1,rush,random_forest,2.818241566350343,2016,1
9b030c9d-5325-5fdb-a8fa-a79631f2897c,2017,2.513333333333333,rush,random_forest,1.7009657013185737,2016,1
9f08f3c3-af3e-508a-8b15-2cbfa4ad2f03,2017,2.3000000000000003,rush,random_forest,2.290517260722952,2016,1
ad6398f8-015a-5cb3-87d6-577b351ddcb9,2017,0.03333333333333334,rush,random_forest,1.2540768372067144,2016,1
aefb525e-f3a6-50b7-b839-2e2e673aaa95,2017,2.8333333333333335,rush,random_forest,2.916297832845786,2016,1
b382165b-655f-5588-be0e-c46aacbbfe48,2017,1.54,rush,random_forest,0.8131328499644077,2016,1
b398cd14-cc10-5a9e-b105-45fc20809edf,2017,0.1,rush,random_forest,1.252753809190863,2016,1
b4f0261b-58ea-51e6-8342-780b4f31418b,2017,0.18666666666666668,rush,random_forest,0.8677133501205773,2016,1
b53cd9da-5302-5803-8dc0-c4cb4ec42927,2017,1.0,rush,random_forest,0.7270089597373196,2016,1
b64a8149-19c0-519e-8862-ca2dcf2afef4,2017,5.057142857142857,rush,random_forest,3.4157018911576578,2016,1
b744e4fc-9ec6-5815-8413-350c18a0aaf3,2017,3.02,rush,random_forest,2.55967800510043,2016,1
bd52e3ef-9f48-5bcb-b3fb-89d563f3599a,2017,1.97,rush,random_forest,1.1464940303225433,2016,1
beb784d7-8af2-5381-873e-2287a37d4f37,2017,0.9363636363636364,rush,random_forest,2.3973895428725114,2016,1
c346e7f8-fe06-57e2-a5a1-925e5c9e43ee,2017,0.4642857142857143,rush,random_forest,1.1385092559589078,2016,1
e722f964-f5cb-5b3f-8060-65ba2101afe9,2017,0.31333333333333335,rush,random_forest,0.5838214356702586,2016,1
e7e519e5-a3ec-546f-84c7-ac13364c9dde,2017,5.8428571428571425,rush,random_forest,3.5693917413865157,2016,1
ebfd7c6e-7517-56e5-a516-3f390631c635,2017,3.646153846153846,rush,random_forest,1.6415581807980781,2016,1
f5534cc0-db92-53a4-b1a8-f2493702388b,2017,-0.04666666666666666,rush,random_forest,0.36278298075913107,2016,1
f911b2d2-de2b-56cb-8460-37ee3e9e8fdd,2017,0.6733333333333335,rush,random_forest,2.330961480299055,2016,1
fee7be21-ff73-5a39-948d-5ea1fc9b885e,2017,3.5090909090909093,rush,random_forest,2.5789093395737646,2016,1
070a032d-e19f-5afd-8aa2-5b49d2736619,2018,2.186666666666667,rush,random_forest,1.0861898485126205,2017,0
0e1c1cf3-a023-55da-9ef3-b52cbc04e1a1,2018,5.485714285714286,rush,random_forest,6.049422970033422,2017,0
1ac267de-58c9-595e-bac0-858dfda9f6d4,2018,10.266666666666667,rush,random_forest,2.486896447711508,2017,0
259d2b5d-f3b0-5389-a954-5e8bc03a3cb8,2018,0.5,rush,random_forest,0.9182842952271468,2017,0
26910920-a835-56ad-8cf6-43fbb1b551ad,2018,3.65,rush,random_forest,2.3283503299176638,2017,0
34beb3fa-5005-5be2-b163-32949f96ec1b,2018,4.833333333333333,rush,random_forest,5.121496237949662,2017,0
38cc56d5-c433-5c30-9189-2f328863acc0,2018,0.5866666666666667,rush,random_forest,0.6524067355792122,2017,0
3ebb992a-a3ca-5760-ba54-f9986c4a7e68,2018,0.28,rush,random_forest,2.695086766483805,2017,0
478368e9-1d81-51c1-9521-d705a1d2e055,2018,1.6533333333333333,rush,random_forest,1.240826175081508,2017,0
5944c982-aadb-5aa6-b8a1-809cc5e6fce1,2018,0.4866666666666667,rush,random_forest,0.8653346616640497,2017,0
6bc52e10-146e-5657-86a7-a18757b656a6,2018,2.74,rush,random_forest,2.660699371473523,2017,0
7b4909e3-c8b2-5d03-9727-65629b87a53f,2018,0.8733333333333334,rush,random_forest,2.621738493458335,2017,0
805959bf-d59f-504f-abaa-98bcf0481637,2018,2.5200000000000005,rush,random_forest,5.0402063046836245,2017,0
84499736-8ce6-5adb-8910-aee72924fd6d,2018,1.05,rush,random_forest,2.5158750271664236,2017,0
864ae232-4c8f-59b7-b3a2-92573d28ba86,2018,2.7800000000000002,rush,random_forest,3.0899540516782085,2017,0
8d5300d8-e939-50a0-ae30-6124af36ef5b,2018,3.5500000000000003,rush,random_forest,4.600599534470604,2017,0
9253375f-b718-5d18-a6ae-2dfe39cf7cb8,2018,1.4749999999999999,rush,random_forest,2.289417650985456,2017,0
9419dec6-8187-5c2d-96ee-2d81a6dd891f,2018,1.5,rush,random_forest,1.4725505155389051,2017,0
9916d928-6327-5a7f-9ae1-1ec039c6cb21,2018,2.7266666666666666,rush,random_forest,2.64599716937104,2017,0
9b030c9d-5325-5fdb-a8fa-a79631f2897c,2018,1.24,rush,random_forest,2.136455377413441,2017,0
9f08f3c3-af3e-508a-8b15-2cbfa4ad2f03,2018,0.8454545454545456,rush,random_forest,2.344304437308025,2017,0
aefb525e-f3a6-50b7-b839-2e2e673aaa95,2018,2.38,rush,random_forest,2.5333618078799973,2017,0
b4f0261b-58ea-51e6-8342-780b4f31418b,2018,1.1666666666666667,rush,random_forest,0.7433034619555015,2017,0
b53cd9da-5302-5803-8dc0-c4cb4ec42927,2018,2.013333333333333,rush,random_forest,0.7546910867689742,2017,0
b744e4fc-9ec6-5815-8413-350c18a0aaf3,2018,3.590909090909091,rush,random_forest,3.6890714486802962,2017,0
b8bbd5f1-9354-57da-9dd9-25d2d87931a9,2018,0.325,rush,random_forest,2.409358223425613,2017,0
beb784d7-8af2-5381-873e-2287a37d4f37,2018,3.2800000000000002,rush,random_forest,2.041883392484576,2017,0
c346e7f8-fe06-57e2-a5a1-925e5c9e43ee,2018,0.7799999999999999,rush,random_forest,0.933978949377848,2017,0
c63fef1b-16bd-5275-a03e-94cee125aaae,2018,1.0076923076923077,rush,random_forest,2.343568429295349,2017,0
ccda7d11-8596-5b2e-b55b-d640a79b3cc5,2018,8.872727272727273,rush,random_forest,4.002118623786939,2017,0
d0494295-31eb-5518-8b54-6d71d50f02eb,2018,2.9400000000000004,rush,random_forest,2.9316952729430574,2017,0
e46e7f4f-eda6-527e-b398-d5a52cd3fb47,2018,1.36,rush,random_forest,1.614179400382189,2017,0
e722f964-f5cb-5b3f-8060-65ba2101afe9,2018,2.033333333333333,rush,random_forest,0.6862188646945048,2017,0
e7e519e5-a3ec-546f-84c7-ac13364c9dde,2018,5.1,rush,random_forest,5.269683600668411,2017,0
f5534cc0-db92-53a4-b1a8-f2493702388b,2018,0.04666666666666666,rush,random_forest,0.3050596941683003,2017,0
f911b2d2-de2b-56cb-8460-37ee3e9e8fdd,2018,0.9,rush,random_forest,1.2777688618542473,2017,0
fee7be21-ff73-5a39-948d-5ea1fc9b885e,2018,4.730769230769231,rush,random_forest,3.6773768161925773,2017,0
05e08afe-7d4d-5caf-8cbe-6f2682c270d6,2019,3.527272727272728,rush,random_forest,2.012812620187744,2018,0
070a032d-e19f-5afd-8aa2-5b49d2736619,2019,1.5500000000000003,rush,random_forest,1.5894988378852828,2018,0
0c370254-2acd-5345-a009-d0744ed3affe,2019,1.4800000000000002,rush,random_forest,2.548808540529122,2018,0
13cf76af-bac9-5c77-8d62-e2301ba490d9,2019,0.8533333333333334,rush,random_forest,1.1745713771468658,2018,0
1ac267de-58c9-595e-bac0-858dfda9f6d4,2019,11.640000000000002,rush,random_forest,5.423003382966722,2018,0
259d2b5d-f3b0-5389-a954-5e8bc03a3cb8,2019,0.25,rush,random_forest,0.94902020594545,2018,0
26910920-a835-56ad-8cf6-43fbb1b551ad,2019,3.3692307692307697,rush,random_forest,2.4827037840039363,2018,0
34beb3fa-5005-5be2-b163-32949f96ec1b,2019,3.0133333333333336,rush,random_forest,4.4097659892819125,2018,0
35d5ce2f-914c-5098-8b03-22f5a120ba0c,2019,2.0083333333333333,rush,random_forest,3.2466929964538846,2018,0
38cc56d5-c433-5c30-9189-2f328863acc0,2019,0.17500000000000002,rush,random_forest,0.9660176457507149,2018,0
478368e9-1d81-51c1-9521-d705a1d2e055,2019,1.1733333333333333,rush,random_forest,1.2206902143128824,2018,0
5944c982-aadb-5aa6-b8a1-809cc5e6fce1,2019,0.8250000000000001,rush,random_forest,0.9700648035688165,2018,0
63bb3342-b397-59a1-8e96-925f297382a3,2019,5.493333333333334,rush,random_forest,6.376958257285067,2018,0
6bc52e10-146e-5657-86a7-a18757b656a6,2019,2.7916666666666665,rush,random_forest,2.435201361339831,2018,0
7f35b557-87ab-58c8-a8ca-50a990c9e541,2019,1.075,rush,random_forest,2.183870478741206,2018,0
805959bf-d59f-504f-abaa-98bcf0481637,2019,3.486666666666667,rush,random_forest,3.3459151601417805,2018,0
84499736-8ce6-5adb-8910-aee72924fd6d,2019,0.325,rush,random_forest,2.504410700201981,2018,0
8d5300d8-e939-50a0-ae30-6124af36ef5b,2019,2.15,rush,random_forest,4.3357419793494305,2018,0
9253375f-b718-5d18-a6ae-2dfe39cf7cb8,2019,1.7,rush,random_forest,2.0779359063287823,2018,0
9419dec6-8187-5c2d-96ee-2d81a6dd891f,2019,1.3833333333333335,rush,random_forest,2.434605695785152,2018,0
9916d928-6327-5a7f-9ae1-1ec039c6cb21,2019,1.6800000000000002,rush,random_forest,2.3815182483030672,2018,0
9b030c9d-5325-5fdb-a8fa-a79631f2897c,2019,0.8866666666666667,rush,random_forest,1.338724479306308,2018,0
9f08f3c3-af3e-508a-8b15-2cbfa4ad2f03,2019,1.9866666666666668,rush,random_forest,1.701449923546538,2018,0
b4f0261b-58ea-51e6-8342-780b4f31418b,2019,1.6266666666666665,rush,random_forest,0.8142226110482316,2018,0
b53cd9da-5302-5803-8dc0-c4cb4ec42927,2019,0.7444444444444445,rush,random_forest,1.0147829044578716,2018,0
beb784d7-8af2-5381-873e-2287a37d4f37,2019,2.1,rush,random_forest,2.399017964128263,2018,0
c346e7f8-fe06-57e2-a5a1-925e5c9e43ee,2019,1.48,rush,random_forest,0.9925874858855545,2018,0
c63fef1b-16bd-5275-a03e-94cee125aaae,2019,2.146666666666667,rush,random_forest,1.7313004915101073,2018,0
ccda7d11-8596-5b2e-b55b-d640a79b3cc5,2019,7.6,rush,random_forest,4.900725884576871,2018,0
d2153ba6-e2e9-5c06-b349-4e078b8b8f01,2019,3.746153846153846,rush,random_forest,2.100934897133361,2018,0
dbc808ad-2a1a-58cb-8c4a-d25251c207d0,2019,1.2625000000000002,rush,random_forest,1.3280777967279196,2018,0
e3640a49-e4df-5e1d-a699-7c70108146cc,2019,2.5923076923076924,rush,random_forest,2.663175764656708,2018,0
e46e7f4f-eda6-527e-b398-d5a52cd3fb47,2019,4.470000000000001,rush,random_forest,1.5779430100754963,2018,0
e7e519e5-a3ec-546f-84c7-ac13364c9dde,2019,6.02,rush,random_forest,5.080223979624738,2018,0
f5534cc0-db92-53a4-b1a8-f2493702388b,2019,0.16000000000000003,rush,random_forest,0.2930209332841399,2018,0
f911b2d2-de2b-56cb-8460-37ee3e9e8fdd,2019,2.275,rush,random_forest,1.0426639298128249,2018,0
fee7be21-ff73-5a39-948d-5ea1fc9b885e,2019,2.553846153846154,rush,random_forest,4.071663391071643,2018,0
05e08afe-7d4d-5caf-8cbe-6f2682c270d6,2020,3.661538461538462,rush,random_forest,3.1363351146528435,2019,2
070a032d-e19f-5afd-8aa2-5b49d2736619,2020,1.0733333333333333,rush,random_forest,1.1290595275031898,2019,2
0c370254-2acd-5345-a009-d0744ed3affe,2020,6.04,rush,random_forest,2.112303191469821,2019,2
0e1c1cf3-a023-55da-9ef3-b52cbc04e1a1,2020,9.664285714285715,rush,random_forest,5.375221409823,2019,2
13cf76af-bac9-5c77-8d62-e2301ba490d9,2020,0.4166666666666667,rush,random_forest,0.9962420824006399,2019,2
1ac267de-58c9-595e-bac0-858dfda9f6d4,2020,10.12857142857143,rush,random_forest,5.858959581746756,2019,2
26910920-a835-56ad-8cf6-43fbb1b551ad,2020,3.6375,rush,random_forest,2.577573693451308,2019,2
34beb3fa-5005-5be2-b163-32949f96ec1b,2020,6.0600000000000005,rush,random_forest,3.253597637710468,2019,2
3d9dd7dc-b646-5af6-8a50-cb31a1d2a598,2020,3.607142857142857,rush,random_forest,4.006400832070283,2019,2
478368e9-1d81-51c1-9521-d705a1d2e055,2020,2.5266666666666664,rush,random_forest,1.1114183589754758,2019,2
5944c982-aadb-5aa6-b8a1-809cc5e6fce1,2020,0.7357142857142858,rush,random_forest,0.9060314113914,2019,2
63bb3342-b397-59a1-8e96-925f297382a3,2020,10.639999999999999,rush,random_forest,5.3439498462345165,2019,2
692ed3ce-f07d-5199-84d7-2a7b0f80a70e,2020,4.442857142857142,rush,random_forest,0.8775265392211643,2019,2
6bc52e10-146e-5657-86a7-a18757b656a6,2020,2.986666666666667,rush,random_forest,2.517673574328475,2019,2
7f35b557-87ab-58c8-a8ca-50a990c9e541,2020,3.3,rush,random_forest,2.1366096725312214,2019,2
805959bf-d59f-504f-abaa-98bcf0481637,2020,4.16,rush,random_forest,3.162113823557846,2019,2
9253375f-b718-5d18-a6ae-2dfe39cf7cb8,2020,3.2181818181818183,rush,random_forest,1.6912645166379299,2019,2
9916d928-6327-5a7f-9ae1-1ec039c6cb21,2020,2.3666666666666667,rush,random_forest,1.9024233257230612,2019,2
9b030c9d-5325-5fdb-a8fa-a79631f2897c,2020,1.1071428571428572,rush,random_forest,1.00504583397472,2019,2
9f08f3c3-af3e-508a-8b15-2cbfa4ad2f03,2020,5.216666666666667,rush,random_forest,2.4027754265045416,2019,2
abfaa351-4b53-5eaa-a304-9825243dc5cc,2020,3.6375,rush,random_forest,2.7981868358331177,2019,2
aefb525e-f3a6-50b7-b839-2e2e673aaa95,2020,0.04285714285714285,rush,random_forest,1.3337887108450022,2019,2
b4f0261b-58ea-51e6-8342-780b4f31418b,2020,1.4200000000000002,rush,random_forest,1.0217114366663416,2019,2
b53cd9da-5302-5803-8dc0-c4cb4ec42927,2020,1.3900000000000001,rush,random_forest,0.6644819727811055,2019,2
b8bbd5f1-9354-57da-9dd9-25d2d87931a9,2020,0.9125000000000001,rush,random_forest,1.2018840259885246,2019,2
c346e7f8-fe06-57e2-a5a1-925e5c9e43ee,2020,2.492857142857143,rush,random_forest,1.0146979388361181,2019,2
c63fef1b-16bd-5275-a03e-94cee125aaae,2020,1.2733333333333334,rush,random_forest,1.9771659895129985,2019,2
ccda7d11-8596-5b2e-b55b-d640a79b3cc5,2020,6.5200000000000005,rush,random_forest,5.502176887419064,2019,2
dbc808ad-2a1a-58cb-8c4a-d25251c207d0,2020,1.657142857142857,rush,random_forest,1.6606155462722305,2019,2
dce82837-9b56-5207-babe-53cfac54eb70,2020,3.5200000000000005,rush,random_forest,3.431721991176559,2019,2
e3640a49-e4df-5e1d-a699-7c70108146cc,2020,2.477777777777778,rush,random_forest,3.2452250124316495,2019,2
e46e7f4f-eda6-527e-b398-d5a52cd3fb47,2020,3.853333333333333,rush,random_forest,2.453379165020353,2019,2
e722f964-f5cb-5b3f-8060-65ba2101afe9,2020,0.07333333333333333,rush,random_forest,1.0711300576149723,2019,2
e7e519e5-a3ec-546f-84c7-ac13364c9dde,2020,4.28,rush,random_forest,5.368692037230979,2019,2
f2c783c7-afa9-5c55-bc99-1d0967346747,2020,8.675,rush,random_forest,2.5695888150991815,2019,2
f5534cc0-db92-53a4-b1a8-f2493702388b,2020,-0.04,rush,random_forest,0.2796475585815198,2019,2
fee7be21-ff73-5a39-948d-5ea1fc9b885e,2020,3.0,rush,random_forest,3.4708632323683113,2019,2
05e08afe-7d4d-5caf-8cbe-6f2682c270d6,2021,3.9818181818181815,rush,random_forest,3.958362723022031,2020,2
070a032d-e19f-5afd-8aa2-5b49d2736619,2021,0.9375,rush,random_forest,1.1957230445439175,2020,2
0c370254-2acd-5345-a009-d0744ed3affe,2021,6.509090909090909,rush,random_forest,5.557843835560383,2020,2
11092b99-31c6-504d-8390-0def87d4a8d5,2021,0.8533333333333334,rush,random_forest,1.7147905518998505,2020,2
13cf76af-bac9-5c77-8d62-e2301ba490d9,2021,1.8571428571428572,rush,random_forest,1.5715364371545881,2020,2
1ac267de-58c9-595e-bac0-858dfda9f6d4,2021,8.381818181818183,rush,random_forest,7.055268198539169,2020,2
34beb3fa-5005-5be2-b163-32949f96ec1b,2021,1.4400000000000002,rush,random_forest,3.4419969673161503,2020,2
3d9dd7dc-b646-5af6-8a50-cb31a1d2a598,2021,3.19375,rush,random_forest,3.0744502421455353,2020,2
45d0654b-4331-56ce-a016-514e89fc38f1,2021,2.533333333333333,rush,random_forest,1.265919568487879,2020,2
478368e9-1d81-51c1-9521-d705a1d2e055,2021,0.6692307692307693,rush,random_forest,1.9760336640692098,2020,2
5944c982-aadb-5aa6-b8a1-809cc5e6fce1,2021,0.26875,rush,random_forest,0.8592059416347719,2020,2
63bb3342-b397-59a1-8e96-925f297382a3,2021,5.676923076923076,rush,random_forest,6.287312720896545,2020,2
692ed3ce-f07d-5199-84d7-2a7b0f80a70e,2021,1.7571428571428573,rush,random_forest,3.56157903898974,2020,2
6bc52e10-146e-5657-86a7-a18757b656a6,2021,2.91875,rush,random_forest,2.752061180385006,2020,2
74a040f9-d7fa-5d7f-b1db-635f481002ea,2021,5.5200000000000005,rush,random_forest,3.662332207320293,2020,2
805959bf-d59f-504f-abaa-98bcf0481637,2021,1.9076923076923078,rush,random_forest,4.151528153977749,2020,2
88147e8e-3779-500e-b561-1a75ebac4651,2021,4.009090909090909,rush,random_forest,4.2866216997361875,2020,2
9253375f-b718-5d18-a6ae-2dfe39cf7cb8,2021,5.027272727272727,rush,random_forest,2.692535014826555,2020,2
9916d928-6327-5a7f-9ae1-1ec039c6cb21,2021,2.026666666666667,rush,random_forest,1.5793890672077382,2020,2
9b030c9d-5325-5fdb-a8fa-a79631f2897c,2021,1.24,rush,random_forest,1.2749935720268737,2020,2
9f08f3c3-af3e-508a-8b15-2cbfa4ad2f03,2021,1.675,rush,random_forest,2.9820881378026147,2020,2
abfaa351-4b53-5eaa-a304-9825243dc5cc,2021,2.727272727272727,rush,random_forest,2.58124754109208,2020,2
b4e9327d-f002-5f05-9a32-9b2fbbcd707f,2021,2.85625,rush,random_forest,5.07247087622824,2020,2
b4f0261b-58ea-51e6-8342-780b4f31418b,2021,1.3812499999999999,rush,random_forest,0.9959959805292311,2020,2
beb784d7-8af2-5381-873e-2287a37d4f37,2021,3.266666666666667,rush,random_forest,2.3636025551509365,2020,2
c346e7f8-fe06-57e2-a5a1-925e5c9e43ee,2021,0.68125,rush,random_forest,1.8369738376527036,2020,2
c63fef1b-16bd-5275-a03e-94cee125aaae,2021,1.4571428571428573,rush,random_forest,1.9309269207223108,2020,2
ccda7d11-8596-5b2e-b55b-d640a79b3cc5,2021,7.0625,rush,random_forest,5.42022166613554,2020,2
d2153ba6-e2e9-5c06-b349-4e078b8b8f01,2021,2.2333333333333334,rush,random_forest,2.383408287172253,2020,2
dce82837-9b56-5207-babe-53cfac54eb70,2021,1.6125,rush,random_forest,2.6370120255770533,2020,2
e46e7f4f-eda6-527e-b398-d5a52cd3fb47,2021,4.7625,rush,random_forest,2.9215894160879152,2020,2
e722f964-f5cb-5b3f-8060-65ba2101afe9,2021,0.5266666666666667,rush,random_forest,0.26745629208700467,2020,2
f2c783c7-afa9-5c55-bc99-1d0967346747,2021,9.893333333333334,rush,random_forest,7.452969540748146,2020,2
f911b2d2-de2b-56cb-8460-37ee3e9e8fdd,2021,0.8800000000000001,rush,random_forest,2.375614419295644,2020,2
f9b1a774-f2ec-541c-870e-a4373e3cc9ca,2021,4.5181818181818185,rush,random_forest,5.338074946350631,2020,2
05d1fee5-084f-5fbd-a509-fe8c23fdc978,2022,4.140000000000001,rush,random_forest,2.5526158075238676,2021,2
05e08afe-7d4d-5caf-8cbe-6f2682c270d6,2022,7.550000000000001,rush,random_forest,4.481995460142994,2021,2
070a032d-e19f-5afd-8aa2-5b49d2736619,2022,1.1666666666666667,rush,random_forest,1.140411603368933,2021,2
11092b99-31c6-504d-8390-0def87d4a8d5,2022,1.1916666666666667,rush,random_forest,1.5321496219671986,2021,2
13cf76af-bac9-5c77-8d62-e2301ba490d9,2022,1.73,rush,random_forest,1.7858866155216448,2021,2
1ac267de-58c9-595e-bac0-858dfda9f6d4,2022,8.954545454545455,rush,random_forest,7.541072549442878,2021,2
21abb04f-3faa-5349-a5e7-44ae9d017d41,2022,1.7285714285714284,rush,random_forest,1.375837415714714,2021,2
2b55d8bd-541c-5cc7-88bf-9d21dd7691ff,2022,0.9000000000000001,rush,random_forest,1.3683083856576652,2021,2
34beb3fa-5005-5be2-b163-32949f96ec1b,2022,2.1454545454545455,rush,random_forest,2.2579565129084966,2021,2
3d9dd7dc-b646-5af6-8a50-cb31a1d2a598,2022,0.925,rush,random_forest,2.9475429761419703,2021,2
45d0654b-4331-56ce-a016-514e89fc38f1,2022,1.8444444444444446,rush,random_forest,1.82104228725758,2021,2
478368e9-1d81-51c1-9521-d705a1d2e055,2022,0.42500000000000004,rush,random_forest,1.1534895987732596,2021,2
47c508de-ee91-5f11-9d62-8e2f9db32ae1,2022,2.40625,rush,random_forest,2.360906035427997,2021,2
5944c982-aadb-5aa6-b8a1-809cc5e6fce1,2022,0.8777777777777778,rush,random_forest,0.8743005143329238,2021,2
63bb3342-b397-59a1-8e96-925f297382a3,2022,6.35,rush,random_forest,5.942749087615298,2021,2
6bc52e10-146e-5657-86a7-a18757b656a6,2022,3.8062500000000004,rush,random_forest,3.0476758643059254,2021,2
805959bf-d59f-504f-abaa-98bcf0481637,2022,3.35,rush,random_forest,2.8581543380955385,2021,2
88147e8e-3779-500e-b561-1a75ebac4651,2022,1.9111111111111114,rush,random_forest,3.374821880998603,2021,2
8d5300d8-e939-50a0-ae30-6124af36ef5b,2022,5.523076923076923,rush,random_forest,4.604583198787579,2021,2
9253375f-b718-5d18-a6ae-2dfe39cf7cb8,2022,4.279999999999999,rush,random_forest,2.3913882966571864,2021,2
9916d928-6327-5a7f-9ae1-1ec039c6cb21,2022,0.9625,rush,random_forest,1.5238041105785172,2021,2
9b030c9d-5325-5fdb-a8fa-a79631f2897c,2022,1.48125,rush,random_forest,0.9374206391011141,2021,2
9d57fdbe-f058-5fa6-af0e-01265f3fe7d0,2022,0.12000000000000002,rush,random_forest,1.3945804020288493,2021,2
9f08f3c3-af3e-508a-8b15-2cbfa4ad2f03,2022,1.9500000000000002,rush,random_forest,2.272684866501409,2021,2
abfaa351-4b53-5eaa-a304-9825243dc5cc,2022,0.5833333333333334,rush,random_forest,2.386417880165773,2021,2
b4e9327d-f002-5f05-9a32-9b2fbbcd707f,2022,4.025,rush,random_forest,3.887725490743202,2021,2
b4f0261b-58ea-51e6-8342-780b4f31418b,2022,0.43125,rush,random_forest,1.138359894989106,2021,2
c346e7f8-fe06-57e2-a5a1-925e5c9e43ee,2022,0.68,rush,random_forest,1.099375468332066,2021,2
c63fef1b-16bd-5275-a03e-94cee125aaae,2022,1.3,rush,random_forest,1.875812098810453,2021,2
ccda7d11-8596-5b2e-b55b-d640a79b3cc5,2022,8.24,rush,random_forest,6.007634893794997,2021,2
d2153ba6-e2e9-5c06-b349-4e078b8b8f01,2022,3.436363636363636,rush,random_forest,2.595265995283671,2021,2
dbddf1a9-f4f2-58d9-b145-32dd70ec0394,2022,3.909090909090909,rush,random_forest,3.055911199851055,2021,2
dce82837-9b56-5207-babe-53cfac54eb70,2022,3.98,rush,random_forest,1.737900468353969,2021,2
e46e7f4f-eda6-527e-b398-d5a52cd3fb47,2022,1.9833333333333334,rush,random_forest,4.157593167103019,2021,2
e7e519e5-a3ec-546f-84c7-ac13364c9dde,2022,4.0200000000000005,rush,random_forest,4.382987471811179,2021,2
f2c783c7-afa9-5c55-bc99-1d0967346747,2022,11.907142857142857,rush,random_forest,7.751156975719896,2021,2
f911b2d2-de2b-56cb-8460-37ee3e9e8fdd,2022,0.4,rush,random_forest,1.7381847482612223,2021,2
f9b1a774-f2ec-541c-870e-a4373e3cc9ca,2022,11.553333333333335,rush,random_forest,5.945231991968155,2021,2
fee7be21-ff73-5a39-948d-5ea1fc9b885e,2022,2.542857142857143,rush,random_forest,3.385683547837875,2021,2
05e08afe-7d4d-5caf-8cbe-6f2682c270d6,2023,5.340000000000001,rush,random_forest,6.045072743983289,2022,2
11092b99-31c6-504d-8390-0def87d4a8d5,2023,0.8727272727272727,rush,random_forest,1.9206605512281927,2022,2
13cf76af-bac9-5c77-8d62-e2301ba490d9,2023,0.65,rush,random_forest,1.391158741007574,2022,2
1ac267de-58c9-595e-bac0-858dfda9f6d4,2023,7.3812500000000005,rush,random_forest,7.003113793122968,2022,2
1e3d359a-7008-5ebd-ac11-015d52bf3e12,2023,2.5500000000000003,rush,random_forest,2.5359582787071715,2022,2
221f2f3d-914f-57ed-915e-e088de1901cb,2023,1.5875,rush,random_forest,2.300619461441714,2022,2
23c337f1-377c-5dc2-b5f1-e12efcdf1755,2023,1.5266666666666668,rush,random_forest,2.6417984837948856,2022,2
34beb3fa-5005-5be2-b163-32949f96ec1b,2023,2.3875,rush,random_forest,2.2426485589500986,2022,2
3d9dd7dc-b646-5af6-8a50-cb31a1d2a598,2023,3.369230769230769,rush,random_forest,2.0762494353620533,2022,2
402eabea-209d-5bae-93ea-ad5e22d373d5,2023,3.85,rush,random_forest,3.0228360853533585,2022,2
45d0654b-4331-56ce-a016-514e89fc38f1,2023,3.8800000000000003,rush,random_forest,2.0014468108943073,2022,2
478368e9-1d81-51c1-9521-d705a1d2e055,2023,1.00625,rush,random_forest,0.7589638356807255,2022,2
47c508de-ee91-5f11-9d62-8e2f9db32ae1,2023,1.407142857142857,rush,random_forest,2.382943550950408,2022,2
5944c982-aadb-5aa6-b8a1-809cc5e6fce1,2023,0.43333333333333335,rush,random_forest,0.955297498601947,2022,2
63bb3342-b397-59a1-8e96-925f297382a3,2023,6.014285714285714,rush,random_forest,5.252067485276419,2022,2
6bc52e10-146e-5657-86a7-a18757b656a6,2023,2.43125,rush,random_forest,2.7788832297534567,2022,2
79e06226-ecc0-5f69-8a91-109b9e055cde,2023,3.3000000000000003,rush,random_forest,2.1237605629311345,2022,2
7ff22629-b2b9-58c7-b56d-8eea3366f94e,2023,3.8375000000000004,rush,random_forest,4.469231656674434,2022,2
805959bf-d59f-504f-abaa-98bcf0481637,2023,3.6733333333333333,rush,random_forest,3.2143396620631073,2022,2
9b030c9d-5325-5fdb-a8fa-a79631f2897c,2023,0.3125,rush,random_forest,1.120470276541876,2022,2
abfaa351-4b53-5eaa-a304-9825243dc5cc,2023,0.41875000000000007,rush,random_forest,1.29706224179715,2022,2
b2cb3f71-0ccd-58f3-8934-7b675a216972,2023,2.8,rush,random_forest,1.5651599517915022,2022,2
b4e9327d-f002-5f05-9a32-9b2fbbcd707f,2023,4.06,rush,random_forest,3.5160832149280212,2022,2
c3254b64-83c1-515c-a106-e1fe1f2a000a,2023,1.7750000000000001,rush,random_forest,1.6137218517304779,2022,2
c346e7f8-fe06-57e2-a5a1-925e5c9e43ee,2023,0.21250000000000002,rush,random_forest,0.9062925342540983,2022,2
c63fef1b-16bd-5275-a03e-94cee125aaae,2023,1.4125,rush,random_forest,2.213031290354849,2022,2
ccda7d11-8596-5b2e-b55b-d640a79b3cc5,2023,9.41875,rush,random_forest,6.38791432453465,2022,2
dbddf1a9-f4f2-58d9-b145-32dd70ec0394,2023,1.0999999999999999,rush,random_forest,3.3202042608551223,2022,2
dce82837-9b56-5207-babe-53cfac54eb70,2023,0.8800000000000001,rush,random_forest,2.6772709515261215,2022,2
df9c20f9-8747-55fa-ae71-b580aa4727ea,2023,6.46923076923077,rush,random_forest,3.5968507810010526,2022,2
e3640a49-e4df-5e1d-a699-7c70108146cc,2023,2.15,rush,random_forest,2.8029562261318537,2022,2
e46e7f4f-eda6-527e-b398-d5a52cd3fb47,2023,1.8375,rush,random_forest,2.537081268753975,2022,2
e7e519e5-a3ec-546f-84c7-ac13364c9dde,2023,4.24,rush,random_forest,5.73185555463724,2022,2
f2c783c7-afa9-5c55-bc99-1d0967346747,2023,10.31875,rush,random_forest,7.945749982862859,2022,2
f9b1a774-f2ec-541c-870e-a4373e3cc9ca,2023,7.666666666666667,rush,random_forest,8.029919055411895,2022,2
fee7be21-ff73-5a39-948d-5ea1fc9b885e,2023,4.85,rush,random_forest,2.0709342120531153,2022,2
05e08afe-7d4d-5caf-8cbe-6f2682c270d6,2024,4.05,rush,random_forest,6.579421687522356,2023,2
11092b99-31c6-504d-8390-0def87d4a8d5,2024,2.0714285714285716,rush,random_forest,1.466608201334337,2023,2
19955737-99cd-505f-88b8-2bdbeb246712,2024,2.9937500000000004,rush,random_forest,5.3606842088858935,2023,2
1ac267de-58c9-595e-bac0-858dfda9f6d4,2024,7.1375,rush,random_forest,7.331947763414967,2023,2
1e3d359a-7008-5ebd-ac11-015d52bf3e12,2024,1.45625,rush,random_forest,2.5904491303693464,2023,2
221f2f3d-914f-57ed-915e-e088de1901cb,2024,1.8888888888888888,rush,random_forest,2.3605736574358445,2023,2
23c337f1-377c-5dc2-b5f1-e12efcdf1755,2024,4.518181818181818,rush,random_forest,3.2043311084970956,2023,2
259d2b5d-f3b0-5389-a954-5e8bc03a3cb8,2024,0.43333333333333335,rush,random_forest,1.2040536168548592,2023,2
34beb3fa-5005-5be2-b163-32949f96ec1b,2024,1.55,rush,random_forest,2.11101419240659,2023,2
3d9dd7dc-b646-5af6-8a50-cb31a1d2a598,2024,2.525,rush,random_forest,2.9562547339181533,2023,2
478368e9-1d81-51c1-9521-d705a1d2e055,2024,0.35,rush,random_forest,0.8527875529793296,2023,2
47c508de-ee91-5f11-9d62-8e2f9db32ae1,2024,2.4875000000000003,rush,random_forest,2.1772703155527107,2023,2
4e03bbdc-d05e-5e4e-9a6b-a8acf3c6430e,2024,4.33,rush,random_forest,4.265079455643054,2023,2
54ab1d88-12aa-569b-be63-bbf531c9a5ef,2024,8.95,rush,random_forest,8.555452232899956,2023,2
5944c982-aadb-5aa6-b8a1-809cc5e6fce1,2024,0.25625,rush,random_forest,0.7291502051294095,2023,2
63bb3342-b397-59a1-8e96-925f297382a3,2024,5.625000000000001,rush,random_forest,5.885133578108158,2023,2
648a438e-7b9e-5d04-b2aa-9188b13b2542,2024,1.45,rush,random_forest,1.2309758197449416,2023,2
6bc52e10-146e-5657-86a7-a18757b656a6,2024,2.79375,rush,random_forest,2.9722245148495086,2023,2
79e06226-ecc0-5f69-8a91-109b9e055cde,2024,1.092857142857143,rush,random_forest,2.7452327921381277,2023,2
7f35b557-87ab-58c8-a8ca-50a990c9e541,2024,6.425,rush,random_forest,1.2974788785729905,2023,2
805959bf-d59f-504f-abaa-98bcf0481637,2024,2.79,rush,random_forest,4.080344394139087,2023,2
9253375f-b718-5d18-a6ae-2dfe39cf7cb8,2024,1.7000000000000002,rush,random_forest,2.2639792097561684,2023,2
9916d928-6327-5a7f-9ae1-1ec039c6cb21,2024,0.66875,rush,random_forest,1.332186276638578,2023,2
9b030c9d-5325-5fdb-a8fa-a79631f2897c,2024,0.0,rush,random_forest,1.0351311761570416,2023,2
9d57fdbe-f058-5fa6-af0e-01265f3fe7d0,2024,0.18888888888888888,rush,random_forest,0.9037446513681814,2023,2
a5efc43f-7911-5ff3-bcc0-def8b7be0172,2024,2.442857142857143,rush,random_forest,0.9957990485633106,2023,2
abfaa351-4b53-5eaa-a304-9825243dc5cc,2024,0.4454545454545455,rush,random_forest,1.0288623262828935,2023,2
b4e9327d-f002-5f05-9a32-9b2fbbcd707f,2024,3.5888888888888886,rush,random_forest,3.8124641204819634,2023,2
beb784d7-8af2-5381-873e-2287a37d4f37,2024,2.1571428571428575,rush,random_forest,2.0510713006966768,2023,2
c3254b64-83c1-515c-a106-e1fe1f2a000a,2024,4.486666666666666,rush,random_forest,2.30419220076873,2023,2
c346e7f8-fe06-57e2-a5a1-925e5c9e43ee,2024,1.41,rush,random_forest,0.745615511473555,2023,2
c63fef1b-16bd-5275-a03e-94cee125aaae,2024,3.25,rush,random_forest,1.6969233218424151,2023,2
ccda7d11-8596-5b2e-b55b-d640a79b3cc5,2024,8.56875,rush,random_forest,6.898432516700394,2023,2
cd0167c0-d9ce-5180-856c-d26959a81941,2024,4.14375,rush,random_forest,3.8166213057697975,2023,2
d0e529e4-2d5e-58ec-b87d-1a32b8954539,2024,8.293333333333333,rush,random_forest,7.72935146428005,2023,2
d2153ba6-e2e9-5c06-b349-4e078b8b8f01,2024,1.0333333333333334,rush,random_forest,2.499910837601692,2023,2
db0eda74-3c4b-5743-87c4-c93270f4edc1,2024,2.2500000000000004,rush,random_forest,2.4916982922127753,2023,2
dce82837-9b56-5207-babe-53cfac54eb70,2024,2.1375,rush,random_forest,2.230066966001948,2023,2
e3640a49-e4df-5e1d-a699-7c70108146cc,2024,0.5800000000000001,rush,random_forest,2.631817085693301,2023,2
e7e519e5-a3ec-546f-84c7-ac13364c9dde,2024,3.1142857142857143,rush,random_forest,4.6884923992097045,2023,2
f2c783c7-afa9-5c55-bc99-1d0967346747,2024,11.207142857142857,rush,random_forest,8.233278153781615,2023,2
f911b2d2-de2b-56cb-8460-37ee3e9e8fdd,2024,0.68,rush,random_forest,1.0220447666066461,2023,2
f9b1a774-f2ec-541c-870e-a4373e3cc9ca,2024,9.683333333333332,rush,random_forest,4.816030223317486,2023,2
05e08afe-7d4d-5caf-8cbe-6f2682c270d6,2025,4.25,rush,random_forest,6.081617094324648,2024,0
11092b99-31c6-504d-8390-0def87d4a8d5,2025,0.8,rush,random_forest,2.0587995227449998,2024,0
19955737-99cd-505f-88b8-2bdbeb246712,2025,3.7,rush,random_forest,5.092213053144416,2024,0
1ac267de-58c9-595e-bac0-858dfda9f6d4,2025,4.300000000000001,rush,random_forest,7.044267257686518,2024,0
1e3d359a-7008-5ebd-ac11-015d52bf3e12,2025,1.5999999999999999,rush,random_forest,2.2710287416851136,2024,0
21270a48-2c80-5b91-b05c-ee7bf19df53d,2025,1.5555555555555556,rush,random_forest,2.372202894417905,2024,0
21abb04f-3faa-5349-a5e7-44ae9d017d41,2025,2.875,rush,random_forest,1.148046183512367,2024,0
23c337f1-377c-5dc2-b5f1-e12efcdf1755,2025,2.3800000000000003,rush,random_forest,3.6300123668477404,2024,0
259d2b5d-f3b0-5389-a954-5e8bc03a3cb8,2025,1.01,rush,random_forest,0.9353158119545538,2024,0
2e3787a6-b1ba-5d9f-9a61-8f79048010ff,2025,3.244444444444445,rush,random_forest,3.587126463853621,2024,0
34beb3fa-5005-5be2-b163-32949f96ec1b,2025,1.9875,rush,random_forest,1.4366716809228495,2024,0
3d9dd7dc-b646-5af6-8a50-cb31a1d2a598,2025,3.9875,rush,random_forest,2.4583428160046754,2024,0
3f84e8f1-fa59-519f-8069-0885da369954,2025,1.6800000000000002,rush,random_forest,2.862752610886609,2024,0
444c96a9-dd23-5918-b283-37b9ce8ded40,2025,3.042857142857143,rush,random_forest,2.48772716422562,2024,0
478368e9-1d81-51c1-9521-d705a1d2e055,2025,0.28125000000000006,rush,random_forest,0.634247586482972,2024,0
47c508de-ee91-5f11-9d62-8e2f9db32ae1,2025,0.7266666666666667,rush,random_forest,2.2439139253990894,2024,0
4e03bbdc-d05e-5e4e-9a6b-a8acf3c6430e,2025,4.30625,rush,random_forest,5.410810623483724,2024,0
5944c982-aadb-5aa6-b8a1-809cc5e6fce1,2025,-0.012499999999999997,rush,random_forest,0.7492548297698132,2024,0
5ac63d55-0f02-5097-9962-595dcede5e49,2025,2.725,rush,random_forest,2.295298580537072,2024,0
63bb3342-b397-59a1-8e96-925f297382a3,2025,4.86,rush,random_forest,5.936055395291932,2024,0
6bc52e10-146e-5657-86a7-a18757b656a6,2025,5.514285714285714,rush,random_forest,2.6488287813244122,2024,0
74a040f9-d7fa-5d7f-b1db-635f481002ea,2025,4.26,rush,random_forest,2.165574551136351,2024,0
787ddae6-47c4-5245-84ff-c1d7d67a39a1,2025,1.3625,rush,random_forest,3.3174712109787876,2024,0
79e06226-ecc0-5f69-8a91-109b9e055cde,2025,1.3714285714285717,rush,random_forest,2.156607764688989,2024,0
8d5300d8-e939-50a0-ae30-6124af36ef5b,2025,4.075,rush,random_forest,2.1318587346927047,2024,0
9253375f-b718-5d18-a6ae-2dfe39cf7cb8,2025,0.5375000000000001,rush,random_forest,2.3601709463681395,2024,0
9916d928-6327-5a7f-9ae1-1ec039c6cb21,2025,0.74,rush,random_forest,0.9391395419198707,2024,0
9b030c9d-5325-5fdb-a8fa-a79631f2897c,2025,1.0714285714285714,rush,random_forest,0.923692040969483,2024,0
abfaa351-4b53-5eaa-a304-9825243dc5cc,2025,0.3071428571428572,rush,random_forest,1.0836535153292837,2024,0
b4e9327d-f002-5f05-9a32-9b2fbbcd707f,2025,6.1125,rush,random_forest,3.1616703732135893,2024,0
c3254b64-83c1-515c-a106-e1fe1f2a000a,2025,4.2,rush,random_forest,3.483844424096214,2024,0
c63fef1b-16bd-5275-a03e-94cee125aaae,2025,2.63125,rush,random_forest,2.683418664648289,2024,0
ccda7d11-8596-5b2e-b55b-d640a79b3cc5,2025,9.74375,rush,random_forest,6.996555052338936,2024,0
cd0167c0-d9ce-5180-856c-d26959a81941,2025,4.10625,rush,random_forest,4.8386923339222,2024,0
d0e529e4-2d5e-58ec-b87d-1a32b8954539,2025,5.971428571428572,rush,random_forest,7.853576326208926,2024,0
d2153ba6-e2e9-5c06-b349-4e078b8b8f01,2025,1.9727272727272727,rush,random_forest,1.8403798365866375,2024,0
db0eda74-3c4b-5743-87c4-c93270f4edc1,2025,2.0875000000000004,rush,random_forest,3.68742436619905,2024,0
dce82837-9b56-5207-babe-53cfac54eb70,2025,0.4000000000000001,rush,random_forest,2.119687447660143,2024,0
ddf55e16-fa43-5d7e-92f4-f41e53fd6fb7,2025,9.863636363636363,rush,random_forest,3.765591288254284,2024,0
df8422ce-da76-5999-80be-a47aead4fc59,2025,5.044444444444444,rush,random_forest,2.5837159996736747,2024,0
f2c783c7-afa9-5c55-bc99-1d0967346747,2025,6.13125,rush,random_forest,9.137962974209154,2024,0
f9b1a774-f2ec-541c-870e-a4373e3cc9ca,2025,7.366666666666666,rush,random_forest,8.129001189476762,2024,0
006d6e97-5088-5763-9fce-72ff5ff45d7e,2017,0.2,rush,lightgbm,0.6979426367774884,2016,3
06db6fd1-8f8b-599c-9f54-3360e7e3fccf,2017,0.17142857142857146,rush,lightgbm,0.4527853984418374,2016,3
070a032d-e19f-5afd-8aa2-5b49d2736619,2017,0.86,rush,lightgbm,0.6029616232694911,2016,3
0e1c1cf3-a023-55da-9ef3-b52cbc04e1a1,2017,7.433333333333334,rush,lightgbm,5.3828027273687615,2016,3
13cf76af-bac9-5c77-8d62-e2301ba490d9,2017,1.95,rush,lightgbm,1.6921383102931837,2016,3
259d2b5d-f3b0-5389-a954-5e8bc03a3cb8,2017,0.8266666666666667,rush,lightgbm,0.8155537275997118,2016,3
34beb3fa-5005-5be2-b163-32949f96ec1b,2017,5.073333333333333,rush,lightgbm,3.328510228718195,2016,3
38cc56d5-c433-5c30-9189-2f328863acc0,2017,0.7142857142857143,rush,lightgbm,0.3698384680670274,2016,3
407d5713-2387-5d98-8bbe-faf956914733,2017,0.25833333333333336,rush,lightgbm,1.4110489170480296,2016,3
478368e9-1d81-51c1-9521-d705a1d2e055,2017,0.8066666666666666,rush,lightgbm,1.3735474033675983,2016,3
5944c982-aadb-5aa6-b8a1-809cc5e6fce1,2017,0.6400000000000001,rush,lightgbm,2.8260288800854925,2016,3
62fb4320-5510-54a8-8360-27a49422ad00,2017,0.225,rush,lightgbm,0.7361616169366305,2016,3
74a040f9-d7fa-5d7f-b1db-635f481002ea,2017,4.8,rush,lightgbm,5.224259635253439,2016,3
805959bf-d59f-504f-abaa-98bcf0481637,2017,5.066666666666666,rush,lightgbm,3.140525327026638,2016,3
864ae232-4c8f-59b7-b3a2-92573d28ba86,2017,5.766666666666667,rush,lightgbm,2.0643089949709745,2016,3
8d5300d8-e939-50a0-ae30-6124af36ef5b,2017,3.2538461538461543,rush,lightgbm,2.947072299550603,2016,3
9419dec6-8187-5c2d-96ee-2d81a6dd891f,2017,1.6428571428571428,rush,lightgbm,1.2632807749809116,2016,3
9916d928-6327-5a7f-9ae1-1ec039c6cb21,2017,2.1,rush,lightgbm,2.781510507131186,2016,3
9b030c9d-5325-5fdb-a8fa-a79631f2897c,2017,2.513333333333333,rush,lightgbm,2.0927589408528093,2016,3
9f08f3c3-af3e-508a-8b15-2cbfa4ad2f03,2017,2.3000000000000003,rush,lightgbm,1.8784771597968104,2016,3
ad6398f8-015a-5cb3-87d6-577b351ddcb9,2017,0.03333333333333334,rush,lightgbm,0.8567397641916581,2016,3
aefb525e-f3a6-50b7-b839-2e2e673aaa95,2017,2.8333333333333335,rush,lightgbm,3.2207890002695083,2016,3
b382165b-655f-5588-be0e-c46aacbbfe48,2017,1.54,rush,lightgbm,0.6594834137463138,2016,3
b398cd14-cc10-5a9e-b105-45fc20809edf,2017,0.1,rush,lightgbm,1.3524446564568273,2016,3
b4f0261b-58ea-51e6-8342-780b4f31418b,2017,0.18666666666666668,rush,lightgbm,0.8428523830146443,2016,3
b53cd9da-5302-5803-8dc0-c4cb4ec42927,2017,1.0,rush,lightgbm,0.6647027224330418,2016,3
b64a8149-19c0-519e-8862-ca2dcf2afef4,2017,5.057142857142857,rush,lightgbm,4.6460779340407425,2016,3
b744e4fc-9ec6-5815-8413-350c18a0aaf3,2017,3.02,rush,lightgbm,3.8094608630284927,2016,3
bd52e3ef-9f48-5bcb-b3fb-89d563f3599a,2017,1.97,rush,lightgbm,0.8414623307916836,2016,3
beb784d7-8af2-5381-873e-2287a37d4f37,2017,0.9363636363636364,rush,lightgbm,2.5670612683060074,2016,3
c346e7f8-fe06-57e2-a5a1-925e5c9e43ee,2017,0.4642857142857143,rush,lightgbm,1.0136021449785,2016,3
e722f964-f5cb-5b3f-8060-65ba2101afe9,2017,0.31333333333333335,rush,lightgbm,0.6533901819290765,2016,3
e7e519e5-a3ec-546f-84c7-ac13364c9dde,2017,5.8428571428571425,rush,lightgbm,4.2792363234299104,2016,3
ebfd7c6e-7517-56e5-a516-3f390631c635,2017,3.646153846153846,rush,lightgbm,1.1384777238528199,2016,3
f5534cc0-db92-53a4-b1a8-f2493702388b,2017,-0.04666666666666666,rush,lightgbm,0.4550244779070966,2016,3
f911b2d2-de2b-56cb-8460-37ee3e9e8fdd,2017,0.6733333333333335,rush,lightgbm,3.074952071783621,2016,3
fee7be21-ff73-5a39-948d-5ea1fc9b885e,2017,3.5090909090909093,rush,lightgbm,1.9596560626329858,2016,3
070a032d-e19f-5afd-8aa2-5b49d2736619,2018,2.186666666666667,rush,lightgbm,1.2623960517291224,2017,3
0e1c1cf3-a023-55da-9ef3-b52cbc04e1a1,2018,5.485714285714286,rush,lightgbm,5.738893740464893,2017,3
1ac267de-58c9-595e-bac0-858dfda9f6d4,2018,10.266666666666667,rush,lightgbm,3.52736107527909,2017,3
259d2b5d-f3b0-5389-a954-5e8bc03a3cb8,2018,0.5,rush,lightgbm,0.927002483799845,2017,3
26910920-a835-56ad-8cf6-43fbb1b551ad,2018,3.65,rush,lightgbm,1.5814787917132813,2017,3
34beb3fa-5005-5be2-b163-32949f96ec1b,2018,4.833333333333333,rush,lightgbm,5.066955204712069,2017,3
38cc56d5-c433-5c30-9189-2f328863acc0,2018,0.5866666666666667,rush,lightgbm,1.0010780246267479,2017,3
3ebb992a-a3ca-5760-ba54-f9986c4a7e68,2018,0.28,rush,lightgbm,2.0095690274969185,2017,3
478368e9-1d81-51c1-9521-d705a1d2e055,2018,1.6533333333333333,rush,lightgbm,1.0983793789386547,2017,3
5944c982-aadb-5aa6-b8a1-809cc5e6fce1,2018,0.4866666666666667,rush,lightgbm,0.8181784269093697,2017,3
6bc52e10-146e-5657-86a7-a18757b656a6,2018,2.74,rush,lightgbm,3.3631101802717995,2017,3
7b4909e3-c8b2-5d03-9727-65629b87a53f,2018,0.8733333333333334,rush,lightgbm,2.680929011790952,2017,3
805959bf-d59f-504f-abaa-98bcf0481637,2018,2.5200000000000005,rush,lightgbm,4.535998269572267,2017,3
84499736-8ce6-5adb-8910-aee72924fd6d,2018,1.05,rush,lightgbm,2.4020310903969913,2017,3
864ae232-4c8f-59b7-b3a2-92573d28ba86,2018,2.7800000000000002,rush,lightgbm,2.401855500429124,2017,3
8d5300d8-e939-50a0-ae30-6124af36ef5b,2018,3.5500000000000003,rush,lightgbm,5.001199559720836,2017,3
9253375f-b718-5d18-a6ae-2dfe39cf7cb8,2018,1.4749999999999999,rush,lightgbm,2.4609816523610526,2017,3
9419dec6-8187-5c2d-96ee-2d81a6dd891f,2018,1.5,rush,lightgbm,1.383720213866654,2017,3
9916d928-6327-5a7f-9ae1-1ec039c6cb21,2018,2.7266666666666666,rush,lightgbm,2.2571646951044757,2017,3
9b030c9d-5325-5fdb-a8fa-a79631f2897c,2018,1.24,rush,lightgbm,2.161598787855334,2017,3
9f08f3c3-af3e-508a-8b15-2cbfa4ad2f03,2018,0.8454545454545456,rush,lightgbm,2.773179873847355,2017,3
aefb525e-f3a6-50b7-b839-2e2e673aaa95,2018,2.38,rush,lightgbm,2.422440929501356,2017,3
b4f0261b-58ea-51e6-8342-780b4f31418b,2018,1.1666666666666667,rush,lightgbm,0.900057503509375,2017,3
b53cd9da-5302-5803-8dc0-c4cb4ec42927,2018,2.013333333333333,rush,lightgbm,0.8912643080902616,2017,3
b744e4fc-9ec6-5815-8413-350c18a0aaf3,2018,3.590909090909091,rush,lightgbm,3.1167695105940934,2017,3
b8bbd5f1-9354-57da-9dd9-25d2d87931a9,2018,0.325,rush,lightgbm,1.8472862674841048,2017,3
beb784d7-8af2-5381-873e-2287a37d4f37,2018,3.2800000000000002,rush,lightgbm,2.5804140986026343,2017,3
c346e7f8-fe06-57e2-a5a1-925e5c9e43ee,2018,0.7799999999999999,rush,lightgbm,1.1554619461964701,2017,3
c63fef1b-16bd-5275-a03e-94cee125aaae,2018,1.0076923076923077,rush,lightgbm,2.5407113502785923,2017,3
ccda7d11-8596-5b2e-b55b-d640a79b3cc5,2018,8.872727272727273,rush,lightgbm,4.0385999530752175,2017,3
d0494295-31eb-5518-8b54-6d71d50f02eb,2018,2.9400000000000004,rush,lightgbm,2.579134691709295,2017,3
e46e7f4f-eda6-527e-b398-d5a52cd3fb47,2018,1.36,rush,lightgbm,1.931486208811326,2017,3
e722f964-f5cb-5b3f-8060-65ba2101afe9,2018,2.033333333333333,rush,lightgbm,0.6151474934260979,2017,3
e7e519e5-a3ec-546f-84c7-ac13364c9dde,2018,5.1,rush,lightgbm,4.9959622712254195,2017,3
f5534cc0-db92-53a4-b1a8-f2493702388b,2018,0.04666666666666666,rush,lightgbm,0.2806537185161861,2017,3
f911b2d2-de2b-56cb-8460-37ee3e9e8fdd,2018,0.9,rush,lightgbm,1.508032070831951,2017,3
fee7be21-ff73-5a39-948d-5ea1fc9b885e,2018,4.730769230769231,rush,lightgbm,4.2073357394362905,2017,3
05e08afe-7d4d-5caf-8cbe-6f2682c270d6,2019,3.527272727272728,rush,lightgbm,2.159384548823417,2018,1
070a032d-e19f-5afd-8aa2-5b49d2736619,2019,1.5500000000000003,rush,lightgbm,2.6252108200997317,2018,1
0c370254-2acd-5345-a009-d0744ed3affe,2019,1.4800000000000002,rush,lightgbm,2.8397973632615106,2018,1
13cf76af-bac9-5c77-8d62-e2301ba490d9,2019,0.8533333333333334,rush,lightgbm,1.088269499585664,2018,1
1ac267de-58c9-595e-bac0-858dfda9f6d4,2019,11.640000000000002,rush,lightgbm,5.259040308699184,2018,1
259d2b5d-f3b0-5389-a954-5e8bc03a3cb8,2019,0.25,rush,lightgbm,0.7143961829559415,2018,1
26910920-a835-56ad-8cf6-43fbb1b551ad,2019,3.3692307692307697,rush,lightgbm,2.2656219725751674,2018,1
34beb3fa-5005-5be2-b163-32949f96ec1b,2019,3.0133333333333336,rush,lightgbm,4.362327899291346,2018,1
35d5ce2f-914c-5098-8b03-22f5a120ba0c,2019,2.0083333333333333,rush,lightgbm,3.007015896712621,2018,1
38cc56d5-c433-5c30-9189-2f328863acc0,2019,0.17500000000000002,rush,lightgbm,1.007194739824037,2018,1
478368e9-1d81-51c1-9521-d705a1d2e055,2019,1.1733333333333333,rush,lightgbm,1.3555905748247403,2018,1
5944c982-aadb-5aa6-b8a1-809cc5e6fce1,2019,0.8250000000000001,rush,lightgbm,0.849639426598924,2018,1
63bb3342-b397-59a1-8e96-925f297382a3,2019,5.493333333333334,rush,lightgbm,6.111876104045617,2018,1
6bc52e10-146e-5657-86a7-a18757b656a6,2019,2.7916666666666665,rush,lightgbm,2.47160834478789,2018,1
7f35b557-87ab-58c8-a8ca-50a990c9e541,2019,1.075,rush,lightgbm,3.2606726243196236,2018,1
805959bf-d59f-504f-abaa-98bcf0481637,2019,3.486666666666667,rush,lightgbm,3.859476998157562,2018,1
84499736-8ce6-5adb-8910-aee72924fd6d,2019,0.325,rush,lightgbm,2.4994763132686324,2018,1
8d5300d8-e939-50a0-ae30-6124af36ef5b,2019,2.15,rush,lightgbm,4.805340159827301,2018,1
9253375f-b718-5d18-a6ae-2dfe39cf7cb8,2019,1.7,rush,lightgbm,2.3063968874934573,2018,1
9419dec6-8187-5c2d-96ee-2d81a6dd891f,2019,1.3833333333333335,rush,lightgbm,1.8771245468120092,2018,1
9916d928-6327-5a7f-9ae1-1ec039c6cb21,2019,1.6800000000000002,rush,lightgbm,2.178729196996471,2018,1
9b030c9d-5325-5fdb-a8fa-a79631f2897c,2019,0.8866666666666667,rush,lightgbm,1.612390883599876,2018,1
9f08f3c3-af3e-508a-8b15-2cbfa4ad2f03,2019,1.9866666666666668,rush,lightgbm,1.9456537731721404,2018,1
b4f0261b-58ea-51e6-8342-780b4f31418b,2019,1.6266666666666665,rush,lightgbm,1.2813074933444826,2018,1
b53cd9da-5302-5803-8dc0-c4cb4ec42927,2019,0.7444444444444445,rush,lightgbm,1.2036581503638775,2018,1
beb784d7-8af2-5381-873e-2287a37d4f37,2019,2.1,rush,lightgbm,2.669785152925367,2018,1
c346e7f8-fe06-57e2-a5a1-925e5c9e43ee,2019,1.48,rush,lightgbm,1.0451651051380506,2018,1
c63fef1b-16bd-5275-a03e-94cee125aaae,2019,2.146666666666667,rush,lightgbm,1.5677242905471038,2018,1
ccda7d11-8596-5b2e-b55b-d640a79b3cc5,2019,7.6,rush,lightgbm,4.930682850016385,2018,1
d2153ba6-e2e9-5c06-b349-4e078b8b8f01,2019,3.746153846153846,rush,lightgbm,1.7921410552226134,2018,1
dbc808ad-2a1a-58cb-8c4a-d25251c207d0,2019,1.2625000000000002,rush,lightgbm,1.9313478080880397,2018,1
e3640a49-e4df-5e1d-a699-7c70108146cc,2019,2.5923076923076924,rush,lightgbm,2.7725792321441824,2018,1
e46e7f4f-eda6-527e-b398-d5a52cd3fb47,2019,4.470000000000001,rush,lightgbm,1.5341891833681263,2018,1
e7e519e5-a3ec-546f-84c7-ac13364c9dde,2019,6.02,rush,lightgbm,4.906421676999019,2018,1
f5534cc0-db92-53a4-b1a8-f2493702388b,2019,0.16000000000000003,rush,lightgbm,0.03815165539323345,2018,1
f911b2d2-de2b-56cb-8460-37ee3e9e8fdd,2019,2.275,rush,lightgbm,0.8635731986335401,2018,1
fee7be21-ff73-5a39-948d-5ea1fc9b885e,2019,2.553846153846154,rush,lightgbm,4.477623380384245,2018,1
05e08afe-7d4d-5caf-8cbe-6f2682c270d6,2020,3.661538461538462,rush,lightgbm,3.3134078187975278,2019,1
070a032d-e19f-5afd-8aa2-5b49d2736619,2020,1.0733333333333333,rush,lightgbm,0.9771663472582663,2019,1
0c370254-2acd-5345-a009-d0744ed3affe,2020,6.04,rush,lightgbm,1.8077000630853257,2019,1
0e1c1cf3-a023-55da-9ef3-b52cbc04e1a1,2020,9.664285714285715,rush,lightgbm,5.416742945381429,2019,1
13cf76af-bac9-5c77-8d62-e2301ba490d9,2020,0.4166666666666667,rush,lightgbm,0.7858442534398897,2019,1
1ac267de-58c9-595e-bac0-858dfda9f6d4,2020,10.12857142857143,rush,lightgbm,5.38493631170433,2019,1
26910920-a835-56ad-8cf6-43fbb1b551ad,2020,3.6375,rush,lightgbm,2.7197460626968826,2019,1
34beb3fa-5005-5be2-b163-32949f96ec1b,2020,6.0600000000000005,rush,lightgbm,2.751404244643689,2019,1
3d9dd7dc-b646-5af6-8a50-cb31a1d2a598,2020,3.607142857142857,rush,lightgbm,3.6545815679745055,2019,1
478368e9-1d81-51c1-9521-d705a1d2e055,2020,2.5266666666666664,rush,lightgbm,1.0264731972457202,2019,1
5944c982-aadb-5aa6-b8a1-809cc5e6fce1,2020,0.7357142857142858,rush,lightgbm,0.7168797011198924,2019,1
63bb3342-b397-59a1-8e96-925f297382a3,2020,10.639999999999999,rush,lightgbm,5.0000671850981275,2019,1
692ed3ce-f07d-5199-84d7-2a7b0f80a70e,2020,4.442857142857142,rush,lightgbm,1.0442386645209163,2019,1
6bc52e10-146e-5657-86a7-a18757b656a6,2020,2.986666666666667,rush,lightgbm,2.6701659175188457,2019,1
7f35b557-87ab-58c8-a8ca-50a990c9e541,2020,3.3,rush,lightgbm,2.554296250690149,2019,1
805959bf-d59f-504f-abaa-98bcf0481637,2020,4.16,rush,lightgbm,2.70945728946294,2019,1
9253375f-b718-5d18-a6ae-2dfe39cf7cb8,2020,3.2181818181818183,rush,lightgbm,1.4350513049350353,2019,1
9916d928-6327-5a7f-9ae1-1ec039c6cb21,2020,2.3666666666666667,rush,lightgbm,1.995270714780256,2019,1
9b030c9d-5325-5fdb-a8fa-a79631f2897c,2020,1.1071428571428572,rush,lightgbm,1.0483901041571662,2019,1
9f08f3c3-af3e-508a-8b15-2cbfa4ad2f03,2020,5.216666666666667,rush,lightgbm,2.565448967422071,2019,1
abfaa351-4b53-5eaa-a304-9825243dc5cc,2020,3.6375,rush,lightgbm,2.868789271816576,2019,1
aefb525e-f3a6-50b7-b839-2e2e673aaa95,2020,0.04285714285714285,rush,lightgbm,1.710689154731211,2019,1
b4f0261b-58ea-51e6-8342-780b4f31418b,2020,1.4200000000000002,rush,lightgbm,1.1952802303793462,2019,1
b53cd9da-5302-5803-8dc0-c4cb4ec42927,2020,1.3900000000000001,rush,lightgbm,0.8091683309128015,2019,1
b8bbd5f1-9354-57da-9dd9-25d2d87931a9,2020,0.9125000000000001,rush,lightgbm,1.09416004236345,2019,1
c346e7f8-fe06-57e2-a5a1-925e5c9e43ee,2020,2.492857142857143,rush,lightgbm,1.1823385835311808,2019,1
c63fef1b-16bd-5275-a03e-94cee125aaae,2020,1.2733333333333334,rush,lightgbm,1.6893335122623492,2019,1
ccda7d11-8596-5b2e-b55b-d640a79b3cc5,2020,6.5200000000000005,rush,lightgbm,5.711500994879806,2019,1
dbc808ad-2a1a-58cb-8c4a-d25251c207d0,2020,1.657142857142857,rush,lightgbm,1.2555652764944314,2019,1
dce82837-9b56-5207-babe-53cfac54eb70,2020,3.5200000000000005,rush,lightgbm,3.4637751609141922,2019,1
e3640a49-e4df-5e1d-a699-7c70108146cc,2020,2.477777777777778,rush,lightgbm,3.331025680272441,2019,1
e46e7f4f-eda6-527e-b398-d5a52cd3fb47,2020,3.853333333333333,rush,lightgbm,2.4814493615405575,2019,1
e722f964-f5cb-5b3f-8060-65ba2101afe9,2020,0.07333333333333333,rush,lightgbm,0.9370156311260808,2019,1
e7e519e5-a3ec-546f-84c7-ac13364c9dde,2020,4.28,rush,lightgbm,5.32623509333281,2019,1
f2c783c7-afa9-5c55-bc99-1d0967346747,2020,8.675,rush,lightgbm,2.9741108414687902,2019,1
f5534cc0-db92-53a4-b1a8-f2493702388b,2020,-0.04,rush,lightgbm,0.432067847797703,2019,1
fee7be21-ff73-5a39-948d-5ea1fc9b885e,2020,3.0,rush,lightgbm,3.193051444900684,2019,1
05e08afe-7d4d-5caf-8cbe-6f2682c270d6,2021,3.9818181818181815,rush,lightgbm,4.062320147873309,2020,1
070a032d-e19f-5afd-8aa2-5b49d2736619,2021,0.9375,rush,lightgbm,0.9455710312310566,2020,1
0c370254-2acd-5345-a009-d0744ed3affe,2021,6.509090909090909,rush,lightgbm,5.560186019253534,2020,1
11092b99-31c6-504d-8390-0def87d4a8d5,2021,0.8533333333333334,rush,lightgbm,2.1094237925141615,2020,1
13cf76af-bac9-5c77-8d62-e2301ba490d9,2021,1.8571428571428572,rush,lightgbm,1.5694708196452143,2020,1
1ac267de-58c9-595e-bac0-858dfda9f6d4,2021,8.381818181818183,rush,lightgbm,5.73855092062863,2020,1
34beb3fa-5005-5be2-b163-32949f96ec1b,2021,1.4400000000000002,rush,lightgbm,2.680414396870909,2020,1
3d9dd7dc-b646-5af6-8a50-cb31a1d2a598,2021,3.19375,rush,lightgbm,3.4946388738869456,2020,1
45d0654b-4331-56ce-a016-514e89fc38f1,2021,2.533333333333333,rush,lightgbm,1.5288138520556003,2020,1
478368e9-1d81-51c1-9521-d705a1d2e055,2021,0.6692307692307693,rush,lightgbm,1.5212245673370313,2020,1
5944c982-aadb-5aa6-b8a1-809cc5e6fce1,2021,0.26875,rush,lightgbm,0.8935888262798388,2020,1
63bb3342-b397-59a1-8e96-925f297382a3,2021,5.676923076923076,rush,lightgbm,5.915851090598458,2020,1
692ed3ce-f07d-5199-84d7-2a7b0f80a70e,2021,1.7571428571428573,rush,lightgbm,3.8489381754202903,2020,1
6bc52e10-146e-5657-86a7-a18757b656a6,2021,2.91875,rush,lightgbm,2.6001964078416333,2020,1
74a040f9-d7fa-5d7f-b1db-635f481002ea,2021,5.5200000000000005,rush,lightgbm,2.8397678088034715,2020,1
805959bf-d59f-504f-abaa-98bcf0481637,2021,1.9076923076923078,rush,lightgbm,4.114385552246159,2020,1
88147e8e-3779-500e-b561-1a75ebac4651,2021,4.009090909090909,rush,lightgbm,4.056804041302766,2020,1
9253375f-b718-5d18-a6ae-2dfe39cf7cb8,2021,5.027272727272727,rush,lightgbm,2.776247170240102,2020,1
9916d928-6327-5a7f-9ae1-1ec039c6cb21,2021,2.026666666666667,rush,lightgbm,1.4570303489870788,2020,1
9b030c9d-5325-5fdb-a8fa-a79631f2897c,2021,1.24,rush,lightgbm,1.0247952887597984,2020,1
9f08f3c3-af3e-508a-8b15-2cbfa4ad2f03,2021,1.675,rush,lightgbm,2.653263485266511,2020,1
abfaa351-4b53-5eaa-a304-9825243dc5cc,2021,2.727272727272727,rush,lightgbm,3.0990798901311782,2020,1
b4e9327d-f002-5f05-9a32-9b2fbbcd707f,2021,2.85625,rush,lightgbm,4.794135282295194,2020,1
b4f0261b-58ea-51e6-8342-780b4f31418b,2021,1.3812499999999999,rush,lightgbm,1.1556254453114263,2020,1
beb784d7-8af2-5381-873e-2287a37d4f37,2021,3.266666666666667,rush,lightgbm,3.083277863820136,2020,1
c346e7f8-fe06-57e2-a5a1-925e5c9e43ee,2021,0.68125,rush,lightgbm,1.3408444996396367,2020,1
c63fef1b-16bd-5275-a03e-94cee125aaae,2021,1.4571428571428573,rush,lightgbm,2.070831475346069,2020,1
ccda7d11-8596-5b2e-b55b-d640a79b3cc5,2021,7.0625,rush,lightgbm,5.5024596644368255,2020,1
d2153ba6-e2e9-5c06-b349-4e078b8b8f01,2021,2.2333333333333334,rush,lightgbm,2.4211472164854935,2020,1
dce82837-9b56-5207-babe-53cfac54eb70,2021,1.6125,rush,lightgbm,2.646176686330994,2020,1
e46e7f4f-eda6-527e-b398-d5a52cd3fb47,2021,4.7625,rush,lightgbm,2.5815740713876667,2020,1
e722f964-f5cb-5b3f-8060-65ba2101afe9,2021,0.5266666666666667,rush,lightgbm,0.17693439453606352,2020,1
f2c783c7-afa9-5c55-bc99-1d0967346747,2021,9.893333333333334,rush,lightgbm,6.56741523432156,2020,1
f911b2d2-de2b-56cb-8460-37ee3e9e8fdd,2021,0.8800000000000001,rush,lightgbm,2.064711109803746,2020,1
f9b1a774-f2ec-541c-870e-a4373e3cc9ca,2021,4.5181818181818185,rush,lightgbm,5.780721868457268,2020,1
05d1fee5-084f-5fbd-a509-fe8c23fdc978,2022,4.140000000000001,rush,lightgbm,3.1239998997730427,2021,1
05e08afe-7d4d-5caf-8cbe-6f2682c270d6,2022,7.550000000000001,rush,lightgbm,4.941671453457414,2021,1
070a032d-e19f-5afd-8aa2-5b49d2736619,2022,1.1666666666666667,rush,lightgbm,0.7872220141845419,2021,1
11092b99-31c6-504d-8390-0def87d4a8d5,2022,1.1916666666666667,rush,lightgbm,1.1195116628286719,2021,1
13cf76af-bac9-5c77-8d62-e2301ba490d9,2022,1.73,rush,lightgbm,2.1785861809176637,2021,1
1ac267de-58c9-595e-bac0-858dfda9f6d4,2022,8.954545454545455,rush,lightgbm,6.279770033091553,2021,1
21abb04f-3faa-5349-a5e7-44ae9d017d41,2022,1.7285714285714284,rush,lightgbm,1.2097729857281867,2021,1
2b55d8bd-541c-5cc7-88bf-9d21dd7691ff,2022,0.9000000000000001,rush,lightgbm,1.449606733593384,2021,1
34beb3fa-5005-5be2-b163-32949f96ec1b,2022,2.1454545454545455,rush,lightgbm,2.485294483439219,2021,1
3d9dd7dc-b646-5af6-8a50-cb31a1d2a598,2022,0.925,rush,lightgbm,2.5207464414286394,2021,1
45d0654b-4331-56ce-a016-514e89fc38f1,2022,1.8444444444444446,rush,lightgbm,2.0072482854393283,2021,1
478368e9-1d81-51c1-9521-d705a1d2e055,2022,0.42500000000000004,rush,lightgbm,0.9338085647164807,2021,1
47c508de-ee91-5f11-9d62-8e2f9db32ae1,2022,2.40625,rush,lightgbm,1.9527261407371255,2021,1
5944c982-aadb-5aa6-b8a1-809cc5e6fce1,2022,0.8777777777777778,rush,lightgbm,0.6443647646431618,2021,1
63bb3342-b397-59a1-8e96-925f297382a3,2022,6.35,rush,lightgbm,6.018998115671528,2021,1
6bc52e10-146e-5657-86a7-a18757b656a6,2022,3.8062500000000004,rush,lightgbm,3.5608019666608404,2021,1
805959bf-d59f-504f-abaa-98bcf0481637,2022,3.35,rush,lightgbm,2.5619878695773974,2021,1
88147e8e-3779-500e-b561-1a75ebac4651,2022,1.9111111111111114,rush,lightgbm,3.3489059775276484,2021,1
8d5300d8-e939-50a0-ae30-6124af36ef5b,2022,5.523076923076923,rush,lightgbm,4.90105141861997,2021,1
9253375f-b718-5d18-a6ae-2dfe39cf7cb8,2022,4.279999999999999,rush,lightgbm,2.708010964865402,2021,1
9916d928-6327-5a7f-9ae1-1ec039c6cb21,2022,0.9625,rush,lightgbm,1.4839039295646004,2021,1
9b030c9d-5325-5fdb-a8fa-a79631f2897c,2022,1.48125,rush,lightgbm,0.9708983022156216,2021,1
9d57fdbe-f058-5fa6-af0e-01265f3fe7d0,2022,0.12000000000000002,rush,lightgbm,1.4243021286035678,2021,1
9f08f3c3-af3e-508a-8b15-2cbfa4ad2f03,2022,1.9500000000000002,rush,lightgbm,2.6052585772482195,2021,1
abfaa351-4b53-5eaa-a304-9825243dc5cc,2022,0.5833333333333334,rush,lightgbm,2.1578242432557824,2021,1
b4e9327d-f002-5f05-9a32-9b2fbbcd707f,2022,4.025,rush,lightgbm,3.9059249090079655,2021,1
b4f0261b-58ea-51e6-8342-780b4f31418b,2022,0.43125,rush,lightgbm,1.0477760163422647,2021,1
c346e7f8-fe06-57e2-a5a1-925e5c9e43ee,2022,0.68,rush,lightgbm,1.0093316030382367,2021,1
c63fef1b-16bd-5275-a03e-94cee125aaae,2022,1.3,rush,lightgbm,1.763923132200192,2021,1
ccda7d11-8596-5b2e-b55b-d640a79b3cc5,2022,8.24,rush,lightgbm,5.906795920274542,2021,1
d2153ba6-e2e9-5c06-b349-4e078b8b8f01,2022,3.436363636363636,rush,lightgbm,2.324520726134353,2021,1
dbddf1a9-f4f2-58d9-b145-32dd70ec0394,2022,3.909090909090909,rush,lightgbm,3.2385328683409114,2021,1
dce82837-9b56-5207-babe-53cfac54eb70,2022,3.98,rush,lightgbm,1.7403707109901643,2021,1
e46e7f4f-eda6-527e-b398-d5a52cd3fb47,2022,1.9833333333333334,rush,lightgbm,3.4051358133243967,2021,1
e7e519e5-a3ec-546f-84c7-ac13364c9dde,2022,4.0200000000000005,rush,lightgbm,4.4877299210840755,2021,1
f2c783c7-afa9-5c55-bc99-1d0967346747,2022,11.907142857142857,rush,lightgbm,6.417083289238817,2021,1
f911b2d2-de2b-56cb-8460-37ee3e9e8fdd,2022,0.4,rush,lightgbm,1.2193457628077977,2021,1
f9b1a774-f2ec-541c-870e-a4373e3cc9ca,2022,11.553333333333335,rush,lightgbm,6.074607756010678,2021,1
fee7be21-ff73-5a39-948d-5ea1fc9b885e,2022,2.542857142857143,rush,lightgbm,3.5294376374480625,2021,1
05e08afe-7d4d-5caf-8cbe-6f2682c270d6,2023,5.340000000000001,rush,lightgbm,6.424280764481103,2022,1
11092b99-31c6-504d-8390-0def87d4a8d5,2023,0.8727272727272727,rush,lightgbm,1.4768038593066324,2022,1
13cf76af-bac9-5c77-8d62-e2301ba490d9,2023,0.65,rush,lightgbm,1.3494608105846984,2022,1
1ac267de-58c9-595e-bac0-858dfda9f6d4,2023,7.3812500000000005,rush,lightgbm,6.718775409919374,2022,1
1e3d359a-7008-5ebd-ac11-015d52bf3e12,2023,2.5500000000000003,rush,lightgbm,2.6472530869202737,2022,1
221f2f3d-914f-57ed-915e-e088de1901cb,2023,1.5875,rush,lightgbm,3.0276437823514817,2022,1
23c337f1-377c-5dc2-b5f1-e12efcdf1755,2023,1.5266666666666668,rush,lightgbm,2.730605299511613,2022,1
34beb3fa-5005-5be2-b163-32949f96ec1b,2023,2.3875,rush,lightgbm,2.545332219724051,2022,1
3d9dd7dc-b646-5af6-8a50-cb31a1d2a598,2023,3.369230769230769,rush,lightgbm,2.244769320804227,2022,1
402eabea-209d-5bae-93ea-ad5e22d373d5,2023,3.85,rush,lightgbm,3.0040139062508646,2022,1
45d0654b-4331-56ce-a016-514e89fc38f1,2023,3.8800000000000003,rush,lightgbm,2.217314438899111,2022,1
478368e9-1d81-51c1-9521-d705a1d2e055,2023,1.00625,rush,lightgbm,0.7814135341742904,2022,1
47c508de-ee91-5f11-9d62-8e2f9db32ae1,2023,1.407142857142857,rush,lightgbm,2.3782716083647415,2022,1
5944c982-aadb-5aa6-b8a1-809cc5e6fce1,2023,0.43333333333333335,rush,lightgbm,0.7686062759749526,2022,1
63bb3342-b397-59a1-8e96-925f297382a3,2023,6.014285714285714,rush,lightgbm,6.30102102308393,2022,1
6bc52e10-146e-5657-86a7-a18757b656a6,2023,2.43125,rush,lightgbm,2.9407274435288047,2022,1
79e06226-ecc0-5f69-8a91-109b9e055cde,2023,3.3000000000000003,rush,lightgbm,2.1892696357411565,2022,1
7ff22629-b2b9-58c7-b56d-8eea3366f94e,2023,3.8375000000000004,rush,lightgbm,4.051999890938578,2022,1
805959bf-d59f-504f-abaa-98bcf0481637,2023,3.6733333333333333,rush,lightgbm,3.4646930060952554,2022,1
9b030c9d-5325-5fdb-a8fa-a79631f2897c,2023,0.3125,rush,lightgbm,1.070349548638865,2022,1
abfaa351-4b53-5eaa-a304-9825243dc5cc,2023,0.41875000000000007,rush,lightgbm,1.3042477948959115,2022,1
b2cb3f71-0ccd-58f3-8934-7b675a216972,2023,2.8,rush,lightgbm,1.79067053596096,2022,1
b4e9327d-f002-5f05-9a32-9b2fbbcd707f,2023,4.06,rush,lightgbm,3.794062166916703,2022,1
c3254b64-83c1-515c-a106-e1fe1f2a000a,2023,1.7750000000000001,rush,lightgbm,1.458515900015477,2022,1
c346e7f8-fe06-57e2-a5a1-925e5c9e43ee,2023,0.21250000000000002,rush,lightgbm,0.8264395411233738,2022,1
c63fef1b-16bd-5275-a03e-94cee125aaae,2023,1.4125,rush,lightgbm,2.0517317526609875,2022,1
ccda7d11-8596-5b2e-b55b-d640a79b3cc5,2023,9.41875,rush,lightgbm,6.020626102288634,2022,1
dbddf1a9-f4f2-58d9-b145-32dd70ec0394,2023,1.0999999999999999,rush,lightgbm,3.436331536726886,2022,1
dce82837-9b56-5207-babe-53cfac54eb70,2023,0.8800000000000001,rush,lightgbm,2.4282201570986786,2022,1
df9c20f9-8747-55fa-ae71-b580aa4727ea,2023,6.46923076923077,rush,lightgbm,3.8255660498196553,2022,1
e3640a49-e4df-5e1d-a699-7c70108146cc,2023,2.15,rush,lightgbm,2.607410878044798,2022,1
e46e7f4f-eda6-527e-b398-d5a52cd3fb47,2023,1.8375,rush,lightgbm,2.2015177625639453,2022,1
e7e519e5-a3ec-546f-84c7-ac13364c9dde,2023,4.24,rush,lightgbm,6.284603814096298,2022,1
f2c783c7-afa9-5c55-bc99-1d0967346747,2023,10.31875,rush,lightgbm,6.432584516351474,2022,1
f9b1a774-f2ec-541c-870e-a4373e3cc9ca,2023,7.666666666666667,rush,lightgbm,6.503690395706761,2022,1
fee7be21-ff73-5a39-948d-5ea1fc9b885e,2023,4.85,rush,lightgbm,1.62127211137947,2022,1
05e08afe-7d4d-5caf-8cbe-6f2682c270d6,2024,4.05,rush,lightgbm,7.248216754964535,2023,1
11092b99-31c6-504d-8390-0def87d4a8d5,2024,2.0714285714285716,rush,lightgbm,1.3653586015766657,2023,1
19955737-99cd-505f-88b8-2bdbeb246712,2024,2.9937500000000004,rush,lightgbm,4.6270508099098775,2023,1
1ac267de-58c9-595e-bac0-858dfda9f6d4,2024,7.1375,rush,lightgbm,7.512202404749551,2023,1
1e3d359a-7008-5ebd-ac11-015d52bf3e12,2024,1.45625,rush,lightgbm,2.9635313956830847,2023,1
221f2f3d-914f-57ed-915e-e088de1901cb,2024,1.8888888888888888,rush,lightgbm,1.9865975719465108,2023,1
23c337f1-377c-5dc2-b5f1-e12efcdf1755,2024,4.518181818181818,rush,lightgbm,3.506249253510826,2023,1
259d2b5d-f3b0-5389-a954-5e8bc03a3cb8,2024,0.43333333333333335,rush,lightgbm,0.8890294548556329,2023,1
34beb3fa-5005-5be2-b163-32949f96ec1b,2024,1.55,rush,lightgbm,2.284710638258936,2023,1
3d9dd7dc-b646-5af6-8a50-cb31a1d2a598,2024,2.525,rush,lightgbm,3.1942517434020394,2023,1
478368e9-1d81-51c1-9521-d705a1d2e055,2024,0.35,rush,lightgbm,0.7526461478909157,2023,1
47c508de-ee91-5f11-9d62-8e2f9db32ae1,2024,2.4875000000000003,rush,lightgbm,2.0832886436709117,2023,1
4e03bbdc-d05e-5e4e-9a6b-a8acf3c6430e,2024,4.33,rush,lightgbm,4.924452580903061,2023,1
54ab1d88-12aa-569b-be63-bbf531c9a5ef,2024,8.95,rush,lightgbm,8.028290851070654,2023,1
5944c982-aadb-5aa6-b8a1-809cc5e6fce1,2024,0.25625,rush,lightgbm,0.5282426835471379,2023,1
63bb3342-b397-59a1-8e96-925f297382a3,2024,5.625000000000001,rush,lightgbm,4.918604328357686,2023,1
648a438e-7b9e-5d04-b2aa-9188b13b2542,2024,1.45,rush,lightgbm,1.4852235930712285,2023,1
6bc52e10-146e-5657-86a7-a18757b656a6,2024,2.79375,rush,lightgbm,2.96572643785723,2023,1
79e06226-ecc0-5f69-8a91-109b9e055cde,2024,1.092857142857143,rush,lightgbm,2.6905963999409037,2023,1
7f35b557-87ab-58c8-a8ca-50a990c9e541,2024,6.425,rush,lightgbm,1.03228235008915,2023,1
805959bf-d59f-504f-abaa-98bcf0481637,2024,2.79,rush,lightgbm,4.218295776437858,2023,1
9253375f-b718-5d18-a6ae-2dfe39cf7cb8,2024,1.7000000000000002,rush,lightgbm,1.6733398350710331,2023,1
9916d928-6327-5a7f-9ae1-1ec039c6cb21,2024,0.66875,rush,lightgbm,1.2126223559760043,2023,1
9b030c9d-5325-5fdb-a8fa-a79631f2897c,2024,0.0,rush,lightgbm,0.9534446987133461,2023,1
9d57fdbe-f058-5fa6-af0e-01265f3fe7d0,2024,0.18888888888888888,rush,lightgbm,0.8568878036191074,2023,1
a5efc43f-7911-5ff3-bcc0-def8b7be0172,2024,2.442857142857143,rush,lightgbm,1.40137226951351,2023,1
abfaa351-4b53-5eaa-a304-9825243dc5cc,2024,0.4454545454545455,rush,lightgbm,1.1248824151649455,2023,1
b4e9327d-f002-5f05-9a32-9b2fbbcd707f,2024,3.5888888888888886,rush,lightgbm,3.4822127283383657,2023,1
beb784d7-8af2-5381-873e-2287a37d4f37,2024,2.1571428571428575,rush,lightgbm,1.3868480891291037,2023,1
c3254b64-83c1-515c-a106-e1fe1f2a000a,2024,4.486666666666666,rush,lightgbm,2.326423498839091,2023,1
c346e7f8-fe06-57e2-a5a1-925e5c9e43ee,2024,1.41,rush,lightgbm,0.6860466600925826,2023,1
c63fef1b-16bd-5275-a03e-94cee125aaae,2024,3.25,rush,lightgbm,1.683813497393428,2023,1
ccda7d11-8596-5b2e-b55b-d640a79b3cc5,2024,8.56875,rush,lightgbm,7.534338573111477,2023,1
cd0167c0-d9ce-5180-856c-d26959a81941,2024,4.14375,rush,lightgbm,3.5594404926102783,2023,1
d0e529e4-2d5e-58ec-b87d-1a32b8954539,2024,8.293333333333333,rush,lightgbm,7.465338954580484,2023,1
d2153ba6-e2e9-5c06-b349-4e078b8b8f01,2024,1.0333333333333334,rush,lightgbm,2.667627814830874,2023,1
db0eda74-3c4b-5743-87c4-c93270f4edc1,2024,2.2500000000000004,rush,lightgbm,1.6671322691989594,2023,1
dce82837-9b56-5207-babe-53cfac54eb70,2024,2.1375,rush,lightgbm,2.5638673522679585,2023,1
e3640a49-e4df-5e1d-a699-7c70108146cc,2024,0.5800000000000001,rush,lightgbm,3.0718177639780184,2023,1
e7e519e5-a3ec-546f-84c7-ac13364c9dde,2024,3.1142857142857143,rush,lightgbm,4.00244775379424,2023,1
f2c783c7-afa9-5c55-bc99-1d0967346747,2024,11.207142857142857,rush,lightgbm,7.366840547932447,2023,1
f911b2d2-de2b-56cb-8460-37ee3e9e8fdd,2024,0.68,rush,lightgbm,0.40602029904977294,2023,1
f9b1a774-f2ec-541c-870e-a4373e3cc9ca,2024,9.683333333333332,rush,lightgbm,5.203047811663149,2023,1
05e08afe-7d4d-5caf-8cbe-6f2682c270d6,2025,4.25,rush,lightgbm,6.611820597517602,2024,1
11092b99-31c6-504d-8390-0def87d4a8d5,2025,0.8,rush,lightgbm,2.1897411134255798,2024,1
19955737-99cd-505f-88b8-2bdbeb246712,2025,3.7,rush,lightgbm,4.6851958186380775,2024,1
1ac267de-58c9-595e-bac0-858dfda9f6d4,2025,4.300000000000001,rush,lightgbm,7.130527651543012,2024,1
1e3d359a-7008-5ebd-ac11-015d52bf3e12,2025,1.5999999999999999,rush,lightgbm,2.802634818355331,2024,1
21270a48-2c80-5b91-b05c-ee7bf19df53d,2025,1.5555555555555556,rush,lightgbm,2.738496028567044,2024,1
21abb04f-3faa-5349-a5e7-44ae9d017d41,2025,2.875,rush,lightgbm,1.2366178006073627,2024,1
23c337f1-377c-5dc2-b5f1-e12efcdf1755,2025,2.3800000000000003,rush,lightgbm,3.7301028081807828,2024,1
259d2b5d-f3b0-5389-a954-5e8bc03a3cb8,2025,1.01,rush,lightgbm,0.9836220221509688,2024,1
2e3787a6-b1ba-5d9f-9a61-8f79048010ff,2025,3.244444444444445,rush,lightgbm,4.224650499452877,2024,1
34beb3fa-5005-5be2-b163-32949f96ec1b,2025,1.9875,rush,lightgbm,1.5925286121103428,2024,1
3d9dd7dc-b646-5af6-8a50-cb31a1d2a598,2025,3.9875,rush,lightgbm,2.639086275938205,2024,1
3f84e8f1-fa59-519f-8069-0885da369954,2025,1.6800000000000002,rush,lightgbm,2.5592854740802413,2024,1
444c96a9-dd23-5918-b283-37b9ce8ded40,2025,3.042857142857143,rush,lightgbm,2.588854710332208,2024,1
478368e9-1d81-51c1-9521-d705a1d2e055,2025,0.28125000000000006,rush,lightgbm,0.6493116398802259,2024,1
47c508de-ee91-5f11-9d62-8e2f9db32ae1,2025,0.7266666666666667,rush,lightgbm,2.427035266885565,2024,1
4e03bbdc-d05e-5e4e-9a6b-a8acf3c6430e,2025,4.30625,rush,lightgbm,4.890458298911716,2024,1
5944c982-aadb-5aa6-b8a1-809cc5e6fce1,2025,-0.012499999999999997,rush,lightgbm,0.5968188609433778,2024,1
5ac63d55-0f02-5097-9962-595dcede5e49,2025,2.725,rush,lightgbm,1.635161607148331,2024,1
63bb3342-b397-59a1-8e96-925f297382a3,2025,4.86,rush,lightgbm,5.827242640957739,2024,1
6bc52e10-146e-5657-86a7-a18757b656a6,2025,5.514285714285714,rush,lightgbm,3.201157170440808,2024,1
74a040f9-d7fa-5d7f-b1db-635f481002ea,2025,4.26,rush,lightgbm,2.6518187718964046,2024,1
787ddae6-47c4-5245-84ff-c1d7d67a39a1,2025,1.3625,rush,lightgbm,3.3625384716394997,2024,1
79e06226-ecc0-5f69-8a91-109b9e055cde,2025,1.3714285714285717,rush,lightgbm,2.1128252610809195,2024,1
8d5300d8-e939-50a0-ae30-6124af36ef5b,2025,4.075,rush,lightgbm,2.666753537376501,2024,1
9253375f-b718-5d18-a6ae-2dfe39cf7cb8,2025,0.5375000000000001,rush,lightgbm,2.9394370589285943,2024,1
9916d928-6327-5a7f-9ae1-1ec039c6cb21,2025,0.74,rush,lightgbm,0.9117410210352809,2024,1
9b030c9d-5325-5fdb-a8fa-a79631f2897c,2025,1.0714285714285714,rush,lightgbm,1.041079369878574,2024,1
abfaa351-4b53-5eaa-a304-9825243dc5cc,2025,0.3071428571428572,rush,lightgbm,0.9491106346871416,2024,1
b4e9327d-f002-5f05-9a32-9b2fbbcd707f,2025,6.1125,rush,lightgbm,3.4428269305630756,2024,1
c3254b64-83c1-515c-a106-e1fe1f2a000a,2025,4.2,rush,lightgbm,3.3993634208277963,2024,1
c63fef1b-16bd-5275-a03e-94cee125aaae,2025,2.63125,rush,lightgbm,3.1773985649717784,2024,1
ccda7d11-8596-5b2e-b55b-d640a79b3cc5,2025,9.74375,rush,lightgbm,7.170095400427195,2024,1
cd0167c0-d9ce-5180-856c-d26959a81941,2025,4.10625,rush,lightgbm,4.238639380537469,2024,1
d0e529e4-2d5e-58ec-b87d-1a32b8954539,2025,5.971428571428572,rush,lightgbm,7.719337962240578,2024,1
d2153ba6-e2e9-5c06-b349-4e078b8b8f01,2025,1.9727272727272727,rush,lightgbm,1.0281899065384812,2024,1
db0eda74-3c4b-5743-87c4-c93270f4edc1,2025,2.0875000000000004,rush,lightgbm,3.1613954953875645,2024,1
dce82837-9b56-5207-babe-53cfac54eb70,2025,0.4000000000000001,rush,lightgbm,2.559586880689232,2024,1
ddf55e16-fa43-5d7e-92f4-f41e53fd6fb7,2025,9.863636363636363,rush,lightgbm,3.648933246023526,2024,1
df8422ce-da76-5999-80be-a47aead4fc59,2025,5.044444444444444,rush,lightgbm,3.5394754014979264,2024,1
f2c783c7-afa9-5c55-bc99-1d0967346747,2025,6.13125,rush,lightgbm,7.797736453420315,2024,1
f9b1a774-f2ec-541c-870e-a4373e3cc9ca,2025,7.366666666666666,rush,lightgbm,7.696821500756832,2024,1
